date,time,open,high,low,close,tickvol,vol,spread
2004.05.19,01:43:45,1.320804589055906,1.3684892406902451,1.2833841314440289,1.3254421315100156,100,0,1
2004.05.20,01:43:45,1.2677180641554044,1.3076557571444192,1.2292174128039965,1.2787467519607918,100,0,1
2004.05.21,01:43:45,1.3200921357088367,1.3896760708420641,1.275570151924188,1.3501410300765921,100,0,1
2004.05.22,01:43:45,1.3635983830353366,1.4216399395913122,1.294738561791063,1.3498055902301176,100,0,1
2004.05.23,01:43:45,1.3532069884946192,1.3892422914020568,1.3097448081068115,1.3612669283582863,100,0,1
2004.05.24,01:43:45,1.356918431237916,1.3798856512092108,1.3356058474376689,1.3661730899319184,100,0,1
2004.05.25,01:43:45,1.3328292429018664,1.4096244270731837,1.2811854748911577,1.35924924271103,100,0,1
2004.05.26,01:43:45,1.385947808274309,1.4221299800766387,1.3402148770776328,1.3521724458794178,100,0,1
2004.05.27,01:43:45,1.3889157574936415,1.4668516641507656,1.3476812423550493,1.3962048025649891,100,0,1
2004.05.28,01:43:45,1.3449961092756175,1.3838126136772033,1.2777603628082375,1.3520438151427119,100,0,1
2004.05.29,01:43:45,1.3980615964676635,1.4316878686734777,1.353670739045839,1.4120225613486044,100,0,1
2004.05.30,01:43:45,1.3593145546352154,1.4358251076315343,1.2935455680490098,1.390847233182962,100,0,1
2004.05.31,01:43:45,1.3429243427849291,1.3769552266236258,1.2823120126474423,1.2968136577558482,100,0,1
2004.06.01,01:43:45,1.3823990123763368,1.4370038364128745,1.3035935487365262,1.4213442291181124,100,0,1
2004.06.02,01:43:45,1.5083182546100544,1.536636532377928,1.4491326632190087,1.4951055468522516,100,0,1
2004.06.03,01:43:45,1.4879592005512259,1.5456502457675056,1.4404296926638775,1.5397344658341683,100,0,1
2004.06.04,01:43:45,1.5162294877877098,1.5612919099653804,1.4701330454713066,1.5369467569459931,100,0,1
2004.06.05,01:43:45,1.4984940268838292,1.5427299665333225,1.4553140442859844,1.5016197656177563,100,0,1
2004.06.06,01:43:45,1.52303641410337,1.5813503495269163,1.466227860854343,1.4920452615573543,100,0,1
2004.06.07,01:43:45,1.5769976677627153,1.6451926499719105,1.5463403692836761,1.5909471651391247,100,0,1
2004.06.08,01:43:45,1.509246925109247,1.5875132188242627,1.4733041455758265,1.4899066700218329,100,0,1
2004.06.09,01:43:45,1.4952709717930348,1.559214883444427,1.4467745471115925,1.4515979969734303,100,0,1
2004.06.10,01:43:45,1.4413216156029807,1.4614583450529914,1.4061939499338056,1.437498482941628,100,0,1
2004.06.11,01:43:45,1.382301843309857,1.4455907117289615,1.3023305734872128,1.437245339887912,100,0,1
2004.06.12,01:43:45,1.4263934217515126,1.469855923614832,1.3771044472457432,1.467789494152206,100,0,1
2004.06.13,01:43:45,1.400272874746289,1.4422982938580602,1.3773028014067161,1.4132152450312527,100,0,1
2004.06.14,01:43:45,1.4815133992789842,1.5558130308612825,1.4362439307446504,1.499923957602956,100,0,1
2004.06.15,01:43:45,1.5559228880333749,1.578937921014742,1.493049708933786,1.4943202958060373,100,0,1
2004.06.16,01:43:45,1.535248451594271,1.5837478987185833,1.497852473962502,1.545404361435012,100,0,1
2004.06.17,01:43:45,1.5692929202777575,1.602623145607614,1.5090837440165672,1.5369238187987837,100,0,1
2004.06.18,01:43:45,1.544449208150675,1.5829457704946448,1.48060193787728,1.4927229553794057,100,0,1
2004.06.19,01:43:45,1.5549388335308285,1.6044959524346352,1.4981874937015562,1.5623524493137735,100,0,1
2004.06.20,01:43:45,1.4828294386349616,1.5384157052997676,1.4161270518615756,1.4984328192440919,100,0,1
2004.06.21,01:43:45,1.390527806274966,1.4372599330870244,1.387701926084001,1.4026497256564836,100,0,1
2004.06.22,01:43:45,1.4174420040606672,1.4334618634214344,1.3725712323209112,1.3997794467089333,100,0,1
2004.06.23,01:43:45,1.4593713611275188,1.4964435771244566,1.4523344156261162,1.4707450751128626,100,0,1
2004.06.24,01:43:45,1.441406257575036,1.4998486471407297,1.3640353084052381,1.4694283768349254,100,0,1
2004.06.25,01:43:45,1.4574098334540488,1.4763984659965188,1.3861288895816992,1.402514434111073,100,0,1
2004.06.26,01:43:45,1.4756357196601768,1.5105615685403617,1.4154105967573922,1.4938904561044508,100,0,1
2004.06.27,01:43:45,1.5303764271413134,1.5748916851494776,1.4932575622342437,1.5061309646549315,100,0,1
2004.06.28,01:43:45,1.609149316129121,1.6638727039781673,1.5772300351142567,1.6177096171148704,100,0,1
2004.06.29,01:43:45,1.6413144039090073,1.6950313676437285,1.5590576129019638,1.688188035668995,100,0,1
2004.06.30,01:43:45,1.677050525652724,1.7328784531267132,1.6509274261128095,1.694942676981465,100,0,1
2004.07.01,01:43:45,1.7038118754795188,1.7579540052395988,1.633344060723314,1.738927890601507,100,0,1
2004.07.02,01:43:45,1.7057343628027626,1.770260081749927,1.654488092745347,1.7362073815636638,100,0,1
2004.07.03,01:43:45,1.6136593739833718,1.620203156225444,1.5584353584561317,1.595598983905057,100,0,1
2004.07.04,01:43:45,1.594709066895656,1.6670103327496393,1.5641304272442564,1.6425609020910772,100,0,1
2004.07.05,01:43:45,1.5429317502923436,1.62073508996994,1.5016130484237105,1.5316178156751907,100,0,1
2004.07.06,01:43:45,1.5563158198948446,1.6001851879811992,1.5016678821338973,1.5535937321378908,100,0,1
2004.07.07,01:43:45,1.592750537977758,1.655025689582206,1.5115174320490274,1.5856666139084914,100,0,1
2004.07.08,01:43:45,1.6404138971143394,1.7080250162231894,1.5808564188077416,1.6781731712517163,100,0,1
2004.07.09,01:43:45,1.7095226071437142,1.7415659451834853,1.695325512241783,1.7117747175407136,100,0,1
2004.07.10,01:43:45,1.8251699525753151,1.8612919144707107,1.7547385577183998,1.8257749274992765,100,0,1
2004.07.11,01:43:45,1.8632515346281564,1.940509103561588,1.7894291536875542,1.814948050550908,100,0,1
2004.07.12,01:43:45,1.868488509435065,1.894792727060279,1.8023063558375163,1.8379018171715373,100,0,1
2004.07.13,01:43:45,1.8031754052547806,1.8490129934538877,1.756822495624573,1.8250652840163801,100,0,1
2004.07.14,01:43:45,1.7986725835511321,1.8274417407864534,1.7788968645475782,1.7939706688015256,100,0,1
2004.07.15,01:43:45,1.8682397798429473,1.9167429867753427,1.8326366821653703,1.8871379147037182,100,0,1
2004.07.16,01:43:45,1.8098147388677512,1.8772458800113523,1.7692934389879469,1.8338660995098286,100,0,1
2004.07.17,01:43:45,1.8483791060378338,1.908809520702054,1.8188505376468889,1.8783842552326642,100,0,1
2004.07.18,01:43:45,1.8812369764033645,1.950548941855029,1.864956228098308,1.8714444603256204,100,0,1
2004.07.19,01:43:45,1.8523876803783286,1.9230482865245722,1.793584900114589,1.8780917929270267,100,0,1
2004.07.20,01:43:45,1.882603431391102,1.9331394811392013,1.8203384592719476,1.8795285707038294,100,0,1
2004.07.21,01:43:45,1.9064342707647737,1.9736966846045598,1.857816449550801,1.9033978853976796,100,0,1
2004.07.22,01:43:45,2.0149240104098003,2.0612742977871226,1.9536333711915885,2.028266808851899,100,0,1
2004.07.23,01:43:45,2.0435396590232022,2.117969305689625,2.0008748417153583,2.102681854451421,100,0,1
2004.07.24,01:43:45,2.048334964955493,2.1039580192543066,1.9906462463112375,2.0706117567068927,100,0,1
2004.07.25,01:43:45,2.087678161124212,2.112206442640606,2.046270983472759,2.0865676425972257,100,0,1
2004.07.26,01:43:45,2.109972850032104,2.1466727166193698,2.0734648666746924,2.1281645425707167,100,0,1
2004.07.27,01:43:45,2.228297853500909,2.3094411975249547,2.1525268198150083,2.2115664570513625,100,0,1
2004.07.28,01:43:45,2.220044573346711,2.2681508523720044,2.163489463103934,2.2544335757885814,100,0,1
2004.07.29,01:43:45,2.256783570962186,2.3076744075031583,2.171640377021704,2.2062424425785117,100,0,1
2004.07.30,01:43:45,2.13378790778147,2.186655313441771,2.057447031794209,2.143597636219972,100,0,1
2004.07.31,01:43:45,2.0792140830087416,2.1183494348345238,2.016751676586362,2.0261838575923163,100,0,1
2004.08.01,01:43:45,2.00214030104031,2.0363439140731407,1.9524739379963658,2.0166883782222116,100,0,1
2004.08.02,01:43:45,2.0244211668175462,2.0766015992198605,1.950793359852576,2.0702498156740137,100,0,1
2004.08.03,01:43:45,1.9796088254070572,2.032283516037516,1.9147459336171033,1.9686752852318623,100,0,1
2004.08.04,01:43:45,1.9092255310858695,1.9522383861289427,1.846494379035599,1.9355828397131758,100,0,1
2004.08.05,01:43:45,1.9400849998464713,2.0007545478105637,1.8909722374752196,1.9100864807138016,100,0,1
2004.08.06,01:43:45,1.823701800849873,1.9229531428889195,1.7903998929647065,1.9020568792334775,100,0,1
2004.08.07,01:43:45,1.8604097437344045,1.899887376702563,1.8226260623848085,1.8852458975975344,100,0,1
2004.08.08,01:43:45,1.9057535955763503,1.952625951311629,1.8531305262099376,1.9438815428278784,100,0,1
2004.08.09,01:43:45,1.9650324360242915,2.0021099644628775,1.9125154389947663,1.9991937198225151,100,0,1
2004.08.10,01:43:45,2.0029074450669824,2.0646752326977467,1.9318064224683407,1.9900045942274722,100,0,1
2004.08.11,01:43:45,1.9719692863436638,2.04582182802461,1.9156650173524654,2.014716784147065,100,0,1
2004.08.12,01:43:45,1.97665473361938,2.044660297124371,1.9104586727866266,1.9174927498417742,100,0,1
2004.08.13,01:43:45,2.074438814887129,2.133800261560798,2.044240937958733,2.052795739557512,100,0,1
2004.08.14,01:43:45,2.058580085092619,2.1064340480544947,2.0371223888668633,2.0780432780676388,100,0,1
2004.08.15,01:43:45,2.030430677353827,2.072968674213253,1.9752580913149436,2.0041153508229277,100,0,1
2004.08.16,01:43:45,2.023830267059639,2.0746855100093793,1.9516506679974475,1.9677521889957466,100,0,1
2004.08.17,01:43:45,2.085685879472907,2.1186102134997915,2.037097883064048,2.055895603751817,100,0,1
2004.08.18,01:43:45,2.103075479956196,2.1314724455524856,2.0789716369531073,2.0932361708993974,100,0,1
2004.08.19,01:43:45,2.0842649343773676,2.1456718637671353,2.052459992152527,2.127519321348036,100,0,1
2004.08.20,01:43:45,2.0810305071595017,2.1217093650745906,2.0269425412125153,2.057832337132518,100,0,1
2004.08.21,01:43:45,2.1065597971029786,2.166966720767188,2.0289832904256797,2.05033805585462,100,0,1
2004.08.22,01:43:45,2.103025722341609,2.1755448132970363,2.098873156805713,2.1561095121283333,100,0,1
2004.08.23,01:43:45,2.0109008751484896,2.0212683014625243,1.9405314253440613,2.0001895133780905,100,0,1
2004.08.24,01:43:45,2.0210760145281963,2.0806511551017275,1.9827044767148745,2.024544996484547,100,0,1
2004.08.25,01:43:45,1.9603739252177634,2.0179200300394133,1.9114915143344777,1.9543692004351005,100,0,1
2004.08.26,01:43:45,1.895309826966066,1.9388379234386612,1.8253740811091426,1.9021212730591677,100,0,1
2004.08.27,01:43:45,1.9638089799178708,2.015132690014068,1.915233867293959,1.9840329840446516,100,0,1
2004.08.28,01:43:45,2.02029612841018,2.043039955691638,1.9751323334421167,2.0406397417936017,100,0,1
2004.08.29,01:43:45,2.009209660930886,2.044313732029769,1.9893518687663978,2.0130826615672186,100,0,1
2004.08.30,01:43:45,1.982138214011822,2.0723120996625406,1.9485381556514203,1.9530076491010049,100,0,1
2004.08.31,01:43:45,1.8716686871335175,1.9052719320117917,1.8134911087956636,1.8949144912278548,100,0,1
2004.09.01,01:43:45,1.8371969780537283,1.8663042316153022,1.7952558192615191,1.8610321755071113,100,0,1
2004.09.02,01:43:45,1.9378109639450742,2.011390667198442,1.8905705052975987,1.9620217693436883,100,0,1
2004.09.03,01:43:45,1.8743381066508675,1.8938028027955194,1.854379105637541,1.8770847469321041,100,0,1
2004.09.04,01:43:45,1.8813288297995185,1.9223190293124546,1.7952991714044961,1.9209031766364792,100,0,1
2004.09.05,01:43:45,1.8970293838152503,1.928229375697015,1.848955980725097,1.8530620600444816,100,0,1
2004.09.06,01:43:45,1.854774097523274,1.8788890195767394,1.8124355294404868,1.8690186879140163,100,0,1
2004.09.07,01:43:45,1.864346926608146,1.918245706705643,1.8265224544907546,1.89805633743033,100,0,1
2004.09.08,01:43:45,1.8471461995511034,1.8682366576789333,1.7853210382206555,1.7875966625851576,100,0,1
2004.09.09,01:43:45,1.857574515673875,1.876091000624158,1.8066789414272528,1.872231627058503,100,0,1
2004.09.10,01:43:45,1.9192793452599601,2.001449318555119,1.8488493405456143,1.9517743490118933,100,0,1
2004.09.11,01:43:45,1.8687534831691144,1.9034509547542668,1.8365194902909268,1.843172626086558,100,0,1
2004.09.12,01:43:45,1.9162172080637279,1.970899773115582,1.886623379403483,1.9410468301386548,100,0,1
2004.09.13,01:43:45,2.0053093857698463,2.060629698323288,1.9422054193010476,2.0427965376260304,100,0,1
2004.09.14,01:43:45,1.9890867093394993,2.057762652238593,1.949919473425389,1.990517751240434,100,0,1
2004.09.15,01:43:45,1.9776444649708977,2.0014928262133966,1.9043434937408987,1.981161675055595,100,0,1
2004.09.16,01:43:45,1.9161606968958969,1.9816139181233,1.8443251250331443,1.866168920765341,100,0,1
2004.09.17,01:43:45,1.894525211137656,1.9193788221889743,1.8598491629002711,1.897565488900903,100,0,1
2004.09.18,01:43:45,1.9244142489406306,1.9759168882399554,1.8724004947860986,1.958359650678354,100,0,1
2004.09.19,01:43:45,1.882029055155695,1.9600131834946637,1.8378476621868383,1.9505544688467114,100,0,1
2004.09.20,01:43:45,1.8652515058288917,1.9109222019623746,1.8203264349077406,1.8204488968972672,100,0,1
2004.09.21,01:43:45,1.8679259603277982,1.9406576832828386,1.8097037996533303,1.902425044766464,100,0,1
2004.09.22,01:43:45,1.8240211383976652,1.88893493833873,1.7621306330434359,1.7843920470178425,100,0,1
2004.09.23,01:43:45,1.761562911312675,1.8565881263190502,1.6867563863067967,1.7927890089974758,100,0,1
2004.09.24,01:43:45,1.8071490527331353,1.8623638012931503,1.7530138180509345,1.795454844768327,100,0,1
2004.09.25,01:43:45,1.7698784111632409,1.7940830898721238,1.7165417612164862,1.7432601534591836,100,0,1
2004.09.26,01:43:45,1.762220645548448,1.8213018887957775,1.7088596245633958,1.7351767350824288,100,0,1
2004.09.27,01:43:45,1.7757886664301004,1.8345531110716156,1.74867628720901,1.810328196723436,100,0,1
2004.09.28,01:43:45,1.8113103454794568,1.8830617049768363,1.7801717207944043,1.8131016795439203,100,0,1
2004.09.29,01:43:45,1.8108334548715865,1.89817092818427,1.8007210419193558,1.8821011500242748,100,0,1
2004.09.30,01:43:45,1.7262738330957976,1.7860838730891606,1.6636190851306656,1.6846112836022957,100,0,1
2004.10.01,01:43:45,1.7556165711684202,1.7854861931405936,1.6864389232769519,1.7495459623254908,100,0,1
2004.10.02,01:43:45,1.693868319111174,1.7226037722283052,1.6128520497820145,1.6825498253590827,100,0,1
2004.10.03,01:43:45,1.679121741379458,1.7649809458247636,1.6276100004928096,1.6977255084647445,100,0,1
2004.10.04,01:43:45,1.6744861456759785,1.7410230295264504,1.6174954073195482,1.707781829995795,100,0,1
2004.10.05,01:43:45,1.5724916340973478,1.5856165966158338,1.5265955985766244,1.5465045267982682,100,0,1
2004.10.06,01:43:45,1.5653111767120385,1.5894036379791543,1.4832476668853607,1.5393813985109202,100,0,1
2004.10.07,01:43:45,1.585665773601262,1.6887279579890404,1.5717698814486336,1.638830862464056,100,0,1
2004.10.08,01:43:45,1.5775804990703794,1.6322076726315984,1.5199362724410563,1.5199805440189227,100,0,1
2004.10.09,01:43:45,1.5284743832908794,1.555916972429348,1.4817663315566838,1.530050486153718,100,0,1
2004.10.10,01:43:45,1.5452213898135938,1.5777989121615679,1.494411491158583,1.5422204032236912,100,0,1
2004.10.11,01:43:45,1.591909212028275,1.6088697847610045,1.5264393564712466,1.552148200323289,100,0,1
2004.10.12,01:43:45,1.6390060634183874,1.698220333497364,1.6038108930815584,1.6283279200041585,100,0,1
2004.10.13,01:43:45,1.6220062879692745,1.6583760643973267,1.5573294162760951,1.5978265427258582,100,0,1
2004.10.14,01:43:45,1.602300003535606,1.6241693244138962,1.5492584206377098,1.563704482957813,100,0,1
2004.10.15,01:43:45,1.5998901051470265,1.6831893674930387,1.538619539790434,1.67214578819324,100,0,1
2004.10.16,01:43:45,1.5749092797237536,1.58495761813757,1.5148736788545405,1.5195234838462193,100,0,1
2004.10.17,01:43:45,1.609733064426338,1.6785952217062425,1.585719420182926,1.6654756478189157,100,0,1
2004.10.18,01:43:45,1.6626709643169761,1.7383393927382333,1.5918235800492886,1.6836245301301545,100,0,1
2004.10.19,01:43:45,1.669820606726538,1.6906114575128732,1.617178263982367,1.685711485247654,100,0,1
2004.10.20,01:43:45,1.6537069211234336,1.7098224789499417,1.6013899065088377,1.6716003377005837,100,0,1
2004.10.21,01:43:45,1.565850535386004,1.639029225187174,1.5253816630747967,1.5306553993911598,100,0,1
2004.10.22,01:43:45,1.6271247323370122,1.7004482343718061,1.5553903649317478,1.6188200284590533,100,0,1
2004.10.23,01:43:45,1.5616411414205844,1.59511228856515,1.5271236371409838,1.5853464441465692,100,0,1
2004.10.24,01:43:45,1.6896597376676563,1.7488199441587626,1.6630297157591876,1.7094354018314557,100,0,1
2004.10.25,01:43:45,1.698198647405546,1.7180872134063936,1.6412804283855076,1.654729568361144,100,0,1
2004.10.26,01:43:45,1.5630998164157304,1.5661169469927516,1.4885730723788009,1.5258939583334683,100,0,1
2004.10.27,01:43:45,1.445393446001485,1.5247546653931647,1.3823239791733555,1.4430720551329999,100,0,1
2004.10.28,01:43:45,1.534245536776218,1.5558709900114234,1.4873993091881588,1.4988140184319554,100,0,1
2004.10.29,01:43:45,1.5038104134233667,1.5822745364261377,1.4568319092545619,1.5193439925179624,100,0,1
2004.10.30,01:43:45,1.4707703612567418,1.5113246601649553,1.4161268518319712,1.4638335225292292,100,0,1
2004.10.31,01:43:45,1.5059592824002865,1.5641189564631226,1.4957322943321787,1.5191716791518208,100,0,1
2004.11.01,01:43:45,1.5235931272580223,1.5371744285420175,1.4809200732261814,1.5167383918765704,100,0,1
2004.11.02,01:43:45,1.5970227318573016,1.6621833609032355,1.5334968899214585,1.5567250426429748,100,0,1
2004.11.03,01:43:45,1.6254539722981833,1.6701653536983296,1.5644793047442394,1.6105917855554817,100,0,1
2004.11.04,01:43:45,1.640826821313434,1.7242429957755423,1.561179190096793,1.674206239970309,100,0,1
2004.11.05,01:43:45,1.668483345323646,1.7080559899912315,1.604968666963356,1.6883843675310102,100,0,1
2004.11.06,01:43:45,1.735269795141757,1.7907576189859609,1.7270692919471602,1.77005285851161,100,0,1
2004.11.07,01:43:45,1.779669474804647,1.8558618224909618,1.731475322947774,1.7338442774939653,100,0,1
2004.11.08,01:43:45,1.805083942707527,1.8591231105863308,1.7991668983638425,1.8470485357698248,100,0,1
2004.11.09,01:43:45,1.8361572346050823,1.8674257147759241,1.790462808724231,1.8377453102276584,100,0,1
2004.11.10,01:43:45,1.8246905963185993,1.8650686113324895,1.7653450705185474,1.843253911628148,100,0,1
2004.11.11,01:43:45,1.8086046813924985,1.8558624470244125,1.776501443185885,1.8244146303654085,100,0,1
2004.11.12,01:43:45,1.8456201088023965,1.8831035034998813,1.777777411446482,1.8513823307273296,100,0,1
2004.11.13,01:43:45,1.8033945754223524,1.8905035850769665,1.770534304074699,1.7832943522624447,100,0,1
2004.11.14,01:43:45,1.7344684711868164,1.775629463156564,1.6590262772193314,1.6635832333711382,100,0,1
2004.11.15,01:43:45,1.7802114307905232,1.8269955974218715,1.7202196799442135,1.7336975292441372,100,0,1
2004.11.16,01:43:45,1.7842989729523953,1.8422555145076838,1.7481084913520724,1.830602429905851,100,0,1
2004.11.17,01:43:45,1.8429837134819593,1.902615035023753,1.7804155135336177,1.7902021837792932,100,0,1
2004.11.18,01:43:45,1.873930468787204,1.9509405055272337,1.8206337799918568,1.8550427264168747,100,0,1
2004.11.19,01:43:45,1.8888849723546426,1.920203720599936,1.8530588330612192,1.8675384207884804,100,0,1
2004.11.20,01:43:45,1.9478296431129718,2.0057480220170705,1.8906316485233496,1.9484751307641646,100,0,1
2004.11.21,01:43:45,1.9006266088714632,1.9301678732033936,1.8467516001705717,1.897746621386756,100,0,1
2004.11.22,01:43:45,1.8310315217925484,1.8685981564579488,1.793906212762577,1.8667576947889406,100,0,1
2004.11.23,01:43:45,1.808634974452475,1.852792839747527,1.7531289264492387,1.7630007750097039,100,0,1
2004.11.24,01:43:45,1.7698108380804773,1.8064442777114125,1.7066439970628653,1.7551947634275267,100,0,1
2004.11.25,01:43:45,1.7628376803677654,1.7893534320063187,1.7145962571771145,1.7660147239454427,100,0,1
2004.11.26,01:43:45,1.7695000703101467,1.83171866915342,1.6787604066976545,1.7356210857009757,100,0,1
2004.11.27,01:43:45,1.7878959572472797,1.8150709142771513,1.7401185089086875,1.7684600447876657,100,0,1
2004.11.28,01:43:45,1.8710303211077197,1.933084519478731,1.8561355426060386,1.8923300885689212,100,0,1
2004.11.29,01:43:45,1.818401913300911,1.893049573766978,1.781663033497017,1.8328224999807503,100,0,1
2004.11.30,01:43:45,1.7802154052224657,1.832447034607682,1.7346863692564478,1.7780043179684457,100,0,1
2004.12.01,01:43:45,1.6884680353541304,1.728824828428472,1.6504687309879191,1.674849970377357,100,0,1
2004.12.02,01:43:45,1.6793835755108137,1.6962170304199142,1.6315623137823345,1.668357931157795,100,0,1
2004.12.03,01:43:45,1.7142136588393575,1.7636998342379515,1.669063084914834,1.7254356316339492,100,0,1
2004.12.04,01:43:45,1.7166132218423578,1.7283212150888911,1.6686225191288455,1.7050016342346697,100,0,1
2004.12.05,01:43:45,1.6731011966840914,1.7220685735332646,1.6240449981167806,1.6861543957439922,100,0,1
2004.12.06,01:43:45,1.7258305434621188,1.792803632143423,1.6770500623034506,1.7332045249558938,100,0,1
2004.12.07,01:43:45,1.7082902544019196,1.755986167021893,1.6770209029662178,1.7237425740039005,100,0,1
2004.12.08,01:43:45,1.7352987229279808,1.7750735571818597,1.701059089631329,1.7670956921181336,100,0,1
2004.12.09,01:43:45,1.7448639401486823,1.8136592907786901,1.679150070896361,1.6966263768806924,100,0,1
2004.12.10,01:43:45,1.7403604743755456,1.7477287716307954,1.6686360078457962,1.6699403421637047,100,0,1
2004.12.11,01:43:45,1.7692120932270345,1.7779938462954084,1.7512499057218327,1.7696787027805019,100,0,1
2004.12.12,01:43:45,1.798218393202362,1.8564349293291185,1.7527267249663538,1.8262663874663179,100,0,1
2004.12.13,01:43:45,1.7904980050748278,1.8418419868931524,1.7339305493379422,1.7371038156764413,100,0,1
2004.12.14,01:43:45,1.803757636049322,1.8305238198153235,1.7473570774823701,1.7544488048359914,100,0,1
2004.12.15,01:43:45,1.87733066132173,1.9491360133421023,1.8317867450760652,1.8513693990032654,100,0,1
2004.12.16,01:43:45,1.9192415897834059,1.9709209202399418,1.858624090966352,1.923029075914691,100,0,1
2004.12.17,01:43:45,1.8794185439279574,1.8922115954391345,1.816278972123435,1.8392494720875852,100,0,1
2004.12.18,01:43:45,1.8299108057096682,1.8717572024826012,1.7919493731813971,1.8506897065649692,100,0,1
2004.12.19,01:43:45,1.8102369162731233,1.8477288139853763,1.738447213633136,1.8217348887066456,100,0,1
2004.12.20,01:43:45,1.7372318244286435,1.7911790157407474,1.6935083185814193,1.7060096332113606,100,0,1
2004.12.21,01:43:45,1.8006322195693891,1.8380788123577216,1.748479606003997,1.826729623573617,100,0,1
2004.12.22,01:43:45,1.8126698656850238,1.8895036919721688,1.7564138328689691,1.8858450393329456,100,0,1
2004.12.23,01:43:45,1.8653470138654895,1.8977922410680366,1.8270243348226176,1.8519633481066065,100,0,1
2004.12.24,01:43:45,1.872405493697917,1.933924360964525,1.8275808539997236,1.8354922310983195,100,0,1
2004.12.25,01:43:45,1.9078244817033743,1.9919982934499636,1.8335757780019952,1.8786717332243648,100,0,1
2004.12.26,01:43:45,1.9824382951145136,2.0470850323156977,1.941282573540818,2.0355455040905963,100,0,1
2004.12.27,01:43:45,1.9888796911477744,2.03041871173402,1.921412006383494,1.9980997400638059,100,0,1
2004.12.28,01:43:45,1.906980077991264,2.008747710140109,1.8675541507613453,1.8716617302061824,100,0,1
2004.12.29,01:43:45,1.923933890960781,2.006177735945971,1.86815505226342,1.9138556548848629,100,0,1
2004.12.30,01:43:45,1.9963409138203028,2.0479236709258712,1.9405232964917918,1.9936083143853383,100,0,1
2004.12.31,01:43:45,1.9936237310669331,2.0439729504214963,1.9361063749820877,2.0031224654140916,100,0,1
2005.01.01,01:43:45,2.0142277627092295,2.0935836857651577,1.9449221139634427,1.9817290937433485,100,0,1
2005.01.02,01:43:45,1.9581470565788925,1.9809798229635263,1.930594141614185,1.937433574461492,100,0,1
2005.01.03,01:43:45,1.9671710321008486,2.026803003089718,1.9322305490434357,2.0262363001329082,100,0,1
2005.01.04,01:43:45,2.0106331244325766,2.040675255966301,1.9642289269179114,2.009096051440335,100,0,1
2005.01.05,01:43:45,2.036305854839706,2.0894271968801776,1.975864651125725,1.9961241232082192,100,0,1
2005.01.06,01:43:45,1.994048012745772,2.03302433693706,1.9413129660059876,2.032443486778665,100,0,1
2005.01.07,01:43:45,1.9544041520183217,2.0037545267359844,1.8630285438664982,1.8745637820048815,100,0,1
2005.01.08,01:43:45,1.9432713376935045,1.9843313828122353,1.9107692388678674,1.9317969848317522,100,0,1
2005.01.09,01:43:45,1.9856962997183065,2.058155678684204,1.976017521018773,1.9998690020787981,100,0,1
2005.01.10,01:43:45,1.9412009207893117,1.998734694180479,1.88641132419352,1.9483066921028795,100,0,1
2005.01.11,01:43:45,2.0004752295713994,2.0314297342230705,1.9359410287032233,1.9524184815710008,100,0,1
2005.01.12,01:43:45,1.9495269412198983,2.002391468969503,1.8941519401782916,1.9426160813602251,100,0,1
2005.01.13,01:43:45,1.9900678489181924,2.004400939533873,1.947480800133284,1.9808474044579096,100,0,1
2005.01.14,01:43:45,1.9800968690939345,2.047963663388167,1.9601345151359484,1.97963681278157,100,0,1
2005.01.15,01:43:45,1.9053956653935902,1.9462967463644594,1.8539201914101149,1.8570036359690179,100,0,1
2005.01.16,01:43:45,1.85044359623019,1.8872600635059347,1.7949985155898567,1.819003666660305,100,0,1
2005.01.17,01:43:45,1.8186563830956715,1.8504443777625275,1.768772883105405,1.781790461850944,100,0,1
2005.01.18,01:43:45,1.7403772039547045,1.7755753682408248,1.7152627689216051,1.7363044305028925,100,0,1
2005.01.19,01:43:45,1.8073506877520045,1.858450716772294,1.7678513106453357,1.81527211678197,100,0,1
2005.01.20,01:43:45,1.8073794294295615,1.8578516720681488,1.7568406155848797,1.8549722169703804,100,0,1
2005.01.21,01:43:45,1.723953010073999,1.7756991888915588,1.6746879701767994,1.7197203178864435,100,0,1
2005.01.22,01:43:45,1.7327224360985474,1.75441579581429,1.7056674246201478,1.73910950983742,100,0,1
2005.01.23,01:43:45,1.8072561542418781,1.8250780926413792,1.7629188299102088,1.808131703911378,100,0,1
2005.01.24,01:43:45,1.801356011583488,1.8406812344255437,1.7346653114047044,1.7539042019230409,100,0,1
2005.01.25,01:43:45,1.7610281029045491,1.820763433876867,1.7391432389806332,1.7540190649997631,100,0,1
2005.01.26,01:43:45,1.751579648757596,1.8002393226154874,1.716329360360195,1.7529423984011827,100,0,1
2005.01.27,01:43:45,1.7548532037739042,1.8068507094405355,1.688365490943167,1.7813539326696708,100,0,1
2005.01.28,01:43:45,1.7183482534213024,1.7573970146451774,1.6672492012408977,1.753531549237958,100,0,1
2005.01.29,01:43:45,1.7287237743616095,1.7831341217260828,1.6095443279381239,1.7801210727256953,100,0,1
2005.01.30,01:43:45,1.7439416968779802,1.7797647541376302,1.6688322454586322,1.7493536441864326,100,0,1
2005.01.31,01:43:45,1.673445472661332,1.7286122039796867,1.6209893384985228,1.7009138409642057,100,0,1
2005.02.01,01:43:45,1.7200724377406011,1.7885261200270146,1.680963492185345,1.7632715676257262,100,0,1
2005.02.02,01:43:45,1.7338123991149972,1.809681192726187,1.6509366948577386,1.7364471297944264,100,0,1
2005.02.03,01:43:45,1.923907655500025,1.9762412059835093,1.8534769948781775,1.9323156283993488,100,0,1
2005.02.04,01:43:45,2.0048197520819597,2.0613635512579296,1.996599500067044,2.056665553508747,100,0,1
2005.02.05,01:43:45,1.9616720718626761,2.0304675796834344,1.9158445348649364,1.9561352925919786,100,0,1
2005.02.06,01:43:45,1.975115334709177,2.007995855184724,1.9079489560155383,1.9447437866569182,100,0,1
2005.02.07,01:43:45,2.0654650935832946,2.1136399146067184,2.0044856777541185,2.0328481947723414,100,0,1
2005.02.08,01:43:45,1.9872503896215192,2.0514321931172357,1.9048688835660197,1.9652377224767228,100,0,1
2005.02.09,01:43:45,2.0273564341672734,2.056185557898975,1.9982258381522846,2.0122125515385996,100,0,1
2005.02.10,01:43:45,2.0194915634268087,2.05105747018781,1.9681917815450836,2.025138441451712,100,0,1
2005.02.11,01:43:45,1.9538995156858647,2.0241671126624468,1.911401787641925,1.9712127737572929,100,0,1
2005.02.12,01:43:45,1.9669959622845132,2.01468470736302,1.8840995381996315,1.9382421873979698,100,0,1
2005.02.13,01:43:45,2.014402450255397,2.023393602759502,1.9468695237550422,1.9821767448023713,100,0,1
2005.02.14,01:43:45,1.9838886931752564,2.0285380392108863,1.931080470526549,1.9794621745459244,100,0,1
2005.02.15,01:43:45,2.06541055124145,2.1081366327831796,2.0336553664127606,2.0343629625579474,100,0,1
2005.02.16,01:43:45,2.0522838414178586,2.130120864787622,1.9631437831378067,2.090619267092021,100,0,1
2005.02.17,01:43:45,2.117971263572452,2.160549040046524,2.1124697845921188,2.1315566932207988,100,0,1
2005.02.18,01:43:45,2.2210052746907736,2.2723863306054346,2.180863334937308,2.2459461771956004,100,0,1
2005.02.19,01:43:45,2.237347801989751,2.3295012663070813,2.205379270048038,2.221877489892514,100,0,1
2005.02.20,01:43:45,2.2628889613318814,2.3046514573403436,2.192689325435219,2.234004696199336,100,0,1
2005.02.21,01:43:45,2.297617652824343,2.336629087906225,2.288593946049976,2.2930711356984226,100,0,1
2005.02.22,01:43:45,2.3109765046660784,2.339848645536575,2.225618051807051,2.2515652025183703,100,0,1
2005.02.23,01:43:45,2.2901356474061547,2.3552249598096413,2.2525111013428303,2.3021299017395953,100,0,1
2005.02.24,01:43:45,2.199061597112121,2.2477656141478475,2.1887908322634027,2.243369784861251,100,0,1
2005.02.25,01:43:45,2.1944750892173657,2.2727253482304244,2.151267281809786,2.2411938554008835,100,0,1
2005.02.26,01:43:45,2.242818835936238,2.2720613603134314,2.146726440413646,2.1583323187395793,100,0,1
2005.02.27,01:43:45,2.249810400382479,2.2690650452514203,2.180090639871264,2.193645663892969,100,0,1
2005.02.28,01:43:45,2.322142188751335,2.3293260305789127,2.2597639511700005,2.329286055428335,100,0,1
2005.03.01,01:43:45,2.305698503071773,2.3769877940510606,2.247083546948784,2.3615614339889097,100,0,1
2005.03.02,01:43:45,2.386523407880369,2.4068821124878914,2.3336719543605002,2.342965523185533,100,0,1
2005.03.03,01:43:45,2.445796910169717,2.5201170784282962,2.364873081314332,2.46439092197658,100,0,1
2005.03.04,01:43:45,2.378387482439102,2.406265029714604,2.3284541617369157,2.3318053727715453,100,0,1
2005.03.05,01:43:45,2.410354865108008,2.471170125954525,2.3412679101882796,2.4419191621145755,100,0,1
2005.03.06,01:43:45,2.4501694356678576,2.5034344293273123,2.376307340388773,2.482659032372598,100,0,1
2005.03.07,01:43:45,2.404471159885539,2.468405893363293,2.3493468859273214,2.4193848786983723,100,0,1
2005.03.08,01:43:45,2.298922459184438,2.3305154333189098,2.2130268573490346,2.3206594283638156,100,0,1
2005.03.09,01:43:45,2.340893619485278,2.4118847401045964,2.2874622475808017,2.3582007157789837,100,0,1
2005.03.10,01:43:45,2.3702644569636186,2.403429924882464,2.3106725678493314,2.3256619648086145,100,0,1
2005.03.11,01:43:45,2.3199413903910457,2.3740680596411066,2.241398873096581,2.363532897923206,100,0,1
2005.03.12,01:43:45,2.277582189864727,2.3172927255562015,2.228327277770342,2.2536939997525822,100,0,1
2005.03.13,01:43:45,2.2841737553228985,2.3581854713570336,2.2268218649848146,2.2860224464057164,100,0,1
2005.03.14,01:43:45,2.2746685895432353,2.300197086846069,2.2311048932590007,2.2967332055262872,100,0,1
2005.03.15,01:43:45,2.2020846495594895,2.266137029644335,2.1498143993015515,2.2584015052855064,100,0,1
2005.03.16,01:43:45,2.328897378328884,2.3739766716808193,2.2658653734344685,2.2827189028291395,100,0,1
2005.03.17,01:43:45,2.3968443667707873,2.4359384914928675,2.327040850268378,2.350219033964571,100,0,1
2005.03.18,01:43:45,2.3438878631514024,2.3976908352459834,2.2820966894154378,2.332903629981075,100,0,1
2005.03.19,01:43:45,2.361284336365738,2.3995730278860568,2.3305852499542037,2.361484786280191,100,0,1
2005.03.20,01:43:45,2.364129018422869,2.38833922551702,2.3265088186225626,2.342096554767384,100,0,1
2005.03.21,01:43:45,2.4150043218202693,2.4578335977074737,2.346643279173947,2.4279795553483807,100,0,1
2005.03.22,01:43:45,2.3859860490498557,2.4167522714816907,2.3520958489977914,2.3750385837339483,100,0,1
2005.03.23,01:43:45,2.3919478341059035,2.4590938819971107,2.32776046047289,2.4521254929145324,100,0,1
2005.03.24,01:43:45,2.440600978727925,2.521541900723054,2.3513430218280598,2.371732203020209,100,0,1
2005.03.25,01:43:45,2.534561287639794,2.5598047267286383,2.484626877048041,2.5293136705559918,100,0,1
2005.03.26,01:43:45,2.5533557710813963,2.5994401209084947,2.526657129344293,2.556702471011135,100,0,1
2005.03.27,01:43:45,2.485860299253554,2.565860206355191,2.4359908355958875,2.4559634812245257,100,0,1
2005.03.28,01:43:45,2.455185641852317,2.4674708299644403,2.4153251805141274,2.422084413363104,100,0,1
2005.03.29,01:43:45,2.4644481626400485,2.4880172448500915,2.412780010433307,2.439674038599289,100,0,1
2005.03.30,01:43:45,2.5000514713196016,2.5385282435172143,2.416625711612935,2.50791234463093,100,0,1
2005.03.31,01:43:45,2.454747056503565,2.4978612929676833,2.387912216374401,2.469046398820154,100,0,1
2005.04.01,01:43:45,2.452312595129477,2.5122182000846234,2.41640051571959,2.423775553194779,100,0,1
2005.04.02,01:43:45,2.4623342309170995,2.491410066774644,2.3842072241999803,2.4486015855127503,100,0,1
2005.04.03,01:43:45,2.477424123081148,2.559452224291102,2.4288680638142757,2.4456228740980093,100,0,1
2005.04.04,01:43:45,2.3895143842004924,2.4305294789457603,2.354863930262264,2.3553010960545264,100,0,1
2005.04.05,01:43:45,2.4078105812051867,2.4903054803798623,2.361823970284731,2.478862093231183,100,0,1
2005.04.06,01:43:45,2.326046526928198,2.3505798501472612,2.2990990793723225,2.31595864687761,100,0,1
2005.04.07,01:43:45,2.3094754346378474,2.3696412717656377,2.238238301194908,2.350007131168337,100,0,1
2005.04.08,01:43:45,2.3223282643268535,2.393791160204593,2.232472231592344,2.3246885264227686,100,0,1
2005.04.09,01:43:45,2.3212156995607165,2.364220482901544,2.285966908506626,2.318654731741018,100,0,1
2005.04.10,01:43:45,2.3820716728958358,2.4129833942735432,2.3251783091976956,2.343078872948319,100,0,1
2005.04.11,01:43:45,2.3095769460038085,2.3486245913250925,2.224915896862716,2.298900720651955,100,0,1
2005.04.12,01:43:45,2.399747452880641,2.421244648461192,2.3440122520183073,2.34957839319804,100,0,1
2005.04.13,01:43:45,2.494060681798492,2.5193449477993486,2.4418324747374904,2.5086080876323846,100,0,1
2005.04.14,01:43:45,2.4440305569518954,2.480888838095549,2.3653461116148153,2.444855756431201,100,0,1
2005.04.15,01:43:45,2.4308450208044117,2.4824909300407096,2.395679573087351,2.4190330112863716,100,0,1
2005.04.16,01:43:45,2.501647855878817,2.558007340770971,2.4569406968085223,2.4700172699980567,100,0,1
2005.04.17,01:43:45,2.484039016372152,2.52993087399083,2.3857939949741915,2.4452697912826933,100,0,1
2005.04.18,01:43:45,2.4247830393271936,2.430759196642894,2.4065488648271844,2.4139340409937575,100,0,1
2005.04.19,01:43:45,2.421276229780369,2.440190863414306,2.3492134785472936,2.4244817440184154,100,0,1
2005.04.20,01:43:45,2.454426657629038,2.4915339750112855,2.4220945172045987,2.454149426084775,100,0,1
2005.04.21,01:43:45,2.366988736317121,2.418423568091116,2.2962864717180898,2.3609242373957935,100,0,1
2005.04.22,01:43:45,2.3436207043951094,2.39187425385811,2.316266705528792,2.368928440683285,100,0,1
2005.04.23,01:43:45,2.316339391934508,2.379108810066696,2.2822603674516335,2.3337069330881377,100,0,1
2005.04.24,01:43:45,2.299801484114365,2.3422681804634546,2.210289315974537,2.2694494701912706,100,0,1
2005.04.25,01:43:45,2.3292999042539426,2.413457367582781,2.290711613674939,2.398210029349884,100,0,1
2005.04.26,01:43:45,2.2085043208771853,2.2484758396113014,2.1677766775692495,2.2243583159674984,100,0,1
2005.04.27,01:43:45,2.2562232656670034,2.343354015522385,2.188914731156316,2.2707783537786166,100,0,1
2005.04.28,01:43:45,2.3540702462208962,2.3730492966150023,2.3402761946529167,2.349734180621918,100,0,1
2005.04.29,01:43:45,2.3529724533552527,2.4094992825314514,2.3044745735717678,2.360210805989854,100,0,1
2005.04.30,01:43:45,2.354231325375318,2.413683392831183,2.3133008443899885,2.348382337101795,100,0,1
2005.05.01,01:43:45,2.341977192259944,2.3919821772070793,2.2795521273921406,2.3654634952434437,100,0,1
2005.05.02,01:43:45,2.4151319400566407,2.4358955892475973,2.3681498021953864,2.4224356863881003,100,0,1
2005.05.03,01:43:45,2.4409370710082428,2.5146698112343775,2.378998167851159,2.459882027507884,100,0,1
2005.05.04,01:43:45,2.476507613166741,2.566027337678704,2.4062118362455354,2.469641218847413,100,0,1
2005.05.05,01:43:45,2.499801922856098,2.557252824003191,2.449337425340239,2.465889126703608,100,0,1
2005.05.06,01:43:45,2.551270582096326,2.609289424532534,2.486019055687776,2.568344199575031,100,0,1
2005.05.07,01:43:45,2.597509001144825,2.6592026349993922,2.524114837376968,2.6035335727213567,100,0,1
2005.05.08,01:43:45,2.6500534711266206,2.7117729821893155,2.5930735901718207,2.63871423460854,100,0,1
2005.05.09,01:43:45,2.693055907614156,2.7547899000797815,2.638270721641755,2.6613909339475503,100,0,1
2005.05.10,01:43:45,2.7081369429492925,2.7705137005537037,2.668523122554599,2.7550914839156317,100,0,1
2005.05.11,01:43:45,2.7914737765848776,2.8467053666126776,2.729054316832416,2.7614790827124565,100,0,1
2005.05.12,01:43:45,2.777718324712098,2.8054739674665865,2.733032911252056,2.7480191606321367,100,0,1
2005.05.13,01:43:45,2.7635981790906685,2.806728894147433,2.7242632024321916,2.787174093041899,100,0,1
2005.05.14,01:43:45,2.7438665404172697,2.7780830109149064,2.7024992182904817,2.7453192444933148,100,0,1
2005.05.15,01:43:45,2.7707665456139305,2.8361479772458105,2.7204719117465124,2.803190181776768,100,0,1
2005.05.16,01:43:45,2.709609986043542,2.7942050125682716,2.697676037869595,2.762264019547456,100,0,1
2005.05.17,01:43:45,2.8142229649657864,2.8272650654138953,2.744757454283488,2.8177803323278696,100,0,1
2005.05.18,01:43:45,2.798412733548943,2.8532601434474327,2.7514269126350666,2.7698722884045193,100,0,1
2005.05.19,01:43:45,2.781044349834266,2.8715479135084614,2.7541375594558106,2.764965298632453,100,0,1
2005.05.20,01:43:45,2.743818507620006,2.793373081741961,2.69199998229257,2.7661560505445584,100,0,1
2005.05.21,01:43:45,2.7633356246100353,2.801110111740554,2.718914652786316,2.721234833461795,100,0,1
2005.05.22,01:43:45,2.714912106492269,2.775887903200518,2.690221988629417,2.7479152989846973,100,0,1
2005.05.23,01:43:45,2.6432653236391817,2.699660291227025,2.574655676820782,2.6496223234679213,100,0,1
2005.05.24,01:43:45,2.567240598993945,2.5888255479633804,2.5015180219304582,2.5287037196301614,100,0,1
2005.05.25,01:43:45,2.51668786840839,2.5916691280696442,2.476536778224824,2.5195231626488526,100,0,1
2005.05.26,01:43:45,2.5974060116974185,2.6805384175222695,2.520888204982306,2.665685770909132,100,0,1
2005.05.27,01:43:45,2.56507648534214,2.6474251757080243,2.5115348146733827,2.5381087988899336,100,0,1
2005.05.28,01:43:45,2.619605612947015,2.6612177145166247,2.5774443927518096,2.6353032077297036,100,0,1
2005.05.29,01:43:45,2.57227485707254,2.6454620466397167,2.522247367872238,2.6158454347028184,100,0,1
2005.05.30,01:43:45,2.5346111306539094,2.543742321231852,2.464758964835313,2.516385818142446,100,0,1
2005.05.31,01:43:45,2.544520689329437,2.591991279735782,2.484622094072834,2.5001389284690405,100,0,1
2005.06.01,01:43:45,2.477521642580987,2.5396817601751516,2.441808215127814,2.484037229013034,100,0,1
2005.06.02,01:43:45,2.505261796490362,2.5696557336922834,2.4849278669582673,2.499610892440269,100,0,1
2005.06.03,01:43:45,2.4400231418727594,2.5148243441748352,2.3715930597200043,2.409373068806664,100,0,1
2005.06.04,01:43:45,2.449595243478553,2.5075405372895263,2.391736089509938,2.437959481250365,100,0,1
2005.06.05,01:43:45,2.4502261113066,2.5287157144158297,2.41907963682807,2.4283571587320685,100,0,1
2005.06.06,01:43:45,2.472689303854679,2.5442214406310817,2.4341724567906216,2.4752990692761485,100,0,1
2005.06.07,01:43:45,2.442502880385832,2.4926989628107976,2.385996289775783,2.417060517292344,100,0,1
2005.06.08,01:43:45,2.4409623913672016,2.483804709151107,2.366960006308934,2.394918184172421,100,0,1
2005.06.09,01:43:45,2.4969819057838696,2.532438377391995,2.4641663733149506,2.505029493914302,100,0,1
2005.06.10,01:43:45,2.401222419754663,2.4644279114813856,2.3560853580506875,2.393600335232138,100,0,1
2005.06.11,01:43:45,2.457617335189691,2.5201667541115893,2.3821684571593256,2.446728140636551,100,0,1
2005.06.12,01:43:45,2.5239332154897327,2.5534466463530148,2.490491186297884,2.502970572976646,100,0,1
2005.06.13,01:43:45,2.5122839460177593,2.566574120758489,2.454316974190275,2.469586578466887,100,0,1
2005.06.14,01:43:45,2.51952448603056,2.5726803434573164,2.487542619407539,2.5454496486209033,100,0,1
2005.06.15,01:43:45,2.5012615339088864,2.5470755319706746,2.4647774349793723,2.543475653917514,100,0,1
2005.06.16,01:43:45,2.5125930847321607,2.5704332613577963,2.4756950078132998,2.5557502318830454,100,0,1
2005.06.17,01:43:45,2.6050369770630124,2.6684266837646096,2.5719432696044917,2.6416843937368095,100,0,1
2005.06.18,01:43:45,2.62766445593422,2.6700589509603003,2.566993062662981,2.6678009154616813,100,0,1
2005.06.19,01:43:45,2.6889505584750713,2.7653189618644873,2.619690852885387,2.6714443749008314,100,0,1
2005.06.20,01:43:45,2.666522958469224,2.7068293222262994,2.6176934447123,2.659405220305878,100,0,1
2005.06.21,01:43:45,2.6221585200084503,2.6679415810620966,2.563071045340977,2.576379640471433,100,0,1
2005.06.22,01:43:45,2.639359906223193,2.68900444344169,2.622186182386907,2.640429623614317,100,0,1
2005.06.23,01:43:45,2.6021753614350693,2.670301328938304,2.5515798696580982,2.6337181632014595,100,0,1
2005.06.24,01:43:45,2.7036431833677206,2.75186400571374,2.63505377496583,2.713294037449458,100,0,1
2005.06.25,01:43:45,2.6661211938492504,2.6930849049456156,2.613314051650568,2.6383998721901962,100,0,1
2005.06.26,01:43:45,2.7243947620300664,2.8026568695834855,2.6832759326279705,2.799763945201501,100,0,1
2005.06.27,01:43:45,2.6655443689664606,2.726705361530062,2.6044412770016456,2.683407796609804,100,0,1
2005.06.28,01:43:45,2.6267531474490946,2.687001087897429,2.587239232215,2.669300771192574,100,0,1
2005.06.29,01:43:45,2.6088549971016115,2.6840774127727003,2.553107231260174,2.588918604777977,100,0,1
2005.06.30,01:43:45,2.445396324128839,2.4957740799847525,2.420983858209559,2.440559802000645,100,0,1
2005.07.01,01:43:45,2.4450292207912163,2.5001420817571773,2.3841288898919775,2.392681508919188,100,0,1
2005.07.02,01:43:45,2.378353558797973,2.434803197382962,2.3204319456661167,2.427576603962263,100,0,1
2005.07.03,01:43:45,2.259150079727052,2.3282866638131274,2.2078313064497577,2.281851665742534,100,0,1
2005.07.04,01:43:45,2.279385218438492,2.348759316589595,2.2361352122385707,2.3363301331562623,100,0,1
2005.07.05,01:43:45,2.2274045963157962,2.2913681383050064,2.1816804974717185,2.2131901349402834,100,0,1
2005.07.06,01:43:45,2.236667061079948,2.2831513127930654,2.167674603736424,2.1731424747199837,100,0,1
2005.07.07,01:43:45,2.161727211634425,2.1949145552706604,2.139045454159354,2.159870159864229,100,0,1
2005.07.08,01:43:45,2.095903568539969,2.118818831825146,2.0424510116225063,2.0961253026831836,100,0,1
2005.07.09,01:43:45,2.0731314578118223,2.1081095228320046,2.0356167116160355,2.0640254707192414,100,0,1
2005.07.10,01:43:45,2.059639024058149,2.111320150294366,2.0135194164828163,2.050157411572744,100,0,1
2005.07.11,01:43:45,2.0257193648775407,2.0806819711157494,1.9601884864494845,2.0282419567133356,100,0,1
2005.07.12,01:43:45,1.9817878028046971,2.042175688689935,1.9199981815136813,1.9475746539174343,100,0,1
2005.07.13,01:43:45,2.024974004149828,2.072752300350623,1.9592362004060517,1.9685572335946626,100,0,1
2005.07.14,01:43:45,2.0628903233805964,2.1137440652417303,1.9988169595619494,2.0889288319159687,100,0,1
2005.07.15,01:43:45,2.109494059582925,2.163035834039397,2.074445267151133,2.1594814529269954,100,0,1
2005.07.16,01:43:45,2.1948431245706246,2.251831689650985,2.183793849534874,2.2385994178247457,100,0,1
2005.07.17,01:43:45,2.202462925137679,2.252335493125595,2.161619929853952,2.211124603696995,100,0,1
2005.07.18,01:43:45,2.095372307754589,2.1526578487999646,2.0474858267686624,2.0616205912668493,100,0,1
2005.07.19,01:43:45,2.127574043998433,2.186806052909892,2.0707515291893333,2.1350616274581293,100,0,1
2005.07.20,01:43:45,2.211404911013957,2.2742040478996377,2.17004974304658,2.2694209484335515,100,0,1
2005.07.21,01:43:45,2.2209512857969713,2.288393174183923,2.144650064634671,2.2156799188558884,100,0,1
2005.07.22,01:43:45,2.2143360344596994,2.2975791612589744,2.15017065076876,2.252971715300318,100,0,1
2005.07.23,01:43:45,2.2560773650539696,2.272826366548583,2.25003325445677,2.26921545918523,100,0,1
2005.07.24,01:43:45,2.3208418780337183,2.3596537977501604,2.265583343812063,2.3513727890412954,100,0,1
2005.07.25,01:43:45,2.2858873813749097,2.3706367458426327,2.241759015170929,2.301228781680185,100,0,1
2005.07.26,01:43:45,2.3146029789218616,2.353850047605112,2.2585951948816145,2.2607562369408534,100,0,1
2005.07.27,01:43:45,2.330397104519877,2.3578542830378635,2.303062193959472,2.3450733351250777,100,0,1
2005.07.28,01:43:45,2.2706583999950913,2.360030247838972,2.1977100686617046,2.221880482551056,100,0,1
2005.07.29,01:43:45,2.302069921724304,2.3866608593261045,2.222281229984579,2.254932508752075,100,0,1
2005.07.30,01:43:45,2.356025412901213,2.392442391687563,2.2424562118169584,2.2727301698188747,100,0,1
2005.07.31,01:43:45,2.360190609300808,2.435768795870612,2.3064500812239417,2.3440870693982236,100,0,1
2005.08.01,01:43:45,2.3245475168378387,2.3485096458458226,2.2642089264578766,2.288687403692595,100,0,1
2005.08.02,01:43:45,2.344177042014118,2.4078867246890794,2.2639075584937527,2.3757290448022292,100,0,1
2005.08.03,01:43:45,2.319786225607233,2.3881940219787374,2.2934043259150196,2.3526132792658796,100,0,1
2005.08.04,01:43:45,2.2247381679328844,2.2897796008359577,2.161408747814665,2.1987905731654314,100,0,1
2005.08.05,01:43:45,2.2425213494578893,2.305540863086272,2.1693189680551597,2.295958737096386,100,0,1
2005.08.06,01:43:45,2.3218654632076876,2.3632269580158316,2.2753346331039634,2.3570974271378695,100,0,1
2005.08.07,01:43:45,2.3005743011690414,2.3400015516168513,2.252394528988934,2.292399497582901,100,0,1
2005.08.08,01:43:45,2.2410114407719,2.2698675740591927,2.1745531556013145,2.2407486732153634,100,0,1
2005.08.09,01:43:45,2.1910623012360295,2.255672637758683,2.1354287837828667,2.226750686430929,100,0,1
2005.08.10,01:43:45,2.2113794274538168,2.2539658908272866,2.1604038974816797,2.216441890114485,100,0,1
2005.08.11,01:43:45,2.203964838546533,2.224770602233724,2.1872143643324082,2.215993217323096,100,0,1
2005.08.12,01:43:45,2.2949467835380837,2.3647281366246466,2.252059177484356,2.294597142331341,100,0,1
2005.08.13,01:43:45,2.270299951467469,2.320070874743139,2.22889823737781,2.3073956615769946,100,0,1
2005.08.14,01:43:45,2.3624991759745746,2.3894767424013836,2.31074436466654,2.3212725983294162,100,0,1
2005.08.15,01:43:45,2.334236435838462,2.390957284905915,2.30012906690254,2.335646433667189,100,0,1
2005.08.16,01:43:45,2.444396722416318,2.513329247372774,2.368919237765517,2.4762459633626883,100,0,1
2005.08.17,01:43:45,2.4333540973717063,2.4882426732122753,2.3641381922997797,2.462389151980504,100,0,1
2005.08.18,01:43:45,2.4902848995180693,2.574165210206144,2.4421949686330597,2.477277620462235,100,0,1
2005.08.19,01:43:45,2.451186264894479,2.4932939792906725,2.374088883851763,2.4806310603299466,100,0,1
2005.08.20,01:43:45,2.442875543875608,2.4730750995029958,2.3681322925786947,2.4591446357276774,100,0,1
2005.08.21,01:43:45,2.4362945682076647,2.469810527692742,2.37449615328889,2.4580145794243733,100,0,1
2005.08.22,01:43:45,2.4074131254007307,2.449151737928878,2.3698328594387608,2.3984686744771775,100,0,1
2005.08.23,01:43:45,2.4123917128289607,2.4588771497643815,2.40354462489474,2.4488269313193265,100,0,1
2005.08.24,01:43:45,2.401335469173356,2.480547549496612,2.3525015609792086,2.4015551627910425,100,0,1
2005.08.25,01:43:45,2.377358928610692,2.4048115457793844,2.331890907440679,2.37265521185813,100,0,1
2005.08.26,01:43:45,2.3635649000069043,2.421910836649391,2.3159575166633912,2.3662239987938665,100,0,1
2005.08.27,01:43:45,2.4255605594297376,2.463274930301935,2.3859644546168113,2.4557289969600493,100,0,1
2005.08.28,01:43:45,2.3875163527847585,2.421850352820401,2.332692484497437,2.376724223096361,100,0,1
2005.08.29,01:43:45,2.460697522967059,2.4995700555397,2.420581761858471,2.4858896427397683,100,0,1
2005.08.30,01:43:45,2.437639502338106,2.508929629508876,2.3800292441299895,2.495100757795463,100,0,1
2005.08.31,01:43:45,2.41825154066027,2.4622234222383375,2.385417546599215,2.4026658522517983,100,0,1
2005.09.01,01:43:45,2.2680468828886307,2.334068024047301,2.1901676074371292,2.275607838228963,100,0,1
2005.09.02,01:43:45,2.261210816632185,2.272496380891739,2.1923103906137005,2.2438147941315014,100,0,1
2005.09.03,01:43:45,2.231111051115899,2.2854266922019963,2.163855069657603,2.2066366840323712,100,0,1
2005.09.04,01:43:45,2.2104435651962757,2.2213273232176682,2.1687961998263856,2.2108380824630705,100,0,1
2005.09.05,01:43:45,2.1067198317610103,2.1427948107532564,2.06174415141689,2.086312593151201,100,0,1
2005.09.06,01:43:45,2.0594942061864785,2.084982813293281,2.0174128606218376,2.0789441717826382,100,0,1
2005.09.07,01:43:45,2.050967758767128,2.106297714777286,2.0133596637047084,2.0584139880878727,100,0,1
2005.09.08,01:43:45,2.0020014313953745,2.0061560220519308,1.9488325915787863,1.9753482800606028,100,0,1
2005.09.09,01:43:45,2.0077244683320794,2.026004844971495,1.9787976186875185,2.0035058712967833,100,0,1
2005.09.10,01:43:45,1.9457562851308137,1.9821203884712595,1.9286034166438237,1.972796796481832,100,0,1
2005.09.11,01:43:45,1.9450704671936005,1.9984686210289233,1.8857454804642826,1.9264275846506915,100,0,1
2005.09.12,01:43:45,2.0239057471300486,2.0722143787321015,2.001849165163009,2.0529287730601755,100,0,1
2005.09.13,01:43:45,2.0365294298108774,2.044984696916566,1.9574975985432952,1.973364268407838,100,0,1
2005.09.14,01:43:45,2.065489190562055,2.1168073104251213,2.0454867566321115,2.100728489702904,100,0,1
2005.09.15,01:43:45,2.0671824380760455,2.1246543979137837,2.0230700314225563,2.086920436402572,100,0,1
2005.09.16,01:43:45,2.0984044924227376,2.1654442052799445,2.020145617020054,2.0669413297519528,100,0,1
2005.09.17,01:43:45,2.0571198241212167,2.093598894216966,1.9823224585338706,2.0372539477560037,100,0,1
2005.09.18,01:43:45,2.04502090864404,2.0778946611720537,2.033401557909278,2.068164356007999,100,0,1
2005.09.19,01:43:45,1.9642752588127563,1.9823301781694642,1.9125575469838103,1.9667242586490463,100,0,1
2005.09.20,01:43:45,1.8988638810563063,1.9460547524327423,1.8557338927784892,1.8657426127836418,100,0,1
2005.09.21,01:43:45,1.8603418928890527,1.8892009671769676,1.8232536715689591,1.889024515587101,100,0,1
2005.09.22,01:43:45,1.8860046243824484,1.938300560891943,1.8524869405067597,1.9058521988790418,100,0,1
2005.09.23,01:43:45,1.8877403978262242,1.9335340089934132,1.8476911842154182,1.8820499043506247,100,0,1
2005.09.24,01:43:45,1.7807476795734127,1.8232319113902768,1.733220973865543,1.7839381232772378,100,0,1
2005.09.25,01:43:45,1.8034999304302728,1.8578423237017225,1.765502773827766,1.7811312405776585,100,0,1
2005.09.26,01:43:45,1.7535058671459356,1.7648569185264151,1.675328943696695,1.762761742452089,100,0,1
2005.09.27,01:43:45,1.8211878278385678,1.8478399454947363,1.7857045252457795,1.8080148032404804,100,0,1
2005.09.28,01:43:45,1.8060431891402475,1.8299877646270524,1.7456958199701529,1.7632501514310983,100,0,1
2005.09.29,01:43:45,1.83303320988551,1.8414503608142083,1.7963023240354434,1.8061421247800724,100,0,1
2005.09.30,01:43:45,1.8392212166622006,1.8787791998432062,1.8007612697617839,1.8033809305360566,100,0,1
2005.10.01,01:43:45,1.8461335854080199,1.9283632402723685,1.7945818151778825,1.8265831440579101,100,0,1
2005.10.02,01:43:45,1.9067514937565107,1.9547247625233886,1.8903388669227632,1.9533183562420287,100,0,1
2005.10.03,01:43:45,1.9490641627156113,2.018329422294781,1.9362356872189448,1.9879506994536427,100,0,1
2005.10.04,01:43:45,1.8968329185776847,1.9419216895860916,1.8391864311198654,1.8538662901804732,100,0,1
2005.10.05,01:43:45,1.762770035937087,1.8183363913829387,1.703372720905891,1.7593864773953503,100,0,1
2005.10.06,01:43:45,1.8609323697899618,1.8821006937642353,1.8089482863228263,1.846851596929129,100,0,1
2005.10.07,01:43:45,1.8753007813028204,1.9165487918583255,1.8752897294398216,1.8860299569769476,100,0,1
2005.10.08,01:43:45,1.867244951109964,1.908838398614061,1.8217433623465755,1.8809029441467207,100,0,1
2005.10.09,01:43:45,1.809505031358769,1.876070580837801,1.738845259428298,1.8133908009365143,100,0,1
2005.10.10,01:43:45,1.8258073033246611,1.8779625678213614,1.7748190769368726,1.84350186862599,100,0,1
2005.10.11,01:43:45,1.810701138456432,1.8552351565188048,1.8061986241844292,1.8203906484044263,100,0,1
2005.10.12,01:43:45,1.7522355395520435,1.7965398807440947,1.6993443350381168,1.7635993742373273,100,0,1
2005.10.13,01:43:45,1.6717049889010644,1.7316471537725453,1.629964945497624,1.6444184825440087,100,0,1
2005.10.14,01:43:45,1.6309050648757029,1.6823499335524592,1.570031364727285,1.5923131703815776,100,0,1
2005.10.15,01:43:45,1.5975487497212788,1.648853668826126,1.5416206979617972,1.6004635923180144,100,0,1
2005.10.16,01:43:45,1.6075357171647404,1.6169922983529381,1.560160315993787,1.6157167806685675,100,0,1
2005.10.17,01:43:45,1.569208567045869,1.6233514457629785,1.5253862888019647,1.5520547065825767,100,0,1
2005.10.18,01:43:45,1.599464608873913,1.65483541863606,1.5331664426581655,1.5929357491847387,100,0,1
2005.10.19,01:43:45,1.6147632887325203,1.663096117469243,1.536784681150094,1.5960715330834756,100,0,1
2005.10.20,01:43:45,1.5332512083267638,1.5743002758451967,1.456642289686302,1.5041303829160175,100,0,1
2005.10.21,01:43:45,1.5976478306744897,1.6317327928148457,1.525210656372518,1.6274973326932207,100,0,1
2005.10.22,01:43:45,1.5734255290749297,1.5957381745854997,1.5349540031231368,1.5801184256101213,100,0,1
2005.10.23,01:43:45,1.5343454268414873,1.5669487257831682,1.4820708362715223,1.5546558678554725,100,0,1
2005.10.24,01:43:45,1.4948655782927656,1.5546460713557582,1.4476477354257116,1.5287688515031632,100,0,1
2005.10.25,01:43:45,1.5017891174306819,1.5361154566820463,1.4355967986151466,1.4574272637504642,100,0,1
2005.10.26,01:43:45,1.456278498512321,1.5071216184686038,1.4160839328780772,1.4299613594703466,100,0,1
2005.10.27,01:43:45,1.4891274057927293,1.5331557092886228,1.4384870162242145,1.49159242290366,100,0,1
2005.10.28,01:43:45,1.4536862988413135,1.4893510654023858,1.390473147985019,1.4704972456377656,100,0,1
2005.10.29,01:43:45,1.479079493741271,1.547833237747092,1.4231282101156402,1.4311780485382737,100,0,1
2005.10.30,01:43:45,1.3979936543916691,1.4157404362746369,1.3116710718686342,1.3641631345503307,100,0,1
2005.10.31,01:43:45,1.4368136953158575,1.4765641874405664,1.3618102985545948,1.3667452114943353,100,0,1
2005.11.01,01:43:45,1.5110397064420273,1.5796941612274902,1.4718998285372376,1.4856390950838894,100,0,1
2005.11.02,01:43:45,1.5699537224948068,1.6057319984794831,1.522776664954573,1.5455551432543166,100,0,1
2005.11.03,01:43:45,1.6306467152837385,1.6793967869990323,1.5792699332093254,1.6718531017234217,100,0,1
2005.11.04,01:43:45,1.6107671731868916,1.6291325961110816,1.5442346129911824,1.5500526749241712,100,0,1
2005.11.05,01:43:45,1.636911223721058,1.6658433483724557,1.5627108601456174,1.6063261394616497,100,0,1
2005.11.06,01:43:45,1.5982594216027597,1.6513843745370904,1.5685394238589552,1.6329995300497562,100,0,1
2005.11.07,01:43:45,1.5712288420971154,1.5941390315473336,1.511654393071019,1.5841080002824925,100,0,1
2005.11.08,01:43:45,1.5924191577268025,1.6440227173187383,1.5480076805296432,1.5575676728687329,100,0,1
2005.11.09,01:43:45,1.5758265925048127,1.6263747662591097,1.5212858450324453,1.5300192123080316,100,0,1
2005.11.10,01:43:45,1.5474518348883186,1.5935982200748786,1.5365007254619332,1.5862556829199297,100,0,1
2005.11.11,01:43:45,1.5074770425625565,1.596761830103648,1.4752463075531048,1.4883757481047317,100,0,1
2005.11.12,01:43:45,1.504077238641532,1.5873683209811251,1.4644111065383716,1.4705397987043645,100,0,1
2005.11.13,01:43:45,1.4962103368727264,1.5493447652455394,1.4073893340755574,1.4111578485173524,100,0,1
2005.11.14,01:43:45,1.4886685321687072,1.5061675321725758,1.407385614494819,1.419052634504524,100,0,1
2005.11.15,01:43:45,1.444446362113911,1.46671666256096,1.4031258987746946,1.4239374035814973,100,0,1
2005.11.16,01:43:45,1.40802140031773,1.4904319284066074,1.3773764931528483,1.3789320819161417,100,0,1
2005.11.17,01:43:45,1.3722840421823281,1.42978366771339,1.3448327893154108,1.4268332533282115,100,0,1
2005.11.18,01:43:45,1.3288344292587757,1.382679952161282,1.268700705543357,1.3583504829645183,100,0,1
2005.11.19,01:43:45,1.2815114283682763,1.3197547433108663,1.2411124496747878,1.2835252311441676,100,0,1
2005.11.20,01:43:45,1.226327846295667,1.2543631477920258,1.1654182115093261,1.2436551701564342,100,0,1
2005.11.21,01:43:45,1.2231537413450673,1.2710157672631253,1.1584310437197611,1.2400767412083624,100,0,1
2005.11.22,01:43:45,1.2141162937817263,1.23572889000401,1.1375203745129578,1.147756485034194,100,0,1
2005.11.23,01:43:45,1.238882641578645,1.276987975013821,1.1963489507354412,1.2005741877414435,100,0,1
2005.11.24,01:43:45,1.2564102202036453,1.2818809705272993,1.212532091649022,1.2563925819061976,100,0,1
2005.11.25,01:43:45,1.2603695092853024,1.3191849671829696,1.217373975619768,1.2702595332657125,100,0,1
2005.11.26,01:43:45,1.1991712955603222,1.2726734575706655,1.1839386458070216,1.2309287902159467,100,0,1
2005.11.27,01:43:45,1.2498650402089302,1.3045471625997338,1.219696948419023,1.225286080287867,100,0,1
2005.11.28,01:43:45,1.2315449852379698,1.2998553161217716,1.1691316044295523,1.2576040556524182,100,0,1
2005.11.29,01:43:45,1.2048372463203372,1.2784175851674195,1.1093306939204046,1.180941265758741,100,0,1
2005.11.30,01:43:45,1.2930521322197799,1.3464648999546467,1.2154328652603423,1.2787110863829818,100,0,1
2005.12.01,01:43:45,1.2630138381205867,1.327770694485468,1.1934321620773378,1.267416664191487,100,0,1
2005.12.02,01:43:45,1.2082101840630193,1.2191663492506548,1.1556069368962234,1.1635195298593137,100,0,1
2005.12.03,01:43:45,1.2373460067983113,1.2515841898977025,1.1822617415441103,1.2239260592717058,100,0,1
2005.12.04,01:43:45,1.278360735864078,1.3547444678270724,1.2198349953806853,1.3111251604023262,100,0,1
2005.12.05,01:43:45,1.359480444019192,1.4063834305721596,1.3029857930867152,1.3869036896727271,100,0,1
2005.12.06,01:43:45,1.4624228733498743,1.4968678992573028,1.4016344956472602,1.4649208768439963,100,0,1
2005.12.07,01:43:45,1.4516192477063043,1.5063801391565583,1.3633531872846416,1.4716120073258965,100,0,1
2005.12.08,01:43:45,1.3495885053208134,1.4129279902616214,1.3096826717062255,1.4014387215290287,100,0,1
2005.12.09,01:43:45,1.3636297619892626,1.4088621638457515,1.3432419854096467,1.3476987429557847,100,0,1
2005.12.10,01:43:45,1.3099536285203968,1.3699360598586159,1.2554500398942172,1.2995222671937026,100,0,1
2005.12.11,01:43:45,1.3732200433839161,1.4660612052353013,1.340344023717753,1.3600091575824143,100,0,1
2005.12.12,01:43:45,1.3595091344037344,1.4038010603703206,1.3343385519631865,1.370937984374683,100,0,1
2005.12.13,01:43:45,1.3481722940065137,1.3754802266030315,1.2793485464601324,1.2840442326914472,100,0,1
2005.12.14,01:43:45,1.302305312811392,1.3555409334423103,1.2452972844352888,1.2763988356844198,100,0,1
2005.12.15,01:43:45,1.4019422962643349,1.4831747562176925,1.3679703308028206,1.4717447189449344,100,0,1
2005.12.16,01:43:45,1.3837154275285675,1.4412606013643317,1.3214703703520583,1.3880692397725283,100,0,1
2005.12.17,01:43:45,1.2794666599256381,1.3446486511798983,1.2042368295267145,1.3330607618021457,100,0,1
2005.12.18,01:43:45,1.2983370662672193,1.3301978354759418,1.2648749624730655,1.3125564003603065,100,0,1
2005.12.19,01:43:45,1.2500953800874548,1.285823230424804,1.1693672801366326,1.2816491586426546,100,0,1
2005.12.20,01:43:45,1.2737082668948814,1.310583621475078,1.2195048358244511,1.2617030862239609,100,0,1
2005.12.21,01:43:45,1.186201299240165,1.2335203106998256,1.152116248723001,1.1707894491756499,100,0,1
2005.12.22,01:43:45,1.1537928094367247,1.2005058222158178,1.1272965409686082,1.1279910285344006,100,0,1
2005.12.23,01:43:45,1.19868298912395,1.2573976511446696,1.1578216571735827,1.1921877742972846,100,0,1
2005.12.24,01:43:45,1.1580613175627503,1.2085957093022417,1.100673785971497,1.2077758346290086,100,0,1
2005.12.25,01:43:45,1.1600608638794245,1.2183817452538777,1.1060555116538127,1.1463843114657082,100,0,1
2005.12.26,01:43:45,1.1072860896873356,1.1729355108114836,1.0808262987922872,1.1606699446175062,100,0,1
2005.12.27,01:43:45,1.069959298976613,1.111665671571294,1.0245538413688011,1.083069513725641,100,0,1
2005.12.28,01:43:45,1.0949381678193124,1.1366187294251304,1.0132099557742609,1.068857979015823,100,0,1
2005.12.29,01:43:45,1.1523226308798575,1.174692258841106,1.1147028652407607,1.1501752399247391,100,0,1
2005.12.30,01:43:45,1.1159830163061037,1.1754188965569323,1.079880693566028,1.095617164274826,100,0,1
2005.12.31,01:43:45,1.1129650515679599,1.1850661299474103,1.0709077741537616,1.1165420889658189,100,0,1
2006.01.01,01:43:45,1.0709685396678679,1.1100278667760923,1.006904636389889,1.0785128261238315,100,0,1
2006.01.02,01:43:45,1.0448848859099835,1.0747860806545793,1.0080978116977244,1.0247687175163218,100,0,1
2006.01.03,01:43:45,0.9909188316406129,1.0009330270410484,0.9349522939622177,0.9428105792665448,100,0,1
2006.01.04,01:43:45,0.9119767963266039,0.9709655858103469,0.8456179218834665,0.8740020972488103,100,0,1
2006.01.05,01:43:45,0.9286660553452506,0.9989070977787486,0.877081920231288,0.8927139179725188,100,0,1
2006.01.06,01:43:45,0.9839616213508894,1.0004196638447755,0.9437915972905822,0.9839410283405717,100,0,1
2006.01.07,01:43:45,1.0218433586431968,1.0732680301074098,0.9475010114026277,0.9924960123818911,100,0,1
2006.01.08,01:43:45,0.9987094528993751,1.0528315170121278,0.9280891305077483,1.0290374378150478,100,0,1
2006.01.09,01:43:45,1.0790064865816456,1.1115386750788017,1.0239611996294544,1.0329840947679672,100,0,1
2006.01.10,01:43:45,1.069100636160857,1.1272088502891462,1.0059792858389827,1.0208555501031737,100,0,1
2006.01.11,01:43:45,1.0730146041233883,1.136250280657518,1.029704178293399,1.032719888099429,100,0,1
2006.01.12,01:43:45,1.0375540261823164,1.0721199928284195,0.9903761511842863,1.033613701420478,100,0,1
2006.01.13,01:43:45,1.1127105519225158,1.1727791447264548,1.0729041949572855,1.119500929181029,100,0,1
2006.01.14,01:43:45,1.0320423504969927,1.103645268673037,1.0157326312494286,1.031413964192307,100,0,1
2006.01.15,01:43:45,1.0110703840203001,1.039739787737427,0.9552659106485359,1.0101639752058644,100,0,1
2006.01.16,01:43:45,0.9509823305422324,0.9905338073534061,0.8795419405125697,0.9007087412487402,100,0,1
2006.01.17,01:43:45,0.9127322502758737,0.983595527084903,0.8446446563641289,0.9098399471762547,100,0,1
2006.01.18,01:43:45,0.862511679361075,0.8974185568835628,0.83030332532794,0.8756863771452774,100,0,1
2006.01.19,01:43:45,0.8428914233894104,0.9295288054560222,0.7937622822163349,0.8773735148641664,100,0,1
2006.01.20,01:43:45,0.8022152543417828,0.8676798164067422,0.7552378890540974,0.8079504191012317,100,0,1
2006.01.21,01:43:45,0.7986286123759786,0.8274148745654103,0.7465248263799633,0.7789483641359743,100,0,1
2006.01.22,01:43:45,0.7817091044322769,0.8332819317626056,0.730073272345152,0.8168951373001158,100,0,1
2006.01.23,01:43:45,0.7833620432146956,0.8228919915327563,0.7292902844874327,0.7392158107651544,100,0,1
2006.01.24,01:43:45,0.8688125960569228,0.9595082620755093,0.834898340291703,0.8507560377694374,100,0,1
2006.01.25,01:43:45,0.801830857851051,0.8391380161361044,0.741055423452074,0.8088858599176791,100,0,1
2006.01.26,01:43:45,0.826562494630282,0.8599760128318877,0.7614614992754032,0.7853596231071751,100,0,1
2006.01.27,01:43:45,0.7807899201781942,0.8260351904100683,0.7425258813867217,0.7497757519583158,100,0,1
2006.01.28,01:43:45,0.8303946247162272,0.8843011151237867,0.8274984809862629,0.8745828955488927,100,0,1
2006.01.29,01:43:45,0.7913208367028738,0.8190321015988572,0.7476901105680454,0.7578112485895535,100,0,1
2006.01.30,01:43:45,0.7966165898879508,0.825317158820917,0.7485143559318106,0.801755040693188,100,0,1
2006.01.31,01:43:45,0.7804206095064364,0.8468981523480236,0.7209921686739974,0.7774147337287881,100,0,1
2006.02.01,01:43:45,0.7959061665581512,0.8675252367777646,0.7654783478676983,0.8627678425063939,100,0,1
2006.02.02,01:43:45,0.8286463965121503,0.8692730901235872,0.757407466097222,0.7839730383816493,100,0,1
2006.02.03,01:43:45,0.9088227780087916,0.9340255665879212,0.8374247328225936,0.8998928027549169,100,0,1
2006.02.04,01:43:45,0.9358340722146283,1.0288433740610383,0.8859095377105187,0.9436040053741676,100,0,1
2006.02.05,01:43:45,0.985857556038954,1.0117823365983205,0.9272142767678608,0.9674143118540627,100,0,1
2006.02.06,01:43:45,0.9088939472332677,0.9860639946128713,0.864653969263887,0.9493044307066347,100,0,1
2006.02.07,01:43:45,0.810964322695139,0.8507841205614669,0.7608353356946089,0.7710184511137288,100,0,1
2006.02.08,01:43:45,0.8004488250956456,0.8567260973652433,0.7222567838589655,0.8225821667489761,100,0,1
2006.02.09,01:43:45,0.9305759904340677,1.0012629071096342,0.9002760234438952,0.978641328640164,100,0,1
2006.02.10,01:43:45,0.9878887364693576,1.0471180154798925,0.9208891748268897,0.9761967086225445,100,0,1
2006.02.11,01:43:45,1.044856957398126,1.1152682763958763,0.9953301112721372,1.0656672806430525,100,0,1
2006.02.12,01:43:45,1.0407466862935044,1.077288747749441,0.9652698167559035,0.9895910954130174,100,0,1
2006.02.13,01:43:45,1.0122812804604768,1.038612369749248,0.9815112887003258,1.03394629244648,100,0,1
2006.02.14,01:43:45,1.0328619343044854,1.0651990490638488,0.9649642177030223,0.9718489467218908,100,0,1
2006.02.15,01:43:45,1.1039408347111688,1.1662850442667771,1.0413774087498378,1.1220114601560345,100,0,1
2006.02.16,01:43:45,1.1684304084506478,1.2270729096788788,1.1585711905855354,1.2074119269652142,100,0,1
2006.02.17,01:43:45,1.182155572811311,1.2319981755218081,1.1477707338829397,1.193937449036996,100,0,1
2006.02.18,01:43:45,1.3003969884919246,1.3223260249761386,1.2569673960883752,1.3061520679761185,100,0,1
2006.02.19,01:43:45,1.264682690644398,1.339903351017975,1.2123083889631838,1.2237820946850577,100,0,1
2006.02.20,01:43:45,1.2115568934885705,1.2189255782128747,1.1567604003769794,1.1999124885769388,100,0,1
2006.02.21,01:43:45,1.2794828013701465,1.3373047096209776,1.221095844596925,1.2613650976284894,100,0,1
2006.02.22,01:43:45,1.3013681006871043,1.3520694318474742,1.2240330786756766,1.2706803561270426,100,0,1
2006.02.23,01:43:45,1.2790776254864757,1.3186832668607238,1.2518480479190903,1.2650506990418682,100,0,1
2006.02.24,01:43:45,1.3435019186066781,1.3845726821268578,1.2969792086951601,1.352642194902648,100,0,1
2006.02.25,01:43:45,1.2900173324744668,1.3236621051335866,1.2348454779836655,1.2933260347951618,100,0,1
2006.02.26,01:43:45,1.2639998863002657,1.2932540713271785,1.1928721036291627,1.2742299092158358,100,0,1
2006.02.27,01:43:45,1.1569649591456503,1.2068878610778557,1.0944907682447387,1.1503801244854692,100,0,1
2006.02.28,01:43:45,1.1672927544720646,1.218771239768658,1.1110582544984757,1.1568659249743616,100,0,1
2006.03.01,01:43:45,1.202831594819632,1.2253612777685396,1.1227155393132104,1.1731218994857713,100,0,1
2006.03.02,01:43:45,1.2432152742615379,1.284938180462549,1.2076675609586724,1.2323900103928163,100,0,1
2006.03.03,01:43:45,1.2419576089291335,1.2643393938730665,1.212551557668485,1.2574076385778825,100,0,1
2006.03.04,01:43:45,1.2542713979255082,1.3043074147575235,1.2297150358670828,1.2641637345526655,100,0,1
2006.03.05,01:43:45,1.1727133820070286,1.2414380453502567,1.1071050807635108,1.2315666814383268,100,0,1
2006.03.06,01:43:45,1.1105141032155803,1.1590636755327421,1.0776582628656166,1.1316752682193483,100,0,1
2006.03.07,01:43:45,1.1287602235238292,1.191161724255221,1.0742076554942785,1.13215765217332,100,0,1
2006.03.08,01:43:45,1.1853445584603377,1.263013170236784,1.142103032570304,1.1649981710757424,100,0,1
2006.03.09,01:43:45,1.2283869048791436,1.2816849032466475,1.179704531454678,1.2178826825898141,100,0,1
2006.03.10,01:43:45,1.278841841389086,1.3399209523764581,1.264520730747209,1.2856731771906025,100,0,1
2006.03.11,01:43:45,1.3263575570875399,1.393770518088716,1.2540140929999344,1.3441138774038166,100,0,1
2006.03.12,01:43:45,1.3657303477295588,1.4506366239981807,1.3028115024947804,1.3122214401774093,100,0,1
2006.03.13,01:43:45,1.4083209823659069,1.5154980221409267,1.3574375170939839,1.385678663789865,100,0,1
2006.03.14,01:43:45,1.4070474875884396,1.4529676500245994,1.3743422913314085,1.395027922973867,100,0,1
2006.03.15,01:43:45,1.452244062038566,1.5160002166554896,1.427410931547348,1.4495998676152462,100,0,1
2006.03.16,01:43:45,1.5513398533680918,1.5894957431218895,1.518476289507781,1.5734541444643575,100,0,1
2006.03.17,01:43:45,1.5344859045938615,1.585017865307347,1.4730519146301717,1.5137165800070913,100,0,1
2006.03.18,01:43:45,1.537148011134214,1.5925509404574985,1.475494667109346,1.5065244284249522,100,0,1
2006.03.19,01:43:45,1.5824177810630082,1.630119352376915,1.5009666353883113,1.5942417118440593,100,0,1
2006.03.20,01:43:45,1.5781379819321124,1.6620768273818074,1.5392831776408498,1.5588227758189557,100,0,1
2006.03.21,01:43:45,1.5730945292325822,1.6030085519905002,1.5296159787967438,1.5511275078264954,100,0,1
2006.03.22,01:43:45,1.5814568729819944,1.637203452443614,1.519365822676798,1.621140743090223,100,0,1
2006.03.23,01:43:45,1.5439287091279668,1.5771864637940844,1.501787952674854,1.5389560074940876,100,0,1
2006.03.24,01:43:45,1.5293255696569676,1.6136955394731545,1.4858303298976618,1.6106924115622996,100,0,1
2006.03.25,01:43:45,1.5659708578698197,1.6375574884376893,1.501621580548079,1.5940187800127645,100,0,1
2006.03.26,01:43:45,1.630231037945335,1.715554555940966,1.566578914596042,1.6332008105144695,100,0,1
2006.03.27,01:43:45,1.619856476808753,1.656588433551619,1.561871843448226,1.567108836693862,100,0,1
2006.03.28,01:43:45,1.6248865411852034,1.6561794382903388,1.564689033410575,1.6353767147286171,100,0,1
2006.03.29,01:43:45,1.627401162945669,1.6894273414174046,1.575121509461334,1.6229068250185255,100,0,1
2006.03.30,01:43:45,1.5790153517493364,1.6281887730344942,1.4984908603447376,1.5986393100145415,100,0,1
2006.03.31,01:43:45,1.6114052620720292,1.6717041337666678,1.5621108994696413,1.5779274147890872,100,0,1
2006.04.01,01:43:45,1.6211973843119643,1.6784510569507298,1.5785791310915576,1.6335297722333413,100,0,1
2006.04.02,01:43:45,1.6557418905420092,1.6919642302941529,1.5930692479133068,1.620114739887585,100,0,1
2006.04.03,01:43:45,1.599543267441034,1.6545401502649248,1.5768849558075675,1.6144619222144092,100,0,1
2006.04.04,01:43:45,1.6349985758954753,1.6737245565504923,1.572016274853455,1.6189430050488762,100,0,1
2006.04.05,01:43:45,1.6763105989005773,1.7524194960830197,1.6070553111868482,1.7078593084061646,100,0,1
2006.04.06,01:43:45,1.569449872724599,1.6204659256643967,1.5221040216696011,1.5545832060536602,100,0,1
2006.04.07,01:43:45,1.6178057202930005,1.6637637242653933,1.5587546408445083,1.651886633407443,100,0,1
2006.04.08,01:43:45,1.648501773614676,1.717773399466363,1.59005236263626,1.6291989482679572,100,0,1
2006.04.09,01:43:45,1.5579407815048507,1.590434913568399,1.4884010345914873,1.5322378869710724,100,0,1
2006.04.10,01:43:45,1.493299674789254,1.5341388841109913,1.4605691450856004,1.5083711821636072,100,0,1
2006.04.11,01:43:45,1.4536623952358418,1.5137625632361946,1.4040399957303624,1.509615624525055,100,0,1
2006.04.12,01:43:45,1.4283145785062172,1.4502579350908522,1.3771263429683822,1.3858158235766729,100,0,1
2006.04.13,01:43:45,1.4438327022164652,1.4749860227476348,1.3740691520285027,1.3796734489594495,100,0,1
2006.04.14,01:43:45,1.3824396545984927,1.4602870713184026,1.3230085358619876,1.4435962743845734,100,0,1
2006.04.15,01:43:45,1.4235852682557573,1.4491080802026959,1.3440861531720794,1.3784129204314375,100,0,1
2006.04.16,01:43:45,1.4264133182797853,1.467426565425204,1.3794419241614775,1.4388226823592865,100,0,1
2006.04.17,01:43:45,1.5174931096805084,1.5688475958115478,1.4568383240411493,1.4970616348695902,100,0,1
2006.04.18,01:43:45,1.6361744446946982,1.6881688356864613,1.5934075394798979,1.6837064957847383,100,0,1
2006.04.19,01:43:45,1.6552774728617061,1.7089944229705452,1.6112635632956112,1.655826721646377,100,0,1
2006.04.20,01:43:45,1.6230735231664273,1.6906762712361707,1.5818209507468832,1.5851147709498838,100,0,1
2006.04.21,01:43:45,1.5946096322822383,1.6174840409841407,1.577211977060421,1.6168725109415796,100,0,1
2006.04.22,01:43:45,1.6327151122548218,1.699436968100387,1.557623548876031,1.566563763641157,100,0,1
2006.04.23,01:43:45,1.6539778025827783,1.7379736691400232,1.585454414226193,1.639255412722494,100,0,1
2006.04.24,01:43:45,1.6763816763690418,1.7244558965007433,1.6430858517791331,1.7147797222653611,100,0,1
2006.04.25,01:43:45,1.6860561354691097,1.7534971367540317,1.6402934167931462,1.7050571456408818,100,0,1
2006.04.26,01:43:45,1.7165010583920015,1.7919382414538914,1.687838039140779,1.7877560114956426,100,0,1
2006.04.27,01:43:45,1.6649790598592282,1.733196224114162,1.6053334530366983,1.6146624451479867,100,0,1
2006.04.28,01:43:45,1.7829263160883038,1.8183218743065301,1.754583021307922,1.7833626152347073,100,0,1
2006.04.29,01:43:45,1.789813206224975,1.8598523629834265,1.7275747662441003,1.7437674768237639,100,0,1
2006.04.30,01:43:45,1.8136173556559914,1.921919060455339,1.7489192868114753,1.7528992645469401,100,0,1
2006.05.01,01:43:45,1.803142083969956,1.8543128903980628,1.7541410831239095,1.7555833660460716,100,0,1
2006.05.02,01:43:45,1.8460659026454558,1.8902440894111976,1.7542454469711428,1.7588416426968358,100,0,1
2006.05.03,01:43:45,1.8509194341611412,1.9170070126975045,1.7599988867030567,1.8957010612747622,100,0,1
2006.05.04,01:43:45,1.900553066033395,1.9510805572714998,1.8398910693355626,1.8604826531353518,100,0,1
2006.05.05,01:43:45,1.886178634312542,1.9519695956632575,1.8136889910760259,1.8550545586331033,100,0,1
2006.05.06,01:43:45,1.9250398540416718,1.9582725456571513,1.8874873552885616,1.906309044380564,100,0,1
2006.05.07,01:43:45,1.7801749767959085,1.8069745362512875,1.7063055938172613,1.741373022425569,100,0,1
2006.05.08,01:43:45,1.7274646540851095,1.8053877939447092,1.726577003698799,1.7606181405097319,100,0,1
2006.05.09,01:43:45,1.6335839979616453,1.6824818925579306,1.5644185200069245,1.5710254225849063,100,0,1
2006.05.10,01:43:45,1.582921868803125,1.6634553331290944,1.5307767115227702,1.5843456260903448,100,0,1
2006.05.11,01:43:45,1.6109565057655602,1.6932887993649532,1.566105705214661,1.609157857459985,100,0,1
2006.05.12,01:43:45,1.6786777117523415,1.7218166617699995,1.5967390863923772,1.655767445576593,100,0,1
2006.05.13,01:43:45,1.7903155478513435,1.8437908390106739,1.7612656145655965,1.7672330591703036,100,0,1
2006.05.14,01:43:45,1.8051572488885033,1.8803015353372805,1.7821338101972009,1.8241422801833007,100,0,1
2006.05.15,01:43:45,1.81255521755532,1.8705377875926588,1.7871792297440272,1.8211100366277075,100,0,1
2006.05.16,01:43:45,1.7355301508971235,1.8099219614988782,1.7138022086933784,1.7224629900577488,100,0,1
2006.05.17,01:43:45,1.6792830776383612,1.7362608280727005,1.6415039479354265,1.7224119977592833,100,0,1
2006.05.18,01:43:45,1.7060147448138263,1.7645414410327065,1.647018644424726,1.7403583913293077,100,0,1
2006.05.19,01:43:45,1.6522943276003967,1.6908848767442841,1.622518693232379,1.6368336643747596,100,0,1
2006.05.20,01:43:45,1.6466540542876074,1.6886220087500203,1.5774956864368728,1.6299837945039506,100,0,1
2006.05.21,01:43:45,1.695812623455473,1.757247346480685,1.648176671271996,1.6989431441907854,100,0,1
2006.05.22,01:43:45,1.6966628174186578,1.737230240198707,1.6502001396200656,1.6570506943897934,100,0,1
2006.05.23,01:43:45,1.7601418711904786,1.8209476003568994,1.733502013238426,1.7581979377885566,100,0,1
2006.05.24,01:43:45,1.7356348328000377,1.8099446636329706,1.6595481538572887,1.772495877347085,100,0,1
2006.05.25,01:43:45,1.7421655350165124,1.7848818659954429,1.6911473151420744,1.7815377543227147,100,0,1
2006.05.26,01:43:45,1.7981259187595724,1.8284574484621552,1.7891220292963401,1.8240114996239547,100,0,1
2006.05.27,01:43:45,1.9163064050530454,1.965495317503403,1.8668937548660065,1.8688899416350804,100,0,1
2006.05.28,01:43:45,1.9455823444515954,2.02360089615979,1.8991458887583734,1.9939963585278644,100,0,1
2006.05.29,01:43:45,1.909942255903884,1.9641356328121935,1.8466926645757793,1.951077317683603,100,0,1
2006.05.30,01:43:45,1.878531825383192,1.8917758349881852,1.82980495023583,1.8460776122780083,100,0,1
2006.05.31,01:43:45,1.9322640375201563,2.0205597510531796,1.8674427279795074,1.9770104433137696,100,0,1
2006.06.01,01:43:45,1.9992945088617196,2.0665106227048273,1.9456723643073008,2.0170702679381494,100,0,1
2006.06.02,01:43:45,2.0198442904006364,2.075398053656007,1.960602138428946,2.055690947106598,100,0,1
2006.06.03,01:43:45,2.013105804522025,2.0684346930430175,1.9817406157734778,2.010520154093369,100,0,1
2006.06.04,01:43:45,2.0059470720429218,2.063509460307208,1.9689274920529976,2.034740651164714,100,0,1
2006.06.05,01:43:45,1.9482523347951715,1.9967738118878722,1.9097117348732648,1.9258666666687727,100,0,1
2006.06.06,01:43:45,1.93059050040166,1.949025137084242,1.899787215288989,1.9335780887167877,100,0,1
2006.06.07,01:43:45,1.9242922373666373,2.013086643935895,1.8670266646556508,1.9387445623416077,100,0,1
2006.06.08,01:43:45,1.8376307207873337,1.905226494672914,1.7731343683688303,1.8196632668026693,100,0,1
2006.06.09,01:43:45,1.9028324017145377,1.9710629396639006,1.8294430090754084,1.863582234419567,100,0,1
2006.06.10,01:43:45,1.9778513290827502,2.0403731625190304,1.9690992316728797,1.9852096271317627,100,0,1
2006.06.11,01:43:45,1.9338302836355243,1.940386036074633,1.8828673479047544,1.8866288552523678,100,0,1
2006.06.12,01:43:45,1.8257540885389356,1.8665266819409094,1.7794299734368682,1.8519920347080867,100,0,1
2006.06.13,01:43:45,1.8374456135524277,1.8922012340674497,1.7892313501721773,1.8117867938636198,100,0,1
2006.06.14,01:43:45,1.844362949425151,1.8806478306115435,1.7952925811277596,1.8591366573517156,100,0,1
2006.06.15,01:43:45,1.8457052867906063,1.8942770277227967,1.7873340784112957,1.880900781928082,100,0,1
2006.06.16,01:43:45,1.8210118834454487,1.8483866874027566,1.7738392494461361,1.842308772090446,100,0,1
2006.06.17,01:43:45,1.7778786733390328,1.821185091253443,1.7385297572875393,1.8198202417321123,100,0,1
2006.06.18,01:43:45,1.6993126655576631,1.7545577423760021,1.610342147276856,1.6639076057427082,100,0,1
2006.06.19,01:43:45,1.69780931994281,1.7483776095173014,1.641084272428751,1.7226827777441718,100,0,1
2006.06.20,01:43:45,1.732188039867964,1.7745489181742204,1.698823779093632,1.721757204314465,100,0,1
2006.06.21,01:43:45,1.65048312769973,1.6928279708405725,1.5894552191141187,1.683815888377501,100,0,1
2006.06.22,01:43:45,1.6522834213965356,1.687883818230871,1.6093602326930632,1.6753453809023842,100,0,1
2006.06.23,01:43:45,1.6901980419556342,1.7336492855567032,1.6385033436560925,1.6909501906562174,100,0,1
2006.06.24,01:43:45,1.7941288941919806,1.844786510629479,1.7759813444341774,1.7950182909778416,100,0,1
2006.06.25,01:43:45,1.8204214892259856,1.8696922350236926,1.7701013076734815,1.8032304771142806,100,0,1
2006.06.26,01:43:45,1.8641190710226208,1.9150148216295841,1.7958068999311725,1.872847875413615,100,0,1
2006.06.27,01:43:45,1.839977303822462,1.8940163976115945,1.7380569462742796,1.7538207333830524,100,0,1
2006.06.28,01:43:45,1.9371503787151598,2.0024929034863352,1.8798122712603076,1.9382225169889806,100,0,1
2006.06.29,01:43:45,1.8918470519565265,1.9688083875419191,1.8432537663486077,1.9616188998204327,100,0,1
2006.06.30,01:43:45,1.8601013765975083,1.901653705980645,1.821320663210887,1.8877234537157848,100,0,1
2006.07.01,01:43:45,1.907630549321536,1.948822876178023,1.8491662702887628,1.9032171419962733,100,0,1
2006.07.02,01:43:45,1.8902676376975995,1.9466484268931972,1.8515358696621984,1.9152670986655889,100,0,1
2006.07.03,01:43:45,1.8256599061733285,1.8882853704660114,1.7387052208725677,1.8874887485425893,100,0,1
2006.07.04,01:43:45,1.7960181433664175,1.8897905776521737,1.7500005166434074,1.8563837232086013,100,0,1
2006.07.05,01:43:45,1.9349832349137093,2.020826203317352,1.9020317682119425,1.9860735036846913,100,0,1
2006.07.06,01:43:45,1.8667949755150015,1.9278501021383463,1.8069834944444687,1.8519187471974863,100,0,1
2006.07.07,01:43:45,1.899311108343048,1.9633791030605674,1.848237153896112,1.9303383607076392,100,0,1
2006.07.08,01:43:45,1.8614268099239688,1.8952605535729847,1.8046961361306704,1.830793914784531,100,0,1
2006.07.09,01:43:45,1.8736986165046967,1.9342951435655835,1.802755631993876,1.9210176691985525,100,0,1
2006.07.10,01:43:45,1.8529421097431138,1.8740109194255545,1.8218812014079862,1.8571094804080475,100,0,1
2006.07.11,01:43:45,1.8111709541174226,1.8778964328382024,1.7639027239667202,1.7641498599378578,100,0,1
2006.07.12,01:43:45,1.962949770840451,2.015520560273789,1.9072364804052446,1.9392734560027247,100,0,1
2006.07.13,01:43:45,1.9516330979544672,1.990498436212918,1.9095285692527169,1.9814126296178685,100,0,1
2006.07.14,01:43:45,1.9090988902587287,1.9300449669491582,1.846219751638102,1.8566991961636132,100,0,1
2006.07.15,01:43:45,1.8889282706551458,1.9465371210176117,1.8138670880598489,1.8869538654058122,100,0,1
2006.07.16,01:43:45,1.8683248866456617,1.9114574253155747,1.8097559006300017,1.8925583846208864,100,0,1
2006.07.17,01:43:45,1.7757900993832572,1.820907312390246,1.7178463858470543,1.723088176810539,100,0,1
2006.07.18,01:43:45,1.6878100858790284,1.7835942330445755,1.6725334230436406,1.6742084372354453,100,0,1
2006.07.19,01:43:45,1.749281632180138,1.7831305183196728,1.6755557934500958,1.7033401627055915,100,0,1
2006.07.20,01:43:45,1.7512611422522646,1.7539325036930233,1.7098436289759065,1.7493768604301185,100,0,1
2006.07.21,01:43:45,1.682984144926568,1.7156276422665901,1.656468320616483,1.6938326872168035,100,0,1
2006.07.22,01:43:45,1.6877146310781554,1.7093497550331076,1.6257805314503893,1.6410087617174298,100,0,1
2006.07.23,01:43:45,1.7115015307155725,1.7609146877621118,1.648254164778099,1.7525924335509377,100,0,1
2006.07.24,01:43:45,1.6367726613203786,1.7178722249367169,1.5995737732662263,1.6202360122953692,100,0,1
2006.07.25,01:43:45,1.5768794745909585,1.6246307945212333,1.5392114991503467,1.5429452184947623,100,0,1
2006.07.26,01:43:45,1.6238145066388192,1.6471426844645414,1.5966016133426884,1.636056335047367,100,0,1
2006.07.27,01:43:45,1.6425170406455327,1.713809505328412,1.5859169205592796,1.7117919896060563,100,0,1
2006.07.28,01:43:45,1.7488886314460732,1.7941304068623856,1.7381107250301036,1.7913688565168138,100,0,1
2006.07.29,01:43:45,1.7962535445804197,1.8579027739801466,1.7755463872761985,1.7815124424375373,100,0,1
2006.07.30,01:43:45,1.7849907209338096,1.8329696871601528,1.7625324815957142,1.8142327734003791,100,0,1
2006.07.31,01:43:45,1.7980530520513938,1.8390382086982482,1.7399238643657742,1.811616507541786,100,0,1
2006.08.01,01:43:45,1.8171549119172923,1.865140603988949,1.744691457288667,1.817354326238491,100,0,1
2006.08.02,01:43:45,1.8295817547469213,1.885965516394004,1.791204219471277,1.8282771494414418,100,0,1
2006.08.03,01:43:45,1.8084998009386726,1.8481906670754362,1.7876606529073726,1.8161354702524777,100,0,1
2006.08.04,01:43:45,1.7735121414412212,1.8255729140497936,1.725156375081265,1.78555485687687,100,0,1
2006.08.05,01:43:45,1.7143393489996852,1.7751820013285173,1.6566323127429914,1.673428887864474,100,0,1
2006.08.06,01:43:45,1.7688938622207662,1.8142106530089774,1.7329951661039735,1.7611805188133698,100,0,1
2006.08.07,01:43:45,1.667169553931435,1.7051289550152156,1.6338346175940441,1.657957610059003,100,0,1
2006.08.08,01:43:45,1.7326725034048924,1.755836988801533,1.662337581423375,1.6925013782850828,100,0,1
2006.08.09,01:43:45,1.6257212992830143,1.681761414839584,1.565395637890845,1.603525279670125,100,0,1
2006.08.10,01:43:45,1.655674520874662,1.6713715873214132,1.6068464101173796,1.6407921385384452,100,0,1
2006.08.11,01:43:45,1.6032872784435233,1.663521381982423,1.5329031095562007,1.5575897420286307,100,0,1
2006.08.12,01:43:45,1.6976546892008608,1.7493395787842485,1.6569101896238192,1.659336683188175,100,0,1
2006.08.13,01:43:45,1.6632455999451412,1.7397845943558032,1.574887518655395,1.7115227579626906,100,0,1
2006.08.14,01:43:45,1.6410086664394763,1.6626903109164068,1.6131793574116318,1.6245547458616922,100,0,1
2006.08.15,01:43:45,1.7068666131938237,1.7518179605141961,1.660710226484959,1.678683682566863,100,0,1
2006.08.16,01:43:45,1.6412161959811167,1.6537837722526494,1.5622811512554655,1.585220255837585,100,0,1
2006.08.17,01:43:45,1.6233190611852575,1.6663037745083302,1.5650485883856198,1.5699835613338167,100,0,1
2006.08.18,01:43:45,1.6239440212187526,1.645357657495558,1.5768184338786875,1.6297111986010595,100,0,1
2006.08.19,01:43:45,1.5385240264890754,1.5763399771198536,1.480345321473512,1.4987312347210644,100,0,1
2006.08.20,01:43:45,1.582589664360121,1.591958817858442,1.5138911315568027,1.53056577428391,100,0,1
2006.08.21,01:43:45,1.6053917574523504,1.6687309273323132,1.5311988813405282,1.639257123916986,100,0,1
2006.08.22,01:43:45,1.509884527234662,1.565966164172488,1.4774148491104127,1.5328951901015355,100,0,1
2006.08.23,01:43:45,1.5986546246509712,1.6645390911820255,1.5962345734009988,1.6550570744594,100,0,1
2006.08.24,01:43:45,1.5629675230424287,1.6006131974685294,1.4948175149369671,1.5122006692128604,100,0,1
2006.08.25,01:43:45,1.5256170649262,1.5734778765220385,1.4708788469473781,1.5077580307476421,100,0,1
2006.08.26,01:43:45,1.5623957953875156,1.6134696480047401,1.508206178886428,1.6074781450409326,100,0,1
2006.08.27,01:43:45,1.532518084242247,1.5937240197091815,1.4927148934161423,1.5935293289912844,100,0,1
2006.08.28,01:43:45,1.5630237353182455,1.5985448830532611,1.4959452558746842,1.5984814059055341,100,0,1
2006.08.29,01:43:45,1.5637526269414868,1.576224514283747,1.5015553428431399,1.5693710917922101,100,0,1
2006.08.30,01:43:45,1.6643826003243214,1.7256190809543945,1.5634648935046362,1.7094748515871618,100,0,1
2006.08.31,01:43:45,1.6977767414973897,1.7306796103718467,1.642251696428598,1.675836448943171,100,0,1
2006.09.01,01:43:45,1.6705273744235836,1.733161975611388,1.6455539921116256,1.7028866172265231,100,0,1
2006.09.02,01:43:45,1.6872338407971343,1.772458645893444,1.631286030597805,1.6992544708716126,100,0,1
2006.09.03,01:43:45,1.7426097687998334,1.7806199302551833,1.6742163733747892,1.7394238684747811,100,0,1
2006.09.04,01:43:45,1.740459649676536,1.7796964424363104,1.6971185869536252,1.7347022839985067,100,0,1
2006.09.05,01:43:45,1.7221261841133189,1.753044851011551,1.684869092518536,1.7313504281197132,100,0,1
2006.09.06,01:43:45,1.7369588190716716,1.7707840297513295,1.7232898661237508,1.7650199668819395,100,0,1
2006.09.07,01:43:45,1.772758782800294,1.814327915712045,1.7231015033955495,1.7548331228114478,100,0,1
2006.09.08,01:43:45,1.8084403627118264,1.8614545512954914,1.765125888937347,1.816555627945091,100,0,1
2006.09.09,01:43:45,1.8490465318074687,1.9127299499636492,1.814003476634032,1.9042886953325049,100,0,1
2006.09.10,01:43:45,1.851563807600601,1.9091267919397015,1.7935334264253662,1.7991975092680368,100,0,1
2006.09.11,01:43:45,1.8620608533284837,1.9236253890453718,1.7985970551628425,1.9052838853011942,100,0,1
2006.09.12,01:43:45,1.941214733950225,1.9947589821894771,1.8963088255329832,1.9762167718304495,100,0,1
2006.09.13,01:43:45,1.9311578843725086,1.9761969264574049,1.8497949326634333,1.8641440017402766,100,0,1
2006.09.14,01:43:45,1.9150928085897385,1.9938758181419969,1.8497170220169556,1.956702800008767,100,0,1
2006.09.15,01:43:45,1.9185395858792107,1.9874676096151243,1.8744458797936834,1.9804866889391601,100,0,1
2006.09.16,01:43:45,1.9455393839966546,2.0100661606297736,1.8920259564537683,2.0051225335969685,100,0,1
2006.09.17,01:43:45,1.8919339135946889,1.9316732128832015,1.85592795383305,1.8560203760000469,100,0,1
2006.09.18,01:43:45,1.8607206123306677,1.9363753122458216,1.8460784866480286,1.9133315704251856,100,0,1
2006.09.19,01:43:45,1.935353530619524,1.9787608635856422,1.8692630030762944,1.928935916901556,100,0,1
2006.09.20,01:43:45,1.8997729076327405,1.9537399525800254,1.8655882248621016,1.926220802271602,100,0,1
2006.09.21,01:43:45,1.9741840550847867,2.055474762269327,1.9290115788306619,1.9703903237214295,100,0,1
2006.09.22,01:43:45,1.989482806155255,2.0386822938176747,1.8870045406725342,1.9405425622568697,100,0,1
2006.09.23,01:43:45,1.9565649761421593,2.0127911237159566,1.9198791782197375,1.978549014409485,100,0,1
2006.09.24,01:43:45,2.0265622592636294,2.0698651877277046,1.9913497989202997,1.9938229985089244,100,0,1
2006.09.25,01:43:45,1.9726170491594062,2.0202132503668184,1.9121283781090213,1.9327188231418664,100,0,1
2006.09.26,01:43:45,1.9886352037021173,2.053612005320447,1.941967654001222,2.033370982151804,100,0,1
2006.09.27,01:43:45,2.069599161202959,2.130468656423642,2.0288074836211605,2.0907919277557814,100,0,1
2006.09.28,01:43:45,2.1731838527614493,2.1821861075337754,2.121293124707473,2.138739202581105,100,0,1
2006.09.29,01:43:45,2.113700839385725,2.1914866161014572,2.0591102849393788,2.1858900729428674,100,0,1
2006.09.30,01:43:45,2.1321420734980197,2.181780358233479,2.0892529996534943,2.180418631374012,100,0,1
2006.10.01,01:43:45,2.1950722583498754,2.274499569529489,2.131072119604123,2.1512448419861623,100,0,1
2006.10.02,01:43:45,2.2575173124742447,2.2881092746973843,2.182994570892436,2.2159828607238174,100,0,1
2006.10.03,01:43:45,2.3164288059812854,2.342425429350391,2.2763590972536707,2.2898835894579075,100,0,1
2006.10.04,01:43:45,2.228655879480826,2.289914336670234,2.1395783057919324,2.275477389052226,100,0,1
2006.10.05,01:43:45,2.235762482294526,2.2747047735691712,2.174991631123634,2.2133193411839858,100,0,1
2006.10.06,01:43:45,2.2262591953637214,2.2593208255597554,2.180215454847783,2.239247911507668,100,0,1
2006.10.07,01:43:45,2.173547241226424,2.2056196769677077,2.11996639487981,2.1481236493769056,100,0,1
2006.10.08,01:43:45,2.0958511115764855,2.201617065476129,2.068356991250242,2.091961076373714,100,0,1
2006.10.09,01:43:45,2.0317853989233763,2.0583008636358864,1.9663577715532703,2.051978620665432,100,0,1
2006.10.10,01:43:45,2.002677417739058,2.0450685124888013,1.9317869915010817,1.9801125069796728,100,0,1
2006.10.11,01:43:45,1.9572813254831765,2.024466557905337,1.880082568730844,1.8954136164151756,100,0,1
2006.10.12,01:43:45,1.9064001587404606,1.9622996426485297,1.841913152800817,1.8872746505063662,100,0,1
2006.10.13,01:43:45,1.9015436749457353,1.9405086962301041,1.8395501128963088,1.937502113003597,100,0,1
2006.10.14,01:43:45,1.8075042663106125,1.8363897103442,1.778977252478617,1.8168019998029106,100,0,1
2006.10.15,01:43:45,1.7817260028426711,1.8346596381363982,1.7399931298461224,1.7987008254446488,100,0,1
2006.10.16,01:43:45,1.7248763402355665,1.780702391136417,1.6490205784866194,1.7517518817206765,100,0,1
2006.10.17,01:43:45,1.7221305839840626,1.7540610838704453,1.6646154707118406,1.7463070081981227,100,0,1
2006.10.18,01:43:45,1.6991049688808062,1.7771249608043516,1.6287775378839704,1.7333286462190625,100,0,1
2006.10.19,01:43:45,1.759119034864516,1.77949103274878,1.69747423174349,1.7143654691784027,100,0,1
2006.10.20,01:43:45,1.7614916011775397,1.8036223658653225,1.7230549800854242,1.777552277971794,100,0,1
2006.10.21,01:43:45,1.8146876951702455,1.870759245183205,1.740138131237518,1.7746140540325472,100,0,1
2006.10.22,01:43:45,1.762488147000154,1.793259956730674,1.7065868000828193,1.7172492582066434,100,0,1
2006.10.23,01:43:45,1.7110193852622269,1.7889639099587686,1.6251463962800765,1.693656543056008,100,0,1
2006.10.24,01:43:45,1.618029367205812,1.6748043403012502,1.5417177060917453,1.5655073080870403,100,0,1
2006.10.25,01:43:45,1.7038161422470453,1.76759860164921,1.6970958025987635,1.7334340154373076,100,0,1
2006.10.26,01:43:45,1.6835167681606729,1.724069871165061,1.6037166382691683,1.6761946711598164,100,0,1
2006.10.27,01:43:45,1.7088257613334108,1.7127420993189255,1.6514423442643102,1.6732425209353656,100,0,1
2006.10.28,01:43:45,1.7469850571419514,1.7941873239280235,1.698722378228067,1.7627195957662325,100,0,1
2006.10.29,01:43:45,1.7799290238786138,1.8237160819869571,1.734037451493301,1.7610682464375773,100,0,1
2006.10.30,01:43:45,1.7013277659224946,1.7532564234427659,1.6665406563792209,1.7161050456280764,100,0,1
2006.10.31,01:43:45,1.7004563792604566,1.7432568270741144,1.6923897199715097,1.7370934894169416,100,0,1
2006.11.01,01:43:45,1.7075527884287725,1.7606654872192595,1.6754518789580393,1.6769481189847475,100,0,1
2006.11.02,01:43:45,1.6705862608259898,1.6941442138456295,1.5873744057145278,1.6569017829274506,100,0,1
2006.11.03,01:43:45,1.7105489839073305,1.79447932398954,1.687789194840219,1.7417184470310623,100,0,1
2006.11.04,01:43:45,1.7020396984578687,1.7659068131891156,1.675046908338158,1.7122253337252202,100,0,1
2006.11.05,01:43:45,1.6858642168561966,1.7124243061370321,1.6273600337152947,1.6310121686558297,100,0,1
2006.11.06,01:43:45,1.6404050163623654,1.691563375991533,1.5766633151965468,1.5908347042508573,100,0,1
2006.11.07,01:43:45,1.5151631953497267,1.566281431749381,1.4530430747608842,1.5280702706483673,100,0,1
2006.11.08,01:43:45,1.5172912198865658,1.5559757628889153,1.471166280870458,1.5492636094342278,100,0,1
2006.11.09,01:43:45,1.5811051559981093,1.6142960921213132,1.4990835257370654,1.5237423458005563,100,0,1
2006.11.10,01:43:45,1.5804421634078807,1.6310374922608792,1.5643623238367568,1.5693665972968975,100,0,1
2006.11.11,01:43:45,1.5738009946296625,1.6240598068561851,1.5576468641131478,1.603682207069256,100,0,1
2006.11.12,01:43:45,1.5936778144914774,1.6118542283417594,1.520241659665181,1.5505132264549193,100,0,1
2006.11.13,01:43:45,1.5829570114556426,1.626392163434023,1.540088759865025,1.609863097663825,100,0,1
2006.11.14,01:43:45,1.5225315379693132,1.5649049724280542,1.4637992440117509,1.5391082360712904,100,0,1
2006.11.15,01:43:45,1.5114955945641682,1.5726298138255157,1.4559561960761718,1.4819041106444635,100,0,1
2006.11.16,01:43:45,1.5013778782321796,1.5642970311504714,1.4649952953308196,1.5348216000686958,100,0,1
2006.11.17,01:43:45,1.5061456599490015,1.545248531530376,1.4411527985980257,1.446260427792984,100,0,1
2006.11.18,01:43:45,1.4962899898259598,1.5588467480957866,1.4041376999226685,1.5156135819735392,100,0,1
2006.11.19,01:43:45,1.496766185451251,1.5726264190436234,1.4327848715821292,1.5007103560393258,100,0,1
2006.11.20,01:43:45,1.555658604456034,1.63029219169238,1.5148881660593092,1.5421479565210234,100,0,1
2006.11.21,01:43:45,1.5744083515613492,1.6132372112154365,1.5259669145558847,1.5688453711047121,100,0,1
2006.11.22,01:43:45,1.5318194678799382,1.5809758513340733,1.474638510360195,1.49470147177579,100,0,1
2006.11.23,01:43:45,1.538707342267382,1.6032814708872825,1.4890017309621082,1.5407336281906623,100,0,1
2006.11.24,01:43:45,1.5668383140211584,1.615965479283564,1.4724448755348414,1.5460386899173417,100,0,1
2006.11.25,01:43:45,1.4819603629839215,1.5364514661013096,1.434290900826624,1.503642547972949,100,0,1
2006.11.26,01:43:45,1.52185285610902,1.55557146118532,1.464763938085758,1.504914241345277,100,0,1
2006.11.27,01:43:45,1.5736501065972237,1.671187694663963,1.558890100314388,1.6326863643497571,100,0,1
2006.11.28,01:43:45,1.5081417294583426,1.5671576577771802,1.4720994825841578,1.537526672690068,100,0,1
2006.11.29,01:43:45,1.4915988590447962,1.5316082017528825,1.4557306969231067,1.5176508758642469,100,0,1
2006.11.30,01:43:45,1.4951359544120548,1.5346223022023968,1.4495503572866242,1.5194808435006522,100,0,1
2006.12.01,01:43:45,1.457904824827066,1.5210559753889799,1.3792940532265228,1.4352942053379647,100,0,1
2006.12.02,01:43:45,1.3730542629162596,1.4301488216977425,1.3293425051263632,1.3293651624729828,100,0,1
2006.12.03,01:43:45,1.3737202141818488,1.4163334899387756,1.3383424379380766,1.3760990114079115,100,0,1
2006.12.04,01:43:45,1.3733894977479462,1.4305334290015301,1.2584052260729237,1.4092418618994937,100,0,1
2006.12.05,01:43:45,1.3984125786394574,1.443345496309617,1.375424963916134,1.3995877021473868,100,0,1
2006.12.06,01:43:45,1.3007573730694897,1.3848306344792263,1.251333828807942,1.2756912286576645,100,0,1
2006.12.07,01:43:45,1.3631730157182373,1.389978865804488,1.3487293605054236,1.3508558206357246,100,0,1
2006.12.08,01:43:45,1.3587467198587162,1.4261882885992638,1.338975856880529,1.35177751404801,100,0,1
2006.12.09,01:43:45,1.244135571493646,1.290064815293493,1.2003250228514668,1.213222123493996,100,0,1
2006.12.10,01:43:45,1.2778053098865043,1.3425606123200136,1.2165323874832341,1.258785263181405,100,0,1
2006.12.11,01:43:45,1.279162101495431,1.321132600029201,1.2563140528302343,1.3141397750622898,100,0,1
2006.12.12,01:43:45,1.295953158649345,1.3510705598005175,1.2322160686630927,1.3201947522769202,100,0,1
2006.12.13,01:43:45,1.303211458971257,1.354982555136845,1.2664226059684411,1.321128280976247,100,0,1
2006.12.14,01:43:45,1.3015192040260826,1.3285923696917221,1.2470680834648278,1.3175683928100084,100,0,1
2006.12.15,01:43:45,1.298004647244775,1.3491583131155833,1.2094838608431187,1.3059170021189996,100,0,1
2006.12.16,01:43:45,1.2602704046828532,1.3218119663672594,1.2290394905452677,1.2880144270986453,100,0,1
2006.12.17,01:43:45,1.2167437356181896,1.2803377382107342,1.1922956315641682,1.2633077244650377,100,0,1
2006.12.18,01:43:45,1.1827983039000545,1.2586229412624708,1.1297413823547826,1.2148662654020892,100,0,1
2006.12.19,01:43:45,1.2288366723435136,1.2951806868447566,1.1734867959028772,1.2287714557381337,100,0,1
2006.12.20,01:43:45,1.203456960041592,1.2387326514861714,1.141928395557065,1.225459078630085,100,0,1
2006.12.21,01:43:45,1.319040938871066,1.357977017360007,1.2421746821095283,1.2542639196874792,100,0,1
2006.12.22,01:43:45,1.3923410431515446,1.4123300040099187,1.315920825926715,1.338460242266194,100,0,1
2006.12.23,01:43:45,1.4744202124412609,1.5349972752018606,1.4066722138764824,1.4865947920904943,100,0,1
2006.12.24,01:43:45,1.4497556554852407,1.501196387088319,1.39792242165751,1.4890901175768203,100,0,1
2006.12.25,01:43:45,1.4853213866272963,1.555107193121302,1.450820398143454,1.5181419296064373,100,0,1
2006.12.26,01:43:45,1.4728318017309576,1.503921655817683,1.422882568094259,1.4983018853881258,100,0,1
2006.12.27,01:43:45,1.4344956872282686,1.447837716455886,1.403448645849627,1.4415760189432334,100,0,1
2006.12.28,01:43:45,1.3991413053662363,1.41192121170998,1.3517493779181573,1.3783853589825485,100,0,1
2006.12.29,01:43:45,1.4285462800232926,1.456208009214209,1.402774037959045,1.4465278241526143,100,0,1
2006.12.30,01:43:45,1.4311617086400694,1.472502323576296,1.411388158457568,1.413231473564056,100,0,1
2006.12.31,01:43:45,1.3884127104067334,1.4671853884645627,1.3686402116184537,1.4441267766180266,100,0,1
2007.01.01,01:43:45,1.3449951430684515,1.388842028288223,1.3177768053857721,1.37740897516764,100,0,1
2007.01.02,01:43:45,1.2808450532233742,1.3709968104590837,1.2315982144583357,1.3241257122587333,100,0,1
2007.01.03,01:43:45,1.296170825367884,1.3440750245367175,1.2215322802818978,1.2312686545368405,100,0,1
2007.01.04,01:43:45,1.4356495057539251,1.4951066751887843,1.3767742701606172,1.4846956947255565,100,0,1
2007.01.05,01:43:45,1.3537116766318311,1.3925228425821494,1.3378442086273987,1.3741719789922147,100,0,1
2007.01.06,01:43:45,1.3514953960252456,1.4133721202575285,1.3212890757428466,1.3886794933305224,100,0,1
2007.01.07,01:43:45,1.29828146419262,1.3242236206524438,1.251781676772543,1.3070798798310095,100,0,1
2007.01.08,01:43:45,1.3309893162832693,1.3489412401365333,1.267084575633813,1.335925897769742,100,0,1
2007.01.09,01:43:45,1.2556082978653849,1.3166605245530323,1.2076258035243836,1.2240044739933065,100,0,1
2007.01.10,01:43:45,1.239087962868475,1.299468042335036,1.1859361770057193,1.2168022774343799,100,0,1
2007.01.11,01:43:45,1.3130958910333292,1.3445357439429284,1.2642721003568407,1.3260505379388337,100,0,1
2007.01.12,01:43:45,1.2128343935640304,1.2873677364507345,1.185937050393622,1.282201983217499,100,0,1
2007.01.13,01:43:45,1.2229243102175593,1.2613525829499386,1.1989547543371712,1.2437690347883148,100,0,1
2007.01.14,01:43:45,1.1705997738198646,1.1873733611007344,1.1194339160043787,1.1829905971686092,100,0,1
2007.01.15,01:43:45,1.1178540130752976,1.143116631014948,1.0574534478763469,1.1413114041195604,100,0,1
2007.01.16,01:43:45,1.1271835746487113,1.1689892980270293,1.0661105648863611,1.085537926239982,100,0,1
2007.01.17,01:43:45,1.086909169727415,1.1041977004803063,1.0097445343486158,1.0854278853152721,100,0,1
2007.01.18,01:43:45,1.0755381308835532,1.1372339984733506,1.0452396683785892,1.0597897485244983,100,0,1
2007.01.19,01:43:45,1.0835208808665375,1.134449577801873,1.0062266231104215,1.0447872051142413,100,0,1
2007.01.20,01:43:45,1.054704774788573,1.1013052725979398,1.0171334487453394,1.091118095355566,100,0,1
2007.01.21,01:43:45,1.0674229298738616,1.112061572314686,0.999718591237112,1.0883398174862018,100,0,1
2007.01.22,01:43:45,1.1135908198353417,1.1404986725081856,1.0543570828744273,1.0927835914092299,100,0,1
2007.01.23,01:43:45,1.0939598475057106,1.1035434756676774,1.0487444944201214,1.0659867872401776,100,0,1
2007.01.24,01:43:45,1.1429178397720925,1.1618502470071652,1.1103348970212497,1.1432756804696687,100,0,1
2007.01.25,01:43:45,1.152363581525909,1.2171344162424502,1.0898244234715133,1.0922346287316826,100,0,1
2007.01.26,01:43:45,1.0658904087994017,1.1201335480351027,1.023107657791952,1.0749674310348203,100,0,1
2007.01.27,01:43:45,1.0224370451809361,1.066171338837838,0.9979312223243592,1.0194912945267545,100,0,1
2007.01.28,01:43:45,1.058326675610472,1.1054549873920334,1.0167838845901835,1.0976382512782699,100,0,1
2007.01.29,01:43:45,1.1146320389340745,1.1770722077912659,1.082124127907059,1.1347816100913835,100,0,1
2007.01.30,01:43:45,1.1371100809737178,1.1721646652765085,1.0927758997070356,1.109060596906555,100,0,1
2007.01.31,01:43:45,1.1047442407701504,1.1638187831143632,1.0429616409514704,1.1077753093852685,100,0,1
2007.02.01,01:43:45,1.0575409530960722,1.1445417251870924,0.9911016783009874,1.1119059445026727,100,0,1
2007.02.02,01:43:45,1.0459319724307696,1.0996870303770998,0.9689556727737269,1.092502206272754,100,0,1
2007.02.03,01:43:45,0.9733006324135385,1.028487357632254,0.9344610213377608,1.020420468035924,100,0,1
2007.02.04,01:43:45,0.9313711294303851,1.0069865123494395,0.8905559999072933,0.8939285190387009,100,0,1
2007.02.05,01:43:45,0.9137643584447313,0.9454710757982392,0.8535060366012429,0.8799382958822931,100,0,1
2007.02.06,01:43:45,0.9400052999373621,1.0118806575141648,0.9012073031332389,0.9177904382631655,100,0,1
2007.02.07,01:43:45,0.8673691470072906,0.9180899962260599,0.7976959120524006,0.8442070044597572,100,0,1
2007.02.08,01:43:45,0.899798299745787,0.94669195493534,0.8035606464228031,0.9183848992746589,100,0,1
2007.02.09,01:43:45,0.9672546691950992,1.0123710966433674,0.8882668738728283,0.991345366404519,100,0,1
2007.02.10,01:43:45,0.982248865060843,1.0365500329404755,0.9480152883499536,0.9510242721059295,100,0,1
2007.02.11,01:43:45,0.9933255108788779,1.060355381341783,0.9113773839972004,1.0540933043738356,100,0,1
2007.02.12,01:43:45,0.9075720486018134,0.9712355579324379,0.8780783202543121,0.9211176015964682,100,0,1
2007.02.13,01:43:45,0.9262624672956409,0.9490159722320387,0.8735465092856532,0.9420246134952774,100,0,1
2007.02.14,01:43:45,0.8817479989460636,0.9468324697393875,0.8745274513112384,0.9085831705965393,100,0,1
2007.02.15,01:43:45,0.9316884085719631,0.9713392680969536,0.9162318274340446,0.9701995966273902,100,0,1
2007.02.16,01:43:45,0.8879313641974267,0.9290863920642624,0.8731173965322021,0.9194332632878354,100,0,1
2007.02.17,01:43:45,0.8901993920765895,0.9803842560172277,0.8351518784483927,0.9410899382932956,100,0,1
2007.02.18,01:43:45,0.824142359997074,0.8839117051175992,0.7573631322043268,0.8460251989517092,100,0,1
2007.02.19,01:43:45,0.8563371296632242,0.9150508254676631,0.8089513624594907,0.8692093282412927,100,0,1
2007.02.20,01:43:45,0.9386317920700034,0.9489746515120899,0.8630861087868626,0.9065173890123872,100,0,1
2007.02.21,01:43:45,0.9936785938137511,1.0470392473054613,0.9646535343171663,1.0032520251721886,100,0,1
2007.02.22,01:43:45,0.887496281795985,0.9662415580714409,0.8336369282623166,0.8731783580082582,100,0,1
2007.02.23,01:43:45,0.8975946637644929,0.9350159253603217,0.8813671481128676,0.8949711024923822,100,0,1
2007.02.24,01:43:45,1.025458996090531,1.080910852180004,0.96725952920705,1.064832932960672,100,0,1
2007.02.25,01:43:45,1.0422570171812104,1.0853670994604783,1.0009275995558686,1.020432180548684,100,0,1
2007.02.26,01:43:45,1.0593363337663182,1.122885131902548,1.0011463364699134,1.0990178137037665,100,0,1
2007.02.27,01:43:45,1.0722236050168168,1.1437715798000048,1.04761424425888,1.0476647645793036,100,0,1
2007.02.28,01:43:45,1.195258166203646,1.2753242524583714,1.1426328873642915,1.2278160729665673,100,0,1
2007.03.01,01:43:45,1.1876987554664316,1.2307174573523008,1.154874794165111,1.1771858299178002,100,0,1
2007.03.02,01:43:45,1.1951757017767823,1.2416973097240127,1.1339593801479642,1.20680616208594,100,0,1
2007.03.03,01:43:45,1.2382742210033244,1.290777306450738,1.2124024732214316,1.2316838552049052,100,0,1
2007.03.04,01:43:45,1.3121506254362905,1.3589153924420192,1.2602786550433889,1.3024614011226765,100,0,1
2007.03.05,01:43:45,1.2958788414591302,1.357042974426848,1.2730786595565484,1.2760743831904706,100,0,1
2007.03.06,01:43:45,1.3554720541760554,1.449573336097461,1.262854108614064,1.293739347846545,100,0,1
2007.03.07,01:43:45,1.2730222865889615,1.3358096135861925,1.2522755972189263,1.279990683299234,100,0,1
2007.03.08,01:43:45,1.2225871090652787,1.2866206497580126,1.166061401327236,1.2679055763606528,100,0,1
2007.03.09,01:43:45,1.2112954527787958,1.2441900183103005,1.1306801833442595,1.1456779051559958,100,0,1
2007.03.10,01:43:45,1.1673586215239693,1.2258875764804193,1.1429957956705814,1.2166131353435803,100,0,1
2007.03.11,01:43:45,1.2020748815940214,1.2914365586351582,1.1407830508686443,1.1893107988567153,100,0,1
2007.03.12,01:43:45,1.2068884328683869,1.2712753231306582,1.1677151092852827,1.2607522098886805,100,0,1
2007.03.13,01:43:45,1.1362938528366537,1.2439525671804168,1.108398666878958,1.1481724142534255,100,0,1
2007.03.14,01:43:45,1.1254101719922571,1.196069891180433,1.090879483250368,1.129732106547147,100,0,1
2007.03.15,01:43:45,1.101206451233317,1.154676336660032,1.0649812071589013,1.142033791404648,100,0,1
2007.03.16,01:43:45,1.0760408249985212,1.109662145640368,1.0321258046398172,1.1004979477550856,100,0,1
2007.03.17,01:43:45,1.0373237710458927,1.1008375870433185,1.0056786638881354,1.0690707509879833,100,0,1
2007.03.18,01:43:45,1.0199611328911737,1.103384198699959,0.9202658516388351,1.0737527685625734,100,0,1
2007.03.19,01:43:45,0.9898698273391819,1.032792557670304,0.9398458896056112,0.9512119812705515,100,0,1
2007.03.20,01:43:45,1.0276736453607158,1.1122171260495097,0.9868161466263558,1.0619834498122689,100,0,1
2007.03.21,01:43:45,1.0254801001091358,1.0667056524084337,0.953069266484091,1.0186600549481992,100,0,1
2007.03.22,01:43:45,0.9979586360131631,1.039816694636521,0.9610917130733467,1.0258459749291329,100,0,1
2007.03.23,01:43:45,1.0793463346020031,1.1126659816044668,1.044062135635624,1.0905515437626216,100,0,1
2007.03.24,01:43:45,1.1525268854530486,1.1728655115130062,1.0835553985223765,1.0961854827678301,100,0,1
2007.03.25,01:43:45,1.1127004244913634,1.163747985842405,1.057206699338212,1.13596219644568,100,0,1
2007.03.26,01:43:45,1.0259359083602644,1.065231485097176,0.9757356199341698,1.0090701950163783,100,0,1
2007.03.27,01:43:45,1.077459413097538,1.0884377010671595,1.0260868335221125,1.0781829000764371,100,0,1
2007.03.28,01:43:45,1.0331244565213487,1.0991758881480835,0.9670309298312785,1.0567205492575025,100,0,1
2007.03.29,01:43:45,1.16977020498546,1.2112321959865275,1.1002698410207146,1.1556340366187468,100,0,1
2007.03.30,01:43:45,1.2080583016072326,1.2659062211779102,1.1520574244982866,1.2254772079967393,100,0,1
2007.03.31,01:43:45,1.178850802669041,1.242589439918686,1.137498316644677,1.1569850257187404,100,0,1
2007.04.01,01:43:45,1.2002005510849463,1.2490453560232249,1.1499289075951544,1.241056919115927,100,0,1
2007.04.02,01:43:45,1.1397804234525668,1.1720782516031762,1.1224458665295785,1.157283449713573,100,0,1
2007.04.03,01:43:45,0.9966379610833115,1.0648877178043767,0.9390849014070815,0.9567233600268107,100,0,1
2007.04.04,01:43:45,0.9329520522873058,0.9921697976482414,0.8363877003026039,0.8797075714275736,100,0,1
2007.04.05,01:43:45,0.8920228288804726,0.9395976267271856,0.8734790404152094,0.9322762082143256,100,0,1
2007.04.06,01:43:45,0.9269877635201033,0.9660480465132708,0.8628897457813083,0.9026213695271244,100,0,1
2007.04.07,01:43:45,0.9291479042105184,0.9551004875995227,0.885243618179503,0.912136371370035,100,0,1
2007.04.08,01:43:45,0.8934370633375575,0.9686507562290113,0.8238303581265023,0.8872248399043764,100,0,1
2007.04.09,01:43:45,0.7821155181859952,0.8378474532203223,0.7133119722642534,0.7946825674118804,100,0,1
2007.04.10,01:43:45,0.9176841771005412,0.9909834346100803,0.8684220372773818,0.9550835494304034,100,0,1
2007.04.11,01:43:45,0.9048543410020375,0.9500735292299526,0.8183209352544903,0.8525421266051203,100,0,1
2007.04.12,01:43:45,0.8437795599729339,0.872514036969895,0.8170150639749043,0.8275726295706711,100,0,1
2007.04.13,01:43:45,0.762868941059357,0.8344532899962072,0.7122141234447893,0.796402675136793,100,0,1
2007.04.14,01:43:45,0.7661755735544357,0.8140513539294557,0.7370571780843636,0.7374166801852468,100,0,1
2007.04.15,01:43:45,0.783022497374081,0.8153411467365791,0.7135407087589953,0.7235001487911882,100,0,1
2007.04.16,01:43:45,0.7800644429951383,0.807365003801687,0.7181332029540749,0.7181395710093028,100,0,1
2007.04.17,01:43:45,0.814792963200336,0.8475767655491375,0.7987448762338016,0.8009877372089935,100,0,1
2007.04.18,01:43:45,0.699464716328184,0.7190103823674148,0.6616836214224837,0.716853285372451,100,0,1
2007.04.19,01:43:45,0.7507867117010308,0.7896902409755564,0.6944599268223954,0.7668145145894407,100,0,1
2007.04.20,01:43:45,0.8733864845972921,0.9514845412674745,0.8076526495563366,0.8824499081574662,100,0,1
2007.04.21,01:43:45,0.8568722274452611,0.8802974371121964,0.7900814429332054,0.7933505597250581,100,0,1
2007.04.22,01:43:45,0.9022985997113129,0.9053193168936945,0.860384503173224,0.8942629186159569,100,0,1
2007.04.23,01:43:45,0.8486308736572634,0.9322311925115014,0.8115815843264476,0.8360978016003398,100,0,1
2007.04.24,01:43:45,0.9190513460813713,0.9394904488850456,0.8726190140135012,0.9171839633607904,100,0,1
2007.04.25,01:43:45,0.8229235415310509,0.8917400963706708,0.7704789587701726,0.8218984126359128,100,0,1
2007.04.26,01:43:45,0.7866426380116122,0.8805319321264633,0.7254353874477395,0.8276456739163022,100,0,1
2007.04.27,01:43:45,0.8453844997321778,0.9098249295635844,0.791112029663586,0.8048980304976879,100,0,1
2007.04.28,01:43:45,0.7492857727279338,0.7851289609681157,0.7175589685057997,0.7798883320164739,100,0,1
2007.04.29,01:43:45,0.6607842465125477,0.7168077847624638,0.6373548963883926,0.6668870628202277,100,0,1
2007.04.30,01:43:45,0.6460720725953998,0.6976911240770307,0.6030436424168816,0.6755306615727513,100,0,1
2007.05.01,01:43:45,0.5595964449199538,0.5743012227182954,0.5394320993388264,0.5633266534914181,100,0,1
2007.05.02,01:43:45,0.5078883771337573,0.5402234269039375,0.46337732703908985,0.47332180579437677,100,0,1
2007.05.03,01:43:45,0.5837461979814719,0.6110613068593621,0.5542338365404081,0.5769213290111855,100,0,1
2007.05.04,01:43:45,0.5627732581504428,0.5993465446575297,0.503885280929411,0.5384056813397193,100,0,1
2007.05.05,01:43:45,0.5440333827814307,0.6005195489648489,0.495926064862901,0.505672294881691,100,0,1
2007.05.06,01:43:45,0.5841784179238563,0.6441906281657244,0.5093317830671448,0.5111485376802172,100,0,1
2007.05.07,01:43:45,0.6100922566087574,0.6783011730065436,0.5578068514951724,0.609393423947569,100,0,1
2007.05.08,01:43:45,0.6318694374216999,0.6848229545383171,0.6137488932579181,0.6242300025661589,100,0,1
2007.05.09,01:43:45,0.5863434647930786,0.6542442893740983,0.5238355304001986,0.5589735225303516,100,0,1
2007.05.10,01:43:45,0.5430542088104616,0.5932741839075788,0.483861675480871,0.5127730344373761,100,0,1
2007.05.11,01:43:45,0.5947049820851653,0.6630256747979741,0.5465187972849472,0.615146378920702,100,0,1
2007.05.12,01:43:45,0.5967506007686455,0.6673056679454791,0.5284587798493734,0.5470963755670352,100,0,1
2007.05.13,01:43:45,0.5418914376727229,0.6129475253039599,0.49723514670673424,0.5939044019555557,100,0,1
2007.05.14,01:43:45,0.5680877005969784,0.6384228775554637,0.5216630266175901,0.5409195794980134,100,0,1
2007.05.15,01:43:45,0.5803934595042761,0.6143367650418557,0.5176399631751282,0.5485152324987639,100,0,1
2007.05.16,01:43:45,0.6426608439858281,0.7027846500297269,0.5542086532823606,0.6800125513903202,100,0,1
2007.05.17,01:43:45,0.6272963621751089,0.6782846085480825,0.5865627789222962,0.6507678034056283,100,0,1
2007.05.18,01:43:45,0.616208110050868,0.6431465828754104,0.5838167984988418,0.6352411835866106,100,0,1
2007.05.19,01:43:45,0.5534618539450517,0.6192192952413691,0.4822153991319544,0.5524729165616757,100,0,1
2007.05.20,01:43:45,0.4597171968699064,0.49166605961048065,0.4020519225393063,0.4831535585241608,100,0,1
2007.05.21,01:43:45,0.5613168178174858,0.6021435115155079,0.5163394582292913,0.5340454501905273,100,0,1
2007.05.22,01:43:45,0.5678448758443914,0.5795209863517258,0.5530554347547156,0.569198747073052,100,0,1
2007.05.23,01:43:45,0.5895390700764135,0.6097107484290134,0.5519889408427873,0.5895226841859803,100,0,1
2007.05.24,01:43:45,0.5819151750069372,0.6551421928482922,0.5322597991629293,0.5917669649329166,100,0,1
2007.05.25,01:43:45,0.5918216309370788,0.665094511692311,0.5565448470545822,0.5852874026526753,100,0,1
2007.05.26,01:43:45,0.6257706886081763,0.6662536805855407,0.5749709997525727,0.5897726796628697,100,0,1
2007.05.27,01:43:45,0.6329941100834364,0.6744438798424969,0.600332545933227,0.6100510197613522,100,0,1
2007.05.28,01:43:45,0.6044683841046373,0.6694675084172845,0.56190548523796,0.581799882808348,100,0,1
2007.05.29,01:43:45,0.6412356902689746,0.6739265984677026,0.6223984859020665,0.6352743355568432,100,0,1
2007.05.30,01:43:45,0.6366562598420602,0.6968247759903041,0.5548818384871085,0.659067246372268,100,0,1
2007.05.31,01:43:45,0.59894603124941,0.6507555152429694,0.5164920959401773,0.5541906448551615,100,0,1
2007.06.01,01:43:45,0.5592465042680738,0.6227984515595786,0.49973457654601855,0.5199306523817754,100,0,1
2007.06.02,01:43:45,0.5796811656655774,0.6243262144592008,0.5411963055893293,0.5575372177929556,100,0,1
2007.06.03,01:43:45,0.5410094111272902,0.6081811509519809,0.45324685237188644,0.5571478755770722,100,0,1
2007.06.04,01:43:45,0.500237503485864,0.5454913270814952,0.47378050230458224,0.49229999442509165,100,0,1
2007.06.05,01:43:45,0.4930822451991931,0.5311191238890723,0.4165882800670079,0.44079997862338627,100,0,1
2007.06.06,01:43:45,0.4699837911110425,0.5097375191081945,0.4334368597406393,0.43550642940450945,100,0,1
2007.06.07,01:43:45,0.41504019138423837,0.4512209007293082,0.3389271755574822,0.34888813038829075,100,0,1
2007.06.08,01:43:45,0.4079220034163333,0.4392747171350948,0.34903420428564524,0.38625326939439286,100,0,1
2007.06.09,01:43:45,0.40853014178042163,0.4369117792790205,0.3570530635316461,0.41669007309078904,100,0,1
2007.06.10,01:43:45,0.44172782913836695,0.4886832250353983,0.3997881803704064,0.4398084889415662,100,0,1
2007.06.11,01:43:45,0.4458110097104857,0.5141261609985377,0.412800986649409,0.43164555383465264,100,0,1
2007.06.12,01:43:45,0.34018446845746664,0.36716007791741384,0.2500375736744095,0.32680176987149423,100,0,1
2007.06.13,01:43:45,0.33004228738587116,0.4237335675996532,0.25355166683265207,0.39801898473701935,100,0,1
2007.06.14,01:43:45,0.3399215367032589,0.38945507801220386,0.3360295802436396,0.3876567819206898,100,0,1
2007.06.15,01:43:45,0.3554583785746277,0.40173645765441374,0.29616596061048883,0.33853584647382406,100,0,1
2007.06.16,01:43:45,0.38075746511278863,0.4232831221990628,0.3209200999867823,0.40575767274577496,100,0,1
2007.06.17,01:43:45,0.3544375603079548,0.40042251551543356,0.271191215432172,0.37872022712404874,100,0,1
2007.06.18,01:43:45,0.38238269888194276,0.4400316502081745,0.37635131946275213,0.38320694107751113,100,0,1
2007.06.19,01:43:45,0.36635073727145306,0.41158272195615775,0.3155344731803955,0.36705787108797827,100,0,1
2007.06.20,01:43:45,0.4566609903584022,0.49597708786746253,0.4090073130452803,0.48102066363882257,100,0,1
2007.06.21,01:43:45,0.5118929796144639,0.5841980764522167,0.4353182884412905,0.45780575859102757,100,0,1
2007.06.22,01:43:45,0.41008860053718166,0.5069333707718657,0.3566112895385936,0.4257114157892824,100,0,1
2007.06.23,01:43:45,0.49132554743529816,0.5737207679397675,0.43009207080055745,0.5381637192987574,100,0,1
2007.06.24,01:43:45,0.35740583734923087,0.37407173562142426,0.3211347067899898,0.3539319566274398,100,0,1
2007.06.25,01:43:45,0.3546840643917864,0.4262195779327879,0.26177437289347816,0.33042037583810946,100,0,1
2007.06.26,01:43:45,0.33658061267434297,0.383041423975313,0.28724160583484937,0.31941570451612133,100,0,1
2007.06.27,01:43:45,0.3697026042312665,0.40826202069426515,0.30868140087570584,0.33588472129915065,100,0,1
2007.06.28,01:43:45,0.3573292489420522,0.3593880035066351,0.3094452072792374,0.3511924821434594,100,0,1
2007.06.29,01:43:45,0.28440616592130763,0.3315548141903152,0.24669324718336955,0.2741438574326075,100,0,1
2007.06.30,01:43:45,0.2985974011497192,0.3414577461261055,0.2362081487670114,0.2743651285254671,100,0,1
2007.07.01,01:43:45,0.3517539501428985,0.38253767021971913,0.2767182455130296,0.37845123028844835,100,0,1
2007.07.02,01:43:45,0.2862067982764451,0.36995607729252,0.26311894047902395,0.314513180131734,100,0,1
2007.07.03,01:43:45,0.3038599476833325,0.364929439353458,0.24985819648226373,0.2845343108214918,100,0,1
2007.07.04,01:43:45,0.2525622142669027,0.28482108292034797,0.1668921730230996,0.19710789316439198,100,0,1
2007.07.05,01:43:45,0.31824965621799167,0.38304456354128336,0.27630161651327856,0.30851611806811696,100,0,1
2007.07.06,01:43:45,0.28030762428782185,0.29757731897083195,0.2572378273675319,0.27595513658274917,100,0,1
2007.07.07,01:43:45,0.29895339215873085,0.36000626304996497,0.2102885831752284,0.25136137029204164,100,0,1
2007.07.08,01:43:45,0.23680999535291944,0.27008645241046236,0.19322258786015573,0.2399020346648921,100,0,1
2007.07.09,01:43:45,0.2828034897803469,0.32680833367892625,0.23810983536303254,0.2381231973929795,100,0,1
2007.07.10,01:43:45,0.2263126558721246,0.2995192453124889,0.1983182638725715,0.2087723140089834,100,0,1
2007.07.11,01:43:45,0.2710465196094224,0.3246763566426944,0.2422853751871956,0.2692964582096587,100,0,1
2007.07.12,01:43:45,0.2752608984759593,0.3103967486442505,0.2094156878130689,0.2664258788978318,100,0,1
2007.07.13,01:43:45,0.2979954451871121,0.33689239085026623,0.2292743727013887,0.29195428131235546,100,0,1
2007.07.14,01:43:45,0.3106472202448793,0.35183223475906267,0.2677120657747665,0.2919803062985178,100,0,1
2007.07.15,01:43:45,0.19825115305389748,0.25531548949943983,0.12473502788095979,0.19138940818703282,100,0,1
2007.07.16,01:43:45,0.2573736536772779,0.32771020497581554,0.21878340689019493,0.2990866937318918,100,0,1
2007.07.17,01:43:45,0.19503187978732944,0.22736625714741093,0.1313617040256332,0.17508919716246246,100,0,1
2007.07.18,01:43:45,0.22124472562452419,0.2688259152330107,0.16868554482525916,0.21780060217358232,100,0,1
2007.07.19,01:43:45,0.2548758761252697,0.3428627448143481,0.21581420185552502,0.33604790394034206,100,0,1
2007.07.20,01:43:45,0.35823018742892243,0.4046006999828245,0.3417836816691635,0.3968499452299389,100,0,1
2007.07.21,01:43:45,0.3903307732369346,0.45011460253996105,0.33970246124214915,0.41946340980173613,100,0,1
2007.07.22,01:43:45,0.31868192356308084,0.32424634868781266,0.31338132251217227,0.32157871464152604,100,0,1
2007.07.23,01:43:45,0.3317346102850352,0.3709615602944878,0.30129796160359806,0.3104247760034096,100,0,1
2007.07.24,01:43:45,0.22358858845844132,0.2769392424226931,0.12941460494688728,0.1426138013324573,100,0,1
2007.07.25,01:43:45,0.2640962342551047,0.32108525100730323,0.23829729586214576,0.2798416824554554,100,0,1
2007.07.26,01:43:45,0.13031591715060864,0.1717226020153672,0.07446713482340123,0.14573382882387148,100,0,1
2007.07.27,01:43:45,0.17042201625065675,0.21381917932371403,0.09472196428211016,0.12093347395059711,100,0,1
2007.07.28,01:43:45,0.11933669396387209,0.15759570158837605,0.07377525317132716,0.10881722844160596,100,0,1
2007.07.29,01:43:45,0.13006883888871593,0.1675604372262737,0.04815526092311376,0.12986458587720787,100,0,1
2007.07.30,01:43:45,0.13869387815203535,0.18321971924861175,0.09583500871237406,0.15565849765577372,100,0,1
2007.07.31,01:43:45,0.07689319379021795,0.10934238341642777,0.012620356130787908,0.04102248042412343,100,0,1
2007.08.01,01:43:45,0.1280307277074945,0.17850233258565434,0.0832784808897385,0.09645800503212307,100,0,1
2007.08.02,01:43:45,0.05498418769895417,0.09685383943807353,-0.0033677500999275967,0.06743154107442727,100,0,1
2007.08.03,01:43:45,0.13683626404146942,0.20008099895397458,0.07964496614144431,0.1941705592121045,100,0,1
2007.08.04,01:43:45,0.09296929664693866,0.16774083419091468,0.006048830105472705,0.11429398663381572,100,0,1
2007.08.05,01:43:45,0.14443430977320618,0.22055732296699987,0.1382498887947628,0.14928808409737987,100,0,1
2007.08.06,01:43:45,0.1573647710717856,0.22128265942995023,0.13558816714951605,0.22078249717509268,100,0,1
2007.08.07,01:43:45,0.19142143339385698,0.22568590195243746,0.15047218323082212,0.20562637392184566,100,0,1
2007.08.08,01:43:45,0.15371723128614026,0.18685980319411685,0.09180556278710045,0.1525571682075818,100,0,1
2007.08.09,01:43:45,0.15808137583445064,0.163653246261288,0.0784988551411521,0.16292254255164618,100,0,1
2007.08.10,01:43:45,0.1390849926549646,0.2203753091561116,0.09191575818400002,0.11554276985147474,100,0,1
2007.08.11,01:43:45,0.15616952633338646,0.21355525924226915,0.11608656871763136,0.1376592885279222,100,0,1
2007.08.12,01:43:45,0.13702715227674184,0.1891480684529271,0.06512620183993396,0.07136826305773683,100,0,1
2007.08.13,01:43:45,0.1508441909831749,0.18050075678119998,0.13532635340642624,0.16381400258583415,100,0,1
2007.08.14,01:43:45,0.19339630311599013,0.20775729351633315,0.1788824275104472,0.2055708698496891,100,0,1
2007.08.15,01:43:45,0.17745293051345742,0.2227405581073848,0.11781189290616827,0.14483653864545926,100,0,1
2007.08.16,01:43:45,0.0528022237308225,0.09853288590700421,0.012512482605072227,0.018462650877219697,100,0,1
2007.08.17,01:43:45,0.08820533289891139,0.17022520835409927,0.028872631459582507,0.11216551171592132,100,0,1
2007.08.18,01:43:45,0.17915880380774118,0.21255478604599748,0.15521457008971362,0.18525375630309215,100,0,1
2007.08.19,01:43:45,0.1519629640548323,0.2220070747258668,0.15184578635743226,0.1617082942198066,100,0,1
2007.08.20,01:43:45,0.19449332841019498,0.23259844874531033,0.17707588382284783,0.209891198539061,100,0,1
2007.08.21,01:43:45,0.14645994266289417,0.22930909269184988,0.08185316077307168,0.22419610330629702,100,0,1
2007.08.22,01:43:45,0.20188547036556478,0.25717726034916544,0.12263495632442577,0.23309812377684969,100,0,1
2007.08.23,01:43:45,0.18020362062074488,0.24738185967582815,0.1320875379606623,0.2129170193541296,100,0,1
2007.08.24,01:43:45,0.0993293206574833,0.10821862262155563,0.03628216214998435,0.03910291680559316,100,0,1
2007.08.25,01:43:45,0.12607504687340298,0.16789704356957347,0.07181178981550612,0.11610528702808118,100,0,1
2007.08.26,01:43:45,0.06887797459226255,0.12289267222788053,0.02135852367764958,0.10149648443083942,100,0,1
2007.08.27,01:43:45,0.05460012060043806,0.11794347312514697,0.017682909546549358,0.09622474392609329,100,0,1
2007.08.28,01:43:45,0.020311963843166584,0.08686275666792573,-0.06966228081664397,-0.009306782933342361,100,0,1
2007.08.29,01:43:45,0.023124100984286217,0.06336392587922449,-0.04551844216594249,-0.029498676099812847,100,0,1
2007.08.30,01:43:45,0.05094981195768699,0.11383832848560838,-0.02958171500687156,0.055864633729680764,100,0,1
2007.08.31,01:43:45,0.057482971971030125,0.06242460391612992,-0.010162745458780084,-0.007736726655077811,100,0,1
2007.09.01,01:43:45,0.012132147679913293,0.06332388529538358,-0.04674140880862161,0.035592559434692195,100,0,1
2007.09.02,01:43:45,-0.06763846769022051,-0.01622470747405829,-0.08426052031899245,-0.05621244995159648,100,0,1
2007.09.03,01:43:45,-0.10905718384207629,-0.03763059577165466,-0.16926715321354963,-0.038255643100738757,100,0,1
2007.09.04,01:43:45,-0.10772523513253028,-0.02171514152263622,-0.13531578676419567,-0.08709481076510908,100,0,1
2007.09.05,01:43:45,-0.1705852316229278,-0.1248779578376969,-0.22379494862842159,-0.18593321090601955,100,0,1
2007.09.06,01:43:45,-0.17450975461385942,-0.12535072332702793,-0.24173903752144213,-0.18059648702820758,100,0,1
2007.09.07,01:43:45,-0.22168649687106123,-0.16690923828301327,-0.2740464016413493,-0.26064816199323815,100,0,1
2007.09.08,01:43:45,-0.2505006507785181,-0.20851110418883761,-0.284357237601356,-0.2692826031949697,100,0,1
2007.09.09,01:43:45,-0.27590245827983734,-0.20472309211222625,-0.3231612994356134,-0.21099333951479815,100,0,1
2007.09.10,01:43:45,-0.3071492282064278,-0.2709234414658319,-0.35762663498238123,-0.32485278065907053,100,0,1
2007.09.11,01:43:45,-0.1916830300748342,-0.11369508907248038,-0.21858730731746817,-0.14000993128644493,100,0,1
2007.09.12,01:43:45,-0.2825369468171865,-0.22994608386698231,-0.35338082309763375,-0.24727094520856285,100,0,1
2007.09.13,01:43:45,-0.38914219870066435,-0.28598828898890893,-0.4248897429640569,-0.29483002947882253,100,0,1
2007.09.14,01:43:45,-0.36152455722437826,-0.3309447544645046,-0.4220933013239689,-0.4159646092389613,100,0,1
2007.09.15,01:43:45,-0.34196115335967564,-0.25842290704289655,-0.41719659803371467,-0.3096982112118094,100,0,1
2007.09.16,01:43:45,-0.3625398922896941,-0.3060862851499394,-0.43317143886658793,-0.3580634475990015,100,0,1
2007.09.17,01:43:45,-0.2745931186661849,-0.2585907153164597,-0.31218543088133704,-0.29563849197878955,100,0,1
2007.09.18,01:43:45,-0.25534075756174934,-0.201672646206781,-0.3248295891229929,-0.28388526354994525,100,0,1
2007.09.19,01:43:45,-0.25616786913763945,-0.2073720124484428,-0.30360989699271745,-0.2808478138837314,100,0,1
2007.09.20,01:43:45,-0.3295793016017198,-0.26768950758109694,-0.36004816828294434,-0.3595181773113874,100,0,1
2007.09.21,01:43:45,-0.26637320912491064,-0.2373770577775999,-0.2725328291578607,-0.25872589709063765,100,0,1
2007.09.22,01:43:45,-0.3172370215612683,-0.2890505427397106,-0.38298754664405443,-0.34078483075026605,100,0,1
2007.09.23,01:43:45,-0.3323450522144265,-0.26033107547372075,-0.40979137796538523,-0.3425631464560667,100,0,1
2007.09.24,01:43:45,-0.25350007742681424,-0.1812626848047995,-0.32808007960176483,-0.22731869689958462,100,0,1
2007.09.25,01:43:45,-0.24314468263061095,-0.1928828536821369,-0.29201261032245374,-0.2206732120679654,100,0,1
2007.09.26,01:43:45,-0.17568364079409815,-0.13764111352667602,-0.2664045451264907,-0.19797245172488565,100,0,1
2007.09.27,01:43:45,-0.14503949956502635,-0.09071498324354953,-0.18175332007946124,-0.10233711727402374,100,0,1
2007.09.28,01:43:45,-0.07752792402712523,-0.024982675346613414,-0.13871288241282514,-0.041876262102488876,100,0,1
2007.09.29,01:43:45,0.007570795244586244,0.056655609068458755,-0.057267824949481946,-0.026580197966455013,100,0,1
2007.09.30,01:43:45,0.0736825272131753,0.10612009466165538,0.04866061288583497,0.09295583694886611,100,0,1
2007.10.01,01:43:45,0.10443766679613971,0.12440965630534348,-0.005890174142168025,-0.002824921013689958,100,0,1
2007.10.02,01:43:45,0.05390548654156162,0.08432833082074691,-0.015037801002965298,0.012319935165200867,100,0,1
2007.10.03,01:43:45,0.08082577222981857,0.11847849120741727,-0.00023327987020914376,0.046098764009388844,100,0,1
2007.10.04,01:43:45,0.09727990297587724,0.13443799358366565,0.05638634547392453,0.06562903561156971,100,0,1
2007.10.05,01:43:45,0.058872926600909224,0.07486683288573734,0.0025090455203847714,0.011197323526946953,100,0,1
2007.10.06,01:43:45,0.043303778031615434,0.06081027292998105,-0.021771715341550077,-0.012014229165972347,100,0,1
2007.10.07,01:43:45,0.04469564278655823,0.10145611113211656,-0.02792332058359756,-0.007759879055468266,100,0,1
2007.10.08,01:43:45,0.09697891378124843,0.15142673472260482,0.0316520578985275,0.12899424200684617,100,0,1
2007.10.09,01:43:45,0.10373945163992285,0.1432026490780194,0.06407584487068431,0.12650530835904403,100,0,1
2007.10.10,01:43:45,0.11677731158444128,0.19097799599815898,0.009739873930326895,0.05517663160764216,100,0,1
2007.10.11,01:43:45,0.1604641009062906,0.19664402197267855,0.13844409925359252,0.19546886451322001,100,0,1
2007.10.12,01:43:45,0.20310453181409543,0.2714189321792889,0.15185885631483245,0.17117738436344382,100,0,1
2007.10.13,01:43:45,0.19223024073349038,0.2286706653225409,0.15047346989667984,0.15746057374830955,100,0,1
2007.10.14,01:43:45,0.42288485742318765,0.48492416316307474,0.3689189808342691,0.4233256278466357,100,0,1
2007.10.15,01:43:45,0.33221017043195206,0.39865187168265237,0.3149851695032495,0.397962174317985,100,0,1
2007.10.16,01:43:45,0.3589409608839771,0.4057120411337793,0.3360159499380687,0.37383466597629633,100,0,1
2007.10.17,01:43:45,0.31013861712299406,0.37938841476392055,0.23469129403029476,0.26698978952317143,100,0,1
2007.10.18,01:43:45,0.36526942850013866,0.4151474865248697,0.32927171632300917,0.4076689433908863,100,0,1
2007.10.19,01:43:45,0.5119435197745397,0.5382847796283554,0.4407101904381817,0.47943708137281954,100,0,1
2007.10.20,01:43:45,0.6113721155809742,0.6646649196978048,0.5436236679345733,0.6037004468779763,100,0,1
2007.10.21,01:43:45,0.6030540561008493,0.64761387801794,0.5567308934279284,0.6304192638770205,100,0,1
2007.10.22,01:43:45,0.5982858964102081,0.6213043004749091,0.5230880441995822,0.5570750076293465,100,0,1
2007.10.23,01:43:45,0.6110355825231332,0.6749104963039051,0.5619890620904293,0.6725029541033534,100,0,1
2007.10.24,01:43:45,0.6279735434430466,0.6736357492274151,0.547181034659913,0.5668223126894949,100,0,1
2007.10.25,01:43:45,0.7014187712432767,0.7404203540603723,0.6373188909113178,0.6959952321176717,100,0,1
2007.10.26,01:43:45,0.6125144142323657,0.673866328961703,0.5540566090870034,0.615643947651673,100,0,1
2007.10.27,01:43:45,0.671690356724624,0.7070925818614284,0.616101339005166,0.6429040823037345,100,0,1
2007.10.28,01:43:45,0.5666444993663712,0.6384749502376849,0.5093654835644509,0.5916632904247427,100,0,1
2007.10.29,01:43:45,0.5222847501632122,0.5577864597892219,0.4903278276186779,0.49437202399965513,100,0,1
2007.10.30,01:43:45,0.42867076051240904,0.4918982850603669,0.34888359216453324,0.42295208782789395,100,0,1
2007.10.31,01:43:45,0.4235623354482446,0.4497141135065898,0.3587585900044685,0.3960902089933896,100,0,1
2007.11.01,01:43:45,0.4101047642976258,0.4966882395421269,0.3567765638768912,0.44965625579033464,100,0,1
2007.11.02,01:43:45,0.4244963591902077,0.45752026194875284,0.4023018193887489,0.4317669158445583,100,0,1
2007.11.03,01:43:45,0.4239837775537563,0.4362370132443025,0.37008817657616205,0.432661464196522,100,0,1
2007.11.04,01:43:45,0.46817156484569505,0.5448424131910324,0.45321938302019477,0.4868809224268394,100,0,1
2007.11.05,01:43:45,0.39601801552877425,0.45605178807083385,0.35940011896869495,0.42182065252487755,100,0,1
2007.11.06,01:43:45,0.3725536534084588,0.4249339013392529,0.2882694179131762,0.40506252337009463,100,0,1
2007.11.07,01:43:45,0.3410392238119373,0.3553046396118974,0.2626865592148357,0.2855535874355101,100,0,1
2007.11.08,01:43:45,0.3506815570282057,0.44684733401367543,0.2972182335634913,0.4099492390722311,100,0,1
2007.11.09,01:43:45,0.3444236227486948,0.4170684003413458,0.3012107987433399,0.3014145131165851,100,0,1
2007.11.10,01:43:45,0.32578504490743515,0.376622522732966,0.27058100785966654,0.27095862902850804,100,0,1
2007.11.11,01:43:45,0.34146644740302956,0.40315465076527734,0.3054247712977178,0.3847340801181043,100,0,1
2007.11.12,01:43:45,0.3207579024329625,0.3580683888944042,0.25758143226325014,0.30560499638655714,100,0,1
2007.11.13,01:43:45,0.2498185075838814,0.29856230867344874,0.18845363847739902,0.2319291228100523,100,0,1
2007.11.14,01:43:45,0.2552633954576471,0.2852442017875721,0.20126289007361617,0.24797821135160922,100,0,1
2007.11.15,01:43:45,0.24441074246676867,0.32659098964306044,0.18415506278651272,0.21908732451342072,100,0,1
2007.11.16,01:43:45,0.21356632143513646,0.2370266909800215,0.15537810146071546,0.18538157061702923,100,0,1
2007.11.17,01:43:45,0.24639389784016066,0.2837552284619388,0.1811406075525101,0.2303813664752074,100,0,1
2007.11.18,01:43:45,0.29750562445281115,0.3233351121162899,0.25716758546473145,0.2608885460644445,100,0,1
2007.11.19,01:43:45,0.29905128105121154,0.33045393285126995,0.22550617464525247,0.28747429474702485,100,0,1
2007.11.20,01:43:45,0.23151495843343314,0.2800833781146989,0.1562993667609276,0.23815034507617144,100,0,1
2007.11.21,01:43:45,0.18957121784748082,0.2744105813161648,0.13875431737298044,0.2360731936827124,100,0,1
2007.11.22,01:43:45,0.2547663304385835,0.28652963634841544,0.22501188662797433,0.26624523313229576,100,0,1
2007.11.23,01:43:45,0.23369985758866132,0.2765684961410847,0.13210436766904005,0.1876941300202188,100,0,1
2007.11.24,01:43:45,0.25524594730425676,0.2749624848421621,0.24377888744753914,0.2715555726049228,100,0,1
2007.11.25,01:43:45,0.19375992375606482,0.23896035833176715,0.15234461586594122,0.21267789778973326,100,0,1
2007.11.26,01:43:45,0.27346568860025805,0.3042094747218033,0.2069101623791088,0.25109390800412745,100,0,1
2007.11.27,01:43:45,0.374041595030975,0.41189022277817106,0.3236908109407101,0.3541464672170528,100,0,1
2007.11.28,01:43:45,0.31673872487597454,0.35941624313555387,0.2540200573555161,0.26014438830528647,100,0,1
2007.11.29,01:43:45,0.36550789857916866,0.3878126602209669,0.2925429826886154,0.37758572672693796,100,0,1
2007.11.30,01:43:45,0.4218385753289762,0.4799488487243318,0.3753178330880726,0.42708714470353276,100,0,1
2007.12.01,01:43:45,0.3949049929124701,0.4235226061574474,0.3281491159179767,0.36654799472446187,100,0,1
2007.12.02,01:43:45,0.43327867003178644,0.4778558849995513,0.37132205240276694,0.47150506903170497,100,0,1
2007.12.03,01:43:45,0.5227865954864753,0.5848077127623073,0.4899039726900581,0.5671932420261796,100,0,1
2007.12.04,01:43:45,0.4742636170147353,0.47743175004260396,0.4135226968648481,0.4770300738415645,100,0,1
2007.12.05,01:43:45,0.5237139077766444,0.5770053178112707,0.5012438300970197,0.5738640439667249,100,0,1
2007.12.06,01:43:45,0.5220302166280537,0.5731862061977492,0.44929632918706647,0.4562757541286018,100,0,1
2007.12.07,01:43:45,0.4770253827711691,0.5160526259042876,0.402250073187034,0.4215454947521451,100,0,1
2007.12.08,01:43:45,0.4639243232870227,0.5520430856647967,0.3745983801299636,0.37875898549620685,100,0,1
2007.12.09,01:43:45,0.5617345650861271,0.5920805835422853,0.5335018619361688,0.5698615366402713,100,0,1
2007.12.10,01:43:45,0.5089015849708198,0.56949215852825,0.4804373219371149,0.540696373079615,100,0,1
2007.12.11,01:43:45,0.5236582770919161,0.567052409233244,0.4961267612050471,0.5602266518666864,100,0,1
2007.12.12,01:43:45,0.5108148635001775,0.5840414560469196,0.4357696966352312,0.4856658651176407,100,0,1
2007.12.13,01:43:45,0.5647121712686128,0.6280230729543317,0.5241603256440225,0.5946281120040466,100,0,1
2007.12.14,01:43:45,0.5395787603742797,0.6063799296247363,0.472607798081683,0.5897394149778707,100,0,1
2007.12.15,01:43:45,0.5358608531461881,0.5971019609689743,0.497487332173799,0.5831856278907933,100,0,1
2007.12.16,01:43:45,0.4813258839084151,0.5302873745595404,0.4367956932742987,0.4672409239220626,100,0,1
2007.12.17,01:43:45,0.4665367821985257,0.49126612362346367,0.41360102329714743,0.43515999926420995,100,0,1
2007.12.18,01:43:45,0.38560614218605077,0.47195367212371764,0.3258477685228152,0.4554781718059874,100,0,1
2007.12.19,01:43:45,0.388442922586741,0.4531960951613431,0.32742175917741123,0.35036874739834445,100,0,1
2007.12.20,01:43:45,0.3664277236243236,0.4139667117948203,0.3147813061299376,0.40566413656096945,100,0,1
2007.12.21,01:43:45,0.3716282335379981,0.428874112433566,0.329435830702022,0.42023252676415446,100,0,1
2007.12.22,01:43:45,0.3391846229450224,0.36637048925646815,0.32045727490966325,0.32324728878228715,100,0,1
2007.12.23,01:43:45,0.445365645393837,0.5259216193790981,0.4040395548205006,0.4784582281229162,100,0,1
2007.12.24,01:43:45,0.4506025885204725,0.4902297935867747,0.38882617677746556,0.4775914894880765,100,0,1
2007.12.25,01:43:45,0.43404232754163835,0.4500543979925564,0.4026089179966149,0.40712255601097636,100,0,1
2007.12.26,01:43:45,0.4316608287620537,0.47074978248501165,0.3635422547908476,0.46987659096438694,100,0,1
2007.12.27,01:43:45,0.5247070518674471,0.5472907356748361,0.50503576008623,0.5231892230118597,100,0,1
2007.12.28,01:43:45,0.49802741109068144,0.5324036386028951,0.4477226935387322,0.4711726604356668,100,0,1
2007.12.29,01:43:45,0.4643456772152,0.5360184654821982,0.3954804960178162,0.439287649748073,100,0,1
2007.12.30,01:43:45,0.40804957522044777,0.4661428956068675,0.3745753525182519,0.45592510461303987,100,0,1
2007.12.31,01:43:45,0.432811700382331,0.4561145992731363,0.3881304137042312,0.4024278420406307,100,0,1
2008.01.01,01:43:45,0.4557134589626735,0.4935916153414727,0.44562373432064395,0.46249862869289404,100,0,1
2008.01.02,01:43:45,0.3901930072935346,0.4549698084564681,0.3564148882220602,0.3626677123420124,100,0,1
2008.01.03,01:43:45,0.3579232401167919,0.39833156380433465,0.31273373734740584,0.39544398643221634,100,0,1
2008.01.04,01:43:45,0.34201455759114013,0.39827263981069855,0.24154677764334517,0.2638933272724824,100,0,1
2008.01.05,01:43:45,0.35773027285733205,0.4298039369916884,0.3288976066117887,0.4042325428501401,100,0,1
2008.01.06,01:43:45,0.3642957224073192,0.428433120556198,0.31803390281620975,0.40417594448742744,100,0,1
2008.01.07,01:43:45,0.3997214987344348,0.4457334203677565,0.37019571689229414,0.44341417307091263,100,0,1
2008.01.08,01:43:45,0.4330066304907843,0.4761292023136905,0.37184417561236227,0.457737762574642,100,0,1
2008.01.09,01:43:45,0.5501301955706964,0.6092270379707267,0.5217997728977938,0.5901273887280106,100,0,1
2008.01.10,01:43:45,0.5609369556995359,0.6019255855435647,0.49385631811570174,0.5472497783443038,100,0,1
2008.01.11,01:43:45,0.6561890266078386,0.6965697976651011,0.5823598739320865,0.6384056097978443,100,0,1
2008.01.12,01:43:45,0.6351401972034799,0.7015690288108274,0.5625695534748986,0.5979065796464785,100,0,1
2008.01.13,01:43:45,0.7148803654928905,0.7325549578902038,0.6914968439030841,0.7190825666410533,100,0,1
2008.01.14,01:43:45,0.7145667455632114,0.7343651847067477,0.6625916066448263,0.7331133275129165,100,0,1
2008.01.15,01:43:45,0.7263821268631672,0.7626260462641008,0.6602330909623086,0.7096348032213267,100,0,1
2008.01.16,01:43:45,0.730062575944673,0.7605704794754897,0.6977960237474387,0.7436246891574094,100,0,1
2008.01.17,01:43:45,0.7405817678380232,0.8152303029880692,0.7180632584658699,0.7310364008812595,100,0,1
2008.01.18,01:43:45,0.7043494683862638,0.7526363862637556,0.6852497071524056,0.7061269276961175,100,0,1
2008.01.19,01:43:45,0.7582038641183071,0.8156171992544845,0.669216722883336,0.6819183837042464,100,0,1
2008.01.20,01:43:45,0.7610729587401998,0.7946724899614306,0.7192745699918732,0.7735948070241078,100,0,1
2008.01.21,01:43:45,0.6955215339035454,0.7523223238850503,0.6298127864231469,0.7254989757610151,100,0,1
2008.01.22,01:43:45,0.6296977785660458,0.6613807757541286,0.5684155098709276,0.6178593853262379,100,0,1
2008.01.23,01:43:45,0.7217758136267994,0.7734322570311561,0.670355406863321,0.7303902700841816,100,0,1
2008.01.24,01:43:45,0.6881622583207012,0.7383344566232716,0.6689248825005104,0.6851146328466753,100,0,1
2008.01.25,01:43:45,0.6374129158423024,0.716089195652003,0.5790190867364222,0.6371873766649393,100,0,1
2008.01.26,01:43:45,0.587888375189698,0.6381121780829092,0.5309913699447661,0.6078860448880969,100,0,1
2008.01.27,01:43:45,0.5890349022111077,0.664031601040415,0.5299860219543749,0.5621286085975254,100,0,1
2008.01.28,01:43:45,0.5815772383908536,0.6590267866234373,0.5303819223096516,0.604194645468005,100,0,1
2008.01.29,01:43:45,0.5419707313479091,0.5864789566190496,0.48489067256220647,0.5559962192639201,100,0,1
2008.01.30,01:43:45,0.467729188776038,0.5087687357686572,0.3935022705079106,0.4860608707110385,100,0,1
2008.01.31,01:43:45,0.49530759143908587,0.5575519872785537,0.4268056137962146,0.5224654079002062,100,0,1
2008.02.01,01:43:45,0.4732671259009661,0.5403381883939482,0.3945214007949536,0.5364336521378326,100,0,1
2008.02.02,01:43:45,0.39705549331559326,0.42202039171260486,0.32669181157253047,0.3881914892154797,100,0,1
2008.02.03,01:43:45,0.40084606008264084,0.42148305077202514,0.3338181726034766,0.386220832909832,100,0,1
2008.02.04,01:43:45,0.3396762946936894,0.39033841411429504,0.2882112919041946,0.340127305653998,100,0,1
2008.02.05,01:43:45,0.3047268282071877,0.3692620361628536,0.25132447059659635,0.31955218763543675,100,0,1
2008.02.06,01:43:45,0.32691726383071346,0.3725490599326721,0.2822010538781911,0.34868242141401423,100,0,1
2008.02.07,01:43:45,0.3809395053547154,0.42995047139119896,0.34667040042148545,0.39366320964292095,100,0,1
2008.02.08,01:43:45,0.3787687919806622,0.40839705327544,0.36191584264773163,0.37117822857094845,100,0,1
2008.02.09,01:43:45,0.3542179421093368,0.39975848263174796,0.3016847851210191,0.32620084831256185,100,0,1
2008.02.10,01:43:45,0.36907097681958334,0.4097311039402435,0.33918251716223796,0.3395231338811995,100,0,1
2008.02.11,01:43:45,0.3468709937546464,0.38293868566090294,0.2600174277900328,0.3023406968460186,100,0,1
2008.02.12,01:43:45,0.367288277423505,0.4268616355647186,0.30006489313447976,0.36476211270564396,100,0,1
2008.02.13,01:43:45,0.4079293586581232,0.46774749243896857,0.36863754766196416,0.44135782184392836,100,0,1
2008.02.14,01:43:45,0.45209981207193023,0.5091541292365244,0.3734358119809693,0.4971130111929333,100,0,1
2008.02.15,01:43:45,0.5208218457613837,0.5536645257608532,0.4586009409650952,0.48894205137621016,100,0,1
2008.02.16,01:43:45,0.5389726617348599,0.6010940194516804,0.51096269121174,0.5110458534353451,100,0,1
2008.02.17,01:43:45,0.45263029331065824,0.4886180218093013,0.44029702124592845,0.4666264376919806,100,0,1
2008.02.18,01:43:45,0.40740483406197003,0.45182794046639074,0.3588952881408062,0.37770729212655985,100,0,1
2008.02.19,01:43:45,0.4533571672961529,0.46716442362885957,0.4148782306613405,0.4387530815155766,100,0,1
2008.02.20,01:43:45,0.4701723946996221,0.5218821725408231,0.3912160836625709,0.4095131452760449,100,0,1
2008.02.21,01:43:45,0.5669700164557661,0.6428774392160197,0.5048275552291939,0.5309286799168886,100,0,1
2008.02.22,01:43:45,0.49042810746968163,0.5729169099380272,0.4274655965325015,0.5312163816627845,100,0,1
2008.02.23,01:43:45,0.5160727122672009,0.5983625559370999,0.4646202650135277,0.5300772438561387,100,0,1
2008.02.24,01:43:45,0.5564992090691615,0.6161872303520668,0.49807170858094013,0.5455003583867205,100,0,1
2008.02.25,01:43:45,0.5432222426018366,0.5841865208514878,0.5037493453617007,0.511741338702182,100,0,1
2008.02.26,01:43:45,0.44752608824089307,0.4898512285090847,0.397107453949469,0.48792312226614143,100,0,1
2008.02.27,01:43:45,0.4206174461237611,0.4782371176554599,0.3536051094299032,0.46490557217448886,100,0,1
2008.02.28,01:43:45,0.3715356742537997,0.40308143363558324,0.3374186836481543,0.39602826679443986,100,0,1
2008.02.29,01:43:45,0.3121552716043705,0.3420151162302806,0.257784863856341,0.2881267678113965,100,0,1
2008.03.01,01:43:45,0.25333107198071503,0.27663865103761504,0.20495005790840667,0.22128674569884396,100,0,1
2008.03.02,01:43:45,0.27250330383041343,0.3541214286134988,0.24911949972588346,0.3029208027681565,100,0,1
2008.03.03,01:43:45,0.24721924366971146,0.31700740039581865,0.19788036488742888,0.3041183684567263,100,0,1
2008.03.04,01:43:45,0.29585119770106616,0.336488422184376,0.26701754234518826,0.31400080265149455,100,0,1
2008.03.05,01:43:45,0.3424390387543529,0.40514651944500657,0.31059815872221036,0.3175941989192651,100,0,1
2008.03.06,01:43:45,0.33280210822602824,0.3814240186069329,0.2751581268294697,0.27782880824068606,100,0,1
2008.03.07,01:43:45,0.328423025603001,0.40396063855796777,0.22946148895777907,0.36865963582574013,100,0,1
2008.03.08,01:43:45,0.23821203917299488,0.28400457730705275,0.15922249255525212,0.1676004900172833,100,0,1
2008.03.09,01:43:45,0.3726383707973808,0.40400103888996824,0.30348322599046834,0.3397952723693246,100,0,1
2008.03.10,01:43:45,0.3304908745024326,0.3658206832994554,0.28847728724149113,0.34102694935303385,100,0,1
2008.03.11,01:43:45,0.3738080574291417,0.4311195771447594,0.3217938983782001,0.3758878417591739,100,0,1
2008.03.12,01:43:45,0.31713918645334327,0.32983736570531835,0.28278391037741474,0.31134065311431347,100,0,1
2008.03.13,01:43:45,0.3430573969688631,0.41348168786952116,0.26199051334705037,0.29747217664327896,100,0,1
2008.03.14,01:43:45,0.3229706168062874,0.3846719181089614,0.25299631989780325,0.3143768081045886,100,0,1
2008.03.15,01:43:45,0.33771847292853546,0.43116171476531484,0.2784273025881867,0.3460303824442795,100,0,1
2008.03.16,01:43:45,0.346505250473853,0.3724109673196287,0.2825695363818633,0.34367396460794064,100,0,1
2008.03.17,01:43:45,0.42026682808375,0.45773620695478706,0.3865181151444764,0.43233503508105653,100,0,1
2008.03.18,01:43:45,0.4526587276888919,0.49536652197052256,0.37496468951036627,0.38300726877016605,100,0,1
2008.03.19,01:43:45,0.3911315047129442,0.4472676584351482,0.3378187816627521,0.3441529066110316,100,0,1
2008.03.20,01:43:45,0.4404232042868786,0.5117048812490674,0.37466616799172037,0.5057418842790864,100,0,1
2008.03.21,01:43:45,0.4070236705118907,0.43960220145505247,0.3737907430999573,0.3777495343354529,100,0,1
2008.03.22,01:43:45,0.4305439613021288,0.43523853839460314,0.34026186812319376,0.4214801957491122,100,0,1
2008.03.23,01:43:45,0.4182718198215841,0.4681121387263327,0.3458525783770622,0.3514541350539764,100,0,1
2008.03.24,01:43:45,0.45300706842177213,0.5027997062630626,0.38439379633429605,0.4768967496780446,100,0,1
2008.03.25,01:43:45,0.42454157279470434,0.48043760492358584,0.37088329029720035,0.3820697794219651,100,0,1
2008.03.26,01:43:45,0.40434303829977714,0.47794708306142225,0.3413424358651449,0.3446603149913557,100,0,1
2008.03.27,01:43:45,0.43200709151846634,0.5017763337824416,0.3931224573136126,0.5014612650718628,100,0,1
2008.03.28,01:43:45,0.4319869148422324,0.4939021547430248,0.3878646507627749,0.48412183174028034,100,0,1
2008.03.29,01:43:45,0.5017363723963215,0.5584440952332816,0.4489280216814927,0.45820488907356616,100,0,1
2008.03.30,01:43:45,0.5710522809978872,0.6152932907666222,0.5145978810391372,0.6066058525293109,100,0,1
2008.03.31,01:43:45,0.48720079837727026,0.5176783893426086,0.4249540740603965,0.5009684881192792,100,0,1
2008.04.01,01:43:45,0.4366165264696376,0.48409828361523544,0.4078915479661674,0.43683824627916307,100,0,1
2008.04.02,01:43:45,0.546128275644354,0.5721642378765815,0.4863837151425783,0.5493026907459514,100,0,1
2008.04.03,01:43:45,0.5848826689777215,0.6537966705651402,0.5546189784451782,0.5672922019868072,100,0,1
2008.04.04,01:43:45,0.5931209790884299,0.6497971416601774,0.5240750088932384,0.5421327596929271,100,0,1
2008.04.05,01:43:45,0.6086203941293077,0.668059042196514,0.5802227893651796,0.6099353781798963,100,0,1
2008.04.06,01:43:45,0.5236053908573651,0.5615294222300271,0.4482649408078373,0.49499178853280973,100,0,1
2008.04.07,01:43:45,0.5041837775949025,0.5970575811388041,0.4869101268525609,0.5250726943417544,100,0,1
2008.04.08,01:43:45,0.43982217137510443,0.48254188437810597,0.40806126918611274,0.4687766432522759,100,0,1
2008.04.09,01:43:45,0.46551486422927857,0.527169566037325,0.41431713399033365,0.42191169259128625,100,0,1
2008.04.10,01:43:45,0.486815506327096,0.5358377386019639,0.41381530774726344,0.44389326420562303,100,0,1
2008.04.11,01:43:45,0.5121123523702876,0.5834828720085776,0.47248104146641057,0.53726671077182,100,0,1
2008.04.12,01:43:45,0.4265455060840752,0.5040693744910774,0.3736189533584433,0.4478534185782609,100,0,1
2008.04.13,01:43:45,0.512943758065346,0.593513045311435,0.4960957202748714,0.550346204784935,100,0,1
2008.04.14,01:43:45,0.49251929944783857,0.5457294439003655,0.40417058471689904,0.43773352446097,100,0,1
2008.04.15,01:43:45,0.5667906971038512,0.6017389353667214,0.49975302998977905,0.5267137837916397,100,0,1
2008.04.16,01:43:45,0.5831420503866062,0.6299750853722147,0.526831387196023,0.5882557715900262,100,0,1
2008.04.17,01:43:45,0.6363066173593428,0.6837635439755505,0.6147633744921153,0.6651930885422906,100,0,1
2008.04.18,01:43:45,0.6420473780203951,0.7073724429308452,0.5891737779728591,0.6508468384710815,100,0,1
2008.04.19,01:43:45,0.629202011492978,0.6858979241110157,0.6249923405067073,0.6290978428182645,100,0,1
2008.04.20,01:43:45,0.621877934633525,0.6545046319669493,0.6151985693263277,0.6379712767497616,100,0,1
2008.04.21,01:43:45,0.6896524478062592,0.762963499438838,0.6649242690355343,0.7507658110407045,100,0,1
2008.04.22,01:43:45,0.7552263575871865,0.7869345162862077,0.6840778207363325,0.7582488140198589,100,0,1
2008.04.23,01:43:45,0.800810700594252,0.8307936699222465,0.7340862727748803,0.7790187055618526,100,0,1
2008.04.24,01:43:45,0.8106156661325901,0.9056769981030567,0.7632538668665972,0.816365480402093,100,0,1
2008.04.25,01:43:45,0.8657984929914448,0.9433216957601418,0.8032757180399582,0.8823586131328977,100,0,1
2008.04.26,01:43:45,0.8083721480333357,0.8546692789690317,0.7501612943807929,0.8074055796270639,100,0,1
2008.04.27,01:43:45,0.9325430393677692,0.9920366079440393,0.9265916026689816,0.9366923623106093,100,0,1
2008.04.28,01:43:45,0.988645481384027,1.0325083498727725,0.9371170775290067,1.0191782754325218,100,0,1
2008.04.29,01:43:45,0.9767464081979423,1.010817357469281,0.9157467897676008,0.9705546343811567,100,0,1
2008.04.30,01:43:45,0.9694306842196199,0.986503366205068,0.921550503580253,0.9783994240994132,100,0,1
2008.05.01,01:43:45,0.9647779034299121,1.0084863397376636,0.9191937317492551,0.9799788754084439,100,0,1
2008.05.02,01:43:45,1.0199722059596408,1.0530248216082094,0.9277285943126918,0.9309479109793013,100,0,1
2008.05.03,01:43:45,0.9564957764329278,0.9759584625607539,0.8784279951965619,0.8987341311649277,100,0,1
2008.05.04,01:43:45,0.983105948741295,1.0650524087844442,0.9551831978896945,1.064811885241279,100,0,1
2008.05.05,01:43:45,0.9833665726273955,1.0250189049608696,0.9458191502245948,0.9662131690951354,100,0,1
2008.05.06,01:43:45,0.9960759945058125,1.042891426811337,0.9942223831860176,0.9949589195668014,100,0,1
2008.05.07,01:43:45,0.9931070322707968,1.062810426854788,0.9103169503411964,0.9723047487930216,100,0,1
2008.05.08,01:43:45,0.9982086712867531,1.0533208524260729,0.9591276960309055,1.0195862391356332,100,0,1
2008.05.09,01:43:45,1.0701201942553176,1.1063792325304416,1.0121724380345845,1.1023439937561312,100,0,1
2008.05.10,01:43:45,1.0773104525780646,1.1166752005640437,1.0307332680575103,1.0774679516318597,100,0,1
2008.05.11,01:43:45,1.080808333327519,1.1376441815802503,1.023558389681161,1.0875148385202256,100,0,1
2008.05.12,01:43:45,1.0168548764892438,1.05323473180983,0.9607102579086705,0.997118205614097,100,0,1
2008.05.13,01:43:45,1.0227993763817964,1.069970963585599,0.9443613283487124,0.9661744298031467,100,0,1
2008.05.14,01:43:45,1.0032538713239942,1.0447752400734005,0.965421309101116,0.978232216450816,100,0,1
2008.05.15,01:43:45,0.9912303602939653,1.0253998733096839,0.9457901284652752,0.9603014050410672,100,0,1
2008.05.16,01:43:45,1.049124989598671,1.0829136271370678,0.9819950976140933,1.0724753642580165,100,0,1
2008.05.17,01:43:45,1.0833372658105727,1.152276486732312,1.0265798638346795,1.0321754645199617,100,0,1
2008.05.18,01:43:45,1.1554255200171126,1.2222948167911176,1.1290081586787137,1.1816641828431234,100,0,1
2008.05.19,01:43:45,1.0995204222170059,1.160478056276603,1.03830425660522,1.1000406022373157,100,0,1
2008.05.20,01:43:45,1.132744135829346,1.1852016764415256,1.0964566275011511,1.1511946275984355,100,0,1
2008.05.21,01:43:45,1.1790299649458165,1.2459506734755705,1.1148229196822517,1.2078544007990215,100,0,1
2008.05.22,01:43:45,1.2210164105034198,1.2723262259930552,1.1359890562601151,1.1536377974516159,100,0,1
2008.05.23,01:43:45,1.1787975546366822,1.2325230551453328,1.1126260830382833,1.2075234168640516,100,0,1
2008.05.24,01:43:45,1.1111461879293933,1.1439087258700626,1.0514109547910921,1.0980479783781136,100,0,1
2008.05.25,01:43:45,1.0943718507316165,1.1520730285887741,1.0507081294491996,1.1337704030821016,100,0,1
2008.05.26,01:43:45,1.041687562375339,1.072870374523098,0.9922203202879374,1.0007514603580119,100,0,1
2008.05.27,01:43:45,1.0160880462453807,1.075649132426953,0.9349476138650573,1.0068625283086359,100,0,1
2008.05.28,01:43:45,0.9933919783613469,1.0314096850724082,0.9136743681273481,1.0292217745439995,100,0,1
2008.05.29,01:43:45,1.0440704861503631,1.098652858414687,0.9674203965644264,0.9769321314350826,100,0,1
2008.05.30,01:43:45,1.0258523304686897,1.0989831676685926,0.9857286473473111,1.072624664456237,100,0,1
2008.05.31,01:43:45,1.1161151060892873,1.1561879228751084,1.0489812911726724,1.0627073409002896,100,0,1
2008.06.01,01:43:45,1.1196885521657343,1.1933148091497041,1.061802031973159,1.175961439187502,100,0,1
2008.06.02,01:43:45,1.2116529858916039,1.2634352537635571,1.1909602413675169,1.2374264143173483,100,0,1
2008.06.03,01:43:45,1.1071704661189317,1.1445671217176387,1.0893677123746652,1.1059710216333556,100,0,1
2008.06.04,01:43:45,1.0579313189709285,1.1337097436491852,1.028313533316697,1.0746259554718967,100,0,1
2008.06.05,01:43:45,1.0696930265424716,1.120251670468683,1.0210776163830548,1.0683661681651642,100,0,1
2008.06.06,01:43:45,0.9782716701162362,1.0050412519348655,0.9126765066157752,0.998341015595861,100,0,1
2008.06.07,01:43:45,1.0884231994651508,1.133042764945077,1.0497196987594515,1.0761868095859441,100,0,1
2008.06.08,01:43:45,1.106371016239139,1.1547059631759071,1.0109801557422984,1.1201058545789553,100,0,1
2008.06.09,01:43:45,1.0913766829069569,1.1098890072097443,1.0684482684865573,1.0918892042292243,100,0,1
2008.06.10,01:43:45,1.1453780847531787,1.19666168019474,1.1136487786168856,1.163427509746321,100,0,1
2008.06.11,01:43:45,1.1042931302095205,1.1705333397417728,1.0391016002587432,1.0588127809447774,100,0,1
2008.06.12,01:43:45,1.0583590989854985,1.1152849366744801,1.0091668238841105,1.0144316659134676,100,0,1
2008.06.13,01:43:45,1.204498141046763,1.2580800895042001,1.1371604144606728,1.2124200238528482,100,0,1
2008.06.14,01:43:45,1.134476256631316,1.1822751735221526,1.0937853720850992,1.1596540554935255,100,0,1
2008.06.15,01:43:45,1.1092332611520925,1.1693251545905883,1.0711588954940066,1.1597753275841696,100,0,1
2008.06.16,01:43:45,1.1408479365593256,1.2464148866898666,1.0894150728918461,1.097208696597596,100,0,1
2008.06.17,01:43:45,1.1681104261739492,1.1709841794906544,1.098046290807856,1.1612277883218576,100,0,1
2008.06.18,01:43:45,1.1381075137065304,1.2000999857458219,1.116275900945695,1.1346448403869034,100,0,1
2008.06.19,01:43:45,1.1776799801926034,1.241794263015913,1.1320189848605775,1.153208773727638,100,0,1
2008.06.20,01:43:45,1.1287590754183274,1.1748166948000727,1.0815406698506755,1.1036692785466478,100,0,1
2008.06.21,01:43:45,1.1491634944814753,1.2116171853424282,1.05844123920067,1.1887142434927216,100,0,1
2008.06.22,01:43:45,1.1134956169730656,1.1285722495089132,1.0733729979305875,1.0962438439406834,100,0,1
2008.06.23,01:43:45,1.20206742004596,1.231170792385811,1.1392766952051376,1.2284770115871655,100,0,1
2008.06.24,01:43:45,1.1198375686647306,1.1770641687193069,1.085426446640253,1.1583223274088417,100,0,1
2008.06.25,01:43:45,1.1186243780933898,1.1517464079902482,1.0776525611411618,1.1084755818451553,100,0,1
2008.06.26,01:43:45,1.1212990954537436,1.1620995419018174,1.0655015404381296,1.0857240386570142,100,0,1
2008.06.27,01:43:45,1.1196541008681036,1.1998258625127665,1.0496957244802168,1.063657753724976,100,0,1
2008.06.28,01:43:45,1.08737693247826,1.1515091605457712,1.0336484367582743,1.1410721601736684,100,0,1
2008.06.29,01:43:45,1.0048166683280324,1.084253688563911,0.9394418057274262,1.0207598975023915,100,0,1
2008.06.30,01:43:45,0.9874064722567127,1.0278556290478214,0.9177975656039815,0.9943336584246708,100,0,1
2008.07.01,01:43:45,0.9898868716308694,1.065062394824046,0.9318223492390826,1.0529232167420832,100,0,1
2008.07.02,01:43:45,1.114145422045352,1.1774952702772539,1.0654422627737732,1.1407778633844288,100,0,1
2008.07.03,01:43:45,1.0117112641812354,1.1010164151211632,1.0067281906765106,1.0377480116859013,100,0,1
2008.07.04,01:43:45,1.0365214889519887,1.0815644984848356,0.9872803481650364,1.0429612335829628,100,0,1
2008.07.05,01:43:45,0.9791445108697979,1.0436075904284154,0.9515674877992849,1.014153054497238,100,0,1
2008.07.06,01:43:45,0.9325803617889346,0.9619834581317784,0.9032689129852725,0.9156863040669008,100,0,1
2008.07.07,01:43:45,0.8960795344876139,0.9866078748068955,0.8502413736000174,0.8850453896608543,100,0,1
2008.07.08,01:43:45,0.9341942833227639,0.9979982415132529,0.8891543767663973,0.962134415392311,100,0,1
2008.07.09,01:43:45,0.9522400252702967,0.9812974810762114,0.9187232313241593,0.9719577481179641,100,0,1
2008.07.10,01:43:45,1.009222686528117,1.077732498325634,0.9610595239952476,0.9653001442921355,100,0,1
2008.07.11,01:43:45,0.988548291509256,1.0272183087668942,0.9555550560104946,0.9730603107777674,100,0,1
2008.07.12,01:43:45,0.9841593292232814,1.0639828847797184,0.9186884344567698,0.9580227891502084,100,0,1
2008.07.13,01:43:45,1.030746905247715,1.0740296876610598,0.942237617387252,0.9722689820995498,100,0,1
2008.07.14,01:43:45,1.057016223549693,1.0920228843243243,1.0130765648536448,1.0744717426457735,100,0,1
2008.07.15,01:43:45,1.0427075828504364,1.08397837653375,0.9718268167880888,1.0195588479950521,100,0,1
2008.07.16,01:43:45,1.0505986397228184,1.095414602279029,1.0192051089664889,1.085487586293125,100,0,1
2008.07.17,01:43:45,1.1073895980879809,1.158338652540258,1.0881271591075705,1.1131504616331238,100,0,1
2008.07.18,01:43:45,1.046550283573264,1.0842772735387713,1.0290664825621296,1.0735770393888195,100,0,1
2008.07.19,01:43:45,1.1091683982654477,1.1699434051068418,1.063278627143591,1.0749655526402615,100,0,1
2008.07.20,01:43:45,1.1391723055178695,1.2033892336797203,1.1340878739320202,1.2003647578481254,100,0,1
2008.07.21,01:43:45,1.073596428842248,1.086700169693264,1.052088550028378,1.05799034226927,100,0,1
2008.07.22,01:43:45,1.0440383524138472,1.0908428379867379,0.9847457033548066,1.0535821695288874,100,0,1
2008.07.23,01:43:45,1.0552632158935296,1.0825549040316835,0.996362533692172,1.074242680783752,100,0,1
2008.07.24,01:43:45,1.1156635474157846,1.173903098452735,1.0530329391994178,1.114289125640142,100,0,1
2008.07.25,01:43:45,1.1099473251737046,1.1480475584461587,1.0353158503059563,1.130936433433024,100,0,1
2008.07.26,01:43:45,1.1936750603087911,1.259229719585242,1.149733888740845,1.2156133011099735,100,0,1
2008.07.27,01:43:45,1.2780666530698317,1.3254499546841116,1.207453400965745,1.295421465214944,100,0,1
2008.07.28,01:43:45,1.2397570637309576,1.2832741031274386,1.1980247593217954,1.2082892059707164,100,0,1
2008.07.29,01:43:45,1.243496212614053,1.3061834751266752,1.1787379245622949,1.2054751818947476,100,0,1
2008.07.30,01:43:45,1.263285872926768,1.3321688432711922,1.23286424031291,1.3189127742331694,100,0,1
2008.07.31,01:43:45,1.3088132111912147,1.371560430572696,1.2634262526409796,1.2774897887282586,100,0,1
2008.08.01,01:43:45,1.2089840577142608,1.2568817268200492,1.1780554897466295,1.2243708634530246,100,0,1
2008.08.02,01:43:45,1.2356257952471108,1.2766929210901796,1.169562131166204,1.2764532573256084,100,0,1
2008.08.03,01:43:45,1.282053158425002,1.3268652481551282,1.239316050522891,1.3108740678848965,100,0,1
2008.08.04,01:43:45,1.3627620685431063,1.3857042842163203,1.2813241183823538,1.3737803994422202,100,0,1
2008.08.05,01:43:45,1.3082752471430965,1.3526136934257107,1.2232802287391071,1.3089080937646158,100,0,1
2008.08.06,01:43:45,1.3516077507096278,1.412553727693392,1.310884145571859,1.3549149379684564,100,0,1
2008.08.07,01:43:45,1.3984081881561305,1.4360950936265031,1.3333561692108487,1.4042490030089607,100,0,1
2008.08.08,01:43:45,1.477316117092283,1.5010637157259783,1.3891327189530949,1.4926240180130053,100,0,1
2008.08.09,01:43:45,1.4748977677972095,1.5511519014052162,1.4178550174089732,1.4987429042790226,100,0,1
2008.08.10,01:43:45,1.5459786303834921,1.6170732661221714,1.5003718595198967,1.5795338271315063,100,0,1
2008.08.11,01:43:45,1.4956963683207385,1.5096653482727018,1.4443686574725065,1.4490427074912537,100,0,1
2008.08.12,01:43:45,1.5027995355153074,1.5831071235393608,1.4617383051976116,1.5305522310019988,100,0,1
2008.08.13,01:43:45,1.4819449906722757,1.5154079654110342,1.4593713618613475,1.4774374014473968,100,0,1
2008.08.14,01:43:45,1.4952516330200414,1.501094364015179,1.4370162133012945,1.4381897485629769,100,0,1
2008.08.15,01:43:45,1.5256716979470688,1.5906099649290306,1.5200028945067423,1.55936445145004,100,0,1
2008.08.16,01:43:45,1.5348363260804239,1.5937309146951233,1.451289357158212,1.588418752662526,100,0,1
2008.08.17,01:43:45,1.5666338904756913,1.6120083668924163,1.5422342836459955,1.5646555726567262,100,0,1
2008.08.18,01:43:45,1.4445638131389005,1.5017211509579953,1.4164857705914142,1.4965850408101702,100,0,1
2008.08.19,01:43:45,1.5162797220490816,1.5656078407726692,1.4680154217654184,1.4745783184783772,100,0,1
2008.08.20,01:43:45,1.526688842171951,1.5783195631916527,1.4990454743202384,1.5359607689100052,100,0,1
2008.08.21,01:43:45,1.4803593506747086,1.5370142697534575,1.4367618768442294,1.4718179076562015,100,0,1
2008.08.22,01:43:45,1.4121290775618696,1.4941394730838993,1.34551752182412,1.4305014105041591,100,0,1
2008.08.23,01:43:45,1.4807617499868309,1.5141228831945768,1.4247916662521174,1.5102317866409771,100,0,1
2008.08.24,01:43:45,1.3996089368743323,1.4419812352870733,1.3650418919396825,1.3792697061419508,100,0,1
2008.08.25,01:43:45,1.357662641190718,1.394638531695354,1.3166237415392812,1.3616516135354997,100,0,1
2008.08.26,01:43:45,1.3938767859072934,1.4494284198910403,1.3474146386985801,1.3756145253700298,100,0,1
2008.08.27,01:43:45,1.305382460898667,1.3437099832787935,1.2904166097349645,1.326058618965313,100,0,1
2008.08.28,01:43:45,1.3940243987417287,1.4347125088689776,1.3499783115478885,1.4109294378903536,100,0,1
2008.08.29,01:43:45,1.4710981563274046,1.5146977169025608,1.3949531440119767,1.4482215155315636,100,0,1
2008.08.30,01:43:45,1.4975327171788024,1.523476439499874,1.4637499318785256,1.5205448569144113,100,0,1
2008.08.31,01:43:45,1.494645337428671,1.5566384467347267,1.4500204728249597,1.5162719717605726,100,0,1
2008.09.01,01:43:45,1.577257190884472,1.6412005215130758,1.5296987622572442,1.5717401255729455,100,0,1
2008.09.02,01:43:45,1.6599327508542356,1.692614887116356,1.6220247076094685,1.6262947878298937,100,0,1
2008.09.03,01:43:45,1.6254736163304302,1.727567697776009,1.5753882146575666,1.599014488986426,100,0,1
2008.09.04,01:43:45,1.7087453555517365,1.7745773864237306,1.6551273097901087,1.7147556376693265,100,0,1
2008.09.05,01:43:45,1.7198847934087729,1.7945555319009454,1.6829543538839462,1.7529965472210631,100,0,1
2008.09.06,01:43:45,1.6773424261966736,1.7288673743980072,1.6546155516040184,1.6576064236977748,100,0,1
2008.09.07,01:43:45,1.6974740076090935,1.733719188271731,1.6378621200809433,1.7184464203084844,100,0,1
2008.09.08,01:43:45,1.6654366184390748,1.685051234937636,1.5801181815439995,1.645425309640858,100,0,1
2008.09.09,01:43:45,1.6928021790417191,1.7334533671620618,1.6678973097373082,1.6903848553124,100,0,1
2008.09.10,01:43:45,1.6313256515257077,1.6918612662596997,1.5760705907126407,1.616668327823065,100,0,1
2008.09.11,01:43:45,1.606460337048023,1.6210343029147982,1.5598583348696622,1.5986782036288976,100,0,1
2008.09.12,01:43:45,1.6136302746153899,1.6795017659873768,1.5698967526256833,1.6186534879678747,100,0,1
2008.09.13,01:43:45,1.6165385200904847,1.674969866430684,1.5339242628009433,1.6131657314726295,100,0,1
2008.09.14,01:43:45,1.6570287025945303,1.7116239986098243,1.5762587903024343,1.6156525385187523,100,0,1
2008.09.15,01:43:45,1.6710718224391776,1.682398714607155,1.6450871307381465,1.6727486671210725,100,0,1
2008.09.16,01:43:45,1.6691782701029036,1.7230203165395985,1.613437128343325,1.7127326001692063,100,0,1
2008.09.17,01:43:45,1.6568216583700566,1.720291466694055,1.6296373226985872,1.6886265355581975,100,0,1
2008.09.18,01:43:45,1.6195569918932209,1.621060086509087,1.5841169648508011,1.6035970458864082,100,0,1
2008.09.19,01:43:45,1.5572812491428978,1.6015209327448734,1.498340648874957,1.5735938578682613,100,0,1
2008.09.20,01:43:45,1.5884332539647956,1.6242147973536236,1.57331632863816,1.6088758200880204,100,0,1
2008.09.21,01:43:45,1.6643580842130943,1.7151919952284977,1.6193708155438413,1.622838614685751,100,0,1
2008.09.22,01:43:45,1.6026471947192098,1.6462435431805242,1.5546167354533764,1.5694931523324216,100,0,1
2008.09.23,01:43:45,1.5766059869777151,1.6085485903213967,1.5522144422120578,1.5586547287528119,100,0,1
2008.09.24,01:43:45,1.589066532808178,1.6549937789481104,1.5289756282813634,1.5967517309157502,100,0,1
2008.09.25,01:43:45,1.5475846392229893,1.5850286846136534,1.5151672425938698,1.5585300821479187,100,0,1
2008.09.26,01:43:45,1.5150053601824505,1.56965513925889,1.4401804308150767,1.5028240631183667,100,0,1
2008.09.27,01:43:45,1.4911404430889033,1.5407925896039074,1.425492757418348,1.4435132139319686,100,0,1
2008.09.28,01:43:45,1.5370188007521723,1.580878200568913,1.4923127060661299,1.5240797049006178,100,0,1
2008.09.29,01:43:45,1.5917001883984359,1.6460600459075931,1.5311201838223263,1.5986062458565191,100,0,1
2008.09.30,01:43:45,1.5697976055170686,1.6039543597165515,1.5139349389401666,1.5225769902276398,100,0,1
2008.10.01,01:43:45,1.5885999540644884,1.6045656082229556,1.5728108722980616,1.587509978996941,100,0,1
2008.10.02,01:43:45,1.5541929250331572,1.6269676747424213,1.494396448036648,1.5285926610191036,100,0,1
2008.10.03,01:43:45,1.562611755271218,1.5887037214111335,1.495881952038173,1.5164519933139116,100,0,1
2008.10.04,01:43:45,1.5184818095171146,1.5964631758291024,1.4721208814714561,1.5425146679724175,100,0,1
2008.10.05,01:43:45,1.4979362321140042,1.5560723703308181,1.4716771047264112,1.5467324109328624,100,0,1
2008.10.06,01:43:45,1.493737824627896,1.5421871010627737,1.4319384072230865,1.5323791289687314,100,0,1
2008.10.07,01:43:45,1.4645194340098842,1.5409662605546606,1.4153244448142537,1.4869585141560333,100,0,1
2008.10.08,01:43:45,1.368209677323154,1.448467446732057,1.3423283792566982,1.350867730327346,100,0,1
2008.10.09,01:43:45,1.3868582583347697,1.4511230960614296,1.3314499526239878,1.413771797204584,100,0,1
2008.10.10,01:43:45,1.375546802783882,1.4657179013089376,1.3091731740226789,1.3759089147616494,100,0,1
2008.10.11,01:43:45,1.3217022892881933,1.399030830914818,1.271657567890208,1.3302226676867315,100,0,1
2008.10.12,01:43:45,1.2357858399184702,1.3067613497083714,1.1806183678132443,1.2329243434388526,100,0,1
2008.10.13,01:43:45,1.1448910219963098,1.2059897017496466,1.0860845483701858,1.163556750619319,100,0,1
2008.10.14,01:43:45,1.182547258433449,1.2049514366007255,1.1020407740133444,1.1656207038651027,100,0,1
2008.10.15,01:43:45,1.1222057885399932,1.161670269528926,1.0521060177173414,1.1405685476251164,100,0,1
2008.10.16,01:43:45,1.1147012794407931,1.1252402845788014,1.0831422085537792,1.090433063903344,100,0,1
2008.10.17,01:43:45,1.097222261381971,1.1292714292354353,1.0543511631820228,1.0674006816181068,100,0,1
2008.10.18,01:43:45,1.0926484525759028,1.143870347191425,1.0238927311978918,1.0432604324476153,100,0,1
2008.10.19,01:43:45,1.0731957305626885,1.125133675651939,1.0226603504885128,1.094777422069035,100,0,1
2008.10.20,01:43:45,1.059056440720646,1.121752725386372,0.9999419213579722,1.093382644228218,100,0,1
2008.10.21,01:43:45,1.0695645281401616,1.1185594603492945,1.0259542048573105,1.096635727452503,100,0,1
2008.10.22,01:43:45,0.9957660267890707,1.0345339422618702,0.9210624224709664,0.9768697903111014,100,0,1
2008.10.23,01:43:45,0.9436593433822643,1.021028938899553,0.8827561674096664,0.8979120517557977,100,0,1
2008.10.24,01:43:45,0.9606483277724489,1.0297290582479317,0.9247799030414012,0.9597637415876867,100,0,1
2008.10.25,01:43:45,1.0057949219955615,1.0564203818791917,0.9295986750276497,0.935218320351866,100,0,1
2008.10.26,01:43:45,0.9503067070235616,1.0105232064453584,0.8753985650152165,0.920918542732613,100,0,1
2008.10.27,01:43:45,0.9564456124270891,0.9983373100938461,0.9329998947494806,0.9458899883538024,100,0,1
2008.10.28,01:43:45,0.9090163959693202,0.9719938295378158,0.8488781462381002,0.9215459083906157,100,0,1
2008.10.29,01:43:45,0.9332076527987677,0.9840234886801972,0.9028301624676313,0.9804127897600343,100,0,1
2008.10.30,01:43:45,0.9257335648616459,0.9450002391039074,0.8657350150828588,0.9086426776697687,100,0,1
2008.10.31,01:43:45,0.9110411337988104,0.9644053480113407,0.8422848513500724,0.9083221916711084,100,0,1
2008.11.01,01:43:45,0.932997288365393,0.980141174532653,0.8974260967233969,0.9288324865307477,100,0,1
2008.11.02,01:43:45,0.9445454599531155,1.0083739340590374,0.8863459892938458,0.902701540877512,100,0,1
2008.11.03,01:43:45,0.959161410458249,1.0175764978232997,0.8840609695737668,0.9716591436407988,100,0,1
2008.11.04,01:43:45,1.0467961797880427,1.0847733351293827,1.013451280524671,1.018765371183198,100,0,1
2008.11.05,01:43:45,1.0390752525744646,1.093837382571322,0.9623639414378253,1.090837861781644,100,0,1
2008.11.06,01:43:45,1.0966390223462825,1.1482757703683784,1.0658350396515335,1.1189666643772354,100,0,1
2008.11.07,01:43:45,1.0957599245170624,1.17179868838293,1.0485570321983997,1.1030061462786414,100,0,1
2008.11.08,01:43:45,0.9555192841067799,1.010928808528301,0.9210870977231239,1.005156852259406,100,0,1
2008.11.09,01:43:45,0.9718842503543683,1.0413998322938245,0.8934082589476859,1.036153856650715,100,0,1
2008.11.10,01:43:45,0.999770860695778,1.0519375838422962,0.9928781600094717,1.0258783254533779,100,0,1
2008.11.11,01:43:45,1.0919384260175833,1.1483079516208856,1.0583276151901866,1.1024750304192823,100,0,1
2008.11.12,01:43:45,1.0689604964905899,1.1251517043715136,1.0118364864654958,1.0878920832679622,100,0,1
2008.11.13,01:43:45,1.0878956950287848,1.1649609624106103,1.058710616183926,1.1223751290875323,100,0,1
2008.11.14,01:43:45,1.0347616849092747,1.0940238674270302,0.970178825385597,1.0820539176726687,100,0,1
2008.11.15,01:43:45,1.0577869233364883,1.0905417485371172,0.9936959507713151,1.065182318291279,100,0,1
2008.11.16,01:43:45,0.9885472284461512,1.0448202786657714,0.9542054318369511,0.986192920956156,100,0,1
2008.11.17,01:43:45,1.0367027178979178,1.0878958630244744,0.9943671826618312,1.0205381079533467,100,0,1
2008.11.18,01:43:45,1.0968521904200181,1.1702439926212358,1.0708999923733877,1.158519376994713,100,0,1
2008.11.19,01:43:45,1.117741929889211,1.1870904333283443,1.0552372629808955,1.1610705819204472,100,0,1
2008.11.20,01:43:45,1.136861543016685,1.1939286074966633,1.0700690630866014,1.140537310303693,100,0,1
2008.11.21,01:43:45,1.2081704614714377,1.2453775958428135,1.1411995137374689,1.2352915277305596,100,0,1
2008.11.22,01:43:45,1.1690843362973076,1.2140694607518208,1.103719828139384,1.1522235154198144,100,0,1
2008.11.23,01:43:45,1.203867649379098,1.2725318636434748,1.1559435993686165,1.2687910507258202,100,0,1
2008.11.24,01:43:45,1.1769355028823065,1.2199027367430615,1.1278211247946686,1.1857177720997263,100,0,1
2008.11.25,01:43:45,1.10571249653614,1.1468336743135976,1.0351661868171136,1.0821437335619604,100,0,1
2008.11.26,01:43:45,1.2103133219038344,1.2465327315829249,1.1551200239687065,1.2153177599741949,100,0,1
2008.11.27,01:43:45,1.2318763695249382,1.2567015858736659,1.1646150025802242,1.1683894598326057,100,0,1
2008.11.28,01:43:45,1.2961584804202178,1.3173830232045909,1.2745741817004033,1.2974250564842318,100,0,1
2008.11.29,01:43:45,1.1949402389933723,1.2292486212931932,1.1432250915598081,1.2109461089880913,100,0,1
2008.11.30,01:43:45,1.3021358247115733,1.3749160927833504,1.254570127017988,1.3741956047278139,100,0,1
2008.12.01,01:43:45,1.2681576696996346,1.3567699849208386,1.2305504271067285,1.3126238810509805,100,0,1
2008.12.02,01:43:45,1.3439948429537683,1.3696849590603797,1.3192598317389816,1.3478290296566118,100,0,1
2008.12.03,01:43:45,1.308004660395393,1.3599043953299335,1.2621320343601343,1.282637588255615,100,0,1
2008.12.04,01:43:45,1.3453285442129443,1.4081346713174232,1.272881030379646,1.3785078607960244,100,0,1
2008.12.05,01:43:45,1.319695100618323,1.3820786372117757,1.2636874088221302,1.311296584849475,100,0,1
2008.12.06,01:43:45,1.336078927334971,1.3993231120107719,1.3309585645608089,1.3618751276937968,100,0,1
2008.12.07,01:43:45,1.3195243705045783,1.3654489966053984,1.2639003341300166,1.3044525886257399,100,0,1
2008.12.08,01:43:45,1.3418361562152772,1.369060642179088,1.2771602343312156,1.312174137925554,100,0,1
2008.12.09,01:43:45,1.3992860083194187,1.4352058607014158,1.346324375905684,1.4193712938986327,100,0,1
2008.12.10,01:43:45,1.4213341746469716,1.471146274283568,1.3507009654335436,1.3517318769489715,100,0,1
2008.12.11,01:43:45,1.469576757037889,1.49332793249029,1.4298295814839679,1.4421983647494654,100,0,1
2008.12.12,01:43:45,1.4244487036283462,1.4608412682293896,1.383549509808459,1.4344128834151504,100,0,1
2008.12.13,01:43:45,1.4392195617891583,1.5035165867260463,1.4063923171446613,1.48393247154754,100,0,1
2008.12.14,01:43:45,1.463119418313585,1.5210393795759765,1.381554469080588,1.4903426578166794,100,0,1
2008.12.15,01:43:45,1.506757156522263,1.5906337920039546,1.4506869006412262,1.5106050650305454,100,0,1
2008.12.16,01:43:45,1.4791172520513343,1.5540902177397438,1.448323606014345,1.4499596096445675,100,0,1
2008.12.17,01:43:45,1.4494957339488472,1.5124050637835649,1.4298235632227883,1.5046372456299884,100,0,1
2008.12.18,01:43:45,1.3717992973956405,1.403211062959499,1.3231538933118316,1.375330984400511,100,0,1
2008.12.19,01:43:45,1.3674149290207864,1.3896771761448936,1.321124789548288,1.3287764903558128,100,0,1
2008.12.20,01:43:45,1.3047861023720033,1.379854834038316,1.233769353763953,1.2795288028056815,100,0,1
2008.12.21,01:43:45,1.3135105377057452,1.3172533993296935,1.252685586234404,1.296631862102251,100,0,1
2008.12.22,01:43:45,1.3579816566080656,1.3855493901456242,1.3064473536163237,1.352082541513898,100,0,1
2008.12.23,01:43:45,1.3273137004596625,1.402707752466404,1.287894422449465,1.3106856199615524,100,0,1
2008.12.24,01:43:45,1.3503601827782339,1.3861686584600976,1.333301517267583,1.3617318357087493,100,0,1
2008.12.25,01:43:45,1.3793810226519627,1.4055947205986958,1.3328138988091847,1.3762239033058385,100,0,1
2008.12.26,01:43:45,1.3943038499878178,1.4330280839386915,1.3590171938086164,1.4275120140545143,100,0,1
2008.12.27,01:43:45,1.315072347414544,1.3994040476468468,1.227522396606107,1.3489047037905237,100,0,1
2008.12.28,01:43:45,1.3969931889508636,1.463422446624973,1.344651018419189,1.3636323191046877,100,0,1
2008.12.29,01:43:45,1.4005229798205372,1.4676116363920497,1.3464821638803433,1.4522158643540721,100,0,1
2008.12.30,01:43:45,1.3664826728251516,1.4258088669326958,1.284297545193711,1.2846850671053227,100,0,1
2008.12.31,01:43:45,1.3667819303068796,1.412077164027349,1.3019867010238122,1.3799691707038617,100,0,1
2009.01.01,01:43:45,1.4215184584723388,1.4620355016141136,1.3717230157136464,1.449397093487083,100,0,1
2009.01.02,01:43:45,1.3581542725851012,1.4001002860901648,1.3211637884099074,1.3410429639212418,100,0,1
2009.01.03,01:43:45,1.3246325009057218,1.3746553597576172,1.2701148298852138,1.3213735860771205,100,0,1
2009.01.04,01:43:45,1.2641255288852062,1.343752537841302,1.21285820225088,1.229752071198571,100,0,1
2009.01.05,01:43:45,1.3453265393950404,1.4225108155348,1.2651455261349045,1.2765616421968158,100,0,1
2009.01.06,01:43:45,1.2979687124636732,1.3360634697566038,1.2551773111599382,1.3101100680166013,100,0,1
2009.01.07,01:43:45,1.3594414412281526,1.3728843783114977,1.2850575531211308,1.3186683531968861,100,0,1
2009.01.08,01:43:45,1.312302645925216,1.3690095548376375,1.2292634337437298,1.2795775763312345,100,0,1
2009.01.09,01:43:45,1.3120390177433452,1.3771600369449948,1.3048760248379114,1.3532394248733555,100,0,1
2009.01.10,01:43:45,1.3072276777546483,1.3411296210809094,1.2815194819456825,1.315561145141475,100,0,1
2009.01.11,01:43:45,1.2512768063701596,1.3134804372027113,1.1878671943843175,1.255139038856632,100,0,1
2009.01.12,01:43:45,1.2578098657082757,1.2911303457843322,1.2219115308129056,1.2689422701238273,100,0,1
2009.01.13,01:43:45,1.269938235767363,1.3231465364581723,1.25496151626806,1.3166791848361505,100,0,1
2009.01.14,01:43:45,1.1812792487857593,1.2190455606107746,1.1196934787560384,1.1476911593414045,100,0,1
2009.01.15,01:43:45,1.1230125015567962,1.1529090680731628,1.0826549988550933,1.0937768623350488,100,0,1
2009.01.16,01:43:45,1.1250970016055855,1.1797613300656549,1.0705255006226788,1.1066090454100765,100,0,1
2009.01.17,01:43:45,1.1641166219194294,1.1761478013720281,1.1172186695744368,1.1503461620648556,100,0,1
2009.01.18,01:43:45,1.1898770798170917,1.2427304117818723,1.1465708653632354,1.1947176837198503,100,0,1
2009.01.19,01:43:45,1.1932720204413605,1.2391800773495696,1.1731467930949118,1.1870566885951626,100,0,1
2009.01.20,01:43:45,1.1356591340145776,1.166360412526304,1.0535028926073187,1.1254260745511016,100,0,1
2009.01.21,01:43:45,1.110504321390651,1.1490925886029018,1.049683025400239,1.0822531203610846,100,0,1
2009.01.22,01:43:45,1.108344654580489,1.1715267765548554,1.0412999957931024,1.1093575667609241,100,0,1
2009.01.23,01:43:45,1.1156291228122783,1.1175798426425179,1.1095247590866208,1.110684076160684,100,0,1
2009.01.24,01:43:45,1.139080457399067,1.1705401079676274,1.0831693952950052,1.1237637530346765,100,0,1
2009.01.25,01:43:45,1.121388336812053,1.1652735841246433,1.08246759770498,1.1173550915143333,100,0,1
2009.01.26,01:43:45,1.0889488032204184,1.107987210153864,1.0479919669945141,1.0662514274577153,100,0,1
2009.01.27,01:43:45,1.1216641455524496,1.2164737756607573,1.053196192227703,1.1846149481410941,100,0,1
2009.01.28,01:43:45,1.138633931449689,1.1844763927551452,1.0412228757896507,1.1253393441729922,100,0,1
2009.01.29,01:43:45,1.1219679546652632,1.1514640666954747,1.0481869697739348,1.0926344549741562,100,0,1
2009.01.30,01:43:45,1.2169319452551355,1.2317768806203337,1.1532574604005417,1.1849456905431075,100,0,1
2009.01.31,01:43:45,1.1823186914189217,1.2324172264511788,1.0971837577469514,1.2140469475524924,100,0,1
2009.02.01,01:43:45,1.2593046709868179,1.3109491280025725,1.231442560258565,1.2658005035874231,100,0,1
2009.02.02,01:43:45,1.2800210902434281,1.3176503265018678,1.2251057589229124,1.310160532453802,100,0,1
2009.02.03,01:43:45,1.3607287939372081,1.4466103746869183,1.3234399603956908,1.3315165975770455,100,0,1
2009.02.04,01:43:45,1.362030850252485,1.4219679258231603,1.288630947644758,1.3173996869204678,100,0,1
2009.02.05,01:43:45,1.3470502970498215,1.385384445481728,1.2506942984641802,1.2733329225173775,100,0,1
2009.02.06,01:43:45,1.3652506926641155,1.4000055234569106,1.3018953850153117,1.3514278017847703,100,0,1
2009.02.07,01:43:45,1.3529063835361148,1.4202330300212982,1.3072580275303032,1.3163976869673222,100,0,1
2009.02.08,01:43:45,1.3363955206771154,1.4120876644880855,1.287113717083316,1.3688990436374002,100,0,1
2009.02.09,01:43:45,1.3612779107029733,1.4107886868642576,1.3030911501432256,1.3455053289759082,100,0,1
2009.02.10,01:43:45,1.4238292353574598,1.439288374569667,1.3832155445032266,1.4379793563873746,100,0,1
2009.02.11,01:43:45,1.4218595620272996,1.4910561694596616,1.3591746209491407,1.490012879960044,100,0,1
2009.02.12,01:43:45,1.4339135905317841,1.4572288726068332,1.384112960511234,1.4255358186818063,100,0,1
2009.02.13,01:43:45,1.4697416143247584,1.5560095069682713,1.43807468361112,1.4869022393381972,100,0,1
2009.02.14,01:43:45,1.5215846060015301,1.533076082389918,1.4185618966850047,1.4375269267404092,100,0,1
2009.02.15,01:43:45,1.4898609735583068,1.502318053031478,1.45733792871858,1.466631150243302,100,0,1
2009.02.16,01:43:45,1.5444036396330565,1.6004826492348074,1.5077929208574021,1.5453583031034406,100,0,1
2009.02.17,01:43:45,1.5331109125838824,1.5418959204189684,1.4492447659503433,1.4818679564303798,100,0,1
2009.02.18,01:43:45,1.5615534677884335,1.6099199983357424,1.4792640897673897,1.5204214329193289,100,0,1
2009.02.19,01:43:45,1.6298347020450272,1.6925021390495294,1.6082970660773714,1.6792977877974395,100,0,1
2009.02.20,01:43:45,1.6434956587895715,1.6731927399318753,1.5745901342462945,1.6626994676306082,100,0,1
2009.02.21,01:43:45,1.549235281181587,1.567999954421551,1.4672472234725937,1.5495249170239989,100,0,1
2009.02.22,01:43:45,1.5881440898639956,1.6904251854768022,1.5380371400911221,1.671561137047406,100,0,1
2009.02.23,01:43:45,1.5158628262495608,1.5494640377670683,1.4610288052121243,1.5215074229461578,100,0,1
2009.02.24,01:43:45,1.6114459585325236,1.6549296953855819,1.57772744196711,1.598900878690218,100,0,1
2009.02.25,01:43:45,1.6709873058179803,1.7073070599777562,1.6484991900968324,1.6653154120356708,100,0,1
2009.02.26,01:43:45,1.6432737456306659,1.6820025480257836,1.5958066274873288,1.6719053188304422,100,0,1
2009.02.27,01:43:45,1.580931674660813,1.6491101676060318,1.5360316551085074,1.5708308583747201,100,0,1
2009.02.28,01:43:45,1.6479451102329439,1.6999062936901512,1.6314598130084035,1.6559390038547859,100,0,1
2009.03.01,01:43:45,1.5434281409402026,1.5848141181829107,1.4858926498425202,1.5355534531021706,100,0,1
2009.03.02,01:43:45,1.4890600892043475,1.524340384507667,1.422395754761698,1.457134887221867,100,0,1
2009.03.03,01:43:45,1.5077532582547353,1.5592571706150826,1.4559294184927585,1.5133955595269473,100,0,1
2009.03.04,01:43:45,1.4653015050781106,1.505191217853067,1.4169479124747781,1.453282163818373,100,0,1
2009.03.05,01:43:45,1.5096060489261875,1.544385357555235,1.4303061967057726,1.4317179055056435,100,0,1
2009.03.06,01:43:45,1.448062331733417,1.5340869099809455,1.371746097551214,1.4686772661419714,100,0,1
2009.03.07,01:43:45,1.4745100337670949,1.5173742353102981,1.4094946993347826,1.4274864319412004,100,0,1
2009.03.08,01:43:45,1.4788019481271755,1.5453214478932233,1.4492295124804075,1.4880618422838072,100,0,1
2009.03.09,01:43:45,1.5130362007548621,1.5715614125548742,1.4775378703005375,1.511870573690551,100,0,1
2009.03.10,01:43:45,1.4571793627036085,1.512797098709573,1.444511554306564,1.4497748110732716,100,0,1
2009.03.11,01:43:45,1.4895777301730684,1.5364908117472964,1.4218360783592867,1.4315370621129349,100,0,1
2009.03.12,01:43:45,1.544096561740451,1.5762534923687734,1.4942087410011822,1.530831575196414,100,0,1
2009.03.13,01:43:45,1.4810977552464482,1.556101794072099,1.4338532202236316,1.5424219348593473,100,0,1
2009.03.14,01:43:45,1.5107681993715814,1.5566094000921196,1.4747116959779947,1.5089293345134411,100,0,1
2009.03.15,01:43:45,1.5447983692606806,1.5875629350307967,1.4357987645407557,1.5668936540473166,100,0,1
2009.03.16,01:43:45,1.6316188468686461,1.6537464702814157,1.5371296931577376,1.5622342065330592,100,0,1
2009.03.17,01:43:45,1.7373457509943238,1.796616205298003,1.689019296421166,1.7610632607413623,100,0,1
2009.03.18,01:43:45,1.7105207089099617,1.7678831765747964,1.6431231213553903,1.7443083381330617,100,0,1
2009.03.19,01:43:45,1.7470895450467383,1.8120272576728795,1.7110640848333536,1.7582670702715197,100,0,1
2009.03.20,01:43:45,1.786168292474891,1.8350074233818043,1.730048744503202,1.753680735207087,100,0,1
2009.03.21,01:43:45,1.6709367358730118,1.7314149222199804,1.6372939315188786,1.7157063350761828,100,0,1
2009.03.22,01:43:45,1.6362818483201809,1.6919926544706985,1.5827350841918584,1.687257816296194,100,0,1
2009.03.23,01:43:45,1.6627267495844171,1.7054615825130857,1.6214832933472016,1.6802491869051994,100,0,1
2009.03.24,01:43:45,1.6461298080424756,1.6961844832069546,1.5679714010743666,1.6149204118343137,100,0,1
2009.03.25,01:43:45,1.6231936063919281,1.646700764726329,1.5968133046899358,1.620428912884334,100,0,1
2009.03.26,01:43:45,1.6162343807517903,1.6816592054034265,1.5602298471477718,1.6306028124341705,100,0,1
2009.03.27,01:43:45,1.587047290220915,1.6008889323306787,1.5623128367827999,1.591476641712433,100,0,1
2009.03.28,01:43:45,1.566020459013148,1.5823494304281729,1.5057700533803522,1.5150315198993536,100,0,1
2009.03.29,01:43:45,1.568061825251373,1.6197823953804649,1.5222972222211009,1.6147258760532734,100,0,1
2009.03.30,01:43:45,1.6030621202575714,1.6501012299935303,1.5588900175705602,1.648770289918449,100,0,1
2009.03.31,01:43:45,1.6083958030588554,1.6581381584526,1.5657433757980026,1.629549231297006,100,0,1
2009.04.01,01:43:45,1.483643925035554,1.5219169765006089,1.4189083298610754,1.503080966066991,100,0,1
2009.04.02,01:43:45,1.4883943159581117,1.525398550997124,1.4155276459285464,1.4410979350060873,100,0,1
2009.04.03,01:43:45,1.4469202004824206,1.4851468089755138,1.385239759019527,1.411648824685172,100,0,1
2009.04.04,01:43:45,1.4086571671313122,1.4354934284883187,1.3680468250808608,1.421061511031021,100,0,1
2009.04.05,01:43:45,1.445921893195928,1.4836154609861198,1.4071989536670149,1.471213424680952,100,0,1
2009.04.06,01:43:45,1.3962462947906202,1.4450868479417638,1.2912800034549137,1.4378574052846775,100,0,1
2009.04.07,01:43:45,1.3388492766771982,1.4078695841812503,1.2838665718863553,1.3566850924546912,100,0,1
2009.04.08,01:43:45,1.4195740977974263,1.4809910234400323,1.383289211864717,1.3902551707479645,100,0,1
2009.04.09,01:43:45,1.3855691991252996,1.4161057653498654,1.3392196710196234,1.3652328426063964,100,0,1
2009.04.10,01:43:45,1.443817339399931,1.488127042567754,1.3953098396526307,1.4152776022586857,100,0,1
2009.04.11,01:43:45,1.4584696477461487,1.5023895335679862,1.415689138838571,1.493139915332121,100,0,1
2009.04.12,01:43:45,1.4739540636650694,1.536989678050058,1.394710711407504,1.4072169800258232,100,0,1
2009.04.13,01:43:45,1.4704996491207645,1.5129109678738968,1.4315170340393333,1.443952391129666,100,0,1
2009.04.14,01:43:45,1.5320803856093912,1.5953863265299988,1.466621495907218,1.490858158040735,100,0,1
2009.04.15,01:43:45,1.5533959494320697,1.6338351292574336,1.4820316908426479,1.629339592375778,100,0,1
2009.04.16,01:43:45,1.5333631462472823,1.558243822357291,1.4658056932334993,1.4725227692484077,100,0,1
2009.04.17,01:43:45,1.5362414674109994,1.566239100307547,1.4714239177215354,1.4821859787589047,100,0,1
2009.04.18,01:43:45,1.5392556327452422,1.5927474199380467,1.4846482987994842,1.5399354145557604,100,0,1
2009.04.19,01:43:45,1.6197999866746644,1.6789940363984928,1.5754232432256594,1.6466189561341806,100,0,1
2009.04.20,01:43:45,1.576213275539514,1.5956971254347099,1.5583916741047932,1.5856978726474553,100,0,1
2009.04.21,01:43:45,1.5752090994689822,1.6073836267700408,1.530265143580073,1.5952003525501877,100,0,1
2009.04.22,01:43:45,1.5902631580513766,1.6476650484400979,1.546928398641154,1.5594115641021646,100,0,1
2009.04.23,01:43:45,1.5650144774018748,1.6040829976381816,1.4952106155150058,1.5790343622434142,100,0,1
2009.04.24,01:43:45,1.5271392733425246,1.5972550597589878,1.458893342409801,1.5086721707777815,100,0,1
2009.04.25,01:43:45,1.4872788052037176,1.5313944447544574,1.4590741109111696,1.5010682577103132,100,0,1
2009.04.26,01:43:45,1.4201036622349124,1.4808426231007132,1.3600416690790735,1.3904501115381058,100,0,1
2009.04.27,01:43:45,1.4717376849382544,1.5168578069483447,1.4201074240058693,1.4499376155537413,100,0,1
2009.04.28,01:43:45,1.4685463590739227,1.5019041118677137,1.4154809008016722,1.4503741906474747,100,0,1
2009.04.29,01:43:45,1.5280386108054573,1.589972166456869,1.5048743859395248,1.55995787785428,100,0,1
2009.04.30,01:43:45,1.5373776831570176,1.6017516064362842,1.4929800035410854,1.584969996375466,100,0,1
2009.05.01,01:43:45,1.6418602556303463,1.6989891175957654,1.576035933961249,1.6244132229582933,100,0,1
2009.05.02,01:43:45,1.630605909105566,1.6895502569459429,1.5426514079382785,1.5880672606578103,100,0,1
2009.05.03,01:43:45,1.6607792627174824,1.7164463409982855,1.6101143974880558,1.6916867521921535,100,0,1
2009.05.04,01:43:45,1.5967519079083983,1.6585480257577099,1.5416143458642106,1.6114990981459827,100,0,1
2009.05.05,01:43:45,1.5222858774353052,1.6042416217888569,1.4335887275213588,1.5753422358919034,100,0,1
2009.05.06,01:43:45,1.4466020622224036,1.5001303925125735,1.4005201133464107,1.4065092367321852,100,0,1
2009.05.07,01:43:45,1.4885932155637283,1.5413117487477577,1.4462390983452322,1.4595024761538193,100,0,1
2009.05.08,01:43:45,1.5061708559196778,1.5661103249707249,1.4375156740033184,1.4892920880287206,100,0,1
2009.05.09,01:43:45,1.5211721885484395,1.556276129843276,1.471996886467652,1.511420614497929,100,0,1
2009.05.10,01:43:45,1.4702084134739457,1.5007227672870784,1.4214839647972781,1.4774976583256698,100,0,1
2009.05.11,01:43:45,1.4379876138899077,1.4731544492456228,1.3895692490026978,1.4110477504391492,100,0,1
2009.05.12,01:43:45,1.4979697832340868,1.5259157979174272,1.4420626725072265,1.4534454145100195,100,0,1
2009.05.13,01:43:45,1.5020498279476349,1.564633114561103,1.4629611148464827,1.5643446134138188,100,0,1
2009.05.14,01:43:45,1.413779346364252,1.4644568697839282,1.3603694749950848,1.408958174473946,100,0,1
2009.05.15,01:43:45,1.3322575788647837,1.382045205223504,1.2951030986483092,1.305795883293277,100,0,1
2009.05.16,01:43:45,1.3303130490749302,1.375183600941431,1.2754906487700466,1.343594922044618,100,0,1
2009.05.17,01:43:45,1.4301442645227953,1.4565602439081597,1.4077678615622804,1.4424226229437755,100,0,1
2009.05.18,01:43:45,1.4251268360939853,1.479771726457611,1.3608613251791026,1.4339761345292428,100,0,1
2009.05.19,01:43:45,1.4614311278841978,1.5212252638518495,1.4478723159255307,1.5161523239968355,100,0,1
2009.05.20,01:43:45,1.3799326598578474,1.4219424715620606,1.3179207267550945,1.3681542154011213,100,0,1
2009.05.21,01:43:45,1.413723073799746,1.4358083488229567,1.3556102296814185,1.4183384437838702,100,0,1
2009.05.22,01:43:45,1.4196395847524288,1.4801245620536536,1.3689966145581276,1.442458452707739,100,0,1
2009.05.23,01:43:45,1.4294447516182802,1.502464232930568,1.357590900106003,1.488769105385426,100,0,1
2009.05.24,01:43:45,1.4052247896505754,1.4354036882157029,1.3422217513042538,1.3686408448550513,100,0,1
2009.05.25,01:43:45,1.4351134229270142,1.4734953923827834,1.4047984304813346,1.436442460553618,100,0,1
2009.05.26,01:43:45,1.4382638524474534,1.484320771011087,1.38236892549645,1.4832108651749036,100,0,1
2009.05.27,01:43:45,1.3589303347063364,1.396241227801087,1.3302295785535867,1.3567812539310662,100,0,1
2009.05.28,01:43:45,1.4148840417592958,1.4705806033387985,1.3646190174356214,1.4102211547932268,100,0,1
2009.05.29,01:43:45,1.3232051680781494,1.3884200261490782,1.2533238002687577,1.3552099202082504,100,0,1
2009.05.30,01:43:45,1.331390976293638,1.3863230259271504,1.2932638335515048,1.3503959179742369,100,0,1
2009.05.31,01:43:45,1.3322991885579005,1.391845174238254,1.287756082273203,1.371666524163815,100,0,1
2009.06.01,01:43:45,1.2539499490365862,1.328534815115389,1.2428637131337454,1.276957835071354,100,0,1
2009.06.02,01:43:45,1.3378170492330146,1.3678475427311023,1.3152683123365567,1.3230053900767043,100,0,1
2009.06.03,01:43:45,1.3720005082892583,1.4381470735861794,1.3167983302618724,1.4357326321569255,100,0,1
2009.06.04,01:43:45,1.3805195647299462,1.441846239662931,1.3491503856730143,1.3669078720800607,100,0,1
2009.06.05,01:43:45,1.440472337313768,1.5098282294923777,1.3990105726184103,1.4565131144356966,100,0,1
2009.06.06,01:43:45,1.5129625740385213,1.5365968393728695,1.483263568726737,1.524570426452679,100,0,1
2009.06.07,01:43:45,1.5053228096111002,1.5872198418495063,1.4439729975110334,1.5069269816980126,100,0,1
2009.06.08,01:43:45,1.4998913141147525,1.5220118456483434,1.4422141986370387,1.4703797689982692,100,0,1
2009.06.09,01:43:45,1.4762605381074254,1.5578995170376355,1.4066162001184026,1.4315132292815682,100,0,1
2009.06.10,01:43:45,1.5242831961645247,1.59440298914296,1.4477867940727287,1.465771639694681,100,0,1
2009.06.11,01:43:45,1.6566865529205481,1.7009348572731602,1.610291406358842,1.6960315205257714,100,0,1
2009.06.12,01:43:45,1.74196702678233,1.787051876348725,1.6944393858447553,1.7001048451111471,100,0,1
2009.06.13,01:43:45,1.6787888625102305,1.7073022217390357,1.6142138364132286,1.674472619794112,100,0,1
2009.06.14,01:43:45,1.6452135744307497,1.6801922443220692,1.6042204818773833,1.6647443467994123,100,0,1
2009.06.15,01:43:45,1.6170936034289953,1.6678692019837031,1.529242671220822,1.5295677362986575,100,0,1
2009.06.16,01:43:45,1.6056595696779712,1.674565781470478,1.5416007606133204,1.599450659082714,100,0,1
2009.06.17,01:43:45,1.6611276156260852,1.7038592148150435,1.5722875729571835,1.6536409309297242,100,0,1
2009.06.18,01:43:45,1.7062101476738916,1.7628982380621991,1.661574549306809,1.7485061628263894,100,0,1
2009.06.19,01:43:45,1.6938218740173243,1.7324488020261324,1.6548143771124564,1.7005500317087594,100,0,1
2009.06.20,01:43:45,1.6353278206572572,1.7011778765863736,1.608602095676895,1.6462084337841998,100,0,1
2009.06.21,01:43:45,1.7497358764137498,1.7789913525581023,1.7082329259768316,1.714080253023196,100,0,1
2009.06.22,01:43:45,1.8193488423235264,1.8716310686413735,1.7906515311809008,1.7962996380567682,100,0,1
2009.06.23,01:43:45,1.8451988736150615,1.8990949220502158,1.8197989619322643,1.830396198316896,100,0,1
2009.06.24,01:43:45,1.7894413475460382,1.8439235467870136,1.7404438070910064,1.8349169257852367,100,0,1
2009.06.25,01:43:45,1.7982646235805322,1.8373983755392944,1.77502671354727,1.82040088894195,100,0,1
2009.06.26,01:43:45,1.7453940235963865,1.823253284315871,1.6703536112057105,1.6739919495001676,100,0,1
2009.06.27,01:43:45,1.7010208192872565,1.757106327831456,1.6373527977874192,1.684436687545607,100,0,1
2009.06.28,01:43:45,1.7041061464540574,1.741659860715004,1.6493119833365046,1.652642277042571,100,0,1
2009.06.29,01:43:45,1.7561573099217413,1.8281406286352277,1.6729888781715934,1.7168527414742276,100,0,1
2009.06.30,01:43:45,1.697417941062262,1.7717752576359165,1.6320714381694346,1.653639607264392,100,0,1
2009.07.01,01:43:45,1.7577636338904437,1.837745688769257,1.7180415302072574,1.8358800957998545,100,0,1
2009.07.02,01:43:45,1.7518972933474395,1.8333252967464384,1.678761366907013,1.7013877002580438,100,0,1
2009.07.03,01:43:45,1.7442248243444616,1.7891538346332547,1.670284891314017,1.7574142392842287,100,0,1
2009.07.04,01:43:45,1.8353261841677415,1.8848096504565783,1.757586538576345,1.7716358470345008,100,0,1
2009.07.05,01:43:45,1.772431231201031,1.839349335539176,1.681214606010468,1.7654231079985607,100,0,1
2009.07.06,01:43:45,1.9213246149688497,2.029980895419046,1.8395782507931309,1.983743126454035,100,0,1
2009.07.07,01:43:45,1.8763855621424195,1.8901925181080443,1.8059723975910773,1.8838306722297653,100,0,1
2009.07.08,01:43:45,1.9278382744482743,2.0043188912161556,1.8936569078938097,1.9125904207210913,100,0,1
2009.07.09,01:43:45,1.868279351668858,1.9268254198270427,1.7992753414354261,1.8925355211070867,100,0,1
2009.07.10,01:43:45,1.8828680703210363,1.9332490961155995,1.8430613180090842,1.877292792898115,100,0,1
2009.07.11,01:43:45,1.7879533326238635,1.836158481656288,1.7022590753383342,1.796368484581696,100,0,1
2009.07.12,01:43:45,1.8368724183652323,1.8847342226701012,1.7872790420825835,1.794729364046834,100,0,1
2009.07.13,01:43:45,1.903070305410495,1.9536286156514653,1.8461775112510403,1.926311521676207,100,0,1
2009.07.14,01:43:45,1.896656900703577,1.9485476958913843,1.8577379996917167,1.9220247115117324,100,0,1
2009.07.15,01:43:45,1.8377517886876242,1.8873839810909003,1.774838019399457,1.8595741960396763,100,0,1
2009.07.16,01:43:45,1.8440517848073874,1.907625206378073,1.7921109927873258,1.795452543290619,100,0,1
2009.07.17,01:43:45,1.838734993623647,1.946204349457703,1.7738172549405,1.882679652388431,100,0,1
2009.07.18,01:43:45,1.7945352632130631,1.8315417895968031,1.752882064945084,1.7964280718188719,100,0,1
2009.07.19,01:43:45,1.835096903029012,1.8819160927461482,1.751752290613775,1.7575979246340736,100,0,1
2009.07.20,01:43:45,1.8294123666263957,1.880116329887988,1.7904936942643976,1.8441706293658855,100,0,1
2009.07.21,01:43:45,1.7706491425653217,1.8282633461740496,1.722543938039016,1.814423536234942,100,0,1
2009.07.22,01:43:45,1.745173578012233,1.8462174316384359,1.6845482350129939,1.6973486524611034,100,0,1
2009.07.23,01:43:45,1.766606879272329,1.803503786593371,1.7147060148952264,1.729474965173765,100,0,1
2009.07.24,01:43:45,1.725040253210024,1.7863869332518878,1.690423935162314,1.7721885839803924,100,0,1
2009.07.25,01:43:45,1.6549130232176479,1.750190147331606,1.609747785130896,1.7221504561220333,100,0,1
2009.07.26,01:43:45,1.530091435113389,1.581475069770267,1.4415805271857054,1.4871375205631452,100,0,1
2009.07.27,01:43:45,1.5474276126016473,1.6105261090726568,1.491456765373074,1.5962084039898348,100,0,1
2009.07.28,01:43:45,1.6545283938810909,1.7014754948199076,1.6306234696634305,1.6959343221746497,100,0,1
2009.07.29,01:43:45,1.6813114258068917,1.7242470091429527,1.6187589487289697,1.708527385743669,100,0,1
2009.07.30,01:43:45,1.706929406043938,1.7615891516595021,1.651989696013893,1.6675461251795172,100,0,1
2009.07.31,01:43:45,1.6635758965514733,1.708787704806687,1.6095433284704577,1.6218619136373988,100,0,1
2009.08.01,01:43:45,1.77786295857026,1.8503076700391348,1.7196555583448971,1.81239464952685,100,0,1
2009.08.02,01:43:45,1.8644131221062135,1.9209244881306462,1.7923525571111016,1.8352221154509871,100,0,1
2009.08.03,01:43:45,1.897619175475309,1.9671567256032567,1.8333026650023032,1.9266529035001043,100,0,1
2009.08.04,01:43:45,1.973081380227424,2.0122866731046294,1.9358909465480385,1.9887929318965583,100,0,1
2009.08.05,01:43:45,1.9594553549863172,1.983163293468163,1.9575607755657751,1.9720204638066996,100,0,1
2009.08.06,01:43:45,1.9319463835837831,1.9719990067419095,1.8763553610727883,1.9190028349477937,100,0,1
2009.08.07,01:43:45,1.9553939176870063,2.025474929173898,1.9176436943214035,1.9988971240076499,100,0,1
2009.08.08,01:43:45,1.9419646920814673,2.0018093013895326,1.8949623435613003,1.9342892881226896,100,0,1
2009.08.09,01:43:45,1.889810186201776,1.9335065874103874,1.8532012970556573,1.9226559795059421,100,0,1
2009.08.10,01:43:45,1.9767615630393411,2.0341000800436926,1.961757667643611,2.0109535457188996,100,0,1
2009.08.11,01:43:45,2.108758723413542,2.16765756174794,2.0745340671859362,2.152433083188149,100,0,1
2009.08.12,01:43:45,2.101285598670291,2.147535810367347,2.046470510560083,2.131232948041246,100,0,1
2009.08.13,01:43:45,2.1497875425565764,2.221126612961687,2.098611011843273,2.2063247873755265,100,0,1
2009.08.14,01:43:45,2.192892277865571,2.2412078507146087,2.1518409892619736,2.154656230446597,100,0,1
2009.08.15,01:43:45,2.2902657403130298,2.3658451651558274,2.2682379325255404,2.36218578063057,100,0,1
2009.08.16,01:43:45,2.302678587575166,2.356081763821797,2.2760723896678043,2.3213261846909137,100,0,1
2009.08.17,01:43:45,2.382969254164871,2.399358110435099,2.3299581331791615,2.3703019232707514,100,0,1
2009.08.18,01:43:45,2.47354182346695,2.530880586135545,2.4646019691843817,2.4803480796492634,100,0,1
2009.08.19,01:43:45,2.443074210006661,2.4964500777391403,2.380095178187449,2.3889907604793907,100,0,1
2009.08.20,01:43:45,2.5078511932030034,2.583491382284201,2.4530455440742864,2.4826067765062985,100,0,1
2009.08.21,01:43:45,2.4155472097378836,2.4632744372518944,2.3536899145643475,2.444198942965166,100,0,1
2009.08.22,01:43:45,2.4574357041104826,2.548829963889322,2.3955648414151445,2.455720056178943,100,0,1
2009.08.23,01:43:45,2.43931880326952,2.5070099113847006,2.4102700980280685,2.4311784521618436,100,0,1
2009.08.24,01:43:45,2.4600066249578134,2.504423112396978,2.4017201771229524,2.417219514890708,100,0,1
2009.08.25,01:43:45,2.5957002311989026,2.6206147208481485,2.5557674133134114,2.5558701139885884,100,0,1
2009.08.26,01:43:45,2.5822705459230764,2.645074797836036,2.5758062319237327,2.6059355666857904,100,0,1
2009.08.27,01:43:45,2.4419297458297,2.5122367755872625,2.395484020925268,2.469060083444331,100,0,1
2009.08.28,01:43:45,2.416510851237008,2.4991506135270476,2.364977089664892,2.4861374688181894,100,0,1
2009.08.29,01:43:45,2.489093410599381,2.5460634462959666,2.436006477237568,2.4940946259937515,100,0,1
2009.08.30,01:43:45,2.5643553827359438,2.6231447536529413,2.5355637896504777,2.575840355879541,100,0,1
2009.08.31,01:43:45,2.591566804792481,2.598792965355998,2.5344925316976212,2.5572667253041304,100,0,1
2009.09.01,01:43:45,2.5264435097322933,2.582243656063447,2.4546027476072942,2.5265351343951594,100,0,1
2009.09.02,01:43:45,2.5359115814161606,2.5712466093036896,2.4784457275154526,2.561131347430878,100,0,1
2009.09.03,01:43:45,2.5434660633425294,2.5878967871582677,2.503397645058492,2.5052032997750966,100,0,1
2009.09.04,01:43:45,2.5400229300584276,2.6342342630851796,2.498605958062651,2.5195720398989607,100,0,1
2009.09.05,01:43:45,2.5742684963902516,2.593684112271019,2.502829531917986,2.5324632588698024,100,0,1
2009.09.06,01:43:45,2.5778135480586917,2.637191059941065,2.5348944781763514,2.539929436835902,100,0,1
2009.09.07,01:43:45,2.571769116453507,2.6165233977816604,2.557102773377149,2.5719907591375946,100,0,1
2009.09.08,01:43:45,2.653615805233523,2.697339788625613,2.6183670489274675,2.687796427193011,100,0,1
2009.09.09,01:43:45,2.648190447070265,2.72711559177819,2.595251342329028,2.6306320938388317,100,0,1
2009.09.10,01:43:45,2.6194921978971473,2.6509613607389677,2.5818842981735783,2.6266780058252537,100,0,1
2009.09.11,01:43:45,2.576418690603766,2.620390796644167,2.524194171518341,2.5361295223417017,100,0,1
2009.09.12,01:43:45,2.4814175205082396,2.5361245706408075,2.424064532003996,2.4505559578607192,100,0,1
2009.09.13,01:43:45,2.3706218217486117,2.435401635291092,2.308230205452007,2.4063428920953394,100,0,1
2009.09.14,01:43:45,2.4102044475863984,2.4385754786131306,2.373990067783656,2.420039196073328,100,0,1
2009.09.15,01:43:45,2.359083409428425,2.4331893447839734,2.2818783222584496,2.394025362369714,100,0,1
2009.09.16,01:43:45,2.340396245608976,2.3873534819278865,2.30743630158569,2.3088329677781143,100,0,1
2009.09.17,01:43:45,2.390152481452887,2.440176574938375,2.3491822949005523,2.434757160155891,100,0,1
2009.09.18,01:43:45,2.3684471869560695,2.417801928718778,2.3449592710825446,2.3597439549903148,100,0,1
2009.09.19,01:43:45,2.3826216603849253,2.386028817585188,2.3332002976123314,2.3601354435354676,100,0,1
2009.09.20,01:43:45,2.3899168506360002,2.479894261935822,2.3735020193084617,2.461184413932134,100,0,1
2009.09.21,01:43:45,2.3756322983540046,2.4694941178608416,2.3048865890469052,2.373971893984531,100,0,1
2009.09.22,01:43:45,2.3488054306621953,2.3781862631668393,2.3168445067883234,2.34055834186428,100,0,1
2009.09.23,01:43:45,2.313773806218814,2.419300321617419,2.263092075018378,2.4025526207873042,100,0,1
2009.09.24,01:43:45,2.2492339453896073,2.305049319103008,2.191979819317973,2.2750690747198252,100,0,1
2009.09.25,01:43:45,2.318044220018685,2.3742084970829183,2.2591638568356753,2.3613508261764307,100,0,1
2009.09.26,01:43:45,2.393490612795144,2.414588792275869,2.3414204278337056,2.412726476106084,100,0,1
2009.09.27,01:43:45,2.394376784385224,2.4598737314757306,2.351044389064173,2.4110058000982084,100,0,1
2009.09.28,01:43:45,2.3243439454191956,2.3301341847055834,2.258815479340578,2.2695408258202487,100,0,1
2009.09.29,01:43:45,2.373618453218537,2.4125498204921327,2.3286949592735926,2.401351684435852,100,0,1
2009.09.30,01:43:45,2.358597658289808,2.391165945465256,2.3082228574281065,2.332698307377499,100,0,1
2009.10.01,01:43:45,2.368682837754901,2.4377436321000507,2.3251428429452052,2.3916974114818768,100,0,1
2009.10.02,01:43:45,2.4017686335524226,2.480912985063198,2.3400841380371578,2.3986282570107886,100,0,1
2009.10.03,01:43:45,2.435156550627787,2.5032751887299383,2.399393565483704,2.3997518959431194,100,0,1
2009.10.04,01:43:45,2.409348099260054,2.4781254780547446,2.3758570589007775,2.3817784681866567,100,0,1
2009.10.05,01:43:45,2.493946901287054,2.5071010405349834,2.4391026630860666,2.4739356503893815,100,0,1
2009.10.06,01:43:45,2.517259806811617,2.578141163881708,2.466962788784943,2.484073576651268,100,0,1
2009.10.07,01:43:45,2.473629868692396,2.543454750099386,2.428806096337405,2.4357833620699365,100,0,1
2009.10.08,01:43:45,2.465382180122054,2.5224008034083063,2.4460318032177444,2.520249252853072,100,0,1
2009.10.09,01:43:45,2.4906564928295682,2.521392653964372,2.4282108012385843,2.445042685100117,100,0,1
2009.10.10,01:43:45,2.5559021536775557,2.6088558862160567,2.503221188969653,2.5260992262901154,100,0,1
2009.10.11,01:43:45,2.5297535038466017,2.5753241674299114,2.4993407997442643,2.541788780150225,100,0,1
2009.10.12,01:43:45,2.5220225371064404,2.549720616658506,2.4568465342782333,2.506922108733197,100,0,1
2009.10.13,01:43:45,2.5621801800706128,2.612065544381537,2.4981284246910977,2.587624039974428,100,0,1
2009.10.14,01:43:45,2.541881556359833,2.5744943204583572,2.4599245191609356,2.4959555331068892,100,0,1
2009.10.15,01:43:45,2.4748741139545785,2.479401492697835,2.437251993393112,2.460747662158535,100,0,1
2009.10.16,01:43:45,2.4543630609875016,2.488980708042702,2.407443938270451,2.4244078877710056,100,0,1
2009.10.17,01:43:45,2.534183474240044,2.5792851190282606,2.476900549706943,2.542912314261401,100,0,1
2009.10.18,01:43:45,2.590949159740377,2.6450036708095634,2.550712079859046,2.5782881204387547,100,0,1
2009.10.19,01:43:45,2.6312130753965017,2.682941887380457,2.5553240116138016,2.651685590358028,100,0,1
2009.10.20,01:43:45,2.522974038253342,2.586441744461699,2.4657064637001285,2.5123654607718864,100,0,1
2009.10.21,01:43:45,2.591728308727595,2.6416514979322856,2.523362174989505,2.62265642159355,100,0,1
2009.10.22,01:43:45,2.648932597973864,2.7191659006470217,2.597022459753309,2.7017991122190055,100,0,1
2009.10.23,01:43:45,2.554685431432757,2.60957726325576,2.4980593004979204,2.5255960732890754,100,0,1
2009.10.24,01:43:45,2.612252460578309,2.6590050073394194,2.5613674349386537,2.648256882478699,100,0,1
2009.10.25,01:43:45,2.652857041264966,2.707044075670149,2.6082699829970024,2.6141899957828185,100,0,1
2009.10.26,01:43:45,2.6051102360348337,2.6653391764925254,2.5482145845303488,2.6147143135308624,100,0,1
2009.10.27,01:43:45,2.6581243534812713,2.737854716776043,2.607841257693671,2.72723049240436,100,0,1
2009.10.28,01:43:45,2.6789849703594713,2.7199082945435533,2.6277504824527975,2.640997255197649,100,0,1
2009.10.29,01:43:45,2.735834332162344,2.813574348857821,2.6918531233674536,2.7319229530574383,100,0,1
2009.10.30,01:43:45,2.8156579835259885,2.868953207179225,2.7729628210022486,2.8377547535643344,100,0,1
2009.10.31,01:43:45,2.896527600631041,2.9863572692710263,2.839389687146473,2.8658215742300728,100,0,1
2009.11.01,01:43:45,2.8930003952503864,2.9400456768392305,2.8533325871329125,2.9031715254026733,100,0,1
2009.11.02,01:43:45,2.9409690954197854,3.009398683475778,2.881790188137409,2.9736810944216323,100,0,1
2009.11.03,01:43:45,2.85776250116812,2.919023328823383,2.7993315158671837,2.8352365414931424,100,0,1
2009.11.04,01:43:45,2.857218032455996,2.9037764025615864,2.800192041658225,2.8347633378261503,100,0,1
2009.11.05,01:43:45,2.877191724959473,2.9332385792104665,2.818671903403105,2.864804486235122,100,0,1
2009.11.06,01:43:45,2.873548698310739,2.905792722816598,2.82826674559211,2.882957541451368,100,0,1
2009.11.07,01:43:45,2.858838292205046,2.9250880841687126,2.8008003509332764,2.898497958771109,100,0,1
2009.11.08,01:43:45,2.8570431742817584,2.909206129504377,2.8081054451018606,2.830609347082492,100,0,1
2009.11.09,01:43:45,2.856186638423987,2.953219433593124,2.8165532217786424,2.9214612472396255,100,0,1
2009.11.10,01:43:45,2.871703000609625,2.9123168129603583,2.824345968354405,2.9091245976036713,100,0,1
2009.11.11,01:43:45,2.8230035660479698,2.8689547902049717,2.7598679932140606,2.8494844822131262,100,0,1
2009.11.12,01:43:45,2.8090133722016066,2.8755439640898093,2.7784857239076084,2.831779520897195,100,0,1
2009.11.13,01:43:45,2.814565502401263,2.841950500947214,2.757585460249235,2.8377914095823047,100,0,1
2009.11.14,01:43:45,2.764277252236165,2.810219692358118,2.708277439250961,2.74123786796812,100,0,1
2009.11.15,01:43:45,2.764869109835055,2.83598643558508,2.6863646258191456,2.7013331130790417,100,0,1
2009.11.16,01:43:45,2.8147266604384615,2.8869134511708126,2.7557496135425343,2.8516361643374175,100,0,1
2009.11.17,01:43:45,2.848419390493783,2.9094795937334794,2.8037270106096535,2.822183398632986,100,0,1
2009.11.18,01:43:45,2.8076900727008303,2.8125810469916366,2.741182641196682,2.8035678228473047,100,0,1
2009.11.19,01:43:45,2.9207412662293835,2.98332979316383,2.888597854279153,2.9625003719789267,100,0,1
2009.11.20,01:43:45,2.9180408514266185,3.0314643831799546,2.859369117709684,2.8898865808416385,100,0,1
2009.11.21,01:43:45,2.9884150541354946,3.032651326988398,2.9347591663300014,3.011568264281133,100,0,1
2009.11.22,01:43:45,2.95518699354018,3.0394548547585662,2.870485381107703,3.019142921280458,100,0,1
2009.11.23,01:43:45,2.9426043659788887,3.0142572989348864,2.8695145569525784,2.900924798002074,100,0,1
2009.11.24,01:43:45,2.9927047773866864,3.0243263798100575,2.967242159092487,2.999392753990831,100,0,1
2009.11.25,01:43:45,2.993380376256158,3.0429326218725987,2.9107126360622178,2.951885054784815,100,0,1
2009.11.26,01:43:45,2.9718747634088283,3.0319202667513676,2.929946820662523,2.94253501135086,100,0,1
2009.11.27,01:43:45,2.9558886447019,3.0226293969863063,2.879047753111614,2.9020766711032677,100,0,1
2009.11.28,01:43:45,3.0088025069415636,3.0688142011753836,2.9783213717450927,3.0466041698463338,100,0,1
2009.11.29,01:43:45,2.9773526381967885,3.006722865781354,2.907735290757956,3.0034392294399996,100,0,1
2009.11.30,01:43:45,3.0065129901948633,3.024068053897925,2.9426225792787255,2.96624206994137,100,0,1
2009.12.01,01:43:45,3.0606960341903386,3.1449346247211327,3.0289122181715302,3.0315245408193188,100,0,1
2009.12.02,01:43:45,3.009658083126997,3.0659377408467985,2.958790334983372,3.0009116650649084,100,0,1
2009.12.03,01:43:45,3.0789559636206754,3.1157342388687828,3.0329216589529397,3.066371309230775,100,0,1
2009.12.04,01:43:45,3.1383241585059354,3.1750209116310297,3.103015613657219,3.132779705981258,100,0,1
2009.12.05,01:43:45,3.1230497018333283,3.176092368899326,3.0886871749535882,3.116478424950254,100,0,1
2009.12.06,01:43:45,3.140052287303357,3.2008737121689292,3.1174227628731686,3.182743305476418,100,0,1
2009.12.07,01:43:45,3.1624152357719,3.2046719877639074,3.1335794665771632,3.192490028654588,100,0,1
2009.12.08,01:43:45,3.1187304355107295,3.1484887967813964,3.0207058730164214,3.0908305646661276,100,0,1
2009.12.09,01:43:45,3.0304110873045507,3.083073763079477,2.9830066976681144,3.003907009072529,100,0,1
2009.12.10,01:43:45,2.9954379750040436,3.0703702911349198,2.926796844451634,3.0458468026385765,100,0,1
2009.12.11,01:43:45,2.9848942330234363,3.0271147513395054,2.932937042957952,2.947427457139769,100,0,1
2009.12.12,01:43:45,2.9788353114053896,3.019937545460251,2.9254362851625824,3.01216226442526,100,0,1
2009.12.13,01:43:45,2.963210170500749,2.9990721390021173,2.9010494986690905,2.9127065491512183,100,0,1
2009.12.14,01:43:45,2.9497907438368554,2.9736058378252896,2.929854921917242,2.936348844061473,100,0,1
2009.12.15,01:43:45,2.9687531917581134,3.0104784177115897,2.9286003427201184,2.957178815515764,100,0,1
2009.12.16,01:43:45,2.9212803122546966,2.978022824926891,2.8349513539000437,2.9561721820575704,100,0,1
2009.12.17,01:43:45,2.893043645858031,2.9479487092105914,2.8651103083259377,2.8694544911779793,100,0,1
2009.12.18,01:43:45,2.951121397117151,3.006635434002881,2.9125033391704895,2.9479383259277183,100,0,1
2009.12.19,01:43:45,2.951186801029075,3.010500767934709,2.888231491898909,2.9005382244738205,100,0,1
2009.12.20,01:43:45,2.977597714527844,3.039971428080957,2.9233917198683743,2.986284096576907,100,0,1
2009.12.21,01:43:45,3.05771455722077,3.116788778757417,3.0069432928227497,3.0190761020390338,100,0,1
2009.12.22,01:43:45,3.1179158184696045,3.1481045327832087,3.0760398789716366,3.081848303850436,100,0,1
2009.12.23,01:43:45,3.074761654363884,3.1170740196801217,3.0240026875341557,3.1127548458993592,100,0,1
2009.12.24,01:43:45,3.1584303403956633,3.2015486644339837,3.129125964118924,3.1543770410576117,100,0,1
2009.12.25,01:43:45,3.1312929866576527,3.1746053703504065,3.0982547955451727,3.1464615289376283,100,0,1
2009.12.26,01:43:45,3.1262937808914635,3.1962278854560386,3.0843808288554846,3.180181611831967,100,0,1
2009.12.27,01:43:45,3.1185962282105457,3.187106709403201,3.0705318560678236,3.153761654276579,100,0,1
2009.12.28,01:43:45,3.1159383434569454,3.178790845229392,3.067634176899817,3.0825452052667575,100,0,1
2009.12.29,01:43:45,3.1748136766022066,3.2486820043114357,3.109587544514068,3.175550712737367,100,0,1
2009.12.30,01:43:45,3.175756676440646,3.2558080490398225,3.128835072824065,3.2051100838291067,100,0,1
2009.12.31,01:43:45,3.2517625812982636,3.3326489300214632,3.219843184239094,3.2765408004597907,100,0,1
2010.01.01,01:43:45,3.3055947599432787,3.3413642498358858,3.2451908807187273,3.2477209677590406,100,0,1
2010.01.02,01:43:45,3.3138961809073866,3.365523015573899,3.2638793128420165,3.308496609969925,100,0,1
2010.01.03,01:43:45,3.256963341236123,3.303648202340303,3.2191562196123185,3.2296239578860435,100,0,1
2010.01.04,01:43:45,3.2910124167242922,3.3384241711498643,3.237266440579109,3.31083403124964,100,0,1
2010.01.05,01:43:45,3.3127472215065694,3.3479977997097152,3.270599467342026,3.302884435854625,100,0,1
2010.01.06,01:43:45,3.3379702409763756,3.3620882469358633,3.2807355145311328,3.342493635544007,100,0,1
2010.01.07,01:43:45,3.2946374719581413,3.3428751516983053,3.2699958354979892,3.326617893914654,100,0,1
2010.01.08,01:43:45,3.2953144028752432,3.3491972356537327,3.2386125201168383,3.2779697445181943,100,0,1
2010.01.09,01:43:45,3.2297951733352757,3.303253030825189,3.1429824145484773,3.255953916116246,100,0,1
2010.01.10,01:43:45,3.299083386098961,3.350902201745396,3.2373570221040318,3.2669154134761187,100,0,1
2010.01.11,01:43:45,3.3012353434867827,3.336828915459953,3.2315273570115557,3.2545698769169333,100,0,1
2010.01.12,01:43:45,3.328051954466864,3.4429485100042454,3.272030662324881,3.406500290877155,100,0,1
2010.01.13,01:43:45,3.3017057969755563,3.4002603322519644,3.2404438757408527,3.342664490133358,100,0,1
2010.01.14,01:43:45,3.288810968572845,3.332438971592499,3.2219246810066258,3.3219090369982833,100,0,1
2010.01.15,01:43:45,3.3095903959192894,3.3791254842265306,3.24571977605684,3.37780433877701,100,0,1
2010.01.16,01:43:45,3.325862598200771,3.355367742004867,3.299837466885796,3.3224714655994623,100,0,1
2010.01.17,01:43:45,3.3654554729742205,3.401430084822596,3.3596088486260696,3.3718885704110138,100,0,1
2010.01.18,01:43:45,3.3853578513843887,3.4360618217478813,3.3160919672349207,3.3596399791630165,100,0,1
2010.01.19,01:43:45,3.468475058878647,3.4686062112161835,3.3991969360184373,3.419619532669072,100,0,1
2010.01.20,01:43:45,3.545582905058043,3.6137995524903492,3.4965341257108427,3.500374362613049,100,0,1
2010.01.21,01:43:45,3.501204703733392,3.5095012381946904,3.4343608990742793,3.494024464704095,100,0,1
2010.01.22,01:43:45,3.5524486504763484,3.6042140988875286,3.498974565347149,3.5398807682925804,100,0,1
2010.01.23,01:43:45,3.5436220359720147,3.619166283463067,3.454026617168236,3.5601347621550636,100,0,1
2010.01.24,01:43:45,3.508378415915623,3.580192225719566,3.493682876798473,3.5729254985070042,100,0,1
2010.01.25,01:43:45,3.5410971787705123,3.6192731811918146,3.4737444126451957,3.5564125337217396,100,0,1
2010.01.26,01:43:45,3.5547797290829397,3.588631418694415,3.5136344595515765,3.5717571451062495,100,0,1
2010.01.27,01:43:45,3.59951846688035,3.6641017910862788,3.5449026629915474,3.55086520615455,100,0,1
2010.01.28,01:43:45,3.565093881784611,3.613709475815769,3.5350134114680345,3.540472904057082,100,0,1
2010.01.29,01:43:45,3.5370187325080953,3.5821879798496545,3.486124462432032,3.5809140020692967,100,0,1
2010.01.30,01:43:45,3.656038800819254,3.709224118269112,3.629615316200333,3.705722586858782,100,0,1
2010.01.31,01:43:45,3.644566557666316,3.70878478702355,3.579122466316577,3.603197329362395,100,0,1
2010.02.01,01:43:45,3.725679185231194,3.765451627974113,3.7190017686376904,3.7356552933994265,100,0,1
2010.02.02,01:43:45,3.7032224591927347,3.7706192587713945,3.6066152065784793,3.6183720179721366,100,0,1
2010.02.03,01:43:45,3.6564741725785295,3.7219082774670325,3.6132405487794568,3.715024588506024,100,0,1
2010.02.04,01:43:45,3.6508578696883314,3.7001475724542257,3.59310427280644,3.6133869921099504,100,0,1
2010.02.05,01:43:45,3.5703594431897208,3.610226489021854,3.52227830703412,3.538002340093086,100,0,1
2010.02.06,01:43:45,3.5644868859129692,3.5999855931418883,3.509437707278343,3.5281960546137805,100,0,1
2010.02.07,01:43:45,3.5539047613115238,3.5972405429566803,3.508898215712034,3.5221533511303744,100,0,1
2010.02.08,01:43:45,3.4742527394559417,3.5197591438160094,3.4258000779644084,3.509521585627886,100,0,1
2010.02.09,01:43:45,3.524686597244432,3.5637387964457647,3.4751189202628483,3.490937240569971,100,0,1
2010.02.10,01:43:45,3.481605633486274,3.5434002059530156,3.4444741213167775,3.5316485636395307,100,0,1
2010.02.11,01:43:45,3.44151630639761,3.4929181129954525,3.3940099198838682,3.492256993227405,100,0,1
2010.02.12,01:43:45,3.4106312229474076,3.491737586618568,3.3786338083174656,3.4066739234158248,100,0,1
2010.02.13,01:43:45,3.3573503661082986,3.3810414161823124,3.3055060289105023,3.3189185898123337,100,0,1
2010.02.14,01:43:45,3.424022161098788,3.5102585655190897,3.3577448893576287,3.456983841684999,100,0,1
2010.02.15,01:43:45,3.3925427802330126,3.424482797312911,3.3627551612346007,3.411839215969209,100,0,1
2010.02.16,01:43:45,3.476896367175454,3.5444727858734932,3.4120198874468093,3.5422811062120956,100,0,1
2010.02.17,01:43:45,3.5486911911186794,3.604488139327295,3.479658915161445,3.5717669602982673,100,0,1
2010.02.18,01:43:45,3.491095946459068,3.55335246242467,3.4447353049946723,3.5036034041033455,100,0,1
2010.02.19,01:43:45,3.521659770982031,3.58251098786316,3.465672272595468,3.5309771947273427,100,0,1
2010.02.20,01:43:45,3.5160702400830375,3.570633402060583,3.434980311924049,3.512656420161948,100,0,1
2010.02.21,01:43:45,3.5021221806667664,3.585809695742479,3.4663878244465383,3.4839259873054695,100,0,1
2010.02.22,01:43:45,3.4859246261632495,3.5342103321323037,3.4479825044711263,3.4514303264411312,100,0,1
2010.02.23,01:43:45,3.4861124532339742,3.5368751949055826,3.418882769661599,3.4221719048691583,100,0,1
2010.02.24,01:43:45,3.444196668141755,3.452618336358821,3.4015097214460153,3.442778456519156,100,0,1
2010.02.25,01:43:45,3.573841720976458,3.6278220848132134,3.564677289512517,3.616616797731728,100,0,1
2010.02.26,01:43:45,3.625861051230311,3.668428315006674,3.588786558522578,3.6510615122160774,100,0,1
2010.02.27,01:43:45,3.597033934877902,3.630910570256397,3.546859514120923,3.611134935348569,100,0,1
2010.02.28,01:43:45,3.536768574206794,3.602802137165429,3.517090607969046,3.589139318110755,100,0,1
2010.03.01,01:43:45,3.611023855848437,3.6389801067509877,3.5674083361369093,3.571836263838679,100,0,1
2010.03.02,01:43:45,3.554015774058553,3.6148727288096296,3.4779027426091953,3.4899414513498934,100,0,1
2010.03.03,01:43:45,3.5294219133902995,3.5683019246225482,3.4655261830882207,3.5250779946568396,100,0,1
2010.03.04,01:43:45,3.591296201530275,3.6512425205479837,3.573856588129052,3.6498942503785083,100,0,1
2010.03.05,01:43:45,3.5268216349470514,3.57566019465057,3.4677999589971282,3.559756458888731,100,0,1
2010.03.06,01:43:45,3.534391409358022,3.5470161295575324,3.477299029938918,3.5028572858943248,100,0,1
2010.03.07,01:43:45,3.583401128154652,3.636346601146131,3.510882569560849,3.628140931140326,100,0,1
2010.03.08,01:43:45,3.548328576421201,3.56346328744255,3.4732626864651213,3.558334562261934,100,0,1
2010.03.09,01:43:45,3.5724541594269725,3.626648857293713,3.493910045973322,3.6260157964747797,100,0,1
2010.03.10,01:43:45,3.520679499532952,3.5520683399748,3.4878989797308373,3.531689550668417,100,0,1
2010.03.11,01:43:45,3.5621504231144177,3.604062695459208,3.4839961956016188,3.594260058971273,100,0,1
2010.03.12,01:43:45,3.5947536489015905,3.6255501617275128,3.516563056098717,3.60407802717158,100,0,1
2010.03.13,01:43:45,3.5640667434451583,3.5787818817386197,3.5107721241510554,3.5715392759150713,100,0,1
2010.03.14,01:43:45,3.614585543792574,3.6542945834763003,3.5867876533599894,3.648311282652421,100,0,1
2010.03.15,01:43:45,3.572919784352744,3.6082739996044895,3.5171385841961564,3.5331131672704936,100,0,1
2010.03.16,01:43:45,3.556756502355248,3.5882563843963426,3.5109864004865927,3.512391155255005,100,0,1
2010.03.17,01:43:45,3.5003273274404405,3.540122138445757,3.4519912115990015,3.5368115802220403,100,0,1
2010.03.18,01:43:45,3.5220691446904286,3.5829139987627547,3.4530009848641248,3.47675928027169,100,0,1
2010.03.19,01:43:45,3.540112813965959,3.605824612458122,3.4847256144292476,3.542954777831095,100,0,1
2010.03.20,01:43:45,3.554239798133235,3.5891752079119104,3.498841320006035,3.510816423889402,100,0,1
2010.03.21,01:43:45,3.6144351220936968,3.6476764824745245,3.590569022518198,3.6315024164873946,100,0,1
2010.03.22,01:43:45,3.6979873511866854,3.7265151824423954,3.64882120337372,3.6688965504002073,100,0,1
2010.03.23,01:43:45,3.7500529063527885,3.802904831621388,3.6898332830235567,3.75229828628733,100,0,1
2010.03.24,01:43:45,3.7271486841788777,3.7645548648265765,3.686571555887542,3.7279141399647386,100,0,1
2010.03.25,01:43:45,3.802545160991573,3.8445527708110028,3.740215409118452,3.827153536635472,100,0,1
2010.03.26,01:43:45,3.8771172990768,3.9618395926012298,3.8568930522289477,3.939982857442391,100,0,1
2010.03.27,01:43:45,3.904114477807345,3.946665027880512,3.8643449530943346,3.9459964369920595,100,0,1
2010.03.28,01:43:45,3.901189858112491,3.9625778744188924,3.8428573995688824,3.8692653060873075,100,0,1
2010.03.29,01:43:45,3.970491832028606,4.021516613439168,3.942397658142561,3.9687501679518395,100,0,1
2010.03.30,01:43:45,3.919695906037792,3.9849121236754756,3.8560796385686276,3.9399322880371495,100,0,1
2010.03.31,01:43:45,3.9164788392617407,3.9751956928901246,3.8557323514190474,3.9299800545509305,100,0,1
2010.04.01,01:43:45,3.832625553342125,3.860718505942994,3.79210487782225,3.8504035619969765,100,0,1
2010.04.02,01:43:45,3.8294695449266025,3.887874618359114,3.7796096943469575,3.8477752316272626,100,0,1
2010.04.03,01:43:45,3.8846613315681475,3.955741476192561,3.8258937731331306,3.876141824990024,100,0,1
2010.04.04,01:43:45,3.9827860692429007,4.0497743378227975,3.921768394891008,3.9346261753872662,100,0,1
2010.04.05,01:43:45,4.03027426292262,4.064944412380236,4.0004635679589775,4.007475942733585,100,0,1
2010.04.06,01:43:45,4.053257640454159,4.13578399251777,3.9974697659109095,4.12678574672638,100,0,1
2010.04.07,01:43:45,4.020175070235725,4.064499827189783,3.973483651630895,3.9797675770939427,100,0,1
2010.04.08,01:43:45,4.092937852290304,4.152858353693075,4.026022148137256,4.054611039570512,100,0,1
2010.04.09,01:43:45,4.170324853097866,4.2415296947219225,4.093707748228586,4.217640313120607,100,0,1
2010.04.10,01:43:45,4.177187486808927,4.211287723448469,4.131840412891451,4.1773074403143955,100,0,1
2010.04.11,01:43:45,4.067465008854712,4.134082323857944,3.990881569902334,4.016889200171008,100,0,1
2010.04.12,01:43:45,4.142321429154958,4.209976877471406,4.068652499703462,4.0855996636731335,100,0,1
2010.04.13,01:43:45,4.18546365014784,4.23437088024165,4.158183858941938,4.208469576433401,100,0,1
2010.04.14,01:43:45,4.206375704257512,4.263620624435445,4.140489276613151,4.225732257924273,100,0,1
2010.04.15,01:43:45,4.228590316051246,4.277513743217832,4.175735315311306,4.245238967517734,100,0,1
2010.04.16,01:43:45,4.310571614846646,4.354953670229637,4.261323062617632,4.268555642210163,100,0,1
2010.04.17,01:43:45,4.239453979731572,4.27397867216937,4.197207339894942,4.27345040477842,100,0,1
2010.04.18,01:43:45,4.26776817536264,4.289437533112924,4.217674201102211,4.2362373438053655,100,0,1
2010.04.19,01:43:45,4.227800791850888,4.281715376635561,4.179634199614198,4.224222073261332,100,0,1
2010.04.20,01:43:45,4.32530090633003,4.3858813181460725,4.2851655549250465,4.308111772800107,100,0,1
2010.04.21,01:43:45,4.325391735066915,4.375691553416697,4.261697265107411,4.281132019942402,100,0,1
2010.04.22,01:43:45,4.291196592132392,4.327525786021667,4.2196244147230955,4.2434390870581575,100,0,1
2010.04.23,01:43:45,4.220842546599083,4.278697224940118,4.159037708942729,4.264099111913844,100,0,1
2010.04.24,01:43:45,4.160105689258288,4.229876437114149,4.099157140523309,4.18244105433411,100,0,1
2010.04.25,01:43:45,4.117819070513884,4.169670591422018,4.037646323279347,4.094964655826155,100,0,1
2010.04.26,01:43:45,4.1401072577450115,4.191204930229097,4.086736690366996,4.139812599146938,100,0,1
2010.04.27,01:43:45,4.156803741382791,4.21954347768729,4.092855605391896,4.178283717163,100,0,1
2010.04.28,01:43:45,4.1854451788513245,4.242178993356484,4.1526305958393035,4.17417732056638,100,0,1
2010.04.29,01:43:45,4.137860626704341,4.188521392240526,4.0916991541807555,4.135810334212922,100,0,1
2010.04.30,01:43:45,4.16618225375534,4.200621150388496,4.110687020154663,4.112728424617364,100,0,1
2010.05.01,01:43:45,4.1031119241968765,4.1456998959396385,4.037526934504507,4.137437956814348,100,0,1
2010.05.02,01:43:45,4.030517684433934,4.1005880991641925,4.003916835544453,4.048159423930192,100,0,1
2010.05.03,01:43:45,4.129206432083841,4.18317003926515,4.067940098615382,4.108167303569092,100,0,1
2010.05.04,01:43:45,4.14176266604276,4.176366902672416,4.087348240269397,4.15732561247335,100,0,1
2010.05.05,01:43:45,4.16653245202908,4.229868088455611,4.135970036902153,4.202781157581622,100,0,1
2010.05.06,01:43:45,4.135469179700112,4.194113264564325,4.082784996520618,4.084268523268226,100,0,1
2010.05.07,01:43:45,4.119206332315358,4.1794959376152,4.112915401015034,4.1209138857962895,100,0,1
2010.05.08,01:43:45,4.133799413084211,4.164385427902008,4.076657438435398,4.143987369795528,100,0,1
2010.05.09,01:43:45,4.182616050494795,4.257393101497824,4.130606658295455,4.1594209167394744,100,0,1
2010.05.10,01:43:45,4.17829447124588,4.230029647884607,4.143184389902531,4.1714836412093215,100,0,1
2010.05.11,01:43:45,4.093325464483132,4.157627246067192,4.078244957092841,4.121251023164666,100,0,1
2010.05.12,01:43:45,4.051364866004358,4.115654363817542,4.014669008809958,4.072715822228031,100,0,1
2010.05.13,01:43:45,4.086616740485311,4.124064496857486,4.050150411921702,4.114060029435695,100,0,1
2010.05.14,01:43:45,4.027008151452695,4.083360573346826,3.9697939567658436,3.992244755758834,100,0,1
2010.05.15,01:43:45,4.041007672303532,4.117994075048956,3.99494280865877,4.046886149007933,100,0,1
2010.05.16,01:43:45,4.04402264893469,4.134285554462914,4.003117503693263,4.127678897942347,100,0,1
2010.05.17,01:43:45,4.0633544489460744,4.110289128630977,3.9924715646043243,4.044324272874296,100,0,1
2010.05.18,01:43:45,4.076094195262715,4.115456373644902,3.995428511366624,3.996895213680671,100,0,1
2010.05.19,01:43:45,4.103633307776825,4.124780877555302,4.0562368649224085,4.073085907904345,100,0,1
2010.05.20,01:43:45,4.170918230222503,4.208952488465925,4.1355220884047235,4.1356182776335695,100,0,1
2010.05.21,01:43:45,4.124840754852934,4.190210412430751,4.11711742532757,4.175046777876909,100,0,1
2010.05.22,01:43:45,4.2123371827363485,4.238473660303953,4.206272945116659,4.237620776779464,100,0,1
2010.05.23,01:43:45,4.261918631274119,4.290297066466456,4.19825181646437,4.2754440307363994,100,0,1
2010.05.24,01:43:45,4.322065657410517,4.3530667907214875,4.275192573288707,4.2923014228978715,100,0,1
2010.05.25,01:43:45,4.387121992330309,4.454649832953788,4.337302576784975,4.449522202491621,100,0,1
2010.05.26,01:43:45,4.323867639149044,4.387511794317886,4.232328882462785,4.255134370535066,100,0,1
2010.05.27,01:43:45,4.286014781881682,4.357042375247846,4.24021322911047,4.265981931943931,100,0,1
2010.05.28,01:43:45,4.283744522467646,4.3273142970743645,4.23808460181511,4.250581911631017,100,0,1
2010.05.29,01:43:45,4.22629198308458,4.273339131934437,4.154531025901365,4.239540223889046,100,0,1
2010.05.30,01:43:45,4.197633926081675,4.247055835544352,4.156270685730097,4.188539363616068,100,0,1
2010.05.31,01:43:45,4.1795661829984905,4.214056917769128,4.113898252851254,4.121221299900825,100,0,1
2010.06.01,01:43:45,4.168811813264817,4.225241154902342,4.129227337403999,4.179983767504346,100,0,1
2010.06.02,01:43:45,4.154449614504769,4.221286762690489,4.100270279342576,4.193974904888705,100,0,1
2010.06.03,01:43:45,4.102249645689205,4.151252858619542,4.03935251125092,4.055113646982526,100,0,1
2010.06.04,01:43:45,4.127503578040451,4.197863424412281,4.062911920114612,4.182227680994653,100,0,1
2010.06.05,01:43:45,4.03270699339042,4.082278613448818,3.989226201579285,4.0393092450891395,100,0,1
2010.06.06,01:43:45,3.973943314623589,4.0459544214848595,3.9179033356425856,4.009907609580482,100,0,1
2010.06.07,01:43:45,3.913915144037728,3.9947450375101607,3.8580431962609505,3.947123655996924,100,0,1
2010.06.08,01:43:45,3.8418417197045667,3.875901367786854,3.7734625263434425,3.7933084502847403,100,0,1
2010.06.09,01:43:45,3.790947884620096,3.8447376943968865,3.739134984095349,3.781485793141906,100,0,1
2010.06.10,01:43:45,3.783472965032935,3.828799557239404,3.7050375718870177,3.724577399922607,100,0,1
2010.06.11,01:43:45,3.720201675003907,3.7830087505528747,3.66322891751555,3.6689715658034943,100,0,1
2010.06.12,01:43:45,3.704915197623853,3.7711725709739112,3.6487158765590024,3.68532312349632,100,0,1
2010.06.13,01:43:45,3.6843835344241413,3.7308198873866636,3.6424827069355357,3.689336428527999,100,0,1
2010.06.14,01:43:45,3.6382248754920834,3.6627822166920208,3.58928024294104,3.6604845069043277,100,0,1
2010.06.15,01:43:45,3.653062332970815,3.6660821141361573,3.5883793727439817,3.6148062200031363,100,0,1
2010.06.16,01:43:45,3.616842959943433,3.6523949841394243,3.5831638229226668,3.602485742155412,100,0,1
2010.06.17,01:43:45,3.5872953737809454,3.6425579559237966,3.5166794103059784,3.518854131214984,100,0,1
2010.06.18,01:43:45,3.608190659794755,3.6592267644766427,3.5980843364893693,3.6466864641247505,100,0,1
2010.06.19,01:43:45,3.5826354553355566,3.6636092412727783,3.523417760234504,3.6606887589925092,100,0,1
2010.06.20,01:43:45,3.5853707194099056,3.622241292613343,3.5033959913572223,3.565911472253613,100,0,1
2010.06.21,01:43:45,3.5321498510263334,3.5341669725581824,3.5056483921502326,3.524988394986755,100,0,1
2010.06.22,01:43:45,3.6094652485655527,3.6238442339608614,3.608074493345244,3.620808882822602,100,0,1
2010.06.23,01:43:45,3.575230084542484,3.593700419402011,3.5255422197081687,3.589475461901099,100,0,1
2010.06.24,01:43:45,3.5247615104543737,3.576842996652317,3.5057185066137655,3.5667032401411123,100,0,1
2010.06.25,01:43:45,3.542537620250134,3.5941858412444625,3.4881443622184074,3.5747241460862345,100,0,1
2010.06.26,01:43:45,3.475179393708493,3.523860072318129,3.423062512338645,3.446304071368889,100,0,1
2010.06.27,01:43:45,3.3998120630424404,3.4520442620846166,3.353179784091132,3.392270757857364,100,0,1
2010.06.28,01:43:45,3.448729763169929,3.4952177389692256,3.396656975798809,3.4844719496557435,100,0,1
2010.06.29,01:43:45,3.4845959572815106,3.5226196157106804,3.4081584571401757,3.4802632079897946,100,0,1
2010.06.30,01:43:45,3.474811768770324,3.482551597090492,3.413158130178117,3.4613108921031626,100,0,1
2010.07.01,01:43:45,3.487841493255543,3.550564368374203,3.4129632072037275,3.5441294152512017,100,0,1
2010.07.02,01:43:45,3.5264406960675307,3.608543363282911,3.5179801759724203,3.5207812370982343,100,0,1
2010.07.03,01:43:45,3.50402605632052,3.524675136460498,3.4537804076478573,3.4703851403128145,100,0,1
2010.07.04,01:43:45,3.514587243712398,3.5309457050003394,3.4880737444037546,3.516878302496432,100,0,1
2010.07.05,01:43:45,3.4108434481658065,3.450038911050555,3.350835641273999,3.3803031192597,100,0,1
2010.07.06,01:43:45,3.4878303292211656,3.545950561091732,3.4151198168559262,3.4723610909703098,100,0,1
2010.07.07,01:43:45,3.428984516278624,3.4818979656098894,3.3621032994585254,3.4674005240085513,100,0,1
2010.07.08,01:43:45,3.2853953442923696,3.352490961384058,3.242299509261289,3.347974240691682,100,0,1
2010.07.09,01:43:45,3.258805795729161,3.3034749771968133,3.226344025387341,3.3021048033646965,100,0,1
2010.07.10,01:43:45,3.2545692840812257,3.3138852138610235,3.192929537918374,3.2196808101770173,100,0,1
2010.07.11,01:43:45,3.300663254940765,3.334987273778384,3.2609934469882957,3.319187934190141,100,0,1
2010.07.12,01:43:45,3.3963287246978915,3.4245099554292455,3.34417025642765,3.421809565127613,100,0,1
2010.07.13,01:43:45,3.447331963861405,3.516093934846352,3.3757612571160998,3.4092437871809445,100,0,1
2010.07.14,01:43:45,3.494488927215903,3.5539771086692697,3.411647721711834,3.4586630784458934,100,0,1
2010.07.15,01:43:45,3.4641016894365673,3.510065352997193,3.4250143917924194,3.49422211532369,100,0,1
2010.07.16,01:43:45,3.4581172910874183,3.501616578638412,3.4259029000820505,3.455294547488957,100,0,1
2010.07.17,01:43:45,3.4378399076959663,3.481474304738118,3.392136127556352,3.453045829423907,100,0,1
2010.07.18,01:43:45,3.3904830488319213,3.462865881425326,3.3125264449874563,3.353263004387856,100,0,1
2010.07.19,01:43:45,3.3631583006442214,3.379834221192434,3.309444325810097,3.32175393835805,100,0,1
2010.07.20,01:43:45,3.3744561896259335,3.4035794041294243,3.299639607179296,3.362298231772285,100,0,1
2010.07.21,01:43:45,3.3943380535785685,3.4728599235689983,3.3660027749619372,3.3831452982552883,100,0,1
2010.07.22,01:43:45,3.35681595401949,3.4325265890618497,3.329736175642905,3.3859729519194413,100,0,1
2010.07.23,01:43:45,3.318081345924267,3.3783605650588817,3.2700914440931346,3.272824733200555,100,0,1
2010.07.24,01:43:45,3.427876934344007,3.4878656956091882,3.347016818764917,3.4265900186144753,100,0,1
2010.07.25,01:43:45,3.4764934630835285,3.523154046901259,3.4158557322999004,3.424640665883654,100,0,1
2010.07.26,01:43:45,3.5001034044070876,3.5782936966997125,3.4502476286874275,3.5600312612603995,100,0,1
2010.07.27,01:43:45,3.5753554798929126,3.6458793942557364,3.522551713089005,3.6427898976444006,100,0,1
2010.07.28,01:43:45,3.559707966327863,3.625029736334717,3.512070129872392,3.5730187893621563,100,0,1
2010.07.29,01:43:45,3.5648399685762553,3.626563337762828,3.5067459823440377,3.5358972698958286,100,0,1
2010.07.30,01:43:45,3.5417649471359725,3.5919145761120306,3.4954546301843497,3.5289509159329113,100,0,1
2010.07.31,01:43:45,3.5502030361687162,3.587273609011071,3.4913100761673204,3.492823156254607,100,0,1
2010.08.01,01:43:45,3.554549208292118,3.591477264083267,3.520537717076868,3.5583039664189764,100,0,1
2010.08.02,01:43:45,3.5560204660340218,3.6314640010206127,3.49090930743086,3.5924254859103706,100,0,1
2010.08.03,01:43:45,3.5263453630611687,3.59977528739585,3.438845235335318,3.5669889570782507,100,0,1
2010.08.04,01:43:45,3.591159033249558,3.636661433099636,3.5610547773826147,3.5754625269240567,100,0,1
2010.08.05,01:43:45,3.5852779836955584,3.656163290689087,3.5302485267881587,3.566915351811247,100,0,1
2010.08.06,01:43:45,3.618458424295092,3.6654531489260456,3.5989358267746985,3.6052763117288826,100,0,1
2010.08.07,01:43:45,3.6207453029406054,3.6408669785162253,3.5770471971288447,3.617777571750916,100,0,1
2010.08.08,01:43:45,3.6897116477877376,3.761203562068591,3.6268578887410783,3.725694356987412,100,0,1
2010.08.09,01:43:45,3.6359750656197867,3.6472865179919975,3.5944657555747046,3.6434786506987624,100,0,1
2010.08.10,01:43:45,3.6360043515502274,3.663361996488295,3.581722373541986,3.5837281697994223,100,0,1
2010.08.11,01:43:45,3.639572025031642,3.740659296242593,3.586151505351094,3.714091563563737,100,0,1
2010.08.12,01:43:45,3.5646281237386805,3.600756529105851,3.5120111982192626,3.5488481669667076,100,0,1
2010.08.13,01:43:45,3.622419318459952,3.6444540121167592,3.571689791834846,3.6315822589833404,100,0,1
2010.08.14,01:43:45,3.568203057583695,3.608528724626674,3.5329512751999466,3.602267179027346,100,0,1
2010.08.15,01:43:45,3.535539247531513,3.551796476553656,3.4727500796161364,3.4814431176855534,100,0,1
2010.08.16,01:43:45,3.5384835129536825,3.5887913162697718,3.495265149870255,3.512733284055573,100,0,1
2010.08.17,01:43:45,3.4844838606505353,3.550726852266679,3.417118916372603,3.479772068015897,100,0,1
2010.08.18,01:43:45,3.5090452950836344,3.549675559932074,3.458024864148978,3.528148474921476,100,0,1
2010.08.19,01:43:45,3.503051925200059,3.5848963472370614,3.480225311059974,3.5533088376189883,100,0,1
2010.08.20,01:43:45,3.4910388022283403,3.5467451315318512,3.488660509226535,3.5272870206786267,100,0,1
2010.08.21,01:43:45,3.4788099743934175,3.5113755742062827,3.415738625668249,3.4714076021061593,100,0,1
2010.08.22,01:43:45,3.461340220247689,3.535095362756103,3.4051351872937015,3.471045043004155,100,0,1
2010.08.23,01:43:45,3.488609734623373,3.5096076539351797,3.4507438234991143,3.506348964991974,100,0,1
2010.08.24,01:43:45,3.4903687350419292,3.512233824514802,3.4592548173089805,3.500353251564921,100,0,1
2010.08.25,01:43:45,3.4282369458481767,3.4404751350662313,3.394083211771393,3.4259830467323784,100,0,1
2010.08.26,01:43:45,3.516912653294244,3.5817744946875756,3.5022468160864157,3.569385617107746,100,0,1
2010.08.27,01:43:45,3.4887877462693084,3.497003688663635,3.4160814883433446,3.463027491536027,100,0,1
2010.08.28,01:43:45,3.498121116721489,3.532640209733562,3.433130236616572,3.5288968199152824,100,0,1
2010.08.29,01:43:45,3.5420448238941407,3.6216228588120885,3.5097057016513022,3.6128907690649164,100,0,1
2010.08.30,01:43:45,3.568437976654661,3.612908445463245,3.524070400705358,3.540603260919778,100,0,1
2010.08.31,01:43:45,3.5583912532180877,3.624615121388592,3.4976252717557252,3.623248617681915,100,0,1
2010.09.01,01:43:45,3.55549004495513,3.6117683812489805,3.5112346148251556,3.5220230823014074,100,0,1
2010.09.02,01:43:45,3.601415825969751,3.6404010577468107,3.5299707295146376,3.534003491356092,100,0,1
2010.09.03,01:43:45,3.5982867899435083,3.6752124011881624,3.545331570114692,3.5560744446209833,100,0,1
2010.09.04,01:43:45,3.6563406295839385,3.68038585884644,3.6181268510307194,3.6613510082544853,100,0,1
2010.09.05,01:43:45,3.6363955824983147,3.695242334959125,3.5750746304716183,3.6258199698382008,100,0,1
2010.09.06,01:43:45,3.6818881667580863,3.714713582304733,3.628684495873998,3.695862338311516,100,0,1
2010.09.07,01:43:45,3.5500596463675875,3.570733651062608,3.507729033995938,3.518519556200396,100,0,1
2010.09.08,01:43:45,3.569882172679496,3.6181941919077496,3.535451552775637,3.5843057948803447,100,0,1
2010.09.09,01:43:45,3.6685284095504556,3.725087164874768,3.6351546640280787,3.720234514233195,100,0,1
2010.09.10,01:43:45,3.632890133575199,3.6640147543094193,3.5787373566357665,3.58604531051158,100,0,1
2010.09.11,01:43:45,3.6724770186707087,3.7274844781117364,3.5788139872691738,3.7180140868976688,100,0,1
2010.09.12,01:43:45,3.775757274454362,3.795318544576951,3.7256493745240062,3.7766551653182976,100,0,1
2010.09.13,01:43:45,3.791885214718875,3.8788088349045102,3.7414244855898917,3.743915748297365,100,0,1
2010.09.14,01:43:45,3.7859141795722553,3.827060005320192,3.6897648941925674,3.809855693281275,100,0,1
2010.09.15,01:43:45,3.7762962529670387,3.825756453998345,3.722736291876888,3.77677207369953,100,0,1
2010.09.16,01:43:45,3.824868678663123,3.8424068745699143,3.7747329392043367,3.79710141083286,100,0,1
2010.09.17,01:43:45,3.8087213600262437,3.857725710904897,3.7465229956323816,3.773192027114496,100,0,1
2010.09.18,01:43:45,3.6989859252410118,3.732869320783244,3.6209575656418833,3.6475591555375164,100,0,1
2010.09.19,01:43:45,3.676534994044631,3.703689646674001,3.6241667608337003,3.672862539714499,100,0,1
2010.09.20,01:43:45,3.7174514946314847,3.7398085461623616,3.657407569750606,3.6984185368965057,100,0,1
2010.09.21,01:43:45,3.5877836467282385,3.591033581456354,3.5422674468443867,3.556780005763297,100,0,1
2010.09.22,01:43:45,3.637166267599312,3.707268656629881,3.6132519083265695,3.671926331917509,100,0,1
2010.09.23,01:43:45,3.6995497342671753,3.7328120309618327,3.6666103568761548,3.724822354849383,100,0,1
2010.09.24,01:43:45,3.703506074986187,3.771757524248915,3.6448192998541895,3.7426141811030007,100,0,1
2010.09.25,01:43:45,3.6848367393758865,3.7575983386765026,3.649327293064495,3.7245962344186014,100,0,1
2010.09.26,01:43:45,3.5790230477729303,3.6318918377791256,3.5030862809009213,3.5764088472317104,100,0,1
2010.09.27,01:43:45,3.3908636417250344,3.4575240561560032,3.3627723670197947,3.4046318310636274,100,0,1
2010.09.28,01:43:45,3.4000342194749282,3.4463620906344206,3.3612304914344753,3.4077459509573114,100,0,1
2010.09.29,01:43:45,3.2830767329917387,3.3438247905736653,3.218240338797978,3.2572616165304455,100,0,1
2010.09.30,01:43:45,3.307693223991868,3.3653726634140875,3.246691363449791,3.2565787434944915,100,0,1
2010.10.01,01:43:45,3.323651936476103,3.418408419639785,3.2620939537356066,3.391827587569838,100,0,1
2010.10.02,01:43:45,3.3977281819181266,3.4502463781739885,3.3835391980752063,3.424660186551707,100,0,1
2010.10.03,01:43:45,3.479403389863113,3.556852309519911,3.3993844477501045,3.518955004790001,100,0,1
2010.10.04,01:43:45,3.5459272206627337,3.561981201993478,3.503321016687926,3.5122569127910035,100,0,1
2010.10.05,01:43:45,3.6499556510601225,3.6839639651887652,3.6025074927411382,3.6348042779142657,100,0,1
2010.10.06,01:43:45,3.6733088543758474,3.711554792351184,3.6248925151099813,3.665259548545107,100,0,1
2010.10.07,01:43:45,3.7065596772742024,3.767877297129845,3.650751611372779,3.6977751273512744,100,0,1
2010.10.08,01:43:45,3.734810236891129,3.7837826394243477,3.680775183710773,3.6943326608214164,100,0,1
2010.10.09,01:43:45,3.639382824777283,3.7069634269218352,3.62547566341048,3.6935140319900133,100,0,1
2010.10.10,01:43:45,3.590003099372307,3.6137576758291763,3.541977564543284,3.6083113122022916,100,0,1
2010.10.11,01:43:45,3.5559901633919773,3.6059597121183082,3.498192892972013,3.49928123498721,100,0,1
2010.10.12,01:43:45,3.59342695019254,3.635881785481813,3.515674364589884,3.6133399147949823,100,0,1
2010.10.13,01:43:45,3.641366304820212,3.725164956474906,3.5967709128940983,3.679189148801479,100,0,1
2010.10.14,01:43:45,3.5943427127509606,3.6211046046732727,3.54008692964109,3.588670877144052,100,0,1
2010.10.15,01:43:45,3.52589698183382,3.607451113673866,3.481622990782402,3.5230802214208947,100,0,1
2010.10.16,01:43:45,3.5235385264643795,3.6009878859430415,3.4767137789731963,3.5901278969709507,100,0,1
2010.10.17,01:43:45,3.5058765858184486,3.5689810708028658,3.443914429554659,3.5142531407415296,100,0,1
2010.10.18,01:43:45,3.5032208223503423,3.5648624580074544,3.4365496350428852,3.464323704768177,100,0,1
2010.10.19,01:43:45,3.4466314667013154,3.486232510597346,3.3975148582133534,3.4200498359335376,100,0,1
2010.10.20,01:43:45,3.48126457429064,3.5654830295768485,3.428329403891051,3.53483560112236,100,0,1
2010.10.21,01:43:45,3.4621326995415953,3.5233064632573305,3.390789956997584,3.505999134710548,100,0,1
2010.10.22,01:43:45,3.477056231737218,3.534681955861309,3.4412433723129823,3.492713392041707,100,0,1
2010.10.23,01:43:45,3.5708117569323523,3.5902822851370546,3.56191688255154,3.589503875161445,100,0,1
2010.10.24,01:43:45,3.4613733915142064,3.5092498932984415,3.4058612486110964,3.407764301609896,100,0,1
2010.10.25,01:43:45,3.473609657672329,3.5456650225510558,3.3596387333515816,3.423287769135775,100,0,1
2010.10.26,01:43:45,3.4486500020074597,3.5238491154539746,3.382366377869741,3.417448131147287,100,0,1
2010.10.27,01:43:45,3.4099747166492205,3.4239022458158557,3.383617965935911,3.4137663751193412,100,0,1
2010.10.28,01:43:45,3.4381289139557003,3.4603941105652685,3.3913304737070775,3.3973076309418424,100,0,1
2010.10.29,01:43:45,3.3720722148714235,3.38207908426552,3.3059093951118954,3.3116305289303702,100,0,1
2010.10.30,01:43:45,3.4043594229794256,3.45682739955532,3.349884352285605,3.4210265441346364,100,0,1
2010.10.31,01:43:45,3.426201945801538,3.4555246917665596,3.398426846277382,3.4413311617449054,100,0,1
2010.11.01,01:43:45,3.4859342613193647,3.519583420983484,3.446047688742879,3.454383653310324,100,0,1
2010.11.02,01:43:45,3.570031384082237,3.628256119449578,3.520942411950117,3.5669808187602565,100,0,1
2010.11.03,01:43:45,3.5558472446974885,3.6300039840062146,3.491700797033536,3.616006745725967,100,0,1
2010.11.04,01:43:45,3.632643193511986,3.7076808844313702,3.56292696188964,3.698733506760859,100,0,1
2010.11.05,01:43:45,3.5677863116733697,3.5961924211601657,3.512769686125894,3.5177647954695748,100,0,1
2010.11.06,01:43:45,3.5832727595639935,3.6232495873366632,3.5536254454341263,3.55453132916668,100,0,1
2010.11.07,01:43:45,3.627471816542081,3.6823069380683924,3.5950393820357625,3.6736488962424247,100,0,1
2010.11.08,01:43:45,3.553677269652175,3.607825367500939,3.508522658473326,3.574898554518493,100,0,1
2010.11.09,01:43:45,3.52785749076667,3.608612804216972,3.4926513373078936,3.5236786191492566,100,0,1
2010.11.10,01:43:45,3.581340852454426,3.607460732796196,3.5703786706480205,3.5835202435861477,100,0,1
2010.11.11,01:43:45,3.568132263775363,3.6267065453705096,3.5162353597225113,3.57638601822957,100,0,1
2010.11.12,01:43:45,3.6394929866922037,3.7006306983344404,3.561075923429922,3.664653307169529,100,0,1
2010.11.13,01:43:45,3.5064476769024857,3.550692689027811,3.43115604055246,3.47550785826382,100,0,1
2010.11.14,01:43:45,3.598885899602295,3.6380437119297344,3.562129573500778,3.6374669151445356,100,0,1
2010.11.15,01:43:45,3.531054914652669,3.5860613917838045,3.4831578768066715,3.5237746834537433,100,0,1
2010.11.16,01:43:45,3.4824014939128602,3.521040814747783,3.435189211311355,3.494956750174829,100,0,1
2010.11.17,01:43:45,3.565137424363187,3.5878802181434337,3.5308919922920534,3.531917918468288,100,0,1
2010.11.18,01:43:45,3.5627368462123328,3.6042031525599185,3.5087995080563843,3.56180951251372,100,0,1
2010.11.19,01:43:45,3.561510232393233,3.6293506054689337,3.4881202237666358,3.526902611998094,100,0,1
2010.11.20,01:43:45,3.4113552142001935,3.4444499302719174,3.3653930777026257,3.4147348305163185,100,0,1
2010.11.21,01:43:45,3.432708476289126,3.477842102193278,3.4083986979897167,3.41728213373764,100,0,1
2010.11.22,01:43:45,3.4563487098415298,3.536236128467318,3.3953601347256224,3.5342758169905912,100,0,1
2010.11.23,01:43:45,3.4677728485836994,3.5306678915424814,3.4411020840517885,3.5237053708521153,100,0,1
2010.11.24,01:43:45,3.4414918549905056,3.4960481860426955,3.3927522147943754,3.459036540108553,100,0,1
2010.11.25,01:43:45,3.4913147234311763,3.523731691665251,3.449258281210577,3.4711253853108,100,0,1
2010.11.26,01:43:45,3.4475422461183145,3.50110975140037,3.371477733289148,3.4747791961783947,100,0,1
2010.11.27,01:43:45,3.3765967173390736,3.4335760396200357,3.3576183431842304,3.3825142218856246,100,0,1
2010.11.28,01:43:45,3.390336170031292,3.466806231735133,3.3462737517059877,3.38132782645121,100,0,1
2010.11.29,01:43:45,3.258915096094363,3.3380827078655604,3.2264761279837684,3.3230625986045395,100,0,1
2010.11.30,01:43:45,3.2448847133219583,3.297988562705636,3.2054138985398555,3.2719314691436643,100,0,1
2010.12.01,01:43:45,3.1705751428369804,3.2457979554231193,3.1001048759195964,3.2344354558248436,100,0,1
2010.12.02,01:43:45,3.2063143396245257,3.2859661641541225,3.153757698213191,3.2524003296091566,100,0,1
2010.12.03,01:43:45,3.189167270823743,3.2688817579673466,3.166411812100637,3.2670991284440767,100,0,1
2010.12.04,01:43:45,3.182925036636027,3.258964743131097,3.146500835292962,3.2389078810499266,100,0,1
2010.12.05,01:43:45,3.233336753000505,3.308806602876102,3.160187543159858,3.226089290352711,100,0,1
2010.12.06,01:43:45,3.2429970449198455,3.2860717463752738,3.1859135588375387,3.233604303397037,100,0,1
2010.12.07,01:43:45,3.353832130310398,3.398473832775113,3.2993212544968302,3.3867518397418896,100,0,1
2010.12.08,01:43:45,3.3661765137175808,3.4234036680687283,3.298819267873236,3.4199234233727624,100,0,1
2010.12.09,01:43:45,3.396187111754993,3.433567638442997,3.347128025007313,3.356678143009577,100,0,1
2010.12.10,01:43:45,3.407159016356632,3.455913089639256,3.3410126947033194,3.3976396003400313,100,0,1
2010.12.11,01:43:45,3.3428669904322206,3.3993044763129436,3.2931202698936937,3.3620472714286356,100,0,1
2010.12.12,01:43:45,3.258414438185546,3.299859086724442,3.252105824618432,3.2593274768776332,100,0,1
2010.12.13,01:43:45,3.2655927778359914,3.3128711773329176,3.2130379252315353,3.311818994873464,100,0,1
2010.12.14,01:43:45,3.308902749035355,3.3361211793036216,3.2426131701694834,3.2465399272253452,100,0,1
2010.12.15,01:43:45,3.326509530261434,3.3738612453879226,3.2936320480750054,3.3204682618227626,100,0,1
2010.12.16,01:43:45,3.2424865593891754,3.318153051841093,3.1988267935609818,3.2461143280458815,100,0,1
2010.12.17,01:43:45,3.2794423175749237,3.3199564736762546,3.2151632395522673,3.31287050483628,100,0,1
2010.12.18,01:43:45,3.2693700387457554,3.3193126847505825,3.233867544603555,3.2495073414473965,100,0,1
2010.12.19,01:43:45,3.302651428800365,3.306153169425623,3.2453284984747306,3.2804721200693407,100,0,1
2010.12.20,01:43:45,3.35399518841684,3.4206185315398208,3.331483144249207,3.344427533318155,100,0,1
2010.12.21,01:43:45,3.366709637875057,3.423369277712219,3.329246137168818,3.390127955007322,100,0,1
2010.12.22,01:43:45,3.3406727318113396,3.386286860353517,3.3263559738247226,3.3621259115318063,100,0,1
2010.12.23,01:43:45,3.3207656134121915,3.4004573757131533,3.3040355649551114,3.3744213960084704,100,0,1
2010.12.24,01:43:45,3.334563333753323,3.397060882267982,3.2779812255436305,3.3316256385330996,100,0,1
2010.12.25,01:43:45,3.2549790293815217,3.302490859637792,3.206215712005122,3.267459135321817,100,0,1
2010.12.26,01:43:45,3.3465583143086786,3.393842327314556,3.288421940516367,3.3101987565262054,100,0,1
2010.12.27,01:43:45,3.347158592542065,3.3974605567195733,3.3088523565772627,3.3305237887715395,100,0,1
2010.12.28,01:43:45,3.300130755574774,3.343972010232603,3.2825723008892935,3.294590935774153,100,0,1
2010.12.29,01:43:45,3.3611095600726433,3.4238226494962105,3.303705300671684,3.411165091276138,100,0,1
2010.12.30,01:43:45,3.346274884112167,3.381234416643133,3.295730409617028,3.3261574502621905,100,0,1
2010.12.31,01:43:45,3.284973155560394,3.321390773236266,3.245676194800426,3.259453007759885,100,0,1
2011.01.01,01:43:45,3.1621002589404927,3.2222140524551657,3.129143080242555,3.210553912168205,100,0,1
2011.01.02,01:43:45,3.1273457507367177,3.173705922770075,3.1124303250146035,3.134982559112151,100,0,1
2011.01.03,01:43:45,3.1712862648601177,3.2080465410297,3.1258662008801306,3.182534722043516,100,0,1
2011.01.04,01:43:45,3.2782135510643258,3.3116427352531828,3.1956879106052294,3.2003149908331197,100,0,1
2011.01.05,01:43:45,3.2741097000010444,3.2898187584121126,3.2354668091539875,3.266877358226329,100,0,1
2011.01.06,01:43:45,3.2145410350416084,3.282774362121431,3.132277013118658,3.173088312937159,100,0,1
2011.01.07,01:43:45,3.186231552315401,3.2340501190613407,3.116287775382476,3.164303805707924,100,0,1
2011.01.08,01:43:45,3.164406729130495,3.1794270334935457,3.107617070727933,3.1571486839305565,100,0,1
2011.01.09,01:43:45,3.0859720011061555,3.1355342970328777,3.0493452503084435,3.0665232610637125,100,0,1
2011.01.10,01:43:45,3.0703137218856,3.144237048090518,3.027141574425634,3.112005204544911,100,0,1
2011.01.11,01:43:45,2.9686258354467707,3.040475706933608,2.9588049980820013,2.98354164769356,100,0,1
2011.01.12,01:43:45,2.91086310222907,2.947974097509393,2.8660221018986682,2.94245866975368,100,0,1
2011.01.13,01:43:45,2.828693579206153,2.9271112964654993,2.7963182483524074,2.8850382987238863,100,0,1
2011.01.14,01:43:45,2.8048531993830856,2.832354793543043,2.7714142086142415,2.7771461395689703,100,0,1
2011.01.15,01:43:45,2.7937449552440445,2.8649034760347476,2.7367366535887543,2.8291748890396304,100,0,1
2011.01.16,01:43:45,2.757400922549496,2.7885751626611275,2.6983128948969135,2.7219136130635917,100,0,1
2011.01.17,01:43:45,2.6758599712113575,2.7524840605581677,2.603510561087451,2.6942318665977227,100,0,1
2011.01.18,01:43:45,2.684920624703593,2.7590979032193226,2.619091948361544,2.702523130876548,100,0,1
2011.01.19,01:43:45,2.714879268261289,2.780806157219183,2.6827786415425514,2.7627695006892314,100,0,1
2011.01.20,01:43:45,2.624614140222019,2.6825193675318872,2.5853173722755773,2.6291886911341136,100,0,1
2011.01.21,01:43:45,2.71090910120998,2.7959955771129072,2.6497347515383423,2.7214741190372904,100,0,1
2011.01.22,01:43:45,2.730654015959421,2.7647234973989847,2.696212003420057,2.717222461324207,100,0,1
2011.01.23,01:43:45,2.7619853223453537,2.830985982368756,2.7047227191438754,2.7735842904646275,100,0,1
2011.01.24,01:43:45,2.748162923062223,2.8033292259456073,2.680043090367118,2.7826801089663937,100,0,1
2011.01.25,01:43:45,2.688630406254231,2.763392218644901,2.6400156364353164,2.7015191081768637,100,0,1
2011.01.26,01:43:45,2.65458642278259,2.687249338234136,2.5480324224913566,2.6467946274118956,100,0,1
2011.01.27,01:43:45,2.6557333499468654,2.7324681905495973,2.629124305254214,2.635376356425487,100,0,1
2011.01.28,01:43:45,2.634791841817335,2.697539117899943,2.561115594438937,2.574244436134626,100,0,1
2011.01.29,01:43:45,2.7300369574633976,2.8000617553968894,2.681064804064068,2.705070286592522,100,0,1
2011.01.30,01:43:45,2.7678903063308122,2.8346215616978565,2.7057347271622176,2.716300106677478,100,0,1
2011.01.31,01:43:45,2.695276578256885,2.7092239959308833,2.6668119295663857,2.67142871484418,100,0,1
2011.02.01,01:43:45,2.6905576037523833,2.7274795591108463,2.5983500337825944,2.70867299643636,100,0,1
2011.02.02,01:43:45,2.7468596242294074,2.7945382323617034,2.69057402011749,2.7877053773742078,100,0,1
2011.02.03,01:43:45,2.7629038462676423,2.8256617310966594,2.7136560716041824,2.8003453763543784,100,0,1
2011.02.04,01:43:45,2.7769579471675825,2.781926224139515,2.686183289229475,2.6900765909450404,100,0,1
2011.02.05,01:43:45,2.7985852902651267,2.8864590255514835,2.7499158084557838,2.8093500243872054,100,0,1
2011.02.06,01:43:45,2.708896867649431,2.7772558297805947,2.6917877714851906,2.702321257759809,100,0,1
2011.02.07,01:43:45,2.723142168009118,2.7555901453308618,2.700569916393916,2.7339946087953515,100,0,1
2011.02.08,01:43:45,2.737995230549108,2.779971829047333,2.712591988437677,2.7561674730395938,100,0,1
2011.02.09,01:43:45,2.7324238029396564,2.7550110992535797,2.6826760992851186,2.6959455388655265,100,0,1
2011.02.10,01:43:45,2.8524849821735265,2.9070442056147985,2.794151175243514,2.8307807700138943,100,0,1
2011.02.11,01:43:45,2.7795492221545994,2.8449841666284863,2.7491144202629636,2.7526081410382552,100,0,1
2011.02.12,01:43:45,2.8652977614846176,2.94220557450379,2.8208686482161647,2.862368258002403,100,0,1
2011.02.13,01:43:45,2.8785554233307282,2.9184562363173634,2.8319756756032914,2.856192199837372,100,0,1
2011.02.14,01:43:45,2.8528877340873704,2.90252511511863,2.813656022498335,2.868038841239672,100,0,1
2011.02.15,01:43:45,2.768320927425418,2.8053615243478887,2.7028659911854214,2.783605914444981,100,0,1
2011.02.16,01:43:45,2.784303350717078,2.801144289639438,2.7494961163267284,2.7715449052810146,100,0,1
2011.02.17,01:43:45,2.8223725989806363,2.8770412814963358,2.736637228594689,2.8748912169199015,100,0,1
2011.02.18,01:43:45,2.859445965924222,2.9076499453684392,2.831483063306837,2.8840817654223376,100,0,1
2011.02.19,01:43:45,2.8960062530283266,2.9371431595910713,2.833267953954488,2.845925021013975,100,0,1
2011.02.20,01:43:45,2.8221634551648807,2.830379603842666,2.7799848417977127,2.7915027432333517,100,0,1
2011.02.21,01:43:45,2.8622580454278,2.917224134862478,2.785745258643102,2.830522487952384,100,0,1
2011.02.22,01:43:45,2.879985139541817,2.9364461677136204,2.8473369517479767,2.8751435139522115,100,0,1
2011.02.23,01:43:45,2.930883788221398,2.9737264751524286,2.87737832549704,2.9583131683281834,100,0,1
2011.02.24,01:43:45,2.9141901921830455,2.9676562122307275,2.853966768290487,2.8742329931212027,100,0,1
2011.02.25,01:43:45,2.8810037948407587,2.91837662840569,2.807524296370908,2.854977499786719,100,0,1
2011.02.26,01:43:45,2.9459169135039467,2.9863791055096764,2.93960324768037,2.960115941443648,100,0,1
2011.02.27,01:43:45,2.906424961193939,2.9646706591068805,2.872210865771737,2.9516511941556365,100,0,1
2011.02.28,01:43:45,2.9032375431096082,2.963706158813842,2.824738416244338,2.917015077943507,100,0,1
2011.03.01,01:43:45,2.827966891943417,2.8653540192532017,2.786406103517588,2.8402848928749846,100,0,1
2011.03.02,01:43:45,2.9126656889152014,2.9457977248299536,2.8739142866500145,2.9129889564347695,100,0,1
2011.03.03,01:43:45,2.8285494890811322,2.8690542719192615,2.8258590663835434,2.8545538586767747,100,0,1
2011.03.04,01:43:45,2.7778661281028665,2.8192870974200748,2.7380437094498022,2.7996694746931805,100,0,1
2011.03.05,01:43:45,2.781398597542086,2.833895346201764,2.7242420768154254,2.7878346920713892,100,0,1
2011.03.06,01:43:45,2.858457868541294,2.915740571000732,2.8205601674447935,2.8485085993088717,100,0,1
2011.03.07,01:43:45,2.8397370917184297,2.908528345924534,2.7434595983155754,2.7793205827986815,100,0,1
2011.03.08,01:43:45,2.8055835808559055,2.8860747555636017,2.7557049170076704,2.884314765021079,100,0,1
2011.03.09,01:43:45,2.7543094203082497,2.794375564962403,2.697486931804187,2.7237597486249507,100,0,1
2011.03.10,01:43:45,2.7518479207144266,2.7744215741533007,2.712976518677813,2.719978824664562,100,0,1
2011.03.11,01:43:45,2.7312072689521485,2.7772046915548056,2.635508837897368,2.6861530293814053,100,0,1
2011.03.12,01:43:45,2.703813617264671,2.7229294472606576,2.665690370683426,2.674582449553017,100,0,1
2011.03.13,01:43:45,2.8164142465645563,2.8740755228664465,2.7668028388041246,2.849388806748347,100,0,1
2011.03.14,01:43:45,2.7979427211595684,2.8240804354659566,2.752484308945985,2.8177529901921043,100,0,1
2011.03.15,01:43:45,2.75723147934647,2.7811471964297336,2.6919903696465504,2.739407440725888,100,0,1
2011.03.16,01:43:45,2.7488137913475565,2.7881324137870562,2.6625367843940344,2.7101943458588904,100,0,1
2011.03.17,01:43:45,2.753550145773858,2.78470804763999,2.694282972379595,2.7718413551620267,100,0,1
2011.03.18,01:43:45,2.829954186292434,2.87872625904079,2.818820554888346,2.8367893786223743,100,0,1
2011.03.19,01:43:45,2.8026438375422975,2.8470235397153982,2.7633743629388148,2.8397338027160806,100,0,1
2011.03.20,01:43:45,2.8198703375493075,2.867938880283468,2.7618635437671717,2.770090626653831,100,0,1
2011.03.21,01:43:45,2.7637621172861397,2.8390990816507333,2.713674883598471,2.7341369359250733,100,0,1
2011.03.22,01:43:45,2.6508127715959473,2.7152741349210543,2.613206657887807,2.6757740080789825,100,0,1
2011.03.23,01:43:45,2.7202118959038257,2.7369716300689517,2.661391963764794,2.664614799028165,100,0,1
2011.03.24,01:43:45,2.7391829561929337,2.7751867189429533,2.696054760010343,2.7515863919847297,100,0,1
2011.03.25,01:43:45,2.718456639954438,2.750760270814341,2.6780520125429197,2.7231872553300134,100,0,1
2011.03.26,01:43:45,2.6421594844955854,2.695725631993312,2.5851786405353043,2.689051775812709,100,0,1
2011.03.27,01:43:45,2.6908895151802543,2.751869284661895,2.6419960864238576,2.745252323730651,100,0,1
2011.03.28,01:43:45,2.597272741279436,2.629839290996252,2.5353676435281374,2.6232216998039,100,0,1
2011.03.29,01:43:45,2.628282056388842,2.6788906395959735,2.56892735932966,2.60785474758193,100,0,1
2011.03.30,01:43:45,2.542846526053045,2.596498907750868,2.5096075200359174,2.594351775174707,100,0,1
2011.03.31,01:43:45,2.533144091788512,2.5708296881256265,2.4586597231833145,2.544333383699483,100,0,1
2011.04.01,01:43:45,2.494624600597527,2.541217662006262,2.412525016238253,2.4436296688882653,100,0,1
2011.04.02,01:43:45,2.5565988112306126,2.631214632559879,2.511901914932147,2.6000595268646687,100,0,1
2011.04.03,01:43:45,2.6054680029182853,2.66234555235925,2.517118957753277,2.5960768870533677,100,0,1
2011.04.04,01:43:45,2.609108818252544,2.659488459895872,2.583313454167235,2.624732309562134,100,0,1
2011.04.05,01:43:45,2.6111648342402924,2.672421664296918,2.5635409236845037,2.648461748705581,100,0,1
2011.04.06,01:43:45,2.6116946892216153,2.6538627595262807,2.553551738953626,2.566802096680833,100,0,1
2011.04.07,01:43:45,2.606848049464147,2.6712810505727425,2.5142515948779316,2.55051278223208,100,0,1
2011.04.08,01:43:45,2.5900550317933497,2.630853603430498,2.4981474297143116,2.6027474667813704,100,0,1
2011.04.09,01:43:45,2.53660722492085,2.554504224354962,2.4841127261362113,2.5283251762139987,100,0,1
2011.04.10,01:43:45,2.547017492401057,2.624172038441536,2.5138539787434384,2.5590226624037986,100,0,1
2011.04.11,01:43:45,2.65731179653868,2.75079739311189,2.590004670007205,2.694624524986835,100,0,1
2011.04.12,01:43:45,2.5435620410796465,2.5915481141306014,2.4631412658564087,2.491980028199148,100,0,1
2011.04.13,01:43:45,2.5850728049944895,2.663556921319381,2.510762948190029,2.6570574761271706,100,0,1
2011.04.14,01:43:45,2.560488690401317,2.608542693067249,2.557842599113589,2.6029044960761754,100,0,1
2011.04.15,01:43:45,2.648482485136592,2.701616760644933,2.5764623663218496,2.6072425424674743,100,0,1
2011.04.16,01:43:45,2.6249358604305524,2.6938977070334387,2.570448808318266,2.655601641555489,100,0,1
2011.04.17,01:43:45,2.6336145700179445,2.6952770417207415,2.5946423067895785,2.653025241889749,100,0,1
2011.04.18,01:43:45,2.708862576746124,2.7553086840412937,2.6523543494553348,2.681318043728007,100,0,1
2011.04.19,01:43:45,2.731697613594337,2.8001165912396435,2.6670221567966728,2.7546714459453376,100,0,1
2011.04.20,01:43:45,2.6401639011021127,2.697895895370091,2.57975079024182,2.691270277814106,100,0,1
2011.04.21,01:43:45,2.528021336768176,2.597848420766719,2.498866296349784,2.5543740146476366,100,0,1
2011.04.22,01:43:45,2.5616759828026066,2.63625631201515,2.507579191599298,2.5779284969810243,100,0,1
2011.04.23,01:43:45,2.470239926742034,2.5516105605708512,2.417716116520226,2.495463360377693,100,0,1
2011.04.24,01:43:45,2.4990532497734663,2.5299343667690484,2.4399535278209017,2.4764852610070576,100,0,1
2011.04.25,01:43:45,2.613862932855256,2.6376433629465486,2.5415440459529077,2.609259443543869,100,0,1
2011.04.26,01:43:45,2.601339533173017,2.6307000368849303,2.5469670859423417,2.6270730346848397,100,0,1
2011.04.27,01:43:45,2.6009631971046225,2.6578923289233893,2.5844378051103454,2.639958947822177,100,0,1
2011.04.28,01:43:45,2.6071802199689524,2.6399243276892523,2.5465357716140975,2.601375472327127,100,0,1
2011.04.29,01:43:45,2.566131448779541,2.650406386329386,2.4990812593779625,2.533515695953045,100,0,1
2011.04.30,01:43:45,2.5119446544705712,2.548586415599756,2.49133569923297,2.5435839098249677,100,0,1
2011.05.01,01:43:45,2.4607734800834016,2.528813019742719,2.4277196095730296,2.499390749264903,100,0,1
2011.05.02,01:43:45,2.4355152988759525,2.5149631602850024,2.3796106957479672,2.4947536698449446,100,0,1
2011.05.03,01:43:45,2.4297769543278522,2.4502751788713595,2.355325260122183,2.357899680179655,100,0,1
2011.05.04,01:43:45,2.483468100768106,2.530071866731923,2.398251008231454,2.4842278277648884,100,0,1
2011.05.05,01:43:45,2.460293406401634,2.5080864427657756,2.3992879923757653,2.4808812187666773,100,0,1
2011.05.06,01:43:45,2.477667951342418,2.554842443938301,2.4354144367366897,2.4928226334001464,100,0,1
2011.05.07,01:43:45,2.393121463689114,2.41445963794725,2.3536839058126704,2.3689403442269734,100,0,1
2011.05.08,01:43:45,2.354186258609897,2.385223948533595,2.271579643494764,2.3743194423991425,100,0,1
2011.05.09,01:43:45,2.3661345070460302,2.425024829467841,2.296157181604473,2.3876487021785135,100,0,1
2011.05.10,01:43:45,2.3406819917580677,2.3668610616663863,2.302717780490784,2.3428939592741034,100,0,1
2011.05.11,01:43:45,2.3948126573129778,2.4785944199458187,2.3206007587532493,2.4128705924010543,100,0,1
2011.05.12,01:43:45,2.4737060906279185,2.551894607063614,2.4453778260187855,2.5073431804582893,100,0,1
2011.05.13,01:43:45,2.5069963334004823,2.5445186425442525,2.4513229877296836,2.5034181095326096,100,0,1
2011.05.14,01:43:45,2.457741378991779,2.5049381248350375,2.4340422244112765,2.4807787482984764,100,0,1
2011.05.15,01:43:45,2.4224687376185,2.479482503706096,2.380222102682983,2.3909241312752663,100,0,1
2011.05.16,01:43:45,2.429859776012516,2.455945334171246,2.385717165461986,2.4434269362520733,100,0,1
2011.05.17,01:43:45,2.487831598695379,2.5068418190031463,2.424997545359218,2.4963873799795437,100,0,1
2011.05.18,01:43:45,2.511512292777681,2.5458747638775665,2.454499164481546,2.466456125591468,100,0,1
2011.05.19,01:43:45,2.4796739786088433,2.5297767542331155,2.4007413378878906,2.4243691199298176,100,0,1
2011.05.20,01:43:45,2.5397424369816286,2.5773472863396956,2.4814742397888865,2.5547277470342546,100,0,1
2011.05.21,01:43:45,2.6027694699328334,2.6488431877323735,2.5374612132046557,2.6370234936817027,100,0,1
2011.05.22,01:43:45,2.619484761358791,2.649197052909668,2.550839150193764,2.5670010213483585,100,0,1
2011.05.23,01:43:45,2.611749297910169,2.667856734462598,2.610886468529322,2.6461594447652637,100,0,1
2011.05.24,01:43:45,2.5907169009516267,2.647718579184148,2.5374720554046806,2.569376372387428,100,0,1
2011.05.25,01:43:45,2.595690008978836,2.65048898393629,2.508334186302651,2.643910017097833,100,0,1
2011.05.26,01:43:45,2.49795647343398,2.5302896769431706,2.4368395124736253,2.515026295137639,100,0,1
2011.05.27,01:43:45,2.5715657649435,2.601991033565016,2.536643818498489,2.591692678787506,100,0,1
2011.05.28,01:43:45,2.61151384240036,2.6890607703217553,2.5800574018945013,2.612944880065126,100,0,1
2011.05.29,01:43:45,2.5480008339479645,2.5923389815380284,2.502873597360418,2.5753521201257046,100,0,1
2011.05.30,01:43:45,2.582579284680316,2.6525415594413957,2.512293112439685,2.537400032761781,100,0,1
2011.05.31,01:43:45,2.6413991683336207,2.686059698266478,2.572838916374758,2.640023055441732,100,0,1
2011.06.01,01:43:45,2.6923168844595122,2.770984317512295,2.63577162557083,2.64064893796341,100,0,1
2011.06.02,01:43:45,2.719964816184885,2.7951892758915267,2.6606528644688727,2.7860816265728086,100,0,1
2011.06.03,01:43:45,2.7162253116185084,2.7607628320382234,2.6621232807025086,2.7163726838247255,100,0,1
2011.06.04,01:43:45,2.7052314922286453,2.779797592815942,2.635532184628089,2.7052394183319683,100,0,1
2011.06.05,01:43:45,2.6671881596808444,2.7599494772204975,2.6112630318748065,2.617135253277801,100,0,1
2011.06.06,01:43:45,2.6898156730045626,2.755074804754081,2.650823824944206,2.6660638734325466,100,0,1
2011.06.07,01:43:45,2.6601260373170863,2.7072839073610644,2.62383848168151,2.6239145141385865,100,0,1
2011.06.08,01:43:45,2.7023762764927377,2.718289105898285,2.643834511825956,2.6983545240338684,100,0,1
2011.06.09,01:43:45,2.767204112984514,2.8293892885369534,2.7596727488945043,2.776302687378199,100,0,1
2011.06.10,01:43:45,2.7731302444445207,2.840520800552732,2.7477570453952995,2.7836147109766642,100,0,1
2011.06.11,01:43:45,2.833107884949684,2.8774155578641425,2.7829320729334985,2.830135742312798,100,0,1
2011.06.12,01:43:45,2.857981657785015,2.8955863667849036,2.8439673785639132,2.8509284596069073,100,0,1
2011.06.13,01:43:45,2.7714111650296323,2.82337213363592,2.7215576395311576,2.7630145932396566,100,0,1
2011.06.14,01:43:45,2.740062564310152,2.7629249851552773,2.664535925433025,2.6783962381558144,100,0,1
2011.06.15,01:43:45,2.7470207717177066,2.796169440625327,2.696079102428807,2.701378934515238,100,0,1
2011.06.16,01:43:45,2.7256077548140016,2.7800543051035946,2.6525319193088612,2.6768657701194187,100,0,1
2011.06.17,01:43:45,2.731730355424898,2.799690628144186,2.7137493075139365,2.744719653618028,100,0,1
2011.06.18,01:43:45,2.74855637970916,2.8094526864045433,2.701310396966159,2.7114663069146054,100,0,1
2011.06.19,01:43:45,2.758781144504458,2.840541111162402,2.748391749713041,2.795818058624037,100,0,1
2011.06.20,01:43:45,2.715135546070592,2.787791209959471,2.6698316360235657,2.775655435867503,100,0,1
2011.06.21,01:43:45,2.6837122702151794,2.7298546877845475,2.626650586597896,2.6826169053235893,100,0,1
2011.06.22,01:43:45,2.633237695282823,2.7066796770148174,2.5707507231153106,2.6545418677294963,100,0,1
2011.06.23,01:43:45,2.70160507803395,2.748291755551793,2.630737531348803,2.64407353639093,100,0,1
2011.06.24,01:43:45,2.7320623596072067,2.775691127378591,2.6648940439934803,2.748867777485454,100,0,1
2011.06.25,01:43:45,2.66024295120275,2.718119462595803,2.6248916303141527,2.6904278352804414,100,0,1
2011.06.26,01:43:45,2.6928142848379797,2.7335309165950687,2.633793595079604,2.6504516188251768,100,0,1
2011.06.27,01:43:45,2.6984575787174854,2.756756646087601,2.6716398180823893,2.6741214069871075,100,0,1
2011.06.28,01:43:45,2.75492472485965,2.7733442438705467,2.713455917076053,2.768944220386091,100,0,1
2011.06.29,01:43:45,2.78709614646644,2.845538236964479,2.707089714440919,2.721764401685737,100,0,1
2011.06.30,01:43:45,2.7653847709994035,2.836713401862526,2.7230075508847,2.7289240837929136,100,0,1
2011.07.01,01:43:45,2.7368464146927134,2.761712530200183,2.6567741010414236,2.755077717925246,100,0,1
2011.07.02,01:43:45,2.6262952183889294,2.6650366048066214,2.598046574529529,2.6090991014450564,100,0,1
2011.07.03,01:43:45,2.641014414236207,2.6535928320818125,2.62231098227594,2.6467770350795408,100,0,1
2011.07.04,01:43:45,2.5878582094765097,2.632525345959125,2.5063713080334806,2.5598313118336935,100,0,1
2011.07.05,01:43:45,2.666194557624397,2.7325275738693837,2.604918853640708,2.722226757060899,100,0,1
2011.07.06,01:43:45,2.650133063696553,2.725193728592604,2.6166677203554305,2.7039495356413883,100,0,1
2011.07.07,01:43:45,2.7116928334414157,2.750423192988938,2.6830620297115333,2.742734261834614,100,0,1
2011.07.08,01:43:45,2.678803946350618,2.771185193041539,2.6180684214251,2.6864634067713764,100,0,1
2011.07.09,01:43:45,2.75133944895402,2.7770811453840274,2.7262049665149393,2.7560565193813016,100,0,1
2011.07.10,01:43:45,2.7920029359158405,2.846424213858749,2.7409057664710836,2.798354629308773,100,0,1
2011.07.11,01:43:45,2.7168145192807005,2.7561278164767558,2.654889594560372,2.657153237793552,100,0,1
2011.07.12,01:43:45,2.680619486663182,2.7223356234028846,2.632273161934931,2.6521095369486245,100,0,1
2011.07.13,01:43:45,2.6472311005194307,2.6997608774561637,2.5936498660267695,2.617642255156434,100,0,1
2011.07.14,01:43:45,2.6463652839137772,2.6813992008763012,2.6154016986769464,2.6354799754914584,100,0,1
2011.07.15,01:43:45,2.5713446053022935,2.6248671216033834,2.539055060061511,2.5563619388616527,100,0,1
2011.07.16,01:43:45,2.6169951562631923,2.660243632470737,2.5802476294088605,2.607334830796332,100,0,1
2011.07.17,01:43:45,2.7007393017762054,2.7850621988921835,2.6621569206270967,2.756175865149574,100,0,1
2011.07.18,01:43:45,2.6952864578973235,2.7097404794262197,2.629000632998285,2.6539543495674565,100,0,1
2011.07.19,01:43:45,2.6945463028631695,2.726853399316175,2.6297992017650293,2.7084274705574165,100,0,1
2011.07.20,01:43:45,2.555503457164456,2.600059345085912,2.4606135635710125,2.555845150616131,100,0,1
2011.07.21,01:43:45,2.519773339581485,2.571491780567932,2.4530025290211714,2.5592494046079977,100,0,1
2011.07.22,01:43:45,2.5834147109950774,2.6115407911710835,2.5123366075856657,2.6028158831567523,100,0,1
2011.07.23,01:43:45,2.5025109840971114,2.561698879213726,2.4594928037786743,2.469806021076416,100,0,1
2011.07.24,01:43:45,2.4112697062836483,2.479342008524217,2.3683135804672957,2.3971786177723367,100,0,1
2011.07.25,01:43:45,2.487930802859997,2.5384547250290113,2.4498881357205495,2.482985857292708,100,0,1
2011.07.26,01:43:45,2.5378134398175707,2.6146776050117344,2.4720971378644214,2.476253365883464,100,0,1
2011.07.27,01:43:45,2.566313568928559,2.5831557557051417,2.5135269167409633,2.5559670302765185,100,0,1
2011.07.28,01:43:45,2.6575429754187003,2.6608004341555294,2.588770660694537,2.6287601398409057,100,0,1
2011.07.29,01:43:45,2.657382991307191,2.728276784061491,2.6187012461753674,2.624353471539724,100,0,1
2011.07.30,01:43:45,2.644077235270685,2.6733695092326317,2.5684295711804266,2.634446252204751,100,0,1
2011.07.31,01:43:45,2.6653758729136143,2.7242761221899525,2.6380012185694603,2.6608295340929637,100,0,1
2011.08.01,01:43:45,2.7191207197522904,2.771928655206288,2.631972258538079,2.6751802470195303,100,0,1
2011.08.02,01:43:45,2.7776763678342835,2.81330127876348,2.743237106876888,2.75142080801188,100,0,1
2011.08.03,01:43:45,2.7262413566373604,2.7720251325091176,2.6681902044650916,2.679689751256252,100,0,1
2011.08.04,01:43:45,2.7001255744930384,2.7517512641061312,2.6796810465463476,2.7048009207806856,100,0,1
2011.08.05,01:43:45,2.724606456649547,2.803133842639607,2.673689624323066,2.7991252715425596,100,0,1
2011.08.06,01:43:45,2.8420050611493313,2.8780613137918785,2.815404283452674,2.8584019340533633,100,0,1
2011.08.07,01:43:45,2.882602675483639,2.9088709372915567,2.8280708666457093,2.8747731198738227,100,0,1
2011.08.08,01:43:45,2.8801317203097034,2.9306510190505075,2.8639276920164685,2.89978243685543,100,0,1
2011.08.09,01:43:45,2.9094531580795198,2.9647648502158668,2.8607077789378557,2.864840128968774,100,0,1
2011.08.10,01:43:45,2.931805632670167,2.978432271407334,2.8753361477348705,2.9532295295147546,100,0,1
2011.08.11,01:43:45,2.8819545030923277,2.8876847595711266,2.8072631900266733,2.834494632081177,100,0,1
2011.08.12,01:43:45,2.8654159469999856,2.9258566672831443,2.819394613360876,2.82855672716251,100,0,1
2011.08.13,01:43:45,2.885375795585052,2.975489502826675,2.8420962520929467,2.8514153518969683,100,0,1
2011.08.14,01:43:45,2.8144050840807795,2.8456278341049304,2.7659720996997064,2.8135830810306315,100,0,1
2011.08.15,01:43:45,2.779148659121222,2.836254739816338,2.7576318493449663,2.8105704470262474,100,0,1
2011.08.16,01:43:45,2.676165091814954,2.732282688306642,2.618282994749832,2.6640345104813203,100,0,1
2011.08.17,01:43:45,2.7622513837597027,2.82537743305343,2.7006061690060603,2.7430008734615856,100,0,1
2011.08.18,01:43:45,2.72468327920812,2.7577305765560505,2.706739872555929,2.7259810408500944,100,0,1
2011.08.19,01:43:45,2.737098639997942,2.7888315302710245,2.6903101522927435,2.7860979491795352,100,0,1
2011.08.20,01:43:45,2.68216177971478,2.7091413069949146,2.6186792990171477,2.7015192086854953,100,0,1
2011.08.21,01:43:45,2.6741065983303156,2.7299322862747775,2.6643963780051934,2.669388607983135,100,0,1
2011.08.22,01:43:45,2.6914938592994875,2.754807719322257,2.6076361622190625,2.637889450054924,100,0,1
2011.08.23,01:43:45,2.659659788228016,2.7244121904524894,2.592284797448982,2.6259377264978743,100,0,1
2011.08.24,01:43:45,2.6123658911420713,2.6657877052285768,2.563454450874513,2.625630888020936,100,0,1
2011.08.25,01:43:45,2.6211811340315774,2.6736354142360956,2.5680520398940705,2.582896858207699,100,0,1
2011.08.26,01:43:45,2.63450476226858,2.6734073128272167,2.5731545472819852,2.663345461304751,100,0,1
2011.08.27,01:43:45,2.6379455857198617,2.6853356968040156,2.5704977363274257,2.5964318221303624,100,0,1
2011.08.28,01:43:45,2.6961332002857854,2.7344577901906426,2.6219927838857933,2.6698379001177686,100,0,1
2011.08.29,01:43:45,2.61268504107985,2.6610611441154934,2.578726410582954,2.6202870287796127,100,0,1
2011.08.30,01:43:45,2.5896172596433304,2.6430901033204846,2.522105390116023,2.5392337459522616,100,0,1
2011.08.31,01:43:45,2.616792874139891,2.6559289622776694,2.529886218491771,2.5953733038429387,100,0,1
2011.09.01,01:43:45,2.643515317575597,2.673507793806625,2.593262820021125,2.6044518079992685,100,0,1
2011.09.02,01:43:45,2.541833178603588,2.5814922991926488,2.448797865230727,2.458934860771102,100,0,1
2011.09.03,01:43:45,2.596926106260338,2.6646804368905115,2.555355404543958,2.573490641343666,100,0,1
2011.09.04,01:43:45,2.567448037086857,2.6208815535744603,2.500247922810764,2.5929150266004473,100,0,1
2011.09.05,01:43:45,2.5249576138926293,2.540273354280771,2.4985363108519545,2.534322218534787,100,0,1
2011.09.06,01:43:45,2.5553328052573296,2.5899788774546746,2.480787605598165,2.495374095394179,100,0,1
2011.09.07,01:43:45,2.46194980438119,2.5035469827308567,2.4152324138425247,2.480825473684346,100,0,1
2011.09.08,01:43:45,2.46163375556402,2.5520069701758477,2.404917577496237,2.4348433419178077,100,0,1
2011.09.09,01:43:45,2.4205243737782927,2.485820405753033,2.3554164397485744,2.4164104178944044,100,0,1
2011.09.10,01:43:45,2.4925479361869582,2.541553739404104,2.4460359051560316,2.5379054714658813,100,0,1
2011.09.11,01:43:45,2.4796792953812,2.5083502784689427,2.4289978875286447,2.4627940557438013,100,0,1
2011.09.12,01:43:45,2.4544623571336035,2.502265482131371,2.4516736988672334,2.478512770104828,100,0,1
2011.09.13,01:43:45,2.415706807742648,2.4530302789383205,2.384915074893196,2.4002167100086154,100,0,1
2011.09.14,01:43:45,2.451087083150192,2.475492269882875,2.403047236470697,2.4178958372352053,100,0,1
2011.09.15,01:43:45,2.457663359029223,2.5177073364404787,2.3929994329515836,2.4968955482998085,100,0,1
2011.09.16,01:43:45,2.4138123440827903,2.4743131429066167,2.4046293757112123,2.462993680264709,100,0,1
2011.09.17,01:43:45,2.497459566970464,2.5449239230835246,2.4344527613737434,2.4545632655747656,100,0,1
2011.09.18,01:43:45,2.475964516732053,2.5241434469759843,2.4230766058226996,2.4620841996339857,100,0,1
2011.09.19,01:43:45,2.4727926356819774,2.5277238130043354,2.4101607800683675,2.4378616398913286,100,0,1
2011.09.20,01:43:45,2.5026118464002747,2.598835364571126,2.456370313901865,2.506580001128167,100,0,1
2011.09.21,01:43:45,2.5234243233570695,2.5720800515354614,2.4566244742344434,2.469431024501206,100,0,1
2011.09.22,01:43:45,2.620003963734016,2.6884950436584845,2.564434387727041,2.584511907739073,100,0,1
2011.09.23,01:43:45,2.5506184034242696,2.552882729247286,2.547373574883315,2.5513625424378445,100,0,1
2011.09.24,01:43:45,2.5808586106627547,2.623373668083462,2.551582319010287,2.569021104316786,100,0,1
2011.09.25,01:43:45,2.5431638391543223,2.5990567306679044,2.4810563553912623,2.4942291795799334,100,0,1
2011.09.26,01:43:45,2.5247463621229542,2.5406704002060305,2.4738392831589437,2.480403923121362,100,0,1
2011.09.27,01:43:45,2.5240156968576866,2.6058544210042145,2.487678927589521,2.541406636308988,100,0,1
2011.09.28,01:43:45,2.5284323369715773,2.597334387059476,2.5131570173251667,2.5253918804383906,100,0,1
2011.09.29,01:43:45,2.5688889997790487,2.6241995516971945,2.558142783829727,2.61922079562327,100,0,1
2011.09.30,01:43:45,2.522901437902408,2.5912719379060913,2.4807718043149904,2.506383005355188,100,0,1
2011.10.01,01:43:45,2.5269795542295936,2.5981972196533754,2.4298951174685373,2.4374428434654076,100,0,1
2011.10.02,01:43:45,2.481960954797495,2.55421665699034,2.437054013621993,2.5255120157825224,100,0,1
2011.10.03,01:43:45,2.4509205097377356,2.5015236158245013,2.403439291710977,2.419850176623639,100,0,1
2011.10.04,01:43:45,2.4886618451222695,2.5866272507629273,2.4455699127319415,2.583634672867856,100,0,1
2011.10.05,01:43:45,2.5284764028948294,2.5998282122338168,2.486263455812101,2.4958983811014437,100,0,1
2011.10.06,01:43:45,2.460419164961166,2.5457530612006876,2.392849522338404,2.531756450441909,100,0,1
2011.10.07,01:43:45,2.4773986533557846,2.547641023974316,2.4195765027747957,2.4568397940311018,100,0,1
2011.10.08,01:43:45,2.490374498970998,2.5688586898747707,2.417207921929348,2.475453741872737,100,0,1
2011.10.09,01:43:45,2.476832397003874,2.5741079868521046,2.4328248071830503,2.4835067318312993,100,0,1
2011.10.10,01:43:45,2.4769149773199564,2.5387747326917034,2.454754534982689,2.4830330598138564,100,0,1
2011.10.11,01:43:45,2.346597331589841,2.408922993038721,2.3043859495545878,2.3122065672659495,100,0,1
2011.10.12,01:43:45,2.230987767295508,2.281123026191393,2.184192052077152,2.1952439235910526,100,0,1
2011.10.13,01:43:45,2.235314865962306,2.273267866384766,2.2000297104963704,2.2150593050839844,100,0,1
2011.10.14,01:43:45,2.3253994823477386,2.379944936638161,2.267273137470895,2.362318143343124,100,0,1
2011.10.15,01:43:45,2.3677987177699555,2.404876576392328,2.299857553821353,2.325338303094569,100,0,1
2011.10.16,01:43:45,2.266955240794036,2.312630307768684,2.1945045590279917,2.257114063404441,100,0,1
2011.10.17,01:43:45,2.355402818790913,2.4281378666805167,2.3020705779749986,2.3233440548868405,100,0,1
2011.10.18,01:43:45,2.3942888007709446,2.431414049592459,2.328155598014948,2.351270595395102,100,0,1
2011.10.19,01:43:45,2.2968748325634256,2.344034163648807,2.276089157939674,2.281213294468784,100,0,1
2011.10.20,01:43:45,2.27399562894326,2.3203179859919962,2.239433263935416,2.317056357727726,100,0,1
2011.10.21,01:43:45,2.3454043101229582,2.382014591850234,2.27223631758278,2.2883225369896825,100,0,1
2011.10.22,01:43:45,2.2805447774200123,2.3029460647980105,2.234347593237358,2.2674490781046748,100,0,1
2011.10.23,01:43:45,2.3049971626798693,2.349661264809313,2.254326053520852,2.3198732294178375,100,0,1
2011.10.24,01:43:45,2.301992167572915,2.3516515842506407,2.250989198889575,2.335085454681291,100,0,1
2011.10.25,01:43:45,2.3690454889200554,2.4211234629730214,2.3328324883828606,2.4161091518926434,100,0,1
2011.10.26,01:43:45,2.3197159132218914,2.3645088971251864,2.293754474666475,2.3128597070379606,100,0,1
2011.10.27,01:43:45,2.3979576174058383,2.4481340063076704,2.340869378097849,2.3641823718073622,100,0,1
2011.10.28,01:43:45,2.4512837745782328,2.509105546453168,2.3988496087808895,2.4195081939230785,100,0,1
2011.10.29,01:43:45,2.4524489467808026,2.516307850588675,2.398631625509788,2.485638418152109,100,0,1
2011.10.30,01:43:45,2.397822407164036,2.439246853960478,2.339487581391165,2.4345960321179,100,0,1
2011.10.31,01:43:45,2.44976658267501,2.4695740864368596,2.436330734238622,2.463184493348522,100,0,1
2011.11.01,01:43:45,2.3879348192415035,2.4675986955335,2.3616576610974827,2.369001336898149,100,0,1
2011.11.02,01:43:45,2.3436780582170664,2.397035235449721,2.2753559021848884,2.323427912301252,100,0,1
2011.11.03,01:43:45,2.3562487367319727,2.398995418719654,2.327729800232962,2.350090465841031,100,0,1
2011.11.04,01:43:45,2.3483976313873884,2.389490654191418,2.284975487840207,2.294656381987742,100,0,1
2011.11.05,01:43:45,2.3194544970407347,2.3644133789084245,2.265824793411807,2.283316638143091,100,0,1
2011.11.06,01:43:45,2.358064442019764,2.4077353182926093,2.2641006790964777,2.3698895805032216,100,0,1
2011.11.07,01:43:45,2.2534621790104996,2.3302961408784273,2.18881579091242,2.22804769326581,100,0,1
2011.11.08,01:43:45,2.325580232163266,2.4036409246053316,2.2617235227110895,2.379829528568327,100,0,1
2011.11.09,01:43:45,2.2686864701875913,2.328956537094832,2.18232266313737,2.222041039711295,100,0,1
2011.11.10,01:43:45,2.2506734813228473,2.324044603841048,2.222295406574374,2.285119813547198,100,0,1
2011.11.11,01:43:45,2.2627038805184445,2.3276413540375938,2.2141569534511736,2.2418023297254663,100,0,1
2011.11.12,01:43:45,2.296763037982938,2.359477558979798,2.2351654565345362,2.3506949319840156,100,0,1
2011.11.13,01:43:45,2.295519783972919,2.3561569182446305,2.2226701936958886,2.2745038281019028,100,0,1
2011.11.14,01:43:45,2.2793721281756953,2.341471366002965,2.2609787332503988,2.3091864341697392,100,0,1
2011.11.15,01:43:45,2.306153100454134,2.3507848216153,2.2299618194238127,2.2890892748539486,100,0,1
2011.11.16,01:43:45,2.427788996384661,2.48706635786046,2.3704935601698276,2.4835564077006955,100,0,1
2011.11.17,01:43:45,2.4654569374232937,2.553193088712092,2.4230543567668295,2.4286566559425675,100,0,1
2011.11.18,01:43:45,2.376327838937614,2.4329185339771313,2.3306206374031047,2.426683814744675,100,0,1
2011.11.19,01:43:45,2.3124901882513793,2.3932821619849647,2.2507545293224758,2.3392230292253045,100,0,1
2011.11.20,01:43:45,2.232403348262102,2.247411626991561,2.1716120934381915,2.2313886367749673,100,0,1
2011.11.21,01:43:45,2.234482631039419,2.29674932552775,2.197447292155949,2.28707087380161,100,0,1
2011.11.22,01:43:45,2.216712662482285,2.2603324668131513,2.1598378327627485,2.246649315528585,100,0,1
2011.11.23,01:43:45,2.125941374123894,2.1756087223401117,2.0587557626073956,2.1716043455095972,100,0,1
2011.11.24,01:43:45,2.0694308065900398,2.150009840914749,2.0221210630296844,2.039624775661139,100,0,1
2011.11.25,01:43:45,2.0559366206770253,2.1411883338473428,2.030920687625668,2.1256644049667943,100,0,1
2011.11.26,01:43:45,2.045200095955234,2.0955205428922237,2.0087602977798693,2.0906641988127577,100,0,1
2011.11.27,01:43:45,2.064198616652851,2.081804170596001,2.0111032528310613,2.027447896595168,100,0,1
2011.11.28,01:43:45,2.102812841989669,2.1452433855274067,2.052292457913107,2.131856569955941,100,0,1
2011.11.29,01:43:45,2.1040053158380654,2.1910189510273828,2.0599902210340204,2.143152307968177,100,0,1
2011.11.30,01:43:45,2.0761596927365975,2.1465255168938935,2.0518872823373293,2.1261213615226118,100,0,1
2011.12.01,01:43:45,1.9808259636096333,2.010686422377244,1.9276030242667657,1.9360237383909396,100,0,1
2011.12.02,01:43:45,1.9984538962125988,2.0507707810394997,1.9526758378393096,2.01337481281772,100,0,1
2011.12.03,01:43:45,2.0092734587544463,2.034631253526991,1.9428387167908863,2.0172980363534045,100,0,1
2011.12.04,01:43:45,2.0345635605517383,2.096052675956143,1.964017294055216,1.9832432566902016,100,0,1
2011.12.05,01:43:45,2.044457502084641,2.0953715676197233,1.969165531447304,2.090339506762236,100,0,1
2011.12.06,01:43:45,2.0461846263353407,2.072979133808701,2.0244319862869324,2.0274111001660824,100,0,1
2011.12.07,01:43:45,2.010292954757502,2.0465380175032672,1.9611670235132885,2.0360044024070323,100,0,1
2011.12.08,01:43:45,2.037283824501888,2.092194845830132,1.9535281844691244,2.0545195584077227,100,0,1
2011.12.09,01:43:45,2.0585617960599083,2.1140276119405415,2.007625341704386,2.113863097697958,100,0,1
2011.12.10,01:43:45,2.0149282164753353,2.0719405672038405,1.9803132551225473,2.0697299963063043,100,0,1
2011.12.11,01:43:45,1.9717134135888397,2.0249162120106243,1.9005058384044962,1.9579381084915584,100,0,1
2011.12.12,01:43:45,2.0050146469085828,2.066084649954099,1.9743654389358731,2.0587588614809222,100,0,1
2011.12.13,01:43:45,2.0203614264078,2.0787543093376026,1.9811678475106052,1.9956771273019933,100,0,1
2011.12.14,01:43:45,2.07389234730615,2.103229413022181,2.0244770230963587,2.0747719226936776,100,0,1
2011.12.15,01:43:45,2.0390338392691514,2.087570889422997,2.0012297041349054,2.015751833167842,100,0,1
2011.12.16,01:43:45,2.072631876612548,2.144172527219844,2.000540671301684,2.0939857254868093,100,0,1
2011.12.17,01:43:45,2.1109828463966758,2.1338765169837965,2.0856346547840694,2.098309135439369,100,0,1
2011.12.18,01:43:45,2.2208077748956887,2.3061463012217693,2.179418876576013,2.2684223673325326,100,0,1
2011.12.19,01:43:45,2.186147666155254,2.2231644072085337,2.1182857246983677,2.174732319667147,100,0,1
2011.12.20,01:43:45,2.199485454507847,2.2828826330470333,2.139278140950439,2.1499279970222234,100,0,1
2011.12.21,01:43:45,2.2762361175577586,2.3296142202758876,2.2597646973600223,2.27064501157574,100,0,1
2011.12.22,01:43:45,2.3095999358307315,2.376176628435972,2.2550919315566658,2.2573709840110756,100,0,1
2011.12.23,01:43:45,2.354543087338286,2.412002314686601,2.279317252810613,2.383496568312065,100,0,1
2011.12.24,01:43:45,2.337638533956068,2.3906142301244273,2.323679906493943,2.3324763005593567,100,0,1
2011.12.25,01:43:45,2.38884665147292,2.4359740323147197,2.332346602431875,2.3504291133839557,100,0,1
2011.12.26,01:43:45,2.2978466817348173,2.3580782720941973,2.289442126908545,2.310683275494648,100,0,1
2011.12.27,01:43:45,2.1860494249717575,2.2336312980589046,2.13499982221851,2.1977142329957338,100,0,1
2011.12.28,01:43:45,2.0880179893307567,2.156235670364038,2.0403160881396616,2.1548447254439957,100,0,1
2011.12.29,01:43:45,2.0510060410653628,2.0811939418103327,2.0040111726199954,2.043713575984572,100,0,1
2011.12.30,01:43:45,2.058413614399967,2.1457443780139087,2.00599895122027,2.0775453198730016,100,0,1
2011.12.31,01:43:45,2.046409893506409,2.1009444950796756,2.0353312150159915,2.063898267693314,100,0,1
2012.01.01,01:43:45,2.0949053740674266,2.120795148539423,2.0839863854991485,2.1202447133166107,100,0,1
2012.01.02,01:43:45,2.1100751595439906,2.16421654012904,2.0700412075119883,2.111935919890818,100,0,1
2012.01.03,01:43:45,2.111522843114818,2.1859113190629325,2.0535379592379495,2.13232296799115,100,0,1
2012.01.04,01:43:45,2.084930085689457,2.1602754515833023,1.9878775093571042,2.054195135309332,100,0,1
2012.01.05,01:43:45,2.03017762093373,2.0969194598889414,1.961623223041697,2.047055481541975,100,0,1
2012.01.06,01:43:45,2.064350766301755,2.079016007560276,2.0170345685072997,2.063722867272027,100,0,1
2012.01.07,01:43:45,2.0417427388992686,2.102580086516237,1.987640737372474,2.0630959708802172,100,0,1
2012.01.08,01:43:45,2.032303292503081,2.0762155286605197,1.97166495874481,2.0420354857621046,100,0,1
2012.01.09,01:43:45,2.014905404027189,2.0593353287503158,1.972191510521314,2.01507464213913,100,0,1
2012.01.10,01:43:45,2.0553098356114576,2.095718991885369,2.015479800405803,2.0298695911973224,100,0,1
2012.01.11,01:43:45,2.153312061975385,2.1877399855416533,2.0690273108685995,2.1288586965397576,100,0,1
2012.01.12,01:43:45,2.0714053322862296,2.0989081103058367,2.014501484192862,2.073504092786289,100,0,1
2012.01.13,01:43:45,2.065151202278764,2.0956908770637974,2.008359208640313,2.014089799740116,100,0,1
2012.01.14,01:43:45,2.064583899387397,2.122361473135214,2.017098829101487,2.051820201605836,100,0,1
2012.01.15,01:43:45,2.1227727469997157,2.1824310577759047,2.064487260542176,2.1227447199785656,100,0,1
2012.01.16,01:43:45,2.2101021268820604,2.249148412958677,2.156801402992389,2.185004490662927,100,0,1
2012.01.17,01:43:45,2.288320854289803,2.326597481060015,2.2445378026949205,2.2552849204458103,100,0,1
2012.01.18,01:43:45,2.2985371082229267,2.36305268915061,2.2140146087633235,2.245866697313975,100,0,1
2012.01.19,01:43:45,2.2974121878571405,2.360455561314534,2.2473850168664153,2.2481802367998642,100,0,1
2012.01.20,01:43:45,2.292403107135426,2.3051450717974435,2.2312716684098453,2.253064917004719,100,0,1
2012.01.21,01:43:45,2.2850571185326785,2.329733689909405,2.2038403162996927,2.3236580532296394,100,0,1
2012.01.22,01:43:45,2.320911864798213,2.3632983546159867,2.2503020901851696,2.332916092739985,100,0,1
2012.01.23,01:43:45,2.3196342377029437,2.3508852967471365,2.241375604722674,2.3435687361993014,100,0,1
2012.01.24,01:43:45,2.304428917549478,2.363620522503728,2.2554515042306993,2.2585106297714876,100,0,1
2012.01.25,01:43:45,2.2962628295672505,2.3691927476136594,2.294327820399512,2.3147396787201138,100,0,1
2012.01.26,01:43:45,2.3139111821651333,2.3483845209367105,2.2846755818794557,2.331235615803388,100,0,1
2012.01.27,01:43:45,2.262125538866022,2.2956927140674392,2.1924235924714983,2.2668349886801784,100,0,1
2012.01.28,01:43:45,2.3195219206150663,2.358647741567636,2.278120211248476,2.319144853919021,100,0,1
2012.01.29,01:43:45,2.4107326144848367,2.463737557134356,2.3711217694764315,2.4441420370492892,100,0,1
2012.01.30,01:43:45,2.373307893877588,2.4219313564590474,2.282352223386373,2.406939696094688,100,0,1
2012.01.31,01:43:45,2.356806163407383,2.430949985022244,2.3022961896233816,2.304609396610516,100,0,1
2012.02.01,01:43:45,2.2551851116757597,2.2744383133828037,2.1921041039760714,2.256218768968286,100,0,1
2012.02.02,01:43:45,2.2706130107389058,2.2860219885107873,2.2205418677792457,2.250472591909464,100,0,1
2012.02.03,01:43:45,2.317343171950699,2.3702473439244787,2.2782026907156703,2.292183964925072,100,0,1
2012.02.04,01:43:45,2.3132568729800873,2.3455459935880265,2.2411803934539516,2.3101060381647454,100,0,1
2012.02.05,01:43:45,2.3784355875754595,2.4314169460037256,2.3319874907618168,2.3396397008588004,100,0,1
2012.02.06,01:43:45,2.4005509894870287,2.40865801617519,2.389093381142699,2.401255310479596,100,0,1
2012.02.07,01:43:45,2.3910707922090895,2.4546512394468687,2.376386017663138,2.420531654022404,100,0,1
2012.02.08,01:43:45,2.3731257012666367,2.425114588195125,2.342104256625931,2.37748246087104,100,0,1
2012.02.09,01:43:45,2.3283324939747545,2.3537156699958492,2.275448147885885,2.30098904323115,100,0,1
2012.02.10,01:43:45,2.390354844622069,2.4251785656849405,2.3371182675475373,2.3659254790956186,100,0,1
2012.02.11,01:43:45,2.3956282988088593,2.4502929005385177,2.303248749563978,2.3488818133110385,100,0,1
2012.02.12,01:43:45,2.3247842000228234,2.3696438261204076,2.268981970818163,2.27680090207497,100,0,1
2012.02.13,01:43:45,2.3158002030086866,2.3614739589231535,2.274594322479648,2.290978599092957,100,0,1
2012.02.14,01:43:45,2.3116713657665366,2.35852689008103,2.258121391691676,2.306439500631268,100,0,1
2012.02.15,01:43:45,2.230024845109765,2.2830614849022552,2.156206008856179,2.1967227377234524,100,0,1
2012.02.16,01:43:45,2.2966850831209635,2.3792955064694175,2.2513321052297615,2.2792477555787496,100,0,1
2012.02.17,01:43:45,2.295646118047512,2.3274557262672695,2.2188062605759127,2.2550263527526027,100,0,1
2012.02.18,01:43:45,2.3853244240958484,2.450024817424581,2.3232100157867395,2.3710608996274622,100,0,1
2012.02.19,01:43:45,2.30404839566957,2.367881391859815,2.240381675437698,2.303651632674356,100,0,1
2012.02.20,01:43:45,2.322117061937327,2.4049764807444616,2.2936135791234826,2.300130388888068,100,0,1
2012.02.21,01:43:45,2.355810607344952,2.3821827952900976,2.3049696522111645,2.3562314666482886,100,0,1
2012.02.22,01:43:45,2.294962118639641,2.356225996468698,2.240505585541761,2.3089036889671886,100,0,1
2012.02.23,01:43:45,2.329626321500814,2.3361914038125136,2.2712025763579424,2.317221491219467,100,0,1
2012.02.24,01:43:45,2.2876682916717495,2.385267599673759,2.232471990977849,2.2853969744419587,100,0,1
2012.02.25,01:43:45,2.2673422948545205,2.361305929133973,2.233496950346821,2.3121375994042372,100,0,1
2012.02.26,01:43:45,2.2913604101786818,2.3530397927313267,2.2657759088518072,2.2878284448269373,100,0,1
2012.02.27,01:43:45,2.3569546466012894,2.397911198496873,2.2865174439784592,2.3493922728238568,100,0,1
2012.02.28,01:43:45,2.3903115124709435,2.4161593911936157,2.341113391306254,2.3934165946054025,100,0,1
2012.02.29,01:43:45,2.318553575056935,2.344987553987428,2.2715049547723964,2.314415001148663,100,0,1
2012.03.01,01:43:45,2.3366114188035128,2.372441169477851,2.285794503431698,2.370432526265188,100,0,1
2012.03.02,01:43:45,2.3263091734653885,2.360166247426477,2.2846443884487155,2.334882586338203,100,0,1
2012.03.03,01:43:45,2.386999088257754,2.4488193485730734,2.3732672234001937,2.3800852721413253,100,0,1
2012.03.04,01:43:45,2.348102818790595,2.4359346720661703,2.3054904157357843,2.4348429006059016,100,0,1
2012.03.05,01:43:45,2.2981945402072066,2.3653473541759977,2.269229187821164,2.310912320707548,100,0,1
2012.03.06,01:43:45,2.338537718308562,2.373180920998128,2.31036140446315,2.3436524857928878,100,0,1
2012.03.07,01:43:45,2.356842485275775,2.4258466867470636,2.2989494889354125,2.367550832177566,100,0,1
2012.03.08,01:43:45,2.4220188358705657,2.4642755004633616,2.359602876667768,2.4463230196898627,100,0,1
2012.03.09,01:43:45,2.3650741282761323,2.366320107914544,2.3414489041256843,2.3571511969023273,100,0,1
2012.03.10,01:43:45,2.379626297064407,2.456140383006575,2.329068780968559,2.371721095357778,100,0,1
2012.03.11,01:43:45,2.3786548070930844,2.412802272136738,2.33246401902085,2.335705890877199,100,0,1
2012.03.12,01:43:45,2.383015916468229,2.4382260658498933,2.3097181841649945,2.363371975804298,100,0,1
2012.03.13,01:43:45,2.3808408580806484,2.444608510099472,2.362676097317754,2.4289324177444596,100,0,1
2012.03.14,01:43:45,2.3666002369627357,2.4210461892883406,2.333295123160286,2.3526979853040717,100,0,1
2012.03.15,01:43:45,2.360952751614858,2.4247969422007194,2.351309446055279,2.3816518430499096,100,0,1
2012.03.16,01:43:45,2.401439030994513,2.4753308399046206,2.364038599487701,2.3821020091066547,100,0,1
2012.03.17,01:43:45,2.3471931851614434,2.4034992222109586,2.319699256028501,2.3625251307030943,100,0,1
2012.03.18,01:43:45,2.2808040025517418,2.3294071808241,2.2589226324001968,2.2721963433298726,100,0,1
2012.03.19,01:43:45,2.248271282361432,2.31266245378198,2.1717456953253698,2.196997596833007,100,0,1
2012.03.20,01:43:45,2.2111827314618937,2.2360637189247092,2.157342886521213,2.210560802481934,100,0,1
2012.03.21,01:43:45,2.2443450754639667,2.2993918195581173,2.1884476424644053,2.2337230853497907,100,0,1
2012.03.22,01:43:45,2.1194891492355863,2.1846804312067905,2.0551394340239106,2.0901583415647735,100,0,1
2012.03.23,01:43:45,2.1878326109706028,2.22905565557162,2.122838965960357,2.1545138057403705,100,0,1
2012.03.24,01:43:45,2.1841661978474147,2.2136772979353223,2.0985977942090517,2.114318199692655,100,0,1
2012.03.25,01:43:45,2.1166054099306417,2.139178673451178,2.0620386610569184,2.0964824193106604,100,0,1
2012.03.26,01:43:45,2.0433871950081963,2.145672871572937,1.9913237043797387,1.9956192059274223,100,0,1
2012.03.27,01:43:45,2.043629312716808,2.0833946376124857,1.9714887572666573,1.9800602088257213,100,0,1
2012.03.28,01:43:45,2.018019405263116,2.035846805052831,1.9584338136215587,1.9870877623749659,100,0,1
2012.03.29,01:43:45,2.055880136219265,2.13734118134617,1.9901332669824345,1.999510589970718,100,0,1
2012.03.30,01:43:45,1.9843122541440161,2.054574256497404,1.936291896960115,2.046539540031839,100,0,1
2012.03.31,01:43:45,2.0341548515561647,2.0688349376142696,1.9397805937216042,1.9635130192227481,100,0,1
2012.04.01,01:43:45,2.077844928484688,2.098598384151468,2.0185339752749103,2.060514841752053,100,0,1
2012.04.02,01:43:45,2.0709874783914026,2.1246122355999018,1.9880880698924595,2.1133292549633524,100,0,1
2012.04.03,01:43:45,2.0126649481392658,2.0555612279848074,1.962240708198605,1.9973234357615883,100,0,1
2012.04.04,01:43:45,2.0182160278014614,2.058531375292701,1.9851226983929076,2.003057701445418,100,0,1
2012.04.05,01:43:45,2.0391384078495727,2.0922330350066805,1.9736820613315027,1.9964735506692568,100,0,1
2012.04.06,01:43:45,2.0221119781146535,2.0675288218791903,2.0160086455056705,2.058462065084515,100,0,1
2012.04.07,01:43:45,2.0790780583259934,2.1407224376010294,2.0057080772019087,2.034900640172575,100,0,1
2012.04.08,01:43:45,2.0405192718143286,2.085442516558724,1.9823391474453917,2.049483517869473,100,0,1
2012.04.09,01:43:45,2.0792014673816994,2.1465126687662734,2.0266538131106233,2.0507143310717444,100,0,1
2012.04.10,01:43:45,2.0884973619481353,2.1889752379720293,2.0230232056797575,2.1831235395934288,100,0,1
2012.04.11,01:43:45,2.052187594559395,2.1138507748138595,2.000901329032391,2.097158851275754,100,0,1
2012.04.12,01:43:45,1.9714782040448435,2.025636461273619,1.9034527109789312,2.005242438440616,100,0,1
2012.04.13,01:43:45,1.9680219000107984,2.023940085337465,1.941129755354215,1.9877481110952764,100,0,1
2012.04.14,01:43:45,2.0976301047019374,2.1570834765664135,2.0885904619509303,2.1198622827926723,100,0,1
2012.04.15,01:43:45,2.0607161165244783,2.1131693586745133,2.0242852947826258,2.096886228889448,100,0,1
2012.04.16,01:43:45,2.0372144296154837,2.1008068664167183,1.9920084294152711,2.066958520061631,100,0,1
2012.04.17,01:43:45,2.0180722451473434,2.0814827273974013,1.9769675019179,1.9855551398050493,100,0,1
2012.04.18,01:43:45,2.0521872737543725,2.078077955328131,1.9953282700507795,2.0738567849665506,100,0,1
2012.04.19,01:43:45,2.1128479372449203,2.168470948085573,2.0620257143184126,2.0987706129898904,100,0,1
2012.04.20,01:43:45,2.135604823765052,2.1940562502293206,2.0949569682073266,2.0966824482631554,100,0,1
2012.04.21,01:43:45,2.105100174227441,2.1516477520966615,2.041821453375435,2.0570616753555435,100,0,1
2012.04.22,01:43:45,2.1127178228841452,2.1621367905240074,2.082327756807442,2.1082456279393256,100,0,1
2012.04.23,01:43:45,2.0930436918400783,2.142788830085976,2.0292940819021705,2.126650828405365,100,0,1
2012.04.24,01:43:45,2.1280276522139334,2.211989135887624,2.078032958274642,2.127426953443225,100,0,1
2012.04.25,01:43:45,2.1712178256711567,2.2058268517970014,2.1115785643131693,2.173146235122578,100,0,1
2012.04.26,01:43:45,2.1491397134693186,2.214547788924091,2.1039564913678044,2.1899527992349133,100,0,1
2012.04.27,01:43:45,2.1692898078086458,2.2441850833583405,2.124629753069669,2.14996355363558,100,0,1
2012.04.28,01:43:45,2.104710114489107,2.132938454630989,2.067882109216166,2.1309956176042073,100,0,1
2012.04.29,01:43:45,2.144821680776303,2.190967366125171,2.090266517417331,2.1065321797450367,100,0,1
2012.04.30,01:43:45,2.138008655254299,2.1417385748837146,2.0867991530326706,2.106869883658474,100,0,1
2012.05.01,01:43:45,2.152807359637314,2.2311068728635544,2.08023964634396,2.1349242504708936,100,0,1
2012.05.02,01:43:45,2.178887026003365,2.2368151776021543,2.1239074451871702,2.2162595719658102,100,0,1
2012.05.03,01:43:45,2.142324209324352,2.196463011393862,2.138759873475495,2.189332342663942,100,0,1
2012.05.04,01:43:45,2.145555243892589,2.192121753886429,2.083481577281414,2.0988500504258525,100,0,1
2012.05.05,01:43:45,2.1717528551745535,2.2248760469265205,2.1099326302976165,2.1319331262076804,100,0,1
2012.05.06,01:43:45,2.226708557981257,2.283211345490396,2.170476394749813,2.2799322621026166,100,0,1
2012.05.07,01:43:45,2.2007994322950024,2.223493982958944,2.134310596068513,2.179713200622586,100,0,1
2012.05.08,01:43:45,2.180234382298795,2.235733563833498,2.1299724764311105,2.1379058434412546,100,0,1
2012.05.09,01:43:45,2.1641341997440344,2.210282035462071,2.0836731656806644,2.1784633508248152,100,0,1
2012.05.10,01:43:45,2.1618744609866605,2.2101005192502483,2.133509929513722,2.1417555703141407,100,0,1
2012.05.11,01:43:45,2.220732822012619,2.2488308482186987,2.1936348111507393,2.2214813591864035,100,0,1
2012.05.12,01:43:45,2.3099181365733217,2.3750546404352675,2.250775680906673,2.3691795344638757,100,0,1
2012.05.13,01:43:45,2.3505814330656913,2.372460342609609,2.3194678569990796,2.3590857285487985,100,0,1
2012.05.14,01:43:45,2.4619263121197172,2.5286103162742912,2.4139571537045112,2.437619518155361,100,0,1
2012.05.15,01:43:45,2.3821558981985396,2.4343500722148237,2.334129931059018,2.3988534717692866,100,0,1
2012.05.16,01:43:45,2.387668655004324,2.441592280281426,2.314572695943086,2.3482785179864316,100,0,1
2012.05.17,01:43:45,2.391520533950403,2.4096571488965326,2.323790511769851,2.3706026920772554,100,0,1
2012.05.18,01:43:45,2.482621759469192,2.5128618501803266,2.437586754398182,2.4436997903204993,100,0,1
2012.05.19,01:43:45,2.517684612018118,2.6168083506524598,2.45952474632789,2.5164166951934837,100,0,1
2012.05.20,01:43:45,2.4456008229733697,2.447856107189443,2.36118660515514,2.366886832992187,100,0,1
2012.05.21,01:43:45,2.451695326748655,2.5091151490756154,2.4175277009379763,2.423257071353847,100,0,1
2012.05.22,01:43:45,2.3928133500765716,2.4516786282830436,2.3367142987970837,2.419962140037655,100,0,1
2012.05.23,01:43:45,2.3920359057765217,2.4849224565380257,2.3471173508972614,2.438606233744402,100,0,1
2012.05.24,01:43:45,2.4145784782538353,2.4994259452091994,2.363526645380643,2.4185143556386914,100,0,1
2012.05.25,01:43:45,2.410324022631191,2.4333209492177192,2.35811012779856,2.389315051601595,100,0,1
2012.05.26,01:43:45,2.435509773698308,2.4974218109578694,2.3652194525832013,2.4268601214358405,100,0,1
2012.05.27,01:43:45,2.359546036976395,2.4161841847293477,2.29791199218344,2.387938334934519,100,0,1
2012.05.28,01:43:45,2.3193065713026066,2.381221189485763,2.278221886450285,2.3721273532569342,100,0,1
2012.05.29,01:43:45,2.2771116826415216,2.3208477375319805,2.2421249635717846,2.2525461043546193,100,0,1
2012.05.30,01:43:45,2.2562630723899386,2.3287050201560144,2.184356741317657,2.327784413595797,100,0,1
2012.05.31,01:43:45,2.193634337679367,2.2383345392035774,2.139332104895453,2.1694299387004623,100,0,1
2012.06.01,01:43:45,2.140090105435298,2.1737502382016975,2.094053492607064,2.14006179898784,100,0,1
2012.06.02,01:43:45,2.231322706902552,2.2900924866264387,2.212874282386177,2.2822875078618634,100,0,1
2012.06.03,01:43:45,2.2006246521148194,2.2726653600506443,2.1683527633045094,2.216542375477573,100,0,1
2012.06.04,01:43:45,2.0958978090771834,2.1393545502665785,2.0844512366019954,2.1127331370377114,100,0,1
2012.06.05,01:43:45,2.039908483717635,2.094115727737272,2.006621232371216,2.0279430779200935,100,0,1
2012.06.06,01:43:45,2.1036751030619443,2.163464464861294,2.0399458289495174,2.151793910117042,100,0,1
2012.06.07,01:43:45,2.0979792582108203,2.1753231698633164,2.047111894278571,2.0553920487099306,100,0,1
2012.06.08,01:43:45,2.096719205918466,2.112057523667853,2.087423580245101,2.1083807085602064,100,0,1
2012.06.09,01:43:45,2.060674337647014,2.0926703718182758,1.981897995525975,2.039440821171445,100,0,1
2012.06.10,01:43:45,1.9694087773328193,1.992440082287421,1.9460331610565311,1.9907183903811967,100,0,1
2012.06.11,01:43:45,1.997812570693722,2.0722202741826843,1.9746476446790526,1.9961901546660341,100,0,1
2012.06.12,01:43:45,1.9531172995246435,1.9858059118984999,1.9023231317814842,1.9829379968753162,100,0,1
2012.06.13,01:43:45,1.9481691410740352,1.9741920491846152,1.879461229165458,1.9249411569804582,100,0,1
2012.06.14,01:43:45,1.9577003465697203,1.9854908519420837,1.9171229908750413,1.9250386574955523,100,0,1
2012.06.15,01:43:45,2.0261355874523788,2.08085015482368,1.959954825520903,2.0718904590923053,100,0,1
2012.06.16,01:43:45,1.9978367109154955,2.0687426405001736,1.9450381084361725,2.0413918159475335,100,0,1
2012.06.17,01:43:45,1.979401626123716,2.048815711647152,1.929030145390162,2.0316335915342774,100,0,1
2012.06.18,01:43:45,2.0927270596090457,2.1543742516172326,2.02616852367522,2.0449690016508524,100,0,1
2012.06.19,01:43:45,2.1334644707177306,2.1963659093440446,2.0691736388033743,2.086379530610202,100,0,1
2012.06.20,01:43:45,2.1063589890210372,2.176123871159313,2.015133455544528,2.1312929922132735,100,0,1
2012.06.21,01:43:45,2.1903430880554104,2.2137797411624467,2.1348986596769515,2.156557469395299,100,0,1
2012.06.22,01:43:45,2.319239169786058,2.389880270946858,2.268984584334263,2.342670358647456,100,0,1
2012.06.23,01:43:45,2.356715194814379,2.4091718399745434,2.3034588279416983,2.401850852917239,100,0,1
2012.06.24,01:43:45,2.4734519919938442,2.558284976416201,2.434714175070939,2.529733397434408,100,0,1
2012.06.25,01:43:45,2.477562533616258,2.5124316120525756,2.4029422623254995,2.5072127209025674,100,0,1
2012.06.26,01:43:45,2.4041860320135497,2.488130261312282,2.352727213531454,2.4696318765121137,100,0,1
2012.06.27,01:43:45,2.465547353283681,2.5223348873252243,2.3949409035659874,2.450908757231375,100,0,1
2012.06.28,01:43:45,2.435895582431936,2.4407731514133384,2.393786586150947,2.404722657949282,100,0,1
2012.06.29,01:43:45,2.3535590894528493,2.367031912296575,2.283446402736578,2.3355689135482804,100,0,1
2012.06.30,01:43:45,2.3469892874723755,2.401267098282247,2.2903247774269926,2.355617490091569,100,0,1
2012.07.01,01:43:45,2.3651385741459214,2.4035895574525,2.282298291094704,2.35401154431076,100,0,1
2012.07.02,01:43:45,2.33595629104217,2.393386888832549,2.293297343355649,2.318188917582163,100,0,1
2012.07.03,01:43:45,2.4070490049604505,2.4567191114153633,2.341114880367898,2.4136462484672254,100,0,1
2012.07.04,01:43:45,2.4168652595906437,2.4946970630936365,2.3394670075351214,2.462269769549671,100,0,1
2012.07.05,01:43:45,2.5015304015389908,2.5711260322807568,2.446580661010841,2.501077543716645,100,0,1
2012.07.06,01:43:45,2.443369424529016,2.5231749728309736,2.381707089154896,2.5029528083594093,100,0,1
2012.07.07,01:43:45,2.4194720335409925,2.5067034009571487,2.3796414287837884,2.41227835986796,100,0,1
2012.07.08,01:43:45,2.351107493975268,2.4403043909691675,2.3441777598384848,2.387515086382032,100,0,1
2012.07.09,01:43:45,2.4491804502967987,2.513261480833738,2.379491198804576,2.402470091883229,100,0,1
2012.07.10,01:43:45,2.431813527024874,2.5158001400527223,2.365746730260366,2.4350345951730694,100,0,1
2012.07.11,01:43:45,2.415987022917485,2.463895416883856,2.3392564357298125,2.344794401602075,100,0,1
2012.07.12,01:43:45,2.464491613279645,2.5435613641472066,2.4474729609113828,2.484986596791066,100,0,1
2012.07.13,01:43:45,2.465429497320793,2.530131258064357,2.427079801706611,2.453371785528375,100,0,1
2012.07.14,01:43:45,2.5125246540426134,2.563430065902847,2.50258656947042,2.5631609482306352,100,0,1
2012.07.15,01:43:45,2.470195764910034,2.532067124193718,2.422237223733985,2.4993666595135213,100,0,1
2012.07.16,01:43:45,2.402488557192214,2.4729890622016857,2.3554689600268466,2.4438290066242714,100,0,1
2012.07.17,01:43:45,2.387407742262429,2.4200427699988842,2.31549019381715,2.3640910499660373,100,0,1
2012.07.18,01:43:45,2.3243740232307846,2.371482616064139,2.2949290638243767,2.362396678664096,100,0,1
2012.07.19,01:43:45,2.3927834283640657,2.424606975032937,2.3423664593811226,2.407952684758058,100,0,1
2012.07.20,01:43:45,2.330737593926573,2.387070821679467,2.2667898690747315,2.3632258134349917,100,0,1
2012.07.21,01:43:45,2.208691155072526,2.2806239748397745,2.1556942303339413,2.199362353107682,100,0,1
2012.07.22,01:43:45,2.17403918431256,2.21481668995813,2.1244393259829772,2.1568386186270314,100,0,1
2012.07.23,01:43:45,2.064138620447737,2.0980899922626586,2.006086309460235,2.065383248262375,100,0,1
2012.07.24,01:43:45,2.055964073887204,2.1311140918055442,2.0246317849472413,2.025573852147195,100,0,1
2012.07.25,01:43:45,2.113839337174704,2.1555340439613673,2.090663610030688,2.110858952662029,100,0,1
2012.07.26,01:43:45,2.02999732168448,2.07756347720306,1.9762822800759374,2.0087544802680166,100,0,1
2012.07.27,01:43:45,2.0280183126274567,2.056039643317079,1.9783633379580907,2.0508938706364876,100,0,1
2012.07.28,01:43:45,2.0259263644011694,2.061207049304632,1.9942147083861745,2.039259065387262,100,0,1
2012.07.29,01:43:45,2.1166929224681454,2.159182692262247,2.0300490543851835,2.103953962219446,100,0,1
2012.07.30,01:43:45,2.162916155315898,2.207006581315584,2.119442531669563,2.1436349989079386,100,0,1
2012.07.31,01:43:45,2.170625151474756,2.209139514803648,2.104174385389375,2.135241328263532,100,0,1
2012.08.01,01:43:45,2.2009482957503623,2.2354539698389564,2.1473174931135075,2.165186433440649,100,0,1
2012.08.02,01:43:45,2.1077483000073673,2.136595735999927,2.0469819624405625,2.1266035856000602,100,0,1
2012.08.03,01:43:45,2.1666948539059683,2.2394376598112795,2.095295335200141,2.1915836704662777,100,0,1
2012.08.04,01:43:45,2.1374294772866613,2.2155602347493972,2.0705293926944703,2.184018236107412,100,0,1
2012.08.05,01:43:45,2.1113307111538715,2.1705846641076865,2.0709279567763206,2.0898715460072945,100,0,1
2012.08.06,01:43:45,2.1042114951936766,2.1350315269180022,2.0590937414753228,2.071066543826892,100,0,1
2012.08.07,01:43:45,2.096104907451169,2.120056628446288,2.048456724518943,2.0787084203225543,100,0,1
2012.08.08,01:43:45,2.0506213012500307,2.0960531324758156,1.9987069801024189,2.0578717986857518,100,0,1
2012.08.09,01:43:45,2.1471818312378144,2.218764526691342,2.106899069589175,2.188713463566273,100,0,1
2012.08.10,01:43:45,2.1146012047887033,2.179022427247753,2.0765914883871943,2.1606395939538836,100,0,1
2012.08.11,01:43:45,2.157987332595214,2.213728231993955,2.099924928874248,2.19211550264218,100,0,1
2012.08.12,01:43:45,2.163866446193292,2.1762444576196596,2.1189248403861582,2.1479309514127776,100,0,1
2012.08.13,01:43:45,2.1175212366210894,2.1844685108706514,2.0946404787153603,2.165047848685762,100,0,1
2012.08.14,01:43:45,2.0780344326820774,2.1552442444679265,2.038037076079309,2.057748434444101,100,0,1
2012.08.15,01:43:45,2.0660993573139623,2.13660430776866,1.9828483321166401,2.053130129975184,100,0,1
2012.08.16,01:43:45,2.0150311942854153,2.048484633857279,1.9869971649685132,2.0156981730996306,100,0,1
2012.08.17,01:43:45,1.9930834736662524,2.013365892381535,1.9621267365519675,2.0069812059785006,100,0,1
2012.08.18,01:43:45,2.0084912631956597,2.058826557800056,1.9313268295691979,1.9386918722267004,100,0,1
2012.08.19,01:43:45,2.0012997652888744,2.0928507447964506,1.948633936601726,2.0765785247835584,100,0,1
2012.08.20,01:43:45,2.0764419730302692,2.0942024194142594,1.9980988540746936,2.0674850182655806,100,0,1
2012.08.21,01:43:45,2.1459634218572274,2.181451749473521,2.0886492256694527,2.134459344273559,100,0,1
2012.08.22,01:43:45,2.2094727380198496,2.2561910460195223,2.168050114123969,2.1926764598152237,100,0,1
2012.08.23,01:43:45,2.217147089296628,2.2840922752780455,2.1529610897228535,2.173400696412666,100,0,1
2012.08.24,01:43:45,2.1069903694080807,2.1444966417814126,2.0828745338106325,2.128243032086641,100,0,1
2012.08.25,01:43:45,2.195745035585301,2.254648006648587,2.1148096899215356,2.205687444001104,100,0,1
2012.08.26,01:43:45,2.141664079817732,2.230128768608145,2.058904633708763,2.0737978137796804,100,0,1
2012.08.27,01:43:45,2.171300964316014,2.2081566905762346,2.1248507113097217,2.1901866155946577,100,0,1
2012.08.28,01:43:45,2.209684203565117,2.252358325989421,2.153669574441255,2.1954211521959084,100,0,1
2012.08.29,01:43:45,2.1809340493359315,2.2277833770981488,2.151265828826438,2.195876687262417,100,0,1
2012.08.30,01:43:45,2.112171657699068,2.166175019687057,2.066624251437698,2.164941219942019,100,0,1
2012.08.31,01:43:45,2.1190587460321333,2.167394830103573,2.067097551828617,2.1244835469682513,100,0,1
2012.09.01,01:43:45,2.096253178200815,2.1389788626830275,2.0342255485887537,2.0435995536151137,100,0,1
2012.09.02,01:43:45,2.0718448857563954,2.1247116197135756,1.9892591630477081,2.052227727544164,100,0,1
2012.09.03,01:43:45,2.045243953727021,2.11743934951913,2.0157425401502262,2.0524157252601793,100,0,1
2012.09.04,01:43:45,2.0629089638610973,2.1073517443249683,1.9996622384783624,2.042134987085514,100,0,1
2012.09.05,01:43:45,2.0943529091354423,2.129823825474554,2.0531828706040938,2.1201107376829897,100,0,1
2012.09.06,01:43:45,2.119708081717078,2.1955779450380515,2.0628137611166286,2.1462609450595234,100,0,1
2012.09.07,01:43:45,2.096992204060437,2.1536889353014113,2.0013523344478323,2.0134307941770464,100,0,1
2012.09.08,01:43:45,2.077765296851901,2.17511038399635,2.044601701513943,2.1317991660042197,100,0,1
2012.09.09,01:43:45,2.150646583369646,2.2114371355257365,2.105339613116064,2.2019788337847945,100,0,1
2012.09.10,01:43:45,2.153491255412898,2.1828453703670796,2.076652894163985,2.1194778469723063,100,0,1
2012.09.11,01:43:45,2.1632949933575376,2.214922853689687,2.127166748811742,2.169607800987391,100,0,1
2012.09.12,01:43:45,2.156177212181004,2.2012102980093227,2.124800188482338,2.155318370665701,100,0,1
2012.09.13,01:43:45,2.1884842912050426,2.2171926186507833,2.179404010957214,2.2007378451484527,100,0,1
2012.09.14,01:43:45,2.079455111071219,2.1238761772903243,2.051815032794597,2.06995090093124,100,0,1
2012.09.15,01:43:45,2.1167373556000273,2.1469001682488713,2.1146572461608413,2.129548441100587,100,0,1
2012.09.16,01:43:45,2.2102076755228586,2.2793932660745853,2.154983350953059,2.1854116135849124,100,0,1
2012.09.17,01:43:45,2.2169908543113306,2.23388099961158,2.2022507761936163,2.2199420364877476,100,0,1
2012.09.18,01:43:45,2.1950739687462613,2.2374069328873785,2.16902410488968,2.1996233822646434,100,0,1
2012.09.19,01:43:45,2.3404101942214366,2.393654628931277,2.2814888216339066,2.335559621376477,100,0,1
2012.09.20,01:43:45,2.370860197883397,2.4149734050672587,2.3140235202047377,2.351358463286431,100,0,1
2012.09.21,01:43:45,2.4454406367817465,2.5111598507650745,2.394020567761962,2.4574563113521304,100,0,1
2012.09.22,01:43:45,2.3300481647139377,2.3668140456588826,2.25369976655683,2.3422064855157854,100,0,1
2012.09.23,01:43:45,2.399142080124381,2.4339888822293543,2.3444677619728918,2.4198928343541453,100,0,1
2012.09.24,01:43:45,2.4145460212304877,2.45049155572074,2.3692331184023563,2.438469372245197,100,0,1
2012.09.25,01:43:45,2.4175521471039167,2.5173418927928872,2.3648204264561556,2.406682169405733,100,0,1
2012.09.26,01:43:45,2.446010803257857,2.4903507566341267,2.440460059810071,2.447277468117373,100,0,1
2012.09.27,01:43:45,2.40170369365174,2.481346063579279,2.358698832013671,2.4672127102440875,100,0,1
2012.09.28,01:43:45,2.3914494484820694,2.450706909529823,2.3444313232608756,2.4113914347984844,100,0,1
2012.09.29,01:43:45,2.382746451266207,2.454089046421402,2.348548571762967,2.4254596145675347,100,0,1
2012.09.30,01:43:45,2.418881015413384,2.463333400746257,2.340846864805834,2.3673260881759597,100,0,1
2012.10.01,01:43:45,2.3495590930918078,2.376181010302164,2.2703149412194916,2.3575028633276496,100,0,1
2012.10.02,01:43:45,2.3367308365894397,2.377924543107049,2.3203987344586996,2.3298661560579315,100,0,1
2012.10.03,01:43:45,2.3833551995472537,2.4517425072757004,2.328025819722045,2.37438558918274,100,0,1
2012.10.04,01:43:45,2.275798762205282,2.3335686579557637,2.2544926509263745,2.3005378079524577,100,0,1
2012.10.05,01:43:45,2.2580845771625624,2.276369568214875,2.2074486429054687,2.2626554729217805,100,0,1
2012.10.06,01:43:45,2.2206720407955407,2.2532485017622146,2.1699306431308325,2.2520570558826516,100,0,1
2012.10.07,01:43:45,2.1999215783242874,2.2385796146020884,2.1526454272558575,2.187271542294466,100,0,1
2012.10.08,01:43:45,2.1785274057150086,2.192817381232523,2.1470916051027005,2.172388321618865,100,0,1
2012.10.09,01:43:45,2.1683096327845037,2.2484150909640137,2.112343712770903,2.1323086037810617,100,0,1
2012.10.10,01:43:45,2.14580805018427,2.2025861632406523,2.1069082615198926,2.1077045750703656,100,0,1
2012.10.11,01:43:45,2.183890959822672,2.222273314343528,2.1133451703948545,2.161405427277465,100,0,1
2012.10.12,01:43:45,2.245234699293297,2.302542524881657,2.1885524896374204,2.248944458644635,100,0,1
2012.10.13,01:43:45,2.2304132040716405,2.2922588264510546,2.210029526826359,2.2895069434784188,100,0,1
2012.10.14,01:43:45,2.1106766145314584,2.1845750052218667,2.0288838591533045,2.1408337653105645,100,0,1
2012.10.15,01:43:45,2.119562975033616,2.1734213025726237,2.0781579172578573,2.1052305560274562,100,0,1
2012.10.16,01:43:45,2.108011656326722,2.134554019332979,2.084942283613016,2.115662961117355,100,0,1
2012.10.17,01:43:45,2.1283421358712764,2.1795139860277644,2.0443790053554762,2.1642497956037277,100,0,1
2012.10.18,01:43:45,2.0596346734807054,2.066721153880482,2.0107260178686626,2.047083054574067,100,0,1
2012.10.19,01:43:45,2.1063971922583913,2.129987762249756,2.038660808075414,2.098560052842216,100,0,1
2012.10.20,01:43:45,2.0334300017604194,2.09480798869047,1.965748613591663,1.9858040389905265,100,0,1
2012.10.21,01:43:45,2.0327014722975774,2.0450013646609952,1.9775474558508233,1.9788953903334927,100,0,1
2012.10.22,01:43:45,2.031763110987569,2.142511215704168,1.940727419750921,1.9525706550398103,100,0,1
2012.10.23,01:43:45,1.9967559457933064,2.0646453692279474,1.9679906403110614,1.9912201552883992,100,0,1
2012.10.24,01:43:45,1.9925210745850401,2.063142388513042,1.9651924197691988,1.9777124664338597,100,0,1
2012.10.25,01:43:45,1.9677287091333893,2.0041450935824057,1.9126375946862026,1.9385721050151339,100,0,1
2012.10.26,01:43:45,1.9708418476999316,2.0227746736336383,1.9158660550176712,1.9430487136319081,100,0,1
2012.10.27,01:43:45,1.9740060959296295,2.0441760001615763,1.91654563326987,1.997076145032151,100,0,1
2012.10.28,01:43:45,1.9908698297022982,2.0131117868235298,1.9402351155539295,1.9405650043862308,100,0,1
2012.10.29,01:43:45,1.970830582213216,2.021947105373998,1.8878523772535991,1.9477310329057917,100,0,1
2012.10.30,01:43:45,1.9849191038800704,2.0430644908672297,1.920186584360666,1.9606061527130496,100,0,1
2012.10.31,01:43:45,1.9587989167685576,2.000280377243671,1.9050208260565489,1.9118145438942529,100,0,1
2012.11.01,01:43:45,1.854996574021664,1.9100412768810224,1.8045042055260212,1.8586499472476243,100,0,1
2012.11.02,01:43:45,1.8933008095512982,1.9612483977828292,1.8397618827088058,1.8469571429457452,100,0,1
2012.11.03,01:43:45,1.9560642308328442,2.0236819777323882,1.9163245882715703,1.984009903699095,100,0,1
2012.11.04,01:43:45,1.9100626349776073,1.9500490679495222,1.8864685869434454,1.9135962268104574,100,0,1
2012.11.05,01:43:45,1.8055993620834476,1.8545616387446964,1.7456399067553134,1.782359548169254,100,0,1
2012.11.06,01:43:45,1.8122828812235183,1.8786356809455311,1.7722892980930993,1.8235054555383143,100,0,1
2012.11.07,01:43:45,1.7760514316643583,1.8273081652223702,1.7530903024408284,1.7883417989690837,100,0,1
2012.11.08,01:43:45,1.7610110295799766,1.8231168912454792,1.7111332668697856,1.8128652899199464,100,0,1
2012.11.09,01:43:45,1.7856641807807285,1.8715594156208826,1.7348449477155163,1.8161460028925642,100,0,1
2012.11.10,01:43:45,1.7501448082911981,1.7863799178829065,1.678326843434982,1.703047308142982,100,0,1
2012.11.11,01:43:45,1.7309543219952148,1.7706764919794833,1.6716062161153378,1.7696854007576432,100,0,1
2012.11.12,01:43:45,1.8304655063899289,1.8810791387876118,1.7743906898594808,1.8287660633466885,100,0,1
2012.11.13,01:43:45,1.8188207289782181,1.8767215575268363,1.7564304672936037,1.7748639368137231,100,0,1
2012.11.14,01:43:45,1.9227970936624366,1.9831771299199419,1.8659549767872687,1.9348980555843491,100,0,1
2012.11.15,01:43:45,1.9610282167218727,2.0164517027959055,1.889731966201571,1.9105407766528386,100,0,1
2012.11.16,01:43:45,1.982319953918802,2.0314740704871634,1.9306141190337214,1.9347254526474795,100,0,1
2012.11.17,01:43:45,1.9151427401025916,1.9954307930706392,1.850224102423314,1.9801861305144925,100,0,1
2012.11.18,01:43:45,1.9235005344668907,2.019201920960927,1.8757216413885005,1.8842095468523563,100,0,1
2012.11.19,01:43:45,1.9568279689852388,2.0047877186770267,1.88584189392595,1.9572733795156487,100,0,1
2012.11.20,01:43:45,1.9663668001693009,1.9992313910997341,1.8902454944674187,1.990503512055242,100,0,1
2012.11.21,01:43:45,1.9734336561023995,2.0040820630911984,1.9363615031716104,1.9510062655349525,100,0,1
2012.11.22,01:43:45,1.8719209259077145,1.9173649393703383,1.8151360220666888,1.866803401156019,100,0,1
2012.11.23,01:43:45,1.8649370971742918,1.9213904431412154,1.8484227744730874,1.885432625241222,100,0,1
2012.11.24,01:43:45,1.8393344283545887,1.9028162597008955,1.7757285873316755,1.7879854912606115,100,0,1
2012.11.25,01:43:45,1.7975138334668106,1.8514325328658376,1.7555416020477088,1.7896173216402258,100,0,1
2012.11.26,01:43:45,1.774295206676221,1.8479237214331599,1.7374118182213887,1.7703621792219253,100,0,1
2012.11.27,01:43:45,1.7705377630059478,1.79825474826245,1.7258738337112185,1.7931899534311044,100,0,1
2012.11.28,01:43:45,1.7494685173783873,1.8111128377008845,1.712157874725073,1.767178246581322,100,0,1
2012.11.29,01:43:45,1.735671193611499,1.7965645122270004,1.6878265907398473,1.720980661487499,100,0,1
2012.11.30,01:43:45,1.7371677664086016,1.7936621013937883,1.6779393931574655,1.7360291904404996,100,0,1
2012.12.01,01:43:45,1.6790587256558138,1.711358585190973,1.6373684232940653,1.6441000251639428,100,0,1
2012.12.02,01:43:45,1.7459957026955588,1.788525289846886,1.6961789034668975,1.775708271701883,100,0,1
2012.12.03,01:43:45,1.680037666042111,1.7176872873305913,1.6379179050388601,1.6397125549336666,100,0,1
2012.12.04,01:43:45,1.637012686432455,1.6998961697584003,1.6046632449358633,1.6248666869873005,100,0,1
2012.12.05,01:43:45,1.6351361075921782,1.7203897754260353,1.5694781163150875,1.661789741822969,100,0,1
2012.12.06,01:43:45,1.5934158773011882,1.6377752384238096,1.5553385217377358,1.583425660551928,100,0,1
2012.12.07,01:43:45,1.5990703396789745,1.6310038200567332,1.5728301487385319,1.6041117458493819,100,0,1
2012.12.08,01:43:45,1.618077403246678,1.661358444769665,1.5568520545771127,1.6269936179743252,100,0,1
2012.12.09,01:43:45,1.674546270320171,1.7228669900006215,1.5941405103183397,1.5979149946469657,100,0,1
2012.12.10,01:43:45,1.6954442521154058,1.7272528763141783,1.671813971100566,1.7034435037261895,100,0,1
2012.12.11,01:43:45,1.6469744643709314,1.7104089832566738,1.610908828102455,1.6882788256846408,100,0,1
2012.12.12,01:43:45,1.5896547170803348,1.6668407249437933,1.5112404986637393,1.6200817639600578,100,0,1
2012.12.13,01:43:45,1.593867899675077,1.6775974562655172,1.5703845087406005,1.5734493720662888,100,0,1
2012.12.14,01:43:45,1.495479401263,1.5733469738509263,1.3941858043879174,1.4930140471829323,100,0,1
2012.12.15,01:43:45,1.4921864409382795,1.5519602049989443,1.4152525251792827,1.461498692261923,100,0,1
2012.12.16,01:43:45,1.5174378372797022,1.6150108425456495,1.4563163268250325,1.606634787027805,100,0,1
2012.12.17,01:43:45,1.3948096588626315,1.4284146579561026,1.366211136451142,1.3952409724589454,100,0,1
2012.12.18,01:43:45,1.3424723193449353,1.4036898929152437,1.2813038201950675,1.382352079670392,100,0,1
2012.12.19,01:43:45,1.340382494318601,1.4218712314692874,1.3216203282144094,1.3738191080634106,100,0,1
2012.12.20,01:43:45,1.311625737152685,1.3681748012352326,1.2447178473524407,1.336443619226616,100,0,1
2012.12.21,01:43:45,1.3739647791392582,1.43765304965029,1.3067012755142848,1.3793545446865332,100,0,1
2012.12.22,01:43:45,1.3548722092712284,1.4350729786360077,1.2897674113405662,1.365629466139415,100,0,1
2012.12.23,01:43:45,1.3380169618064033,1.3845393667162205,1.2763519010852262,1.2916856320047623,100,0,1
2012.12.24,01:43:45,1.2449807683519272,1.3221624164634802,1.1595413223684268,1.1667274224652964,100,0,1
2012.12.25,01:43:45,1.2477049296377698,1.3009069578628214,1.2105526118805594,1.2766544305203988,100,0,1
2012.12.26,01:43:45,1.2369680795245428,1.3089339786911542,1.16215302311869,1.302275955337151,100,0,1
2012.12.27,01:43:45,1.2110644584290917,1.2736583417825609,1.1652828272498066,1.2113490569556986,100,0,1
2012.12.28,01:43:45,1.2577099581306515,1.310935046050013,1.1811885731762661,1.3036072852494884,100,0,1
2012.12.29,01:43:45,1.2080773296236114,1.2614695605958524,1.1613571870129293,1.1937993548283694,100,0,1
2012.12.30,01:43:45,1.2107079097382427,1.2174979919810607,1.1314085417391655,1.1896939046982458,100,0,1
2012.12.31,01:43:45,1.1752368886624682,1.2470565796017163,1.1408626517491147,1.1791764300124465,100,0,1
2013.01.01,01:43:45,1.172964593391625,1.2172075857999405,1.1279343081947222,1.1519078641840026,100,0,1
2013.01.02,01:43:45,1.1524070992869102,1.199199777969471,1.0786726125472064,1.1451639433208594,100,0,1
2013.01.03,01:43:45,1.0758033942948866,1.1476129029795865,1.0203878794602628,1.045256573847809,100,0,1
2013.01.04,01:43:45,1.0520890496058817,1.086903138031917,1.0258200894197425,1.0407918361495712,100,0,1
2013.01.05,01:43:45,1.0337065065034907,1.0609934302331545,0.9622568740716548,1.0433676316703138,100,0,1
2013.01.06,01:43:45,1.0387052338124725,1.0647369673446687,0.9614304929921346,1.0220366501464146,100,0,1
2013.01.07,01:43:45,1.0515956122131318,1.1336222549804469,1.018200740707777,1.0994042892611267,100,0,1
2013.01.08,01:43:45,1.094974639416947,1.1440431126866697,1.0344603302891338,1.084116467331944,100,0,1
2013.01.09,01:43:45,1.0376856966722634,1.1064287158428818,0.9805160889879825,0.9865478531963854,100,0,1
2013.01.10,01:43:45,1.014347120081205,1.0472049625408835,0.9411420702119258,1.0308075803395695,100,0,1
2013.01.11,01:43:45,1.0316778525935681,1.0906265824785526,1.0094569271600455,1.0107882375558341,100,0,1
2013.01.12,01:43:45,0.9735101199337696,1.0143791686385069,0.9146665821675585,0.9178873536254851,100,0,1
2013.01.13,01:43:45,0.9827890850932778,1.018132978031785,0.9462524792610801,0.9811126081414844,100,0,1
2013.01.14,01:43:45,1.059052436339726,1.1176485521333261,1.0016718536669162,1.1086857436155124,100,0,1
2013.01.15,01:43:45,1.0405717251901407,1.1036337587186371,1.0334957928670416,1.0374706110365093,100,0,1
2013.01.16,01:43:45,0.9775338988251653,1.0364295593554387,0.9251404313322149,0.9456297465939827,100,0,1
2013.01.17,01:43:45,0.9583940852451182,1.0272966751555148,0.9506383425256055,1.0039423600047068,100,0,1
2013.01.18,01:43:45,0.9603663054232721,1.0233138575737823,0.9400429250061708,0.9676102929025256,100,0,1
2013.01.19,01:43:45,1.034148306526742,1.1098902147107585,0.9638323573855662,0.9715264143900973,100,0,1
2013.01.20,01:43:45,1.0443156728249208,1.0882298126507848,0.9672395291632983,0.983233499713084,100,0,1
2013.01.21,01:43:45,1.046139752717767,1.089270667575343,0.9941772851113211,1.0799134288358512,100,0,1
2013.01.22,01:43:45,1.1107602554025517,1.1365080766831424,1.072112972969412,1.1066579748202385,100,0,1
2013.01.23,01:43:45,1.0175518808179476,1.0789199522411068,0.9513930742409223,1.058519481668136,100,0,1
2013.01.24,01:43:45,1.0774399124666816,1.1392980480227686,1.0393637223187566,1.0602295426558142,100,0,1
2013.01.25,01:43:45,1.024281538634473,1.0707059728994108,0.9699325800674983,1.0629475319920796,100,0,1
2013.01.26,01:43:45,1.0600675641533928,1.1171290343140095,1.0238613652183817,1.073186970662798,100,0,1
2013.01.27,01:43:45,1.0892694268865717,1.1278621253454404,1.0447321417556492,1.0853273474361065,100,0,1
2013.01.28,01:43:45,1.143789746856724,1.1726261209571291,1.0761859385463082,1.1359599481353924,100,0,1
2013.01.29,01:43:45,1.1789520993008964,1.2292859300379684,1.10716923087128,1.1113838268052583,100,0,1
2013.01.30,01:43:45,1.1927338706898152,1.2422613946282741,1.1489260109492951,1.2369371106920009,100,0,1
2013.01.31,01:43:45,1.1668938228102075,1.212094464720038,1.1086686615443564,1.2084359406586538,100,0,1
2013.02.01,01:43:45,1.1856884311780262,1.2314065881220464,1.1453669878943566,1.2180306073912648,100,0,1
2013.02.02,01:43:45,1.211593679466084,1.2441663940920775,1.19358651123458,1.2355902066751139,100,0,1
2013.02.03,01:43:45,1.19259695631378,1.2064381366619805,1.1154093962486284,1.1473261905980834,100,0,1
2013.02.04,01:43:45,1.169382645516102,1.227370566227833,1.1407265825058048,1.1961047681164378,100,0,1
2013.02.05,01:43:45,1.2024602265454212,1.2765709095647624,1.1665192543448257,1.1911366590591639,100,0,1
2013.02.06,01:43:45,1.1231801350832256,1.154314423531602,1.0731177213045402,1.0904855384800844,100,0,1
2013.02.07,01:43:45,1.0268885766374574,1.09585574525775,0.9711532785554,1.0184712154574889,100,0,1
2013.02.08,01:43:45,0.9532625961530892,0.9855225388598936,0.9331263506735374,0.9730289155386725,100,0,1
2013.02.09,01:43:45,0.8562996576615276,0.9009670414806895,0.776313913528351,0.8602764290210302,100,0,1
2013.02.10,01:43:45,0.8906402098025802,0.9341625660412122,0.8497885185728515,0.8580221873593026,100,0,1
2013.02.11,01:43:45,1.00349819535859,1.0117921007161668,0.9626877155884018,0.9979346241184536,100,0,1
2013.02.12,01:43:45,1.1221086182965985,1.1791669966243017,1.0534670565295534,1.1329770325787196,100,0,1
2013.02.13,01:43:45,1.0461190257199684,1.097777851132266,0.9915716391385252,1.0312113993141734,100,0,1
2013.02.14,01:43:45,1.0958393047060588,1.1366179360398132,1.0444041523314296,1.102507639401416,100,0,1
2013.02.15,01:43:45,1.1244948578602822,1.149824009829948,1.051222719966567,1.0739598501517027,100,0,1
2013.02.16,01:43:45,1.127743651759326,1.189943996149996,1.0631820241013668,1.1529560647407433,100,0,1
2013.02.17,01:43:45,1.1649769235511787,1.2245409148479325,1.1341442837161249,1.1724084112682778,100,0,1
2013.02.18,01:43:45,1.205684711028804,1.2320685526200552,1.1799974764939658,1.1896585366296868,100,0,1
2013.02.19,01:43:45,1.1917961220401743,1.222991126242983,1.1545300515314625,1.179934549604766,100,0,1
2013.02.20,01:43:45,1.2153443634812535,1.2611155902501838,1.142039284212621,1.159999810908605,100,0,1
2013.02.21,01:43:45,1.2436815998140631,1.322092318882256,1.206173304421248,1.2221255576834384,100,0,1
2013.02.22,01:43:45,1.2674226266827355,1.3194455556457958,1.206682086717226,1.2613999631478663,100,0,1
2013.02.23,01:43:45,1.2182889638616263,1.2579428763345406,1.1753662826726945,1.222289661393572,100,0,1
2013.02.24,01:43:45,1.1618437469682275,1.2054920445676567,1.1034542990303016,1.1046598549406519,100,0,1
2013.02.25,01:43:45,1.0716012241877997,1.139903503457906,1.0117824857231028,1.0413498675298636,100,0,1
2013.02.26,01:43:45,1.053533168071591,1.1697635499168157,1.0222416048111045,1.1546118416341105,100,0,1
2013.02.27,01:43:45,1.0016900168460148,1.0509226548034014,0.9918733663839132,1.0315616867601467,100,0,1
2013.02.28,01:43:45,0.9021907747625604,0.9563712602512916,0.8367197983219788,0.8698162255169644,100,0,1
2013.03.01,01:43:45,0.9565320798370314,1.0410718678814757,0.904828431425248,0.9762981658155511,100,0,1
2013.03.02,01:43:45,0.9623745494068527,1.003181545405381,0.8731558009820074,0.9489466070198315,100,0,1
2013.03.03,01:43:45,0.8719006054977712,0.9325864137447231,0.7856423620884381,0.8526362258789004,100,0,1
2013.03.04,01:43:45,0.7967244755435438,0.8494338436455614,0.7463371417587201,0.8271944310116028,100,0,1
2013.03.05,01:43:45,0.8039042665171384,0.8779582654108962,0.709114519372976,0.7544913034690689,100,0,1
2013.03.06,01:43:45,0.805833509898071,0.8606672409355116,0.73922924678055,0.8289066592889115,100,0,1
2013.03.07,01:43:45,0.8167380973972167,0.8599900635584016,0.7918643096340043,0.8059622388866623,100,0,1
2013.03.08,01:43:45,0.920585249696524,0.935357058459783,0.8435071717876044,0.8782298287013696,100,0,1
2013.03.09,01:43:45,0.9439777242005002,0.993050437805751,0.8794254933392683,0.9349083904943712,100,0,1
2013.03.10,01:43:45,0.8931147426940568,0.9459382878575234,0.8596606967103035,0.9180468168365834,100,0,1
2013.03.11,01:43:45,0.8212506226006451,0.8754461014629926,0.7785265604187634,0.7795667740799546,100,0,1
2013.03.12,01:43:45,0.874618289261942,0.9492112721188452,0.8175353672073863,0.9349400832253054,100,0,1
2013.03.13,01:43:45,0.771867567495977,0.8185515204143591,0.7490265009149537,0.8037796971203524,100,0,1
2013.03.14,01:43:45,0.7865668461932318,0.8710600619369857,0.7559820908381236,0.8416950644551483,100,0,1
2013.03.15,01:43:45,0.8211116488459833,0.8786242708868172,0.7675864022166156,0.845885807019929,100,0,1
2013.03.16,01:43:45,0.8266274601082949,0.9112392286043592,0.7346438299478377,0.8545212020272663,100,0,1
2013.03.17,01:43:45,0.8014948901865779,0.8349446045201018,0.7218940440591223,0.7484584850489949,100,0,1
2013.03.18,01:43:45,0.8125051205895706,0.8351827986360196,0.7592449867489693,0.7810354795115082,100,0,1
2013.03.19,01:43:45,0.8422916456317413,0.888189469320107,0.7760417812208931,0.8135344895704979,100,0,1
2013.03.20,01:43:45,0.8619416727408935,0.8963906937090518,0.8171328583693401,0.8644547829803667,100,0,1
2013.03.21,01:43:45,0.8467734393529113,0.8917693470418404,0.8022909240899372,0.842691945234993,100,0,1
2013.03.22,01:43:45,0.9503658734872289,1.0080891568690702,0.8924278090961489,0.9882724794790062,100,0,1
2013.03.23,01:43:45,0.9063981161465176,0.9731123566884947,0.8504612987370241,0.9160791879048811,100,0,1
2013.03.24,01:43:45,0.8766174744416434,0.9167468649973933,0.8040534038887983,0.8329446009748037,100,0,1
2013.03.25,01:43:45,0.9613037075642494,1.0083683599237052,0.9207639915097016,0.9227863998079081,100,0,1
2013.03.26,01:43:45,0.9735385848528357,1.043941926896499,0.8921358066055805,0.9937559613419653,100,0,1
2013.03.27,01:43:45,0.9333700820519687,0.9581613990306278,0.8025172453757887,0.8867545347898302,100,0,1
2013.03.28,01:43:45,0.9706819842181607,1.030166889007763,0.949514635782969,1.0123199460103285,100,0,1
2013.03.29,01:43:45,0.9928926294512074,1.0274227903528264,0.931627492332216,1.0235138337566956,100,0,1
2013.03.30,01:43:45,1.0524548113040444,1.108207900936766,0.9928711538015894,1.0353073637415875,100,0,1
2013.03.31,01:43:45,1.050527979484862,1.0845828703456881,0.9984477740492113,1.0157620170534976,100,0,1
2013.04.01,01:43:45,1.0614455003477263,1.138635747214654,0.9836445988950744,0.9880986658839513,100,0,1
2013.04.02,01:43:45,1.0642355786436648,1.0943281279410157,1.0321705979436167,1.0511443975324946,100,0,1
2013.04.03,01:43:45,0.9774992992036816,1.0394990879348918,0.9214995218629076,1.0159326758399676,100,0,1
2013.04.04,01:43:45,0.975607861050058,1.026629514460147,0.9148466054249327,0.988032697676341,100,0,1
2013.04.05,01:43:45,0.9169826355288695,0.9488816413456289,0.8487454306106352,0.9266677833194281,100,0,1
2013.04.06,01:43:45,0.9063043103982074,0.9482248336669938,0.8501506045300409,0.9396298530931121,100,0,1
2013.04.07,01:43:45,0.8513777918747796,0.9235698364611691,0.7780179207236982,0.9210488300409891,100,0,1
2013.04.08,01:43:45,0.8340992029259808,0.9006828061552833,0.784759441446749,0.8670642272858629,100,0,1
2013.04.09,01:43:45,0.8262127093484822,0.8793552357314441,0.8138528858188546,0.8394032288924576,100,0,1
2013.04.10,01:43:45,0.7716444936718779,0.7890923734263714,0.7399332269340236,0.7739972736091313,100,0,1
2013.04.11,01:43:45,0.7965799730791897,0.8318633458831227,0.7348729911119464,0.7660195962674857,100,0,1
2013.04.12,01:43:45,0.9262301951898606,1.0074815293910042,0.9119682831421323,0.9897550184946101,100,0,1
2013.04.13,01:43:45,0.8941830665076251,0.938917036382187,0.8396291976450942,0.9087076649842106,100,0,1
2013.04.14,01:43:45,0.8522697990866264,0.8917869488155945,0.8324456399827096,0.8358061450375526,100,0,1
2013.04.15,01:43:45,0.8905346748899423,0.9679166767414467,0.8714850434186344,0.9471249496314113,100,0,1
2013.04.16,01:43:45,0.963192490572178,1.0126216520708666,0.9103194786532249,0.994611533409692,100,0,1
2013.04.17,01:43:45,0.9967154987312364,1.040076038975417,0.9250820233504767,0.9717665387051265,100,0,1
2013.04.18,01:43:45,0.9806996041237512,1.0118646116996692,0.9396900224374181,1.0092287765028147,100,0,1
2013.04.19,01:43:45,1.0129083188385704,1.068553122565064,0.951855741789206,0.9956414229495618,100,0,1
2013.04.20,01:43:45,1.0444870065587033,1.1069678952223878,0.9751503807919705,1.029188755298063,100,0,1
2013.04.21,01:43:45,1.0156630957432673,1.0548513893310192,0.9830395129098075,0.9841619465442714,100,0,1
2013.04.22,01:43:45,1.0223430468449977,1.1099079250419697,0.9541080909453703,1.020443743596539,100,0,1
2013.04.23,01:43:45,0.9241613875838756,0.9990313865802339,0.9081018644035221,0.9408378110613672,100,0,1
2013.04.24,01:43:45,0.9676037757466401,1.0115402803082625,0.933706299996371,0.98658882255831,100,0,1
2013.04.25,01:43:45,1.028476182089793,1.0863416417521496,0.9681144461819869,0.9779041684642871,100,0,1
2013.04.26,01:43:45,1.0067075743993397,1.0500851096462425,0.9704567047069143,1.010576376204288,100,0,1
2013.04.27,01:43:45,1.0126745099035441,1.0614641128989304,0.989366583542538,1.0463065398778713,100,0,1
2013.04.28,01:43:45,1.060170035699971,1.0907477152826108,1.0215202654468138,1.03404715917374,100,0,1
2013.04.29,01:43:45,1.041109453032624,1.0912577893420685,0.9777842901073758,1.0852035001480957,100,0,1
2013.04.30,01:43:45,1.0157806594875964,1.039440724912424,0.9481389378659002,1.0027485016271078,100,0,1
2013.05.01,01:43:45,1.080348514125063,1.129081821003546,1.0023643685104828,1.0695679881425724,100,0,1
2013.05.02,01:43:45,1.0485285117917307,1.0877119309295267,0.9696596121650904,1.0415949887290443,100,0,1
2013.05.03,01:43:45,0.9948366675515907,1.0739830579860308,0.9556131579681888,0.9678766868505989,100,0,1
2013.05.04,01:43:45,1.0598404319994756,1.1201594000556394,1.0442598884757572,1.1065607753532891,100,0,1
2013.05.05,01:43:45,0.965372364991238,0.9981358878539628,0.9084873285134004,0.9473307028749841,100,0,1
2013.05.06,01:43:45,0.9663134103820571,1.0280211328373947,0.9131388073843648,1.0022219652987077,100,0,1
2013.05.07,01:43:45,1.0161255206887858,1.0856621198725163,0.9962757341169647,1.0248163611192387,100,0,1
2013.05.08,01:43:45,1.0532314822661255,1.0982605008673965,0.9910572064217914,1.0869291138262764,100,0,1
2013.05.09,01:43:45,1.019030327717874,1.0315163159431584,0.9534980009476431,1.0008203276406296,100,0,1
2013.05.10,01:43:45,0.9741706428373282,1.0241513165918044,0.9165580031852644,1.0008256987646937,100,0,1
2013.05.11,01:43:45,0.9383816309742669,0.9670032607037248,0.8951182968499508,0.9248371186736697,100,0,1
2013.05.12,01:43:45,1.0324317590097774,1.071092863897045,0.9697193060818876,1.0480804530691703,100,0,1
2013.05.13,01:43:45,1.1086523284280276,1.1528819166247488,1.072469991343426,1.151742960322765,100,0,1
2013.05.14,01:43:45,1.156379687322786,1.2019152401282824,1.0940367899332337,1.1805570137146342,100,0,1
2013.05.15,01:43:45,1.1469010124042371,1.2028441521695215,1.1198357824732819,1.1973887239934133,100,0,1
2013.05.16,01:43:45,1.2311591265840278,1.2988585027349753,1.1960597662146233,1.2409779706793416,100,0,1
2013.05.17,01:43:45,1.2216025814072937,1.2559012168804555,1.1740009326329774,1.2387652965062597,100,0,1
2013.05.18,01:43:45,1.2717422854639342,1.3241348753840367,1.2575647470126836,1.310839437710441,100,0,1
2013.05.19,01:43:45,1.1950982740742162,1.2673675309544687,1.098598687914245,1.1491158310955953,100,0,1
2013.05.20,01:43:45,1.2192321245606652,1.2363931226243192,1.1881733555034595,1.234270360166498,100,0,1
2013.05.21,01:43:45,1.2489694955277018,1.308022837870961,1.179394492275926,1.195360381015474,100,0,1
2013.05.22,01:43:45,1.2845726511810993,1.3282824118505778,1.2134950212548241,1.2865577398857435,100,0,1
2013.05.23,01:43:45,1.2387544877890728,1.286804334761974,1.2072399956733317,1.2477346476601183,100,0,1
2013.05.24,01:43:45,1.2222468054625584,1.2656809721078743,1.207747197839283,1.2322276848597076,100,0,1
2013.05.25,01:43:45,1.1642621638307946,1.2064407488754698,1.1219415720297026,1.1336579512557572,100,0,1
2013.05.26,01:43:45,1.132360089682827,1.1759387907369387,1.0936269027025967,1.1243290661319363,100,0,1
2013.05.27,01:43:45,1.19121292857054,1.2334884385115712,1.1747312720624592,1.1886344555255999,100,0,1
2013.05.28,01:43:45,1.1978835113784918,1.252506307857614,1.1479028191515461,1.1788706438322836,100,0,1
2013.05.29,01:43:45,1.1940069922163186,1.2498010346606927,1.1120445372744812,1.2390664175902364,100,0,1
2013.05.30,01:43:45,1.079504197024815,1.1329105542808817,1.0225305778665366,1.1198461653999041,100,0,1
2013.05.31,01:43:45,1.131704993026725,1.1700075133106016,1.0509457432571379,1.1454275511752148,100,0,1
2013.06.01,01:43:45,1.120486014816989,1.1857686640653071,1.0294795720399545,1.1747488815640899,100,0,1
2013.06.02,01:43:45,1.030439854081944,1.0946164227611532,1.0134278603966256,1.0932912581004155,100,0,1
2013.06.03,01:43:45,1.0723843475884844,1.1088955199388815,1.0205693984160937,1.0985288709661982,100,0,1
2013.06.04,01:43:45,1.0716943513680914,1.0971743901002784,1.0048503996259197,1.0506807289563955,100,0,1
2013.06.05,01:43:45,1.060202763060674,1.127400012776743,1.0274015983998854,1.0775300695201429,100,0,1
2013.06.06,01:43:45,1.154520555399368,1.2101945263661193,1.0964706050791662,1.0969732045583849,100,0,1
2013.06.07,01:43:45,1.1483041313237918,1.184856088208594,1.1017692646761752,1.1286327774235527,100,0,1
2013.06.08,01:43:45,1.1279103471044867,1.174749852191193,1.0817031152913008,1.135512034156728,100,0,1
2013.06.09,01:43:45,1.1573483666107074,1.2044503490032112,1.0796960018183945,1.181523794035275,100,0,1
2013.06.10,01:43:45,1.1871992312520485,1.2028419748117647,1.1241149807506057,1.1573017069008493,100,0,1
2013.06.11,01:43:45,1.2428354200372629,1.280170246949129,1.2139785915730206,1.2537390736531737,100,0,1
2013.06.12,01:43:45,1.1905796643950246,1.2437118798795745,1.1689914528543839,1.2124791930029408,100,0,1
2013.06.13,01:43:45,1.1717568038854,1.2260562783294924,1.0827996839852025,1.2123473075885332,100,0,1
2013.06.14,01:43:45,1.1741527378658811,1.2273028799111667,1.1360701358107468,1.2013018907279027,100,0,1
2013.06.15,01:43:45,1.2103746309481695,1.241966597976702,1.1508155402055225,1.1591459193771465,100,0,1
2013.06.16,01:43:45,1.1548253901498375,1.203177220541231,1.103614616521822,1.1983618500178632,100,0,1
2013.06.17,01:43:45,1.1534218271317935,1.2335914902709557,1.1202879725702035,1.1848706210330253,100,0,1
2013.06.18,01:43:45,1.1779109008855582,1.217270575261696,1.1105972907492931,1.1693073664732336,100,0,1
2013.06.19,01:43:45,1.232927674141943,1.3105777290813028,1.1822088162875957,1.2932101042071626,100,0,1
2013.06.20,01:43:45,1.2528362031820017,1.3358514277113855,1.206868844014072,1.2579877688186452,100,0,1
2013.06.21,01:43:45,1.2771609632700962,1.3222117016710015,1.2064643662507353,1.2764517713725225,100,0,1
2013.06.22,01:43:45,1.2589858578695334,1.3137060979501411,1.219630886077506,1.2699801801034147,100,0,1
2013.06.23,01:43:45,1.2765768840181344,1.3260619942407326,1.2091971406549795,1.2800678580096727,100,0,1
2013.06.24,01:43:45,1.2878621125422844,1.3756527677160633,1.2541612507813227,1.3583684614922307,100,0,1
2013.06.25,01:43:45,1.3730631584680988,1.3910682340505738,1.326640714862193,1.3520623905832172,100,0,1
2013.06.26,01:43:45,1.3236528038836723,1.3810786157687578,1.2786970831513036,1.2998965536920197,100,0,1
2013.06.27,01:43:45,1.3075000101450984,1.336570047034361,1.2235339069320224,1.267815652465717,100,0,1
2013.06.28,01:43:45,1.223166486972668,1.2552701939546067,1.2082587710589037,1.2455836057158713,100,0,1
2013.06.29,01:43:45,1.2345039437532714,1.285875625068693,1.1860009362864914,1.224450805443085,100,0,1
2013.06.30,01:43:45,1.261848037190282,1.302153916816578,1.240220955792727,1.242624613534867,100,0,1
2013.07.01,01:43:45,1.1901736632784004,1.2536045640839995,1.1395679608488394,1.22677781377464,100,0,1
2013.07.02,01:43:45,1.1593782632521739,1.2168861762349272,1.1235981346445383,1.1735539298386095,100,0,1
2013.07.03,01:43:45,1.228086486708601,1.3002867338828612,1.1733986076738656,1.2486485591287764,100,0,1
2013.07.04,01:43:45,1.2148960631659487,1.249539214893357,1.1474870885789903,1.1509870928373807,100,0,1
2013.07.05,01:43:45,1.1033630166639008,1.1782225256047294,1.1032524375715969,1.140773444397143,100,0,1
2013.07.06,01:43:45,1.1253678682387314,1.1974439040241736,1.1025342526121382,1.1923209538993724,100,0,1
2013.07.07,01:43:45,1.0946393123269489,1.1709324936238379,1.0540770427492472,1.169116881100251,100,0,1
2013.07.08,01:43:45,1.0934729443736706,1.1806470468243428,1.024612758415227,1.121929614599583,100,0,1
2013.07.09,01:43:45,1.1108592697175756,1.1236424573866584,1.0563240472362034,1.1153824430046932,100,0,1
2013.07.10,01:43:45,1.1094227194499708,1.1882919840616426,1.0303461119809174,1.1749436526045876,100,0,1
2013.07.11,01:43:45,1.0291531195121897,1.086469624248603,1.0130930214932392,1.059442972515757,100,0,1
2013.07.12,01:43:45,1.0686423831425989,1.1308565832230593,0.9893136508953722,1.109238674788604,100,0,1
2013.07.13,01:43:45,1.0597838707855023,1.12270367868581,1.0031898395388898,1.0475524271273744,100,0,1
2013.07.14,01:43:45,1.0313185430844376,1.0992077627608143,0.959917493160536,0.9640197847965233,100,0,1
2013.07.15,01:43:45,1.0696159217813406,1.1310528616466369,1.0203262070121408,1.0471738414820055,100,0,1
2013.07.16,01:43:45,1.0892405660231192,1.1593705604963147,1.0324546090065825,1.1552339171546318,100,0,1
2013.07.17,01:43:45,1.0601230531801942,1.1299076106413444,0.975822338572695,1.11699637513204,100,0,1
2013.07.18,01:43:45,1.0881943030933041,1.1337938934532963,1.0539034156214762,1.0851207133754757,100,0,1
2013.07.19,01:43:45,1.0290336626194996,1.0866859212952864,1.0101712891413406,1.0460693666111904,100,0,1
2013.07.20,01:43:45,1.0060220111710563,1.0516312297900385,0.9519260029321233,0.9533719478954769,100,0,1
2013.07.21,01:43:45,1.046524176362349,1.0961781031347322,0.9943207114948635,1.047247995946338,100,0,1
2013.07.22,01:43:45,1.0163125782039264,1.0253308377876085,0.9664018541940963,1.0166703140711475,100,0,1
2013.07.23,01:43:45,0.9715909739621934,1.0258652912068347,0.9319604629506653,0.9868625519786199,100,0,1
2013.07.24,01:43:45,0.9480107694422074,0.9509098982176802,0.9017354214733936,0.9102769856621581,100,0,1
2013.07.25,01:43:45,0.9570361601847044,1.005249638226574,0.916847729071211,1.001511267916497,100,0,1
2013.07.26,01:43:45,0.937664354170818,0.9432684737357907,0.8499925439109972,0.9295197016094943,100,0,1
2013.07.27,01:43:45,0.9978510746775447,1.0271130544547584,0.9252631839063246,1.0024972313976248,100,0,1
2013.07.28,01:43:45,0.9732141021325996,1.0493364941816206,0.9517977903838034,1.042189537241665,100,0,1
2013.07.29,01:43:45,0.9652919672227275,1.0289533576407632,0.905877650640957,0.9735882981281067,100,0,1
2013.07.30,01:43:45,0.9022804979828765,0.9061342765198044,0.8607256601433889,0.8939081004127001,100,0,1
2013.07.31,01:43:45,0.8839188626255746,0.9242376688502851,0.8384307538251645,0.8440943780772657,100,0,1
2013.08.01,01:43:45,0.7987790610406281,0.8655649405970905,0.7555034752112338,0.8467908192195165,100,0,1
2013.08.02,01:43:45,0.7840541780347025,0.8540801419281339,0.7598009539214458,0.8034550784195711,100,0,1
2013.08.03,01:43:45,0.7618605481352055,0.800326985745858,0.7215317845927426,0.7383566251880485,100,0,1
2013.08.04,01:43:45,0.8224413211439429,0.8571505644328948,0.7812083964082911,0.7880794423760319,100,0,1
2013.08.05,01:43:45,0.8923307076510627,0.923064348796769,0.8493062480089291,0.9138552957028574,100,0,1
2013.08.06,01:43:45,0.8648231210725772,0.9310924280579511,0.8369729343314792,0.8811146186107539,100,0,1
2013.08.07,01:43:45,0.8713078499433983,0.9248935778686804,0.7795899318963754,0.8363871364575103,100,0,1
2013.08.08,01:43:45,0.8323489716842428,0.8512113437537946,0.8006958639787164,0.8308813401233996,100,0,1
2013.08.09,01:43:45,0.8476477954393372,0.9317820014134315,0.764438223089039,0.7673473621348853,100,0,1
2013.08.10,01:43:45,0.9060452210838679,0.9622064294738102,0.8932416639141432,0.9530204115942055,100,0,1
2013.08.11,01:43:45,0.8895121420718871,0.9680838192865451,0.8178260523681294,0.9125111145053548,100,0,1
2013.08.12,01:43:45,0.8112789269797694,0.8814446401210655,0.7941432921411778,0.8493119319104675,100,0,1
2013.08.13,01:43:45,0.8466392167930481,0.8872568149046177,0.8022215838779323,0.8508592698028927,100,0,1
2013.08.14,01:43:45,0.7994612307449348,0.7999031192563748,0.7086561110770059,0.727917432430249,100,0,1
2013.08.15,01:43:45,0.8174821779269374,0.8766923085545663,0.7727638852121529,0.8623071763615571,100,0,1
2013.08.16,01:43:45,0.782461841094981,0.8275836040389182,0.7389347429713884,0.7968486529617065,100,0,1
2013.08.17,01:43:45,0.6965708941584181,0.7113958365390812,0.6396080496377514,0.6493944375741459,100,0,1
2013.08.18,01:43:45,0.6816224777545089,0.7453576581311029,0.6305803864316808,0.6907551503508267,100,0,1
2013.08.19,01:43:45,0.7113017000025993,0.7554565690521586,0.6373450878054944,0.6643013847984188,100,0,1
2013.08.20,01:43:45,0.6499859923647887,0.7240701097863624,0.6140564959393019,0.6644136319577029,100,0,1
2013.08.21,01:43:45,0.6648671233827774,0.7081002267915697,0.6267490061072895,0.687259039883946,100,0,1
2013.08.22,01:43:45,0.6727993384593792,0.778736469877513,0.6152654319866846,0.633273217096881,100,0,1
2013.08.23,01:43:45,0.7073134260873805,0.7710644318861758,0.6428417463137556,0.6703709991861764,100,0,1
2013.08.24,01:43:45,0.690356201899118,0.7319849016939458,0.6396349443932969,0.6614525257928757,100,0,1
2013.08.25,01:43:45,0.7439013564368928,0.799590261410007,0.705948005406724,0.7682575534796781,100,0,1
2013.08.26,01:43:45,0.8051426512212178,0.8617455249288672,0.7836358122172467,0.8289511848232695,100,0,1
2013.08.27,01:43:45,0.8820526951712363,0.9326498467933713,0.8497926241291869,0.897979873839098,100,0,1
2013.08.28,01:43:45,0.827601589574497,0.8831356765809305,0.7729988324500968,0.8239813367413521,100,0,1
2013.08.29,01:43:45,0.8150108763762093,0.8749291553837285,0.7422761166295224,0.7821367262429847,100,0,1
2013.08.30,01:43:45,0.8611995221006806,0.9181424946419408,0.7970940843861007,0.8166953643468118,100,0,1
2013.08.31,01:43:45,0.8760342956182038,0.9348050980441667,0.8295768587863086,0.9113138952051472,100,0,1
2013.09.01,01:43:45,0.8179077664645588,0.8667416190749412,0.7579014350918853,0.816588009601528,100,0,1
2013.09.02,01:43:45,0.867256415551885,0.9495813533913151,0.8323085148039729,0.9159871858196943,100,0,1
2013.09.03,01:43:45,0.8138512569146963,0.8640790354125225,0.7306872734160065,0.8266083960379669,100,0,1
2013.09.04,01:43:45,0.8031717891362976,0.8435163601339184,0.7462192334991704,0.8136408683299248,100,0,1
2013.09.05,01:43:45,0.734737390674562,0.8022874466289858,0.6943847049503217,0.7381702613617658,100,0,1
2013.09.06,01:43:45,0.794769385591425,0.8271398740821955,0.7464626206896158,0.7583669096536534,100,0,1
2013.09.07,01:43:45,0.8058465318898269,0.861281683242023,0.7382492215989,0.8549500242055937,100,0,1
2013.09.08,01:43:45,0.7297063022177143,0.777230694461519,0.6617189490319633,0.747988462813121,100,0,1
2013.09.09,01:43:45,0.7800316250978745,0.8005476974112201,0.7366858092468388,0.7754265205496547,100,0,1
2013.09.10,01:43:45,0.7422866411504134,0.7721594300134806,0.6937050033828023,0.7408749214988815,100,0,1
2013.09.11,01:43:45,0.8114397578317342,0.8779338594486769,0.7638541234101024,0.848733182331327,100,0,1
2013.09.12,01:43:45,0.8068894241515732,0.8628486397313039,0.7379705963313506,0.8326460051664055,100,0,1
2013.09.13,01:43:45,0.8418503901117202,0.8748535252546122,0.7939204869303722,0.8499316483713734,100,0,1
2013.09.14,01:43:45,0.8735551239371602,0.905639819993433,0.8410292699182629,0.8974383228160501,100,0,1
2013.09.15,01:43:45,0.8789307868624386,0.9101433805408263,0.812914637054802,0.8355476525147131,100,0,1
2013.09.16,01:43:45,0.8279112951689219,0.8825568302370768,0.7578255113226344,0.8670606608588622,100,0,1
2013.09.17,01:43:45,0.8065024904238877,0.8441528657341612,0.7630115565165159,0.8388470756381095,100,0,1
2013.09.18,01:43:45,0.8350259788140829,0.8719596479768926,0.7827882962202213,0.8303301081680464,100,0,1
2013.09.19,01:43:45,0.7874068211919323,0.8095508036085198,0.7589722629103728,0.7924335851444949,100,0,1
2013.09.20,01:43:45,0.8698428255237117,0.9293917572904509,0.7981353690618243,0.8845968026825362,100,0,1
2013.09.21,01:43:45,0.9059443767429801,0.977506216983429,0.8415568522040954,0.8915678676265244,100,0,1
2013.09.22,01:43:45,0.8474031262532719,0.909108840440627,0.7994113120692028,0.8457970933761887,100,0,1
2013.09.23,01:43:45,0.8075965078560982,0.8460624020521991,0.7628349685807639,0.8086221943513886,100,0,1
2013.09.24,01:43:45,0.7926605499238135,0.8304023530775402,0.7499804136579377,0.7591904820347134,100,0,1
2013.09.25,01:43:45,0.6976720312361878,0.7526546583364803,0.6378361614417981,0.7176234456406498,100,0,1
2013.09.26,01:43:45,0.75906687391997,0.8216633264512483,0.6940754476552589,0.7769655071220297,100,0,1
2013.09.27,01:43:45,0.7823186911867137,0.8227433582598479,0.6718050038944763,0.7337707829366614,100,0,1
2013.09.28,01:43:45,0.777503239963156,0.8363098079512583,0.7218393065039925,0.753512315304637,100,0,1
2013.09.29,01:43:45,0.7820390240888397,0.8295004925206093,0.6945548405575771,0.7110510058097166,100,0,1
2013.09.30,01:43:45,0.8706066101490783,0.9214451739739041,0.811634555809112,0.8689798292674511,100,0,1
2013.10.01,01:43:45,0.8906912980877182,0.9941822025269335,0.8717080196754335,0.981957364306298,100,0,1
2013.10.02,01:43:45,0.888861936182389,0.955084872684428,0.8116221455032427,0.8449212800637783,100,0,1
2013.10.03,01:43:45,0.9465866621909399,1.01526668871512,0.9015660765782079,0.9667065456559206,100,0,1
2013.10.04,01:43:45,0.9176538865828701,0.9378702231550022,0.8544824991406288,0.9353436315208462,100,0,1
2013.10.05,01:43:45,0.7779795447708737,0.8408968258534121,0.7176867635533747,0.8200891017740263,100,0,1
2013.10.06,01:43:45,0.7785346885854606,0.8424345035183548,0.7132767175766975,0.8330349066198741,100,0,1
2013.10.07,01:43:45,0.7393378085791787,0.8027766458814445,0.6872401181577228,0.7829683254921773,100,0,1
2013.10.08,01:43:45,0.742710716790775,0.8128172480876927,0.680421725554269,0.6865244712562215,100,0,1
2013.10.09,01:43:45,0.7644964760839721,0.8330961034215788,0.6993237120877192,0.7792020548989936,100,0,1
2013.10.10,01:43:45,0.7547878833998256,0.7857982676993389,0.6793751070696721,0.7544917666418104,100,0,1
2013.10.11,01:43:45,0.7608726091934297,0.817272165260344,0.7512620766373015,0.8152405525609445,100,0,1
2013.10.12,01:43:45,0.7865092488819633,0.8252082209092984,0.7373657283698465,0.7990997875253932,100,0,1
2013.10.13,01:43:45,0.9032196435496617,0.9495036982222587,0.8923939367277828,0.9152965759533995,100,0,1
2013.10.14,01:43:45,0.9399413494387975,0.9744826974006999,0.9368901333063135,0.957362028335318,100,0,1
2013.10.15,01:43:45,0.9718951771670602,1.0227796386479744,0.938984527717981,1.0086882023821617,100,0,1
2013.10.16,01:43:45,0.9586053097971624,0.9956324798601135,0.9161573705526491,0.9331413160379297,100,0,1
2013.10.17,01:43:45,0.9724509663688631,1.023770588466705,0.9247560917140824,0.9352791147454481,100,0,1
2013.10.18,01:43:45,0.9441767739159403,0.9958092173022202,0.8964917560207667,0.9540969101493146,100,0,1
2013.10.19,01:43:45,0.9415798500502308,1.0055632822132994,0.8878839451830494,0.9728584274491581,100,0,1
2013.10.20,01:43:45,0.924648462411463,0.9835165389366355,0.8954667520337882,0.9098700895885401,100,0,1
2013.10.21,01:43:45,0.8793265725445233,0.9081804208296868,0.8149527921003655,0.8884108734269104,100,0,1
2013.10.22,01:43:45,0.8226726744631827,0.8568484484321373,0.7935617282584632,0.8089030756821646,100,0,1
2013.10.23,01:43:45,0.9007510518977505,0.9476915512110184,0.8512777622649973,0.9406026767629062,100,0,1
2013.10.24,01:43:45,0.834713304051189,0.8752374774425279,0.7787661965881583,0.8317318806422881,100,0,1
2013.10.25,01:43:45,0.8534193402471455,0.9014124757752348,0.7950234508943878,0.8419970311125372,100,0,1
2013.10.26,01:43:45,0.9254240323208727,0.9630202136880635,0.8742595718977417,0.9414113871508677,100,0,1
2013.10.27,01:43:45,0.921040385561465,0.9644701721667828,0.8668194954778619,0.877507256818312,100,0,1
2013.10.28,01:43:45,0.9278127811921282,0.9809141600522858,0.8363440139102112,0.8769872019746701,100,0,1
2013.10.29,01:43:45,0.9205541736891626,0.9952500344007302,0.8398678306524542,0.9571905567353335,100,0,1
2013.10.30,01:43:45,0.8649440066543169,0.9102077644004483,0.7902858167516871,0.8956783477977955,100,0,1
2013.10.31,01:43:45,0.8535511819281406,0.9073999786362689,0.8032760051056249,0.8550508221908817,100,0,1
2013.11.01,01:43:45,0.8827587271053374,0.9168533892426171,0.8535313785825616,0.8751063656213419,100,0,1
2013.11.02,01:43:45,0.8387596275326692,0.9071596427334074,0.7717715800588049,0.8728517901134488,100,0,1
2013.11.03,01:43:45,0.7277731051049661,0.776426323248568,0.6804700275966291,0.6993565119730211,100,0,1
2013.11.04,01:43:45,0.708749899003886,0.7238617342807512,0.631925428194604,0.6930648120610615,100,0,1
2013.11.05,01:43:45,0.7590785707508392,0.8139504472864929,0.720244547837297,0.7898481361121349,100,0,1
2013.11.06,01:43:45,0.6890221543097801,0.7008928720116648,0.6339464956067296,0.6481160420536785,100,0,1
2013.11.07,01:43:45,0.7327207321475744,0.755256381433187,0.6586591265260437,0.6595915902885413,100,0,1
2013.11.08,01:43:45,0.7002709051459016,0.7396745631062703,0.6629747562947284,0.7011630238154754,100,0,1
2013.11.09,01:43:45,0.7473708408520204,0.7821654000233346,0.6645814189018541,0.6800017631412691,100,0,1
2013.11.10,01:43:45,0.7557886648933876,0.8246317711935208,0.7009640313159881,0.7205301441251901,100,0,1
2013.11.11,01:43:45,0.7654459226485985,0.788414043360048,0.7259263479808427,0.7441337224945189,100,0,1
2013.11.12,01:43:45,0.8415759331931602,0.8885919759405946,0.7851312280899947,0.8634189487231771,100,0,1
2013.11.13,01:43:45,0.7341620261822204,0.7862559962294697,0.6917406394137366,0.7854930813252384,100,0,1
2013.11.14,01:43:45,0.6766643551506168,0.7518098292017605,0.6454112321720246,0.7294586219261993,100,0,1
2013.11.15,01:43:45,0.6468056971953128,0.6897127770640251,0.6046260611147606,0.6550763618253902,100,0,1
2013.11.16,01:43:45,0.6263521734309402,0.643455717854569,0.5898814603690047,0.5929098331714582,100,0,1
2013.11.17,01:43:45,0.6139046203949893,0.6680408549673345,0.5609922314267929,0.6297979226454685,100,0,1
2013.11.18,01:43:45,0.643067388281549,0.7277752966655436,0.5981030456287029,0.7054508080191223,100,0,1
2013.11.19,01:43:45,0.5768195035717898,0.6429113109581681,0.5162846239031944,0.5478761947498472,100,0,1
2013.11.20,01:43:45,0.6240363287196287,0.643188729601082,0.5582705432511164,0.5920667190623563,100,0,1
2013.11.21,01:43:45,0.6064195802473021,0.6468158303086389,0.5307848746058121,0.6239803583381367,100,0,1
2013.11.22,01:43:45,0.6130457903066775,0.6458945947224326,0.559436920249842,0.6061181186539888,100,0,1
2013.11.23,01:43:45,0.580590825218795,0.6140016423721052,0.5389633476348014,0.5457083671850878,100,0,1
2013.11.24,01:43:45,0.5706677172568657,0.6146517788328447,0.5087371657576519,0.5827770851301775,100,0,1
2013.11.25,01:43:45,0.5066533306289318,0.5376121538772466,0.43761400094287173,0.4772321808414981,100,0,1
2013.11.26,01:43:45,0.5219470951469893,0.5534105965559595,0.5054114727590533,0.5144240054144349,100,0,1
2013.11.27,01:43:45,0.5829038573674395,0.6214417787819598,0.49689322313960843,0.596767674918699,100,0,1
2013.11.28,01:43:45,0.5464119329987923,0.6146754900520284,0.45328988963765127,0.47561243210898513,100,0,1
2013.11.29,01:43:45,0.4720760137755336,0.523468859695079,0.38645838481865424,0.4984843916614755,100,0,1
2013.11.30,01:43:45,0.4770884262353359,0.5446957591142658,0.43863704649122026,0.5282729465120122,100,0,1
2013.12.01,01:43:45,0.5271002839272821,0.569110756614614,0.4987029315128244,0.529207252824515,100,0,1
2013.12.02,01:43:45,0.5646020378853133,0.5991405654297616,0.515617437051891,0.5300579942942052,100,0,1
2013.12.03,01:43:45,0.48457818399557534,0.5922115754906372,0.41562029127129796,0.5815159704662374,100,0,1
2013.12.04,01:43:45,0.4212163369687551,0.4408594684120352,0.3544233694812643,0.412373333683997,100,0,1
2013.12.05,01:43:45,0.4451497373051438,0.5098043375017016,0.444766737134676,0.4824015555892048,100,0,1
2013.12.06,01:43:45,0.41561678795027385,0.47261848954050634,0.3611706399205521,0.37452246190945443,100,0,1
2013.12.07,01:43:45,0.442136957187693,0.4943286562487742,0.409772115286646,0.4701788823499,100,0,1
2013.12.08,01:43:45,0.35316691776005577,0.41389301600946704,0.2840381033726754,0.3227581885513455,100,0,1
2013.12.09,01:43:45,0.37560091283741837,0.426526078504841,0.31758435162259924,0.3943358726253031,100,0,1
2013.12.10,01:43:45,0.37146194096472585,0.40417982605235425,0.32705786823271743,0.35512126720190873,100,0,1
2013.12.11,01:43:45,0.4056647225190571,0.43760840936226514,0.37197939894791743,0.37912389725366363,100,0,1
2013.12.12,01:43:45,0.4109405273610098,0.4556367599604641,0.38107918442706856,0.3902273387143726,100,0,1
2013.12.13,01:43:45,0.40164477778405716,0.46965630493920113,0.31144607959420123,0.35165789249845253,100,0,1
2013.12.14,01:43:45,0.335536253004667,0.3411156796377042,0.2560902987622602,0.26213162962623804,100,0,1
2013.12.15,01:43:45,0.35039880404531004,0.4100519156952913,0.30360791754004146,0.3632193467782858,100,0,1
2013.12.16,01:43:45,0.3514203627265104,0.42456237475895814,0.27454362328990994,0.4040462891361679,100,0,1
2013.12.17,01:43:45,0.24967937563918066,0.3349010322499311,0.16161029621912434,0.20451790837140318,100,0,1
2013.12.18,01:43:45,0.27501474363687145,0.315708857144576,0.24326195793966254,0.2653676575110124,100,0,1
2013.12.19,01:43:45,0.29530959398159784,0.3282261539366866,0.23421096449582887,0.23479654454173216,100,0,1
2013.12.20,01:43:45,0.3131504790104574,0.3704450920212469,0.23812250958447279,0.3432012500954361,100,0,1
2013.12.21,01:43:45,0.36124219715958256,0.4343722936888964,0.3365682784966833,0.412515483164839,100,0,1
2013.12.22,01:43:45,0.32315310291163296,0.3748023063843394,0.2505108265636151,0.2947362060329715,100,0,1
2013.12.23,01:43:45,0.3615128765494895,0.4443572576739402,0.3334584110417781,0.4264561747049953,100,0,1
2013.12.24,01:43:45,0.3798173785875462,0.43234937557730035,0.3306935795492322,0.3638481357673954,100,0,1
2013.12.25,01:43:45,0.3783495308527243,0.4267513856369196,0.32775451657249355,0.3419828849258156,100,0,1
2013.12.26,01:43:45,0.3666689309096306,0.4270427080655548,0.3077492271622628,0.35498915923395397,100,0,1
2013.12.27,01:43:45,0.3553036645542184,0.41510936083878924,0.3104642033493174,0.3313708831445403,100,0,1
2013.12.28,01:43:45,0.45574662563860235,0.4702206369814502,0.3944329611572517,0.4300540949302042,100,0,1
2013.12.29,01:43:45,0.5059326204934992,0.5492429814027857,0.429087044815386,0.5435687126356193,100,0,1
2013.12.30,01:43:45,0.6077243792487493,0.644233098863149,0.521217737358963,0.557837453944888,100,0,1
2013.12.31,01:43:45,0.5326600960236366,0.5597291892266782,0.4892853134427507,0.5223351749834375,100,0,1
2014.01.01,01:43:45,0.5903474318441283,0.6239907033305699,0.5333278865964973,0.5929424389012068,100,0,1
2014.01.02,01:43:45,0.5141856187670991,0.549511410080408,0.4590797187382949,0.5453861934932465,100,0,1
2014.01.03,01:43:45,0.594917099409098,0.6474369575482444,0.5462446946078593,0.5623077395708601,100,0,1
2014.01.04,01:43:45,0.6083510954273197,0.6443588361762861,0.5409940645156918,0.6193940783066423,100,0,1
2014.01.05,01:43:45,0.6479744050730789,0.7135631923174504,0.588822500189029,0.6174297208148719,100,0,1
2014.01.06,01:43:45,0.6496087935664488,0.7419198306513171,0.6083399055554849,0.6354574740317528,100,0,1
2014.01.07,01:43:45,0.6129254050180838,0.6816428054909258,0.5557199802348228,0.6754090765251313,100,0,1
2014.01.08,01:43:45,0.6810408523530556,0.7155630612662762,0.6413179691554793,0.6994107629495916,100,0,1
2014.01.09,01:43:45,0.6624911384662022,0.7014086531720385,0.6183271753301774,0.6520529540235236,100,0,1
2014.01.10,01:43:45,0.6848880282553949,0.7487897842275908,0.6375409712272003,0.7367371392330302,100,0,1
2014.01.11,01:43:45,0.6846513704508738,0.7248543329180189,0.620582044490703,0.6331442381649562,100,0,1
2014.01.12,01:43:45,0.6785525243039279,0.7464944116358126,0.6408246505963842,0.7318187720497826,100,0,1
2014.01.13,01:43:45,0.7193992412633303,0.7402583577368501,0.6453250466015766,0.6845483746550095,100,0,1
2014.01.14,01:43:45,0.8031005719858498,0.8818077942400051,0.7273724828896551,0.8529299567414492,100,0,1
2014.01.15,01:43:45,0.8646109179507685,0.9146629263365508,0.7969218832221323,0.8951788231069299,100,0,1
2014.01.16,01:43:45,0.8459292291276138,0.897615787170544,0.7665774001300981,0.866905957289973,100,0,1
2014.01.17,01:43:45,0.8333429520837323,0.8854028202944281,0.7930932233879775,0.8052469741904391,100,0,1
2014.01.18,01:43:45,0.8262192190761773,0.8785067689034779,0.7739672122165371,0.7937884898236135,100,0,1
2014.01.19,01:43:45,0.808751987785754,0.839355611830982,0.7838925874080565,0.80950646079644,100,0,1
2014.01.20,01:43:45,0.8060817688318385,0.83106338608887,0.7489006511971338,0.7974535383700381,100,0,1
2014.01.21,01:43:45,0.7219630128613127,0.7818266624633712,0.644888208089986,0.7333119420422356,100,0,1
2014.01.22,01:43:45,0.6851250811882549,0.7368401928060357,0.613624544712239,0.6946415222623418,100,0,1
2014.01.23,01:43:45,0.7183594488395281,0.7438489392176079,0.6423960404511528,0.7026188090300411,100,0,1
2014.01.24,01:43:45,0.6647518498698076,0.7086099143392496,0.6399756678093846,0.6895444141126582,100,0,1
2014.01.25,01:43:45,0.6659369636412369,0.6710350972613219,0.6320170325451783,0.6541207855275709,100,0,1
2014.01.26,01:43:45,0.664640621300995,0.7032145576888601,0.6475090125743383,0.6881578099446964,100,0,1
2014.01.27,01:43:45,0.6874879129462149,0.7520682872514975,0.6151870033689953,0.7128763327230966,100,0,1
2014.01.28,01:43:45,0.6035076719509085,0.6569849077973998,0.5599890453452337,0.6307168657894595,100,0,1
2014.01.29,01:43:45,0.6122085584935906,0.6323209815697654,0.5602204227304965,0.5887206540117016,100,0,1
2014.01.30,01:43:45,0.5410565579020755,0.5895747752868202,0.5128732945999989,0.5623935156998267,100,0,1
2014.01.31,01:43:45,0.5330305073001669,0.5934535850458971,0.4610609069176942,0.5311258122729995,100,0,1
2014.02.01,01:43:45,0.4944640231491886,0.5266264634760021,0.4623394628058764,0.481547454953051,100,0,1
2014.02.02,01:43:45,0.46728318246149947,0.5165305458365814,0.40024707740113474,0.5110561308982133,100,0,1
2014.02.03,01:43:45,0.44972087836140867,0.4781413825316033,0.3600775397269814,0.3848023937162307,100,0,1
2014.02.04,01:43:45,0.43521280031942533,0.5078256578513352,0.3655226733511828,0.4245711742839464,100,0,1
2014.02.05,01:43:45,0.42448783579001376,0.4567445991502489,0.35853378522375484,0.4330426502375735,100,0,1
2014.02.06,01:43:45,0.4371094902372735,0.48523724562933757,0.3439112236965492,0.36730805916595105,100,0,1
2014.02.07,01:43:45,0.44665312233855525,0.5299746494604931,0.4250059186107211,0.5217981870050608,100,0,1
2014.02.08,01:43:45,0.4749597164113279,0.5244726412659755,0.4402702079323447,0.4881221041925737,100,0,1
2014.02.09,01:43:45,0.4423033536992664,0.5018944599490992,0.4003479266746342,0.461035072448297,100,0,1
2014.02.10,01:43:45,0.3368738399861866,0.3758743711150878,0.31335422550041403,0.3542317315693934,100,0,1
2014.02.11,01:43:45,0.36545556007874097,0.4005248388670839,0.32340142250016435,0.36565424209493014,100,0,1
2014.02.12,01:43:45,0.3848074524859158,0.45086382745725534,0.2856612071054763,0.4106467514214578,100,0,1
2014.02.13,01:43:45,0.3243887341947456,0.39655961822747754,0.2688320006941633,0.36714215844163256,100,0,1
2014.02.14,01:43:45,0.24432739022706107,0.30715503325831073,0.16928962292288566,0.26016209887291486,100,0,1
2014.02.15,01:43:45,0.2565143659742741,0.2883328970354759,0.2171535455779463,0.2593148724347876,100,0,1
2014.02.16,01:43:45,0.17105425909794675,0.24112568645258925,0.1446692261006911,0.15235730828616825,100,0,1
2014.02.17,01:43:45,0.19491224946389482,0.22936589547124325,0.1388080962174139,0.22354940428369394,100,0,1
2014.02.18,01:43:45,0.23493742717754415,0.2702730032151102,0.19965300413176568,0.24238742164723698,100,0,1
2014.02.19,01:43:45,0.28102457999582253,0.3094886808025145,0.1995936465384563,0.27087874884676216,100,0,1
2014.02.20,01:43:45,0.30880352317382975,0.3334402823846807,0.21336670977827304,0.21906797211228096,100,0,1
2014.02.21,01:43:45,0.27184116886014553,0.3152284139492279,0.22898882941422932,0.25289315763805476,100,0,1
2014.02.22,01:43:45,0.315377246500875,0.35358771198195854,0.2726570789063329,0.30324498387922627,100,0,1
2014.02.23,01:43:45,0.2863358454286781,0.2896327924603213,0.22256588157336799,0.26823356246095875,100,0,1
2014.02.24,01:43:45,0.29819410975995947,0.33694492704339885,0.22671931168279436,0.31671441328443983,100,0,1
2014.02.25,01:43:45,0.2803061569832894,0.36500090653560396,0.19258895563747178,0.3341368778259639,100,0,1
2014.02.26,01:43:45,0.24603681764520932,0.306985589545933,0.1919094812483371,0.1977189523146267,100,0,1
2014.02.27,01:43:45,0.3193695724505395,0.3412724884039314,0.2577424949878927,0.2890864945178201,100,0,1
2014.02.28,01:43:45,0.4089196444074112,0.44913336053037994,0.35782529647600103,0.4201990173626387,100,0,1
2014.03.01,01:43:45,0.2819290771939019,0.29955002076705745,0.22580238154557297,0.2274542640886429,100,0,1
2014.03.02,01:43:45,0.3125390644826241,0.3897498857373491,0.22464768362848792,0.3085287920955595,100,0,1
2014.03.03,01:43:45,0.30687155848123837,0.35969154184710633,0.3033371863732049,0.3508481033716993,100,0,1
2014.03.04,01:43:45,0.24720616269778908,0.2980114870098637,0.18437966937676542,0.24734274279230306,100,0,1
2014.03.05,01:43:45,0.2863608546453,0.3230351982055075,0.23475523401550819,0.3152525552920272,100,0,1
2014.03.06,01:43:45,0.33801400112492996,0.4162023076890703,0.2966329665665573,0.3525003229940567,100,0,1
2014.03.07,01:43:45,0.3658140666133133,0.4438268185780908,0.3350942701087624,0.3668253914535528,100,0,1
2014.03.08,01:43:45,0.3257849552486281,0.38319089689474706,0.2790727901004961,0.31333438868168895,100,0,1
2014.03.09,01:43:45,0.31794201674917316,0.3635651958168803,0.25282248809307456,0.28031983906709795,100,0,1
2014.03.10,01:43:45,0.25328460108761963,0.3074801042030668,0.19098443712554994,0.22696306322982665,100,0,1
2014.03.11,01:43:45,0.23979421875746798,0.32836361279720905,0.1868807457337842,0.24996168723590087,100,0,1
2014.03.12,01:43:45,0.15692010063536418,0.22344450394790397,0.10494862536632633,0.1496651077669805,100,0,1
2014.03.13,01:43:45,0.1337372458798773,0.18293816699617169,0.08076744368775883,0.1767998786484109,100,0,1
2014.03.14,01:43:45,0.051325055816633505,0.10083455898862564,-0.01704235469582928,0.06625861780438227,100,0,1
2014.03.15,01:43:45,0.04447353463464562,0.09651011404129087,-0.01571285250605492,-0.012791943382999344,100,0,1
2014.03.16,01:43:45,0.014278260199872666,0.0722475295956843,-0.042693979552817514,-0.01703300164076187,100,0,1
2014.03.17,01:43:45,-0.0010290949928304966,0.08229534889028281,-0.03761270342684562,0.010426964068260408,100,0,1
2014.03.18,01:43:45,-0.01855554016670782,0.057654379845384074,-0.06760569196783858,0.03715789832658252,100,0,1
2014.03.19,01:43:45,-0.05845572314767804,-0.021070999011107337,-0.10717282386850442,-0.10080517504523472,100,0,1
2014.03.20,01:43:45,-0.11394888983571101,-0.0903445067016727,-0.19691312283639917,-0.1547725927752099,100,0,1
2014.03.21,01:43:45,-0.0636848320672608,-0.03126444660710652,-0.12325281081133924,-0.03126523510188861,100,0,1
2014.03.22,01:43:45,-0.05811906198385762,-0.013392301660508678,-0.08365173817670163,-0.0810427222899858,100,0,1
2014.03.23,01:43:45,-0.016228370568653276,0.054214047123099414,-0.08590399801780099,0.032087800190777255,100,0,1
2014.03.24,01:43:45,-0.03851031013503851,-0.021760829361930432,-0.10195959491174392,-0.06308702974586455,100,0,1
2014.03.25,01:43:45,-0.09066750492798098,-0.0609544764593942,-0.17939161165385015,-0.08054368625612193,100,0,1
2014.03.26,01:43:45,-0.19986422699597317,-0.12869817104781076,-0.26145014861947385,-0.23559477714103497,100,0,1
2014.03.27,01:43:45,-0.14043841920406214,-0.10501268382099785,-0.17395725008805094,-0.11790733541011636,100,0,1
2014.03.28,01:43:45,-0.07687760789341858,-0.005240925529090071,-0.15734205930777326,-0.12207500697822322,100,0,1
2014.03.29,01:43:45,-0.11043529345605242,-0.028348188937139973,-0.16193811223997479,-0.11923735465771271,100,0,1
2014.03.30,01:43:45,-0.09135619322152129,-0.013331439182150129,-0.1459988645229738,-0.10942131256362098,100,0,1
2014.03.31,01:43:45,-0.03706478183246979,-0.002419903878384276,-0.09782288375663452,-0.07198957168910627,100,0,1
2014.04.01,01:43:45,-0.038625623083361135,0.03237447112369529,-0.04946220250730205,-0.02499864707018123,100,0,1
2014.04.02,01:43:45,-0.02841670698552657,-0.023370258471699684,-0.07228779296869112,-0.05002270570502379,100,0,1
2014.04.03,01:43:45,0.026636824339231733,0.0650303438632996,-0.05863077253273477,-0.013327583667380946,100,0,1
2014.04.04,01:43:45,0.07188324589334207,0.10111522704321675,-0.0023900734901426274,0.06882186855625731,100,0,1
2014.04.05,01:43:45,-0.0002103774858030127,0.05118186638871207,-0.030255497734512592,0.027950206038118295,100,0,1
2014.04.06,01:43:45,-0.06433389993477982,0.007550338753788743,-0.11223815215946237,-0.016675042270943463,100,0,1
2014.04.07,01:43:45,-0.07362142303791602,-0.04380146968334796,-0.1288461163248568,-0.0837707966236314,100,0,1
2014.04.08,01:43:45,-0.022254159195994598,0.05428834846227513,-0.0836908770345232,0.04002909584278988,100,0,1
2014.04.09,01:43:45,-0.03686580479584891,0.00909452931600007,-0.1099612156694805,-0.032858099478505196,100,0,1
2014.04.10,01:43:45,0.0061064046678874166,0.05758943809349148,-0.03303991409089647,0.029331782211557578,100,0,1
2014.04.11,01:43:45,0.017118692563732087,0.06834711728117743,-0.0669462155087599,0.04487991625116988,100,0,1
2014.04.12,01:43:45,0.06634847933886692,0.11783690158938427,-0.012557216378355773,0.07307929535576406,100,0,1
2014.04.13,01:43:45,0.10507435971639113,0.1581265333431658,0.05097907763982999,0.15614862342411123,100,0,1
2014.04.14,01:43:45,0.02115751961221043,0.04866804270149884,-0.023724530056946785,-0.015434665312227857,100,0,1
2014.04.15,01:43:45,0.03290755769797582,0.08492645276258386,-0.030816905232523423,-0.029261566864438412,100,0,1
2014.04.16,01:43:45,0.03310609660783173,0.10444684256097242,-0.004297304978709948,0.1026216488787447,100,0,1
2014.04.17,01:43:45,0.06437194980488847,0.1436081134384095,0.027292552135571246,0.059530101256017265,100,0,1
2014.04.18,01:43:45,0.007456864842561259,0.08000296582623123,-0.054807880266090854,0.04673738838848943,100,0,1
2014.04.19,01:43:45,-0.011556399016577165,0.052755096520260544,-0.06862107196488412,0.04884419620678228,100,0,1
2014.04.20,01:43:45,-0.06952916560035317,-0.05305067807075993,-0.10638027386769253,-0.07424081593581444,100,0,1
2014.04.21,01:43:45,-0.030175219301320798,0.009270654187003999,-0.06810993412136801,-0.052787534797759564,100,0,1
2014.04.22,01:43:45,-0.0643317207005763,0.007353099048495182,-0.12107739173594087,-0.10928775376508061,100,0,1
2014.04.23,01:43:45,0.005095490724062995,0.06998874457766606,-0.04488112870636761,0.004079447084993831,100,0,1
2014.04.24,01:43:45,0.08954852754657922,0.15549459606557559,0.042352211746557906,0.060678235408812856,100,0,1
2014.04.25,01:43:45,0.06793700235444533,0.09425279724617623,0.02229648949163099,0.07922348181465835,100,0,1
2014.04.26,01:43:45,0.053475121227462605,0.0993532858132631,0.020950116937867386,0.08551346310351231,100,0,1
2014.04.27,01:43:45,0.06620690712182956,0.1316820003095302,0.021365260976373056,0.026707183576580175,100,0,1
2014.04.28,01:43:45,0.030659153811338914,0.10139768904432156,-0.023308478612848918,0.04235667552621475,100,0,1
2014.04.29,01:43:45,0.0970892108114795,0.09974829023757956,0.07968957783875527,0.08315388063664438,100,0,1
2014.04.30,01:43:45,0.16792812470662022,0.17550150241621304,0.15554908351591074,0.1636537241976303,100,0,1
2014.05.01,01:43:45,0.053682960516932804,0.10139112114352579,-0.04389863042699385,0.028657793064329168,100,0,1
2014.05.02,01:43:45,0.08972190733557721,0.1380860252291115,0.05506284005838967,0.10416031153004537,100,0,1
2014.05.03,01:43:45,0.12210151090740613,0.19207863119264645,0.043175417174061606,0.16612628887977698,100,0,1
2014.05.04,01:43:45,0.1331391075211242,0.1947495203298592,0.1018204025067655,0.10766132240504023,100,0,1
2014.05.05,01:43:45,0.1253474281178648,0.2245181861834693,0.09999619382817165,0.1634909554302302,100,0,1
2014.05.06,01:43:45,0.18928281880700093,0.26100791268022266,0.08683491839817428,0.23237265923163178,100,0,1
2014.05.07,01:43:45,0.1561114887128514,0.21642832997399458,0.11617970120665329,0.18052816316253656,100,0,1
2014.05.08,01:43:45,0.11966631980428076,0.20370837180856732,0.07188057923201,0.0979258094426323,100,0,1
2014.05.09,01:43:45,0.1492307116283215,0.20219013166042263,0.11253055472168125,0.18112506727976746,100,0,1
2014.05.10,01:43:45,0.2006152422259075,0.25945742886750034,0.16836157792443548,0.1810361491406635,100,0,1
2014.05.11,01:43:45,0.20614075119226233,0.2426226354365181,0.14216237238732174,0.22944849366343895,100,0,1
2014.05.12,01:43:45,0.2516578294245277,0.2968102513080749,0.20425219517894344,0.22994370938541084,100,0,1
2014.05.13,01:43:45,0.21250753547952442,0.27247719669497744,0.12464668739094681,0.19021802392623605,100,0,1
2014.05.14,01:43:45,0.19821837216947594,0.2762269148891816,0.15292982010597156,0.17007293076583935,100,0,1
2014.05.15,01:43:45,0.17497050237052217,0.2826897238170851,0.09565304082761475,0.22626518055275935,100,0,1
2014.05.16,01:43:45,0.17078887189129,0.1966561465741591,0.08786701926332488,0.11225107587253573,100,0,1
2014.05.17,01:43:45,0.15637779589448308,0.20961623458569925,0.07461433215178567,0.10162501288342515,100,0,1
2014.05.18,01:43:45,0.08653349932162216,0.143934307747292,0.03358272886265056,0.06450783773260155,100,0,1
2014.05.19,01:43:45,0.006305733199704867,0.05008227986886881,-0.04030461536523161,0.005528258044274016,100,0,1
2014.05.20,01:43:45,-0.01362204035924942,0.05497176677537596,-0.06873521682150016,-0.05765027683484639,100,0,1
2014.05.21,01:43:45,-0.06475281348262313,-0.01564634731073255,-0.07758616357838315,-0.07550074234614527,100,0,1
2014.05.22,01:43:45,-0.09665905928106386,-0.04725073771921265,-0.12344281008689231,-0.09300209359939496,100,0,1
2014.05.23,01:43:45,-0.03905498820441296,0.0027512833401107384,-0.046735959399919105,-0.0018987584391229606,100,0,1
2014.05.24,01:43:45,0.03998107637114742,0.0996052611015769,-0.0003559536508993266,0.048902770886042515,100,0,1
2014.05.25,01:43:45,0.18162455447352582,0.24315696750508844,0.13821375029137387,0.14519868939777947,100,0,1
2014.05.26,01:43:45,0.15146728838350718,0.17879334959120718,0.0627761658188356,0.11448490961373137,100,0,1
2014.05.27,01:43:45,0.04651734734550586,0.11478167682352722,-0.023464154327437314,0.0680076670150239,100,0,1
2014.05.28,01:43:45,0.0681992997307603,0.10449955598143759,0.035363029173695854,0.05861527249214333,100,0,1
2014.05.29,01:43:45,0.00612972811284355,0.041485006816725595,-0.06408539378337215,-0.04571581354009867,100,0,1
2014.05.30,01:43:45,0.07593368027997942,0.11969696241881138,0.018888452718963424,0.044483344735073066,100,0,1
2014.05.31,01:43:45,0.0705573581088129,0.12168180589254969,0.03840518413556583,0.09475345223344103,100,0,1
2014.06.01,01:43:45,0.037690181765708375,0.08229660016921715,0.02277444577110993,0.06730082620296612,100,0,1
2014.06.02,01:43:45,0.028374406896299633,0.08679554421044937,-0.04801868382510277,-0.04299495132431227,100,0,1
2014.06.03,01:43:45,0.03621075407984581,0.06699112797683378,-0.024615872802307814,0.020431025624770005,100,0,1
2014.06.04,01:43:45,0.05875132875175658,0.09731123148308204,0.0047947992441955065,0.02539295108194352,100,0,1
2014.06.05,01:43:45,0.10008565179010301,0.14332737146941976,0.04356182429502659,0.12702429843236812,100,0,1
2014.06.06,01:43:45,0.02661591655433087,0.07822070911686205,-0.02840228574280001,0.03178017083004506,100,0,1
2014.06.07,01:43:45,-0.017269408896922498,0.0008365191354151973,-0.07414349305854899,-0.06623527269267615,100,0,1
2014.06.08,01:43:45,-0.10836180583556566,-0.07246095764280801,-0.18311034090593625,-0.08420873168939383,100,0,1
2014.06.09,01:43:45,-0.08625114670230873,-0.0419378417735202,-0.14474353994440625,-0.051432791328927766,100,0,1
2014.06.10,01:43:45,-0.07884089857832738,-0.04469733450059335,-0.10857497857150387,-0.05214701113148283,100,0,1
2014.06.11,01:43:45,-0.10141490668228823,-0.060698039551053684,-0.1296308829144457,-0.1285852772836753,100,0,1
2014.06.12,01:43:45,-0.18130100438608707,-0.14788689673184593,-0.22045574575491805,-0.15226524956739595,100,0,1
2014.06.13,01:43:45,-0.11094024575495418,-0.10024775965609814,-0.14458162355319226,-0.11246825036547947,100,0,1
2014.06.14,01:43:45,-0.0570802312950681,-0.04778261498376822,-0.13876217820642298,-0.09193895177772571,100,0,1
2014.06.15,01:43:45,-0.02949764517420424,-0.009694621038808963,-0.045947278549913775,-0.04309656034556841,100,0,1
2014.06.16,01:43:45,-0.08541130558481828,-0.03627539438053427,-0.12650947520164202,-0.05651301642548619,100,0,1
2014.06.17,01:43:45,-0.12544521914480108,-0.0785488076338284,-0.17675574850073517,-0.11745430987197467,100,0,1
2014.06.18,01:43:45,-0.07327208378998576,-0.01134536114014107,-0.08511935648657581,-0.03842692143198138,100,0,1
2014.06.19,01:43:45,-0.03127970178441394,0.03484834280076487,-0.07208297261936442,-0.00527480098999096,100,0,1
2014.06.20,01:43:45,-0.01586597213030536,0.022207753086659367,-0.05641964257018478,-0.021911965762502886,100,0,1
2014.06.21,01:43:45,-0.04328887392572156,0.01460274869851097,-0.07989504702183176,-0.04448589633408268,100,0,1
2014.06.22,01:43:45,0.03407398294648965,0.0888733661640132,-0.0038726891911892297,0.01653277654396722,100,0,1
2014.06.23,01:43:45,0.03334424165381388,0.08171121531814432,0.004168856401739189,0.01316933025038785,100,0,1
2014.06.24,01:43:45,-0.0706247311921442,-0.02757424042314375,-0.09559325097589849,-0.0900720483496373,100,0,1
2014.06.25,01:43:45,0.06903747082271877,0.11338899169052663,0.02703534005156004,0.04828691192949715,100,0,1
2014.06.26,01:43:45,0.14820406813218998,0.18804982040939672,0.0849599178498304,0.14139810522540622,100,0,1
2014.06.27,01:43:45,0.14483240341893294,0.17745491796873014,0.06569945931811344,0.12589052112765833,100,0,1
2014.06.28,01:43:45,0.13045241962306395,0.18381061073475286,0.07480848579550364,0.10440098580727679,100,0,1
2014.06.29,01:43:45,0.06634983354678055,0.09714392703913026,0.04516849030223705,0.05100858757317621,100,0,1
2014.06.30,01:43:45,0.10235417505784113,0.18912931969674035,0.07233600520915767,0.1535067897738533,100,0,1
2014.07.01,01:43:45,0.14923617948200946,0.1888468543782565,0.07044281979518682,0.13633040007516967,100,0,1
2014.07.02,01:43:45,0.23290045063719614,0.2898108883667242,0.20361953875073027,0.23720363620134946,100,0,1
2014.07.03,01:43:45,0.25523778364852756,0.2900823001148096,0.18965543112410532,0.2396418402765297,100,0,1
2014.07.04,01:43:45,0.21163760463605916,0.2426092199094339,0.1518292856960152,0.21537513194497326,100,0,1
2014.07.05,01:43:45,0.21540120842854477,0.26751645248453704,0.14935087682732812,0.22153784264260606,100,0,1
2014.07.06,01:43:45,0.19965050652607827,0.2263435298749949,0.14118553277600204,0.15460794611334366,100,0,1
2014.07.07,01:43:45,0.22975683043466333,0.2554626602918527,0.20400127622144168,0.2268696264586734,100,0,1
2014.07.08,01:43:45,0.16010941324944714,0.19547356367702629,0.13054565264752954,0.1597400258378737,100,0,1
2014.07.09,01:43:45,0.10671592845808868,0.1899640475810975,0.07810781229512062,0.12012367329222337,100,0,1
2014.07.10,01:43:45,0.12199441359218186,0.18744651121041606,0.0835581045904723,0.09577267420296023,100,0,1
2014.07.11,01:43:45,0.057178875778941415,0.12502151047596455,-0.005417204454568378,0.014181850743328686,100,0,1
2014.07.12,01:43:45,0.13433301967266523,0.1373817787041344,0.09994193478988031,0.10027209294943752,100,0,1
2014.07.13,01:43:45,0.1575414203215733,0.19630069187276133,0.11105397487018384,0.12217801285630633,100,0,1
2014.07.14,01:43:45,0.1308069349728988,0.20375608044971688,0.11880481783387248,0.13249199880461887,100,0,1
2014.07.15,01:43:45,0.1448791204425061,0.2687939505627882,0.08813931839316283,0.15880065350197525,100,0,1
2014.07.16,01:43:45,0.07645853273925847,0.13308876797009653,0.024649076724423076,0.042350862123863534,100,0,1
2014.07.17,01:43:45,0.06387644404986378,0.10951181580629918,0.016411007055064826,0.06805925557138817,100,0,1
2014.07.18,01:43:45,0.05388213965903303,0.08872807446191633,0.040575530806798245,0.08865895024403911,100,0,1
2014.07.19,01:43:45,0.03777941858360425,0.08848176232181018,-0.016838176295863913,0.03882664425989202,100,0,1
2014.07.20,01:43:45,0.036490547939223524,0.08016246347406776,-0.036661211606628184,-0.030665211926437702,100,0,1
2014.07.21,01:43:45,0.06509184559038386,0.14237947998548964,-0.015293292303034431,0.06903639380003099,100,0,1
2014.07.22,01:43:45,0.037525922656466267,0.0790415523523521,-0.010174251814676842,0.0021763993694806794,100,0,1
2014.07.23,01:43:45,0.030355786043200782,0.09155296857002572,-0.01780451452048171,0.03028802003399188,100,0,1
2014.07.24,01:43:45,-0.07639680320102396,-0.013941362602357371,-0.15839817539807802,-0.09256427919281782,100,0,1
2014.07.25,01:43:45,-0.031015808424765954,0.014380111328971396,-0.08293364269830347,-0.061025127047445754,100,0,1
2014.07.26,01:43:45,-0.018694575069518365,0.018812321546844358,-0.049558396571089874,-0.010711858625590175,100,0,1
2014.07.27,01:43:45,-0.04412323791472719,0.03615606877869661,-0.10863123596366049,0.020606699540138176,100,0,1
2014.07.28,01:43:45,-0.14928957514740185,-0.09592978229962763,-0.1744848566490752,-0.10916990886391327,100,0,1
2014.07.29,01:43:45,-0.12730571969048152,-0.09979190943512958,-0.1305759050056149,-0.12267737288703115,100,0,1
2014.07.30,01:43:45,-0.21707447513121664,-0.132162433768142,-0.2808527497314835,-0.173869965897484,100,0,1
2014.07.31,01:43:45,-0.20105830181508494,-0.17234228279454838,-0.25552237699774244,-0.19982999299787413,100,0,1
2014.08.01,01:43:45,-0.1869754866839492,-0.11992532431312261,-0.23218909723636524,-0.22148568893332585,100,0,1
2014.08.02,01:43:45,-0.16778257513808292,-0.09425668372045613,-0.1907894725944849,-0.12634185202345116,100,0,1
2014.08.03,01:43:45,-0.13348454649308217,-0.03700662863847887,-0.2154781991095831,-0.0549939252576013,100,0,1
2014.08.04,01:43:45,-0.11851279650151722,-0.07957875821036633,-0.18210346355767307,-0.09040493955937376,100,0,1
2014.08.05,01:43:45,-0.13411483326349033,-0.09478082215834893,-0.1952412251842527,-0.15207101817132923,100,0,1
2014.08.06,01:43:45,-0.032757306222234536,0.031225540437377367,-0.10030642429508285,-0.0010841035036403962,100,0,1
2014.08.07,01:43:45,-0.07338652855758708,-0.03529597905190616,-0.12176561921181517,-0.12019092971091756,100,0,1
2014.08.08,01:43:45,-0.0679901545507664,-0.051109999465768406,-0.13195157669412544,-0.12106878406709194,100,0,1
2014.08.09,01:43:45,-0.0031847217437727497,0.016497361327338762,-0.07370122772396306,-0.040978790207623246,100,0,1
2014.08.10,01:43:45,0.022124670921104574,0.07226907595454024,-0.04385728160387,0.011639909376456169,100,0,1
2014.08.11,01:43:45,0.05982755066895191,0.10851457472222908,-0.008089409733908044,0.05582984102379531,100,0,1
2014.08.12,01:43:45,0.12055843012150336,0.1815519357822436,0.09625062583164345,0.16869032973098072,100,0,1
2014.08.13,01:43:45,0.18378777172312183,0.2310475492646706,0.11310294248281798,0.1638233763902785,100,0,1
2014.08.14,01:43:45,0.11289773515628349,0.1626019051197976,0.0698307032965878,0.10786641379711093,100,0,1
2014.08.15,01:43:45,0.04576177108001782,0.11273078448736124,-0.035199384342674805,-0.020339400783513276,100,0,1
2014.08.16,01:43:45,0.12287638222541218,0.15481081356861948,0.0968356131694434,0.10434394300620374,100,0,1
2014.08.17,01:43:45,0.110333115512851,0.11758025699766725,0.018393462697654045,0.0417017322584781,100,0,1
2014.08.18,01:43:45,0.10052615775311999,0.1422021639537366,0.049178416755689375,0.07652460137087977,100,0,1
2014.08.19,01:43:45,0.1272986388456717,0.1507446878160959,0.04060164968992645,0.061942684997552316,100,0,1
2014.08.20,01:43:45,0.1338373141983274,0.16312473842348416,0.07844423677662407,0.12495421004200602,100,0,1
2014.08.21,01:43:45,0.1296157152443766,0.19141361727632442,0.09027477453417708,0.18093165381240367,100,0,1
2014.08.22,01:43:45,0.15175831215325927,0.1889405925800392,0.08212678566706824,0.09235719419889302,100,0,1
2014.08.23,01:43:45,0.1682239120826149,0.252129465573666,0.09811032540864352,0.22893730228660314,100,0,1
2014.08.24,01:43:45,0.2322276274539715,0.26758762651164597,0.19642634128624667,0.25544082374583,100,0,1
2014.08.25,01:43:45,0.17434339091180792,0.20627036863749493,0.09812164806264198,0.14164279021706722,100,0,1
2014.08.26,01:43:45,0.12118000681843374,0.1393905245543925,0.0687876563338648,0.1324665030387376,100,0,1
2014.08.27,01:43:45,0.10974706637024723,0.19121075664990328,0.07550386495146263,0.10775274053514008,100,0,1
2014.08.28,01:43:45,0.08770109544088078,0.14279350167586877,0.050896369327185303,0.13770393995418062,100,0,1
2014.08.29,01:43:45,0.049144868115826405,0.09206487860357809,0.0110509043863848,0.03516364767912798,100,0,1
2014.08.30,01:43:45,-0.03850593681970612,0.016480292513923217,-0.08480329423271454,-0.020609160613898517,100,0,1
2014.08.31,01:43:45,-0.04109816947468666,0.02026819066999435,-0.04851589557931208,-0.034548417519724255,100,0,1
2014.09.01,01:43:45,-0.08502136967154783,0.0018391599648948653,-0.12388221618347198,-0.031762169864519255,100,0,1
2014.09.02,01:43:45,-0.10621026413884656,-0.06942522852522462,-0.13294519701891105,-0.10643666545633786,100,0,1
2014.09.03,01:43:45,-0.12500480644810488,-0.05663202600009108,-0.15314701046834273,-0.12237551310410727,100,0,1
2014.09.04,01:43:45,-0.1318253849109464,-0.07556427912972558,-0.19883302837002048,-0.17697642435117045,100,0,1
2014.09.05,01:43:45,-0.06474084027375723,-0.03258166531476399,-0.1400641615463683,-0.03912180109367107,100,0,1
2014.09.06,01:43:45,-0.12866455669662913,-0.07254329313364141,-0.21115864985147792,-0.20240535627501607,100,0,1
2014.09.07,01:43:45,-0.16645954291452508,-0.09849608370839531,-0.23505995975359076,-0.2179738754073083,100,0,1
2014.09.08,01:43:45,-0.24918964308227623,-0.19524581903124882,-0.3086143967880035,-0.26143671042482663,100,0,1
2014.09.09,01:43:45,-0.2920436665607598,-0.2455998096319416,-0.34747115794191624,-0.3133132294631001,100,0,1
2014.09.10,01:43:45,-0.2643188898780837,-0.2140432508767538,-0.3146340590103824,-0.24707232647385374,100,0,1
2014.09.11,01:43:45,-0.2135686218983752,-0.14208975361913537,-0.21760823467886484,-0.19211987843099868,100,0,1
2014.09.12,01:43:45,-0.14982955426260966,-0.0951134307131274,-0.17613574382309868,-0.14451759479754117,100,0,1
2014.09.13,01:43:45,-0.09633109644270357,-0.0336383408031527,-0.12583320203947704,-0.07268849953805115,100,0,1
2014.09.14,01:43:45,-0.145449283235254,-0.09471440860467786,-0.1742730175506889,-0.09775648121546028,100,0,1
2014.09.15,01:43:45,-0.22089364844285364,-0.18031893561476292,-0.2847994275305378,-0.25535735123488135,100,0,1
2014.09.16,01:43:45,-0.2179804344378782,-0.1512147398800385,-0.27582094158715137,-0.1673037492925854,100,0,1
2014.09.17,01:43:45,-0.24373504267709342,-0.15690080280743385,-0.31824424310753613,-0.2976200505246527,100,0,1
2014.09.18,01:43:45,-0.16250831459478457,-0.115900759116423,-0.2209019086200651,-0.19553910352260565,100,0,1
2014.09.19,01:43:45,-0.2617626342091921,-0.22092032405530165,-0.31939479909820184,-0.29124986396538843,100,0,1
2014.09.20,01:43:45,-0.16293008697518652,-0.09347571782832247,-0.21722243226923027,-0.17449574088324343,100,0,1
2014.09.21,01:43:45,-0.2297159821823506,-0.15103571887864142,-0.2771298394029304,-0.25232933310523953,100,0,1
2014.09.22,01:43:45,-0.15248865549334542,-0.08372224660097267,-0.19529526200534872,-0.13623470263741638,100,0,1
2014.09.23,01:43:45,-0.19681676269444906,-0.14010028073762698,-0.27353584336540326,-0.16885981228145408,100,0,1
2014.09.24,01:43:45,-0.1061237671987596,-0.054855150436293375,-0.13196241311118426,-0.08411108240921257,100,0,1
2014.09.25,01:43:45,-0.08439626966092828,-0.045296785392568165,-0.1393625611665673,-0.05256296952969407,100,0,1
2014.09.26,01:43:45,-0.03993470834299941,1.383787951524107e-06,-0.07738600249315547,-0.0763317323706945,100,0,1
2014.09.27,01:43:45,-0.10219491847853651,-0.07322197612119709,-0.18723782113970683,-0.1795471959493755,100,0,1
2014.09.28,01:43:45,-0.09769631191288264,-0.0490662002929987,-0.1794356376209515,-0.14443653675626938,100,0,1
2014.09.29,01:43:45,-0.07827905921862963,-0.03535903952559624,-0.13605161507772143,-0.13527320487608113,100,0,1
2014.09.30,01:43:45,-0.14824869621436332,-0.11783082253973277,-0.19417413076176152,-0.16224396381045203,100,0,1
2014.10.01,01:43:45,-0.07241411360121568,-0.0023612746376280996,-0.11757793481899423,-0.06550945880977241,100,0,1
2014.10.02,01:43:45,-0.030842573648213426,-0.009459262355584485,-0.03416731742610988,-0.022657386521974618,100,0,1
2014.10.03,01:43:45,-0.11966549173669862,-0.08451337690408911,-0.2001592221740617,-0.10269925348289537,100,0,1
2014.10.04,01:43:45,-0.1720840998547753,-0.12189614440747795,-0.2170748448656555,-0.20039346649455747,100,0,1
2014.10.05,01:43:45,-0.19439010302761478,-0.15959244811858206,-0.2620239553237057,-0.2315228881425021,100,0,1
2014.10.06,01:43:45,-0.26830078385953154,-0.20186320190419663,-0.31975477790197226,-0.29831010970036836,100,0,1
2014.10.07,01:43:45,-0.21610909544922446,-0.13448117988841965,-0.2528685035505432,-0.1896337595044045,100,0,1
2014.10.08,01:43:45,-0.21413619217375304,-0.1721946422281393,-0.2966454944870222,-0.22992763593901241,100,0,1
2014.10.09,01:43:45,-0.19123588046574644,-0.12562707726857708,-0.23987127680655004,-0.13393689477465304,100,0,1
2014.10.10,01:43:45,-0.12063095649240707,-0.06272517850513257,-0.16410463388434726,-0.07587996048343164,100,0,1
2014.10.11,01:43:45,-0.05286527402911029,0.006567124615973308,-0.09968022832786995,0.003736396866828695,100,0,1
2014.10.12,01:43:45,-0.1420327868055888,-0.11327862588996204,-0.17241786815088703,-0.1645070851462432,100,0,1
2014.10.13,01:43:45,-0.07190974252599826,-0.05610911649219972,-0.15649155627661265,-0.13542925504288958,100,0,1
2014.10.14,01:43:45,-0.020782373169972654,0.03468773663006589,-0.08045085244188335,-0.003627997438081995,100,0,1
2014.10.15,01:43:45,0.06592209820661907,0.11891034512042024,0.006770881747520711,0.009056818032067523,100,0,1
2014.10.16,01:43:45,0.07628702416168166,0.14753401489905454,0.029403716466543856,0.09626267929357865,100,0,1
2014.10.17,01:43:45,0.09835244876569063,0.17057319871634224,0.06214903786480733,0.15162822956764865,100,0,1
2014.10.18,01:43:45,0.09471716362146626,0.12514845161965296,0.04395051130731801,0.08532644142184054,100,0,1
2014.10.19,01:43:45,-0.008737690686790566,0.02366815960210359,-0.07697855313399231,-0.012556976653485721,100,0,1
2014.10.20,01:43:45,-0.12472246254594278,-0.10131507567938172,-0.16024938838310937,-0.11685115876604257,100,0,1
2014.10.21,01:43:45,-0.08692262025730849,-0.02289788475386284,-0.1128226886235326,-0.08061371331712579,100,0,1
2014.10.22,01:43:45,-0.11080142800293039,-0.075364579945962,-0.14483311268821253,-0.14194908817289278,100,0,1
2014.10.23,01:43:45,-0.1681526623211,-0.1416990884944282,-0.25720861212154666,-0.2147897717010795,100,0,1
2014.10.24,01:43:45,-0.14246735838682534,-0.1379644145550699,-0.1963697902132158,-0.18432412468940162,100,0,1
2014.10.25,01:43:45,-0.21017479227016034,-0.18274725234025457,-0.274233503418856,-0.27199446847316416,100,0,1
2014.10.26,01:43:45,-0.2131260869275759,-0.15650825319478373,-0.28657243952783384,-0.1960376528286413,100,0,1
2014.10.27,01:43:45,-0.2082827716448222,-0.13955037148301963,-0.2367333473568712,-0.15603590300824532,100,0,1
2014.10.28,01:43:45,-0.20348638376873954,-0.16067742389318002,-0.2540062674682415,-0.16093273748968123,100,0,1
2014.10.29,01:43:45,-0.2544813839485844,-0.1909497232591575,-0.30445752699049244,-0.2766308672246576,100,0,1
2014.10.30,01:43:45,-0.26602046610101926,-0.20615917298967668,-0.3184500987281761,-0.2714631055524857,100,0,1
2014.10.31,01:43:45,-0.2715068710290122,-0.2501266278444406,-0.3124124727106853,-0.30886415294706204,100,0,1
2014.11.01,01:43:45,-0.24976857043345635,-0.19228730238400218,-0.33670108802226373,-0.3064125065723528,100,0,1
2014.11.02,01:43:45,-0.2976821888766508,-0.24143325381193814,-0.31928062126516754,-0.2510831150720084,100,0,1
2014.11.03,01:43:45,-0.3741578190142218,-0.33399155524765023,-0.38115289627681315,-0.35791739508358217,100,0,1
2014.11.04,01:43:45,-0.396839510211986,-0.32882100691384303,-0.4717676988527045,-0.45554286965838614,100,0,1
2014.11.05,01:43:45,-0.3963610996831886,-0.30679403451688836,-0.43246721804689375,-0.37178680684666365,100,0,1
2014.11.06,01:43:45,-0.36409467209182805,-0.3072617094445928,-0.39526326964860564,-0.33811697536256413,100,0,1
2014.11.07,01:43:45,-0.4399062230004313,-0.4008406875052217,-0.49644685444775694,-0.4476865833433076,100,0,1
2014.11.08,01:43:45,-0.4102806186331491,-0.3592393861645645,-0.4609386300160869,-0.42062221993635085,100,0,1
2014.11.09,01:43:45,-0.4532514728972239,-0.41473700844341366,-0.5018630774434466,-0.4797426402424138,100,0,1
2014.11.10,01:43:45,-0.4477015327228142,-0.38774145219625866,-0.5360126921562901,-0.4719232346823014,100,0,1
2014.11.11,01:43:45,-0.5198107107335022,-0.47574040125629835,-0.5551896090664926,-0.49966616072054754,100,0,1
2014.11.12,01:43:45,-0.3979803983064377,-0.3227285146750839,-0.4466359768037673,-0.39925409735745526,100,0,1
2014.11.13,01:43:45,-0.4472939645195855,-0.37842160827833027,-0.504602423525624,-0.4001195480196895,100,0,1
2014.11.14,01:43:45,-0.42446108347999134,-0.3493972859824628,-0.4909739535619607,-0.40243471548421195,100,0,1
2014.11.15,01:43:45,-0.448667520073517,-0.4118387953273976,-0.5188237847605566,-0.5070956081031359,100,0,1
2014.11.16,01:43:45,-0.39605725837554623,-0.36150172714884515,-0.44873086626279,-0.38103760518134183,100,0,1
2014.11.17,01:43:45,-0.3940234001186428,-0.32192876304958357,-0.4359199267155078,-0.39709726403871,100,0,1
2014.11.18,01:43:45,-0.4397893606490112,-0.3870572838287998,-0.4923060768897315,-0.4558022189746165,100,0,1
2014.11.19,01:43:45,-0.46287162291721407,-0.4258297402538581,-0.4941359793190523,-0.4413800060861395,100,0,1
2014.11.20,01:43:45,-0.4409139569195913,-0.37619993555873626,-0.4715614762528083,-0.4384510575158363,100,0,1
2014.11.21,01:43:45,-0.41940160378767133,-0.3510504808027921,-0.4513232848227017,-0.39578799946245935,100,0,1
2014.11.22,01:43:45,-0.48703327611019,-0.4507340651322761,-0.515717197098429,-0.47069343825311516,100,0,1
2014.11.23,01:43:45,-0.48971620206284067,-0.41895294953305284,-0.5330371456928991,-0.5105004463566193,100,0,1
2014.11.24,01:43:45,-0.4744950381253018,-0.3884556541474097,-0.5449906276849834,-0.40174581957871636,100,0,1
2014.11.25,01:43:45,-0.46428919756864323,-0.38071240341623885,-0.47061727466116626,-0.45375500408067365,100,0,1
2014.11.26,01:43:45,-0.46832552956643925,-0.4114283355678491,-0.5283845837897132,-0.4394337007111415,100,0,1
2014.11.27,01:43:45,-0.4089692144975742,-0.3375422933941157,-0.4440867909706328,-0.3531998018165747,100,0,1
2014.11.28,01:43:45,-0.3485307076349418,-0.30233588109586873,-0.3943549864506114,-0.34694196062402616,100,0,1
2014.11.29,01:43:45,-0.2731195881139814,-0.22646806401010158,-0.32777713111225054,-0.3254066642836656,100,0,1
2014.11.30,01:43:45,-0.37350306974306224,-0.33975154858866735,-0.4077255883523944,-0.345506541002437,100,0,1
2014.12.01,01:43:45,-0.3926129664496625,-0.3467814453858063,-0.4278842004170928,-0.3667571160177653,100,0,1
2014.12.02,01:43:45,-0.34961971483907694,-0.27841652973317993,-0.39235205490408537,-0.3502425344093234,100,0,1
2014.12.03,01:43:45,-0.23269015400555748,-0.1703753733022715,-0.3237165973001125,-0.3203010249954864,100,0,1
2014.12.04,01:43:45,-0.2027942731598735,-0.12584449287190552,-0.2720714987030707,-0.18558665326445167,100,0,1
2014.12.05,01:43:45,-0.21180091436498535,-0.1643776058300193,-0.2230162929463282,-0.16552468615337085,100,0,1
2014.12.06,01:43:45,-0.21743304190800938,-0.16718781159347615,-0.2827395533294378,-0.2516254456409529,100,0,1
2014.12.07,01:43:45,-0.33935071634979835,-0.2961106033983173,-0.4052506387285973,-0.3750273607463121,100,0,1
2014.12.08,01:43:45,-0.4111774588500245,-0.3674556710785044,-0.4618875320655811,-0.37496378075372444,100,0,1
2014.12.09,01:43:45,-0.3675052611256187,-0.34469819851057665,-0.3732355053678412,-0.3451714996294052,100,0,1
2014.12.10,01:43:45,-0.3277806862887534,-0.2576736760879381,-0.40330129146574634,-0.31647471497673674,100,0,1
2014.12.11,01:43:45,-0.34389487237243743,-0.3111550261412592,-0.3610379432355447,-0.3515557511644518,100,0,1
2014.12.12,01:43:45,-0.4074420632844789,-0.3180276554799584,-0.45501088853589516,-0.3281837594663962,100,0,1
2014.12.13,01:43:45,-0.35977943064615436,-0.3278530959154681,-0.4131285821038907,-0.3822654473901627,100,0,1
2014.12.14,01:43:45,-0.2996802861305662,-0.25857065758223746,-0.3447089350662766,-0.3031329950491895,100,0,1
2014.12.15,01:43:45,-0.35973620021509023,-0.30366292736399897,-0.4183437569118336,-0.34683702413248285,100,0,1
2014.12.16,01:43:45,-0.3182213102011418,-0.27511273874298947,-0.37940722228660206,-0.2963227455138052,100,0,1
2014.12.17,01:43:45,-0.3030902005419211,-0.2925642360477984,-0.3765288478971432,-0.3400753241546014,100,0,1
2014.12.18,01:43:45,-0.29693133957185586,-0.24425825058087794,-0.3551944423763864,-0.30341035216823226,100,0,1
2014.12.19,01:43:45,-0.24563668847160539,-0.20029551074893037,-0.3320950784868919,-0.28383520710602544,100,0,1
2014.12.20,01:43:45,-0.2484522804636432,-0.18141156966704955,-0.2997377900243723,-0.27763361865466113,100,0,1
2014.12.21,01:43:45,-0.2662256118567217,-0.20764458498654248,-0.3329265701080423,-0.22813723214384796,100,0,1
2014.12.22,01:43:45,-0.3252804103758151,-0.2558733050094505,-0.3615313828888782,-0.3300161750605742,100,0,1
2014.12.23,01:43:45,-0.32043671465506185,-0.2295380229747609,-0.3264393452526441,-0.23448844433618055,100,0,1
2014.12.24,01:43:45,-0.36058169397380513,-0.3351696742454897,-0.41184429073572987,-0.35441923712105466,100,0,1
2014.12.25,01:43:45,-0.32093517373495634,-0.25226040415697504,-0.3583704070644505,-0.35753802840998566,100,0,1
2014.12.26,01:43:45,-0.32370489209551756,-0.26392816147088993,-0.33169035502069644,-0.31864173373886306,100,0,1
2014.12.27,01:43:45,-0.2859688833536794,-0.23191218355118468,-0.34735116827674367,-0.2877502740594779,100,0,1
2014.12.28,01:43:45,-0.2991333884763039,-0.2537453320396227,-0.37787601613285776,-0.313785201751819,100,0,1
2014.12.29,01:43:45,-0.21540523913267368,-0.15584269936769124,-0.2682365481816421,-0.23502401257554306,100,0,1
2014.12.30,01:43:45,-0.24691011948932512,-0.20846461811524836,-0.3074291600392423,-0.24639294220778912,100,0,1
2014.12.31,01:43:45,-0.20307046676805224,-0.1322068218920811,-0.23947484301039157,-0.19517738514844712,100,0,1
2015.01.01,01:43:45,-0.20649972032626834,-0.16198578285645143,-0.263462080348339,-0.2111424215220379,100,0,1
2015.01.02,01:43:45,-0.23797061691601784,-0.21309892270091454,-0.2619196946602121,-0.22588000835081243,100,0,1
2015.01.03,01:43:45,-0.17672443183455125,-0.1067566128373784,-0.2005271361871354,-0.1566248693945508,100,0,1
2015.01.04,01:43:45,-0.08319054243258098,-0.052396926250962095,-0.1112671063945108,-0.08968229004441725,100,0,1
2015.01.05,01:43:45,-0.07371146528798159,-0.004834542320691734,-0.12014190100210216,-0.08403280048540558,100,0,1
2015.01.06,01:43:45,-0.1752154487029566,-0.1639890031532065,-0.2037330137533228,-0.16444768851068484,100,0,1
2015.01.07,01:43:45,-0.11230369681316284,-0.06504907275610669,-0.20704692687189624,-0.1068904053057507,100,0,1
2015.01.08,01:43:45,-0.2037094954475654,-0.16619493083249715,-0.2579215127660026,-0.2531144957595533,100,0,1
2015.01.09,01:43:45,-0.2508443932361388,-0.20138810595788584,-0.3195170598118842,-0.28582474916549283,100,0,1
2015.01.10,01:43:45,-0.24732257125263535,-0.21460698899344313,-0.25135076699912606,-0.22953623471678195,100,0,1
2015.01.11,01:43:45,-0.22917684675581754,-0.17931999122215714,-0.3017957663086315,-0.2714846460945669,100,0,1
2015.01.12,01:43:45,-0.16952625204408206,-0.09646067101337147,-0.2304909066657398,-0.10863711046442422,100,0,1
2015.01.13,01:43:45,-0.1782819102165468,-0.11887373872462452,-0.20197027653854782,-0.1341163720290764,100,0,1
2015.01.14,01:43:45,-0.19713165147633702,-0.1533066393493655,-0.24645154275165687,-0.17524272838918864,100,0,1
2015.01.15,01:43:45,-0.058163401210102425,-0.005573071095027346,-0.13219199942202098,-0.11790793620104918,100,0,1
2015.01.16,01:43:45,-0.09714856885159148,-0.0053925067268239535,-0.13858117639516776,-0.0701324490600193,100,0,1
2015.01.17,01:43:45,-0.1763882885322909,-0.1312554307507101,-0.2303076571680702,-0.14558697652294633,100,0,1
2015.01.18,01:43:45,-0.23827417984968344,-0.16972808266762363,-0.255423805287517,-0.21273144972972693,100,0,1
2015.01.19,01:43:45,-0.2564915832849676,-0.22680938060928213,-0.2949476481836677,-0.2943559116154876,100,0,1
2015.01.20,01:43:45,-0.26785195303058434,-0.19517850857422717,-0.3230205821409064,-0.2211155095373526,100,0,1
2015.01.21,01:43:45,-0.28772266912707406,-0.2226386614599324,-0.34363841160310876,-0.33997170000360744,100,0,1
2015.01.22,01:43:45,-0.32211854996539363,-0.26689676138182944,-0.3606189289624466,-0.35794203664739466,100,0,1
2015.01.23,01:43:45,-0.28683899904891025,-0.24788737119570936,-0.3232591373268901,-0.291868499028645,100,0,1
2015.01.24,01:43:45,-0.26795060434895923,-0.19524443977527645,-0.3189799238001379,-0.2196519184668062,100,0,1
2015.01.25,01:43:45,-0.22418384994497847,-0.1339347697345717,-0.2604245995958304,-0.17753916339177273,100,0,1
2015.01.26,01:43:45,-0.1881108952870782,-0.12338515508112154,-0.22964900583254372,-0.1394439779989097,100,0,1
2015.01.27,01:43:45,-0.20757549092857774,-0.12847793624637766,-0.2573721899890144,-0.2151980071370947,100,0,1
2015.01.28,01:43:45,-0.17751473860673017,-0.13847434100984934,-0.21669480246225803,-0.18335168051515927,100,0,1
2015.01.29,01:43:45,-0.14986185014938652,-0.11376269511654286,-0.1806591126179742,-0.16607774349857773,100,0,1
2015.01.30,01:43:45,-0.13321565709561078,-0.11723787554048595,-0.18871380153799405,-0.14714564335508787,100,0,1
2015.01.31,01:43:45,-0.1955584557410944,-0.16699903713312242,-0.24053757442962526,-0.2175566284625968,100,0,1
2015.02.01,01:43:45,-0.21231540941799965,-0.1561119373938679,-0.274930467883043,-0.23582102160708351,100,0,1
2015.02.02,01:43:45,-0.26059774233949073,-0.2039758307070692,-0.30921000770149754,-0.24513891728348475,100,0,1
2015.02.03,01:43:45,-0.2333528218371188,-0.17236905752097437,-0.27998188097379273,-0.19563076648521102,100,0,1
2015.02.04,01:43:45,-0.19830858123433043,-0.14419928455180428,-0.2298602159976568,-0.17125417583802904,100,0,1
2015.02.05,01:43:45,-0.21036652955509844,-0.1562802119305451,-0.26509591132554483,-0.1857717970397338,100,0,1
2015.02.06,01:43:45,-0.16332343197699914,-0.11347039426709632,-0.20059285369854904,-0.15370395661249672,100,0,1
2015.02.07,01:43:45,-0.19306625521194276,-0.13513264360958266,-0.23508129096712949,-0.1389772044562194,100,0,1
2015.02.08,01:43:45,-0.18412387935887817,-0.11674897189147333,-0.24595039031306798,-0.12753117982369294,100,0,1
2015.02.09,01:43:45,-0.2595504061855748,-0.23448471970419865,-0.2991456455529012,-0.2553859325996394,100,0,1
2015.02.10,01:43:45,-0.2020786551683388,-0.1452170345461808,-0.24686148689382323,-0.23436471408679063,100,0,1
2015.02.11,01:43:45,-0.18722636999140563,-0.13514334798163713,-0.24057529099260153,-0.13705665356317986,100,0,1
2015.02.12,01:43:45,-0.27879074654260905,-0.23812232793117993,-0.3319497719184277,-0.2547579803070993,100,0,1
2015.02.13,01:43:45,-0.38708325570332847,-0.3325026075656383,-0.4343446084833028,-0.36307775410513304,100,0,1
2015.02.14,01:43:45,-0.41240192308176815,-0.36789749258953025,-0.4957296535807847,-0.4689883891943853,100,0,1
2015.02.15,01:43:45,-0.37332315225072976,-0.3145762127687722,-0.44148584554953907,-0.37465688777408074,100,0,1
2015.02.16,01:43:45,-0.4358465249355438,-0.399590492503818,-0.47910341099406656,-0.4365936701821404,100,0,1
2015.02.17,01:43:45,-0.40525819079006764,-0.3538034032053699,-0.454796847485636,-0.3550889948548592,100,0,1
2015.02.18,01:43:45,-0.4251079378731934,-0.34609123059226377,-0.4943018854481408,-0.3853172820953762,100,0,1
2015.02.19,01:43:45,-0.4301252636031171,-0.41586541770267016,-0.48076346990664254,-0.4488002533406198,100,0,1
2015.02.20,01:43:45,-0.4312867420479587,-0.40070041066933704,-0.48744110719818845,-0.410376386346964,100,0,1
2015.02.21,01:43:45,-0.5726410746440598,-0.502709503966149,-0.632593882308826,-0.5118100886318098,100,0,1
2015.02.22,01:43:45,-0.582083098699236,-0.5705230998288154,-0.6314094088279041,-0.6177121691080025,100,0,1
2015.02.23,01:43:45,-0.5483788459196814,-0.5194536175664599,-0.5906026125879456,-0.5382625583171695,100,0,1
2015.02.24,01:43:45,-0.6307337129506807,-0.5439404409083106,-0.6814482712707214,-0.6483731987384944,100,0,1
2015.02.25,01:43:45,-0.7363661801231236,-0.632891958791433,-0.7843345218430582,-0.6924200749000359,100,0,1
2015.02.26,01:43:45,-0.728095078499519,-0.6809487371436432,-0.7619239313066134,-0.7515834634426841,100,0,1
2015.02.27,01:43:45,-0.7147111658193162,-0.6541350479959767,-0.7737978605899647,-0.6591705704719802,100,0,1
2015.02.28,01:43:45,-0.7010998055238854,-0.6667704844468924,-0.7435201367442876,-0.6694432120754245,100,0,1
2015.03.01,01:43:45,-0.6109445093614617,-0.5488292608740225,-0.663690307533182,-0.5820793744578568,100,0,1
2015.03.02,01:43:45,-0.6573254208173509,-0.624067736705049,-0.702665919683519,-0.6363358777705701,100,0,1
2015.03.03,01:43:45,-0.7334117067245942,-0.6519354818774056,-0.7624103638141839,-0.6582269188162921,100,0,1
2015.03.04,01:43:45,-0.6905857790555239,-0.6187654006041511,-0.7169070959719706,-0.6887586287433829,100,0,1
2015.03.05,01:43:45,-0.5749516511217321,-0.5205434368748983,-0.6487551705870562,-0.6114659873919083,100,0,1
2015.03.06,01:43:45,-0.5625622130639604,-0.49461779146993834,-0.6769053101108701,-0.5692315279886493,100,0,1
2015.03.07,01:43:45,-0.6776226048064318,-0.5908204095109828,-0.7487903121862518,-0.649479017156395,100,0,1
2015.03.08,01:43:45,-0.6350624979338205,-0.5814935364050604,-0.6483229025026426,-0.6089669364341036,100,0,1
2015.03.09,01:43:45,-0.6549962808797986,-0.5982140325234421,-0.737631487443854,-0.6928549834828884,100,0,1
2015.03.10,01:43:45,-0.6559218776344843,-0.6005649122247088,-0.7205173489552787,-0.6952473415004705,100,0,1
2015.03.11,01:43:45,-0.5876080223068078,-0.5268595811857656,-0.6354049348372213,-0.6085863156832261,100,0,1
2015.03.12,01:43:45,-0.6573537828769327,-0.5927197979062095,-0.6953166706005898,-0.5945474788420979,100,0,1
2015.03.13,01:43:45,-0.6700127714006876,-0.6276084713935379,-0.7725351601909809,-0.7297944383521232,100,0,1
2015.03.14,01:43:45,-0.6892484610275245,-0.6739499816503539,-0.7787918319433724,-0.768982017050891,100,0,1
2015.03.15,01:43:45,-0.640799796172669,-0.5776815713034911,-0.7051868597457353,-0.6472392759517547,100,0,1
2015.03.16,01:43:45,-0.5660930437502308,-0.512297614037705,-0.6030121913560614,-0.5468433031307008,100,0,1
2015.03.17,01:43:45,-0.663278154692391,-0.6399682889439927,-0.6892917424944526,-0.6517758876167576,100,0,1
2015.03.18,01:43:45,-0.6296604728536795,-0.5832106810548409,-0.6597911956150548,-0.6521841106459899,100,0,1
2015.03.19,01:43:45,-0.603439056359784,-0.5328965659620394,-0.6525044440335391,-0.5500050793248072,100,0,1
2015.03.20,01:43:45,-0.6117809045535268,-0.5659491974357008,-0.6708120708533942,-0.5863587506458959,100,0,1
2015.03.21,01:43:45,-0.6834139779746954,-0.606794751083181,-0.7538087717958656,-0.6795097557661613,100,0,1
2015.03.22,01:43:45,-0.6662607658655079,-0.6053156758452226,-0.7090382764898546,-0.655114871614672,100,0,1
2015.03.23,01:43:45,-0.6863583724347455,-0.6234930100083949,-0.7376093739774097,-0.7142800338404378,100,0,1
2015.03.24,01:43:45,-0.6124527323845197,-0.5506231305079926,-0.6642699080162892,-0.5620121417667101,100,0,1
2015.03.25,01:43:45,-0.5706101775485386,-0.5240390512841205,-0.5975064641857887,-0.5544744587562197,100,0,1
2015.03.26,01:43:45,-0.5794131701118899,-0.5225624876890562,-0.6079267392512332,-0.574335540199538,100,0,1
2015.03.27,01:43:45,-0.5533307273696731,-0.5032771711764126,-0.6313906444288993,-0.5469112689667389,100,0,1
2015.03.28,01:43:45,-0.495558516337254,-0.48927849966028414,-0.5429368377251123,-0.5260266728773736,100,0,1
2015.03.29,01:43:45,-0.41380552807651994,-0.36598423416716697,-0.44095042506682386,-0.3925528286583335,100,0,1
2015.03.30,01:43:45,-0.37983064345943723,-0.35501519659227526,-0.43208760315404515,-0.40468420048066656,100,0,1
2015.03.31,01:43:45,-0.43458776892382656,-0.3565226695070884,-0.43704147060920456,-0.42398713062952614,100,0,1
2015.04.01,01:43:45,-0.5361921289980555,-0.49010352428587267,-0.5732929056954037,-0.5383672740035589,100,0,1
2015.04.02,01:43:45,-0.4957700679082009,-0.46444633989446493,-0.544179755904813,-0.4689862780443638,100,0,1
2015.04.03,01:43:45,-0.5313206460590553,-0.503160938913183,-0.6162639381300404,-0.5215405547533649,100,0,1
2015.04.04,01:43:45,-0.45446783112720174,-0.38304064424285444,-0.4633568262799917,-0.40336006236760635,100,0,1
2015.04.05,01:43:45,-0.368547204888708,-0.3329248662652792,-0.41529392114340086,-0.3385026573360023,100,0,1
2015.04.06,01:43:45,-0.32876742014957633,-0.28517491111603255,-0.3544831722400573,-0.3529706070204109,100,0,1
2015.04.07,01:43:45,-0.4399220754331201,-0.3564305021506402,-0.48601777885403885,-0.45503144523290073,100,0,1
2015.04.08,01:43:45,-0.3482671719470663,-0.282401276927691,-0.3648908439093927,-0.35158128449787707,100,0,1
2015.04.09,01:43:45,-0.42512164396162927,-0.3574329020588568,-0.45823388336681303,-0.40190800514806835,100,0,1
2015.04.10,01:43:45,-0.4630831635560388,-0.41449912126974037,-0.49719594930224925,-0.49069318581315885,100,0,1
2015.04.11,01:43:45,-0.473417693647281,-0.41703786417044947,-0.5250829327166935,-0.45530869131963914,100,0,1
2015.04.12,01:43:45,-0.4722525703991106,-0.40997895667084977,-0.48948038606269667,-0.4757940834559076,100,0,1
2015.04.13,01:43:45,-0.37870396770502357,-0.3525293406078587,-0.431324362843613,-0.384560380226659,100,0,1
2015.04.14,01:43:45,-0.4264482407681063,-0.36397851232900397,-0.48614917673982,-0.39783243703220517,100,0,1
2015.04.15,01:43:45,-0.4628252571459658,-0.3987216152782603,-0.5467931472174123,-0.5274978401860568,100,0,1
2015.04.16,01:43:45,-0.42970910425130193,-0.3484400918041972,-0.47252980807145106,-0.3899135303748154,100,0,1
2015.04.17,01:43:45,-0.3983233400392512,-0.33049171964589563,-0.43203306717460344,-0.35760245864658025,100,0,1
2015.04.18,01:43:45,-0.37550365817813924,-0.2738000336407229,-0.4380449429877193,-0.4247748290677783,100,0,1
2015.04.19,01:43:45,-0.30260829940381395,-0.25749582340306304,-0.30873988448905626,-0.288409516939876,100,0,1
2015.04.20,01:43:45,-0.3321852597378731,-0.2796286157325191,-0.3986331085999433,-0.3503075520895717,100,0,1
2015.04.21,01:43:45,-0.3722706485253474,-0.34965289577131325,-0.4015314509682021,-0.39987268877814763,100,0,1
2015.04.22,01:43:45,-0.3876831265711182,-0.3354980311757588,-0.43192376631730234,-0.38885477967622595,100,0,1
2015.04.23,01:43:45,-0.36055043856276375,-0.3386293845986733,-0.4254676834325401,-0.388647534883064,100,0,1
2015.04.24,01:43:45,-0.25677225277016924,-0.19613127447848006,-0.29592617255715353,-0.22002104606102596,100,0,1
2015.04.25,01:43:45,-0.2719344363214832,-0.23471908581828965,-0.30866289430360194,-0.23473254813514105,100,0,1
2015.04.26,01:43:45,-0.34523632843344876,-0.294613205901528,-0.39235839626974645,-0.3107062772197854,100,0,1
2015.04.27,01:43:45,-0.3701524054610823,-0.33234045975029913,-0.4216234454249357,-0.38083363464069486,100,0,1
2015.04.28,01:43:45,-0.41631560186020006,-0.3430987958654152,-0.4439937176868133,-0.3493576522249575,100,0,1
2015.04.29,01:43:45,-0.38498191030541246,-0.34999137638985983,-0.419034918000557,-0.4174374540270794,100,0,1
2015.04.30,01:43:45,-0.3298848196159214,-0.29937941332090595,-0.3495347430362948,-0.3071331517188802,100,0,1
2015.05.01,01:43:45,-0.2625690710010101,-0.17166314423799256,-0.3233947517734553,-0.2641397039895944,100,0,1
2015.05.02,01:43:45,-0.26498320711279894,-0.24514057346898427,-0.3305453019167057,-0.3232269790166623,100,0,1
2015.05.03,01:43:45,-0.2876680032088471,-0.23257400008467177,-0.3139105075406099,-0.28712558811269084,100,0,1
2015.05.04,01:43:45,-0.24568291091521835,-0.18608261271618556,-0.2676720797598569,-0.20049271346726696,100,0,1
2015.05.05,01:43:45,-0.19425387134800573,-0.161737450727159,-0.23033508915434184,-0.1862214437688908,100,0,1
2015.05.06,01:43:45,-0.15026552042315142,-0.11553933632088986,-0.18789632602939385,-0.1335130592930166,100,0,1
2015.05.07,01:43:45,-0.12685416468341532,-0.0977304690002995,-0.17122998726949756,-0.11838253009331973,100,0,1
2015.05.08,01:43:45,-0.20297739784878216,-0.14337616463770333,-0.2526284561162587,-0.19775442803007126,100,0,1
2015.05.09,01:43:45,-0.13093199583377718,-0.09280753337083365,-0.13514592011695306,-0.10458550273662624,100,0,1
2015.05.10,01:43:45,-0.2068948387740387,-0.1830139077997896,-0.28763413543167476,-0.2560947545291093,100,0,1
2015.05.11,01:43:45,-0.22165289514088532,-0.18730058712519507,-0.2765758741806225,-0.23025028480984172,100,0,1
2015.05.12,01:43:45,-0.26008085835184935,-0.21460386213258908,-0.2700447114427556,-0.2311981806608846,100,0,1
2015.05.13,01:43:45,-0.35822022251659036,-0.31007761460058253,-0.41088993026907644,-0.4096463478384816,100,0,1
2015.05.14,01:43:45,-0.31265094481982225,-0.2726829218284757,-0.36125542000529637,-0.27470721181420454,100,0,1
2015.05.15,01:43:45,-0.3539419307118428,-0.2904072296349054,-0.421804050300821,-0.3159178818851619,100,0,1
2015.05.16,01:43:45,-0.2580381383199675,-0.158054745540684,-0.30713504755877985,-0.2796866605606055,100,0,1
2015.05.17,01:43:45,-0.3238871502759332,-0.2974435847411766,-0.3703775217189869,-0.33434276166575067,100,0,1
2015.05.18,01:43:45,-0.3172421880614139,-0.29292043255393213,-0.37364650108108466,-0.3008691287702991,100,0,1
2015.05.19,01:43:45,-0.4471210395911181,-0.40015362908655244,-0.4734592741202492,-0.44385909169413795,100,0,1
2015.05.20,01:43:45,-0.42913306018927483,-0.36490585127919045,-0.50910221836088,-0.46179859321343275,100,0,1
2015.05.21,01:43:45,-0.40525837424640276,-0.37468444888210717,-0.4435297711467926,-0.392652893995759,100,0,1
2015.05.22,01:43:45,-0.40160827879724453,-0.34784534383618193,-0.44723464938151836,-0.40721197487810623,100,0,1
2015.05.23,01:43:45,-0.45080976641661985,-0.4049452847570358,-0.5103569584378438,-0.41113835800921034,100,0,1
2015.05.24,01:43:45,-0.4947989488228866,-0.4748112557485158,-0.5520126516488717,-0.48941072776209715,100,0,1
2015.05.25,01:43:45,-0.5645334784627721,-0.49923981221925917,-0.6121409999615851,-0.5963816689894035,100,0,1
2015.05.26,01:43:45,-0.5871069766362682,-0.5216253054694122,-0.652718024369019,-0.636214091618024,100,0,1
2015.05.27,01:43:45,-0.5518857213586208,-0.47602814266276783,-0.5622044715241007,-0.481972096452868,100,0,1
2015.05.28,01:43:45,-0.5410978551779115,-0.4911940229432331,-0.6173351683796863,-0.4912459810405097,100,0,1
2015.05.29,01:43:45,-0.557185871665721,-0.5430459121567448,-0.6058243851485993,-0.5764788398211146,100,0,1
2015.05.30,01:43:45,-0.6054951431391155,-0.5522325630367065,-0.6508246796252435,-0.6445833886447302,100,0,1
2015.05.31,01:43:45,-0.5142363335872113,-0.4845231422645637,-0.6085864862061383,-0.5445242062196403,100,0,1
2015.06.01,01:43:45,-0.5860749012421408,-0.5474654215325144,-0.6170615772296939,-0.5628739332548983,100,0,1
2015.06.02,01:43:45,-0.5406661401225787,-0.4959638340803794,-0.5926957282473353,-0.5431819334595839,100,0,1
2015.06.03,01:43:45,-0.4779498326039569,-0.4256876937872641,-0.5206453173844815,-0.44593813402901306,100,0,1
2015.06.04,01:43:45,-0.47933688972183913,-0.4226895012364563,-0.5213596271182988,-0.5057728602449683,100,0,1
2015.06.05,01:43:45,-0.4933413044468863,-0.4366172140870555,-0.57646831964908,-0.5573709455754998,100,0,1
2015.06.06,01:43:45,-0.5711462861576972,-0.48057818996081414,-0.5895985080727421,-0.570749051489719,100,0,1
2015.06.07,01:43:45,-0.5726276537626874,-0.5157100693531806,-0.6344540517449139,-0.5907490683412229,100,0,1
2015.06.08,01:43:45,-0.5339084908653272,-0.5300649668873869,-0.5886333329240635,-0.5562439217148605,100,0,1
2015.06.09,01:43:45,-0.5375502394171786,-0.4840012322966665,-0.5916371874459394,-0.5487333500863111,100,0,1
2015.06.10,01:43:45,-0.5528663934154415,-0.4896845853408589,-0.6267086676048814,-0.5533264501512264,100,0,1
2015.06.11,01:43:45,-0.7061621271286744,-0.6704049092514256,-0.7561662002429653,-0.7094952277626216,100,0,1
2015.06.12,01:43:45,-0.7528354886541813,-0.6829300866491688,-0.8003832219885217,-0.7347427669552045,100,0,1
2015.06.13,01:43:45,-0.7556263683220954,-0.6786961257676785,-0.7891985543404272,-0.6884400339377575,100,0,1
2015.06.14,01:43:45,-0.8113655541929434,-0.7535173548353706,-0.8500448757965617,-0.8274800559394365,100,0,1
2015.06.15,01:43:45,-0.7737502225378466,-0.7288950331121782,-0.7831303211661703,-0.7513672614211618,100,0,1
2015.06.16,01:43:45,-0.8520580930463315,-0.8265972764507054,-0.9190805447293368,-0.9166756179708422,100,0,1
2015.06.17,01:43:45,-0.84933369452164,-0.7838737467078329,-0.8658292113493866,-0.8360091381764615,100,0,1
2015.06.18,01:43:45,-0.8469991477594159,-0.7729029695801363,-0.8562997599256874,-0.826733906891483,100,0,1
2015.06.19,01:43:45,-0.9204979038775957,-0.9062994415924953,-0.9624473997495234,-0.9541016956697949,100,0,1
2015.06.20,01:43:45,-0.834720931862316,-0.79369018383898,-0.884599486798585,-0.8467371396773468,100,0,1
2015.06.21,01:43:45,-0.7628660016833352,-0.6912488963214463,-0.8165914407593269,-0.7341816868685674,100,0,1
2015.06.22,01:43:45,-0.7452687962118734,-0.6719213703749141,-0.7861036182190144,-0.7045557709839068,100,0,1
2015.06.23,01:43:45,-0.7954446158373245,-0.722278868181443,-0.8459768422304146,-0.769740837543359,100,0,1
2015.06.24,01:43:45,-0.8066724136471859,-0.767965499979459,-0.8576173692428264,-0.8126369272884809,100,0,1
2015.06.25,01:43:45,-0.6995972427601733,-0.6449743660612506,-0.7543726638725181,-0.7136870844147435,100,0,1
2015.06.26,01:43:45,-0.8156780390289997,-0.7578976065255024,-0.861477426995315,-0.8203825301348399,100,0,1
2015.06.27,01:43:45,-0.7940305500248189,-0.7613110388089677,-0.8172894867498933,-0.7640503725702406,100,0,1
2015.06.28,01:43:45,-0.7326170060401441,-0.6811678664527848,-0.7682063795538138,-0.7667179826275256,100,0,1
2015.06.29,01:43:45,-0.6879350046059658,-0.6374368322674729,-0.7376912672889557,-0.7332796637368082,100,0,1
2015.06.30,01:43:45,-0.7124346768403679,-0.6337693328132086,-0.7447949389833601,-0.6696711394678636,100,0,1
2015.07.01,01:43:45,-0.6846905090517917,-0.6297087849723112,-0.730734483740093,-0.6593256967673252,100,0,1
2015.07.02,01:43:45,-0.6174048833278463,-0.5392081680887627,-0.6291576719730908,-0.5838156014503341,100,0,1
2015.07.03,01:43:45,-0.5464929127622793,-0.5200175808743747,-0.5627403412054081,-0.5464946116079756,100,0,1
2015.07.04,01:43:45,-0.5162058957910693,-0.4494370539105799,-0.5928327169471995,-0.5068070074847966,100,0,1
2015.07.05,01:43:45,-0.4826821364824651,-0.40800623012632536,-0.5477199505197492,-0.501868948920458,100,0,1
2015.07.06,01:43:45,-0.5277121978466467,-0.4766806394205414,-0.5626744169507908,-0.5223483254471928,100,0,1
2015.07.07,01:43:45,-0.6525641261688023,-0.5381813893368268,-0.7056482000474013,-0.6812744124743058,100,0,1
2015.07.08,01:43:45,-0.5654126525836246,-0.5036055909058885,-0.6394297547009642,-0.5339596398930642,100,0,1
2015.07.09,01:43:45,-0.6170492547016504,-0.5578511250451933,-0.6960491922580325,-0.5744552864660832,100,0,1
2015.07.10,01:43:45,-0.6677983429615362,-0.6181032264302918,-0.6815706421868133,-0.6582847261895168,100,0,1
2015.07.11,01:43:45,-0.6887594871805991,-0.6229973849489312,-0.7152538890040379,-0.6570234418765971,100,0,1
2015.07.12,01:43:45,-0.7647651087470743,-0.6962783793598628,-0.7678826158240745,-0.7222009776815556,100,0,1
2015.07.13,01:43:45,-0.7358912108365973,-0.6966648455887383,-0.7716369475258908,-0.711754782479352,100,0,1
2015.07.14,01:43:45,-0.7540652680319642,-0.6806715647108561,-0.8222345453783796,-0.694923921141917,100,0,1
2015.07.15,01:43:45,-0.7637481060161839,-0.7137546679361375,-0.8061892954365284,-0.7470272074457722,100,0,1
2015.07.16,01:43:45,-0.8241277991217292,-0.7621267716598352,-0.8841316808151457,-0.8084428235036948,100,0,1
2015.07.17,01:43:45,-0.8489063849313362,-0.7926321449076904,-0.9059577919267947,-0.8449958989314847,100,0,1
2015.07.18,01:43:45,-0.9683054003272983,-0.9197200385609019,-1.0335057597145911,-0.9679845701970611,100,0,1
2015.07.19,01:43:45,-1.0067457193039342,-0.9571023583061479,-1.1081436195620713,-1.017704524818204,100,0,1
2015.07.20,01:43:45,-1.0736085372410282,-1.0205372898271556,-1.1071583571459436,-1.0796342946384991,100,0,1
2015.07.21,01:43:45,-1.0353365674437005,-0.9691644901837726,-1.0842602809355741,-1.0249146635590758,100,0,1
2015.07.22,01:43:45,-1.0302103141268009,-0.9959082195159349,-1.1010203556949962,-1.030075901575446,100,0,1
2015.07.23,01:43:45,-1.0933752314094376,-1.047095284170621,-1.1621813989402692,-1.0642297658336048,100,0,1
2015.07.24,01:43:45,-1.0347008081572586,-1.0173691380099092,-1.069993223340637,-1.0492747244272032,100,0,1
2015.07.25,01:43:45,-0.9991987874794614,-0.9206179058415136,-1.0504973804041422,-0.9757132025143991,100,0,1
2015.07.26,01:43:45,-1.019335691382418,-0.9842834690590372,-1.080068668381439,-1.0197583207891034,100,0,1
2015.07.27,01:43:45,-1.0708233368854,-1.0067524764090863,-1.1595449307733705,-1.099218523904988,100,0,1
2015.07.28,01:43:45,-1.031477111136627,-0.9781922023839276,-1.0926953711152338,-0.9967667083784055,100,0,1
2015.07.29,01:43:45,-0.9954188982912997,-0.9382624432473814,-1.0510211023812153,-1.0503029574676896,100,0,1
2015.07.30,01:43:45,-1.0521565948382565,-0.9847743358950625,-1.0937547980385076,-1.0708186157656008,100,0,1
2015.07.31,01:43:45,-1.0551552491756007,-0.9919669650717149,-1.0672760308900504,-1.0618161168632578,100,0,1
2015.08.01,01:43:45,-0.9827045845072623,-0.9007848921795352,-1.0543659688039955,-1.0303336113292942,100,0,1
2015.08.02,01:43:45,-0.9529157611553888,-0.9010440002669303,-1.0275609162279309,-0.9089342439970824,100,0,1
2015.08.03,01:43:45,-0.9286243969528267,-0.8974826026439207,-0.9929003944933745,-0.9804433803196657,100,0,1
2015.08.04,01:43:45,-1.00324846260247,-0.9567371563204249,-1.0313272971641783,-0.962889525865089,100,0,1
2015.08.05,01:43:45,-0.9910752009483916,-0.9144190555464948,-1.0395963495045462,-1.0010642483688712,100,0,1
2015.08.06,01:43:45,-0.9920336422923371,-0.918369029412574,-1.0567104000510383,-0.9514346149246543,100,0,1
2015.08.07,01:43:45,-0.9970596957067681,-0.9148778405690995,-1.059317703466009,-1.0191564307227983,100,0,1
2015.08.08,01:43:45,-0.98131778167639,-0.8979444286212377,-1.0119202629658866,-0.9435307630339111,100,0,1
2015.08.09,01:43:45,-1.0065205229660403,-0.9328614527606283,-1.0573172320555368,-1.0438034978704744,100,0,1
2015.08.10,01:43:45,-1.006605898764183,-0.9480751796933057,-1.0525857149462285,-0.9617837591455849,100,0,1
2015.08.11,01:43:45,-1.0581666196992112,-1.0138800067741736,-1.1379173564958205,-1.0720077340396486,100,0,1
2015.08.12,01:43:45,-1.0194728918757912,-0.9525069197795882,-1.0575294756379205,-0.9547139865841479,100,0,1
2015.08.13,01:43:45,-0.9635070275343677,-0.9361630497226147,-1.0301250590666153,-0.9655939905921958,100,0,1
2015.08.14,01:43:45,-0.9180345121242953,-0.8560331556077636,-0.9742901422013022,-0.8823179335955522,100,0,1
2015.08.15,01:43:45,-0.920910896589323,-0.8754116064511428,-0.9962319731876136,-0.9833875339127911,100,0,1
2015.08.16,01:43:45,-0.8973666818537177,-0.833499780492256,-0.9117682915557229,-0.8952496031701207,100,0,1
2015.08.17,01:43:45,-0.8545376156781095,-0.8155256115848982,-0.909109389159924,-0.8833501634731435,100,0,1
2015.08.18,01:43:45,-0.8365751843638427,-0.7808215156810574,-0.9032996810179232,-0.8028846331973033,100,0,1
2015.08.19,01:43:45,-0.8550885748981607,-0.8149531075110905,-0.9168547985872537,-0.8358495571657567,100,0,1
2015.08.20,01:43:45,-0.9376301765386676,-0.8347895000427841,-0.9621231137250851,-0.9563011811699187,100,0,1
2015.08.21,01:43:45,-0.8314384522636428,-0.7666597371925131,-0.8914582203272801,-0.8246040013144863,100,0,1
2015.08.22,01:43:45,-0.8850759580464741,-0.8375239727419992,-0.9136350662969089,-0.8677073357824224,100,0,1
2015.08.23,01:43:45,-0.9291470539443718,-0.8952966706175878,-0.9621539651430355,-0.9343370419258769,100,0,1
2015.08.24,01:43:45,-0.9224916659665432,-0.9039443502284287,-0.9808279640658869,-0.9138973250784017,100,0,1
2015.08.25,01:43:45,-0.8876811809187073,-0.8520201804598092,-0.9338797021325871,-0.8981321366367966,100,0,1
2015.08.26,01:43:45,-0.88259276729849,-0.8310369244034131,-0.9440941741783413,-0.8731988925141316,100,0,1
2015.08.27,01:43:45,-0.8383669565247667,-0.8034685440433856,-0.8981040699036076,-0.8540919155121173,100,0,1
2015.08.28,01:43:45,-0.7944684998848217,-0.790125389595577,-0.8477992245892335,-0.811036432827202,100,0,1
2015.08.29,01:43:45,-0.8427592538865534,-0.7669069674655618,-0.8699639626578023,-0.8053244754538429,100,0,1
2015.08.30,01:43:45,-0.7730349807088277,-0.7526462684541769,-0.8175738485593806,-0.7811353486501971,100,0,1
2015.08.31,01:43:45,-0.775067015065246,-0.7317591615946658,-0.8469043185181795,-0.74848986678524,100,0,1
2015.09.01,01:43:45,-0.8957654149817321,-0.8250477492411971,-0.9980475959126556,-0.9246891409300695,100,0,1
2015.09.02,01:43:45,-0.845463383693173,-0.7832506947760677,-0.8705594655182018,-0.8219594540560958,100,0,1
2015.09.03,01:43:45,-0.8899861862198408,-0.8636139369500235,-0.9515447955390658,-0.9464343577752758,100,0,1
2015.09.04,01:43:45,-0.9595962727861131,-0.9229662498305269,-0.9930845904713137,-0.9694756863598479,100,0,1
2015.09.05,01:43:45,-0.9364636615961724,-0.9018571990269902,-0.9984562312463312,-0.9080913177037877,100,0,1
2015.09.06,01:43:45,-0.8986854182519998,-0.8415353350991581,-0.9320165987262161,-0.8483910123358936,100,0,1
2015.09.07,01:43:45,-0.8778580295623531,-0.8469900193452712,-0.9140354172382894,-0.8737431099129133,100,0,1
2015.09.08,01:43:45,-0.8960358852504822,-0.8390619207052604,-0.9441580991358222,-0.903727405728515,100,0,1
2015.09.09,01:43:45,-0.9357627233004897,-0.887910579870237,-0.9773628034456358,-0.9382992480769313,100,0,1
2015.09.10,01:43:45,-0.967310155549968,-0.9062842715210823,-1.0417888420311197,-1.0348284037160955,100,0,1
2015.09.11,01:43:45,-0.9984449661214554,-0.9487408765810736,-1.0346527425467982,-0.9537515992472588,100,0,1
2015.09.12,01:43:45,-0.9420035505544591,-0.8794797404060174,-0.9594558840492011,-0.8880232460539565,100,0,1
2015.09.13,01:43:45,-0.9407209685213979,-0.8752966105817306,-0.9868026092108334,-0.926348226632846,100,0,1
2015.09.14,01:43:45,-0.9893748986502572,-0.940646735832672,-1.1025133939116745,-0.9884393955271548,100,0,1
2015.09.15,01:43:45,-1.0009115546052487,-0.9584399345127879,-1.0402090139456863,-1.000960932992364,100,0,1
2015.09.16,01:43:45,-0.9956674074571131,-0.9422080560269952,-1.0391431025480806,-1.0158014214014728,100,0,1
2015.09.17,01:43:45,-0.9771941088566998,-0.9323986473462548,-1.0400578225689798,-1.0337977143445876,100,0,1
2015.09.18,01:43:45,-1.0425377355233645,-0.995894407243486,-1.0979035724286326,-1.07717945773623,100,0,1
2015.09.19,01:43:45,-1.0225551896111984,-0.985133907170333,-1.0517757641898102,-1.007286812001802,100,0,1
2015.09.20,01:43:45,-1.0487391006650442,-1.0387526034190888,-1.1128294862351478,-1.0498537138992563,100,0,1
2015.09.21,01:43:45,-1.0494981863843875,-0.9756911602060591,-1.0662438893230377,-1.0434661337748226,100,0,1
2015.09.22,01:43:45,-0.9661204342896874,-0.9108948809377484,-0.9858642459349334,-0.9612298209903621,100,0,1
2015.09.23,01:43:45,-0.967749365687446,-0.9072057600201984,-1.0042779234329118,-0.9594049486301783,100,0,1
2015.09.24,01:43:45,-0.9358263843548098,-0.8675476229211537,-1.001347208074032,-0.9681507734787902,100,0,1
2015.09.25,01:43:45,-0.9808163357672307,-0.9633353799239683,-1.0342770040847673,-1.0034075325513834,100,0,1
2015.09.26,01:43:45,-1.0421876058260173,-1.00801260226521,-1.0940277126810205,-1.0438271040333005,100,0,1
2015.09.27,01:43:45,-1.13987631796225,-1.0968106478064186,-1.1763094553454563,-1.1406360728177238,100,0,1
2015.09.28,01:43:45,-1.1364383974372658,-1.1088935520621326,-1.1859578315893307,-1.1451021236641141,100,0,1
2015.09.29,01:43:45,-1.1195794841550943,-1.0581243508302678,-1.1640781385015946,-1.1587068043263744,100,0,1
2015.09.30,01:43:45,-1.0805208086919131,-1.0204628587640932,-1.1584111111826505,-1.079118474251592,100,0,1
2015.10.01,01:43:45,-1.0838983070356423,-1.0384264874165894,-1.1515590666715205,-1.0982594339462874,100,0,1
2015.10.02,01:43:45,-1.0209889836623973,-0.976330618150619,-1.0538428147369516,-1.0224362041974224,100,0,1
2015.10.03,01:43:45,-1.099233564991115,-1.0715303408925085,-1.1700757663327184,-1.1094294162183722,100,0,1
2015.10.04,01:43:45,-1.0720364791070378,-1.0334551581706342,-1.1172217012827286,-1.0685610354184094,100,0,1
2015.10.05,01:43:45,-1.0718654296558174,-0.9814799900712187,-1.1293112588420164,-1.086282271137114,100,0,1
2015.10.06,01:43:45,-1.10870825981181,-1.0541170562222533,-1.1321096562888437,-1.0569424264498088,100,0,1
2015.10.07,01:43:45,-1.147804468126994,-1.102323342732966,-1.2108428206636663,-1.145445430021363,100,0,1
2015.10.08,01:43:45,-1.056250496315204,-0.9896157660691658,-1.0907411954957857,-1.0375041027297796,100,0,1
2015.10.09,01:43:45,-1.049237543600686,-1.0055313918436903,-1.1050468417569577,-1.058103228706268,100,0,1
2015.10.10,01:43:45,-1.0264557558814278,-0.9922595297131619,-1.0840539495741262,-1.0788115892153725,100,0,1
2015.10.11,01:43:45,-0.8968538282342033,-0.8193707591903683,-0.9363152621414937,-0.8413758821493981,100,0,1
2015.10.12,01:43:45,-0.902846189112328,-0.8637052454239447,-0.9576493357270793,-0.9403623982722443,100,0,1
2015.10.13,01:43:45,-0.8605538452099369,-0.7854650957591202,-0.900528835524819,-0.8055564297936858,100,0,1
2015.10.14,01:43:45,-0.885858740457007,-0.8346013427653638,-0.9122929858457639,-0.8580237393759285,100,0,1
2015.10.15,01:43:45,-0.889278386794325,-0.8347470554659238,-0.9690387888379439,-0.8642416191928698,100,0,1
2015.10.16,01:43:45,-0.8552932965621335,-0.7788358932800477,-0.8637893438674318,-0.8213229541150026,100,0,1
2015.10.17,01:43:45,-0.7936690960950531,-0.7110178308543273,-0.8251713717919715,-0.7923807561991829,100,0,1
2015.10.18,01:43:45,-0.8345908521327309,-0.7853620601263575,-0.8871156736928244,-0.8467238450556106,100,0,1
2015.10.19,01:43:45,-0.8790019895308031,-0.8568693608235594,-0.9016455524122835,-0.8604995863805864,100,0,1
2015.10.20,01:43:45,-0.9083134784249719,-0.9037151926793197,-0.9422960749987359,-0.9368694349296794,100,0,1
2015.10.21,01:43:45,-0.9763014331057976,-0.9315428190570624,-1.0287947157737416,-0.9851807847630727,100,0,1
2015.10.22,01:43:45,-0.9218512345618709,-0.8963616427009159,-0.9631527862838493,-0.9471185622616104,100,0,1
2015.10.23,01:43:45,-0.8553130552589299,-0.7873492749061799,-0.9095924083081115,-0.9013169426507408,100,0,1
2015.10.24,01:43:45,-0.7522878166445429,-0.7032898015266845,-0.8424788527170939,-0.7076575796718211,100,0,1
2015.10.25,01:43:45,-0.7964484689789431,-0.7276516676286414,-0.831918532489921,-0.7777393794972919,100,0,1
2015.10.26,01:43:45,-0.7306065589333989,-0.6699581422942571,-0.7474811301250202,-0.7211112950648049,100,0,1
2015.10.27,01:43:45,-0.7609985418705476,-0.6978291812452424,-0.8090676391869366,-0.7519906526413963,100,0,1
2015.10.28,01:43:45,-0.7784125187425203,-0.7221056790752312,-0.8095399756461024,-0.7826340201595356,100,0,1
2015.10.29,01:43:45,-0.7783382275560816,-0.7130151426614016,-0.7916018629204306,-0.7344541634797366,100,0,1
2015.10.30,01:43:45,-0.8046048918998494,-0.7983202201024077,-0.8571276538405955,-0.8046341934462797,100,0,1
2015.10.31,01:43:45,-0.7458003431586497,-0.7016092618047246,-0.7788630954567032,-0.7277403571753762,100,0,1
2015.11.01,01:43:45,-0.8096687055465326,-0.7677870674436557,-0.8781503948992244,-0.8538781646836542,100,0,1
2015.11.02,01:43:45,-0.7051649205919558,-0.6764130692785619,-0.7638475838583056,-0.7058004999664259,100,0,1
2015.11.03,01:43:45,-0.7180948752133189,-0.6946195436490944,-0.7604372011797296,-0.7489131338909285,100,0,1
2015.11.04,01:43:45,-0.7534891430266765,-0.7118003296765258,-0.7718842207383587,-0.7696616688809756,100,0,1
2015.11.05,01:43:45,-0.7997854913744247,-0.7339033853330116,-0.8579435716850329,-0.8509175058918358,100,0,1
2015.11.06,01:43:45,-0.7967472230215739,-0.7418113130330044,-0.8287473406201478,-0.8053308358819797,100,0,1
2015.11.07,01:43:45,-0.786252152901244,-0.7610671012839691,-0.827965844500406,-0.8249956716524242,100,0,1
2015.11.08,01:43:45,-0.6825636207690458,-0.6396609347182176,-0.7401349079649244,-0.6779938932446932,100,0,1
2015.11.09,01:43:45,-0.5650689753745388,-0.523482232974801,-0.6130302427107399,-0.5567732565391168,100,0,1
2015.11.10,01:43:45,-0.4973019789700381,-0.44445894067275027,-0.5413383290285113,-0.49719697607385105,100,0,1
2015.11.11,01:43:45,-0.5159058231939262,-0.47763937509470766,-0.5699754007198914,-0.5240831646381495,100,0,1
2015.11.12,01:43:45,-0.5217199225099626,-0.47430136936403045,-0.5745775876542489,-0.4932216153835117,100,0,1
2015.11.13,01:43:45,-0.5346224064563768,-0.46266300728599385,-0.5910670280766459,-0.4687822673140803,100,0,1
2015.11.14,01:43:45,-0.5421238287343346,-0.47426196759015143,-0.575862636935597,-0.4916654561341833,100,0,1
2015.11.15,01:43:45,-0.4594535133258136,-0.4527593655910247,-0.5108907564394918,-0.4853895437109467,100,0,1
2015.11.16,01:43:45,-0.44524927688620913,-0.40133903078667504,-0.49373725496970833,-0.45502895920835223,100,0,1
2015.11.17,01:43:45,-0.4608291670536183,-0.42744282614275764,-0.48489661306102194,-0.4694582121888097,100,0,1
2015.11.18,01:43:45,-0.4459384882971114,-0.39689461219343203,-0.46541146730391886,-0.42612684922164934,100,0,1
2015.11.19,01:43:45,-0.5099277070147334,-0.48241821369165716,-0.5986396642313088,-0.5215917273953292,100,0,1
2015.11.20,01:43:45,-0.5646224030587951,-0.5026755678855215,-0.5711689100056032,-0.519059127238711,100,0,1
2015.11.21,01:43:45,-0.5432285980376501,-0.49181109098250514,-0.59631786354537,-0.5706498491878915,100,0,1
2015.11.22,01:43:45,-0.5525361921410571,-0.5119622867723056,-0.5664341686868078,-0.5638823446292691,100,0,1
2015.11.23,01:43:45,-0.549539041307628,-0.5345866015066059,-0.6077216785114319,-0.5900809240352174,100,0,1
2015.11.24,01:43:45,-0.5808126065418165,-0.5296909324096796,-0.6576643948145754,-0.6474034693888213,100,0,1
2015.11.25,01:43:45,-0.5361216067804129,-0.4807429949018358,-0.5898214608107786,-0.5506186401010944,100,0,1
2015.11.26,01:43:45,-0.4229426368786679,-0.39335458835926335,-0.46773250840948194,-0.43501382836546476,100,0,1
2015.11.27,01:43:45,-0.43933169805380956,-0.40628950835659416,-0.5049811371486561,-0.42228676690053546,100,0,1
2015.11.28,01:43:45,-0.5204694910448892,-0.45269380185170627,-0.5719854685324961,-0.5654485237823194,100,0,1
2015.11.29,01:43:45,-0.4298722173144641,-0.3347530741241797,-0.4548552624317402,-0.3549380667735417,100,0,1
2015.11.30,01:43:45,-0.40928839153710855,-0.32209876559548206,-0.4404889686064017,-0.41080817407730885,100,0,1
2015.12.01,01:43:45,-0.4281211770490568,-0.3682981445999371,-0.455364575486789,-0.44748415119378365,100,0,1
2015.12.02,01:43:45,-0.32997165297061054,-0.31066810192225697,-0.383669346946626,-0.37211769611964896,100,0,1
2015.12.03,01:43:45,-0.40070258743024245,-0.3467292487270594,-0.42107702058270124,-0.37888402844102853,100,0,1
2015.12.04,01:43:45,-0.3873443135538641,-0.325422689254908,-0.39071030466054185,-0.3471786492609373,100,0,1
2015.12.05,01:43:45,-0.3459717322554704,-0.27807383474720027,-0.3797288561087117,-0.2869995758580586,100,0,1
2015.12.06,01:43:45,-0.3146699914750406,-0.2907283261296302,-0.3666961345903188,-0.2916913582842119,100,0,1
2015.12.07,01:43:45,-0.34610014505416464,-0.2845721228952762,-0.39447082615483053,-0.3806075288438496,100,0,1
2015.12.08,01:43:45,-0.3664755301461625,-0.3379070240447818,-0.37676005026615456,-0.34377082487915944,100,0,1
2015.12.09,01:43:45,-0.42032809290092965,-0.39210221310207843,-0.47604825941847445,-0.4336209268751418,100,0,1
2015.12.10,01:43:45,-0.4502321031921858,-0.391365065750875,-0.5096803136119326,-0.4162445002274295,100,0,1
2015.12.11,01:43:45,-0.504160827445422,-0.4707845228192305,-0.5382663094732343,-0.5303399978187437,100,0,1
2015.12.12,01:43:45,-0.5713405859686973,-0.5230572646789363,-0.6299588647982196,-0.5684605268976874,100,0,1
2015.12.13,01:43:45,-0.5088291434533672,-0.47021004199498095,-0.5601006261001428,-0.546934574585021,100,0,1
2015.12.14,01:43:45,-0.4685487233789337,-0.42829229810513314,-0.5217654731016195,-0.48295613533472587,100,0,1
2015.12.15,01:43:45,-0.4545995598644604,-0.4058989874316345,-0.5560095291831425,-0.5014360363325271,100,0,1
2015.12.16,01:43:45,-0.42161569605915533,-0.38366792783273795,-0.4955207179644795,-0.48365609019856015,100,0,1
2015.12.17,01:43:45,-0.29718248976701334,-0.22593203070594342,-0.3360295134637757,-0.2653661218365674,100,0,1
2015.12.18,01:43:45,-0.20028345405821424,-0.13060043199524768,-0.2537419120326533,-0.20462828870947444,100,0,1
2015.12.19,01:43:45,-0.18347180617144027,-0.1320874020189375,-0.2352585075462658,-0.18700229739421875,100,0,1
2015.12.20,01:43:45,-0.16043682645740212,-0.0951414871477657,-0.19733782671681585,-0.14854103696320378,100,0,1
2015.12.21,01:43:45,-0.07155049084232894,-0.005801278856149672,-0.12195328837376634,-0.06218711460255761,100,0,1
2015.12.22,01:43:45,-0.05300627853728659,-0.0010003401793360484,-0.09940162357561239,-0.08638038482296329,100,0,1
2015.12.23,01:43:45,-0.035313579512349244,0.04130879947766515,-0.06989852640204239,0.03905750443862936,100,0,1
2015.12.24,01:43:45,0.011022235136496856,0.03394476820972023,-0.03101215590684466,-0.030595150039612867,100,0,1
2015.12.25,01:43:45,-0.06007758012725546,-0.005087366559385659,-0.11009927921308663,-0.016351608616272037,100,0,1
2015.12.26,01:43:45,-0.030198054453980657,0.022188655183651745,-0.13158154644812814,-0.0787393844347968,100,0,1
2015.12.27,01:43:45,-0.009058070047740587,0.04222079540118748,-0.09263532061487932,0.038127264538003844,100,0,1
2015.12.28,01:43:45,-0.02652060627603614,0.025630541562876044,-0.08089921900678716,-0.059797616529741054,100,0,1
2015.12.29,01:43:45,-0.017942639668147995,0.030234308212636823,-0.08529436732512355,-0.004596476161448218,100,0,1
2015.12.30,01:43:45,0.02362616058808943,0.07880572766601335,-0.044619543917030755,0.019492182715586587,100,0,1
2015.12.31,01:43:45,-0.05454125082535483,0.01742474141855973,-0.1224098183780156,-0.0779548316131633,100,0,1
2016.01.01,01:43:45,-0.12918347516675355,-0.04665259408211486,-0.13005720938590484,-0.05110305616069864,100,0,1
2016.01.02,01:43:45,-0.07468157946239892,-0.016866873601901464,-0.09430318359243571,-0.023763868356055623,100,0,1
2016.01.03,01:43:45,-0.06298317104639822,-0.004514359618829657,-0.09165631586594679,-0.008602195323574938,100,0,1
2016.01.04,01:43:45,-0.10909942235970005,-0.04945625506557704,-0.13294772623164333,-0.0518219378008337,100,0,1
2016.01.05,01:43:45,-0.20076520850355647,-0.16196400292319593,-0.28020386823108545,-0.2796899927116352,100,0,1
2016.01.06,01:43:45,-0.2738619910119735,-0.24059456184768788,-0.3257334054808579,-0.28913158149671636,100,0,1
2016.01.07,01:43:45,-0.25358877823513576,-0.20900493896703534,-0.29963407069141085,-0.2449563734657635,100,0,1
2016.01.08,01:43:45,-0.21653175734112495,-0.19467954246587885,-0.27323668842110693,-0.24812567588033263,100,0,1
2016.01.09,01:43:45,-0.1424957359001197,-0.10460059920973874,-0.21999976535558408,-0.15451183408265184,100,0,1
2016.01.10,01:43:45,-0.16193433574794258,-0.12291818083163267,-0.2313235260963339,-0.17975177405826107,100,0,1
2016.01.11,01:43:45,-0.15441196865050222,-0.10723449308341618,-0.1945303909225492,-0.18318729640273035,100,0,1
2016.01.12,01:43:45,-0.19242768016845757,-0.16324884947886487,-0.21700497375179204,-0.17782622819830451,100,0,1
2016.01.13,01:43:45,-0.2324621261240258,-0.1688710990457324,-0.3067427028570191,-0.2786020191716678,100,0,1
2016.01.14,01:43:45,-0.2837670900212655,-0.2494233470170053,-0.32428904450392526,-0.2780469553997524,100,0,1
2016.01.15,01:43:45,-0.22850188970202093,-0.19659906033827443,-0.30527368013022266,-0.24131791801306215,100,0,1
2016.01.16,01:43:45,-0.24316475502379087,-0.17972253408989444,-0.2865608690178729,-0.18007577885642334,100,0,1
2016.01.17,01:43:45,-0.19089053658636937,-0.16897943830166628,-0.21080969907478223,-0.18359652955405176,100,0,1
2016.01.18,01:43:45,-0.18725192564612234,-0.14907749119892882,-0.24735391318563446,-0.2259275040935585,100,0,1
2016.01.19,01:43:45,-0.2526200032877855,-0.19680601150163723,-0.27375051717107957,-0.26320399237565506,100,0,1
2016.01.20,01:43:45,-0.20030049948800957,-0.1439228353489117,-0.2449991433331813,-0.18697869121944194,100,0,1
2016.01.21,01:43:45,-0.26375968687851375,-0.2040195190935371,-0.29472047614293206,-0.22146012506100193,100,0,1
2016.01.22,01:43:45,-0.1779586397362857,-0.16344858298726866,-0.24382826168969757,-0.1909371934773443,100,0,1
2016.01.23,01:43:45,-0.15229055685984533,-0.11781767676499694,-0.20161752680589984,-0.1419760725922989,100,0,1
2016.01.24,01:43:45,-0.0940282612821932,-0.04575363368569245,-0.13451927962786614,-0.06576093100760037,100,0,1
2016.01.25,01:43:45,0.02300926217026655,0.07441090375782385,-0.05281031489534539,0.054894940558834204,100,0,1
2016.01.26,01:43:45,0.10833260563131056,0.15581474909461845,0.06446075162609129,0.09943347985922484,100,0,1
2016.01.27,01:43:45,0.07830590811833087,0.1258321006238094,0.00831526348809411,0.09074834251611447,100,0,1
2016.01.28,01:43:45,0.02268290638451181,0.045363847603457345,-0.008412115665846542,0.0049069308920606895,100,0,1
2016.01.29,01:43:45,0.06473452943231203,0.12150545373838578,0.028612876592906983,0.0902161404611316,100,0,1
2016.01.30,01:43:45,0.08168138907744724,0.1589115653165567,0.061351061551381994,0.15056186750312295,100,0,1
2016.01.31,01:43:45,0.08407072521007691,0.14119531601057078,-0.009588769133148378,0.03169044584259385,100,0,1
2016.02.01,01:43:45,0.15392536796315182,0.22442627097808615,0.12364116242279291,0.19740770518067824,100,0,1
2016.02.02,01:43:45,0.22826756115065444,0.26857266093097315,0.15239946510591024,0.20674496859087702,100,0,1
2016.02.03,01:43:45,0.20064006334846185,0.25069036577475035,0.1726827137384876,0.19056749571163983,100,0,1
2016.02.04,01:43:45,0.24556157270876827,0.3061118870284014,0.21060091568654868,0.22737948008067674,100,0,1
2016.02.05,01:43:45,0.2522548071956258,0.3093887629584085,0.24990860562842915,0.2700761040909742,100,0,1
2016.02.06,01:43:45,0.3929980660420842,0.4257254425667224,0.37745614940360056,0.42007503533527624,100,0,1
2016.02.07,01:43:45,0.3741296920681827,0.44524954728644317,0.3549227520674043,0.4345964043344511,100,0,1
2016.02.08,01:43:45,0.38579107134447066,0.43530758371145983,0.3507206977786901,0.42647419694891636,100,0,1
2016.02.09,01:43:45,0.3525065689893181,0.386586371682802,0.3093131084855276,0.37083896004304967,100,0,1
2016.02.10,01:43:45,0.4900090955673554,0.5509056961565163,0.4691849947204822,0.5203578208331755,100,0,1
2016.02.11,01:43:45,0.46289506204770614,0.4897532473095299,0.46075482820000513,0.47505383603891416,100,0,1
2016.02.12,01:43:45,0.3256441934222774,0.37714551499710264,0.2970528663630595,0.3381556147935568,100,0,1
2016.02.13,01:43:45,0.3016541379553996,0.3945747455013444,0.24943202003888865,0.2982927760282371,100,0,1
2016.02.14,01:43:45,0.30212625697930684,0.33792880281654103,0.2323997234940764,0.23996942875977711,100,0,1
2016.02.15,01:43:45,0.27104456348855954,0.3116990523058081,0.23400903765972314,0.30496067409378835,100,0,1
2016.02.16,01:43:45,0.22377214727028083,0.2568090401802831,0.176167619270985,0.251946432541732,100,0,1
2016.02.17,01:43:45,0.1856365942628191,0.2812932972916939,0.12414505163205292,0.1953491130261974,100,0,1
2016.02.18,01:43:45,0.16889067133759783,0.22898171853578247,0.09874717658457188,0.18037686402079148,100,0,1
2016.02.19,01:43:45,0.22013720812604587,0.28186921236356083,0.1739620554207041,0.26631755623086056,100,0,1
2016.02.20,01:43:45,0.19337282412565998,0.2295464604252776,0.16318180269926436,0.17950411510302552,100,0,1
2016.02.21,01:43:45,0.21352085644321586,0.23706673126301286,0.17618488581082214,0.2189448218586744,100,0,1
2016.02.22,01:43:45,0.204978210161143,0.24570695970525577,0.13478362353130355,0.2276786071904027,100,0,1
2016.02.23,01:43:45,0.2221824452069771,0.2988861229684048,0.19800825743823908,0.20430895611310376,100,0,1
2016.02.24,01:43:45,0.14410876497572742,0.19250278974378654,0.09489546433401465,0.1907059183977373,100,0,1
2016.02.25,01:43:45,0.16184061395654464,0.22130043546913272,0.10365714540858885,0.1772338457834919,100,0,1
2016.02.26,01:43:45,0.1891050081530115,0.251499359013522,0.1492303651601094,0.2308246460465596,100,0,1
2016.02.27,01:43:45,0.13745227354268838,0.2127720824132935,0.055039319750724375,0.07130227997038596,100,0,1
2016.02.28,01:43:45,0.16011357574129192,0.18478136842176254,0.09874520197693049,0.11737639558104934,100,0,1
2016.02.29,01:43:45,0.17720718451308287,0.2332383994039798,0.11482325265924626,0.22023390340394355,100,0,1
2016.03.01,01:43:45,0.1422658856125337,0.16370926653629625,0.07719599460562573,0.1329757472424798,100,0,1
2016.03.02,01:43:45,0.19037707826153977,0.2516070723199272,0.18374462673974107,0.2502484283598602,100,0,1
2016.03.03,01:43:45,0.14103070394247877,0.18322771854568487,0.0576643789952512,0.12574769637397826,100,0,1
2016.03.04,01:43:45,0.12920615997900908,0.1508023273527855,0.066876610444427,0.15058994390519204,100,0,1
2016.03.05,01:43:45,0.14447119130992206,0.18764057501841688,0.09086773384529859,0.11173952944772332,100,0,1
2016.03.06,01:43:45,0.17853994401655457,0.21760695841990355,0.08651947637682036,0.10528660725549144,100,0,1
2016.03.07,01:43:45,0.1473199271446991,0.21612954878385188,0.10354171413751655,0.12442926980065794,100,0,1
2016.03.08,01:43:45,0.1578101820337826,0.2471114565222985,0.12912314855275597,0.20523168967254818,100,0,1
2016.03.09,01:43:45,0.15131674165257267,0.2028231700240538,0.09051182457719484,0.1583944969109618,100,0,1
2016.03.10,01:43:45,0.18977770843899486,0.2553734741124347,0.11191044699094588,0.15987227906703078,100,0,1
2016.03.11,01:43:45,0.2109579863057865,0.2842760316850699,0.20210436880761778,0.24716753353367008,100,0,1
2016.03.12,01:43:45,0.20801611131176764,0.2731126072953417,0.1477875231663863,0.16300223985578982,100,0,1
2016.03.13,01:43:45,0.1568686339418034,0.20537991713373874,0.07387365207006426,0.16494696141936893,100,0,1
2016.03.14,01:43:45,0.22390692431462228,0.2732456652704395,0.15493047222330775,0.2182538074945481,100,0,1
2016.03.15,01:43:45,0.17410867959943682,0.18441307942055507,0.0976519306150676,0.14196152349458002,100,0,1
2016.03.16,01:43:45,0.21928399740773258,0.26746997343665097,0.16967556845083737,0.20473512549900527,100,0,1
2016.03.17,01:43:45,0.18680575738856878,0.24262405285003336,0.1333520671991209,0.20767775464349056,100,0,1
2016.03.18,01:43:45,0.13582948360819672,0.17985255467105155,0.09053016607301739,0.10032198920036564,100,0,1
2016.03.19,01:43:45,0.1757970353539743,0.2216892979743709,0.1479643592280972,0.1872776578433076,100,0,1
2016.03.20,01:43:45,0.09149725222168348,0.1391048435735737,0.02330713136256765,0.08271766867307408,100,0,1
2016.03.21,01:43:45,0.04535348716597662,0.10584744401335161,-0.010086025878501909,-0.003119624927928363,100,0,1
2016.03.22,01:43:45,0.07352456169507121,0.10751413074860817,0.007996650994861285,0.07271244194437067,100,0,1
2016.03.23,01:43:45,-0.02190128023428807,0.02940204914397305,-0.08967563152040763,-0.08872227862364483,100,0,1
2016.03.24,01:43:45,-0.04746658021124543,-0.028161561023786138,-0.08851991040072196,-0.05392415077259856,100,0,1
2016.03.25,01:43:45,-0.029231715325949058,0.048981859074249685,-0.06761897248302615,-0.053064829686348174,100,0,1
2016.03.26,01:43:45,-0.010262827934487554,0.040313498087938215,-0.04972245145003266,0.012885601669859116,100,0,1
2016.03.27,01:43:45,-0.015433641492537295,0.07510963347842768,-0.059405465752937425,0.030275727920710857,100,0,1
2016.03.28,01:43:45,-0.005093458294050789,0.04991583419851382,-0.06115063138010213,-0.05456001077450102,100,0,1
2016.03.29,01:43:45,-0.023041181086489934,0.04549255938477842,-0.08304012234565719,-0.06759364038465593,100,0,1
2016.03.30,01:43:45,-0.011145299069492371,0.05283105943631751,-0.05761535810981286,0.0335179575973133,100,0,1
2016.03.31,01:43:45,-0.0711232468990499,-0.0032632622988893467,-0.11721360110448208,-0.03770822271469862,100,0,1
2016.04.01,01:43:45,-0.05624843034938016,0.0073324550677349234,-0.10884622906148264,-0.0719190472153873,100,0,1
2016.04.02,01:43:45,-0.08509219014302001,-0.027053622091901874,-0.1285138745385958,-0.06182191637202286,100,0,1
2016.04.03,01:43:45,-0.016719520481905354,0.046203974785694366,-0.0846689935672005,-0.07302908262601977,100,0,1
2016.04.04,01:43:45,-0.06517204505724919,-0.03170932074830424,-0.1293146869603657,-0.04902380293059368,100,0,1
2016.04.05,01:43:45,-0.08265358057226124,-0.0302944618414795,-0.13083304001123294,-0.09903745258249413,100,0,1
2016.04.06,01:43:45,-0.08102749490418037,-0.03125058779210446,-0.13634414281536827,-0.0630117805977592,100,0,1
2016.04.07,01:43:45,-0.023061732392827453,0.025681096809605265,-0.0776768669169447,-0.019408804687879207,100,0,1
2016.04.08,01:43:45,-0.07462488655981216,-0.018680382253165616,-0.10585656025402852,-0.04999859944972281,100,0,1
2016.04.09,01:43:45,-0.13262897172933738,-0.070784048240329,-0.19737858843094255,-0.11514773959495325,100,0,1
2016.04.10,01:43:45,-0.14749995748974354,-0.08566222379390605,-0.21886336573052273,-0.16612307454538425,100,0,1
2016.04.11,01:43:45,-0.07721367219583382,-0.058237027715721604,-0.12244457385108608,-0.11179158398765089,100,0,1
2016.04.12,01:43:45,-0.05043563957961298,-0.021775583866414296,-0.09751893897307881,-0.02972907356965994,100,0,1
2016.04.13,01:43:45,-0.0126620418434054,0.06692459009284339,-0.07947407681528725,-0.056643959684838235,100,0,1
2016.04.14,01:43:45,-0.051047836122038386,-0.01705929630233375,-0.05901195590073069,-0.022797265291937513,100,0,1
2016.04.15,01:43:45,-0.027685784168048864,0.03133699286343817,-0.12177553284336928,-0.01994657041847464,100,0,1
2016.04.16,01:43:45,0.012481778818434933,0.08985851465248709,-0.0409094927237227,-0.03202488483299065,100,0,1
2016.04.17,01:43:45,-0.002211450734838729,0.03897903598004466,-0.027689664030779614,0.026012666529263265,100,0,1
2016.04.18,01:43:45,0.12651266189659738,0.18138300840348098,0.08366311141812799,0.1293302644346025,100,0,1
2016.04.19,01:43:45,0.14430194704727545,0.15486550537361293,0.0977769095222337,0.11536664452611041,100,0,1
2016.04.20,01:43:45,0.20232552637891252,0.25133521877835746,0.133042383379801,0.18385497490899283,100,0,1
2016.04.21,01:43:45,0.14191210044410238,0.19369167592351216,0.09044839110802519,0.10062138482331487,100,0,1
2016.04.22,01:43:45,0.2074200642635307,0.24672925801120213,0.17427098893823278,0.19805855730792027,100,0,1
2016.04.23,01:43:45,0.1906347220118754,0.23793950498002708,0.12093462474744424,0.19823743838931332,100,0,1
2016.04.24,01:43:45,0.17906986174394404,0.25675228270608136,0.11966240550467998,0.17503943451542286,100,0,1
2016.04.25,01:43:45,0.1846734384118074,0.25761406914315843,0.09568451884137762,0.19088067733688782,100,0,1
2016.04.26,01:43:45,0.18361230514942614,0.27655666625408903,0.13156175949313298,0.25242302997934646,100,0,1
2016.04.27,01:43:45,0.2163106207568994,0.30381338489852044,0.17827656313015278,0.22873231726804344,100,0,1
2016.04.28,01:43:45,0.16350004825712944,0.23462797720810152,0.11597443008713187,0.16301658218609913,100,0,1
2016.04.29,01:43:45,0.1739109049923836,0.19746800338017803,0.11379289072338453,0.14131376726795622,100,0,1
2016.04.30,01:43:45,0.1447785596260082,0.16777560921024,0.10575959674231049,0.12919784934933876,100,0,1
2016.05.01,01:43:45,0.1296500067293501,0.18939035068248294,0.059595450808736086,0.12099807466883501,100,0,1
2016.05.02,01:43:45,0.0697624641780164,0.10805967675038675,0.037544735086364876,0.09208645318112917,100,0,1
2016.05.03,01:43:45,0.015330736449357906,0.07030566409798844,-0.07930902347122189,-0.008817564030965619,100,0,1
2016.05.04,01:43:45,-0.0005986058212624906,0.04789589879482477,-0.03617919389291964,-0.009420636549898529,100,0,1
2016.05.05,01:43:45,0.030676203872541597,0.07243432680210805,-0.02594284061314246,0.0058033954488826665,100,0,1
2016.05.06,01:43:45,-0.01129547523812009,0.06056557167667384,-0.049910606355389624,0.02372377990662885,100,0,1
2016.05.07,01:43:45,-0.08529826598171161,-0.050618591765703394,-0.1295686423730293,-0.08363087825618913,100,0,1
2016.05.08,01:43:45,-0.04542177800752756,0.015456393049953152,-0.12557099603266003,-0.01311771676188507,100,0,1
2016.05.09,01:43:45,0.02021502702660257,0.0961582867445325,-0.041042415778170145,0.03308664536121891,100,0,1
2016.05.10,01:43:45,-0.024693225160871433,0.01632424622687558,-0.06184433051892435,-0.04680615791691015,100,0,1
2016.05.11,01:43:45,-0.057860945255542584,-0.02712246539499576,-0.12342023394342229,-0.07583060504125722,100,0,1
2016.05.12,01:43:45,-0.0016350035420751065,0.1030442745973991,-0.028967096436297465,0.04461846615805594,100,0,1
2016.05.13,01:43:45,-0.04110041108280442,-0.01465832311761775,-0.06360792403344584,-0.021099297152352474,100,0,1
2016.05.14,01:43:45,0.007684962380043662,0.06678481889623784,-0.040686624750876275,-0.0026176352669074893,100,0,1
2016.05.15,01:43:45,0.043270458438971746,0.11204017012537268,-0.01549864107309442,0.042836993531673855,100,0,1
2016.05.16,01:43:45,0.1007711384642691,0.13168461602777842,0.051071096715873676,0.059254549733202724,100,0,1
2016.05.17,01:43:45,0.08612593417189424,0.1481202477298942,0.02935001082909757,0.1173185166696726,100,0,1
2016.05.18,01:43:45,-0.005290309969555434,0.05428374739430558,-0.048346208124493355,-0.0056447064270281,100,0,1
2016.05.19,01:43:45,-0.00784841101640097,0.05697136048951564,-0.05567238541644604,0.054535538821849965,100,0,1
2016.05.20,01:43:45,-0.0040254294322197605,0.08345457348830142,-0.05916845690481548,0.08282373358790104,100,0,1
2016.05.21,01:43:45,0.12981653536915705,0.17696993511304288,0.07655575529544782,0.14275692636613224,100,0,1
2016.05.22,01:43:45,0.07956273503663287,0.14109115738464478,0.0009451274283765743,0.11394371323168413,100,0,1
2016.05.23,01:43:45,0.08427915514085436,0.13849407947235842,0.027305728976442074,0.10068917410324901,100,0,1
2016.05.24,01:43:45,0.0824383361432153,0.15927461250575423,-0.016131106235802828,0.08639206182571334,100,0,1
2016.05.25,01:43:45,0.1589666507766567,0.20355661501946798,0.11598106365398922,0.14745841786141894,100,0,1
2016.05.26,01:43:45,0.20165299987423788,0.22851520175780965,0.15072873159327382,0.16183448446501875,100,0,1
2016.05.27,01:43:45,0.24412588820844017,0.3027688235599976,0.19658883525204354,0.2255494977808356,100,0,1
2016.05.28,01:43:45,0.26044666282991324,0.30012729231933905,0.21285071046098086,0.2295065975940285,100,0,1
2016.05.29,01:43:45,0.2653374020430913,0.27014403588477004,0.2079089107560323,0.23812757273905863,100,0,1
2016.05.30,01:43:45,0.23762333132368474,0.3090478385268844,0.20038809464721463,0.2187414417894037,100,0,1
2016.05.31,01:43:45,0.2247559159937325,0.3122788573931412,0.1921375334188436,0.2781185194418436,100,0,1
2016.06.01,01:43:45,0.28489150703217864,0.3411586381213781,0.23234013365507197,0.2982771173108111,100,0,1
2016.06.02,01:43:45,0.31857674072344033,0.37729548870664426,0.24272701306562872,0.34560690294196106,100,0,1
2016.06.03,01:43:45,0.2989486586139417,0.3142029694800293,0.2605830973602853,0.30455408486327107,100,0,1
2016.06.04,01:43:45,0.25246380217337266,0.2834785298152992,0.2303452057653737,0.27856831655923625,100,0,1
2016.06.05,01:43:45,0.22873849404178978,0.27458193062183045,0.17261182771501005,0.18085342884048208,100,0,1
2016.06.06,01:43:45,0.17283746082993948,0.23436868769935698,0.11103058141846539,0.2140497104893285,100,0,1
2016.06.07,01:43:45,0.10875839680012599,0.1259506676789341,0.020022443069700427,0.04987698260412085,100,0,1
2016.06.08,01:43:45,0.07039435693650142,0.11371490155505969,0.019620801491126,0.06901186339870488,100,0,1
2016.06.09,01:43:45,0.11194451092255112,0.14887500479162347,0.0652447362481315,0.0850443349379133,100,0,1
2016.06.10,01:43:45,0.069126841492804,0.15291659027762688,-0.010495024468628461,-0.008505012693760083,100,0,1
2016.06.11,01:43:45,0.024629961687287996,0.08132137246650922,-0.01018409824576686,0.026254656906397805,100,0,1
2016.06.12,01:43:45,0.04221590784908372,0.11157909205612297,-0.032976480134599945,-0.002307683128239958,100,0,1
2016.06.13,01:43:45,0.051162100702322875,0.1112899902304537,0.005735363066482077,0.08682395508291708,100,0,1
2016.06.14,01:43:45,0.11333239960301539,0.17330172943528097,0.04432926728400857,0.13807251193447542,100,0,1
2016.06.15,01:43:45,0.13149436404749199,0.19640629865011783,0.05150228970632109,0.1944624509010878,100,0,1
2016.06.16,01:43:45,0.07938678174825015,0.11836799799916657,-0.004118786190919599,0.09598591566917042,100,0,1
2016.06.17,01:43:45,0.12620950973972608,0.18348458629960998,0.08981523087606713,0.1534249391725948,100,0,1
2016.06.18,01:43:45,0.18858353950454562,0.2468302176672689,0.1204714717990693,0.15817013993640638,100,0,1
2016.06.19,01:43:45,0.2049656354055591,0.2526656158841181,0.13199144938109575,0.1591067701714657,100,0,1
2016.06.20,01:43:45,0.19294857928646048,0.2719701117180706,0.13278546991101,0.18939051497712298,100,0,1
2016.06.21,01:43:45,0.14926811566756115,0.21307859028371903,0.07011515901335826,0.17838510013265893,100,0,1
2016.06.22,01:43:45,0.215636454590055,0.2771609585779475,0.14400714462262343,0.2730490258403373,100,0,1
2016.06.23,01:43:45,0.23984901275333484,0.30693081720674353,0.17372666602214343,0.17549319265909713,100,0,1
2016.06.24,01:43:45,0.2731980962615348,0.3151447518418815,0.21445652849375474,0.24047054078155755,100,0,1
2016.06.25,01:43:45,0.2526121210671705,0.3394248343779894,0.21251034030957217,0.3332274070339078,100,0,1
2016.06.26,01:43:45,0.31109283837621393,0.33501695460945946,0.24785351121349664,0.3237168749418263,100,0,1
2016.06.27,01:43:45,0.3102794302049951,0.35136453135706197,0.28711078366011045,0.34486641881910146,100,0,1
2016.06.28,01:43:45,0.3036757066191937,0.35412554322517925,0.2774889579272165,0.28120546170078375,100,0,1
2016.06.29,01:43:45,0.3425685904304962,0.39574588929895904,0.30455760392483255,0.3335037515765005,100,0,1
2016.06.30,01:43:45,0.423837108306734,0.45863020929774156,0.39011258388604864,0.42890046794836834,100,0,1
2016.07.01,01:43:45,0.4156263785467637,0.47300231989702507,0.34154434493392993,0.43041608034736667,100,0,1
2016.07.02,01:43:45,0.3908190762795778,0.4051915386809488,0.34575702154118304,0.36339748203593014,100,0,1
2016.07.03,01:43:45,0.4089362423833994,0.4664064844706444,0.36748064598601915,0.4524685318983859,100,0,1
2016.07.04,01:43:45,0.3885950266181567,0.4479380057916496,0.2876725461451892,0.40847784155624334,100,0,1
2016.07.05,01:43:45,0.31852416399002,0.3647226744363388,0.26853787127707784,0.2922777248274778,100,0,1
2016.07.06,01:43:45,0.35922387602782646,0.43543875463435827,0.33037973677181226,0.37392284032540923,100,0,1
2016.07.07,01:43:45,0.3406296810545199,0.38208001839865724,0.26478267764519564,0.3297101245981072,100,0,1
2016.07.08,01:43:45,0.32864253192587906,0.37982233053129594,0.23170024252410565,0.3455391149692002,100,0,1
2016.07.09,01:43:45,0.34479528400489884,0.40783156635981244,0.29305842236615615,0.3816031988360138,100,0,1
2016.07.10,01:43:45,0.3180379080233265,0.37673940729702005,0.261708931524507,0.29229017801356133,100,0,1
2016.07.11,01:43:45,0.31113680013473305,0.3462481909560706,0.27686885522976484,0.3049343786654396,100,0,1
2016.07.12,01:43:45,0.3275878351436278,0.37741594627073954,0.3006990380947671,0.31703957761468005,100,0,1
2016.07.13,01:43:45,0.2737463258602769,0.3688642869181651,0.2280160837142452,0.36283989080402046,100,0,1
2016.07.14,01:43:45,0.2878720355583895,0.35550919772301426,0.24255203305280004,0.33492653955353435,100,0,1
2016.07.15,01:43:45,0.29524992023465246,0.37004625783572065,0.2642869610292486,0.3293514635256994,100,0,1
2016.07.16,01:43:45,0.36824707386557887,0.4198077135658752,0.3248723216644889,0.3391534006117205,100,0,1
2016.07.17,01:43:45,0.38073826900036584,0.3922334337539539,0.33670491887260534,0.33745715133833404,100,0,1
2016.07.18,01:43:45,0.4125031476698812,0.44125731391758327,0.3369448327901219,0.4290833890904684,100,0,1
2016.07.19,01:43:45,0.5732067880456199,0.6546233154873516,0.5289728353710188,0.5881877891956322,100,0,1
2016.07.20,01:43:45,0.547331371920183,0.5996067963256053,0.48400638072888624,0.5280941437997927,100,0,1
2016.07.21,01:43:45,0.6500487281740133,0.7110856261522083,0.5682829473073153,0.5704868639475171,100,0,1
2016.07.22,01:43:45,0.6398985222742646,0.6974312146767173,0.5494611658558436,0.6945308823316981,100,0,1
2016.07.23,01:43:45,0.643110284706691,0.679602132905262,0.5802859081093762,0.6459094507836316,100,0,1
2016.07.24,01:43:45,0.613385144454288,0.6407925194145403,0.5476894977820297,0.605965795684291,100,0,1
2016.07.25,01:43:45,0.6381140437260651,0.7196584422307254,0.5689157464668685,0.6004777302576507,100,0,1
2016.07.26,01:43:45,0.7254561940393062,0.7813127019074463,0.6400238417236277,0.7107283233058955,100,0,1
2016.07.27,01:43:45,0.8000646069976525,0.8279430573970327,0.7422073633157887,0.7688320233160576,100,0,1
2016.07.28,01:43:45,0.8070554793324731,0.8409055654015121,0.7582942382785157,0.7700133403762688,100,0,1
2016.07.29,01:43:45,0.7600314549824025,0.7965507064981304,0.7217199425413969,0.7781227212653116,100,0,1
2016.07.30,01:43:45,0.7535212227893713,0.8129753840970307,0.6732033274428464,0.7311046918183425,100,0,1
2016.07.31,01:43:45,0.7124707234820097,0.7232303639039892,0.695752181799786,0.7063985194543598,100,0,1
2016.08.01,01:43:45,0.7155703840727196,0.7594921343033127,0.6580097610824694,0.7194205943340388,100,0,1
2016.08.02,01:43:45,0.6935175465829345,0.7280842872252715,0.6390516256659279,0.6800315709306917,100,0,1
2016.08.03,01:43:45,0.6942571560616062,0.7923294971996689,0.6179098789445537,0.6805916591345401,100,0,1
2016.08.04,01:43:45,0.7071545667478468,0.7821048171515099,0.6674879327437834,0.6710516169548348,100,0,1
2016.08.05,01:43:45,0.7101736762646665,0.7812868522819212,0.7009606651653606,0.7810732695602908,100,0,1
2016.08.06,01:43:45,0.6407281229990117,0.6887937306139951,0.5876173557943487,0.6507162396138872,100,0,1
2016.08.07,01:43:45,0.5952326451965961,0.6819570042726941,0.5271345026697418,0.6323786684106958,100,0,1
2016.08.08,01:43:45,0.5730385111119547,0.6131523030316163,0.5282750491082956,0.5922886144482297,100,0,1
2016.08.09,01:43:45,0.47978446621460924,0.5510280577882976,0.43402415980029324,0.49504229823313084,100,0,1
2016.08.10,01:43:45,0.39336450870135975,0.46347652621493873,0.3478114721472467,0.3586114731406655,100,0,1
2016.08.11,01:43:45,0.41445223172171963,0.44172195770286327,0.37618419398240327,0.39927166496863203,100,0,1
2016.08.12,01:43:45,0.32549280570193817,0.37759820950722134,0.2469409638453412,0.3228409144237352,100,0,1
2016.08.13,01:43:45,0.3154757106684831,0.35224017672943764,0.26806391879646685,0.3087998290142005,100,0,1
2016.08.14,01:43:45,0.2735068782569868,0.32650357699088683,0.21090322290597707,0.26019667498233484,100,0,1
2016.08.15,01:43:45,0.24594278155286015,0.31553404733327545,0.1793774492853889,0.18777848079761966,100,0,1
2016.08.16,01:43:45,0.2983435256216683,0.3386965550821402,0.25893849093281246,0.2689650035622342,100,0,1
2016.08.17,01:43:45,0.29587695688922455,0.3659893441387645,0.23583472356630802,0.2900673509742781,100,0,1
2016.08.18,01:43:45,0.25849248217230575,0.3181041000059542,0.23460166073808758,0.29517792972920215,100,0,1
2016.08.19,01:43:45,0.32437726201633066,0.37555079015745507,0.2533699163936352,0.3679141685594274,100,0,1
2016.08.20,01:43:45,0.30756491018464927,0.388294471428495,0.2601961297086696,0.26855577727395424,100,0,1
2016.08.21,01:43:45,0.3493302534137682,0.372401162156387,0.2760795711843634,0.3523069898113309,100,0,1
2016.08.22,01:43:45,0.3234553348739579,0.35638895216491906,0.2952866870843638,0.3479662810705901,100,0,1
2016.08.23,01:43:45,0.37800685599659267,0.42393450627231793,0.3415739623306967,0.35148559569456234,100,0,1
2016.08.24,01:43:45,0.4233602357692674,0.4771643344323065,0.36777555285007596,0.451021045499801,100,0,1
2016.08.25,01:43:45,0.37595817363831735,0.4422693391541516,0.3442766237604428,0.35058883466925944,100,0,1
2016.08.26,01:43:45,0.3807930973258178,0.40137217282777643,0.3441086472595989,0.3449337989782675,100,0,1
2016.08.27,01:43:45,0.38869133560779456,0.41943756439827984,0.3858317604218892,0.40211844893642495,100,0,1
2016.08.28,01:43:45,0.3988906845854288,0.4436129809801763,0.33424964003750346,0.4279910926877131,100,0,1
2016.08.29,01:43:45,0.3814890214222776,0.4317441157705336,0.3319512228193182,0.3743275435640758,100,0,1
2016.08.30,01:43:45,0.4206056763943726,0.4907322748649251,0.33515060050080286,0.476142494574441,100,0,1
2016.08.31,01:43:45,0.4851549677261667,0.5577081083546412,0.38704993006163146,0.40252372584094215,100,0,1
2016.09.01,01:43:45,0.5256269389117394,0.590195081298335,0.48170393191680994,0.5230312273883506,100,0,1
2016.09.02,01:43:45,0.5839920512253564,0.6119554675205908,0.5518370058785382,0.6073559508137671,100,0,1
2016.09.03,01:43:45,0.5825759304093867,0.613817894031066,0.5282346711364619,0.5339714019929951,100,0,1
2016.09.04,01:43:45,0.6315846190814451,0.6844068252376785,0.5960635641804297,0.6597373773298463,100,0,1
2016.09.05,01:43:45,0.6970499936477269,0.7126738224122258,0.6159339867575494,0.6901595184192337,100,0,1
2016.09.06,01:43:45,0.6951237258919352,0.7427865794434734,0.6301232653592296,0.733924872804776,100,0,1
2016.09.07,01:43:45,0.6849983182193574,0.7442551562395756,0.6261674411126875,0.6365265999411781,100,0,1
2016.09.08,01:43:45,0.744055788331941,0.7613975036903419,0.7243181622932935,0.7392259564833112,100,0,1
2016.09.09,01:43:45,0.7351903485302524,0.8014384595548376,0.6952765288770194,0.7203170369719173,100,0,1
2016.09.10,01:43:45,0.8072459763081595,0.8695661405476918,0.7144254204100128,0.8111184771344313,100,0,1
2016.09.11,01:43:45,0.8188298109403047,0.8772348687866094,0.7663965432334864,0.7987274418499305,100,0,1
2016.09.12,01:43:45,0.8168686406728446,0.863699828634826,0.7547727514967365,0.785424898030242,100,0,1
2016.09.13,01:43:45,0.7756075508436323,0.8056531420305253,0.7279070253210824,0.75871135321478,100,0,1
2016.09.14,01:43:45,0.7207678585501958,0.7418036495524969,0.6330553805327559,0.7130028275903146,100,0,1
2016.09.15,01:43:45,0.6791922651913178,0.7469270799706487,0.6311093740006395,0.6320389203709144,100,0,1
2016.09.16,01:43:45,0.6393086987566652,0.6853402815376536,0.5904069324960264,0.596597636284463,100,0,1
2016.09.17,01:43:45,0.5501589513954211,0.5988663399954712,0.518499975723614,0.5253202007214061,100,0,1
2016.09.18,01:43:45,0.6122193934841471,0.6649261987097235,0.5604598810468095,0.6554768487762861,100,0,1
2016.09.19,01:43:45,0.5845225566804517,0.6524368609385043,0.4826419947410764,0.5290087121310457,100,0,1
2016.09.20,01:43:45,0.5436267678496869,0.601854231412416,0.49373206562492084,0.5352233253853583,100,0,1
2016.09.21,01:43:45,0.5230736110285105,0.5545731943794632,0.5039322148695753,0.5406308103090796,100,0,1
2016.09.22,01:43:45,0.5524628854527446,0.6285566632592416,0.4762445514237618,0.610817557465866,100,0,1
2016.09.23,01:43:45,0.5086592712636792,0.5629937785091357,0.4347162936204775,0.4996236785751625,100,0,1
2016.09.24,01:43:45,0.5090042870865812,0.5704951605702006,0.4526481548231413,0.5566440918577201,100,0,1
2016.09.25,01:43:45,0.5527854654399534,0.588708560009881,0.548551856024378,0.5605578003033086,100,0,1
2016.09.26,01:43:45,0.5612192192310312,0.6481759483406878,0.515054686144071,0.5770983485732536,100,0,1
2016.09.27,01:43:45,0.5100284723840547,0.5500836225271659,0.44694568393821055,0.5300826479667804,100,0,1
2016.09.28,01:43:45,0.4915868748639479,0.5596434732556396,0.4478686551577947,0.4538943790393925,100,0,1
2016.09.29,01:43:45,0.47256433009785775,0.5129599512968614,0.41722834217589216,0.49922422166293096,100,0,1
2016.09.30,01:43:45,0.46169759333787513,0.49063580557764613,0.428872438124218,0.43144112522964806,100,0,1
2016.10.01,01:43:45,0.5599306602002276,0.6563408076374231,0.49516562280119275,0.6025993095000949,100,0,1
2016.10.02,01:43:45,0.5803513502950718,0.6351807684228492,0.5484511352910325,0.6065076672172495,100,0,1
2016.10.03,01:43:45,0.5862054400906563,0.60889801383789,0.5544151445398858,0.5751213981578998,100,0,1
2016.10.04,01:43:45,0.563503219813381,0.5769641144967992,0.520908389676918,0.5386768226937665,100,0,1
2016.10.05,01:43:45,0.41679460272127206,0.493942292217044,0.3433686057375143,0.4572116689719199,100,0,1
2016.10.06,01:43:45,0.41197071324916223,0.45876780998526845,0.3962680854887725,0.41172579187918107,100,0,1
2016.10.07,01:43:45,0.3192159232138355,0.3726272704152518,0.2845589609284804,0.3242808298827744,100,0,1
2016.10.08,01:43:45,0.23522319559369695,0.29367940355506833,0.18594616696672758,0.20780941876997686,100,0,1
2016.10.09,01:43:45,0.19171532557185278,0.24658483026272696,0.13604176282369387,0.23157180008531042,100,0,1
2016.10.10,01:43:45,0.24600671345858788,0.3066170742330689,0.19689141771672913,0.23696377847769712,100,0,1
2016.10.11,01:43:45,0.28995963190680313,0.34355409235916196,0.2440075606159089,0.24912881964459718,100,0,1
2016.10.12,01:43:45,0.34269777403048934,0.4117350449833854,0.2972710707171531,0.31334413703615,100,0,1
2016.10.13,01:43:45,0.440317292081816,0.5159872403751,0.4124883334453562,0.49908706247225176,100,0,1
2016.10.14,01:43:45,0.46225316261456795,0.562339746029246,0.4288584368620391,0.5370963806116953,100,0,1
2016.10.15,01:43:45,0.41579649367399973,0.46700074186578894,0.3660485307829702,0.377226214314486,100,0,1
2016.10.16,01:43:45,0.4368076235677472,0.46105005392633613,0.3910936419928334,0.4144755318884458,100,0,1
2016.10.17,01:43:45,0.42860396528403144,0.4837734693906132,0.39478807841496866,0.4242679577447911,100,0,1
2016.10.18,01:43:45,0.3280440763303271,0.37584978462106927,0.2653713113658161,0.37377155714325355,100,0,1
2016.10.19,01:43:45,0.23832187970628285,0.3113761747122009,0.20110929065531147,0.2108863405934723,100,0,1
2016.10.20,01:43:45,0.30428001034272256,0.3482778659399137,0.25805779217806,0.32410956394112533,100,0,1
2016.10.21,01:43:45,0.28919092000009655,0.32598607066828433,0.2509444067296952,0.29499462565889206,100,0,1
2016.10.22,01:43:45,0.27785430728233557,0.35099306634490923,0.22447890694260736,0.27457566050995386,100,0,1
2016.10.23,01:43:45,0.2869458838600517,0.34707436177950823,0.23110178497719178,0.2451749802941782,100,0,1
2016.10.24,01:43:45,0.28959814106924436,0.30700293458624295,0.25280565821100404,0.2975926407187696,100,0,1
2016.10.25,01:43:45,0.2464869115640725,0.29430958172694055,0.20674432697311418,0.2418242831649277,100,0,1
2016.10.26,01:43:45,0.23225993648932675,0.27415503543980096,0.19772363548378177,0.24967424906010782,100,0,1
2016.10.27,01:43:45,0.34680730745154326,0.4106567962380416,0.2530763244537184,0.3792192733209851,100,0,1
2016.10.28,01:43:45,0.3466445410638476,0.39569451224452185,0.3361096145080928,0.388657412031088,100,0,1
2016.10.29,01:43:45,0.32511109634199625,0.39285302317535337,0.3020176644057642,0.3185023836573154,100,0,1
2016.10.30,01:43:45,0.29267055178186635,0.36292114609005066,0.24917848361798475,0.2512317207739079,100,0,1
2016.10.31,01:43:45,0.2983205915335351,0.34524192718672886,0.24730430179764212,0.25979352427711655,100,0,1
2016.11.01,01:43:45,0.2385049899114622,0.3018765770802314,0.1916445599503704,0.21160637855040443,100,0,1
2016.11.02,01:43:45,0.279102332215014,0.3325355019806491,0.2579683039608743,0.3102552293131046,100,0,1
2016.11.03,01:43:45,0.22740596614522765,0.27257032317917773,0.18401815635072027,0.19008114143427896,100,0,1
2016.11.04,01:43:45,0.18223916305817126,0.2535672152336996,0.10854606262284965,0.23813338536215922,100,0,1
2016.11.05,01:43:45,0.05017245081776722,0.12458999405222852,-0.00353030977669494,0.05834566191776409,100,0,1
2016.11.06,01:43:45,-0.05808128367978158,-0.007219967274060532,-0.09421391979313247,-0.0190838237153345,100,0,1
2016.11.07,01:43:45,-0.13256778409454187,-0.05061308484836173,-0.2165579845126964,-0.18108152874996217,100,0,1
2016.11.08,01:43:45,-0.10455710306247182,-0.00727007583008249,-0.14258473454552006,-0.11405159167491133,100,0,1
2016.11.09,01:43:45,-0.06969638452777036,-0.04713176882548534,-0.11561687423503403,-0.0932158885681651,100,0,1
2016.11.10,01:43:45,-0.012809873935199645,-0.0011870455603456755,-0.08752042674247172,-0.007030726018237288,100,0,1
2016.11.11,01:43:45,0.004297830184430904,0.05331581860723489,-0.01422092113687587,0.009775493647101022,100,0,1
2016.11.12,01:43:45,0.04788371890078111,0.08987500499764398,-0.0029903059908932064,0.050201709080940564,100,0,1
2016.11.13,01:43:45,0.04991929724241565,0.10114594810888049,-0.01787513753634743,0.0611514427774919,100,0,1
2016.11.14,01:43:45,0.025736678210701497,0.07756628836305207,-0.00909383814153917,0.007826120128724509,100,0,1
2016.11.15,01:43:45,0.1288628826976244,0.1547005034445029,0.0904136673358496,0.1093302347478866,100,0,1
2016.11.16,01:43:45,0.12652652676800744,0.2136798846734093,0.09848148254162772,0.14186631013734663,100,0,1
2016.11.17,01:43:45,0.20856391413400385,0.2541723466636127,0.16859366570476098,0.2499079580636076,100,0,1
2016.11.18,01:43:45,0.1655585071633583,0.21749047866284665,0.11473563028977096,0.18333844174051556,100,0,1
2016.11.19,01:43:45,0.22011887512402512,0.27218874926719866,0.18909862782823234,0.20444538495444095,100,0,1
2016.11.20,01:43:45,0.18248199283551025,0.2382053562549315,0.0972800160326463,0.09864573569963954,100,0,1
2016.11.21,01:43:45,0.2319414276674871,0.3094346350867189,0.15321291073215254,0.16974275730566935,100,0,1
2016.11.22,01:43:45,0.34765995028122776,0.38779345315381847,0.2991674257348036,0.3423180727229936,100,0,1
2016.11.23,01:43:45,0.29711302968808073,0.3442709089907674,0.23237036403524103,0.260908411279579,100,0,1
2016.11.24,01:43:45,0.272167903272955,0.32281784602039265,0.21553422637867375,0.24781544801151012,100,0,1
2016.11.25,01:43:45,0.2805015333926001,0.3640369369437326,0.23615169802426295,0.33938199103799005,100,0,1
2016.11.26,01:43:45,0.3076326258593242,0.3576229251669484,0.2651999703513415,0.2877505102731588,100,0,1
2016.11.27,01:43:45,0.3418630271004316,0.39937020261081774,0.33219071201685024,0.3945248704656974,100,0,1
2016.11.28,01:43:45,0.3366930838457407,0.4025483306513563,0.30347985403361055,0.3202299855860721,100,0,1
2016.11.29,01:43:45,0.45820430028440845,0.5045312718176411,0.4260101520529931,0.4790221682645749,100,0,1
2016.11.30,01:43:45,0.5114302189758532,0.5385087966757336,0.4846594198402212,0.5208914731022095,100,0,1
2016.12.01,01:43:45,0.5324790873598753,0.5657483694088112,0.4909896161427256,0.5479879807125626,100,0,1
2016.12.02,01:43:45,0.5151276076668792,0.5364812381650672,0.45838487162797426,0.5042046172228764,100,0,1
2016.12.03,01:43:45,0.46792940596379445,0.5214868909831751,0.37531667472537134,0.4987115341297941,100,0,1
2016.12.04,01:43:45,0.3856274070959034,0.43687391354016,0.32559761148656535,0.347068770110627,100,0,1
2016.12.05,01:43:45,0.3840836557064669,0.44129870910462043,0.3096611999280344,0.32159088578118666,100,0,1
2016.12.06,01:43:45,0.3419503556653692,0.39709585606514464,0.2938115090591425,0.38500973861338594,100,0,1
2016.12.07,01:43:45,0.24121403562980412,0.2859960369915801,0.17417208594435674,0.24003732205219586,100,0,1
2016.12.08,01:43:45,0.28112274538629434,0.33412122506542447,0.2401680091407345,0.26088651639547195,100,0,1
2016.12.09,01:43:45,0.2728193508508047,0.34178393177230676,0.22653474139324603,0.3085109910974084,100,0,1
2016.12.10,01:43:45,0.22968853911318318,0.2705226568355139,0.1940391833396889,0.26939890960643753,100,0,1
2016.12.11,01:43:45,0.19773967265368883,0.2649845105793758,0.1812570611110021,0.21060425294579427,100,0,1
2016.12.12,01:43:45,0.19266612555565174,0.24192127694016818,0.1615996131948921,0.21043431166635287,100,0,1
2016.12.13,01:43:45,0.2560007480144469,0.2721103707995731,0.21261904992333128,0.2567254497300767,100,0,1
2016.12.14,01:43:45,0.2733038146568395,0.27964871693611976,0.21969507060234408,0.22648752916677434,100,0,1
2016.12.15,01:43:45,0.3379902577827257,0.35271482604064736,0.3089030846249975,0.35248175242893226,100,0,1
2016.12.16,01:43:45,0.2674600406565187,0.35723161791558045,0.22126895047099082,0.3245100989729901,100,0,1
2016.12.17,01:43:45,0.26634478012036195,0.31166790225868624,0.16563150546201563,0.2945898857647685,100,0,1
2016.12.18,01:43:45,0.21937070783410242,0.23181885484384213,0.15035241613085723,0.17925831557750893,100,0,1
2016.12.19,01:43:45,0.2369705808206497,0.27646176396820854,0.1844193920937336,0.27235853255795384,100,0,1
2016.12.20,01:43:45,0.2745216594208487,0.2898477144996307,0.2488369719214677,0.26550940354350105,100,0,1
2016.12.21,01:43:45,0.2824025515819808,0.35373256922265567,0.23273307273077493,0.2445956924959892,100,0,1
2016.12.22,01:43:45,0.25595478825590756,0.2799025021816949,0.18189131589811153,0.27102963316177164,100,0,1
2016.12.23,01:43:45,0.24559292521622725,0.28747233079393164,0.18210363118280926,0.1830617457234561,100,0,1
2016.12.24,01:43:45,0.24398233371484573,0.2824004966902559,0.16527067973266263,0.2611515253567131,100,0,1
2016.12.25,01:43:45,0.21946880279312742,0.2853495387786671,0.17216511245502214,0.2177534901576866,100,0,1
2016.12.26,01:43:45,0.2198779026142426,0.2577540217000792,0.18028595184034668,0.2226872655089193,100,0,1
2016.12.27,01:43:45,0.19541505894037872,0.24431298197980056,0.12265231554166064,0.17196108475140803,100,0,1
2016.12.28,01:43:45,0.15444990925459376,0.2084103297235394,0.0903557779659316,0.19411584792437914,100,0,1
2016.12.29,01:43:45,0.13042364720316701,0.15499583587465582,0.07458847018502852,0.11658892666687848,100,0,1
2016.12.30,01:43:45,0.21807642068970032,0.2554701904636106,0.1592669963931448,0.21443914329076347,100,0,1
2016.12.31,01:43:45,0.2951427381644782,0.34590133696531455,0.26352946510084735,0.3436507796766168,100,0,1
2017.01.01,01:43:45,0.2761158815452899,0.32601098855351546,0.22062632584293562,0.23737524929999224,100,0,1
2017.01.02,01:43:45,0.2654204476459279,0.28112593668209507,0.21671334417683924,0.2707630354997108,100,0,1
2017.01.03,01:43:45,0.21698108450469056,0.30483814596751607,0.14281066022159647,0.21796827146066913,100,0,1
2017.01.04,01:43:45,0.1942213551204482,0.25789166573861916,0.13585981251513551,0.21861995366775688,100,0,1
2017.01.05,01:43:45,0.22111874708559606,0.23594676880376264,0.17083638213807756,0.17632792647339282,100,0,1
2017.01.06,01:43:45,0.24574751264936806,0.3009125782476485,0.19678331122353962,0.2977538699402872,100,0,1
2017.01.07,01:43:45,0.2987526644719355,0.35676397236286833,0.23150926715067108,0.2638257029695953,100,0,1
2017.01.08,01:43:45,0.24836548720486878,0.28626589558689847,0.18948660961008207,0.2360294047910071,100,0,1
2017.01.09,01:43:45,0.20939364580422673,0.25866910813379557,0.1594919309738664,0.24899159996936931,100,0,1
2017.01.10,01:43:45,0.2336192576298794,0.2728925611942242,0.20763802244120194,0.21448502144202108,100,0,1
2017.01.11,01:43:45,0.2891662362562856,0.33704768506689464,0.21186397067624896,0.30623087286269807,100,0,1
2017.01.12,01:43:45,0.2452764586521559,0.30642600420747895,0.20214411998938112,0.24421780930555223,100,0,1
2017.01.13,01:43:45,0.22641346091867962,0.2854136206487665,0.20190821359131825,0.24659134302170904,100,0,1
2017.01.14,01:43:45,0.286752410349408,0.3282434092713837,0.23195294783350162,0.2584738030006081,100,0,1
2017.01.15,01:43:45,0.3310854946385534,0.38179978403502357,0.265204219028415,0.3704114906758629,100,0,1
2017.01.16,01:43:45,0.2729873934512057,0.31989916056989004,0.2303470495945713,0.2940167654770944,100,0,1
2017.01.17,01:43:45,0.26875426606116526,0.2964661123536421,0.19316780673121436,0.237518365286069,100,0,1
2017.01.18,01:43:45,0.2795275179144371,0.29182161638972015,0.22827815363676318,0.23696053163507966,100,0,1
2017.01.19,01:43:45,0.2726282958560639,0.3043985185017027,0.19468299312366158,0.2562324335756846,100,0,1
2017.01.20,01:43:45,0.3500335080072893,0.35876923642186603,0.2922283098544468,0.31108188551910115,100,0,1
2017.01.21,01:43:45,0.37231576973074787,0.42859781329869007,0.34654802039110116,0.4282896975040199,100,0,1
2017.01.22,01:43:45,0.32348027744329233,0.3977683258735322,0.2913353385503019,0.390364375790466,100,0,1
2017.01.23,01:43:45,0.3772032042860594,0.43221522647481103,0.31033543363689753,0.3163107903630021,100,0,1
2017.01.24,01:43:45,0.3656103426931485,0.42855532946942526,0.2895638361563905,0.3032418619987062,100,0,1
2017.01.25,01:43:45,0.4359271461675645,0.48153732809342825,0.3787521871842207,0.4254158053242985,100,0,1
2017.01.26,01:43:45,0.39866562818431533,0.47485206095008714,0.36370447715555737,0.36635322221742095,100,0,1
2017.01.27,01:43:45,0.49015621391392783,0.5322939225171007,0.4130951794852255,0.5098080592434013,100,0,1
2017.01.28,01:43:45,0.41987356876993026,0.4712518290435871,0.3676548171165562,0.45286915813082923,100,0,1
2017.01.29,01:43:45,0.4906443913653169,0.5465202005706372,0.4380705270682974,0.4987365588231486,100,0,1
2017.01.30,01:43:45,0.5966448713553604,0.6719510260085334,0.5164069048600229,0.5826689688281943,100,0,1
2017.01.31,01:43:45,0.6001469147607347,0.6979696932366879,0.5779059463894943,0.6333065218818491,100,0,1
2017.02.01,01:43:45,0.5316881581516801,0.5930081957002699,0.491505762874913,0.5202160121259797,100,0,1
2017.02.02,01:43:45,0.6646445845314208,0.6923955816238937,0.6199784303924355,0.6662484757846103,100,0,1
2017.02.03,01:43:45,0.7686880152652654,0.8242791212319077,0.7184419421725419,0.8027435666523326,100,0,1
2017.02.04,01:43:45,0.8440229309761335,0.9028695751263037,0.787940717839003,0.8133070598876618,100,0,1
2017.02.05,01:43:45,0.8781040156710354,0.9143930658192636,0.8344087177339296,0.8466381010221881,100,0,1
2017.02.06,01:43:45,0.8570682150054975,0.8907373127553865,0.7994805026844419,0.8239224117556457,100,0,1
2017.02.07,01:43:45,0.8586149484814186,0.9418563469911579,0.8294784527015893,0.8934810289175189,100,0,1
2017.02.08,01:43:45,0.8721138502081288,0.8956159209769816,0.8229706107913741,0.892459419593317,100,0,1
2017.02.09,01:43:45,0.9402895435508475,0.9613265942187723,0.8660201361401267,0.916787136573683,100,0,1
2017.02.10,01:43:45,0.9484735981919129,0.978494990810716,0.8964862562731059,0.9347709395300221,100,0,1
2017.02.11,01:43:45,1.0043370074066682,1.0482657140824898,0.9821616372340665,1.0064855819567233,100,0,1
2017.02.12,01:43:45,0.9457284126367861,1.0000598770344251,0.8676828304112398,0.8822054105019774,100,0,1
2017.02.13,01:43:45,1.0159683545608105,1.0326476024321098,0.9517164871526647,0.9941580649331051,100,0,1
2017.02.14,01:43:45,0.9994821199300298,1.032296325820555,0.9356340888956488,1.0090942036158443,100,0,1
2017.02.15,01:43:45,0.9675811811290577,0.9965902453407638,0.8985523878962873,0.9927514019617523,100,0,1
2017.02.16,01:43:45,0.8732354018199578,0.917929841807899,0.8288808479292179,0.8855862124738711,100,0,1
2017.02.17,01:43:45,0.8896390064263743,0.9088909203501244,0.8333550318357023,0.8855187344891109,100,0,1
2017.02.18,01:43:45,0.9954573852716225,1.0321484406543902,0.9806523738788101,0.984690513132883,100,0,1
2017.02.19,01:43:45,0.8967214020806333,0.9508165533512748,0.8327876371733653,0.9502804622573796,100,0,1
2017.02.20,01:43:45,0.9271015099785275,0.9950281519654323,0.8708190712232625,0.8877308857095487,100,0,1
2017.02.21,01:43:45,0.9584500934743682,1.0217749011848756,0.9064009650011945,0.9382469172970036,100,0,1
2017.02.22,01:43:45,1.0989493030161352,1.1658079815193676,1.0640417632756125,1.1163703403954068,100,0,1
2017.02.23,01:43:45,1.1423744762348123,1.1798391441777951,1.0970805370973546,1.1365863241746206,100,0,1
2017.02.24,01:43:45,1.107973062947213,1.1429529454665868,1.0465149446906432,1.1073251877829007,100,0,1
2017.02.25,01:43:45,1.1316902205011774,1.1622372040510727,1.089577880254415,1.1576667554722595,100,0,1
2017.02.26,01:43:45,1.1618407514433837,1.192377734876796,1.1207378761169313,1.1288529782853138,100,0,1
2017.02.27,01:43:45,1.2255482372341338,1.281153635828367,1.206509712528242,1.2254792578007414,100,0,1
2017.02.28,01:43:45,1.1558978202160701,1.194043089237147,1.1179480397279582,1.1650060718343573,100,0,1
2017.03.01,01:43:45,1.1699875205876555,1.2062306727860845,1.133921497217505,1.1744297100373575,100,0,1
2017.03.02,01:43:45,1.1087606313677636,1.1866320335279992,1.0521790396342818,1.1690406424564945,100,0,1
2017.03.03,01:43:45,1.146674738880325,1.1625497710925528,1.083170642827538,1.1105198155709521,100,0,1
2017.03.04,01:43:45,1.2191631296807606,1.2563711227468977,1.1537206374241324,1.2131601735142987,100,0,1
2017.03.05,01:43:45,1.295053405726045,1.347246244023368,1.2807258244277202,1.2967008920098315,100,0,1
2017.03.06,01:43:45,1.3147104357048902,1.3673314773431433,1.2634545066562504,1.2973823580309893,100,0,1
2017.03.07,01:43:45,1.3095697388541065,1.3360885510077192,1.222437299265532,1.225646522083077,100,0,1
2017.03.08,01:43:45,1.3121364604850094,1.3422391000213816,1.296624385170959,1.297595619653742,100,0,1
2017.03.09,01:43:45,1.329802977776615,1.3913351811603945,1.2708448000460597,1.3695413203292428,100,0,1
2017.03.10,01:43:45,1.377496369625045,1.4334716376627261,1.3223166690547934,1.3918051742722546,100,0,1
2017.03.11,01:43:45,1.3686769438351076,1.424115821820342,1.2966286303066608,1.4052839061145406,100,0,1
2017.03.12,01:43:45,1.2474125355484968,1.3215276000214682,1.204936432922359,1.2270190016881268,100,0,1
2017.03.13,01:43:45,1.3402728917149351,1.393663168156607,1.321449001848843,1.3542963576369826,100,0,1
2017.03.14,01:43:45,1.397329722026038,1.4304427168110243,1.3100771864001346,1.3858584167485066,100,0,1
2017.03.15,01:43:45,1.4213826578212578,1.4532402896938519,1.3844889292719598,1.413271216392285,100,0,1
2017.03.16,01:43:45,1.5214955476970784,1.549123833730564,1.4652483464405515,1.4888492363580672,100,0,1
2017.03.17,01:43:45,1.6581321500518602,1.7214577428015958,1.6027877170622409,1.6589885036151233,100,0,1
2017.03.18,01:43:45,1.7175083944345653,1.741092364660775,1.6717901440493703,1.6750306999218239,100,0,1
2017.03.19,01:43:45,1.7546824431100276,1.8137551500105846,1.6754350994639817,1.7372199242959754,100,0,1
2017.03.20,01:43:45,1.794968819752227,1.8286108604584843,1.7216736210712735,1.7601224860426632,100,0,1
2017.03.21,01:43:45,1.8682945197598657,1.9349420055837805,1.816358957791221,1.933666226925008,100,0,1
2017.03.22,01:43:45,1.8037852838968529,1.848281487712372,1.7379515103819958,1.7615320322724264,100,0,1
2017.03.23,01:43:45,1.8347491838576295,1.8859621474466957,1.8148155582390906,1.8508897165548022,100,0,1
2017.03.24,01:43:45,1.8456331851062862,1.8953774851251248,1.802902246894639,1.834761280700474,100,0,1
2017.03.25,01:43:45,1.8402502879421287,1.905328209168246,1.7777475271985186,1.8395113964975853,100,0,1
2017.03.26,01:43:45,1.8654562279814915,1.921004139275767,1.8206123885804335,1.8316360732874413,100,0,1
2017.03.27,01:43:45,1.8598006754287064,1.891088344708149,1.8329852745230792,1.8419451594079905,100,0,1
2017.03.28,01:43:45,1.763359263872301,1.7978107037076125,1.7458376738561037,1.7736748911336557,100,0,1
2017.03.29,01:43:45,1.7797289655320372,1.8570621039645685,1.7647286811196647,1.8415744431251255,100,0,1
2017.03.30,01:43:45,1.7110703147727198,1.7652711982866267,1.671235044348584,1.743138418232731,100,0,1
2017.03.31,01:43:45,1.6380126023418318,1.6567110570502477,1.615604273515811,1.6452046721018436,100,0,1
2017.04.01,01:43:45,1.6456202276519387,1.697143184768027,1.6022134337437264,1.615686929688201,100,0,1
2017.04.02,01:43:45,1.7065578135837385,1.7551240973377433,1.6759030780285085,1.6962300659606373,100,0,1
2017.04.03,01:43:45,1.7161106469734555,1.7914378631576204,1.6607926671306605,1.6640534113400742,100,0,1
2017.04.04,01:43:45,1.688219807458624,1.7108106270169574,1.6303185637298798,1.6413192630411135,100,0,1
2017.04.05,01:43:45,1.744700900495927,1.7859290989102328,1.7276286122439897,1.7610972741428796,100,0,1
2017.04.06,01:43:45,1.7131325172552665,1.783149019544183,1.6608020722075072,1.7764125404198972,100,0,1
2017.04.07,01:43:45,1.7631259892660684,1.7993022366290825,1.7074910793327274,1.7936653390060606,100,0,1
2017.04.08,01:43:45,1.7572466297417497,1.8189277407830295,1.7484070109678893,1.7504383313538827,100,0,1
2017.04.09,01:43:45,1.7597004394757518,1.8086869591805776,1.7072386768917722,1.728341652209519,100,0,1
2017.04.10,01:43:45,1.7152094246766527,1.7752066583103496,1.6155455310490723,1.763898705464578,100,0,1
2017.04.11,01:43:45,1.754367067600245,1.8093866619182835,1.6970732694102937,1.7136427652393624,100,0,1
2017.04.12,01:43:45,1.7438361622272573,1.7654265113288796,1.6988396966365682,1.729846005762372,100,0,1
2017.04.13,01:43:45,1.7572058704027986,1.8217346273188892,1.6671218620109647,1.7151577988203164,100,0,1
2017.04.14,01:43:45,1.7153050702375419,1.778345118119788,1.659026933065957,1.707067815705998,100,0,1
2017.04.15,01:43:45,1.7572098178667328,1.783961368293418,1.7287056820433162,1.7773858390874582,100,0,1
2017.04.16,01:43:45,1.7522561609596115,1.816534753036021,1.6940255602569287,1.7580232295286047,100,0,1
2017.04.17,01:43:45,1.8531167440732403,1.8936742155120856,1.8305948004616235,1.8927771444209749,100,0,1
2017.04.18,01:43:45,1.9103593491776305,1.9257034191946298,1.8736188937719158,1.9057145757893366,100,0,1
2017.04.19,01:43:45,1.909520754356386,1.9536472265179392,1.8629331784412309,1.9384400256792942,100,0,1
2017.04.20,01:43:45,1.860120426553765,1.892004494561193,1.8107441378407634,1.8800192710866024,100,0,1
2017.04.21,01:43:45,1.8597867293058286,1.9164123403673312,1.8247354739355988,1.8713088775466993,100,0,1
2017.04.22,01:43:45,1.9059178286299487,1.95553249287043,1.8580853825107144,1.9383805883813896,100,0,1
2017.04.23,01:43:45,1.86080442010001,1.9363326042864817,1.802853325644325,1.8639982514509723,100,0,1
2017.04.24,01:43:45,1.814494271381322,1.8483684881422875,1.7468139150949757,1.8354267065669796,100,0,1
2017.04.25,01:43:45,1.8800541691765882,1.915853135168717,1.8237651566190891,1.8479855927702789,100,0,1
2017.04.26,01:43:45,1.9195085017619409,1.9764400962296786,1.9097908769313259,1.969122823233599,100,0,1
2017.04.27,01:43:45,1.9491330885988734,2.010001759397066,1.8340196155733581,1.9721792789948673,100,0,1
2017.04.28,01:43:45,1.9018600515186341,1.9535866129680841,1.872678664383541,1.9308690107863773,100,0,1
2017.04.29,01:43:45,1.9311072316125288,1.9802652464238064,1.8690219339836616,1.9388289963748757,100,0,1
2017.04.30,01:43:45,1.8954292185184707,1.9396256654206985,1.8441874461458605,1.8935747985088278,100,0,1
2017.05.01,01:43:45,1.9181774888157301,2.0053886323605767,1.8876525530175554,1.8928356406034617,100,0,1
2017.05.02,01:43:45,1.8874799873501826,1.9340596612458203,1.8410209673769062,1.8756441295856041,100,0,1
2017.05.03,01:43:45,1.9375457548916537,1.9810347490096272,1.8869260443168763,1.9378721612027519,100,0,1
2017.05.04,01:43:45,1.9493287456199557,2.0021258146061753,1.8899910739693897,1.9623344982416357,100,0,1
2017.05.05,01:43:45,1.9458055169593085,2.0467814653739893,1.8957085617456788,1.9358967742029403,100,0,1
2017.05.06,01:43:45,1.9805267477279846,2.0390198438638594,1.9082330392780575,1.9233236867133785,100,0,1
2017.05.07,01:43:45,2.0294150059337466,2.1011250310496075,1.9814293115663204,2.0090353320524357,100,0,1
2017.05.08,01:43:45,1.9857383878384924,2.013207187337377,1.9644916469797782,1.973337836702164,100,0,1
2017.05.09,01:43:45,2.0198869609152537,2.0421043421659455,1.9654572447967498,2.0116109469058405,100,0,1
2017.05.10,01:43:45,1.9641074909848912,2.0321799624569903,1.9170989451577816,1.9640563284864483,100,0,1
2017.05.11,01:43:45,1.971523235797206,2.0336058501854155,1.938736898173112,2.008162787465338,100,0,1
2017.05.12,01:43:45,1.907299997026938,1.9583415161223319,1.901520577943008,1.9150608183993418,100,0,1
2017.05.13,01:43:45,1.9008646018572664,1.9462233122486754,1.8610180159785417,1.913013132532937,100,0,1
2017.05.14,01:43:45,1.8874380942760995,1.9719347068075115,1.816837784798136,1.9083802058630033,100,0,1
2017.05.15,01:43:45,1.8957664955787932,1.93902291091976,1.8327742737207997,1.8352101172298907,100,0,1
2017.05.16,01:43:45,1.9960204845877725,2.0299964231395156,1.9670770584955768,2.0212281514595802,100,0,1
2017.05.17,01:43:45,2.0174514930318344,2.0728668180469727,1.9722974734922476,2.0658317130080506,100,0,1
2017.05.18,01:43:45,2.076415807611592,2.1539332997386604,2.0120208917547537,2.087669126555696,100,0,1
2017.05.19,01:43:45,2.061043847600892,2.139824826313089,2.024237140194193,2.1339089320084588,100,0,1
2017.05.20,01:43:45,1.9716334232644577,2.021009396270545,1.9711170932316142,1.9807599472562292,100,0,1
2017.05.21,01:43:45,2.0170179433504556,2.060163694817042,1.9656594192511136,2.0204725619604575,100,0,1
2017.05.22,01:43:45,2.047896541513913,2.0954797044373237,2.026099221432231,2.0734944148105816,100,0,1
2017.05.23,01:43:45,2.0748296298174975,2.148310248260977,2.007954479263663,2.095526448306331,100,0,1
2017.05.24,01:43:45,2.0475535807152996,2.0698106778413234,1.9803843199867648,2.0180784577423427,100,0,1
2017.05.25,01:43:45,2.0816271689913846,2.155827111715801,2.01199641179806,2.1440705141621113,100,0,1
2017.05.26,01:43:45,2.1264829867348416,2.1967470443129966,2.100829247907963,2.194957208458604,100,0,1
2017.05.27,01:43:45,2.1854222023787098,2.2418073814812125,2.1218542280597648,2.2159743196773456,100,0,1
2017.05.28,01:43:45,2.2059173925423914,2.265824985914059,2.154681256696588,2.1752676471238974,100,0,1
2017.05.29,01:43:45,2.176557789208061,2.2126834285101435,2.1594804728652703,2.185340112192906,100,0,1
2017.05.30,01:43:45,2.1743333840102173,2.231398414379649,2.133685250726988,2.181784149112041,100,0,1
2017.05.31,01:43:45,2.2235328625433124,2.2985248737297224,2.1306860023099334,2.2154497619108273,100,0,1
2017.06.01,01:43:45,2.265836393683862,2.3201297399766605,2.2360620493012906,2.282927805249989,100,0,1
2017.06.02,01:43:45,2.335949316876975,2.3389227655223066,2.2966628971025043,2.334014699326137,100,0,1
2017.06.03,01:43:45,2.2649458544019554,2.3128377956109714,2.198201683297616,2.280381477302143,100,0,1
2017.06.04,01:43:45,2.2595789234371013,2.2897970112799406,2.221691934845072,2.2361763767854446,100,0,1
2017.06.05,01:43:45,2.2478800586599244,2.3218214853717147,2.2073478597969056,2.2460496541929196,100,0,1
2017.06.06,01:43:45,2.2555300711130273,2.31590165128162,2.187153071348384,2.2798444299079024,100,0,1
2017.06.07,01:43:45,2.3212378507526132,2.3786162874264307,2.2805664240613286,2.366280414832891,100,0,1
2017.06.08,01:43:45,2.3243821730574625,2.349484028823647,2.3202033669766506,2.339146832577727,100,0,1
2017.06.09,01:43:45,2.371779278202675,2.40039337510553,2.3345881109070676,2.3550001218971643,100,0,1
2017.06.10,01:43:45,2.347040041823141,2.3840502434831605,2.3157056565061422,2.355769276459349,100,0,1
2017.06.11,01:43:45,2.348833492561011,2.3966236579798696,2.341071108122332,2.3495936941730644,100,0,1
2017.06.12,01:43:45,2.3362832445410318,2.4180626912976337,2.286669179025203,2.3571540000594804,100,0,1
2017.06.13,01:43:45,2.335176263535908,2.3742308104220284,2.2952964254604655,2.3138962989819567,100,0,1
2017.06.14,01:43:45,2.3233069898694008,2.3817054835563463,2.268342280728918,2.3380326212943565,100,0,1
2017.06.15,01:43:45,2.274128728386551,2.3020597495509842,2.23058683736853,2.296176024447373,100,0,1
2017.06.16,01:43:45,2.315900728703543,2.3510604810184885,2.2612819092600542,2.270883317583814,100,0,1
2017.06.17,01:43:45,2.32131845500558,2.3897860174168666,2.241991196792915,2.2479690157863508,100,0,1
2017.06.18,01:43:45,2.3564051450054495,2.4021115103668635,2.3121003908405746,2.335529362085879,100,0,1
2017.06.19,01:43:45,2.4095471772415507,2.4975773795022036,2.338611031271766,2.4532471031831804,100,0,1
2017.06.20,01:43:45,2.421137334917263,2.461304043632022,2.3955839059318143,2.4290961893616423,100,0,1
2017.06.21,01:43:45,2.471637985175728,2.517812140079456,2.4473649226927385,2.4931997606833143,100,0,1
2017.06.22,01:43:45,2.4646856674589452,2.5165449576262144,2.410658408484368,2.51469642323489,100,0,1
2017.06.23,01:43:45,2.4635622920027367,2.508426546446399,2.4300164988342945,2.45906189293944,100,0,1
2017.06.24,01:43:45,2.4987384549447444,2.548586031847804,2.4499120675080626,2.4976138984235288,100,0,1
2017.06.25,01:43:45,2.468710339105366,2.5145375617480923,2.399090291629872,2.4840582559770654,100,0,1
2017.06.26,01:43:45,2.428522748812592,2.4509279832109376,2.402432250830252,2.448771807983581,100,0,1
2017.06.27,01:43:45,2.4360385421889315,2.5191307057926298,2.3683084107483947,2.3790204541451367,100,0,1
2017.06.28,01:43:45,2.418480559332746,2.4437796305175703,2.337771681644306,2.4251967868609094,100,0,1
2017.06.29,01:43:45,2.5145780145859673,2.5742959868891737,2.46865215623363,2.5522316208462357,100,0,1
2017.06.30,01:43:45,2.5291350437406255,2.543715460788651,2.4772521625992923,2.4841680636185703,100,0,1
2017.07.01,01:43:45,2.457309202954125,2.4973920044433697,2.420541494810571,2.443307127017724,100,0,1
2017.07.02,01:43:45,2.4927122291380397,2.536048993119332,2.4277611217297803,2.5285699090388607,100,0,1
2017.07.03,01:43:45,2.4802200117528925,2.4994114751080545,2.4306071298633998,2.4484209923198033,100,0,1
2017.07.04,01:43:45,2.4530397107367237,2.509221627112133,2.393773978480251,2.462872182875713,100,0,1
2017.07.05,01:43:45,2.4432395951707333,2.4875793081314974,2.402338652227767,2.435561937513818,100,0,1
2017.07.06,01:43:45,2.4342379991006755,2.546412581521074,2.361576813548786,2.476489913014018,100,0,1
2017.07.07,01:43:45,2.4079361928713197,2.454416812613475,2.359360373867916,2.4390507440311002,100,0,1
2017.07.08,01:43:45,2.3278821127487306,2.401368040652258,2.2946059516498836,2.30640847708992,100,0,1
2017.07.09,01:43:45,2.3470947641374034,2.4062582759469353,2.295762355256598,2.383785210637854,100,0,1
2017.07.10,01:43:45,2.414595235061125,2.4360832227422,2.376023492954368,2.408143988875275,100,0,1
2017.07.11,01:43:45,2.440266854473093,2.461460281563781,2.3795970048503903,2.4347532039375137,100,0,1
2017.07.12,01:43:45,2.3296456642097194,2.3863025840515624,2.2791805351071126,2.3859946769912965,100,0,1
2017.07.13,01:43:45,2.359827713346467,2.383411859468371,2.3117894887304096,2.3672560969561727,100,0,1
2017.07.14,01:43:45,2.3000185778296425,2.351729805076198,2.222043502426321,2.2527149273383413,100,0,1
2017.07.15,01:43:45,2.2477006645838213,2.2827354852372332,2.2142848343639816,2.242428166073748,100,0,1
2017.07.16,01:43:45,2.285093950700506,2.344857023397223,2.2307814217189876,2.2918325249087146,100,0,1
2017.07.17,01:43:45,2.225638585796552,2.2904969610729435,2.190097510301473,2.1926986220265916,100,0,1
2017.07.18,01:43:45,2.1868411735368745,2.2399085957854274,2.1572051138075854,2.1911792523718403,100,0,1
2017.07.19,01:43:45,2.082276392878682,2.1503993681960956,2.014515251054198,2.139641476801831,100,0,1
2017.07.20,01:43:45,2.0624889941591724,2.0927841600771546,2.008133456153327,2.063014517990343,100,0,1
2017.07.21,01:43:45,2.109115907188405,2.1770425138024283,2.0388820717603244,2.1736379873079996,100,0,1
2017.07.22,01:43:45,2.0632596208454754,2.1536366133580147,2.0307620179234203,2.085625246612476,100,0,1
2017.07.23,01:43:45,2.051809304417998,2.0862235477769815,2.025878471138657,2.0756574078707795,100,0,1
2017.07.24,01:43:45,2.0957880165977776,2.1248364168989307,2.062559090227383,2.0638779966512684,100,0,1
2017.07.25,01:43:45,2.0680084032541615,2.14129369270734,2.001216144679357,2.062370190683743,100,0,1
2017.07.26,01:43:45,2.0790867917996008,2.13092495917133,2.031823796341166,2.0924601551125592,100,0,1
2017.07.27,01:43:45,2.0917535511088268,2.165395583970899,2.0657916117365374,2.0922313062258175,100,0,1
2017.07.28,01:43:45,2.04030448750013,2.0903286923335407,2.0199672430647158,2.0724831485897917,100,0,1
2017.07.29,01:43:45,1.9884647686154204,2.0042630537859596,1.9320137914084252,1.9928639058587085,100,0,1
2017.07.30,01:43:45,1.9467565668939506,1.9876385823221376,1.890825451674011,1.8959210984608224,100,0,1
2017.07.31,01:43:45,1.9305768137213792,1.9889674575836274,1.8804700579849984,1.8955497531906929,100,0,1
2017.08.01,01:43:45,1.9082772328679916,1.9490655004760207,1.8516520965267969,1.8783012131824863,100,0,1
2017.08.02,01:43:45,1.850052933775217,1.9371323793935207,1.7926043259077702,1.8859792203897208,100,0,1
2017.08.03,01:43:45,1.8209933041217652,1.8788362398464489,1.772782681286759,1.8425654749765188,100,0,1
2017.08.04,01:43:45,1.8472915296566197,1.9016434315889956,1.8127033221626083,1.835212874128137,100,0,1
2017.08.05,01:43:45,1.8206755437506925,1.8925511447869348,1.7659503654876025,1.8433758213569937,100,0,1
2017.08.06,01:43:45,1.800271377332538,1.8368620066960903,1.7437502578830701,1.826287255319573,100,0,1
2017.08.07,01:43:45,1.8240300628036075,1.8779206366000736,1.7721361998459526,1.783227013617561,100,0,1
2017.08.08,01:43:45,1.7183997769562138,1.7717530542168909,1.6531784955678224,1.6621662727026607,100,0,1
2017.08.09,01:43:45,1.7340838771097966,1.7447474965160277,1.6834716203846865,1.698170165971193,100,0,1
2017.08.10,01:43:45,1.7717331659075848,1.8060518039165336,1.709892725093079,1.7557215151253032,100,0,1
2017.08.11,01:43:45,1.7464940647222957,1.8214307683584372,1.665777918082853,1.8101733524614283,100,0,1
2017.08.12,01:43:45,1.7409386500492674,1.7487648037765364,1.6833086803401838,1.7481857229856812,100,0,1
2017.08.13,01:43:45,1.7032830685040636,1.740148151415665,1.6693714681527339,1.7128812751494746,100,0,1
2017.08.14,01:43:45,1.7257201284796908,1.7648798621866615,1.6198376500590905,1.6990467358505088,100,0,1
2017.08.15,01:43:45,1.7686021626496204,1.8265511687824898,1.7357259787277923,1.8004284766337681,100,0,1
2017.08.16,01:43:45,1.8094060407345685,1.819533898653176,1.7476600170213663,1.7556250542098533,100,0,1
2017.08.17,01:43:45,1.7257859800846655,1.792382648557479,1.6746141435347575,1.6949255250855628,100,0,1
2017.08.18,01:43:45,1.7350357444761018,1.7651371971635066,1.717695638104182,1.7437485762993568,100,0,1
2017.08.19,01:43:45,1.801169266723872,1.8404721213427346,1.7823150593916035,1.796008674584025,100,0,1
2017.08.20,01:43:45,1.8170101791386555,1.862738081248994,1.7738303757553344,1.8500068610973706,100,0,1
2017.08.21,01:43:45,1.7749338585132615,1.7781561552258203,1.7218735342088698,1.7588772490385005,100,0,1
2017.08.22,01:43:45,1.7793926032102898,1.8260865855321646,1.739705348478528,1.7499114782874057,100,0,1
2017.08.23,01:43:45,1.8209061097308388,1.872023214020331,1.7626354696634177,1.8242366527165963,100,0,1
2017.08.24,01:43:45,1.8699820829852491,1.92768830968886,1.8504421096280959,1.9065201947086705,100,0,1
2017.08.25,01:43:45,1.7579853301627384,1.8142576331075364,1.7218586097731436,1.7226315698254389,100,0,1
2017.08.26,01:43:45,1.8078449848637042,1.878987518032543,1.7496292089804832,1.8485259853271447,100,0,1
2017.08.27,01:43:45,1.912060552234737,1.9501011675862485,1.8536945737561374,1.859588817176493,100,0,1
2017.08.28,01:43:45,1.9321077093411314,1.9948590071465073,1.878271312129371,1.901488422570014,100,0,1
2017.08.29,01:43:45,1.9734494357627417,2.0075852416886475,1.9200439700945295,1.973166381195116,100,0,1
2017.08.30,01:43:45,1.951751756780189,1.9899449003307208,1.875989303709865,1.9212101243929969,100,0,1
2017.08.31,01:43:45,1.9376294715177316,2.0056325186403483,1.90015305573864,1.9714472629865458,100,0,1
2017.09.01,01:43:45,1.918539126348092,1.9518270602063634,1.8395521537740855,1.8499379628523318,100,0,1
2017.09.02,01:43:45,1.9526768207981284,2.001556098017142,1.9035640552987767,1.9404609532565775,100,0,1
2017.09.03,01:43:45,1.9355484793867872,2.018941194453395,1.8987954433791487,1.9316357659381669,100,0,1
2017.09.04,01:43:45,1.9962229653837675,2.069853448835433,1.939677599733385,2.06289833507816,100,0,1
2017.09.05,01:43:45,2.0548586737840604,2.1062209621566383,2.032399297121331,2.0383830143289767,100,0,1
2017.09.06,01:43:45,1.994096968511469,2.0795634241757694,1.96556940899137,2.0512062888455254,100,0,1
2017.09.07,01:43:45,1.964891625236168,2.0123212099210783,1.8916089181483267,2.0002687767226894,100,0,1
2017.09.08,01:43:45,1.8672461746564821,1.8787476110117518,1.8604524441065187,1.8693270994566091,100,0,1
2017.09.09,01:43:45,1.876957963758093,1.916001138115942,1.8173024524487025,1.8620987506043318,100,0,1
2017.09.10,01:43:45,1.9848653122224724,2.0208124136086214,1.9404604466432185,1.9585456206249598,100,0,1
2017.09.11,01:43:45,2.0182862592310675,2.064083733899872,1.9791687403383653,2.0295925156098473,100,0,1
2017.09.12,01:43:45,2.073827700007728,2.139326330281792,2.0174364225272843,2.027513838969193,100,0,1
2017.09.13,01:43:45,1.977858833785304,2.029832580265532,1.9310039219630055,2.0273136392396194,100,0,1
2017.09.14,01:43:45,1.9590454153064534,1.9844627903758116,1.8518886897818216,1.873592779988001,100,0,1
2017.09.15,01:43:45,1.998119217792013,2.056907361147686,1.972084964452155,2.016766946539246,100,0,1
2017.09.16,01:43:45,2.0395389472291257,2.087070577498834,1.9643133345803616,2.0151947470511575,100,0,1
2017.09.17,01:43:45,2.0738301187265598,2.123703202098347,2.053804538497233,2.096328991621291,100,0,1
2017.09.18,01:43:45,2.0580111524010696,2.094948357446038,1.9720689569275631,1.9835528021792863,100,0,1
2017.09.19,01:43:45,2.089331270016156,2.1380126461157216,2.0482789171936537,2.1230527412382365,100,0,1
2017.09.20,01:43:45,2.1515599319312577,2.2167724738791934,2.0790445546925502,2.1814798056265747,100,0,1
2017.09.21,01:43:45,2.1885802560897947,2.2315863242893856,2.112620530590536,2.132096733136747,100,0,1
2017.09.22,01:43:45,2.1603300921635724,2.2207893531308995,2.1412385357819614,2.2153100757675777,100,0,1
2017.09.23,01:43:45,2.1423628637360643,2.226618971729202,2.0933972299355483,2.1872672596511467,100,0,1
2017.09.24,01:43:45,2.1456135031712855,2.2286874113824107,2.116687540238811,2.1176706397325145,100,0,1
2017.09.25,01:43:45,2.1493183972490604,2.224255719597123,2.096117258080656,2.176326574146937,100,0,1
2017.09.26,01:43:45,2.1496070185453817,2.192457820826721,2.10463660131532,2.1155003325935873,100,0,1
2017.09.27,01:43:45,2.12910441476788,2.160706037135885,2.0796854532930786,2.1531295750077244,100,0,1
2017.09.28,01:43:45,2.182418681908568,2.2646431890376704,2.1579363552106194,2.255309407607197,100,0,1
2017.09.29,01:43:45,2.1822090615233445,2.2161034661895633,2.1194842936996032,2.157436646625014,100,0,1
2017.09.30,01:43:45,2.201657908487314,2.224062567921709,2.1451105091832514,2.1643366810103535,100,0,1
2017.10.01,01:43:45,2.2289344194759333,2.282124963353206,2.1511815852845024,2.184103200987112,100,0,1
2017.10.02,01:43:45,2.1862608366404164,2.231420156023037,2.137898782551685,2.1704781324232822,100,0,1
2017.10.03,01:43:45,2.2498338655019454,2.290522592538961,2.228077052904489,2.279953733805807,100,0,1
2017.10.04,01:43:45,2.2501757279440397,2.2752801570968564,2.2182536393292818,2.234369061712589,100,0,1
2017.10.05,01:43:45,2.3373861676478165,2.3997147106505103,2.3063993024754303,2.327557138505274,100,0,1
2017.10.06,01:43:45,2.3374504408331447,2.357857802177534,2.2711453798325283,2.305392564167411,100,0,1
2017.10.07,01:43:45,2.279020253361513,2.362931481822858,2.2123658369036034,2.2563364037415528,100,0,1
2017.10.08,01:43:45,2.280877624791867,2.3209830254533976,2.2089639145077795,2.299626080229444,100,0,1
2017.10.09,01:43:45,2.210904232680128,2.2743360160617327,2.1903291386527703,2.1987739435873754,100,0,1
2017.10.10,01:43:45,2.2923928004885785,2.379403596573531,2.2269402505385685,2.2360963790764576,100,0,1
2017.10.11,01:43:45,2.3745536381634484,2.4159195691731976,2.2893626838571817,2.3041566344185793,100,0,1
2017.10.12,01:43:45,2.3693472732578145,2.401984749412317,2.3632447475290146,2.373231856174307,100,0,1
2017.10.13,01:43:45,2.3033331520408216,2.339249325541084,2.262138268065819,2.2733909157643284,100,0,1
2017.10.14,01:43:45,2.214444692047662,2.253726626372338,2.152021655870625,2.1567283812083837,100,0,1
2017.10.15,01:43:45,2.1889436133121496,2.2114800537958645,2.16331718725964,2.1816965028391646,100,0,1
2017.10.16,01:43:45,2.224806278577633,2.22600343567823,2.1559578043163836,2.1774440846504604,100,0,1
2017.10.17,01:43:45,2.251891065812265,2.280876613390736,2.217221629706419,2.266057802786703,100,0,1
2017.10.18,01:43:45,2.223822644872227,2.282399401115692,2.1784846472306945,2.242116274023365,100,0,1
2017.10.19,01:43:45,2.2325380292488526,2.2704310731794473,2.1692942037183873,2.208068074698755,100,0,1
2017.10.20,01:43:45,2.2716015799011484,2.3261510291975216,2.241928927635366,2.291066478234738,100,0,1
2017.10.21,01:43:45,2.218545207284764,2.254686018485904,2.155739635488444,2.17518081598148,100,0,1
2017.10.22,01:43:45,2.2077193909818154,2.2614086288413433,2.1594183161274616,2.176646136497397,100,0,1
2017.10.23,01:43:45,2.2823777553481124,2.3278174865985197,2.2466050541766642,2.3197908838320886,100,0,1
2017.10.24,01:43:45,2.372928693446988,2.4418702439775717,2.3328032846489446,2.353620332530788,100,0,1
2017.10.25,01:43:45,2.346024637905499,2.3903401139917473,2.3126555501871024,2.318129530463209,100,0,1
2017.10.26,01:43:45,2.3653563034365273,2.4060521723732986,2.3340425469789405,2.334372188294839,100,0,1
2017.10.27,01:43:45,2.336191106248273,2.4106793403622166,2.285106607070165,2.408887305647084,100,0,1
2017.10.28,01:43:45,2.426128027330627,2.4868817681441526,2.3307919769393455,2.4265234099798314,100,0,1
2017.10.29,01:43:45,2.3815386120929136,2.4459574020668846,2.340564334787876,2.3411571872368317,100,0,1
2017.10.30,01:43:45,2.4512125462277936,2.457321714337971,2.401044142267141,2.4393312353454717,100,0,1
2017.10.31,01:43:45,2.499449809452012,2.541753799059618,2.4046988515036336,2.5241598485084134,100,0,1
2017.11.01,01:43:45,2.499819239259531,2.53272904073607,2.4706703606178766,2.5276632136578283,100,0,1
2017.11.02,01:43:45,2.5085008591241853,2.5716481275386998,2.499566180678414,2.507259748095668,100,0,1
2017.11.03,01:43:45,2.5407079625013025,2.624844033241186,2.4794006982722094,2.619255497998833,100,0,1
2017.11.04,01:43:45,2.5131451891011496,2.5594692684055835,2.4214093872565288,2.5429587138697185,100,0,1
2017.11.05,01:43:45,2.631637436342753,2.6965229328706597,2.5814484450017554,2.6598912231431737,100,0,1
2017.11.06,01:43:45,2.659367516755896,2.7347691865046118,2.6172142173683377,2.718229392007147,100,0,1
2017.11.07,01:43:45,2.601381067350396,2.6486006774927087,2.5554091374938954,2.574090593806644,100,0,1
2017.11.08,01:43:45,2.498046766388032,2.554950140757534,2.411666865185984,2.413102464530576,100,0,1
2017.11.09,01:43:45,2.4070351526233518,2.4982199138710413,2.3726766914127873,2.372927456540054,100,0,1
2017.11.10,01:43:45,2.4684521344129586,2.4985272846587048,2.4023968556534543,2.4065671050223663,100,0,1
2017.11.11,01:43:45,2.537091900361141,2.6104593764671113,2.490811193096303,2.581270233601288,100,0,1
2017.11.12,01:43:45,2.614736779684158,2.6577292481883834,2.551740116601745,2.56933017555232,100,0,1
2017.11.13,01:43:45,2.5785890094402797,2.6126081136475796,2.47007739748366,2.491630815897289,100,0,1
2017.11.14,01:43:45,2.604257183974249,2.6574547867907614,2.558258304068163,2.637740797685812,100,0,1
2017.11.15,01:43:45,2.5283220833138165,2.5848143469933835,2.4743071822397487,2.4809018346667004,100,0,1
2017.11.16,01:43:45,2.5074614824167165,2.5943008775929077,2.448925878053351,2.5615825098458984,100,0,1
2017.11.17,01:43:45,2.5025595895775408,2.5511382754302785,2.4549641764587933,2.481219064854165,100,0,1
2017.11.18,01:43:45,2.5443295316789145,2.603856294263009,2.4892886773515515,2.5226091804228705,100,0,1
2017.11.19,01:43:45,2.6188801238269774,2.6671838727903716,2.5641488319071555,2.6248063133006627,100,0,1
2017.11.20,01:43:45,2.568276335364153,2.5764530409724755,2.5364739230773052,2.5488185101035166,100,0,1
2017.11.21,01:43:45,2.5483653970001443,2.570981663815304,2.490833708306337,2.5675858259678455,100,0,1
2017.11.22,01:43:45,2.449537119597662,2.5514214641251476,2.4195651836643326,2.45823869332168,100,0,1
2017.11.23,01:43:45,2.364154902051785,2.397269991671128,2.30909102564061,2.3816874463408664,100,0,1
2017.11.24,01:43:45,2.311145879754876,2.3683013441420835,2.223813798441719,2.3254314912392737,100,0,1
2017.11.25,01:43:45,2.324707426413427,2.34228681783814,2.2589457054024527,2.287578920390528,100,0,1
2017.11.26,01:43:45,2.345458293711811,2.4191770373883807,2.289959507260505,2.34641581765666,100,0,1
2017.11.27,01:43:45,2.45404812810371,2.4938161811822814,2.408949530350285,2.463345846718558,100,0,1
2017.11.28,01:43:45,2.472323027999612,2.53843144962531,2.417934975742228,2.534783079062727,100,0,1
2017.11.29,01:43:45,2.412815244722235,2.4793533267357892,2.3619729173959576,2.363744632730049,100,0,1
2017.11.30,01:43:45,2.4768808926547754,2.5440995500374712,2.433878255083238,2.4424824976307247,100,0,1
2017.12.01,01:43:45,2.44689628939115,2.507042995854915,2.4094619830155533,2.432919466337289,100,0,1
2017.12.02,01:43:45,2.434869057657402,2.4996454794199083,2.4044487689488623,2.416532627948519,100,0,1
2017.12.03,01:43:45,2.4722108777848697,2.5154705593430045,2.420121576455344,2.4880972982395106,100,0,1
2017.12.04,01:43:45,2.56943557683727,2.600023469597842,2.5390975855484847,2.5405583749626968,100,0,1
2017.12.05,01:43:45,2.5447960671638867,2.599107587296932,2.506777657422131,2.5549378436139847,100,0,1
2017.12.06,01:43:45,2.5444626116204985,2.6182134189081605,2.494905752484806,2.5412726419924527,100,0,1
2017.12.07,01:43:45,2.438208236134446,2.4596272312934087,2.3910411287151785,2.3974637388061333,100,0,1
2017.12.08,01:43:45,2.3620299433825047,2.4159076150373138,2.296635017444029,2.371569160653446,100,0,1
2017.12.09,01:43:45,2.4039177468541175,2.48624285675717,2.3583125719126676,2.4736098276672163,100,0,1
2017.12.10,01:43:45,2.4289830746772343,2.4664662801928254,2.3946307775524946,2.4648266563215575,100,0,1
2017.12.11,01:43:45,2.445425677970416,2.509049647894941,2.3861211004362217,2.3965338773645644,100,0,1
2017.12.12,01:43:45,2.404962852427732,2.4350373277922635,2.354068218192033,2.374831190239304,100,0,1
2017.12.13,01:43:45,2.3857529737787733,2.440982596542452,2.33956222683729,2.437144672656525,100,0,1
2017.12.14,01:43:45,2.371775007550394,2.3894536492625704,2.344842514292129,2.3553550182840524,100,0,1
2017.12.15,01:43:45,2.339665120081315,2.3646080240817913,2.327414019378832,2.353090035513227,100,0,1
2017.12.16,01:43:45,2.27570926446194,2.3453756435593878,2.2397158788893288,2.2908142616925344,100,0,1
2017.12.17,01:43:45,2.3154894051932677,2.3294973202745557,2.2737053036937978,2.317911285822115,100,0,1
2017.12.18,01:43:45,2.296724349884794,2.339397977815653,2.228661659454122,2.3151831678538053,100,0,1
2017.12.19,01:43:45,2.279321919880098,2.3454958435466815,2.219452580931982,2.247645550416072,100,0,1
2017.12.20,01:43:45,2.19977145617232,2.2415681627198865,2.1459697791977956,2.2370424107469025,100,0,1
2017.12.21,01:43:45,2.1857476631874873,2.2515146171013196,2.1181937875880186,2.154011262974322,100,0,1
2017.12.22,01:43:45,2.181521069448857,2.2169895333537952,2.1204679765913377,2.16174978727667,100,0,1
2017.12.23,01:43:45,2.240239576789619,2.2723173423180665,2.147019674676322,2.1901108609964175,100,0,1
2017.12.24,01:43:45,2.1149900269191546,2.154573266090844,2.0705509436862672,2.0959506655586284,100,0,1
2017.12.25,01:43:45,2.090203836312059,2.155139469498923,2.047062882122703,2.0962561711076915,100,0,1
2017.12.26,01:43:45,2.1685984101403535,2.201930666754858,2.13871201412878,2.1842473885347133,100,0,1
2017.12.27,01:43:45,2.1694616252573824,2.200378061863241,2.125129069394104,2.164455146444079,100,0,1
2017.12.28,01:43:45,2.1324228358288786,2.1806410510248107,2.0816426183948065,2.1616541104763174,100,0,1
2017.12.29,01:43:45,2.2186666538581243,2.2594331816083866,2.151604113569611,2.181818673779712,100,0,1
2017.12.30,01:43:45,2.3617748476531206,2.4386868053012,2.3195011588208487,2.3375006483504857,100,0,1
2017.12.31,01:43:45,2.408551268847555,2.465791760134701,2.3371034149794445,2.3576406604586153,100,0,1
2018.01.01,01:43:45,2.4424221198509044,2.478137673308125,2.3907124924183827,2.4649980526993605,100,0,1
2018.01.02,01:43:45,2.4298855134912842,2.446324958976585,2.409219622900906,2.426030319356472,100,0,1
2018.01.03,01:43:45,2.4583918657417776,2.5329630107785355,2.418309752407094,2.455897705614684,100,0,1
2018.01.04,01:43:45,2.407904799108568,2.500881604397757,2.3531897007252875,2.3614116795953373,100,0,1
2018.01.05,01:43:45,2.41258344461039,2.4805971624125727,2.3761952232807855,2.43794014821554,100,0,1
2018.01.06,01:43:45,2.400789589957045,2.4667260684158654,2.3615994609726143,2.433863133896401,100,0,1
2018.01.07,01:43:45,2.35275062513764,2.4361735549880845,2.3077935773692873,2.3251468566269975,100,0,1
2018.01.08,01:43:45,2.3878251164151156,2.3949453319433336,2.353998012530377,2.38196820666218,100,0,1
2018.01.09,01:43:45,2.379084772633019,2.4344243378610657,2.314788840385708,2.361998760491957,100,0,1
2018.01.10,01:43:45,2.4627983992122773,2.5300538886648267,2.4297968284528264,2.511317957210615,100,0,1
2018.01.11,01:43:45,2.417373103983164,2.48762771745564,2.3772143120355342,2.4854134496597253,100,0,1
2018.01.12,01:43:45,2.43745295819231,2.508684958310885,2.393839276190684,2.4248392947972985,100,0,1
2018.01.13,01:43:45,2.484933191827749,2.5105704915007485,2.4413664072718846,2.443610267741962,100,0,1
2018.01.14,01:43:45,2.4579344477943117,2.5078421162084163,2.425900798998841,2.476554748173241,100,0,1
2018.01.15,01:43:45,2.4425342224537068,2.46515250942698,2.411349099799445,2.412224775869324,100,0,1
2018.01.16,01:43:45,2.5482647759763246,2.615498294941965,2.5125569628107756,2.5532536216223085,100,0,1
2018.01.17,01:43:45,2.5892292427621024,2.63566838682265,2.509627215360354,2.5945789167176923,100,0,1
2018.01.18,01:43:45,2.6321966690010687,2.7031246936299342,2.5857620114976925,2.6205426071874416,100,0,1
2018.01.19,01:43:45,2.6843757648446016,2.7243975271090974,2.6204110588396015,2.722251781719051,100,0,1
2018.01.20,01:43:45,2.6673502356809746,2.7257073086442483,2.635212813369517,2.650645802950693,100,0,1
2018.01.21,01:43:45,2.675672698185477,2.7138867623022658,2.6281449271832176,2.6448313998612223,100,0,1
2018.01.22,01:43:45,2.753594543215644,2.810032770533798,2.71834154401066,2.7798289021356353,100,0,1
2018.01.23,01:43:45,2.7333590812098865,2.7808600814058027,2.726641253097046,2.747267413447294,100,0,1
2018.01.24,01:43:45,2.6973975842607607,2.750739523499696,2.6416499168677414,2.6942287865772685,100,0,1
2018.01.25,01:43:45,2.766880074527335,2.8251829437748284,2.7009806747307166,2.8045148002983575,100,0,1
2018.01.26,01:43:45,2.7819216094345784,2.8122478683209637,2.728902071871966,2.8061299990337454,100,0,1
2018.01.27,01:43:45,2.7986746103223727,2.846037528378608,2.7865520469903613,2.7917730519699044,100,0,1
2018.01.28,01:43:45,2.805816626362923,2.8440093993362545,2.7565093070265174,2.7983705932096297,100,0,1
2018.01.29,01:43:45,2.7941760186677227,2.8296647132414847,2.730930155740198,2.7532273196425563,100,0,1
2018.01.30,01:43:45,2.8356207813714165,2.9051099491878114,2.7903223503398453,2.847178908920462,100,0,1
2018.01.31,01:43:45,2.803107995065995,2.8812130841034462,2.7559743524895395,2.8708270234244506,100,0,1
2018.02.01,01:43:45,2.7533205476338156,2.791414145492714,2.721949424437513,2.781457451254884,100,0,1
2018.02.02,01:43:45,2.7733727967312705,2.83347330826646,2.7202687553520066,2.7889325877709146,100,0,1
2018.02.03,01:43:45,2.821598564733594,2.862593244245974,2.760283691025079,2.7649973385742332,100,0,1
2018.02.04,01:43:45,2.828917320523004,2.888256855921026,2.7759201500729658,2.8652301676349547,100,0,1
2018.02.05,01:43:45,2.797989603508382,2.8308958279027263,2.7699703345926063,2.7973602539488422,100,0,1
2018.02.06,01:43:45,2.8455325075955846,2.9278942083503923,2.821849340975697,2.8320183302378594,100,0,1
2018.02.07,01:43:45,2.839299535300163,2.884408391669836,2.777531328207295,2.8320974655361275,100,0,1
2018.02.08,01:43:45,2.9109469300510504,2.9565656334535078,2.8747460831180867,2.939536248132965,100,0,1
2018.02.09,01:43:45,2.9297068369467283,2.959855173060108,2.877373790587411,2.9345686098424606,100,0,1
2018.02.10,01:43:45,2.8965164883095613,2.954893243419171,2.88816807618681,2.9374503552517734,100,0,1
2018.02.11,01:43:45,2.8627997124606273,2.9004736798247017,2.8232230946407384,2.8451678966020535,100,0,1
2018.02.12,01:43:45,2.9924479916704247,3.032246076789288,2.940216832638723,2.9998535525603147,100,0,1
2018.02.13,01:43:45,3.019638745869387,3.0805178986177952,2.9693824083576557,3.0786274625368333,100,0,1
2018.02.14,01:43:45,3.017563223843371,3.0678034768925833,2.9930601134504067,3.0294442738200034,100,0,1
2018.02.15,01:43:45,2.944078437445847,2.9904032765245114,2.891847741423012,2.9771080024039995,100,0,1
2018.02.16,01:43:45,3.0028431020874784,3.0655013126129225,2.9709916239200282,3.0272286425469432,100,0,1
2018.02.17,01:43:45,2.92925056073153,2.956483585094851,2.833433870877163,2.8782736716114363,100,0,1
2018.02.18,01:43:45,2.9897573971147877,3.026739638814597,2.935957335861043,2.981233707939801,100,0,1
2018.02.19,01:43:45,2.8842919778685676,2.9115516351785433,2.855394074112213,2.901754007784931,100,0,1
2018.02.20,01:43:45,2.9194281674408784,2.977541651493066,2.8639625449820487,2.9103466296310425,100,0,1
2018.02.21,01:43:45,2.852744265662006,2.9301508613384706,2.8020398499183448,2.818787860287768,100,0,1
2018.02.22,01:43:45,2.852608785614831,2.9123156538171155,2.8094762499884127,2.829222363732423,100,0,1
2018.02.23,01:43:45,2.823814653847786,2.8609383889034983,2.7777585327813736,2.7840226363042953,100,0,1
2018.02.24,01:43:45,2.8632970471449664,2.9128976357963583,2.7958248033712945,2.9113451628475335,100,0,1
2018.02.25,01:43:45,3.0006560673601546,3.088169676156794,2.916854815449023,3.0399474166708678,100,0,1
2018.02.26,01:43:45,3.02686206472408,3.066928479588368,2.979334625805655,3.0353874129663216,100,0,1
2018.02.27,01:43:45,2.9998989419489384,3.056755319542127,2.9423971672847435,3.051518648077743,100,0,1
2018.02.28,01:43:45,3.107757912450609,3.1680304429065624,3.052635824346718,3.1105666206461304,100,0,1
2018.03.01,01:43:45,3.161649274371965,3.1883257421351434,3.105572146533025,3.1090465503228253,100,0,1
2018.03.02,01:43:45,3.2038616957212285,3.2617468829933665,3.181443893375048,3.1989482299859797,100,0,1
2018.03.03,01:43:45,3.195945256269304,3.22828431353,3.1562884540213227,3.215875506662873,100,0,1
2018.03.04,01:43:45,3.1604156266328065,3.2206709343854945,3.123612330962408,3.1322954691477376,100,0,1
2018.03.05,01:43:45,3.1565804297102216,3.2508455798494156,3.0902052493768952,3.107732005976904,100,0,1
2018.03.06,01:43:45,3.218951652683675,3.2500878059808893,3.16442947050648,3.174254400112698,100,0,1
2018.03.07,01:43:45,3.2009157741670764,3.273229244513876,3.1690672398796904,3.174263839139489,100,0,1
2018.03.08,01:43:45,3.1919011686437315,3.262336678641792,3.1243914625861877,3.245573452909429,100,0,1
2018.03.09,01:43:45,3.1750074508169104,3.2395029680480127,3.142701402675679,3.1653894754592806,100,0,1
2018.03.10,01:43:45,3.153214032008742,3.181716244377273,3.0888801203484433,3.145753704755587,100,0,1
2018.03.11,01:43:45,3.115231868442662,3.149942502555137,3.0737450947552176,3.135934757792838,100,0,1
2018.03.12,01:43:45,3.017316625717609,3.0817772881711414,2.9891159100566576,3.0243124859436223,100,0,1
2018.03.13,01:43:45,3.0682533029556236,3.1029054119580275,3.0322135955353646,3.0794090505225267,100,0,1
2018.03.14,01:43:45,3.1219493094231394,3.1870642351942213,3.053657544082283,3.0990921748068065,100,0,1
2018.03.15,01:43:45,3.112833760494918,3.1636732015730535,3.079654584944416,3.087283710273081,100,0,1
2018.03.16,01:43:45,3.1645952140402023,3.2484840751251975,3.1416595089672636,3.235096246135883,100,0,1
2018.03.17,01:43:45,3.1748911669464372,3.2222844531758503,3.122330175930406,3.17876797203388,100,0,1
2018.03.18,01:43:45,3.144836018685536,3.195133020613886,3.078688133297289,3.140342377743202,100,0,1
2018.03.19,01:43:45,3.1935838873281543,3.2817313083495576,3.1500863066682636,3.20501626641902,100,0,1
2018.03.20,01:43:45,3.114797949798604,3.1880242142559134,3.043838788982085,3.0472516914616716,100,0,1
2018.03.21,01:43:45,3.119358691074266,3.138700646314192,3.0810433709431764,3.1269444377623024,100,0,1
2018.03.22,01:43:45,3.0302571734187342,3.094073798944912,2.990769664610388,3.0906101739052554,100,0,1
2018.03.23,01:43:45,3.0114777909851456,3.067593236545558,2.9812652738956675,2.9943827556095077,100,0,1
2018.03.24,01:43:45,3.011593652537138,3.0621225722427403,2.97312786264255,2.995204727143023,100,0,1
2018.03.25,01:43:45,3.084133184704312,3.1426793101630857,3.037551263964701,3.1384661406003183,100,0,1
2018.03.26,01:43:45,3.0899896948516172,3.163398239479492,3.0168062664570923,3.0302276079793775,100,0,1
2018.03.27,01:43:45,3.1601291374791898,3.189016899329506,3.079161092674872,3.148249484421216,100,0,1
2018.03.28,01:43:45,3.2200189499298024,3.295366417286901,3.1709066849741463,3.1820340351995475,100,0,1
2018.03.29,01:43:45,3.2057527019900456,3.2578447909620265,3.1347997312899154,3.2106237836528977,100,0,1
2018.03.30,01:43:45,3.268456765279612,3.2943329018400918,3.2307066722388638,3.2684087542756752,100,0,1
2018.03.31,01:43:45,3.280526719800681,3.329458832825066,3.2706491564024445,3.294130960600562,100,0,1
2018.04.01,01:43:45,3.2346816747571605,3.2595165592683943,3.1874059078265327,3.2177998405411508,100,0,1
2018.04.02,01:43:45,3.2121579170471484,3.2509236164311304,3.1950332405528648,3.2430427270242967,100,0,1
2018.04.03,01:43:45,3.213442835091627,3.2310090366056747,3.1746899543755616,3.1803543599611466,100,0,1
2018.04.04,01:43:45,3.286985206957067,3.299019851017725,3.2747899673113947,3.294029774540793,100,0,1
2018.04.05,01:43:45,3.198547203133569,3.242009303359599,3.1110645095875333,3.2288733728964045,100,0,1
2018.04.06,01:43:45,3.258778754332392,3.2890094088067636,3.2177840071077326,3.2438403107952265,100,0,1
2018.04.07,01:43:45,3.266979729426167,3.3095489319628486,3.2153885509748625,3.2854740070864477,100,0,1
2018.04.08,01:43:45,3.203395459919236,3.257185408663152,3.1257412890640226,3.187886267424627,100,0,1
2018.04.09,01:43:45,3.202790140050321,3.285109065709575,3.1232715615111117,3.2700353670844886,100,0,1
2018.04.10,01:43:45,3.2393747949237133,3.265960150283995,3.1911285976552577,3.207839902632809,100,0,1
2018.04.11,01:43:45,3.176893251163015,3.2185758148172092,3.1267544564479763,3.1564639762303828,100,0,1
2018.04.12,01:43:45,3.1999139946398176,3.260128514247837,3.165367087985928,3.2224883024523865,100,0,1
2018.04.13,01:43:45,3.1838842691409033,3.262251475183647,3.130620041281054,3.1408030332919665,100,0,1
2018.04.14,01:43:45,3.23801141758772,3.273082363807929,3.2124095346158903,3.2627500523427058,100,0,1
2018.04.15,01:43:45,3.270707390206428,3.347020095793556,3.1979103432564004,3.2523575634926813,100,0,1
2018.04.16,01:43:45,3.2533469483529753,3.2958404654324194,3.2105451469593986,3.222460496819031,100,0,1
2018.04.17,01:43:45,3.2728135548739865,3.2917370634841188,3.2364589140015085,3.255215792108358,100,0,1
2018.04.18,01:43:45,3.3461915117241703,3.4179980320379264,3.309993251169016,3.3710050679961845,100,0,1
2018.04.19,01:43:45,3.3019307536977265,3.3315792671755324,3.2544188837366224,3.2919957367621864,100,0,1
2018.04.20,01:43:45,3.3565138564363846,3.4050694943702324,3.281174832675749,3.3954096027401364,100,0,1
2018.04.21,01:43:45,3.244557660520126,3.3036823428746485,3.2119547913578366,3.2698610881875303,100,0,1
2018.04.22,01:43:45,3.2695008108731667,3.334377106684021,3.23695206481582,3.289746213276774,100,0,1
2018.04.23,01:43:45,3.401810651970216,3.4399010926203144,3.356752549424755,3.3986719869649744,100,0,1
2018.04.24,01:43:45,3.50981459836274,3.5318001057389297,3.457330107947795,3.4579798493568608,100,0,1
2018.04.25,01:43:45,3.479936005018221,3.5309972689460514,3.432196216440975,3.5216129858308465,100,0,1
2018.04.26,01:43:45,3.463361363180341,3.537101756407955,3.4291546370113215,3.5328164656156495,100,0,1
2018.04.27,01:43:45,3.5499793328123603,3.5988808481795784,3.491126934890954,3.516574677047039,100,0,1
2018.04.28,01:43:45,3.410774859844363,3.462594072983361,3.3316021337373893,3.3837660345881684,100,0,1
2018.04.29,01:43:45,3.4075365260994688,3.459477174482277,3.359854016240353,3.4533083701038483,100,0,1
2018.04.30,01:43:45,3.4101982097396677,3.452856398957064,3.335502867933062,3.347484190374432,100,0,1
2018.05.01,01:43:45,3.4474022249256717,3.4770398619050646,3.3955616834013167,3.439169163635645,100,0,1
2018.05.02,01:43:45,3.502423044176828,3.5257083354211103,3.4450482122651027,3.4908473146175267,100,0,1
2018.05.03,01:43:45,3.510412722911501,3.5300177569637845,3.422189641306338,3.5181979445345313,100,0,1
2018.05.04,01:43:45,3.466349165163514,3.522115829550382,3.4538021623050166,3.5067546022514122,100,0,1
2018.05.05,01:43:45,3.578426161056989,3.6303676821015602,3.5308628065079635,3.5725111815709125,100,0,1
2018.05.06,01:43:45,3.541725991608327,3.581578642845296,3.500504918304973,3.554582912649662,100,0,1
2018.05.07,01:43:45,3.524990174985931,3.6004004412882624,3.4510621878529304,3.5492075346613534,100,0,1
2018.05.08,01:43:45,3.590712304234505,3.6432211092812152,3.508265371644154,3.534427583270211,100,0,1
2018.05.09,01:43:45,3.5821098430582183,3.653471697084744,3.551273612965509,3.5752451174349975,100,0,1
2018.05.10,01:43:45,3.5632684325128126,3.606827782232493,3.4810290958857038,3.4947544866251197,100,0,1
2018.05.11,01:43:45,3.519532047828124,3.583764748970054,3.4987217749441735,3.546760979536798,100,0,1
2018.05.12,01:43:45,3.515038675104778,3.5365123672831147,3.4758681172478854,3.482941996354033,100,0,1
2018.05.13,01:43:45,3.5081375868210896,3.5449801678824207,3.4648398414597517,3.4737063426191153,100,0,1
2018.05.14,01:43:45,3.604362502268413,3.660335976441281,3.519206844472021,3.659995065446996,100,0,1
2018.05.15,01:43:45,3.6038964552707027,3.6471417868116935,3.5702452753668843,3.5824263834039907,100,0,1
2018.05.16,01:43:45,3.7071940406808155,3.738779638768804,3.652729747379775,3.7159715678616734,100,0,1
2018.05.17,01:43:45,3.7692795872734703,3.819498429014789,3.7245165744255035,3.77863985935519,100,0,1
2018.05.18,01:43:45,3.7880984309710177,3.870082762093608,3.693416360698305,3.7086745332163606,100,0,1
2018.05.19,01:43:45,3.705754128057205,3.778358642042079,3.650705355119428,3.7754148935369782,100,0,1
2018.05.20,01:43:45,3.7422332651658117,3.8201136710087695,3.71923051961954,3.766709637074077,100,0,1
2018.05.21,01:43:45,3.7599494687139883,3.821401072635777,3.692752705006388,3.736704440763622,100,0,1
2018.05.22,01:43:45,3.751458764170058,3.851508788001275,3.7212421387001444,3.805735053831433,100,0,1
2018.05.23,01:43:45,3.788870658298941,3.8371548151895603,3.701212593998427,3.8249911140837445,100,0,1
2018.05.24,01:43:45,3.715478895446196,3.7406262411002404,3.6700153768282777,3.6727851895869033,100,0,1
2018.05.25,01:43:45,3.6820335894663234,3.730918319246947,3.6622339674179862,3.716846036024829,100,0,1
2018.05.26,01:43:45,3.7543020913121716,3.7702664803575474,3.694887288874255,3.710916570373107,100,0,1
2018.05.27,01:43:45,3.7318207888675263,3.751699099351962,3.6955016342945375,3.729863933804487,100,0,1
2018.05.28,01:43:45,3.7831353516915933,3.815386325031939,3.7445447237535494,3.76613841272285,100,0,1
2018.05.29,01:43:45,3.8188216197854308,3.848511545351777,3.746166110526861,3.8484135786732607,100,0,1
2018.05.30,01:43:45,3.815078744589552,3.8528260119488946,3.793986435153119,3.805368171293058,100,0,1
2018.05.31,01:43:45,3.820458691060949,3.833714988181566,3.794409916332746,3.8042541908653273,100,0,1
2018.06.01,01:43:45,3.8591707023634605,3.9377459602613185,3.80313023190001,3.836639910862116,100,0,1
2018.06.02,01:43:45,3.8654408464207983,3.9051777778205885,3.8008151825123875,3.8150154572258814,100,0,1
2018.06.03,01:43:45,3.992801288572551,4.0800823024630315,3.908566238291799,3.9207866382124004,100,0,1
2018.06.04,01:43:45,3.9373167542223957,3.9775197372568765,3.8788662250642663,3.9672093445800467,100,0,1
2018.06.05,01:43:45,3.804616314605236,3.845929449033645,3.7438196179775822,3.8074900231815283,100,0,1
2018.06.06,01:43:45,3.889889089166951,3.9630249871224863,3.835104770801581,3.9402882945982767,100,0,1
2018.06.07,01:43:45,3.8423238885338766,3.893032996239649,3.7876833985776486,3.789091805122524,100,0,1
2018.06.08,01:43:45,3.7858658754202805,3.867199196230175,3.732066876980066,3.806441792237989,100,0,1
2018.06.09,01:43:45,3.7739336553633325,3.8145609255066484,3.761509957699477,3.796314537064535,100,0,1
2018.06.10,01:43:45,3.780290789267006,3.8089943665163677,3.725585969943338,3.763192884737675,100,0,1
2018.06.11,01:43:45,3.7516677947887835,3.768045318925881,3.70650745545737,3.7626672145329123,100,0,1
2018.06.12,01:43:45,3.7062725786516193,3.7457820061687466,3.65434568605792,3.7096705826252165,100,0,1
2018.06.13,01:43:45,3.690266428175107,3.727270035329786,3.6007520281397656,3.7134655698281267,100,0,1
2018.06.14,01:43:45,3.666956332071031,3.7213854300607734,3.597932040731746,3.657756838744116,100,0,1
2018.06.15,01:43:45,3.7144834833316063,3.7521012987459277,3.626638822544568,3.7417102389154246,100,0,1
2018.06.16,01:43:45,3.682783792082475,3.7245428683563966,3.627454185085863,3.6451375901800738,100,0,1
2018.06.17,01:43:45,3.71300094368621,3.7641083956266757,3.6645622029779727,3.73062558566545,100,0,1
2018.06.18,01:43:45,3.6799457685959274,3.7286576716257205,3.63720590653311,3.677660838594278,100,0,1
2018.06.19,01:43:45,3.608888311552984,3.6732499730189443,3.591387348622796,3.603591815264817,100,0,1
2018.06.20,01:43:45,3.6221784604421234,3.689028264297829,3.5799885234267963,3.6837863059622418,100,0,1
2018.06.21,01:43:45,3.604774662599645,3.6366436625183245,3.5943320487455583,3.59967277183263,100,0,1
2018.06.22,01:43:45,3.6287739454856474,3.6893958225451478,3.565835070960001,3.6227573084261744,100,0,1
2018.06.23,01:43:45,3.635933070757323,3.6906670418822403,3.632183642257966,3.6736016396472326,100,0,1
2018.06.24,01:43:45,3.6132171899580556,3.6768199033859776,3.555251968414528,3.6274687145520477,100,0,1
2018.06.25,01:43:45,3.6264715140163175,3.6853453537058187,3.5556334790757864,3.621067690122017,100,0,1
2018.06.26,01:43:45,3.666225331531095,3.731164661271932,3.606913438734625,3.7051820931205937,100,0,1
2018.06.27,01:43:45,3.609912692574965,3.661674733730025,3.5273941119864536,3.6486037923005568,100,0,1
2018.06.28,01:43:45,3.6022079241942384,3.6542357542567125,3.5277382551091807,3.641994069396791,100,0,1
2018.06.29,01:43:45,3.5941506954195908,3.657867751798698,3.5261904829735107,3.5273663016739363,100,0,1
2018.06.30,01:43:45,3.6001906271237165,3.660184570796184,3.5644963002598486,3.6295505480037535,100,0,1
2018.07.01,01:43:45,3.648396909540767,3.7373845069193363,3.570339390492919,3.6310733878877244,100,0,1
2018.07.02,01:43:45,3.6674221910157847,3.6923382426098463,3.64345325180657,3.653537176556115,100,0,1
2018.07.03,01:43:45,3.6387331791083675,3.6829042457803864,3.593777156062607,3.6112660696646786,100,0,1
2018.07.04,01:43:45,3.7145358728691917,3.763953225217308,3.6811832104630704,3.7159907476343723,100,0,1
2018.07.05,01:43:45,3.756629510971759,3.8038172245454858,3.68651767720608,3.744173578267578,100,0,1
2018.07.06,01:43:45,3.772248134511389,3.823688551979154,3.698239870862457,3.727438973875375,100,0,1
2018.07.07,01:43:45,3.7405157021314377,3.748847445323499,3.6688512712886743,3.6960982098686115,100,0,1
2018.07.08,01:43:45,3.6538556392697927,3.700348596403895,3.589263198737485,3.642413097144051,100,0,1
2018.07.09,01:43:45,3.675881686876733,3.6966140333071356,3.618634049105407,3.644792495482383,100,0,1
2018.07.10,01:43:45,3.616337592767225,3.6555255223268706,3.6130003869144875,3.6439322138255816,100,0,1
2018.07.11,01:43:45,3.556423371958276,3.601383672815643,3.5144543375199255,3.596358871392321,100,0,1
2018.07.12,01:43:45,3.5058213345173286,3.540293128852645,3.462376635372539,3.50261246771738,100,0,1
2018.07.13,01:43:45,3.5392384063007025,3.595245010496625,3.49532587570031,3.5058384366225748,100,0,1
2018.07.14,01:43:45,3.5643450599177062,3.6381834226413274,3.4867798410442545,3.505313582649516,100,0,1
2018.07.15,01:43:45,3.550043555679189,3.6020269516706676,3.4958576854218024,3.5717972022010827,100,0,1
2018.07.16,01:43:45,3.5680631535435507,3.6361984968953034,3.5275822891466597,3.5668101199487223,100,0,1
2018.07.17,01:43:45,3.567491132619642,3.5981416508021464,3.540239172720319,3.592325460968929,100,0,1
2018.07.18,01:43:45,3.513232573159477,3.562853194493076,3.4103276366596758,3.4533206976577233,100,0,1
2018.07.19,01:43:45,3.4814034666119413,3.54445712495978,3.4489833968641808,3.4664109288430636,100,0,1
2018.07.20,01:43:45,3.463903040516523,3.502979844824472,3.4154526419858677,3.429992252116416,100,0,1
2018.07.21,01:43:45,3.3913854815675615,3.4109273223200045,3.3289888092413658,3.346192458100119,100,0,1
2018.07.22,01:43:45,3.3204808863934314,3.3816032921570502,3.286074243103721,3.327000159663598,100,0,1
2018.07.23,01:43:45,3.297944166221217,3.3521341007750167,3.2338521260287894,3.270697939863143,100,0,1
2018.07.24,01:43:45,3.323912000785057,3.3586261977648926,3.3179451620191425,3.34882142544763,100,0,1
2018.07.25,01:43:45,3.2825278336876464,3.3373262388681946,3.250064364613187,3.2621060243784625,100,0,1
2018.07.26,01:43:45,3.2240315919109697,3.277773843406593,3.18298013568,3.2565740476994693,100,0,1
2018.07.27,01:43:45,3.180007342083149,3.24071779155795,3.1345376227847552,3.1757765525636237,100,0,1
2018.07.28,01:43:45,3.0999538508417666,3.1544969603034385,3.0541193017011445,3.1128801013319762,100,0,1
2018.07.29,01:43:45,3.1443458340753505,3.1585779576023443,3.104212126523862,3.139885575457795,100,0,1
2018.07.30,01:43:45,3.1396470505086134,3.1801239603241913,3.1105197539696423,3.1498445859719437,100,0,1
2018.07.31,01:43:45,3.1657362833387523,3.175112569394287,3.073619319016429,3.1366297272040575,100,0,1
2018.08.01,01:43:45,3.173059668921759,3.23817800008538,3.111220324865516,3.1507900029976574,100,0,1
2018.08.02,01:43:45,3.1163581912663876,3.173604576194214,3.076467613172731,3.0920574667926557,100,0,1
2018.08.03,01:43:45,3.1829837875580895,3.258666177595696,3.140564429307246,3.2206543942042263,100,0,1
2018.08.04,01:43:45,3.17677038059744,3.21953170224817,3.1300056296642595,3.184797004309936,100,0,1
2018.08.05,01:43:45,3.2956575661792202,3.35046552526765,3.2234020136441948,3.2491631392126576,100,0,1
2018.08.06,01:43:45,3.323838264274897,3.3652689813960386,3.270199695162335,3.30772660834108,100,0,1
2018.08.07,01:43:45,3.3584174337414208,3.4239430511117424,3.299765905239084,3.317774639459223,100,0,1
2018.08.08,01:43:45,3.396488129614414,3.4307222015118546,3.3644399932517763,3.408665144183561,100,0,1
2018.08.09,01:43:45,3.295508706108519,3.3341671407851767,3.2307842157935784,3.2909753894299922,100,0,1
2018.08.10,01:43:45,3.230615349038408,3.274176492612268,3.182415412447572,3.257636470275739,100,0,1
2018.08.11,01:43:45,3.1853434979336237,3.236950109888004,3.158144185225727,3.2317956068614735,100,0,1
2018.08.12,01:43:45,3.0940775764850788,3.1309073459868864,3.036922132337347,3.0678164897610483,100,0,1
2018.08.13,01:43:45,3.1135688221783386,3.1576186548658396,3.026276376433481,3.028934563071961,100,0,1
2018.08.14,01:43:45,3.1299095337698026,3.2062158959889127,3.063537877032585,3.1281036100951374,100,0,1
2018.08.15,01:43:45,3.075982004529457,3.1297717107649974,3.0407578454390585,3.069995524159665,100,0,1
2018.08.16,01:43:45,3.091980832115095,3.1455026067704184,3.0420782766505123,3.0885145710883277,100,0,1
2018.08.17,01:43:45,3.074037947658798,3.133867082097704,2.9860325373816172,3.0427479160547346,100,0,1
2018.08.18,01:43:45,3.0669791623056253,3.093471177112275,3.0140982434768007,3.078190001980484,100,0,1
2018.08.19,01:43:45,3.060613141122856,3.1411937694409406,3.029342770165509,3.0953891115701704,100,0,1
2018.08.20,01:43:45,3.000046442306343,3.0710172808096994,2.9679187838682988,3.0386759790958204,100,0,1
2018.08.21,01:43:45,2.985997645800112,3.0159523244274107,2.9335043760437625,2.998900246999248,100,0,1
2018.08.22,01:43:45,2.941134619216097,3.0100436418426577,2.9177855399102084,2.977136487644959,100,0,1
2018.08.23,01:43:45,2.899364219563406,2.9521058207805213,2.877540332668871,2.879706828719635,100,0,1
2018.08.24,01:43:45,2.9122072481155157,2.9981653018827066,2.869339049412356,2.8866137479118548,100,0,1
2018.08.25,01:43:45,2.9291247654831243,3.0025038978451697,2.8594757723952218,2.9842848214163427,100,0,1
2018.08.26,01:43:45,2.8860741649878223,2.9237856582809183,2.8311008214464444,2.8323273109561002,100,0,1
2018.08.27,01:43:45,2.947984145503073,2.999015525776377,2.9111380119529064,2.974296781499701,100,0,1
2018.08.28,01:43:45,2.941817279034932,2.977440750974187,2.8806127178704286,2.9257394867839017,100,0,1
2018.08.29,01:43:45,2.914752797753941,2.97446889851897,2.894497319115993,2.932969147983947,100,0,1
2018.08.30,01:43:45,2.972081100362219,3.0169693008885035,2.9180194123686407,2.9561387001126347,100,0,1
2018.08.31,01:43:45,2.9664513192897104,2.97010970531147,2.899841575042485,2.904032631857744,100,0,1
2018.09.01,01:43:45,3.076989416682917,3.11386261733773,3.0598814098408917,3.061053919036085,100,0,1
2018.09.02,01:43:45,3.119919914809436,3.174114719128772,3.0754828620300225,3.089656052552571,100,0,1
2018.09.03,01:43:45,3.2161078256982534,3.271476496939186,3.183815950063581,3.25747890456077,100,0,1
2018.09.04,01:43:45,3.1733947615475513,3.2062847422007246,3.0948535174444007,3.0981412824801993,100,0,1
2018.09.05,01:43:45,3.2186362811002054,3.267894919059711,3.177843053200516,3.187745281114178,100,0,1
2018.09.06,01:43:45,3.1437777229481005,3.1958482296496955,3.0723092334565303,3.1821603352676555,100,0,1
2018.09.07,01:43:45,3.13230858896033,3.1754774645913932,3.0615257388056984,3.149575044435777,100,0,1
2018.09.08,01:43:45,3.072052976401113,3.151449243595107,3.01987853564045,3.1196827928738413,100,0,1
2018.09.09,01:43:45,3.0443758827205474,3.093131438407371,3.0103110715992716,3.0609202207763437,100,0,1
2018.09.10,01:43:45,2.9351901848411375,2.9728167812958084,2.887263905155181,2.889533167522107,100,0,1
2018.09.11,01:43:45,2.916959201904957,2.960045742658951,2.858936168744501,2.9204843306535713,100,0,1
2018.09.12,01:43:45,2.961308655829932,2.9658130249301196,2.8824536522911237,2.882600507088855,100,0,1
2018.09.13,01:43:45,3.030742378778011,3.0892849455336098,2.969137460462995,2.995493430923831,100,0,1
2018.09.14,01:43:45,3.101051336965427,3.2047139449658695,3.054457206299973,3.1275375579560305,100,0,1
2018.09.15,01:43:45,3.183386390100571,3.205150869061385,3.120967615183752,3.168333569170004,100,0,1
2018.09.16,01:43:45,3.1413140067189453,3.196534253288163,3.091210479192906,3.156721266715869,100,0,1
2018.09.17,01:43:45,3.192536946563163,3.239223431802359,3.181342283395269,3.188131016044218,100,0,1
2018.09.18,01:43:45,3.177456638767683,3.2316442491825597,3.1088170082611652,3.2153820157768553,100,0,1
2018.09.19,01:43:45,3.166932707037539,3.2316590512908863,3.0856320105780433,3.1862473407509952,100,0,1
2018.09.20,01:43:45,3.170486162297741,3.213968754636992,3.131187029793654,3.171933258682539,100,0,1
2018.09.21,01:43:45,3.165132258718456,3.212591073817216,3.1309189313658647,3.198241671050553,100,0,1
2018.09.22,01:43:45,3.192772655778621,3.1956196619790944,3.129219252913049,3.134820839424047,100,0,1
2018.09.23,01:43:45,3.2602430769661424,3.284092829601079,3.2374365867276684,3.2681952439592936,100,0,1
2018.09.24,01:43:45,3.2829544950496965,3.3119116897471206,3.250150416885323,3.2967340043365727,100,0,1
2018.09.25,01:43:45,3.240691165221675,3.2659393411481523,3.1727578543669424,3.2089050444013294,100,0,1
2018.09.26,01:43:45,3.2411989325304327,3.2815614322566224,3.183532011333227,3.202489398786273,100,0,1
2018.09.27,01:43:45,3.156877499008693,3.2066774794879027,3.097165190157186,3.1087357737786805,100,0,1
2018.09.28,01:43:45,3.1265019490835377,3.1548987199957876,3.0943188745208534,3.1319257990589087,100,0,1
2018.09.29,01:43:45,3.235594003816278,3.270817756750114,3.1613798685991807,3.2155489512316335,100,0,1
2018.09.30,01:43:45,3.2601098921024527,3.30811467873424,3.2587151801003116,3.270570260048318,100,0,1
2018.10.01,01:43:45,3.2484391125917997,3.3001962410626016,3.1716587843266435,3.212115724673044,100,0,1
2018.10.02,01:43:45,3.233218209092954,3.2868552382068077,3.1908877434177807,3.1946754721439845,100,0,1
2018.10.03,01:43:45,3.280010190253916,3.3371467251596103,3.2333157569020234,3.289264494416024,100,0,1
2018.10.04,01:43:45,3.2476995790937946,3.301610842056174,3.2269000050942758,3.229076855578984,100,0,1
2018.10.05,01:43:45,3.153200508925018,3.183903778089921,3.083538915505233,3.127914574930454,100,0,1
2018.10.06,01:43:45,3.1590671009203177,3.2000621955046666,3.129744910626156,3.170720152165995,100,0,1
2018.10.07,01:43:45,3.2054575848753677,3.2827900702916257,3.1636589182418495,3.2647137983148866,100,0,1
2018.10.08,01:43:45,3.1718985304121508,3.202249821366204,3.148784286561074,3.1876213922028276,100,0,1
2018.10.09,01:43:45,3.2744311015228447,3.3241546814515845,3.2122003332836053,3.2246565054666108,100,0,1
2018.10.10,01:43:45,3.3031950759399544,3.3479651849636993,3.270446068122407,3.3139735196640854,100,0,1
2018.10.11,01:43:45,3.31491376901913,3.386800902869507,3.2324210279398757,3.299293951258944,100,0,1
2018.10.12,01:43:45,3.370964425104411,3.4135798225420326,3.33367050228771,3.3907626842089305,100,0,1
2018.10.13,01:43:45,3.4181188550884,3.4506336400941837,3.38831735282422,3.3893563977302064,100,0,1
2018.10.14,01:43:45,3.3980398313495637,3.462428300957246,3.3543016534797165,3.3609495907213547,100,0,1
2018.10.15,01:43:45,3.361732955757462,3.3991153483445795,3.297415818802066,3.3417819742441495,100,0,1
2018.10.16,01:43:45,3.4014975395988403,3.4598564121650037,3.3743945911412014,3.3825085880151895,100,0,1
2018.10.17,01:43:45,3.3813252472668283,3.39809891074843,3.3719817379112618,3.388407641403243,100,0,1
2018.10.18,01:43:45,3.2831890215879302,3.3322840302745687,3.2221733431139334,3.306425158107942,100,0,1
2018.10.19,01:43:45,3.318257808566024,3.3349790954163616,3.2328151386942325,3.260814154021844,100,0,1
2018.10.20,01:43:45,3.3428967132321223,3.365245746660681,3.297238925713106,3.3351850901605604,100,0,1
2018.10.21,01:43:45,3.3718093928549098,3.421434597232367,3.291845059396713,3.340140892156184,100,0,1
2018.10.22,01:43:45,3.3862719599247284,3.4412385058978967,3.324157226193757,3.4132633665494145,100,0,1
2018.10.23,01:43:45,3.3189521140415823,3.346758707649485,3.2817288255437487,3.289061006040366,100,0,1
2018.10.24,01:43:45,3.3739680141957646,3.421408539673809,3.29733249707374,3.4144488839056226,100,0,1
2018.10.25,01:43:45,3.294285828043673,3.373885928412166,3.278651873584864,3.3400568967894553,100,0,1
2018.10.26,01:43:45,3.3438840968261108,3.4070745893421743,3.280985583586678,3.3758231133720096,100,0,1
2018.10.27,01:43:45,3.3248486252115144,3.357329753659909,3.2881343810442543,3.2941899438369897,100,0,1
2018.10.28,01:43:45,3.2569165060990697,3.266513845913777,3.2184078527451416,3.262035557258856,100,0,1
2018.10.29,01:43:45,3.2534227201191794,3.2944049633581627,3.198912157263606,3.205752942051049,100,0,1
2018.10.30,01:43:45,3.210076820425013,3.23247776921517,3.172143284789863,3.222052199570996,100,0,1
2018.10.31,01:43:45,3.3207976755894935,3.342572988866927,3.252104583771132,3.27818401081186,100,0,1
2018.11.01,01:43:45,3.3426030215982774,3.4072170786612324,3.2862753126692867,3.346572948374941,100,0,1
2018.11.02,01:43:45,3.399235418929917,3.4769185401743026,3.3149444375491735,3.4520879116425407,100,0,1
2018.11.03,01:43:45,3.3418877365767097,3.3707169615899746,3.283627934431884,3.2943870817810255,100,0,1
2018.11.04,01:43:45,3.294543998809185,3.340294112126704,3.2329760871782134,3.2622948122064432,100,0,1
2018.11.05,01:43:45,3.311109448473545,3.3687727071806903,3.2850480818155825,3.3508851007020874,100,0,1
2018.11.06,01:43:45,3.266279677310344,3.30491358005826,3.2420059268264354,3.2696088827531895,100,0,1
2018.11.07,01:43:45,3.308987955331685,3.3276992854009215,3.240784567332608,3.249275063135823,100,0,1
2018.11.08,01:43:45,3.26289999809467,3.342514192817533,3.243219002885267,3.327812674345426,100,0,1
2018.11.09,01:43:45,3.330775556089438,3.408622729785136,3.2318874440012517,3.2725813837540527,100,0,1
2018.11.10,01:43:45,3.354589629877577,3.4312158068617093,3.298674757428029,3.361075361695399,100,0,1
2018.11.11,01:43:45,3.3523044376858953,3.428861052007417,3.3031302874875954,3.348652408301949,100,0,1
2018.11.12,01:43:45,3.3493773448896103,3.4164334720044507,3.2731634472522595,3.3179941071908656,100,0,1
2018.11.13,01:43:45,3.2997905378337946,3.336863193687978,3.2397234463638203,3.3005731158107166,100,0,1
2018.11.14,01:43:45,3.31123502373312,3.369647174548169,3.2587306053095144,3.3135955029888216,100,0,1
2018.11.15,01:43:45,3.357081480898583,3.40844747976814,3.3238742246969157,3.385087216735451,100,0,1
2018.11.16,01:43:45,3.4253252973302595,3.481171838904251,3.3813854241201042,3.4425256953120376,100,0,1
2018.11.17,01:43:45,3.4382503663743713,3.5006381235600315,3.3510760777312396,3.4418857507601164,100,0,1
2018.11.18,01:43:45,3.434272502824869,3.4835121274608567,3.3831682156247345,3.4722477666762557,100,0,1
2018.11.19,01:43:45,3.3867533858821157,3.4597423020035243,3.32138133449679,3.377812546411664,100,0,1
2018.11.20,01:43:45,3.3028974454887066,3.3388897825173323,3.2739780325621894,3.304336931037825,100,0,1
2018.11.21,01:43:45,3.3126866450086334,3.351234197335324,3.258655906351774,3.2775016350815305,100,0,1
2018.11.22,01:43:45,3.338010104218698,3.4142677640442978,3.261139487884477,3.3699959009863925,100,0,1
2018.11.23,01:43:45,3.4619925096018775,3.4788943266187995,3.4010748880471695,3.4541432098327336,100,0,1
2018.11.24,01:43:45,3.5147661087809454,3.5383350959714157,3.4722977907864063,3.4757536750142326,100,0,1
2018.11.25,01:43:45,3.522392717534151,3.5653757164627056,3.4509519135767297,3.528967083296023,100,0,1
2018.11.26,01:43:45,3.476353863392384,3.5129883935232686,3.454952393607482,3.4728062905692765,100,0,1
2018.11.27,01:43:45,3.4992828094057007,3.5412999324389243,3.465474829363275,3.4843637250705344,100,0,1
2018.11.28,01:43:45,3.493028507903688,3.5545320616699523,3.4364437350175594,3.4676095092953134,100,0,1
2018.11.29,01:43:45,3.5633746612418506,3.6360319882692154,3.518207492153082,3.545354700750492,100,0,1
2018.11.30,01:43:45,3.555971496056092,3.6172250136086364,3.512989084128875,3.5710506148783177,100,0,1
2018.12.01,01:43:45,3.5689926738116045,3.570732240586591,3.5245578339623345,3.5559195764476903,100,0,1
2018.12.02,01:43:45,3.494253585392006,3.5272524867691253,3.4313637996168267,3.5233240477441994,100,0,1
2018.12.03,01:43:45,3.526165645645801,3.5711526211026148,3.4882506578479298,3.5126635381480416,100,0,1
2018.12.04,01:43:45,3.4994031229708757,3.530298118971115,3.4785796302540053,3.517239931063374,100,0,1
2018.12.05,01:43:45,3.501500885245619,3.5280440684061802,3.4604813656379823,3.500940312952728,100,0,1
2018.12.06,01:43:45,3.500941372094317,3.5390330313453395,3.4375883949556054,3.515934178086041,100,0,1
2018.12.07,01:43:45,3.5234187256306795,3.5695217512514548,3.395218479498559,3.545544708078406,100,0,1
2018.12.08,01:43:45,3.531695929728775,3.599591804019023,3.4683414549078027,3.5377930221910607,100,0,1
2018.12.09,01:43:45,3.583823304537418,3.6251587706649704,3.5525901175656176,3.6082186234071534,100,0,1
2018.12.10,01:43:45,3.62201740540099,3.662211721773059,3.554289484036162,3.6619218585701137,100,0,1
2018.12.11,01:43:45,3.5606818620943748,3.5876124793172552,3.556568693044044,3.574007924264266,100,0,1
2018.12.12,01:43:45,3.650516999777196,3.68413346681279,3.640492349134511,3.6780521886959234,100,0,1
2018.12.13,01:43:45,3.7343099495811347,3.7720742499849114,3.6947046142022026,3.7309258767393056,100,0,1
2018.12.14,01:43:45,3.758291910643917,3.8303462026354924,3.7282232859943716,3.777278075365988,100,0,1
2018.12.15,01:43:45,3.7709104550685524,3.777385013639938,3.7116843275638436,3.7377095787882855,100,0,1
2018.12.16,01:43:45,3.8518212585566807,3.899150694730534,3.7959220821284068,3.8375872146848105,100,0,1
2018.12.17,01:43:45,3.8369009232437996,3.8814407260689365,3.770384733964478,3.7931070991831226,100,0,1
2018.12.18,01:43:45,3.8211552545703014,3.888304013457476,3.7681495114159382,3.8794380312536716,100,0,1
2018.12.19,01:43:45,3.840133500383568,3.905897066038401,3.768914529656277,3.783564704257622,100,0,1
2018.12.20,01:43:45,3.797473336105634,3.8420044142165417,3.738056479666181,3.7811625912855975,100,0,1
2018.12.21,01:43:45,3.763979854361029,3.8039604710812136,3.6906093347681947,3.697148832553719,100,0,1
2018.12.22,01:43:45,3.8697601382190574,3.937186578022886,3.8221426660370215,3.902746997395568,100,0,1
2018.12.23,01:43:45,3.8377545165261577,3.8589764898926426,3.7768232269619246,3.85433651050337,100,0,1
2018.12.24,01:43:45,3.803020788615567,3.8455339626307663,3.77271356801026,3.8418761329092255,100,0,1
2018.12.25,01:43:45,3.7753712318195913,3.8467178742142627,3.724835368247974,3.7880801524648415,100,0,1
2018.12.26,01:43:45,3.8026338943800204,3.8351106601216505,3.7310757071371254,3.7540061783375736,100,0,1
2018.12.27,01:43:45,3.844530376327391,3.941464249163859,3.77561999817495,3.891311821558029,100,0,1
2018.12.28,01:43:45,3.878611050615992,3.923575358830506,3.8155309370816264,3.877789521290526,100,0,1
2018.12.29,01:43:45,3.8903875931220515,3.954581377516226,3.815618212741561,3.9084261300640524,100,0,1
2018.12.30,01:43:45,3.8833341882746164,3.909702473659268,3.8375622869415986,3.907032487700646,100,0,1
2018.12.31,01:43:45,3.8883451298268024,3.9260075559450973,3.7939737203595723,3.7980464281103874,100,0,1
2019.01.01,01:43:45,3.9508096548459144,3.980117950278098,3.8773705675535415,3.8882379878363347,100,0,1
2019.01.02,01:43:45,4.005749221078505,4.041558093441479,3.9823542541681642,3.9998659291646192,100,0,1
2019.01.03,01:43:45,3.986639807937611,4.048548817151453,3.932537512373444,4.0006631442199,100,0,1
2019.01.04,01:43:45,4.0203838781921455,4.075861137394152,3.945380116099101,3.988585951634642,100,0,1
2019.01.05,01:43:45,3.9776639154679354,4.029092526285942,3.9278146087234984,4.020622600645872,100,0,1
2019.01.06,01:43:45,3.9799900624793203,4.0117363418349035,3.9097537648352283,3.9278552687914665,100,0,1
2019.01.07,01:43:45,3.9894208554984343,4.057138588158379,3.951569514296432,4.031088672717136,100,0,1
2019.01.08,01:43:45,4.036729631366723,4.079993849433886,3.9898982381959014,4.03901220097514,100,0,1
2019.01.09,01:43:45,4.024699282296461,4.070393262263794,4.0043482605193,4.052269371514526,100,0,1
2019.01.10,01:43:45,4.024082175319046,4.061389820318852,3.9599338898122856,4.008335088951848,100,0,1
2019.01.11,01:43:45,4.056229149392704,4.107775935903514,4.011681358072776,4.060388432593318,100,0,1
2019.01.12,01:43:45,4.082743333725191,4.160464151792618,4.0031951051035,4.05416356584373,100,0,1
2019.01.13,01:43:45,4.049543158140503,4.075220431736978,4.012606384181014,4.028990518295877,100,0,1
2019.01.14,01:43:45,4.055600713289617,4.113675661848808,3.978225818321948,4.015859828310508,100,0,1
2019.01.15,01:43:45,4.030334824824517,4.070088312386182,4.015047278388541,4.017796797070362,100,0,1
2019.01.16,01:43:45,4.081863303363113,4.138555364830219,4.032952834536569,4.051894847922969,100,0,1
2019.01.17,01:43:45,4.027257844845599,4.095269557562656,4.02650209512618,4.074365885980905,100,0,1
2019.01.18,01:43:45,3.9690979660346972,4.0361082544788,3.9392060796232697,3.987442048989286,100,0,1
2019.01.19,01:43:45,3.9751190351514443,4.002888287160678,3.9322854264698424,3.944642225923847,100,0,1
2019.01.20,01:43:45,3.9568950546423425,3.996127009823945,3.899555040006256,3.9345067467078905,100,0,1
2019.01.21,01:43:45,3.92492043946906,4.001028987750657,3.8811567624582692,3.9859099095998776,100,0,1
2019.01.22,01:43:45,3.937832684007673,3.9884900038705666,3.9006327480891527,3.9528506520098228,100,0,1
2019.01.23,01:43:45,3.980300785590895,4.018247430270575,3.9073712046033586,4.0097075472985795,100,0,1
2019.01.24,01:43:45,4.095730265251336,4.123246858381076,4.034300321871969,4.0505687971569015,100,0,1
2019.01.25,01:43:45,4.1355180062081995,4.17280815647028,4.117908974915927,4.142571933881318,100,0,1
2019.01.26,01:43:45,4.157234004888268,4.2295448316457955,4.1010553707351365,4.133123708054666,100,0,1
2019.01.27,01:43:45,4.129799064120499,4.148385588256341,4.076240913618051,4.145868683492779,100,0,1
2019.01.28,01:43:45,4.124985668706646,4.164806364159212,4.081063003212051,4.143837510567591,100,0,1
2019.01.29,01:43:45,4.100577674280705,4.182047955421908,4.03100068140997,4.1761359582476905,100,0,1
2019.01.30,01:43:45,4.168205376156065,4.222344717495123,4.10984324654711,4.217021602008686,100,0,1
2019.01.31,01:43:45,4.183881086479407,4.229098299256062,4.133493332745383,4.1577115934994975,100,0,1
2019.02.01,01:43:45,4.166402363479422,4.208703386185473,4.126417109798142,4.181151944081156,100,0,1
2019.02.02,01:43:45,4.26542424340899,4.277846978543416,4.209095480104662,4.233432757103153,100,0,1
2019.02.03,01:43:45,4.191330423193267,4.281293567019249,4.113661722422922,4.21233844283868,100,0,1
2019.02.04,01:43:45,4.236417155363916,4.290928571587204,4.208150662014467,4.279016061988204,100,0,1
2019.02.05,01:43:45,4.2707868500621275,4.30904683136853,4.237146575421998,4.276036534214012,100,0,1
2019.02.06,01:43:45,4.348793074499418,4.404145386491394,4.323147806596825,4.383583117706613,100,0,1
2019.02.07,01:43:45,4.311423699415406,4.340596078083993,4.250269241404129,4.294698093426608,100,0,1
2019.02.08,01:43:45,4.322356877733492,4.396378612679843,4.261353087541232,4.289437760864871,100,0,1
2019.02.09,01:43:45,4.331161686090663,4.375021376215574,4.3016142473467776,4.363038395105257,100,0,1
2019.02.10,01:43:45,4.287478946853596,4.318936630157407,4.238776738777397,4.247336403599898,100,0,1
2019.02.11,01:43:45,4.328855604874061,4.374704046904792,4.279551696852897,4.28080603022651,100,0,1
2019.02.12,01:43:45,4.331291761739581,4.384405080927004,4.3020807424030485,4.329578331530874,100,0,1
2019.02.13,01:43:45,4.3431781117690065,4.376260680650679,4.282658020145102,4.3442652944909,100,0,1
2019.02.14,01:43:45,4.29062400201746,4.328156850703569,4.246037802695925,4.248746272093297,100,0,1
2019.02.15,01:43:45,4.29046438944961,4.309538263067746,4.229222310605944,4.279738794159414,100,0,1
2019.02.16,01:43:45,4.249914564063618,4.3188476619373075,4.20969648156262,4.23726587790868,100,0,1
2019.02.17,01:43:45,4.2714104987576205,4.295997447263523,4.223752900921216,4.2696765776851935,100,0,1
2019.02.18,01:43:45,4.206092579631412,4.267195483265686,4.180117338107047,4.261109651926882,100,0,1
2019.02.19,01:43:45,4.133352399021431,4.1915694344676515,4.078655859283573,4.118284953031382,100,0,1
2019.02.20,01:43:45,4.14720899854509,4.18504045406198,4.1024995467360466,4.15986683735598,100,0,1
2019.02.21,01:43:45,4.113132118884595,4.165609824503452,4.068991863029374,4.095777224185186,100,0,1
2019.02.22,01:43:45,4.109073850107452,4.1558561763415796,4.057382449869023,4.086655278478603,100,0,1
2019.02.23,01:43:45,4.04941018967465,4.123716000332598,3.9655175270590517,4.01671763751851,100,0,1
2019.02.24,01:43:45,4.061739765790172,4.131370942400757,4.010953050021028,4.0381483250892405,100,0,1
2019.02.25,01:43:45,3.9503516401427197,4.039594336669692,3.93245352566935,4.010311336931756,100,0,1
2019.02.26,01:43:45,3.9863892333007396,4.029075782360202,3.9011159261443686,3.959221322443212,100,0,1
2019.02.27,01:43:45,4.000172381981705,4.026075111089794,3.9727743817913512,3.9816875506893394,100,0,1
2019.02.28,01:43:45,3.946866980130444,4.003036589655801,3.88031256779315,3.885131066213682,100,0,1
2019.03.01,01:43:45,3.932955647714653,3.992257767988147,3.8474787626342444,3.9721080040862073,100,0,1
2019.03.02,01:43:45,3.879363469610816,3.9057577408267465,3.836915183085727,3.880366928112051,100,0,1
2019.03.03,01:43:45,3.8536277089245425,3.9009274191492778,3.7996929726557562,3.859466835196078,100,0,1
2019.03.04,01:43:45,3.9202657937506378,3.947453541202455,3.893224704726452,3.942472163293508,100,0,1
2019.03.05,01:43:45,3.970082946420674,4.041465432148598,3.9031718532472373,4.005563977744357,100,0,1
2019.03.06,01:43:45,3.940918610111565,4.010671485201872,3.9040785618715055,3.914029734122764,100,0,1
2019.03.07,01:43:45,3.9754748031165765,4.023724182757915,3.9050410164537226,3.9843780632959693,100,0,1
2019.03.08,01:43:45,3.9048312507406875,3.9497901560394304,3.8960738143983873,3.9326534520129646,100,0,1
2019.03.09,01:43:45,3.9287577974973167,3.968011960142835,3.9095957144744706,3.9424152862402986,100,0,1
2019.03.10,01:43:45,3.8896429266709593,3.984208483942361,3.8488137925075274,3.8893090560579076,100,0,1
2019.03.11,01:43:45,3.9045381039721616,3.930032878597649,3.8502545621603446,3.9005656652728407,100,0,1
2019.03.12,01:43:45,3.9050262727036262,3.957682656319987,3.8442267399754884,3.8915409615974537,100,0,1
2019.03.13,01:43:45,3.872977655415035,3.9304522915487183,3.8319096500890666,3.8787286137917882,100,0,1
2019.03.14,01:43:45,3.8639236771822616,3.9345706820137183,3.810620056958707,3.817321591852056,100,0,1
2019.03.15,01:43:45,3.8287244117014168,3.8780331077247934,3.7546562872061555,3.8517329612416216,100,0,1
2019.03.16,01:43:45,3.84172014164281,3.9025167957250337,3.7741830933374905,3.836811574609988,100,0,1
2019.03.17,01:43:45,3.8792654164519385,3.9582024447320525,3.817458524227752,3.8855226910128913,100,0,1
2019.03.18,01:43:45,3.8984350895787006,3.9759443475508447,3.8733621893556864,3.9093718748541675,100,0,1
2019.03.19,01:43:45,3.9245439772356385,3.9747753829156025,3.886573837137914,3.9289628114438817,100,0,1
2019.03.20,01:43:45,3.9508954698155336,4.004503117064428,3.860850257835467,4.003342737159432,100,0,1
2019.03.21,01:43:45,3.9016058461914964,3.960390625785112,3.8801875236770584,3.9513910609297085,100,0,1
2019.03.22,01:43:45,3.8610032162378154,3.8857596471542397,3.8000797262101678,3.8737367915605376,100,0,1
2019.03.23,01:43:45,3.8778970578844736,3.910237490966546,3.8300616098551865,3.8891385207751203,100,0,1
2019.03.24,01:43:45,3.8370056903918264,3.87281248634301,3.7528111971821345,3.7917837745255865,100,0,1
2019.03.25,01:43:45,3.772444385286775,3.8422483564257144,3.7006656564794405,3.7364441935053865,100,0,1
2019.03.26,01:43:45,3.7065892309842496,3.768615841547191,3.6408596097044996,3.66026485193924,100,0,1
2019.03.27,01:43:45,3.7327998727614617,3.772404473432026,3.6619254086570825,3.66694414935296,100,0,1
2019.03.28,01:43:45,3.6893958506487587,3.7288993375829844,3.64144368208272,3.707776901808015,100,0,1
2019.03.29,01:43:45,3.750000283055401,3.780506147235376,3.6854269025378033,3.708351576119987,100,0,1
2019.03.30,01:43:45,3.6642090879681124,3.711061247271722,3.623348702229976,3.669228061544198,100,0,1
2019.03.31,01:43:45,3.6368128230580816,3.6832425163327884,3.5707511261402387,3.6508138679510775,100,0,1
2019.04.01,01:43:45,3.6595475936879454,3.7155020992705405,3.6261531671709464,3.6573214569248593,100,0,1
2019.04.02,01:43:45,3.738005872119914,3.765587059210901,3.686006990853665,3.7630457326379347,100,0,1
2019.04.03,01:43:45,3.7324212143060507,3.7780363134215946,3.6802457021847554,3.756642001230086,100,0,1
2019.04.04,01:43:45,3.669939932747122,3.711664147485981,3.6547925831768278,3.660986031305863,100,0,1
2019.04.05,01:43:45,3.738714155476093,3.7762859063936283,3.6968743900684444,3.7615276555278223,100,0,1
2019.04.06,01:43:45,3.778148784526939,3.8291669162100064,3.736406124620597,3.7384501851671144,100,0,1
2019.04.07,01:43:45,3.835535434499185,3.884243131906999,3.824179692368156,3.8275290730934186,100,0,1
2019.04.08,01:43:45,3.848748941199701,3.911568441503475,3.7809223317787217,3.781938114326925,100,0,1
2019.04.09,01:43:45,3.770691452893757,3.8024865538895565,3.7236630029787783,3.773475427599936,100,0,1
2019.04.10,01:43:45,3.7817005109272466,3.854871767186711,3.7402204054728623,3.8232366506928095,100,0,1
2019.04.11,01:43:45,3.7769605126066548,3.848832809499897,3.7457489315870838,3.7935447723356406,100,0,1
2019.04.12,01:43:45,3.776072216083598,3.826205018909727,3.7211733327505714,3.8113848040403417,100,0,1
2019.04.13,01:43:45,3.7714012125174827,3.839921258117694,3.7386370435804395,3.750029148336873,100,0,1
2019.04.14,01:43:45,3.738297241117223,3.7853968882475124,3.6789972277414247,3.75390163795425,100,0,1
2019.04.15,01:43:45,3.64565865629096,3.7135204762928193,3.591249685133679,3.6750452134436644,100,0,1
2019.04.16,01:43:45,3.5986529169657944,3.6400784738655667,3.5158359525807943,3.584793370564923,100,0,1
2019.04.17,01:43:45,3.6014100464285614,3.6397749656771294,3.560698006447537,3.572780890503887,100,0,1
2019.04.18,01:43:45,3.5522401472691953,3.5977831239240423,3.471249214658828,3.4855716382904927,100,0,1
2019.04.19,01:43:45,3.5832286271951457,3.613184980074401,3.5158391501589397,3.577593974491115,100,0,1
2019.04.20,01:43:45,3.6276414704869757,3.665000111272895,3.5968875490472496,3.6122349721606772,100,0,1
2019.04.21,01:43:45,3.536556468377469,3.596456742964822,3.477408861733539,3.548578814256582,100,0,1
2019.04.22,01:43:45,3.5158069467846165,3.575630460630089,3.4414265289695396,3.454323629224378,100,0,1
2019.04.23,01:43:45,3.490392893884981,3.593067916714772,3.447158414255057,3.47670478967147,100,0,1
2019.04.24,01:43:45,3.455638395195001,3.501586923704589,3.4513409142500566,3.4574423001724996,100,0,1
2019.04.25,01:43:45,3.3943497544478656,3.440797342821535,3.3562840876780093,3.4154827155784147,100,0,1
2019.04.26,01:43:45,3.2985764350494557,3.3479394546909527,3.248311537315747,3.294505422395349,100,0,1
2019.04.27,01:43:45,3.312596671887038,3.3712603465207187,3.2837953336281145,3.3141048513978557,100,0,1
2019.04.28,01:43:45,3.2606920168054803,3.312192094493266,3.2073911787955334,3.25909672003602,100,0,1
2019.04.29,01:43:45,3.3052604144739464,3.375348135395875,3.2102265682348525,3.3412664561602208,100,0,1
2019.04.30,01:43:45,3.3150049359240814,3.3633961826100305,3.279298589337126,3.343926708275839,100,0,1
2019.05.01,01:43:45,3.343543407218052,3.3946511473421315,3.2812371777333778,3.3397744821924165,100,0,1
2019.05.02,01:43:45,3.3479715145932203,3.399366924774337,3.2632013449404123,3.363906488064687,100,0,1
2019.05.03,01:43:45,3.372313156327386,3.44084937682093,3.3063389998115027,3.3612303156862358,100,0,1
2019.05.04,01:43:45,3.2996364219955594,3.3594485465651753,3.2463451300709463,3.331808351455139,100,0,1
2019.05.05,01:43:45,3.2922835142811637,3.3503760206196396,3.264073082295763,3.3344350545549406,100,0,1
2019.05.06,01:43:45,3.245491905245456,3.2733575225427565,3.235248942390645,3.249551058877058,100,0,1
2019.05.07,01:43:45,3.1764931945396864,3.2279855516938176,3.136526888177298,3.140820836078955,100,0,1
2019.05.08,01:43:45,3.2187432123210926,3.2584946836388706,3.194673887106145,3.2092033530844795,100,0,1
2019.05.09,01:43:45,3.2458538791977305,3.286355267066841,3.2326320216389055,3.261102412911587,100,0,1
2019.05.10,01:43:45,3.1870573206160544,3.2761333212596466,3.1457231670840713,3.259492977742952,100,0,1
2019.05.11,01:43:45,3.2126785695872635,3.2562350336459014,3.185435462473659,3.2470585670137977,100,0,1
2019.05.12,01:43:45,3.2079863950028984,3.286862525818137,3.167573914165574,3.2366412307919976,100,0,1
2019.05.13,01:43:45,3.212009749467275,3.25748630049069,3.1888888749910325,3.233040188824043,100,0,1
2019.05.14,01:43:45,3.1914722249798846,3.280221644534789,3.1156363919501686,3.118968683433514,100,0,1
2019.05.15,01:43:45,3.2211085326387736,3.2660577532100485,3.166472442790297,3.1821735488042826,100,0,1
2019.05.16,01:43:45,3.21758915263291,3.280324897207978,3.215708089833998,3.2287128980063624,100,0,1
2019.05.17,01:43:45,3.1515808287664453,3.198597756500511,3.1454927763266833,3.162694933828241,100,0,1
2019.05.18,01:43:45,3.1420671819099044,3.191724589050712,3.1072087007858125,3.1749047505759385,100,0,1
2019.05.19,01:43:45,3.1338473331815377,3.168134423755939,3.0705037423917485,3.1457090717564724,100,0,1
2019.05.20,01:43:45,3.0316723607579674,3.070421215151002,2.976184131009929,3.006421450164521,100,0,1
2019.05.21,01:43:45,3.0269892857299956,3.036884738831345,2.9784252112849097,2.991380222572092,100,0,1
2019.05.22,01:43:45,3.0012351214258612,3.06922190034288,2.9375439163342523,3.0514967945066207,100,0,1
2019.05.23,01:43:45,3.0133246633814874,3.075307724611585,2.934738948741976,3.0164658794878725,100,0,1
2019.05.24,01:43:45,3.02271585202515,3.063326986169473,2.9387436630610253,2.954096655103568,100,0,1
2019.05.25,01:43:45,3.0182412152691285,3.083763498638664,2.9749776202765994,3.0639838543845244,100,0,1
2019.05.26,01:43:45,2.9447139306423527,2.9908263405963136,2.906838933642651,2.9426360671185123,100,0,1
2019.05.27,01:43:45,3.0208958119151137,3.079386094887339,2.9620936549115187,3.028249540427198,100,0,1
2019.05.28,01:43:45,3.0804464812823404,3.148837840170967,3.0447673706270373,3.139836025684407,100,0,1
2019.05.29,01:43:45,3.0896688387000926,3.13335475155162,3.042947685295168,3.119318131640481,100,0,1
2019.05.30,01:43:45,3.111651850392755,3.1641414143609095,3.0608375880930376,3.107954430607136,100,0,1
2019.05.31,01:43:45,3.160155067962397,3.1708467956648536,3.123649806240747,3.154268188856493,100,0,1
2019.06.01,01:43:45,3.1193768094704506,3.183516637798878,3.1138291870581245,3.1304404883922943,100,0,1
2019.06.02,01:43:45,3.1209959323377605,3.1640128538428702,3.095031825120645,3.1018927281972646,100,0,1
2019.06.03,01:43:45,3.1523000843039384,3.160633645093558,3.1078345904639413,3.121483252737988,100,0,1
2019.06.04,01:43:45,3.016765632633086,3.0860311140850394,2.9605831242454714,3.0835767311224975,100,0,1
2019.06.05,01:43:45,2.9818992098392454,3.0267202005688953,2.935658684869603,3.005174175862958,100,0,1
2019.06.06,01:43:45,3.0804539781829074,3.1606721597422824,3.0442129920798777,3.111610155326627,100,0,1
2019.06.07,01:43:45,3.1812122794306674,3.2295426380992724,3.12620417427356,3.1317087376561465,100,0,1
2019.06.08,01:43:45,3.17128186450211,3.214038090909155,3.120675680173423,3.167183625032259,100,0,1
2019.06.09,01:43:45,3.202227411901631,3.224698491416,3.150433976439476,3.179824852071752,100,0,1
2019.06.10,01:43:45,3.240941139487237,3.2658565616094637,3.1827835688391275,3.2207836768673186,100,0,1
2019.06.11,01:43:45,3.3153042965460493,3.365109311774295,3.2585187129184936,3.338338978383678,100,0,1
2019.06.12,01:43:45,3.2699872594234267,3.319584388043143,3.23387800333393,3.314981908791909,100,0,1
2019.06.13,01:43:45,3.3654582276977387,3.427377256260821,3.29410670060944,3.3972744236719588,100,0,1
2019.06.14,01:43:45,3.449727211855471,3.4951440825058526,3.399208874178168,3.4698107510638674,100,0,1
2019.06.15,01:43:45,3.448321670514268,3.546379129101465,3.3537430505899204,3.3938311038706717,100,0,1
2019.06.16,01:43:45,3.431881176759755,3.478876332764328,3.3929374399969032,3.4729614001059734,100,0,1
2019.06.17,01:43:45,3.391038431682806,3.460701567283333,3.3554673249244322,3.3834004929868438,100,0,1
2019.06.18,01:43:45,3.4407204253991366,3.4981780121694306,3.381950412257829,3.4564415452725115,100,0,1
2019.06.19,01:43:45,3.4436984249972853,3.497060851813546,3.3645343732123996,3.4919896583905987,100,0,1
2019.06.20,01:43:45,3.433899391223114,3.500461108674774,3.3743974829750143,3.395732686449269,100,0,1
2019.06.21,01:43:45,3.378160545881389,3.4437241876676867,3.331308748250305,3.413129587780993,100,0,1
2019.06.22,01:43:45,3.3847341680776157,3.4241430165969513,3.3277862772853024,3.399264298837141,100,0,1
2019.06.23,01:43:45,3.4485206157234796,3.478179961346842,3.3803646493997705,3.4292495413256243,100,0,1
2019.06.24,01:43:45,3.521495166752478,3.575367798925159,3.4824314388924296,3.555969095917996,100,0,1
2019.06.25,01:43:45,3.520818338992475,3.578699441986873,3.448709541369429,3.469171928581491,100,0,1
2019.06.26,01:43:45,3.589098508703145,3.6216306830776035,3.520601626598251,3.5568161351232686,100,0,1
2019.06.27,01:43:45,3.5971632739577433,3.63873473476134,3.5527051763604485,3.571308497110453,100,0,1
2019.06.28,01:43:45,3.7088970794628136,3.7435984707467047,3.65823000129351,3.7212101347868183,100,0,1
2019.06.29,01:43:45,3.721629565640146,3.7601747099088727,3.6576654485013615,3.7483487940693725,100,0,1
2019.06.30,01:43:45,3.7108523922543353,3.7739995435201976,3.63486754182213,3.757908407444482,100,0,1
2019.07.01,01:43:45,3.6436516604089837,3.6713733287743384,3.6019868102139863,3.6621222102691067,100,0,1
2019.07.02,01:43:45,3.6988455031042475,3.7184021520239243,3.6697839457144235,3.715999726763544,100,0,1
2019.07.03,01:43:45,3.7970687184944345,3.8123293516680787,3.7686607541482413,3.801298180236178,100,0,1
2019.07.04,01:43:45,3.7830999202502893,3.8392577578803797,3.7279250495617444,3.752874424314764,100,0,1
2019.07.05,01:43:45,3.8018955856498997,3.8612569897219466,3.74583590466108,3.809208768243059,100,0,1
2019.07.06,01:43:45,3.7630046148479286,3.8323105013211003,3.714616309548027,3.823974105824662,100,0,1
2019.07.07,01:43:45,3.7968769658705632,3.8436797331057853,3.739001622966912,3.785221715283273,100,0,1
2019.07.08,01:43:45,3.780928219443071,3.8276803498029697,3.7647767262736354,3.7997730622496744,100,0,1
2019.07.09,01:43:45,3.6918400151134776,3.728517568995789,3.638071227609537,3.671084799921235,100,0,1
2019.07.10,01:43:45,3.7102363942764547,3.782467577995593,3.683863944032937,3.779795043381179,100,0,1
2019.07.11,01:43:45,3.7297961576305463,3.77364352729209,3.671291144564105,3.7258822804614424,100,0,1
2019.07.12,01:43:45,3.656702282159902,3.6726214696358683,3.607358074194495,3.6184026783280325,100,0,1
2019.07.13,01:43:45,3.6780083911100823,3.745876443051843,3.6481403640895023,3.655329365470382,100,0,1
2019.07.14,01:43:45,3.670094913525755,3.696686749074021,3.6109354321173326,3.6768471341582005,100,0,1
2019.07.15,01:43:45,3.583841815731725,3.6185044494575562,3.5272049071661766,3.5880734926540767,100,0,1
2019.07.16,01:43:45,3.567915107140318,3.684990856827366,3.516642029063317,3.5734275639144926,100,0,1
2019.07.17,01:43:45,3.6043301047830396,3.658333647065116,3.5545054004548455,3.658142538404172,100,0,1
2019.07.18,01:43:45,3.4602607433312964,3.565989296087608,3.4159777204142063,3.5344234292979935,100,0,1
2019.07.19,01:43:45,3.4563987174235518,3.5210132803457737,3.403553756290142,3.4679896538341817,100,0,1
2019.07.20,01:43:45,3.5520062684698837,3.5862854836330174,3.4678822889974623,3.511748902007108,100,0,1
2019.07.21,01:43:45,3.4585707088501576,3.459690275645384,3.4376426256472166,3.4416753228254335,100,0,1
2019.07.22,01:43:45,3.4510073703324746,3.53802726752171,3.4051771285238805,3.4475843631418193,100,0,1
2019.07.23,01:43:45,3.344095538723274,3.3644937135903783,3.3040171010652397,3.3447674262993603,100,0,1
2019.07.24,01:43:45,3.4464950817572273,3.4964505146570506,3.4083873796071704,3.4244367007155825,100,0,1
2019.07.25,01:43:45,3.3961293586641355,3.4313520652514318,3.3294578675225157,3.336449612691831,100,0,1
2019.07.26,01:43:45,3.397161077979948,3.4421040842417034,3.3829971334456244,3.4318737365976073,100,0,1
2019.07.27,01:43:45,3.4279869019656646,3.473674461423691,3.374975770799203,3.4540865198973605,100,0,1
2019.07.28,01:43:45,3.482401435660318,3.535935649105063,3.4146541241608683,3.4242600685482087,100,0,1
2019.07.29,01:43:45,3.5454874150721394,3.608181415078847,3.5122499511855363,3.5837382711355956,100,0,1
2019.07.30,01:43:45,3.545420136180947,3.5703615001958933,3.514521305771102,3.525054080686771,100,0,1
2019.07.31,01:43:45,3.537706635707423,3.6085638865965133,3.482421652448733,3.5820427998099644,100,0,1
2019.08.01,01:43:45,3.482664279706776,3.549227055363427,3.4198242647011625,3.5348998294193783,100,0,1
2019.08.02,01:43:45,3.572319131249871,3.6111400848095676,3.5196551254209014,3.6095246266412615,100,0,1
2019.08.03,01:43:45,3.669157438899924,3.758866788572047,3.602729560103402,3.7192296463121597,100,0,1
2019.08.04,01:43:45,3.6880359487231855,3.7385531301527672,3.6595788330910333,3.6767661781244474,100,0,1
2019.08.05,01:43:45,3.6924435032703324,3.7717567433608914,3.643062176609612,3.6976984273455957,100,0,1
2019.08.06,01:43:45,3.772523590908727,3.7769404108780265,3.7223188815050148,3.729579337033443,100,0,1
2019.08.07,01:43:45,3.7260067406720156,3.7560601792483634,3.697079449616441,3.723700302897984,100,0,1
2019.08.08,01:43:45,3.650624955865711,3.7292137135075545,3.589719984795479,3.6409175473469597,100,0,1
2019.08.09,01:43:45,3.656831510407914,3.73183324842206,3.614958452833153,3.6906389157105486,100,0,1
2019.08.10,01:43:45,3.676528376683363,3.728550753285909,3.632240698797282,3.6434887819566057,100,0,1
2019.08.11,01:43:45,3.664959477027389,3.7453892075981288,3.631980819234747,3.7087034286474614,100,0,1
2019.08.12,01:43:45,3.6506120958730257,3.70727243635374,3.61141300889638,3.700648788889898,100,0,1
2019.08.13,01:43:45,3.675549948750852,3.7347730635897043,3.6360810667054966,3.7128822479649326,100,0,1
2019.08.14,01:43:45,3.6027344848604743,3.6051542804061896,3.5328384617657025,3.5337326101389954,100,0,1
2019.08.15,01:43:45,3.5415073508236383,3.588867586489098,3.519884062588098,3.5449362787213547,100,0,1
2019.08.16,01:43:45,3.5673978647333344,3.590382859988659,3.4969172612814448,3.504808877654773,100,0,1
2019.08.17,01:43:45,3.628253686576878,3.71836388702461,3.574808831051936,3.636168508825186,100,0,1
2019.08.18,01:43:45,3.566602707894534,3.6057665473171365,3.53849948302165,3.5854436721603222,100,0,1
2019.08.19,01:43:45,3.5865105007215146,3.600391521793479,3.526401747395253,3.572418325414378,100,0,1
2019.08.20,01:43:45,3.593362259268648,3.623494537884864,3.5170605456780426,3.6144850386382408,100,0,1
2019.08.21,01:43:45,3.5441864989248066,3.5731019493257414,3.4945304693537014,3.4960998173807307,100,0,1
2019.08.22,01:43:45,3.6603826047307675,3.745373696625801,3.6350652442064915,3.6912923619269504,100,0,1
2019.08.23,01:43:45,3.6632737016414025,3.6754998116238524,3.6383310981952834,3.661067302709883,100,0,1
2019.08.24,01:43:45,3.6738564601082615,3.6847667159905715,3.608074854822669,3.636313740957108,100,0,1
2019.08.25,01:43:45,3.641142196083033,3.676348725232293,3.556367039567306,3.6496942924135234,100,0,1
2019.08.26,01:43:45,3.700752171561057,3.7519056350122453,3.6430681821725237,3.7507833427190755,100,0,1
2019.08.27,01:43:45,3.551317719150196,3.6073762866926122,3.4986970677497298,3.5777207747911506,100,0,1
2019.08.28,01:43:45,3.623019198172225,3.6786335530700764,3.559840871925535,3.5743881239891464,100,0,1
2019.08.29,01:43:45,3.694933996246834,3.724510844333873,3.6620017551075232,3.688351883893011,100,0,1
2019.08.30,01:43:45,3.6216769509376427,3.694555528806054,3.536835691638695,3.5562180861244563,100,0,1
2019.08.31,01:43:45,3.560258420698784,3.603135037935061,3.5023440869878013,3.511110271603995,100,0,1
2019.09.01,01:43:45,3.6156762424962565,3.6532226635751246,3.5784901733192167,3.648778321500635,100,0,1
2019.09.02,01:43:45,3.5674622098910787,3.599147203891117,3.5141831473133656,3.597919138079279,100,0,1
2019.09.03,01:43:45,3.557510459352903,3.586485675687513,3.5099910122060147,3.578532590451035,100,0,1
2019.09.04,01:43:45,3.5535916172340403,3.6061148032562484,3.484960506216392,3.5591867171603795,100,0,1
2019.09.05,01:43:45,3.54714827436306,3.6043876040890646,3.489977493332048,3.538899786276794,100,0,1
2019.09.06,01:43:45,3.4662149113105305,3.508156102988689,3.417343750336501,3.477188154787987,100,0,1
2019.09.07,01:43:45,3.4164516933443014,3.4434676445588965,3.3698021196165264,3.442933360026657,100,0,1
2019.09.08,01:43:45,3.391146054141723,3.425892923568549,3.3384129437384327,3.3457730808249457,100,0,1
2019.09.09,01:43:45,3.3424189201933916,3.4385095846421945,3.29133915635396,3.3748221059480468,100,0,1
2019.09.10,01:43:45,3.2741605530913636,3.3288227154246797,3.1879114803899045,3.2487734121276164,100,0,1
2019.09.11,01:43:45,3.229738194479611,3.303779207395047,3.1910079152740445,3.2387682423761794,100,0,1
2019.09.12,01:43:45,3.1198194206741756,3.14634088900427,3.0935455201114865,3.1257237486392087,100,0,1
2019.09.13,01:43:45,3.1518612248577744,3.197984826199606,3.142929079365557,3.1451354687012882,100,0,1
2019.09.14,01:43:45,3.089753664960925,3.131290466473211,3.030574499651403,3.0713227897443516,100,0,1
2019.09.15,01:43:45,3.025427532680021,3.095166704744323,2.9756316517648758,3.027510970871209,100,0,1
2019.09.16,01:43:45,3.102464209068658,3.124895628295725,3.074768697896586,3.091671523033586,100,0,1
2019.09.17,01:43:45,3.0699379724722298,3.139619916667678,3.0055678507823558,3.044085218259928,100,0,1
2019.09.18,01:43:45,3.087372960287965,3.154873460396717,3.0341559382393513,3.137507244611745,100,0,1
2019.09.19,01:43:45,3.0689011579840826,3.1109654141778145,3.031350509452802,3.0767939857851143,100,0,1
2019.09.20,01:43:45,3.013590737558248,3.0743631545601047,2.9512536779962955,3.0246322280345823,100,0,1
2019.09.21,01:43:45,3.0356121357666304,3.0887773447672027,2.9717258692024657,3.085509020071065,100,0,1
2019.09.22,01:43:45,3.0231471220653363,3.092939650335786,2.955794234719254,2.9852815653890787,100,0,1
2019.09.23,01:43:45,3.026347449564568,3.0706884362235383,3.0080784640367,3.034577768640179,100,0,1
2019.09.24,01:43:45,3.014708705118667,3.0319995269182707,2.9537379624332485,3.025528215392372,100,0,1
2019.09.25,01:43:45,3.037538998276569,3.054890454110718,2.968862478207668,2.981726945826289,100,0,1
2019.09.26,01:43:45,3.1088767178356758,3.1637552348071427,3.04512828727746,3.1192030279108245,100,0,1
2019.09.27,01:43:45,3.0266971546081107,3.086850855540509,2.985431962678083,3.011108499729594,100,0,1
2019.09.28,01:43:45,3.094771726732186,3.1579955145705667,3.0555938239480054,3.122157838888654,100,0,1
2019.09.29,01:43:45,3.0048607160541927,3.0403958554743875,2.9941641366220555,3.025510046575157,100,0,1
2019.09.30,01:43:45,3.03908174778172,3.0787465899879214,2.984744494203452,3.048894245453081,100,0,1
2019.10.01,01:43:45,3.012098038792689,3.0961966079550254,2.973346521730723,3.070608711319475,100,0,1
2019.10.02,01:43:45,2.9346571254009666,2.9740008471064714,2.9012723451854883,2.945720876271588,100,0,1
2019.10.03,01:43:45,2.8610486242305613,2.910898687271473,2.7963465098481812,2.8419891471522245,100,0,1
2019.10.04,01:43:45,2.6686513530708065,2.714026978775988,2.651044758706261,2.6997184775336662,100,0,1
2019.10.05,01:43:45,2.7024190985855463,2.740862812592578,2.7014415768671007,2.707520611670188,100,0,1
2019.10.06,01:43:45,2.6876349297695987,2.746575662884851,2.639628817428425,2.658371033612379,100,0,1
2019.10.07,01:43:45,2.6298133746990846,2.684631036705864,2.578919499244405,2.593159152937702,100,0,1
2019.10.08,01:43:45,2.537034371940157,2.5816795762842872,2.5094574776761807,2.5499298437285205,100,0,1
2019.10.09,01:43:45,2.4667131872939336,2.5087296503889776,2.3794918875787174,2.4317792997378356,100,0,1
2019.10.10,01:43:45,2.45570867098568,2.5488945462134662,2.4284471475853637,2.4357634216222315,100,0,1
2019.10.11,01:43:45,2.4156145802880493,2.4960637463428608,2.347191913324127,2.426082934701854,100,0,1
2019.10.12,01:43:45,2.465890142388943,2.540798565893029,2.4242572709189667,2.5244678438300916,100,0,1
2019.10.13,01:43:45,2.5117104885209853,2.5971883731050904,2.4978811487185277,2.5920231544176278,100,0,1
2019.10.14,01:43:45,2.5330303789220743,2.551718567241447,2.441430657158831,2.44212636615093,100,0,1
2019.10.15,01:43:45,2.51730551724606,2.5395615447155975,2.4978587186757513,2.49900190586718,100,0,1
2019.10.16,01:43:45,2.501166513179566,2.5546658285889756,2.446818288278536,2.5389895608715367,100,0,1
2019.10.17,01:43:45,2.5477079926377586,2.5949143678284776,2.491432817419799,2.522079755449359,100,0,1
2019.10.18,01:43:45,2.598843900694121,2.682172274144616,2.57037498246444,2.586084077856428,100,0,1
2019.10.19,01:43:45,2.5424874346508557,2.6042381067807248,2.4917924980266113,2.5984920396254347,100,0,1
2019.10.20,01:43:45,2.568516369920371,2.6293592732028763,2.516279276331599,2.519180514028232,100,0,1
2019.10.21,01:43:45,2.6240505935184752,2.6681086003900067,2.556816880762565,2.6437545400347005,100,0,1
2019.10.22,01:43:45,2.6122923996738825,2.6915576916690696,2.5472141623825975,2.5791955313418735,100,0,1
2019.10.23,01:43:45,2.551009089897364,2.5805042705767725,2.5088814023286097,2.5132165113638973,100,0,1
2019.10.24,01:43:45,2.5883095249581918,2.618563368096912,2.5272221227886282,2.535793250760488,100,0,1
2019.10.25,01:43:45,2.6553848306400383,2.701148362268104,2.6041308272817685,2.689689487695048,100,0,1
2019.10.26,01:43:45,2.7473125777932044,2.812341495832383,2.6817818751176166,2.736645467865298,100,0,1
2019.10.27,01:43:45,2.7582938506666324,2.788396003881917,2.7000083742272087,2.72453037763105,100,0,1
2019.10.28,01:43:45,2.7124977787258686,2.7688388729218607,2.6792877493798937,2.7300753499230357,100,0,1
2019.10.29,01:43:45,2.722754723507178,2.792597242085883,2.702839596789861,2.7344682020721622,100,0,1
2019.10.30,01:43:45,2.760736361159738,2.810525431714894,2.704788655412873,2.7793072009690745,100,0,1
2019.10.31,01:43:45,2.7736283869150475,2.8321731669081918,2.7433726636718494,2.743635207445555,100,0,1
2019.11.01,01:43:45,2.7987786448709038,2.8181431550884093,2.723316591431247,2.7701304605458748,100,0,1
2019.11.02,01:43:45,2.8594837909124657,2.936455126487539,2.8173499102693813,2.921891300844822,100,0,1
2019.11.03,01:43:45,2.8166860616420917,2.859052760652714,2.737726964359966,2.741718022878167,100,0,1
2019.11.04,01:43:45,2.9509077216397235,3.0116672217894753,2.8810592677420725,2.9748356542461774,100,0,1
2019.11.05,01:43:45,2.936910635355213,2.958114523099582,2.9003281867838817,2.931415238583945,100,0,1
2019.11.06,01:43:45,2.8946169412545366,2.937067253009217,2.851362144286017,2.933112864344364,100,0,1
2019.11.07,01:43:45,2.874251358189568,2.971148891554036,2.85834269332556,2.958443195505123,100,0,1
2019.11.08,01:43:45,2.8103325613043246,2.901212777178342,2.7573620735434186,2.7931588664461673,100,0,1
2019.11.09,01:43:45,2.862822749275321,2.925401843769757,2.8293762706334684,2.8410797782955797,100,0,1
2019.11.10,01:43:45,2.863014700819925,2.904047250817258,2.8016109099238142,2.832580877265821,100,0,1
2019.11.11,01:43:45,2.8077523667495052,2.842334254876231,2.726447521741063,2.7655256125234575,100,0,1
2019.11.12,01:43:45,2.7184463977091484,2.7485784887106934,2.680233225718966,2.684755716207528,100,0,1
2019.11.13,01:43:45,2.6613639680464902,2.7016226375129375,2.591016199995746,2.6883792177050783,100,0,1
2019.11.14,01:43:45,2.734044001039167,2.766840032452967,2.7170360384855288,2.7566126229867423,100,0,1
2019.11.15,01:43:45,2.649564338699473,2.7069891116410933,2.5769871266549194,2.6323982868775,100,0,1
2019.11.16,01:43:45,2.6303447331357437,2.6674650414542875,2.575829476955524,2.6488666189681003,100,0,1
2019.11.17,01:43:45,2.5848115416646356,2.628375979120407,2.5163378586071405,2.609644480941146,100,0,1
2019.11.18,01:43:45,2.5527573510407082,2.5992226209418194,2.518381125261088,2.530313595151929,100,0,1
2019.11.19,01:43:45,2.5615479967462202,2.59667670555051,2.541293080097486,2.581790898793695,100,0,1
2019.11.20,01:43:45,2.5294399110558725,2.5604395267930484,2.5233144372090854,2.5486646270912,100,0,1
2019.11.21,01:43:45,2.58604255401432,2.630662394674263,2.5423292456065787,2.545020990920895,100,0,1
2019.11.22,01:43:45,2.564078280528091,2.6021048215945606,2.5241453863535623,2.5623326430557958,100,0,1
2019.11.23,01:43:45,2.6668819306846436,2.7185980282434765,2.579182165766421,2.6797014454721415,100,0,1
2019.11.24,01:43:45,2.7468546075034896,2.7777063790330074,2.6804200725609366,2.7650854160294513,100,0,1
2019.11.25,01:43:45,2.718435610109895,2.790565843675947,2.684229918508948,2.760947101833001,100,0,1
2019.11.26,01:43:45,2.7276024470764644,2.7945914836322157,2.6567801185676156,2.786342435744224,100,0,1
2019.11.27,01:43:45,2.656505162591247,2.7148388529849674,2.588632083944662,2.630149674142313,100,0,1
2019.11.28,01:43:45,2.622134564082843,2.654148851124898,2.543560318919111,2.642540703592397,100,0,1
2019.11.29,01:43:45,2.6907829178829843,2.7698804414180436,2.65236485174616,2.738924069680053,100,0,1
2019.11.30,01:43:45,2.65723461387565,2.6997417221521998,2.6208411499992508,2.6382588947839625,100,0,1
2019.12.01,01:43:45,2.641302949315375,2.693392961068114,2.6057646911870416,2.67312745205363,100,0,1
2019.12.02,01:43:45,2.639306453232413,2.718473380305148,2.600882020773496,2.687083623092041,100,0,1
2019.12.03,01:43:45,2.6903427919112115,2.746674886300655,2.644654679504641,2.7304308780525415,100,0,1
2019.12.04,01:43:45,2.697520923694119,2.775406710513326,2.667777657892359,2.7091682715603365,100,0,1
2019.12.05,01:43:45,2.7268356308779014,2.7777828609932627,2.6689142287460603,2.6960411558360713,100,0,1
2019.12.06,01:43:45,2.691924250608252,2.746305046577734,2.6149656684886264,2.646235788448111,100,0,1
2019.12.07,01:43:45,2.701520795409004,2.723721076682268,2.6577850366724456,2.7057273676841773,100,0,1
2019.12.08,01:43:45,2.686098293979088,2.7307178045242804,2.651317453590756,2.6970696607448295,100,0,1
2019.12.09,01:43:45,2.681848669602415,2.7352955786727384,2.6245118678981547,2.6701723353348887,100,0,1
2019.12.10,01:43:45,2.8709297159901226,2.92203753987306,2.812464166543815,2.8301786191823837,100,0,1
2019.12.11,01:43:45,2.858616251004665,2.9011763245101063,2.847520862812483,2.864904822889134,100,0,1
2019.12.12,01:43:45,2.9186949909276305,2.970513805811287,2.835407041902409,2.891707060735191,100,0,1
2019.12.13,01:43:45,2.851961546023972,2.8919325270045815,2.8221018833155322,2.8392654289947443,100,0,1
2019.12.14,01:43:45,2.8043300254283197,2.8481868713400607,2.7723639549948986,2.8040563993376098,100,0,1
2019.12.15,01:43:45,2.841458355986651,2.9337248660886415,2.7844608943769282,2.819737578462436,100,0,1
2019.12.16,01:43:45,2.8193844386525777,2.8749815025802166,2.757767893467658,2.77067858366901,100,0,1
2019.12.17,01:43:45,2.761525715918236,2.8314151450559017,2.69008505224087,2.7685708433017813,100,0,1
2019.12.18,01:43:45,2.8018545748708115,2.880725486825462,2.745732271188463,2.8596038192842865,100,0,1
2019.12.19,01:43:45,2.8671152698190148,2.8680575280570753,2.8118736456590065,2.8205503252920567,100,0,1
2019.12.20,01:43:45,2.8468034963868107,2.8996613870146,2.7925514354151626,2.7938345713929897,100,0,1
2019.12.21,01:43:45,2.846969735318261,2.8728007921548455,2.7571907499463104,2.805841695104678,100,0,1
2019.12.22,01:43:45,2.808961963982577,2.837971209855394,2.76537804850214,2.8257312434654267,100,0,1
2019.12.23,01:43:45,2.8475027020307495,2.852956339300646,2.7794552761088,2.8204067225837495,100,0,1
2019.12.24,01:43:45,2.8182627724309457,2.835463154037566,2.7540049876758084,2.8240663269478663,100,0,1
2019.12.25,01:43:45,2.859680026267866,2.9041525583150425,2.8259044712908534,2.8753811636416344,100,0,1
2019.12.26,01:43:45,2.855408775122708,2.9500189358078144,2.7965491335722277,2.9048567470154047,100,0,1
2019.12.27,01:43:45,2.7989682151195847,2.854108463570365,2.749764224671113,2.7543767352803994,100,0,1
2019.12.28,01:43:45,2.7120565541385577,2.7291974868268594,2.6595164757544882,2.7204388725579753,100,0,1
2019.12.29,01:43:45,2.7240860850782482,2.777601459315558,2.6471796030056365,2.6559678913435683,100,0,1
2019.12.30,01:43:45,2.7749339271811784,2.782266373612956,2.7217368152360337,2.7759964765156155,100,0,1
2019.12.31,01:43:45,2.8458259125951804,2.9034440393752674,2.810596495401509,2.8111185200005653,100,0,1
2020.01.01,01:43:45,2.8203079905171173,2.886436569027975,2.7884502083572658,2.841054052354159,100,0,1
2020.01.02,01:43:45,2.851912807753822,2.9103626412151233,2.7901310685418683,2.871575134182687,100,0,1
2020.01.03,01:43:45,2.8264488097280696,2.8914245054007717,2.8001010101366846,2.884425467795201,100,0,1
2020.01.04,01:43:45,2.911214686577131,2.9621265448121203,2.873470851797065,2.9227320813202584,100,0,1
2020.01.05,01:43:45,2.858007298421834,2.931065769874365,2.795490624292476,2.878598082956677,100,0,1
2020.01.06,01:43:45,2.8870285019422846,2.9308928468281903,2.8242411137507273,2.8797356847898854,100,0,1
2020.01.07,01:43:45,2.922491122071805,2.9915516525117547,2.867978866947629,2.8807969477224824,100,0,1
2020.01.08,01:43:45,2.9128581088281784,2.9845714208144956,2.8595469636588526,2.9744613775771165,100,0,1
2020.01.09,01:43:45,2.8119158515282017,2.870866669364454,2.758548706908035,2.762739636408392,100,0,1
2020.01.10,01:43:45,2.791162953444387,2.8221909292175855,2.7618217346812544,2.786477521982882,100,0,1
2020.01.11,01:43:45,2.7626258384806657,2.7977505193144223,2.7151517645055105,2.7772015569713213,100,0,1
2020.01.12,01:43:45,2.774500720856272,2.838328001153359,2.731413493737512,2.7796279342322974,100,0,1
2020.01.13,01:43:45,2.7532682873148286,2.7907635536323037,2.6346340746981496,2.7562028267832166,100,0,1
2020.01.14,01:43:45,2.8100197702572345,2.858227611463808,2.7546180043131865,2.8290993627526446,100,0,1
2020.01.15,01:43:45,2.8453153019679935,2.899479956552181,2.8017433245320786,2.848265961048821,100,0,1
2020.01.16,01:43:45,2.8632777408234924,2.9074846799728,2.8052915168447035,2.814877925869446,100,0,1
2020.01.17,01:43:45,2.829479036843086,2.876059697558958,2.7970458524763337,2.815522495903995,100,0,1
2020.01.18,01:43:45,2.8267890581779738,2.849930904866263,2.7571827354361975,2.8126278423184496,100,0,1
2020.01.19,01:43:45,2.8144205515596044,2.862428186678466,2.774270703838311,2.841111947486946,100,0,1
2020.01.20,01:43:45,2.7706007446630663,2.7976349692050415,2.6906732636406203,2.7974734002143435,100,0,1
2020.01.21,01:43:45,2.7395010586251596,2.8028893619781505,2.640604253808146,2.759114978724287,100,0,1
2020.01.22,01:43:45,2.6782847062138315,2.7182038291852666,2.6226302761814035,2.7107664220148284,100,0,1
2020.01.23,01:43:45,2.661830748376108,2.706648021298444,2.597527872223224,2.658949621590221,100,0,1
2020.01.24,01:43:45,2.6256039430047906,2.631975115648236,2.602317721228367,2.6212905560312834,100,0,1
2020.01.25,01:43:45,2.6522718344417315,2.7132513342334805,2.586512100115985,2.675508384157375,100,0,1
2020.01.26,01:43:45,2.5736103286407523,2.62428609974315,2.565933970347564,2.585343774695792,100,0,1
2020.01.27,01:43:45,2.5568049074189285,2.611034234233533,2.5178503901919034,2.568938459537907,100,0,1
2020.01.28,01:43:45,2.5870208913514117,2.61884152598322,2.582793402502193,2.5892004686396506,100,0,1
2020.01.29,01:43:45,2.6793174481561848,2.6803276992801797,2.6653806645561318,2.6663959223018097,100,0,1
2020.01.30,01:43:45,2.694279455116463,2.7429960038055334,2.6433915861795123,2.6747028781980715,100,0,1
2020.01.31,01:43:45,2.5856121298663544,2.6500949194711456,2.502815865498181,2.5396788771624053,100,0,1
2020.02.01,01:43:45,2.6133020289990263,2.6928854938649454,2.584271213508414,2.59950194873983,100,0,1
2020.02.02,01:43:45,2.660327247246221,2.7498637324374013,2.6041947377391,2.6547166035514356,100,0,1
2020.02.03,01:43:45,2.7389069295347537,2.789679449480569,2.687595820529287,2.7204564529031923,100,0,1
2020.02.04,01:43:45,2.7891434898850203,2.8424845121128257,2.746018996623749,2.807964762410361,100,0,1
2020.02.05,01:43:45,2.6996787020182937,2.7317203618437413,2.6738321730993575,2.683200196578171,100,0,1
2020.02.06,01:43:45,2.7934366768571315,2.839170065862403,2.789595759795491,2.8113413340077744,100,0,1
2020.02.07,01:43:45,2.7022724300359737,2.780187563616179,2.678126955407851,2.705113980421939,100,0,1
2020.02.08,01:43:45,2.6812687224838188,2.7130112938130155,2.641740755771556,2.696243579899378,100,0,1
2020.02.09,01:43:45,2.658353864244699,2.724570930718065,2.62859657325864,2.6569596986425483,100,0,1
2020.02.10,01:43:45,2.619237320456577,2.6432000648729823,2.546280281187308,2.639509922459684,100,0,1
2020.02.11,01:43:45,2.552372414500257,2.6040105509214873,2.4443282483269955,2.4541154762744104,100,0,1
2020.02.12,01:43:45,2.5357896308961396,2.608760251170255,2.452508806981271,2.4923748918988977,100,0,1
2020.02.13,01:43:45,2.562115295402064,2.637967250072266,2.5108113523679183,2.55131869669541,100,0,1
2020.02.14,01:43:45,2.5668025347608716,2.620197888998968,2.516605841895499,2.583694499470686,100,0,1
2020.02.15,01:43:45,2.59874981946023,2.666848631386733,2.5506936690726834,2.662592627182736,100,0,1
2020.02.16,01:43:45,2.629951137470098,2.657251979766057,2.5741463152063266,2.626386442336755,100,0,1
2020.02.17,01:43:45,2.6135771022151246,2.6662866790665767,2.565672115332857,2.5867528311240937,100,0,1
2020.02.18,01:43:45,2.610518937461803,2.685354586007726,2.523029629432416,2.6424633789596825,100,0,1
2020.02.19,01:43:45,2.5598285869903092,2.6146262514962415,2.5446375615690777,2.5648923820401635,100,0,1
2020.02.20,01:43:45,2.456508260736573,2.5172821059594774,2.4143230493563568,2.430409196300283,100,0,1
2020.02.21,01:43:45,2.4060572981625308,2.474257303006057,2.3831792495322426,2.4354960038964757,100,0,1
2020.02.22,01:43:45,2.460167746692467,2.481396423017757,2.3825834970111597,2.4715108868558566,100,0,1
2020.02.23,01:43:45,2.37012265334528,2.4007829037816224,2.323328559002035,2.3607610558687533,100,0,1
2020.02.24,01:43:45,2.413295409987563,2.486504173212164,2.3561185210111724,2.3724663869133655,100,0,1
2020.02.25,01:43:45,2.4181639784902074,2.500057727291774,2.333287287898046,2.340306240187281,100,0,1
2020.02.26,01:43:45,2.3392826551821497,2.4045598141558764,2.290497607480269,2.3748322813961584,100,0,1
2020.02.27,01:43:45,2.273771547852073,2.3336531933310525,2.21470072927454,2.302568400807512,100,0,1
2020.02.28,01:43:45,2.2530715199096023,2.2977384034533523,2.2110249872830603,2.236676123091113,100,0,1
2020.02.29,01:43:45,2.2199018889203597,2.2236552145661,2.1759316475632957,2.1771201443253325,100,0,1
2020.03.01,01:43:45,2.1982518087739527,2.2488747621495575,2.1670315331856895,2.244056263603613,100,0,1
2020.03.02,01:43:45,2.2511192636972432,2.273553231664615,2.2115174646893787,2.2265634736871798,100,0,1
2020.03.03,01:43:45,2.304687340268678,2.3408262284661983,2.2551404823519525,2.2846924313315227,100,0,1
2020.03.04,01:43:45,2.297780564962206,2.352156235019793,2.238918640415751,2.325701518973447,100,0,1
2020.03.05,01:43:45,2.352218705061922,2.409060230511163,2.3388032581302616,2.387979602137904,100,0,1
2020.03.06,01:43:45,2.3424520463089014,2.351998925665415,2.326546611737778,2.337583938864131,100,0,1
2020.03.07,01:43:45,2.31314103357199,2.393632413508586,2.234067022290309,2.3422678325826123,100,0,1
2020.03.08,01:43:45,2.272979873580141,2.338692831667931,2.200270566724679,2.3350521688084074,100,0,1
2020.03.09,01:43:45,2.2334911647346285,2.3091022193435387,2.151065201743525,2.1686184147712217,100,0,1
2020.03.10,01:43:45,2.1340943202699814,2.2079668062719957,2.1041745284754167,2.118121898227833,100,0,1
2020.03.11,01:43:45,2.131794149694974,2.191707617290868,2.1093182634368457,2.1199272252583574,100,0,1
2020.03.12,01:43:45,2.1012271585781157,2.138827802058344,2.013197357575381,2.0360121633821198,100,0,1
2020.03.13,01:43:45,2.0881477845676946,2.1040086903614448,2.0216956519874376,2.09617605235265,100,0,1
2020.03.14,01:43:45,2.067283234334325,2.1433999070318146,2.0279066675533217,2.1042356157279585,100,0,1
2020.03.15,01:43:45,2.1023418316276485,2.1276433227118376,2.0483123217101915,2.1036660506586276,100,0,1
2020.03.16,01:43:45,2.0609385168766083,2.1081887552830443,2.0319716803981294,2.0834526739553607,100,0,1
2020.03.17,01:43:45,2.0556093138261287,2.1244731301822655,2.006230614799002,2.0450301977001377,100,0,1
2020.03.18,01:43:45,2.055099633356619,2.0891347985143263,1.9780543496591323,2.0559575051606447,100,0,1
2020.03.19,01:43:45,2.088051010666787,2.1194121534379584,2.023394792996596,2.1010107785866183,100,0,1
2020.03.20,01:43:45,2.094310899736267,2.1446883321102517,2.0452036614909592,2.0924321714068705,100,0,1
2020.03.21,01:43:45,2.1225541504890137,2.1473715539478846,2.066524189567033,2.092619078146012,100,0,1
2020.03.22,01:43:45,2.188383717508983,2.219142479328959,2.1195607669234975,2.1789441271803693,100,0,1
2020.03.23,01:43:45,2.2534146530965455,2.292561906915157,2.1552047008032353,2.2108241034965,100,0,1
2020.03.24,01:43:45,2.2429751173956127,2.3054537256133143,2.185133343785704,2.233018348062357,100,0,1
2020.03.25,01:43:45,2.2719100293210874,2.320372532488018,2.214731263825643,2.2825894639804445,100,0,1
2020.03.26,01:43:45,2.157945512151506,2.2024079313858675,2.1007245548972615,2.1825999394338074,100,0,1
2020.03.27,01:43:45,2.1000037107729317,2.107361434092145,2.0161560704413977,2.101058845943906,100,0,1
2020.03.28,01:43:45,2.2225816527969964,2.2806132257942457,2.174046750469377,2.1875342895319583,100,0,1
2020.03.29,01:43:45,2.245234221538031,2.306496508695761,2.2025699141573876,2.239975254803546,100,0,1
2020.03.30,01:43:45,2.2674092941564945,2.3419412392776877,2.2382523254552247,2.3330856845518912,100,0,1
2020.03.31,01:43:45,2.2044987607680193,2.2556278108529395,2.1381185573867567,2.208004318546797,100,0,1
2020.04.01,01:43:45,2.2746514664001616,2.344954945856896,2.2104379790726734,2.3297877873453126,100,0,1
2020.04.02,01:43:45,2.168023295906351,2.212515791522331,2.12996990501971,2.177922623841102,100,0,1
2020.04.03,01:43:45,2.169867805507586,2.2071374798901813,2.115132695466396,2.160829594759493,100,0,1
2020.04.04,01:43:45,2.2021374809344887,2.2169110045009055,2.128119302500492,2.1466842729794333,100,0,1
2020.04.05,01:43:45,2.1489122993036167,2.217893771136311,2.102143614181042,2.1551631038415233,100,0,1
2020.04.06,01:43:45,2.177192661034852,2.240542531040845,2.1014539811217268,2.134782688008612,100,0,1
2020.04.07,01:43:45,2.1755047797737617,2.2468935169354025,2.090633255877191,2.0948988564195115,100,0,1
2020.04.08,01:43:45,2.2389516860446617,2.29432736845643,2.1684042236500605,2.228486974556356,100,0,1
2020.04.09,01:43:45,2.278586883313962,2.3321783769138653,2.22811476911121,2.3306931834263453,100,0,1
2020.04.10,01:43:45,2.259138276490301,2.343162883956457,2.1994288329931915,2.2864428039008655,100,0,1
2020.04.11,01:43:45,2.286242538900998,2.360694552729631,2.2387227884698766,2.32019459850793,100,0,1
2020.04.12,01:43:45,2.331298754373982,2.3569116780043293,2.2837490783888095,2.32011363254994,100,0,1
2020.04.13,01:43:45,2.2600747573700093,2.3058163482906506,2.1535181197133335,2.1876211722887287,100,0,1
2020.04.14,01:43:45,2.269961173611227,2.324838962645873,2.238273111180919,2.3192138451899758,100,0,1
2020.04.15,01:43:45,2.2073833781128167,2.2701519245916737,2.182463042832383,2.2266227415586117,100,0,1
2020.04.16,01:43:45,2.100971353917223,2.145305575277122,2.0069671825852167,2.0106249427618605,100,0,1
2020.04.17,01:43:45,2.076967382689468,2.1434168334962314,2.0211442039712715,2.0286156826450816,100,0,1
2020.04.18,01:43:45,2.074345512684658,2.141454607055882,2.0218691369963535,2.050107930263583,100,0,1
2020.04.19,01:43:45,2.055489673978987,2.109701884940808,1.9854326752476026,2.0143435856949825,100,0,1
2020.04.20,01:43:45,2.0957625930392005,2.1393671636803173,2.010675674463013,2.043341377634643,100,0,1
2020.04.21,01:43:45,2.157015640168418,2.1729720803132464,2.1340299071400284,2.158791059052338,100,0,1
2020.04.22,01:43:45,2.086712051440124,2.1032897589157713,2.02565598504916,2.093686859361902,100,0,1
2020.04.23,01:43:45,2.0506011906096773,2.107144994747846,2.008431907226882,2.021282641709965,100,0,1
2020.04.24,01:43:45,2.1139685711332667,2.139181236190935,2.0671435178840856,2.088765326561482,100,0,1
2020.04.25,01:43:45,2.0399274204907094,2.1127044529080394,2.0116273965902165,2.0676756369296014,100,0,1
2020.04.26,01:43:45,1.961661177781009,1.9969760191079344,1.9190129657903958,1.9708801349238747,100,0,1
2020.04.27,01:43:45,1.8930172012621145,1.955418462190551,1.8374345418883233,1.8538414579111873,100,0,1
2020.04.28,01:43:45,1.8607836509633409,1.9047865113256612,1.82171049712263,1.8435850125435527,100,0,1
2020.04.29,01:43:45,1.7835382311880361,1.8200068909906553,1.7416769592948922,1.7721286884111935,100,0,1
2020.04.30,01:43:45,1.8548493533813855,1.9248313157431374,1.7717539195804477,1.815447302892284,100,0,1
2020.05.01,01:43:45,1.7969779686437726,1.8347319638401105,1.7302463302226736,1.7698545641174792,100,0,1
2020.05.02,01:43:45,1.8807885441543928,1.945500451835344,1.8397113508857073,1.9084424980314816,100,0,1
2020.05.03,01:43:45,1.9273984028239688,1.9626953613596816,1.8857202186277937,1.895446271426287,100,0,1
2020.05.04,01:43:45,1.9366779322366847,1.9978817993401174,1.9202671517727605,1.9781413517532909,100,0,1
2020.05.05,01:43:45,1.9216020642289693,1.9807012156931578,1.9030355421937855,1.9237524172484797,100,0,1
2020.05.06,01:43:45,1.8956004593655207,1.9580094967960415,1.8418238775428977,1.9205735588385653,100,0,1
2020.05.07,01:43:45,1.8625122139013188,1.9100308019246308,1.8185043041653437,1.8604334110768361,100,0,1
2020.05.08,01:43:45,1.8296653558415108,1.8662794391856736,1.7664923466409868,1.7785921339853015,100,0,1
2020.05.09,01:43:45,1.9070934339597139,1.9452688447293112,1.8518842185797577,1.8711847022336836,100,0,1
2020.05.10,01:43:45,1.8806538113870706,1.9492904242433013,1.8289645242853267,1.9248275302388527,100,0,1
2020.05.11,01:43:45,1.965379437850546,2.017565333050563,1.9486250551707776,1.9488879086106594,100,0,1
2020.05.12,01:43:45,2.007843622747196,2.0554441069413616,1.9610578850356821,2.018686855884047,100,0,1
2020.05.13,01:43:45,2.069739373155287,2.108860095433877,2.0353619884275695,2.078919974378396,100,0,1
2020.05.14,01:43:45,2.0022573855898753,2.026198296685189,1.9474695097380201,1.9649998236561228,100,0,1
2020.05.15,01:43:45,2.066182321657579,2.1126613479055454,2.01753133232492,2.017941097010349,100,0,1
2020.05.16,01:43:45,2.1480345772560603,2.1784195004203615,2.0860274195395685,2.171951538634106,100,0,1
2020.05.17,01:43:45,2.20457884345799,2.27278757427858,2.1706770809651488,2.2260708850363162,100,0,1
2020.05.18,01:43:45,2.133170942164255,2.19855383489243,2.0955740051482348,2.0984387858045355,100,0,1
2020.05.19,01:43:45,2.12982673053708,2.2054815857477332,2.075098916467365,2.1110432876570675,100,0,1
2020.05.20,01:43:45,2.1649311810546314,2.2067544736486364,2.0648833916831597,2.1876984353231697,100,0,1
2020.05.21,01:43:45,2.142026202732148,2.163378235863098,2.0815955105661574,2.0838056180541447,100,0,1
2020.05.22,01:43:45,2.2328174321691097,2.3213869053259986,2.2109795185764978,2.27471524660753,100,0,1
2020.05.23,01:43:45,2.133974224086027,2.1938504979488034,2.093755065981604,2.166740364593734,100,0,1
2020.05.24,01:43:45,2.213452753298691,2.28314652863317,2.1530801988399126,2.2178677725735603,100,0,1
2020.05.25,01:43:45,2.1946661009965402,2.251885932542956,2.1417165637174245,2.2117570504731234,100,0,1
2020.05.26,01:43:45,2.1978298871681203,2.240344924921067,2.1554376958806536,2.1988299532345312,100,0,1
2020.05.27,01:43:45,2.2430888163192098,2.299093430005726,2.194943595466905,2.2168167541844124,100,0,1
2020.05.28,01:43:45,2.2411862648679235,2.3114970308704,2.2231539144505286,2.239497073595811,100,0,1
2020.05.29,01:43:45,2.2170208509329123,2.2626273289242267,2.1548898755400976,2.245107082711509,100,0,1
2020.05.30,01:43:45,2.1745435659772547,2.239568104234905,2.1517691853608714,2.174912064640327,100,0,1
2020.05.31,01:43:45,2.099482473347693,2.181122649878759,2.001993291862575,2.0687008305169066,100,0,1
2020.06.01,01:43:45,2.132843336575309,2.1895722241122373,2.0743097227726066,2.1456245822553246,100,0,1
2020.06.02,01:43:45,2.281644628779797,2.284458681496939,2.234010719759633,2.2562548401593534,100,0,1
2020.06.03,01:43:45,2.259722026473159,2.295981836853663,2.2431519309625862,2.2720309908692524,100,0,1
2020.06.04,01:43:45,2.3317032287502792,2.4033826875603315,2.3154738211050407,2.379466278959221,100,0,1
2020.06.05,01:43:45,2.3089653567285096,2.340065095485091,2.2308561450381665,2.236610661415545,100,0,1
2020.06.06,01:43:45,2.3364502769154245,2.3940384813804343,2.2969222801918154,2.3927035410058597,100,0,1
2020.06.07,01:43:45,2.3885046063068565,2.4614846469697276,2.3866929467927305,2.39986984117656,100,0,1
2020.06.08,01:43:45,2.366283726101327,2.393741495555105,2.34991790234552,2.3649474076253822,100,0,1
2020.06.09,01:43:45,2.4820283680846957,2.4994331368419886,2.4178721442573186,2.4318286616538725,100,0,1
2020.06.10,01:43:45,2.507090329472688,2.5421122018118223,2.448176264206961,2.4672949787801786,100,0,1
2020.06.11,01:43:45,2.4248658186703436,2.456593194400242,2.382204960669887,2.4366460830144216,100,0,1
2020.06.12,01:43:45,2.368132688829468,2.426234091040016,2.3385088163620003,2.3389931289198422,100,0,1
2020.06.13,01:43:45,2.37910697329792,2.44414055769454,2.327825748569417,2.3662601855528798,100,0,1
2020.06.14,01:43:45,2.332978947150244,2.3919622472934483,2.3010552202262358,2.355319207318434,100,0,1
2020.06.15,01:43:45,2.333314329310083,2.3382132327837257,2.2748094437668094,2.3178834148494496,100,0,1
2020.06.16,01:43:45,2.3998318487533403,2.457756524920406,2.3803434686527827,2.3998395782317745,100,0,1
2020.06.17,01:43:45,2.3795131846998667,2.4317617297999887,2.345789668639928,2.4268755979402177,100,0,1
2020.06.18,01:43:45,2.3928285098294757,2.463446035154692,2.3444182204470745,2.429751789922315,100,0,1
2020.06.19,01:43:45,2.4036124341354577,2.449134480625807,2.3292806569095013,2.3317968994691993,100,0,1
2020.06.20,01:43:45,2.4752623253000423,2.5468945701527614,2.4157880772682856,2.513928872310283,100,0,1
2020.06.21,01:43:45,2.5290503659899786,2.5491130410370806,2.471437484656369,2.539875972059104,100,0,1
2020.06.22,01:43:45,2.5851067674567734,2.668027694609301,2.515806639639714,2.5826928204162822,100,0,1
2020.06.23,01:43:45,2.517625046891649,2.5932635277653757,2.46555377985923,2.4837196146494263,100,0,1
2020.06.24,01:43:45,2.439118170976198,2.459856037872399,2.3879986551989214,2.403365846615965,100,0,1
2020.06.25,01:43:45,2.4444274765321388,2.467139523962665,2.401967142750699,2.4389519405744395,100,0,1
2020.06.26,01:43:45,2.497094235048762,2.541472376828129,2.465512957109435,2.4838710193248734,100,0,1
2020.06.27,01:43:45,2.5516885734747112,2.6361915112642924,2.476219441401071,2.6192368166480295,100,0,1
2020.06.28,01:43:45,2.606887428300929,2.6684327836644153,2.5663837357894277,2.65077889768903,100,0,1
2020.06.29,01:43:45,2.567466911948424,2.6242535001036695,2.5238357225961527,2.5464103702798235,100,0,1
2020.06.30,01:43:45,2.623638383688134,2.694158313918399,2.594576435619051,2.6330218646458974,100,0,1
2020.07.01,01:43:45,2.571893681672479,2.601030071118749,2.514665075050232,2.5854026514053983,100,0,1
2020.07.02,01:43:45,2.547271629700051,2.6056492375605447,2.496520061028092,2.5543079370228785,100,0,1
2020.07.03,01:43:45,2.5427363273509878,2.5709484096467587,2.473795141778457,2.5555800125061423,100,0,1
2020.07.04,01:43:45,2.6108354306494856,2.669501800338847,2.562604620658673,2.6548032338023275,100,0,1
2020.07.05,01:43:45,2.615644823298117,2.6912904891615868,2.5536271300871487,2.5784911755689577,100,0,1
2020.07.06,01:43:45,2.5812640061600542,2.6181262473076035,2.555464811614263,2.60392483513704,100,0,1
2020.07.07,01:43:45,2.5112264601892615,2.581858406843916,2.4689751755157237,2.484039968691002,100,0,1
2020.07.08,01:43:45,2.5844439767657845,2.6589354826602496,2.5304081679758643,2.571408160584919,100,0,1
2020.07.09,01:43:45,2.5789816166514585,2.6420848934940278,2.524556172936167,2.593350955445476,100,0,1
2020.07.10,01:43:45,2.415870103908872,2.456799860347036,2.3756804429336653,2.3795502665241304,100,0,1
2020.07.11,01:43:45,2.4175434519050967,2.4698733841088223,2.366516101498576,2.4121845306069116,100,0,1
2020.07.12,01:43:45,2.5022465404545597,2.5361860651107384,2.4570489881297988,2.532622296791691,100,0,1
2020.07.13,01:43:45,2.433577513313588,2.474211655312432,2.3603160797809046,2.4260064054902317,100,0,1
2020.07.14,01:43:45,2.442320759652594,2.50284212244915,2.3852100160666945,2.399655251223341,100,0,1
2020.07.15,01:43:45,2.4495782169866818,2.4655813845646453,2.3770778804759263,2.3858366383660643,100,0,1
2020.07.16,01:43:45,2.4735704383111856,2.5721227179582464,2.413439813748745,2.5696054124554024,100,0,1
2020.07.17,01:43:45,2.603311727445547,2.6773192031124635,2.5256364810833425,2.5350567114120817,100,0,1
2020.07.18,01:43:45,2.6542930100659694,2.712838745476738,2.6058247127357106,2.6130788962162668,100,0,1
2020.07.19,01:43:45,2.6843019451460806,2.7302975579947653,2.624770165078769,2.678757353828429,100,0,1
2020.07.20,01:43:45,2.794148909134169,2.8398297163027673,2.714667496330625,2.792092779848195,100,0,1
2020.07.21,01:43:45,2.7955743152084667,2.8362148855425744,2.740625826546822,2.7577549633544667,100,0,1
2020.07.22,01:43:45,2.7754239730642016,2.823351253844862,2.718938866272286,2.7455699763687433,100,0,1
2020.07.23,01:43:45,2.7804282427674507,2.833035186985097,2.757046776810567,2.801746221999416,100,0,1
2020.07.24,01:43:45,2.6921417506227825,2.741564503051787,2.608313777742675,2.7019538669539127,100,0,1
2020.07.25,01:43:45,2.6289244362255975,2.6725277740274787,2.5840171169115473,2.5897312004148265,100,0,1
2020.07.26,01:43:45,2.649222519747455,2.6975003557632573,2.6188220225780388,2.680444384857791,100,0,1
2020.07.27,01:43:45,2.633938532369046,2.701185814735412,2.5717166155900197,2.6606030899757926,100,0,1
2020.07.28,01:43:45,2.621481786534172,2.6734237108882506,2.554012676580021,2.586851120144369,100,0,1
2020.07.29,01:43:45,2.6579480463809264,2.7232418890333316,2.6207363054842663,2.701896062551006,100,0,1
2020.07.30,01:43:45,2.6579496513008185,2.701997719379282,2.614822265812815,2.6940859752059274,100,0,1
2020.07.31,01:43:45,2.597477306005644,2.6775647535255036,2.544045521328913,2.6461962990157226,100,0,1
2020.08.01,01:43:45,2.663361436520455,2.705497679249359,2.5994113607739857,2.6894947629720125,100,0,1
2020.08.02,01:43:45,2.6341722985845664,2.71164088294748,2.5778683677009973,2.6050383143587013,100,0,1
2020.08.03,01:43:45,2.691423058911397,2.734472438412353,2.6420164660107046,2.643527484305387,100,0,1
2020.08.04,01:43:45,2.6813585908545137,2.7472095561450285,2.595575247551814,2.7073141665758698,100,0,1
2020.08.05,01:43:45,2.6198978108450803,2.663330430369351,2.5440938801442003,2.6084663257470515,100,0,1
2020.08.06,01:43:45,2.57117523202479,2.571837350591468,2.4927156438707736,2.5440403191043486,100,0,1
2020.08.07,01:43:45,2.5287996360737712,2.5630788387102297,2.5026370793387755,2.521191584074409,100,0,1
2020.08.08,01:43:45,2.4871369433053423,2.5245933286006594,2.452479645333874,2.4750681121757703,100,0,1
2020.08.09,01:43:45,2.456682718537956,2.53200695137897,2.4246688223912956,2.455823775529543,100,0,1
2020.08.10,01:43:45,2.4511946304008827,2.5026184037782433,2.3778708614876107,2.4790311158754674,100,0,1
2020.08.11,01:43:45,2.4313542706904783,2.5029585053208403,2.3776589895714575,2.415962658547174,100,0,1
2020.08.12,01:43:45,2.4068940532691188,2.448274846146541,2.336373229337184,2.4280048372997167,100,0,1
2020.08.13,01:43:45,2.37808451298543,2.455922662915266,2.3744758637845886,2.377799494576912,100,0,1
2020.08.14,01:43:45,2.367477149864457,2.413880198355104,2.332727034810693,2.374088321821401,100,0,1
2020.08.15,01:43:45,2.4558080533325928,2.5018188276953937,2.389142948459604,2.482737059351483,100,0,1
2020.08.16,01:43:45,2.44861716226968,2.4958306332900495,2.412312666761129,2.4132627733650724,100,0,1
2020.08.17,01:43:45,2.3555634120354285,2.43818553846211,2.3216166554429574,2.4309884284876677,100,0,1
2020.08.18,01:43:45,2.3697519014501847,2.415273353258766,2.2864050159095086,2.371995646037769,100,0,1
2020.08.19,01:43:45,2.3915466365945024,2.4320919709493074,2.3626886256959527,2.373153676305245,100,0,1
2020.08.20,01:43:45,2.4127939278910735,2.453842837537636,2.393272412194396,2.405837993986435,100,0,1
2020.08.21,01:43:45,2.403902575777906,2.4405184244843228,2.3569444421285812,2.4094923714434056,100,0,1
2020.08.22,01:43:45,2.3126213739934824,2.325898185887984,2.2772856850754257,2.289529271065427,100,0,1
2020.08.23,01:43:45,2.368920545895403,2.3902639606020664,2.3263556594844346,2.355684169023624,100,0,1
2020.08.24,01:43:45,2.3246638057031,2.376263663290848,2.277998172401701,2.31446028043568,100,0,1
2020.08.25,01:43:45,2.3446569596920477,2.4217462825143974,2.29490181469108,2.340050998623019,100,0,1
2020.08.26,01:43:45,2.32880863294071,2.385083939637833,2.2652859667195564,2.3785906086149002,100,0,1
2020.08.27,01:43:45,2.29106132727443,2.3694303802142533,2.224432242616899,2.2771461438900507,100,0,1
2020.08.28,01:43:45,2.2743175214157003,2.3239569764927013,2.237001454403543,2.2810495181134525,100,0,1
2020.08.29,01:43:45,2.353037006705682,2.384013003539432,2.2969750813018597,2.370586416213565,100,0,1
2020.08.30,01:43:45,2.2740706050828345,2.3140023490708526,2.2139146893266903,2.2143633433880834,100,0,1
2020.08.31,01:43:45,2.2296002391244527,2.2653443293095687,2.16679644741268,2.2243399743211456,100,0,1
2020.09.01,01:43:45,2.183032337748949,2.231639045984723,2.1196653883808745,2.1514727237498406,100,0,1
2020.09.02,01:43:45,2.1129081692567575,2.15334902852512,2.084612768412529,2.1358082034571377,100,0,1
2020.09.03,01:43:45,2.1592803740666215,2.17822904071691,2.1286585454870854,2.13228139193842,100,0,1
2020.09.04,01:43:45,2.1534041955566763,2.206514133414122,2.1017553800735613,2.145934045243682,100,0,1
2020.09.05,01:43:45,2.178759126622633,2.244098209516748,2.14771924228611,2.163253431708003,100,0,1
2020.09.06,01:43:45,2.24365919361096,2.3121595687447076,2.2016819247657886,2.304107441603047,100,0,1
2020.09.07,01:43:45,2.2410679286521398,2.3039042453446754,2.1864535871825312,2.297929786774558,100,0,1
2020.09.08,01:43:45,2.256403421786945,2.3093744305316806,2.23081258960355,2.307789112708907,100,0,1
2020.09.09,01:43:45,2.420422431719354,2.4839169356744226,2.3268282035220547,2.4142779290995833,100,0,1
2020.09.10,01:43:45,2.4300545495886965,2.4827666000768716,2.3581549905738046,2.4705146973537295,100,0,1
2020.09.11,01:43:45,2.4131710675541833,2.4577127574094377,2.3230119176320936,2.42351217095989,100,0,1
2020.09.12,01:43:45,2.352165139838029,2.373407082492139,2.2484277941806865,2.319555746334036,100,0,1
2020.09.13,01:43:45,2.3253950623617547,2.375623933374806,2.25184832936754,2.33944530400622,100,0,1
2020.09.14,01:43:45,2.3624884570801483,2.4239313879824635,2.326405597591347,2.341207666511574,100,0,1
2020.09.15,01:43:45,2.333648309484395,2.4155263376273557,2.2736722838718477,2.380497770844712,100,0,1
2020.09.16,01:43:45,2.28561236753879,2.3265626507027175,2.2451382276715086,2.2527887076983477,100,0,1
2020.09.17,01:43:45,2.3416905737942546,2.3830540918363887,2.2973352188462646,2.364383118315806,100,0,1
2020.09.18,01:43:45,2.329958663927643,2.3758056008534116,2.253457840328713,2.2875127836363855,100,0,1
2020.09.19,01:43:45,2.3165732610276435,2.3706464071085724,2.2551353971328787,2.29799224216625,100,0,1
2020.09.20,01:43:45,2.2792367776218603,2.3048507921308596,2.2301694031676167,2.28119517531607,100,0,1
2020.09.21,01:43:45,2.2984294498408904,2.368164553153926,2.262671662123909,2.285125722686414,100,0,1
2020.09.22,01:43:45,2.3384024652196893,2.398670319948681,2.2866879889721736,2.3205307247775098,100,0,1
2020.09.23,01:43:45,2.3576966771957886,2.434873958096578,2.31423464800442,2.3463670144517335,100,0,1
2020.09.24,01:43:45,2.3983657089490436,2.421405249931605,2.369729368026305,2.3727424235595356,100,0,1
2020.09.25,01:43:45,2.3592270663160577,2.403394900958385,2.3244757149906614,2.38570905242883,100,0,1
2020.09.26,01:43:45,2.2626645217078547,2.281167813269691,2.225298839754721,2.2746098560755965,100,0,1
2020.09.27,01:43:45,2.212037114816433,2.2598108615340147,2.1698870417796963,2.193836962795149,100,0,1
2020.09.28,01:43:45,2.1763599829595153,2.260269514365152,2.0890705746220566,2.1591052392227272,100,0,1
2020.09.29,01:43:45,2.2710757909308708,2.308092733026584,2.2438974283697926,2.2774614618728104,100,0,1
2020.09.30,01:43:45,2.172853440966615,2.219048083079159,2.1104342524059496,2.1162301511909,100,0,1
2020.10.01,01:43:45,2.251690444798311,2.3023992791799737,2.211305954387571,2.236734391497717,100,0,1
2020.10.02,01:43:45,2.2591242484569722,2.3289429581154457,2.2452893065464092,2.261820840521429,100,0,1
2020.10.03,01:43:45,2.2723303842039213,2.2886910770192346,2.228744140724245,2.238015382329794,100,0,1
2020.10.04,01:43:45,2.282604303542909,2.3360491935875873,2.2209827833143025,2.3161546815472818,100,0,1
2020.10.05,01:43:45,2.340280659127705,2.3894531489613966,2.3044312540436866,2.356524817732065,100,0,1
2020.10.06,01:43:45,2.283059278733889,2.340474976259752,2.2258614800845233,2.310580520786768,100,0,1
2020.10.07,01:43:45,2.3128011342812163,2.3902598366178625,2.2667728343941858,2.3345067168545395,100,0,1
2020.10.08,01:43:45,2.4185338405384003,2.447507598848581,2.3355577584641503,2.418677074937889,100,0,1
2020.10.09,01:43:45,2.3752785562689622,2.435507188631214,2.3250816405526353,2.341871788461623,100,0,1
2020.10.10,01:43:45,2.335686367893599,2.3516359714047583,2.3355879411206404,2.3412124590566004,100,0,1
2020.10.11,01:43:45,2.4598030640408393,2.534814293950157,2.414873638039511,2.418245890377256,100,0,1
2020.10.12,01:43:45,2.407267581842574,2.466689540782494,2.346434991983084,2.376778127762131,100,0,1
2020.10.13,01:43:45,2.4369682344410992,2.4824628240011903,2.399130446609478,2.426499576181323,100,0,1
2020.10.14,01:43:45,2.4620905085628237,2.492904640065625,2.3880592474033464,2.442373727865456,100,0,1
2020.10.15,01:43:45,2.40285305155506,2.4690638264585125,2.311256910770443,2.3596299460257484,100,0,1
2020.10.16,01:43:45,2.359483388051835,2.390588131091857,2.2590773491889147,2.3324457612070155,100,0,1
2020.10.17,01:43:45,2.34919837560585,2.3979020043242536,2.31303344765865,2.3975296652765845,100,0,1
2020.10.18,01:43:45,2.299679281987894,2.3374637596931467,2.265838538020955,2.3335140176282523,100,0,1
2020.10.19,01:43:45,2.3063642359574326,2.3440636216350743,2.223400524362188,2.323206572057151,100,0,1
2020.10.20,01:43:45,2.3386790597172187,2.3993141265683953,2.3070566756737616,2.393231565577019,100,0,1
2020.10.21,01:43:45,2.302827107673333,2.378430629410853,2.2978405801869677,2.3504660499795014,100,0,1
2020.10.22,01:43:45,2.3345170837693074,2.357865727251969,2.325123296839933,2.3395651613584696,100,0,1
2020.10.23,01:43:45,2.3089477075641764,2.3861160155369148,2.268327520995369,2.310380637436241,100,0,1
2020.10.24,01:43:45,2.2919814951657758,2.3654259079460855,2.249743749935329,2.2891692058203117,100,0,1
2020.10.25,01:43:45,2.302274701373747,2.3198179721174026,2.2772632721702006,2.2932678805425093,100,0,1
2020.10.26,01:43:45,2.2256493160857995,2.2724340416986197,2.1527776390300044,2.243401331039271,100,0,1
2020.10.27,01:43:45,2.198436778299716,2.225619313863411,2.1253270137136235,2.1561745899595506,100,0,1
2020.10.28,01:43:45,2.1461665949008704,2.182875017505125,2.1089604537185083,2.1598350247933427,100,0,1
2020.10.29,01:43:45,2.2344829801741564,2.288982640193618,2.1577266211200588,2.200834917732019,100,0,1
2020.10.30,01:43:45,2.2913818316800514,2.344600611811455,2.2167190006212527,2.257341372164885,100,0,1
2020.10.31,01:43:45,2.330111730510476,2.343251920587463,2.265588677173985,2.2686827988458713,100,0,1
2020.11.01,01:43:45,2.293352778357163,2.325216195041359,2.2202534195034698,2.2334762448358143,100,0,1
2020.11.02,01:43:45,2.327031256206363,2.3726556674468577,2.29866874149221,2.3490230598546735,100,0,1
2020.11.03,01:43:45,2.4432356311594017,2.51590612264053,2.413113965132519,2.475741666534843,100,0,1
2020.11.04,01:43:45,2.41630213835684,2.4410700387411453,2.3619659179028862,2.4397176008925046,100,0,1
2020.11.05,01:43:45,2.4484468355562936,2.4890828351403425,2.3919308179773324,2.4238671857353067,100,0,1
2020.11.06,01:43:45,2.3791239594689655,2.3905391553912114,2.3188747851933593,2.353473241969964,100,0,1
2020.11.07,01:43:45,2.3975319313572556,2.4314513665012685,2.339639190929709,2.4213628943289405,100,0,1
2020.11.08,01:43:45,2.2841503186785177,2.353923943939424,2.218629265908416,2.2920893848960238,100,0,1
2020.11.09,01:43:45,2.3233284551208677,2.380716953907799,2.2788823339587156,2.3708365085915903,100,0,1
2020.11.10,01:43:45,2.2881935488156806,2.3739134295590554,2.2339292833108964,2.366780721863477,100,0,1
2020.11.11,01:43:45,2.3863566661855344,2.4474849005272126,2.3394790642656305,2.3549365908498916,100,0,1
2020.11.12,01:43:45,2.400146450483614,2.459212336457878,2.3788282016614812,2.401152023518134,100,0,1
2020.11.13,01:43:45,2.37870405559951,2.4000685386411216,2.3363507172974627,2.368045021238923,100,0,1
2020.11.14,01:43:45,2.386430708720173,2.4101795199348603,2.3436145427774213,2.347956128850846,100,0,1
2020.11.15,01:43:45,2.348731857554805,2.385121433032111,2.2802126160779532,2.3340339065066606,100,0,1
2020.11.16,01:43:45,2.2959770150670877,2.328287204539852,2.2430019340809344,2.2916922245116287,100,0,1
2020.11.17,01:43:45,2.2796114418119693,2.340607022252206,2.2365456654244213,2.2604299642347256,100,0,1
2020.11.18,01:43:45,2.285839080458626,2.311994622413016,2.232938436150513,2.2834441505293004,100,0,1
2020.11.19,01:43:45,2.1839415010873386,2.237063915419626,2.147712480268662,2.1604420529819595,100,0,1
2020.11.20,01:43:45,2.195687638332669,2.256508420525889,2.168927294341183,2.251383762516517,100,0,1
2020.11.21,01:43:45,2.1554567227800914,2.1645928241512373,2.135746706620243,2.1410998956580336,100,0,1
2020.11.22,01:43:45,2.073344848775938,2.0953871532479273,2.016921658076778,2.0299762998116333,100,0,1
2020.11.23,01:43:45,1.9776652893184945,2.0200558942588045,1.8949415089669477,1.9102871067914033,100,0,1
2020.11.24,01:43:45,2.082875911663672,2.151446192221935,2.016566866403423,2.1180487253409797,100,0,1
2020.11.25,01:43:45,2.036186013014703,2.1035535379324566,1.9894836287469633,1.9956361059149246,100,0,1
2020.11.26,01:43:45,2.027513977671437,2.069802669475278,1.997774644933745,2.055378005246584,100,0,1
2020.11.27,01:43:45,2.0546233144119808,2.111611439033072,1.9744962290427366,2.054712876063686,100,0,1
2020.11.28,01:43:45,2.042278199398036,2.0962850178366628,2.0128473122258455,2.0221842360857183,100,0,1
2020.11.29,01:43:45,2.008441293104911,2.06819315480004,1.9777826083998504,2.0182906649131453,100,0,1
2020.11.30,01:43:45,1.9402380847056488,1.9928676278288235,1.915696477025071,1.9552838191070847,100,0,1
2020.12.01,01:43:45,1.9946575547929404,2.056919245229044,1.943471425993799,1.9596324569751369,100,0,1
2020.12.02,01:43:45,1.9604183761384575,2.0255558159949016,1.8943940783156556,1.9664295809126193,100,0,1
2020.12.03,01:43:45,2.0114281528770617,2.0582941528585357,2.002860602623622,2.0503019715076785,100,0,1
2020.12.04,01:43:45,2.0160682533976466,2.063496142843264,1.9805844783727833,2.0388482823174914,100,0,1
2020.12.05,01:43:45,2.0568338258398007,2.122147852326338,2.0150011176099407,2.0984133938759735,100,0,1
2020.12.06,01:43:45,2.0342318779200226,2.1034528087238984,1.9905670434057496,2.046588393248949,100,0,1
2020.12.07,01:43:45,2.0932982496779267,2.1867337650905205,2.0648386171371196,2.148701755689542,100,0,1
2020.12.08,01:43:45,2.1401245832777427,2.19600995336918,2.0840837484288093,2.1614639801161566,100,0,1
2020.12.09,01:43:45,2.1151786013025267,2.1470399530078366,2.0974691536787344,2.142542815578196,100,0,1
2020.12.10,01:43:45,2.1860510034343767,2.2208206005029667,2.103949128438351,2.1360185623632093,100,0,1
2020.12.11,01:43:45,2.1343307645439804,2.190572572868446,2.0749509793949885,2.1446840107620995,100,0,1
2020.12.12,01:43:45,2.18346054255763,2.2170457033625874,2.11944596890312,2.214613681665406,100,0,1
2020.12.13,01:43:45,2.1695169495733744,2.2375152123690776,2.135852190194564,2.1400285213993366,100,0,1
2020.12.14,01:43:45,2.1960184866390136,2.2268261443203947,2.1783408091466536,2.226039805475134,100,0,1
2020.12.15,01:43:45,2.210429263423253,2.21379227676039,2.1807984908335785,2.191335649309776,100,0,1
2020.12.16,01:43:45,2.319376331404035,2.367459152124508,2.2645218853855282,2.3279605091595643,100,0,1
2020.12.17,01:43:45,2.325140137999729,2.386152580006564,2.3061935490802177,2.356669078128031,100,0,1
2020.12.18,01:43:45,2.379169627302908,2.4092396410671677,2.3443822544412427,2.3731060782185476,100,0,1
2020.12.19,01:43:45,2.366677759371983,2.402203163650612,2.324157678201176,2.3584885067597052,100,0,1
2020.12.20,01:43:45,2.4201366065695105,2.4920477149336016,2.3704501613696833,2.4243663626309986,100,0,1
2020.12.21,01:43:45,2.4478734289198925,2.524628819601921,2.3875878391116734,2.51830618511859,100,0,1
2020.12.22,01:43:45,2.3863095086827952,2.4166363011307697,2.3351247322393918,2.3957888134644785,100,0,1
2020.12.23,01:43:45,2.3950804786442874,2.414468658803292,2.3752066990003375,2.3977258358742186,100,0,1
2020.12.24,01:43:45,2.4526579966329085,2.4809344456329994,2.452488531233734,2.4628160380824653,100,0,1
2020.12.25,01:43:45,2.4688509535299117,2.513843562866241,2.4216777150742685,2.482541260067059,100,0,1
2020.12.26,01:43:45,2.496055612046322,2.528421403406774,2.4644337385562625,2.4891410468272186,100,0,1
2020.12.27,01:43:45,2.575415088935538,2.5826089774052,2.508519439615412,2.533886916462916,100,0,1
2020.12.28,01:43:45,2.5503679409973823,2.617819473808669,2.4932205293614564,2.5927970756835315,100,0,1
2020.12.29,01:43:45,2.573146899279798,2.6454612090739236,2.4973828001146434,2.5930689734204004,100,0,1
2020.12.30,01:43:45,2.5019762227106743,2.5777062349253694,2.448269543095417,2.4831860419593212,100,0,1
2020.12.31,01:43:45,2.5263613094695136,2.5629502906404125,2.4726827866916183,2.5598154232792822,100,0,1
2021.01.01,01:43:45,2.5001631078971114,2.545221873888529,2.460239891697381,2.505490463396431,100,0,1
2021.01.02,01:43:45,2.4855636942729564,2.585297746264726,2.4227833957629232,2.43119899023166,100,0,1
2021.01.03,01:43:45,2.501994532732613,2.553793638764173,2.442309118631695,2.533870860823304,100,0,1
2021.01.04,01:43:45,2.4959736649446853,2.5419175249565384,2.4464585884308487,2.4535966143297716,100,0,1
2021.01.05,01:43:45,2.5115660490702467,2.5683453858525653,2.450598155446847,2.549860507055965,100,0,1
2021.01.06,01:43:45,2.510211167186403,2.5910701828250056,2.4581243695425363,2.5224654176499564,100,0,1
2021.01.07,01:43:45,2.4733635438239934,2.506918022564897,2.421290260679731,2.428216054108028,100,0,1
2021.01.08,01:43:45,2.46829439389983,2.5556396673095905,2.4144230571500085,2.485466817598387,100,0,1
2021.01.09,01:43:45,2.4883518542268552,2.557256106044881,2.460295644741446,2.5419707088987367,100,0,1
2021.01.10,01:43:45,2.4534351240356003,2.526807152390677,2.4137534552488726,2.475163205852974,100,0,1
2021.01.11,01:43:45,2.4907246883749834,2.5438858277852168,2.4617803921558097,2.5349326202039157,100,0,1
2021.01.12,01:43:45,2.405573395859487,2.4764009216186698,2.371385521907911,2.4537949776708663,100,0,1
2021.01.13,01:43:45,2.383786040236497,2.4484335372930977,2.333613981407212,2.381868560252561,100,0,1
2021.01.14,01:43:45,2.3939252753536584,2.4601810079875603,2.3014585369941063,2.3819858735171495,100,0,1
2021.01.15,01:43:45,2.3446668949163647,2.407447885337376,2.2860671821410774,2.3004257577855074,100,0,1
2021.01.16,01:43:45,2.3575210313866326,2.429127971121448,2.3040870900738115,2.318300726626158,100,0,1
2021.01.17,01:43:45,2.3233619262230665,2.3567066647889194,2.307097805412278,2.3273203293617413,100,0,1
2021.01.18,01:43:45,2.296978306942153,2.3447936966232863,2.239269966305051,2.277668335500251,100,0,1
2021.01.19,01:43:45,2.318953042749577,2.364174093696112,2.257006397135291,2.285386816274858,100,0,1
2021.01.20,01:43:45,2.3319474913816296,2.3560266352984445,2.252249087486541,2.34450847395344,100,0,1
2021.01.21,01:43:45,2.4341592387354423,2.4512999096633488,2.385960860571226,2.4081161439007293,100,0,1
2021.01.22,01:43:45,2.4855469771050758,2.5587752120415903,2.4325504622774683,2.5431551873958615,100,0,1
2021.01.23,01:43:45,2.384073204309372,2.426111214013901,2.3538480058399114,2.390387550976142,100,0,1
2021.01.24,01:43:45,2.312413442959852,2.329134693804617,2.270584266561308,2.3270849246569782,100,0,1
2021.01.25,01:43:45,2.335861843404588,2.386945760619292,2.315213645098233,2.3559411422620613,100,0,1
2021.01.26,01:43:45,2.2974821671353114,2.349319931842745,2.2300337925436855,2.2659162673670092,100,0,1
2021.01.27,01:43:45,2.2574210527312504,2.3386719360875285,2.1860291791416064,2.2909434446446078,100,0,1
2021.01.28,01:43:45,2.323906937654622,2.3781065889210313,2.295808836675815,2.3029765202369816,100,0,1
2021.01.29,01:43:45,2.297619105963284,2.376353883960314,2.2831737760262145,2.2899441522534763,100,0,1
2021.01.30,01:43:45,2.2741964768404968,2.28025232073424,2.2655139596413747,2.2760923858570354,100,0,1
2021.01.31,01:43:45,2.347688759778115,2.391834150833204,2.279786927757178,2.3691576879627143,100,0,1
2021.02.01,01:43:45,2.3215620517045816,2.3771520898966187,2.2744876197999093,2.335715771914657,100,0,1
2021.02.02,01:43:45,2.2962784711909032,2.3382989996157355,2.256980064588451,2.269259410804648,100,0,1
2021.02.03,01:43:45,2.249356809999,2.2710556518639824,2.162723842697935,2.183802153533486,100,0,1
2021.02.04,01:43:45,2.2494834037140716,2.291327922643995,2.2056961881930137,2.2902475550473094,100,0,1
2021.02.05,01:43:45,2.3175612264647745,2.337209852809631,2.2428210451448227,2.2863385489221772,100,0,1
2021.02.06,01:43:45,2.3051163882154726,2.380528297090018,2.243263746504409,2.270810169246521,100,0,1
2021.02.07,01:43:45,2.2823376797630686,2.340317339240056,2.232043242126631,2.314507802291032,100,0,1
2021.02.08,01:43:45,2.304999074339479,2.353472136351257,2.208467331249186,2.261637252446709,100,0,1
2021.02.09,01:43:45,2.440960760848865,2.5005402776061945,2.3887099769331046,2.4979511258029303,100,0,1
2021.02.10,01:43:45,2.4227519108998097,2.4601254138762765,2.357230443521576,2.382815067666125,100,0,1
2021.02.11,01:43:45,2.444000031526038,2.5059097372246484,2.377185952216837,2.495334119877793,100,0,1
2021.02.12,01:43:45,2.4822979154566567,2.5260047554762384,2.4509359928534766,2.466820424737193,100,0,1
2021.02.13,01:43:45,2.4408343147654796,2.47209125764362,2.4129256800711123,2.4663290590340425,100,0,1
2021.02.14,01:43:45,2.5914372659567806,2.627685228324662,2.531087317847196,2.619462540060673,100,0,1
2021.02.15,01:43:45,2.6229886108260594,2.6843734253567577,2.5827911847478533,2.60194356059592,100,0,1
2021.02.16,01:43:45,2.563300960209516,2.591174296049375,2.5210225502312014,2.543531297650743,100,0,1
2021.02.17,01:43:45,2.5113478242236473,2.562479590192506,2.445904000648173,2.4976719413921216,100,0,1
2021.02.18,01:43:45,2.4599722661241437,2.556286211213474,2.3962588712273623,2.493172858163831,100,0,1
2021.02.19,01:43:45,2.536242444296589,2.579593191204909,2.490219751723735,2.547612796977294,100,0,1
2021.02.20,01:43:45,2.5503048220287496,2.591149740464719,2.521589181519281,2.5712684403023487,100,0,1
2021.02.21,01:43:45,2.468809940878175,2.506354590037307,2.4140451729746104,2.488533057821338,100,0,1
2021.02.22,01:43:45,2.4769462984847355,2.5041315774192707,2.4050164291830884,2.4281174926286155,100,0,1
2021.02.23,01:43:45,2.415016123936196,2.4652998394464496,2.3739766008020546,2.4625574777751305,100,0,1
2021.02.24,01:43:45,2.4387031249549023,2.5080462610728147,2.3678755432512526,2.43988703028453,100,0,1
2021.02.25,01:43:45,2.5258396403947843,2.602737348725322,2.49091961102717,2.585404110938317,100,0,1
2021.02.26,01:43:45,2.4533384456639986,2.5094588562846716,2.399962620666681,2.457401461459797,100,0,1
2021.02.27,01:43:45,2.4730023899269877,2.5436963319695387,2.415772119101007,2.541590148209225,100,0,1
2021.02.28,01:43:45,2.58505969043954,2.638819486123119,2.5504459331970577,2.5726117510092124,100,0,1
2021.03.01,01:43:45,2.6054427902844552,2.6507548346821737,2.550139285585824,2.5692474936878407,100,0,1
2021.03.02,01:43:45,2.543529197742244,2.6022695146758172,2.4994087691216484,2.5015770355115503,100,0,1
2021.03.03,01:43:45,2.459255384900053,2.508634941455765,2.431930646237291,2.436414950883579,100,0,1
2021.03.04,01:43:45,2.3310594000803326,2.341551877877603,2.28531258476047,2.289513977330441,100,0,1
2021.03.05,01:43:45,2.32073693430799,2.374355362113609,2.2811902567684825,2.3518210890848197,100,0,1
2021.03.06,01:43:45,2.3994125823080883,2.451891265002271,2.361385141501469,2.38234063098525,100,0,1
2021.03.07,01:43:45,2.4371107569693926,2.4979635911737996,2.389934626643858,2.469878482655136,100,0,1
2021.03.08,01:43:45,2.3708470414066536,2.419421757823972,2.332191699006892,2.4036656102611453,100,0,1
2021.03.09,01:43:45,2.463197668173886,2.5367542065339492,2.4296751165129664,2.494565016920784,100,0,1
2021.03.10,01:43:45,2.470208308940995,2.523073512317899,2.4233107687551976,2.512012298869299,100,0,1
2021.03.11,01:43:45,2.430654631502665,2.510191269879557,2.3610347837530012,2.475024595601419,100,0,1
2021.03.12,01:43:45,2.3819633769405257,2.4401767489782316,2.3180596618702594,2.3736294664062387,100,0,1
2021.03.13,01:43:45,2.404022636151686,2.4355539679280755,2.342179669702109,2.3984896772428765,100,0,1
2021.03.14,01:43:45,2.403948979921614,2.4470440222915917,2.352943792987578,2.4014798029287077,100,0,1
2021.03.15,01:43:45,2.521605470317317,2.5714244294343183,2.4685496397099476,2.4720694342687883,100,0,1
2021.03.16,01:43:45,2.4158304788960883,2.4585953876575988,2.3839691622469728,2.4581212886830994,100,0,1
2021.03.17,01:43:45,2.4381855327177253,2.527852133590681,2.4140718681000117,2.4915126790941744,100,0,1
2021.03.18,01:43:45,2.415460441299491,2.476729591684815,2.350657275973867,2.3713704678501593,100,0,1
2021.03.19,01:43:45,2.442083999312639,2.4774411525647846,2.379793607024181,2.4017882971323132,100,0,1
2021.03.20,01:43:45,2.425991940188922,2.493200675379775,2.371607436809516,2.4394173723189687,100,0,1
2021.03.21,01:43:45,2.49516217091151,2.5654298475127133,2.4645077386369785,2.47302652421721,100,0,1
2021.03.22,01:43:45,2.422591258642659,2.494091324911589,2.3612863184276494,2.480545579754702,100,0,1
2021.03.23,01:43:45,2.4456344211047747,2.4860964995781094,2.3884998994550375,2.389239025943676,100,0,1
2021.03.24,01:43:45,2.448139380641626,2.493278326131109,2.416052288911948,2.45805432830271,100,0,1
2021.03.25,01:43:45,2.4436806233257737,2.4991255851609564,2.3993684504070703,2.472029901451808,100,0,1
2021.03.26,01:43:45,2.438557064050622,2.4845574903413246,2.4136281648455262,2.4672847606034347,100,0,1
2021.03.27,01:43:45,2.473676717836549,2.5504182698286586,2.443482380101498,2.51374886103837,100,0,1
2021.03.28,01:43:45,2.487267645201348,2.5517879003838293,2.4555162118173555,2.486592351561814,100,0,1
2021.03.29,01:43:45,2.3386517669320996,2.3636953576357693,2.323804787635419,2.359352072698577,100,0,1
2021.03.30,01:43:45,2.4145747631270145,2.4986870146206126,2.350985327051326,2.425370906701434,100,0,1
2021.03.31,01:43:45,2.435777433820364,2.5046874890712867,2.3701137262603775,2.4028635582493507,100,0,1
2021.04.01,01:43:45,2.4586836314313474,2.5098805933236323,2.4058252773119753,2.4989037455646734,100,0,1
2021.04.02,01:43:45,2.450677594533847,2.5114630062463066,2.3738254691206304,2.411231822354758,100,0,1
2021.04.03,01:43:45,2.530573349912047,2.553911517118584,2.491329405055349,2.502886353794949,100,0,1
2021.04.04,01:43:45,2.5914480996349574,2.6203455737871155,2.5159420761191678,2.5624557116245734,100,0,1
2021.04.05,01:43:45,2.5992525470953867,2.6986616029347488,2.5544054037615758,2.659104856003874,100,0,1
2021.04.06,01:43:45,2.581097154245155,2.6549087694651448,2.5105137393258246,2.5784537443306927,100,0,1
2021.04.07,01:43:45,2.5600757797221756,2.602588528978894,2.487825441767364,2.601623606393872,100,0,1
2021.04.08,01:43:45,2.5719505529846916,2.6205772728488057,2.4577382781954715,2.5584488749167935,100,0,1
2021.04.09,01:43:45,2.561935065127776,2.638315614352746,2.516160926949862,2.590340596549302,100,0,1
2021.04.10,01:43:45,2.6510875645124212,2.712685859521033,2.6287598024172834,2.6501326734527986,100,0,1
2021.04.11,01:43:45,2.6250129339493515,2.6811267325408523,2.5544729063073275,2.5853225686257053,100,0,1
2021.04.12,01:43:45,2.6232103156129725,2.681238573978001,2.578908198817789,2.672960191847612,100,0,1
2021.04.13,01:43:45,2.7622853362844078,2.8003807588726324,2.6953005197062057,2.7811502639436716,100,0,1
2021.04.14,01:43:45,2.710090115858784,2.7227600585596528,2.666405574392886,2.6854487879348645,100,0,1
2021.04.15,01:43:45,2.764904626237031,2.8012394743672195,2.7120673364955548,2.7860512246859837,100,0,1
2021.04.16,01:43:45,2.714199173638712,2.797549377635357,2.6987042772585172,2.7429079991857925,100,0,1
2021.04.17,01:43:45,2.6933198779468412,2.7288551558388807,2.6365514084767794,2.6815636748143046,100,0,1
2021.04.18,01:43:45,2.723139342428564,2.769349960675998,2.691087490781136,2.7364895734520203,100,0,1
2021.04.19,01:43:45,2.6459448726201864,2.6884264282881896,2.6222167992718783,2.68391323493128,100,0,1
2021.04.20,01:43:45,2.7471090653684067,2.810971939643115,2.698739316804037,2.781791279219578,100,0,1
2021.04.21,01:43:45,2.820498067787568,2.892830116092407,2.780641693440686,2.889598256443538,100,0,1
2021.04.22,01:43:45,2.7562210178571527,2.813591082918486,2.7380636858017633,2.785889572406953,100,0,1
2021.04.23,01:43:45,2.75790539231706,2.831036789051964,2.7071892231846095,2.7639092548798705,100,0,1
2021.04.24,01:43:45,2.7363865566215333,2.759711696315976,2.705237829932452,2.7341417851529335,100,0,1
2021.04.25,01:43:45,2.752762552827081,2.8273982883210067,2.7100885345228014,2.7539007179469817,100,0,1
2021.04.26,01:43:45,2.787407998813929,2.8320236872951416,2.7415991384228544,2.7739888040248357,100,0,1
2021.04.27,01:43:45,2.7430799382856503,2.798411556317465,2.6754011160629076,2.775920945710426,100,0,1
2021.04.28,01:43:45,2.691998799469016,2.7404253726684082,2.6516763986900167,2.6646407661923286,100,0,1
2021.04.29,01:43:45,2.6282212572562482,2.698270305502259,2.553828532617221,2.655244220941426,100,0,1
2021.04.30,01:43:45,2.6855568055737953,2.7196509415597308,2.644457248773471,2.697268686611158,100,0,1
2021.05.01,01:43:45,2.602193901776944,2.6624815061666043,2.549479948349979,2.648814684163313,100,0,1
2021.05.02,01:43:45,2.591544256263657,2.6648515154292154,2.5377420922482328,2.6507506040330253,100,0,1
2021.05.03,01:43:45,2.4925033123660127,2.5284240446172945,2.4364888002355287,2.5080922065356783,100,0,1
2021.05.04,01:43:45,2.4239255118593337,2.446726159410873,2.366557171034786,2.4058219846602773,100,0,1
2021.05.05,01:43:45,2.406529272175506,2.4420269661141045,2.3502082115464775,2.400292148691082,100,0,1
2021.05.06,01:43:45,2.376784600363196,2.4663179627460443,2.3317936064350513,2.4116626539094264,100,0,1
2021.05.07,01:43:45,2.390966621603935,2.4262335302466616,2.3368274675398206,2.3549571650958927,100,0,1
2021.05.08,01:43:45,2.3684356074790904,2.4068175552226037,2.3415496491708296,2.360945065651173,100,0,1
2021.05.09,01:43:45,2.406388664394275,2.430499280410543,2.3405871113516814,2.4089822267532055,100,0,1
2021.05.10,01:43:45,2.422458931831444,2.471058076568962,2.4004576015607406,2.4677372083580797,100,0,1
2021.05.11,01:43:45,2.408710282240131,2.4642760633850846,2.3734141798697252,2.3762151390582824,100,0,1
2021.05.12,01:43:45,2.370681934356199,2.410687651004769,2.3045162526041967,2.3258431414999734,100,0,1
2021.05.13,01:43:45,2.363062931635062,2.410173645395499,2.3029693470959782,2.328264114539389,100,0,1
2021.05.14,01:43:45,2.3756186458374167,2.4134144929835353,2.317725951012486,2.378878520638406,100,0,1
2021.05.15,01:43:45,2.412229639424476,2.471692145099814,2.3596620575167266,2.37959973535313,100,0,1
2021.05.16,01:43:45,2.4125540296356767,2.4715475601385997,2.3460741232072286,2.4430279750566215,100,0,1
2021.05.17,01:43:45,2.3188495132162013,2.3592492890395347,2.284397217048689,2.3469376271665987,100,0,1
2021.05.18,01:43:45,2.429460089571385,2.4931656409801284,2.3850302976621025,2.4742285911690427,100,0,1
2021.05.19,01:43:45,2.3706174020618325,2.429359098783532,2.309768927119175,2.4117307306236815,100,0,1
2021.05.20,01:43:45,2.400761509519328,2.432488697191282,2.3677353041601488,2.4046936125435963,100,0,1
2021.05.21,01:43:45,2.384488499370822,2.3987699737722687,2.377145500635208,2.3975302117051354,100,0,1
2021.05.22,01:43:45,2.369026889431827,2.424639042955171,2.326839741391706,2.3555690960924185,100,0,1
2021.05.23,01:43:45,2.454689304469102,2.5577004265479317,2.4142492240708,2.4178217864046596,100,0,1
2021.05.24,01:43:45,2.5570101228500914,2.607829832602486,2.4917021140682563,2.583220556372865,100,0,1
2021.05.25,01:43:45,2.6256344937744727,2.6697617407651197,2.5905532766712662,2.6661910133262507,100,0,1
2021.05.26,01:43:45,2.564759292835969,2.592077577394341,2.531636267567989,2.546231084695946,100,0,1
2021.05.27,01:43:45,2.6326523656622953,2.6670218853790253,2.576643952042096,2.593922387142019,100,0,1
2021.05.28,01:43:45,2.8159776951541025,2.861053623219854,2.7731914223683867,2.842017261020229,100,0,1
2021.05.29,01:43:45,2.7645795849043617,2.80003893152074,2.7137155428516526,2.7224644066489323,100,0,1
2021.05.30,01:43:45,2.7341049397217265,2.784770030965759,2.6617726808401327,2.7832246720883824,100,0,1
2021.05.31,01:43:45,2.7809645289828175,2.835298316275644,2.74586221599225,2.798271187321984,100,0,1
2021.06.01,01:43:45,2.8404654038427495,2.89658749073489,2.779980317067931,2.821836611922357,100,0,1
2021.06.02,01:43:45,2.8573279861690852,2.876587290067486,2.8072884933732025,2.856464424485075,100,0,1
2021.06.03,01:43:45,2.8509750568367798,2.881084442014239,2.7949207084495438,2.8521100324660176,100,0,1
2021.06.04,01:43:45,2.9083866549295085,2.96593747053645,2.8797644285370096,2.927730421207967,100,0,1
2021.06.05,01:43:45,2.9174776147360606,2.974887456338555,2.8828135471977085,2.946780637774803,100,0,1
2021.06.06,01:43:45,3.0159198121512953,3.104317956896743,2.9937837120089377,3.0430881331991344,100,0,1
2021.06.07,01:43:45,3.032995707915171,3.0894517774099253,2.962586059196623,3.040259780519206,100,0,1
2021.06.08,01:43:45,3.0857677151909355,3.1298829344111416,3.0546472986624305,3.065594788524033,100,0,1
2021.06.09,01:43:45,3.0914115177548465,3.164967996901884,3.0449121668818777,3.1231101861507526,100,0,1
2021.06.10,01:43:45,3.0632876349995954,3.101983641549421,3.0404397939179457,3.0582243808006173,100,0,1
2021.06.11,01:43:45,3.143971139003152,3.1991447544261633,3.0825532866564287,3.122353438378563,100,0,1
2021.06.12,01:43:45,3.096494508948855,3.097068901386074,3.0458046054906274,3.0625320458318064,100,0,1
2021.06.13,01:43:45,3.07270595838523,3.0940921718171293,2.9942107255187995,2.999229219319185,100,0,1
2021.06.14,01:43:45,3.010386001285124,3.081865248525645,2.975075903982126,3.0141072094493673,100,0,1
2021.06.15,01:43:45,2.9619009582654887,3.014952794970684,2.9306500266043654,3.0096721772872406,100,0,1
2021.06.16,01:43:45,2.9798921723088463,3.0178361151075945,2.974844338834666,2.9757673939024905,100,0,1
2021.06.17,01:43:45,2.999525521826435,3.0411551206209233,2.9243807053869,3.018874801377971,100,0,1
2021.06.18,01:43:45,2.952543401568833,3.0162395320794704,2.938525467096849,3.010731793291955,100,0,1
2021.06.19,01:43:45,3.014491174576422,3.046409976769855,2.949355901011923,3.035224945661965,100,0,1
2021.06.20,01:43:45,3.0333068243509738,3.1049583675981625,2.943357461039492,3.063146798453709,100,0,1
2021.06.21,01:43:45,2.9648953168407233,3.0150027649688567,2.9603036652214736,3.0070533078718706,100,0,1
2021.06.22,01:43:45,2.9210561452597372,2.987952084184603,2.8891664674000674,2.9293987895493836,100,0,1
2021.06.23,01:43:45,2.9735482521593872,2.9956298258351297,2.9022900104221465,2.9777784156594556,100,0,1
2021.06.24,01:43:45,3.066118601378627,3.1050066786974653,3.009299941063679,3.033423713787871,100,0,1
2021.06.25,01:43:45,3.065509028428459,3.1018458696497855,2.9888231055489287,2.9960263006062653,100,0,1
2021.06.26,01:43:45,3.0065844360547724,3.0700943844180846,2.9454095978614006,3.0412411437616274,100,0,1
2021.06.27,01:43:45,3.0771829998928504,3.1455206424891573,3.0326602800714,3.1126427501103198,100,0,1
2021.06.28,01:43:45,3.0624934123257552,3.130218177385142,3.0356314866726617,3.0371767700541046,100,0,1
2021.06.29,01:43:45,3.1838431572218218,3.2283985120665606,3.1268536252961363,3.132860961184079,100,0,1
2021.06.30,01:43:45,3.2190707474554285,3.2557714310658032,3.1366532208623275,3.2310612745893135,100,0,1
2021.07.01,01:43:45,3.170502373654118,3.2255442313865283,3.1274857008528145,3.1415179990026636,100,0,1
2021.07.02,01:43:45,3.1808338408892918,3.221821396019685,3.12506464363587,3.209732262149672,100,0,1
2021.07.03,01:43:45,3.0778215548841734,3.108962147031208,3.0464475304940017,3.1057779248366937,100,0,1
2021.07.04,01:43:45,3.02521564760228,3.0792991531129026,2.9825672531121166,2.9922988574234513,100,0,1
2021.07.05,01:43:45,3.0217391144587906,3.0910937809643944,2.9869304886003114,2.9958022547096816,100,0,1
2021.07.06,01:43:45,3.0396529282689015,3.092758694920225,2.9852460749163923,3.0046619741900225,100,0,1
2021.07.07,01:43:45,3.0731120298710133,3.084699163570159,3.021481179819298,3.06734895721591,100,0,1
2021.07.08,01:43:45,3.087207541966482,3.0952600697360033,3.0384963921117896,3.0811455548647215,100,0,1
2021.07.09,01:43:45,3.077770770632464,3.079519972651609,3.027707691538954,3.0659517599707664,100,0,1
2021.07.10,01:43:45,3.1804278642220045,3.2791132895913697,3.1314838506908806,3.250707960701672,100,0,1
2021.07.11,01:43:45,3.1630086016091044,3.233853986165715,3.1232402012418055,3.1438521943040376,100,0,1
2021.07.12,01:43:45,3.090411403100856,3.1314669614812396,3.035878816191834,3.1229090937615256,100,0,1
2021.07.13,01:43:45,2.982482418892471,3.0457657298334606,2.9520521923229213,2.957726966707787,100,0,1
2021.07.14,01:43:45,2.975861375502283,3.0122432304492555,2.9167124313219546,2.9400618959733813,100,0,1
2021.07.15,01:43:45,2.9996606769975394,3.0802294179962617,2.967880913344777,3.055213905144102,100,0,1
2021.07.16,01:43:45,2.967008809571201,2.995400532759684,2.918809721303883,2.981715967945166,100,0,1
2021.07.17,01:43:45,2.996581406327698,3.001580374336741,2.9425361929126916,2.959757239240545,100,0,1
2021.07.18,01:43:45,3.0393540193395507,3.07027129986023,3.0189692429740203,3.0485831442928766,100,0,1
2021.07.19,01:43:45,3.0369995315705034,3.094660282083588,3.002515578483093,3.0365493428200887,100,0,1
2021.07.20,01:43:45,3.020278773250014,3.051529416587597,2.9791990609170824,3.0205572818426796,100,0,1
2021.07.21,01:43:45,2.9898421257863452,3.042691999219285,2.9821494303176714,2.9858371189882535,100,0,1
2021.07.22,01:43:45,2.9897650681601733,3.08250900836527,2.9389820175732977,3.0138787081431033,100,0,1
2021.07.23,01:43:45,2.966710970784215,3.0293968084176113,2.9129878208236253,3.0154173857294984,100,0,1
2021.07.24,01:43:45,3.0836513689853726,3.1482780885203256,3.0100766156200875,3.135419558177405,100,0,1
2021.07.25,01:43:45,3.018845018515237,3.0598426024800065,2.9811243476967904,3.0428969412763625,100,0,1
2021.07.26,01:43:45,3.053588790750564,3.071012399723062,3.0084431932313036,3.061673857484381,100,0,1
2021.07.27,01:43:45,3.0554208595909134,3.1176803547470784,3.0000117773423147,3.0600127384260896,100,0,1
2021.07.28,01:43:45,3.034405307797975,3.063361310366798,3.0123506453635702,3.017478457829047,100,0,1
2021.07.29,01:43:45,2.999216998969223,3.054720113206346,2.969953700930392,3.0289899713519106,100,0,1
2021.07.30,01:43:45,3.0198035607868317,3.054402516545962,2.9761141056816363,3.0016874321310456,100,0,1
2021.07.31,01:43:45,2.9675160714981725,3.0241068681095262,2.8925286821689378,2.920338361139061,100,0,1
2021.08.01,01:43:45,2.9325283546424723,2.9742128768319165,2.8755633868768062,2.9505078107506337,100,0,1
2021.08.02,01:43:45,3.0119099599358474,3.062351099806353,2.954130178642229,3.0581116519393166,100,0,1
2021.08.03,01:43:45,3.0101395810375533,3.0662595813092945,2.967061252621764,3.0094772774504377,100,0,1
2021.08.04,01:43:45,2.8819705221938037,2.9384051451813726,2.8351812188870094,2.9358892743692357,100,0,1
2021.08.05,01:43:45,2.8272311495673885,2.8770154572452413,2.760338006025823,2.8577954717696725,100,0,1
2021.08.06,01:43:45,2.8323463613212896,2.885249886763225,2.7889175478939423,2.8252523165634527,100,0,1
2021.08.07,01:43:45,2.814361660993649,2.8546045650901632,2.7419942787197193,2.7537030418541804,100,0,1
2021.08.08,01:43:45,2.8128024572325048,2.853537327875187,2.7607836957648395,2.814199187946259,100,0,1
2021.08.09,01:43:45,2.8022115762657416,2.840579274094748,2.7405852035964875,2.7621300491670726,100,0,1
2021.08.10,01:43:45,2.7909719091996954,2.820893943328193,2.7201455175104545,2.7832632220517715,100,0,1
2021.08.11,01:43:45,2.8140118886928884,2.926627296315554,2.7740630738446383,2.875866165959888,100,0,1
2021.08.12,01:43:45,2.896193781210668,2.970086949431467,2.8306430000356397,2.8722079941164123,100,0,1
2021.08.13,01:43:45,2.8787655249134327,2.9605432137293426,2.8363012462498243,2.8923435681421386,100,0,1
2021.08.14,01:43:45,2.919341714906009,2.950070687757683,2.824884521007906,2.8365526388630506,100,0,1
2021.08.15,01:43:45,2.933341211439794,2.9874569197567147,2.899335269329954,2.983866346094733,100,0,1
2021.08.16,01:43:45,2.939704174677004,2.9847950131879877,2.903213815563669,2.973301441208701,100,0,1
2021.08.17,01:43:45,2.938746137471542,2.996437170028385,2.884380095111925,2.9546693707799205,100,0,1
2021.08.18,01:43:45,2.8758057409874076,2.9158077939220854,2.840902428240166,2.8779311313587588,100,0,1
2021.08.19,01:43:45,2.83364475048458,2.8689176373071126,2.772702085508785,2.8071135535382745,100,0,1
2021.08.20,01:43:45,2.801429906431031,2.8332968447615676,2.760613495172149,2.8045609738333095,100,0,1
2021.08.21,01:43:45,2.7541272513678967,2.780568603503587,2.6900498825356367,2.7585212816669165,100,0,1
2021.08.22,01:43:45,2.7223705397204268,2.7924868960227607,2.6842994322649263,2.7036959112070704,100,0,1
2021.08.23,01:43:45,2.7213868466133695,2.772417434208824,2.683474487632667,2.694894302914132,100,0,1
2021.08.24,01:43:45,2.683809171385073,2.713312016909365,2.6340350044464667,2.696603549073683,100,0,1
2021.08.25,01:43:45,2.6804577177858397,2.7396995353862663,2.628850470192336,2.6477055648564747,100,0,1
2021.08.26,01:43:45,2.678716560077585,2.7549624760331604,2.6241351122567527,2.690086003118104,100,0,1
2021.08.27,01:43:45,2.7103259055767803,2.798556184758327,2.62545902237943,2.7170020245701827,100,0,1
2021.08.28,01:43:45,2.753783288240185,2.8158799107171815,2.6951804063962,2.8155464023073464,100,0,1
2021.08.29,01:43:45,2.8162381807787127,2.91591209518954,2.768289725721125,2.8225728794201728,100,0,1
2021.08.30,01:43:45,2.733204449873758,2.7843131264743275,2.6937666180612756,2.75368914281944,100,0,1
2021.08.31,01:43:45,2.7143892754733963,2.7624104000796907,2.6694705304099875,2.6724135041672765,100,0,1
2021.09.01,01:43:45,2.739523879369658,2.772897131294985,2.679442854850719,2.723413760510107,100,0,1
2021.09.02,01:43:45,2.7365601587373583,2.7851698130610516,2.677127412770393,2.724559281441361,100,0,1
2021.09.03,01:43:45,2.7928541911361164,2.8643150116908824,2.7279048811352227,2.844638032914515,100,0,1
2021.09.04,01:43:45,2.81843399606064,2.865743525263811,2.742764174760004,2.743814400781066,100,0,1
2021.09.05,01:43:45,2.7825863281594643,2.820017570945182,2.7082307002910846,2.7640032833000556,100,0,1
2021.09.06,01:43:45,2.6947741923629214,2.737661541115713,2.633553870605121,2.7188910170253067,100,0,1
2021.09.07,01:43:45,2.6990939693182283,2.767941448952981,2.6269951808270493,2.700007928946106,100,0,1
2021.09.08,01:43:45,2.718491376099707,2.812870591037699,2.689353235785758,2.7175919832857973,100,0,1
2021.09.09,01:43:45,2.6165737230129698,2.675192166792511,2.542246549685876,2.642695201582376,100,0,1
2021.09.10,01:43:45,2.659476193745663,2.6847281767323876,2.607403799060392,2.6262979715961237,100,0,1
2021.09.11,01:43:45,2.613631440777358,2.659786027610152,2.5649377170267615,2.6532074501022556,100,0,1
2021.09.12,01:43:45,2.6186273709232486,2.6678880515922185,2.5759759609631763,2.620087825267548,100,0,1
2021.09.13,01:43:45,2.5462673323081764,2.592956693043298,2.4880905737651324,2.541348975619955,100,0,1
2021.09.14,01:43:45,2.5758921945482274,2.650601543857659,2.52093549600039,2.567045796472376,100,0,1
2021.09.15,01:43:45,2.5640583694716352,2.5841465806486132,2.5155472260644385,2.579451924360959,100,0,1
2021.09.16,01:43:45,2.637528199443407,2.7083868097729393,2.6231970555022754,2.687274161854251,100,0,1
2021.09.17,01:43:45,2.652242748763628,2.689940295026908,2.571521681106306,2.680651702751884,100,0,1
2021.09.18,01:43:45,2.6718204575887885,2.7318896024360515,2.6179458687010357,2.642925947635743,100,0,1
2021.09.19,01:43:45,2.6086701389396416,2.6205771789070993,2.548993863331546,2.610760760674611,100,0,1
2021.09.20,01:43:45,2.658591993383297,2.719099191410524,2.609640290871136,2.6897544971277574,100,0,1
2021.09.21,01:43:45,2.5325552848397446,2.5667020443776063,2.5205182713984673,2.5207879386457868,100,0,1
2021.09.22,01:43:45,2.607523404609043,2.658984123609286,2.5751107299828715,2.5834613778604356,100,0,1
2021.09.23,01:43:45,2.6070952193063412,2.652754229518523,2.568247351355291,2.5756454463457152,100,0,1
2021.09.24,01:43:45,2.5193304000006504,2.583330060291622,2.4759077022038642,2.521182092986692,100,0,1
2021.09.25,01:43:45,2.458415644624445,2.486874044716429,2.410854979184384,2.422309932023693,100,0,1
2021.09.26,01:43:45,2.459179029441211,2.509129864917477,2.40003913855113,2.4087700319184773,100,0,1
2021.09.27,01:43:45,2.443524283501437,2.504480309365215,2.401536423460249,2.469048699596751,100,0,1
2021.09.28,01:43:45,2.444855437956478,2.502233227668334,2.3762478671752945,2.376817200812211,100,0,1
2021.09.29,01:43:45,2.486909987763765,2.54408243912096,2.460886912832259,2.4928803098863592,100,0,1
2021.09.30,01:43:45,2.5328802779168686,2.611250192639795,2.517142757194008,2.57697101410935,100,0,1
2021.10.01,01:43:45,2.5570064382818503,2.5741957704230383,2.5160555526086252,2.568427936884455,100,0,1
2021.10.02,01:43:45,2.5209415523711938,2.563193612681305,2.4352093085935143,2.4787040912908953,100,0,1
2021.10.03,01:43:45,2.4905467380185704,2.547330478401407,2.4528914250410523,2.4891316787469377,100,0,1
2021.10.04,01:43:45,2.539309031617632,2.577554127866176,2.5158713857305397,2.5531591649812144,100,0,1
2021.10.05,01:43:45,2.5492532133655406,2.5899413798417137,2.4728709696404967,2.48959053833862,100,0,1
2021.10.06,01:43:45,2.4367345502890214,2.485476678279898,2.416923501478535,2.436219318280067,100,0,1
2021.10.07,01:43:45,2.404833021784986,2.454375111528244,2.353573850006472,2.377699629992618,100,0,1
2021.10.08,01:43:45,2.364864560382367,2.426345031729619,2.3002680928753816,2.391461877555315,100,0,1
2021.10.09,01:43:45,2.34924458114442,2.35079288469813,2.3301447331982246,2.3325965399362434,100,0,1
2021.10.10,01:43:45,2.4166281541282353,2.453924842701689,2.3470108033411603,2.357237481707949,100,0,1
2021.10.11,01:43:45,2.4234422267569666,2.437019015941097,2.416776412754244,2.4364935363892357,100,0,1
2021.10.12,01:43:45,2.496819546970312,2.547015094899489,2.42980399381409,2.4911158305465952,100,0,1
2021.10.13,01:43:45,2.527492199482766,2.6008948993643823,2.4590423521081384,2.5548355301199797,100,0,1
2021.10.14,01:43:45,2.46381227589167,2.4877574284085546,2.430327606920848,2.4649921955144154,100,0,1
2021.10.15,01:43:45,2.513467734481398,2.582588528434433,2.4177764170555163,2.5220303163642073,100,0,1
2021.10.16,01:43:45,2.4705851999357598,2.5134906312645815,2.4639260579799656,2.51104449781978,100,0,1
2021.10.17,01:43:45,2.473492973298694,2.52847697144434,2.4195095408154685,2.4610936247656965,100,0,1
2021.10.18,01:43:45,2.456824698084931,2.491620472203065,2.376727600519802,2.454223528547572,100,0,1
2021.10.19,01:43:45,2.592013653709742,2.6449112824527568,2.5697236067990628,2.6092280107462895,100,0,1
2021.10.20,01:43:45,2.570551262937668,2.632351259263049,2.553130594820222,2.5863775567548277,100,0,1
2021.10.21,01:43:45,2.505706179671385,2.5750898423642763,2.494165599822728,2.562465060503177,100,0,1
2021.10.22,01:43:45,2.4662328103065554,2.5041339210216695,2.4187861440561806,2.4535495138259926,100,0,1
2021.10.23,01:43:45,2.5284265851158167,2.564771001506864,2.4654320581734033,2.4974377271553583,100,0,1
2021.10.24,01:43:45,2.50488957023842,2.520932732578129,2.4669095985168252,2.52081415497299,100,0,1
2021.10.25,01:43:45,2.6025406831922964,2.6337508876602684,2.549964117100692,2.5908748087701508,100,0,1
2021.10.26,01:43:45,2.5623928606347466,2.61516005476437,2.5122011734185254,2.581946339743886,100,0,1
2021.10.27,01:43:45,2.595256037570673,2.6097646903515708,2.5169102742823313,2.5262771575779386,100,0,1
2021.10.28,01:43:45,2.6561239276334883,2.7022958450102283,2.6078417409725634,2.675712594679675,100,0,1
2021.10.29,01:43:45,2.700647334827348,2.7477807709741686,2.659671889915511,2.744549581472999,100,0,1
2021.10.30,01:43:45,2.695244837919905,2.7670764108289445,2.613687317377434,2.6210354003047525,100,0,1
2021.10.31,01:43:45,2.728770836425877,2.7606223793538307,2.679431542079179,2.740683784309364,100,0,1
2021.11.01,01:43:45,2.629166210541715,2.6526793403225657,2.600233663844515,2.616260937866834,100,0,1
2021.11.02,01:43:45,2.6738421818625713,2.697321553542042,2.6633030224962044,2.670810461515364,100,0,1
2021.11.03,01:43:45,2.6782249356820773,2.7480187568682233,2.620989612943598,2.715668170346453,100,0,1
2021.11.04,01:43:45,2.6872170487340292,2.7412163821568334,2.646203720876925,2.6973776438503454,100,0,1
2021.11.05,01:43:45,2.8155829703858863,2.875669958110444,2.7467377947182854,2.756913681755363,100,0,1
2021.11.06,01:43:45,2.8679045216462153,2.9422738205617534,2.8090611556982488,2.9171785088617646,100,0,1
2021.11.07,01:43:45,2.75081756624707,2.7889048221815833,2.747608428618738,2.7743210112217964,100,0,1
2021.11.08,01:43:45,2.7190134485323596,2.7711492952227244,2.6993126608448805,2.742150915346271,100,0,1
2021.11.09,01:43:45,2.7425399683102127,2.7914067441161725,2.65982625930508,2.7661286082177505,100,0,1
2021.11.10,01:43:45,2.7202432106641163,2.767930174035793,2.6792887036195583,2.748906410941871,100,0,1
2021.11.11,01:43:45,2.753273637716081,2.769999039083364,2.709458604719368,2.736233738918386,100,0,1
2021.11.12,01:43:45,2.7783886493628516,2.808990252088781,2.7543205271389084,2.7913445166057556,100,0,1
2021.11.13,01:43:45,2.75179495383816,2.7995337698905027,2.7048255704530892,2.7438138808180157,100,0,1
2021.11.14,01:43:45,2.8329688603914747,2.8744916574856805,2.749895082155408,2.7877760008648673,100,0,1
2021.11.15,01:43:45,2.822566420898976,2.8696265552799542,2.7300234238965233,2.8446930436680655,100,0,1
2021.11.16,01:43:45,2.9666251954221137,3.0486215865332293,2.95485914085094,2.9858041969869,100,0,1
2021.11.17,01:43:45,2.860571971921368,2.9555709857702577,2.8185466153793612,2.8903488512347133,100,0,1
2021.11.18,01:43:45,2.848429400568844,2.891680738585587,2.812031530947973,2.8316711357519404,100,0,1
2021.11.19,01:43:45,2.8049340155418974,2.844425591566942,2.7945948804383898,2.827736629289056,100,0,1
2021.11.20,01:43:45,2.8804885127058095,2.9402095144439055,2.847296283930921,2.8914063611096497,100,0,1
2021.11.21,01:43:45,2.8775448441256697,2.919347415290548,2.8262159743273565,2.914648328484943,100,0,1
2021.11.22,01:43:45,2.8635998921845465,2.926154203152508,2.822546397013906,2.910501734428909,100,0,1
2021.11.23,01:43:45,2.907279773830541,2.9587647475864993,2.8567052305295912,2.8593205501922285,100,0,1
2021.11.24,01:43:45,2.9768509814164372,3.033698964769345,2.953253296519384,2.9828493811269245,100,0,1
2021.11.25,01:43:45,2.8994125808880042,2.9674041999854457,2.8584731476536303,2.9065272364417942,100,0,1
2021.11.26,01:43:45,2.946243904619225,2.9966371155307785,2.87195739059208,2.9005945288624155,100,0,1
2021.11.27,01:43:45,2.8792800501168703,2.949755684317717,2.829834997181676,2.915896512769819,100,0,1
2021.11.28,01:43:45,2.956129910222283,3.0122266031535934,2.8813493066940072,2.937924461332784,100,0,1
2021.11.29,01:43:45,2.979599827270703,3.0346103665916155,2.918124015864854,2.9984491099794615,100,0,1
2021.11.30,01:43:45,3.004616495293937,3.1017953801837645,2.932108099647685,3.0298029463965985,100,0,1
2021.12.01,01:43:45,2.9879036499173957,3.0113000437456767,2.9515309286868017,2.979108270376704,100,0,1
2021.12.02,01:43:45,2.9580314058929793,3.0225838789310555,2.8887874846965653,3.0219614828544863,100,0,1
2021.12.03,01:43:45,2.9855265617274758,3.048401576420138,2.9274193085483735,3.0215112617103213,100,0,1
2021.12.04,01:43:45,2.9062329634993547,2.9876899853803724,2.8294545105150006,2.8787806892810677,100,0,1
2021.12.05,01:43:45,2.83650116104705,2.8882638658513073,2.786538663716564,2.792363314072401,100,0,1
2021.12.06,01:43:45,2.891312661189127,2.9628652933294815,2.8388040863162116,2.8483373748973237,100,0,1
2021.12.07,01:43:45,2.849679645071883,2.9025005880963852,2.8038944080295454,2.8685633228443357,100,0,1
2021.12.08,01:43:45,2.789466702891201,2.84556513247416,2.700424474387274,2.759007442668078,100,0,1
2021.12.09,01:43:45,2.8649281208557213,2.9115824391267116,2.83591227251491,2.8712375801018326,100,0,1
2021.12.10,01:43:45,2.8399836853892753,2.906568588813057,2.778413450444043,2.8301231848994814,100,0,1
2021.12.11,01:43:45,2.800174907513891,2.831057818043861,2.711732672448562,2.728155945039831,100,0,1
2021.12.12,01:43:45,2.839223115716546,2.917053804155169,2.8038021545553447,2.8123547605607695,100,0,1
2021.12.13,01:43:45,2.819693801215351,2.9136113753752646,2.7574691457458704,2.8322052636069888,100,0,1
2021.12.14,01:43:45,2.8098461132522776,2.87074678942431,2.797365410115304,2.802991206624802,100,0,1
2021.12.15,01:43:45,2.846581177941056,2.881419496374213,2.791342024374922,2.8399737673084484,100,0,1
2021.12.16,01:43:45,2.8874071540869575,2.920366809088988,2.815270204125097,2.8613021052035954,100,0,1
2021.12.17,01:43:45,2.840008091593164,2.8994454411315447,2.7810430565742146,2.8346424791832585,100,0,1
2021.12.18,01:43:45,2.83108492110605,2.881817057341497,2.8063455696382262,2.875170232587085,100,0,1
2021.12.19,01:43:45,2.8766290236142202,2.915862200108438,2.835284446292648,2.8507557871900215,100,0,1
2021.12.20,01:43:45,2.8676347965623745,2.880270678872459,2.7897622578457932,2.807161587799268,100,0,1
2021.12.21,01:43:45,2.985810655037208,3.0433784678961713,2.934050756372891,2.9454481385614986,100,0,1
2021.12.22,01:43:45,3.0831465478354354,3.100835310161563,2.9968734665850882,3.0904305625061976,100,0,1
2021.12.23,01:43:45,3.0798687378002523,3.1406981098987585,3.0430604009611235,3.044988315523195,100,0,1
2021.12.24,01:43:45,3.070974478208941,3.158955980960541,3.010993854452561,3.132807202375823,100,0,1
2021.12.25,01:43:45,3.055336348601027,3.058083054619057,3.0181576445895857,3.0438452572212924,100,0,1
2021.12.26,01:43:45,3.081438524624389,3.1354223648070394,3.016970322683006,3.028415521528877,100,0,1
2021.12.27,01:43:45,3.0684716005542083,3.134436486016388,3.05977741839068,3.0690708942616323,100,0,1
2021.12.28,01:43:45,3.061307964080528,3.159426809105664,3.0110388190861896,3.113066132875147,100,0,1
2021.12.29,01:43:45,2.9564999622543615,3.0213917407971014,2.926386450845546,2.935738471745001,100,0,1
2021.12.30,01:43:45,2.8373066190493863,2.9166580142091294,2.7817465933138683,2.838900622368422,100,0,1
2021.12.31,01:43:45,2.8988890024247547,2.9507292942680268,2.8558871453777313,2.8704393540373894,100,0,1
2022.01.01,01:43:45,2.827461879368726,2.9096166538958426,2.7940288214554343,2.801662809475737,100,0,1
2022.01.02,01:43:45,2.8154743482768887,2.8792823364472717,2.7942448120127943,2.832584388998376,100,0,1
2022.01.03,01:43:45,2.8538262488146353,2.9070346963952796,2.81545526638864,2.8156249822167205,100,0,1
2022.01.04,01:43:45,2.8976586936080473,2.942157664970059,2.851602805875601,2.9399195560567026,100,0,1
2022.01.05,01:43:45,2.912819843508263,2.958780965990217,2.87692684828478,2.8869992051725064,100,0,1
2022.01.06,01:43:45,2.8621588649949334,2.916747166094895,2.7942167536932616,2.8660630514588488,100,0,1
2022.01.07,01:43:45,2.904807400180847,2.952354032773217,2.823291018620477,2.920903883940968,100,0,1
2022.01.08,01:43:45,2.9750675161788136,3.0410132003033654,2.913689077784153,3.0173433582495344,100,0,1
2022.01.09,01:43:45,3.027451522103574,3.0707965544893563,2.9794989464362605,3.012467278504083,100,0,1
2022.01.10,01:43:45,3.0387434285561183,3.0966186461476632,3.0078624450127998,3.095342899763065,100,0,1
2022.01.11,01:43:45,3.051618494108007,3.1440868223368246,2.9804535527120835,3.034001020098593,100,0,1
2022.01.12,01:43:45,3.115629732231479,3.156418512068084,3.0605200601999027,3.12890621426498,100,0,1
2022.01.13,01:43:45,3.0572370331134455,3.0927623444445675,3.002218155205971,3.081992409508874,100,0,1
2022.01.14,01:43:45,3.1314480591050255,3.199936302869522,3.086719855048149,3.1460063749123335,100,0,1
2022.01.15,01:43:45,3.091751578941955,3.1632415260153035,3.0197264363477796,3.0731577417768396,100,0,1
2022.01.16,01:43:45,3.1566066327909432,3.1840307626699103,3.0973582728916824,3.130467213917461,100,0,1
2022.01.17,01:43:45,3.0860547465839394,3.118450486303087,2.9911533800006245,2.9998261203692524,100,0,1
2022.01.18,01:43:45,3.0570381209387247,3.1379642861631694,2.972223763798959,2.9995846640095944,100,0,1
2022.01.19,01:43:45,3.1481109293014917,3.1771693009947013,3.0909838176889837,3.176830202673124,100,0,1
2022.01.20,01:43:45,3.067666475714547,3.1308739471320215,3.0376378409850315,3.084876815974441,100,0,1
2022.01.21,01:43:45,3.052251025684384,3.1225970557913754,3.0016209909772535,3.0634321314411923,100,0,1
2022.01.22,01:43:45,3.0310300954602822,3.0982524788386936,2.9867293209279397,3.008101819644734,100,0,1
2022.01.23,01:43:45,3.137439949134921,3.1725513354876713,3.100104820674894,3.1287679124910555,100,0,1
2022.01.24,01:43:45,3.210746804915971,3.3215526230116326,3.1303596661879447,3.1976649926304326,100,0,1
2022.01.25,01:43:45,3.2122462362418895,3.312875539938082,3.179004270576957,3.2781360388235674,100,0,1
2022.01.26,01:43:45,3.0910364129232857,3.1250179055615015,3.063842171677312,3.0765476780697156,100,0,1
2022.01.27,01:43:45,3.1349458090254534,3.1795839258335,3.083509957608532,3.163255626083088,100,0,1
2022.01.28,01:43:45,3.167050809188559,3.229509565099223,3.089625792107509,3.1318086961416616,100,0,1
2022.01.29,01:43:45,3.165346773011973,3.2203482417720517,3.141154732661489,3.2054570327410628,100,0,1
2022.01.30,01:43:45,3.1569400546988353,3.202644856607511,3.0996828553931293,3.1646330133130944,100,0,1
2022.01.31,01:43:45,3.129906445740953,3.1828408545346596,3.0861093553156596,3.172801541757889,100,0,1
2022.02.01,01:43:45,3.225332214574524,3.269175614195422,3.1934861415738536,3.2112428698937174,100,0,1
2022.02.02,01:43:45,3.2743852259471575,3.344350694894615,3.2236865963820893,3.290341582346736,100,0,1
2022.02.03,01:43:45,3.3582328150418714,3.396853074452505,3.2977051296607107,3.3086500376379933,100,0,1
2022.02.04,01:43:45,3.4187628054112307,3.4558430329483785,3.3668147726821145,3.433881035801304,100,0,1
2022.02.05,01:43:45,3.4013086544570212,3.435430021632825,3.3646279365865666,3.411807814452797,100,0,1
2022.02.06,01:43:45,3.3366817183633697,3.3809906112263874,3.279203674565304,3.3142036795027363,100,0,1
2022.02.07,01:43:45,3.3278183102443064,3.3819762122616694,3.2726635738483116,3.3420220737969526,100,0,1
2022.02.08,01:43:45,3.2971332077084696,3.3571337293891816,3.2192433734537698,3.23871865116054,100,0,1
2022.02.09,01:43:45,3.300966202360397,3.3761552134032393,3.2255987177409495,3.2633599867487955,100,0,1
2022.02.10,01:43:45,3.347443031013416,3.411098492068981,3.2996247404374306,3.3279751695323747,100,0,1
2022.02.11,01:43:45,3.3212434749665047,3.342146293591116,3.2681126429348106,3.3338147840050527,100,0,1
2022.02.12,01:43:45,3.324785897347038,3.3790956697118824,3.2853459802282416,3.3648799330725536,100,0,1
2022.02.13,01:43:45,3.323787276987246,3.399844164797144,3.2724296679548277,3.323088459866264,100,0,1
2022.02.14,01:43:45,3.3168792851958213,3.4037476893263916,3.2517883590992858,3.382416500239445,100,0,1
2022.02.15,01:43:45,3.42834641992367,3.458276826611651,3.366963350082448,3.396673298524005,100,0,1
2022.02.16,01:43:45,3.3887428202889,3.4598620998864176,3.3188078095262847,3.4569804506797492,100,0,1
2022.02.17,01:43:45,3.3897815658418295,3.4846887031729508,3.298564897889567,3.3543006744535657,100,0,1
2022.02.18,01:43:45,3.397700511357345,3.4503936701159734,3.349487161146748,3.3899443865210794,100,0,1
2022.02.19,01:43:45,3.291333909509442,3.3313976976567905,3.243272614808183,3.320638673234534,100,0,1
2022.02.20,01:43:45,3.260972774981156,3.2664526978450685,3.1928545474314385,3.261621079720103,100,0,1
2022.02.21,01:43:45,3.2507320384645797,3.276465246986011,3.198961538623353,3.2492355964019644,100,0,1
2022.02.22,01:43:45,3.2198414870017436,3.2926718019916894,3.157242018023349,3.1828068128607647,100,0,1
2022.02.23,01:43:45,3.2156259787526142,3.2542130253337294,3.1827619571949093,3.2116421595524596,100,0,1
2022.02.24,01:43:45,3.310274601324213,3.385769717621937,3.28533245699859,3.3128294483708363,100,0,1
2022.02.25,01:43:45,3.318785086699095,3.370936419314316,3.268279463371165,3.3057784802489683,100,0,1
2022.02.26,01:43:45,3.2594190148711513,3.3188268921663058,3.2148306492163,3.2798062757452775,100,0,1
2022.02.27,01:43:45,3.360564920828091,3.372908759266477,3.3101128751926012,3.336675671498972,100,0,1
2022.02.28,01:43:45,3.236451239990348,3.317877575336624,3.1941051493724415,3.2116788042700803,100,0,1
2022.03.01,01:43:45,3.262945988342664,3.3318413452277804,3.190448879625788,3.2775930651249374,100,0,1
2022.03.02,01:43:45,3.2295953315427077,3.2752596194000376,3.199787798677053,3.244591624193692,100,0,1
2022.03.03,01:43:45,3.146219831149716,3.197745619417707,3.080133416499027,3.1197085206019306,100,0,1
2022.03.04,01:43:45,3.0333263472596594,3.0829465760565418,3.0056127754137574,3.0510905572549043,100,0,1
2022.03.05,01:43:45,3.024791525418069,3.0869566462783293,3.011600487527715,3.0678784082823785,100,0,1
2022.03.06,01:43:45,3.0037474192450877,3.049001888139694,2.953770300287021,2.9932438998024424,100,0,1
2022.03.07,01:43:45,2.92847065017377,2.9727583704636413,2.8714124604217925,2.97009412840269,100,0,1
2022.03.08,01:43:45,2.913421562466996,2.931821215522558,2.846647195091235,2.9209537225610838,100,0,1
2022.03.09,01:43:45,3.007220119510303,3.0376663906501715,3.0031769301252402,3.0098187735218707,100,0,1
2022.03.10,01:43:45,3.0511828773008633,3.1057016167772797,2.9978997173616886,3.057865374909953,100,0,1
2022.03.11,01:43:45,3.120658975938094,3.189774264360148,3.077155412880193,3.0884851733478476,100,0,1
2022.03.12,01:43:45,3.0412625006427487,3.0794669673544113,3.0022350047732766,3.0523125356680962,100,0,1
2022.03.13,01:43:45,3.056601411261389,3.0953930331800397,2.983044738045966,3.019042903786114,100,0,1
2022.03.14,01:43:45,3.092069869400551,3.144575047613231,3.0452779537706482,3.07156034305977,100,0,1
2022.03.15,01:43:45,3.1043951435833814,3.158201163639098,3.036589983053906,3.1219339766954994,100,0,1
2022.03.16,01:43:45,3.145366706101512,3.172183106359106,3.1188097383264726,3.1405253835722227,100,0,1
2022.03.17,01:43:45,3.0617501817428217,3.112936143309933,3.0184918154335265,3.0330469382941714,100,0,1
2022.03.18,01:43:45,3.034198246406456,3.0790160576954655,3.0221400304828956,3.0468279710070236,100,0,1
2022.03.19,01:43:45,3.000736368685865,3.0315227995949243,2.9406350711942713,3.0186200420170044,100,0,1
2022.03.20,01:43:45,3.0207410953547726,3.062842953794569,2.9798058263558858,2.986472947760761,100,0,1
2022.03.21,01:43:45,3.0345860307834385,3.072137549619189,2.963741157707711,3.0078151321860074,100,0,1
2022.03.22,01:43:45,3.010631927617681,3.033393479132649,2.9509147788377414,3.010570849027185,100,0,1
2022.03.23,01:43:45,3.037730759072702,3.0895653311588998,2.9645431129715485,2.973730406587048,100,0,1
2022.03.24,01:43:45,3.09688434035058,3.1563488961955923,3.0577146772350527,3.107957142836066,100,0,1
2022.03.25,01:43:45,3.0651063914381305,3.10999294616892,3.0204470880890613,3.0462671360165587,100,0,1
2022.03.26,01:43:45,3.087622071392478,3.1563166898029436,3.0000697273275425,3.114374769668401,100,0,1
2022.03.27,01:43:45,3.218187642114734,3.3082174145242806,3.1817205959203716,3.1823047759405183,100,0,1
2022.03.28,01:43:45,3.232381380391666,3.265841447886754,3.194684620298419,3.2437628085779218,100,0,1
2022.03.29,01:43:45,3.1568102607573247,3.211729062085532,3.126330807366262,3.162585509558794,100,0,1
2022.03.30,01:43:45,3.1447161751143344,3.228418045033445,3.0720094451946767,3.095209540927571,100,0,1
2022.03.31,01:43:45,3.1792811488144523,3.2311964968444418,3.1320026140182367,3.1746031145209392,100,0,1
2022.04.01,01:43:45,3.2690593958955585,3.3113854497251887,3.2071293550814044,3.230452230223122,100,0,1
2022.04.02,01:43:45,3.291871212343384,3.337268186734855,3.2266816211886713,3.2324128499285147,100,0,1
2022.04.03,01:43:45,3.2972351814037935,3.365278220064088,3.208547328187062,3.246444191462771,100,0,1
2022.04.04,01:43:45,3.244746988421148,3.2871779640865375,3.228283312082618,3.232042851424979,100,0,1
2022.04.05,01:43:45,3.3171902683960304,3.3966812466018106,3.2437024798606595,3.343698826362443,100,0,1
2022.04.06,01:43:45,3.4110586654251693,3.450387968495775,3.3687722555665047,3.4047811245387,100,0,1
2022.04.07,01:43:45,3.4394367869133755,3.4513815121756575,3.4130151708562253,3.4478484553476663,100,0,1
2022.04.08,01:43:45,3.4034046932158013,3.4722244499819857,3.359736768141786,3.4107670272431796,100,0,1
2022.04.09,01:43:45,3.3624773973221074,3.4175184861755907,3.3052242914815033,3.3791417519290956,100,0,1
2022.04.10,01:43:45,3.334827913517456,3.410881138396813,3.2415282464721353,3.3472060286292487,100,0,1
2022.04.11,01:43:45,3.420458602401802,3.5077268182929586,3.350158366344924,3.406950599907595,100,0,1
2022.04.12,01:43:45,3.487407275028404,3.540644569944627,3.4383349629334714,3.535541754742347,100,0,1
2022.04.13,01:43:45,3.523592295987349,3.5440060884370697,3.454163125195681,3.479122398922174,100,0,1
2022.04.14,01:43:45,3.4068647208632843,3.5108773554222705,3.3593086413353728,3.443226327003431,100,0,1
2022.04.15,01:43:45,3.4299774213830223,3.451630467589852,3.369016415590707,3.415348903413979,100,0,1
2022.04.16,01:43:45,3.421586938984063,3.4856525170492065,3.3716653361394964,3.394333163660275,100,0,1
2022.04.17,01:43:45,3.3683996125299336,3.410063287362904,3.283076712677378,3.2833042485898845,100,0,1
2022.04.18,01:43:45,3.3391224934421446,3.3912891645346215,3.275423512269399,3.300552818688846,100,0,1
2022.04.19,01:43:45,3.39329456531117,3.4681410762127634,3.356821872588762,3.4170729866558958,100,0,1
2022.04.20,01:43:45,3.4153535082566377,3.4631333086428358,3.3617703660211027,3.3972490403462183,100,0,1
2022.04.21,01:43:45,3.4199008175316994,3.453265490027657,3.383983882805551,3.4135116876239393,100,0,1
2022.04.22,01:43:45,3.3043413513434623,3.342510455928949,3.2468107139547127,3.272555335443716,100,0,1
2022.04.23,01:43:45,3.4422553099293753,3.5613153224314167,3.3999818595683737,3.500502772971513,100,0,1
2022.04.24,01:43:45,3.497416763093501,3.570186589577392,3.448299577849567,3.4888551390637965,100,0,1
2022.04.25,01:43:45,3.5531288679442268,3.600803842559987,3.499105398145793,3.531083948192321,100,0,1
2022.04.26,01:43:45,3.4947530833868425,3.5692701431725893,3.4401148807329123,3.4820595276250987,100,0,1
2022.04.27,01:43:45,3.3939528730829527,3.44852361860887,3.332688244256042,3.4457841904707025,100,0,1
2022.04.28,01:43:45,3.4147029439782632,3.447513153821121,3.3471936706055443,3.3627804840681916,100,0,1
2022.04.29,01:43:45,3.3508007942436158,3.3946883789464413,3.314243266550426,3.3400483293222614,100,0,1
2022.04.30,01:43:45,3.4245421231826527,3.462385003753142,3.373866167017114,3.428972931714735,100,0,1
2022.05.01,01:43:45,3.42520273449413,3.480605934527218,3.393092998971086,3.466378216613264,100,0,1
2022.05.02,01:43:45,3.4105589557682072,3.454562489210825,3.3326382814265565,3.3814163410868066,100,0,1
2022.05.03,01:43:45,3.395194386811621,3.437885249853765,3.3530530877977363,3.4091923740016075,100,0,1
2022.05.04,01:43:45,3.3198859834392604,3.343517756632522,3.2476830732809567,3.2728591395444724,100,0,1
2022.05.05,01:43:45,3.3228755355319075,3.370591092305741,3.2756944000906447,3.319705546705635,100,0,1
2022.05.06,01:43:45,3.2663516119194957,3.3345694898547094,3.200920618157455,3.203342755326839,100,0,1
2022.05.07,01:43:45,3.2876821783499413,3.291334074011009,3.2722339244723107,3.2878091657566864,100,0,1
2022.05.08,01:43:45,3.303967457976303,3.362687430355392,3.234692301094852,3.306457140968824,100,0,1
2022.05.09,01:43:45,3.345303791653615,3.3726169999045648,3.2817745241381466,3.3706728872201968,100,0,1
2022.05.10,01:43:45,3.33686836977603,3.3743415244353376,3.2895896922350722,3.3363658474451467,100,0,1
2022.05.11,01:43:45,3.3578073042155023,3.4195515826000062,3.307337939960315,3.3586802449735447,100,0,1
2022.05.12,01:43:45,3.428746030141034,3.5029738969649307,3.378772220425368,3.499507099366866,100,0,1
2022.05.13,01:43:45,3.4404083749827112,3.4987361725311965,3.3912210429945056,3.4426023011723688,100,0,1
2022.05.14,01:43:45,3.482368275125429,3.537952951889605,3.406423372929015,3.4913797217278946,100,0,1
2022.05.15,01:43:45,3.4835124466942533,3.5242636348310765,3.4370604950697254,3.466034258134332,100,0,1
2022.05.16,01:43:45,3.4964243376556188,3.5385199289188485,3.457167278384581,3.487516902771853,100,0,1
2022.05.17,01:43:45,3.470308191281184,3.533420838740942,3.4455044539399533,3.509505494027533,100,0,1
2022.05.18,01:43:45,3.4599709900281805,3.5054116376710787,3.4077602998457452,3.476389662738749,100,0,1
2022.05.19,01:43:45,3.4657437560350006,3.5243552380094747,3.3843123109877116,3.483365438107065,100,0,1
2022.05.20,01:43:45,3.3730300133531705,3.4136603730153636,3.2946448099121826,3.380546043253495,100,0,1
2022.05.21,01:43:45,3.328128290492121,3.382900844115278,3.282632796557028,3.323135125070197,100,0,1
2022.05.22,01:43:45,3.3902395932573275,3.4139659531305377,3.345765407524431,3.387641496517868,100,0,1
2022.05.23,01:43:45,3.387102563326794,3.396566627245749,3.3240384512905643,3.33778889875411,100,0,1
2022.05.24,01:43:45,3.340383687184787,3.411560666311857,3.296591403177371,3.373205669469839,100,0,1
2022.05.25,01:43:45,3.2960299005015155,3.364378294206309,3.242984554573685,3.2776359125322,100,0,1
2022.05.26,01:43:45,3.2274171284791895,3.25964703959126,3.2124152896875793,3.217120385073985,100,0,1
2022.05.27,01:43:45,3.212386641375233,3.2682094696254813,3.1603210228199328,3.2557685991162635,100,0,1
2022.05.28,01:43:45,3.156176116928275,3.195550928893714,3.097231547238666,3.150297311268031,100,0,1
2022.05.29,01:43:45,3.306937119576004,3.3213515757294405,3.2511891731594793,3.3169194601679055,100,0,1
2022.05.30,01:43:45,3.3271829698595683,3.419079371133603,3.2815529461675697,3.3370575668432876,100,0,1
2022.05.31,01:43:45,3.3715092380000726,3.438915232765368,3.293401573602095,3.40722910087664,100,0,1
2022.06.01,01:43:45,3.371995465373827,3.421628443869402,3.3278424145607506,3.3299263262728034,100,0,1
2022.06.02,01:43:45,3.4474955641938774,3.507879339985859,3.3979117005390793,3.468828632246819,100,0,1
2022.06.03,01:43:45,3.4817059561529575,3.5458300366310884,3.403359273910114,3.448734349074876,100,0,1
2022.06.04,01:43:45,3.5296328022744388,3.629787727567771,3.479110547997033,3.621536412341264,100,0,1
2022.06.05,01:43:45,3.5319087998792886,3.553274858736975,3.479797414036938,3.495744486535771,100,0,1
2022.06.06,01:43:45,3.5011760012473823,3.567969578640265,3.4267052765509196,3.5629554406409594,100,0,1
2022.06.07,01:43:45,3.530568493733057,3.5824244174109077,3.449926134533777,3.5756724521570664,100,0,1
2022.06.08,01:43:45,3.5460774614065764,3.558976611194873,3.5052402148209456,3.518710504173313,100,0,1
2022.06.09,01:43:45,3.496591720494626,3.5586653341763173,3.4546455354759504,3.4578601388732437,100,0,1
2022.06.10,01:43:45,3.443587070642938,3.466923912332534,3.3820303775699645,3.4349655747172925,100,0,1
2022.06.11,01:43:45,3.4299928611764385,3.502636408414234,3.3575030877909064,3.4926663274159466,100,0,1
2022.06.12,01:43:45,3.462482010606535,3.4858345954297296,3.3939144440276277,3.4431188724731125,100,0,1
2022.06.13,01:43:45,3.439560528701986,3.4844698324357113,3.385364956562682,3.4696094897778162,100,0,1
2022.06.14,01:43:45,3.585189991550479,3.639518942422517,3.5366595757229042,3.560215369555508,100,0,1
2022.06.15,01:43:45,3.5607287972304156,3.583688082836926,3.5365531716449006,3.5499435579145255,100,0,1
2022.06.16,01:43:45,3.6758784278129606,3.7275717789317504,3.6022956305006133,3.6996873716155223,100,0,1
2022.06.17,01:43:45,3.6718347137087584,3.717431915027668,3.6344172681476423,3.688118933953226,100,0,1
2022.06.18,01:43:45,3.6779774050462275,3.7171866730672836,3.6088740992200243,3.6407483006531587,100,0,1
2022.06.19,01:43:45,3.6638156564255047,3.709899127917483,3.6412095152754884,3.70167009164683,100,0,1
2022.06.20,01:43:45,3.6462146883155664,3.709939797149658,3.5785727269866676,3.673257410680963,100,0,1
2022.06.21,01:43:45,3.6946284077289895,3.753171040220142,3.6697527273722192,3.7302330096345386,100,0,1
2022.06.22,01:43:45,3.7464233271186207,3.8151314988396794,3.7278986679232986,3.782924616292647,100,0,1
2022.06.23,01:43:45,3.8081618826926187,3.862886975579343,3.758051167540149,3.833582049527635,100,0,1
2022.06.24,01:43:45,3.8027157527206232,3.8814593401170137,3.7286532647254678,3.8455590223420595,100,0,1
2022.06.25,01:43:45,3.7994970717572976,3.8579856691696084,3.72702362727567,3.84350654493132,100,0,1
2022.06.26,01:43:45,3.7512057168398916,3.7806878381242215,3.7022503371395414,3.7125527741524675,100,0,1
2022.06.27,01:43:45,3.746390565876084,3.7961707780087246,3.7113750859675076,3.757147930291084,100,0,1
2022.06.28,01:43:45,3.8711757625468417,3.9281490985463137,3.803326052624824,3.924633057619092,100,0,1
2022.06.29,01:43:45,3.8702522028520474,3.87793080719129,3.8081484402017276,3.820261731472654,100,0,1
2022.06.30,01:43:45,3.8895237018009365,3.964176661504714,3.8409938608965906,3.9119126913715476,100,0,1
2022.07.01,01:43:45,3.872367674249649,3.894188663534095,3.8304227293149853,3.8754666855536617,100,0,1
2022.07.02,01:43:45,3.8779301592751,3.9383465887699027,3.8344930408157962,3.871823218502161,100,0,1
2022.07.03,01:43:45,3.759141576901588,3.8174356893940584,3.733003557631969,3.794070491122597,100,0,1
2022.07.04,01:43:45,3.729488827698119,3.7675653558911377,3.6776832524806307,3.71465688570144,100,0,1
2022.07.05,01:43:45,3.7397909208915263,3.809749687212156,3.6865652053381943,3.7385717131698204,100,0,1
2022.07.06,01:43:45,3.773065684242412,3.842059533610225,3.741365170221228,3.787650137061978,100,0,1
2022.07.07,01:43:45,3.7934275734703067,3.8373003259230454,3.7565271642094253,3.800870920640209,100,0,1
2022.07.08,01:43:45,3.824236401190997,3.876238332627389,3.756456126457402,3.8176538393945223,100,0,1
2022.07.09,01:43:45,3.8566658961486753,3.9009833414773243,3.787278210495669,3.7985727579242465,100,0,1
2022.07.10,01:43:45,3.824180993386968,3.860456763110648,3.7966213183154816,3.8151371860461447,100,0,1
2022.07.11,01:43:45,3.7095958169840286,3.7520913698778027,3.658368697448974,3.7369833854573584,100,0,1
2022.07.12,01:43:45,3.6559821853224994,3.7060467556422747,3.620972597565303,3.640047761346961,100,0,1
2022.07.13,01:43:45,3.7073891411583193,3.7583933400936713,3.651572126486665,3.6793435396540692,100,0,1
2022.07.14,01:43:45,3.7086875148456895,3.7363235030551745,3.651460301324404,3.7233902891612805,100,0,1
2022.07.15,01:43:45,3.6954681978871053,3.7582255416282333,3.685611650458874,3.7460756968166518,100,0,1
2022.07.16,01:43:45,3.7607834923322336,3.808303939170946,3.730864148902009,3.746771138477417,100,0,1
2022.07.17,01:43:45,3.694652614648972,3.719122009217054,3.588995338227519,3.701881962647984,100,0,1
2022.07.18,01:43:45,3.7132153417135663,3.780331441572656,3.639537773204294,3.7040391688374155,100,0,1
2022.07.19,01:43:45,3.723799196967174,3.8013587182703645,3.672081309166646,3.8001170811430027,100,0,1
2022.07.20,01:43:45,3.6642004753075903,3.699011504721438,3.6441530558686672,3.647469303334807,100,0,1
2022.07.21,01:43:45,3.6951030973686048,3.735338783005126,3.6342235179411713,3.7224827914629555,100,0,1
2022.07.22,01:43:45,3.690942979033787,3.7524426562510116,3.6632675909529837,3.688841185998389,100,0,1
2022.07.23,01:43:45,3.6549187993794976,3.730860148864528,3.5838653779172502,3.7080007918346625,100,0,1
2022.07.24,01:43:45,3.655882463732867,3.7134265609834194,3.579095707585866,3.638803126838704,100,0,1
2022.07.25,01:43:45,3.6829910681814946,3.7495530485709176,3.6519089118259696,3.663086423359444,100,0,1
2022.07.26,01:43:45,3.7564443343948835,3.7856385764797245,3.694832166013092,3.69965155155871,100,0,1
2022.07.27,01:43:45,3.781885549703122,3.81623168556454,3.7187661230730464,3.77574744469926,100,0,1
2022.07.28,01:43:45,3.7758885321889504,3.8088547157416395,3.736982972327009,3.805931599929164,100,0,1
2022.07.29,01:43:45,3.7492303445175463,3.8176211311176314,3.712015965330889,3.7996579935898627,100,0,1
2022.07.30,01:43:45,3.7418431402118735,3.7979068044980346,3.7138831051801553,3.7286358237463673,100,0,1
2022.07.31,01:43:45,3.7831003517089434,3.796786077639477,3.7174723077489906,3.787730623827491,100,0,1
2022.08.01,01:43:45,3.7754178514211874,3.851422829402114,3.7076204479627455,3.717055131203774,100,0,1
2022.08.02,01:43:45,3.8790660207186534,3.9244840919277695,3.860928379662155,3.8969820162517643,100,0,1
2022.08.03,01:43:45,3.945162193709068,3.995101902361885,3.8791848669597013,3.899802764237775,100,0,1
2022.08.04,01:43:45,3.9663820216137924,4.011533066346669,3.9150488425978556,3.9409682479753405,100,0,1
2022.08.05,01:43:45,3.9542914427835045,4.00300932838077,3.909982514139456,3.9588932522986275,100,0,1
2022.08.06,01:43:45,4.000033718038043,4.037407152517611,3.9754250491305427,4.0092012141541,100,0,1
2022.08.07,01:43:45,3.9693234421377666,4.076324446680102,3.9088487280649713,3.9741018971048407,100,0,1
2022.08.08,01:43:45,3.979541930562489,4.013404561647284,3.9459367865151584,3.9726588659505073,100,0,1
2022.08.09,01:43:45,3.977484367304216,4.060979683546318,3.902939247545026,4.034113357038645,100,0,1
2022.08.10,01:43:45,3.955243534015039,4.013031750215535,3.8885098418107993,4.009178558097965,100,0,1
2022.08.11,01:43:45,3.8433960619970966,3.885782824222518,3.7928341808120094,3.885133482878662,100,0,1
2022.08.12,01:43:45,3.9186112509013653,3.9741681883987416,3.888508654716293,3.92885818937707,100,0,1
2022.08.13,01:43:45,3.929037977283298,3.9916939950864894,3.903908842434572,3.976239826243246,100,0,1
2022.08.14,01:43:45,3.9844143249241015,4.0543196761026055,3.9135845093649446,4.016404406445985,100,0,1
2022.08.15,01:43:45,3.974344477019917,4.065719461639633,3.9215284652023117,4.013206733146401,100,0,1
2022.08.16,01:43:45,3.8799547575714524,3.944740125874018,3.8398252707659655,3.8458425262809834,100,0,1
2022.08.17,01:43:45,3.840754658064243,3.8812857725220318,3.755408834656472,3.8284407666610027,100,0,1
2022.08.18,01:43:45,3.79100102276383,3.858598462037959,3.749029964078044,3.791917438368471,100,0,1
2022.08.19,01:43:45,3.8213944757430136,3.873128235324984,3.7670959298884332,3.8087945694130965,100,0,1
2022.08.20,01:43:45,3.855453681322322,3.9029505140676277,3.795933703935383,3.8863966058224855,100,0,1
2022.08.21,01:43:45,3.879445884108316,3.948455113515806,3.862624410264226,3.9040996154635312,100,0,1
2022.08.22,01:43:45,3.847488209445,3.935926022225316,3.8052774857559157,3.8361310553728356,100,0,1
2022.08.23,01:43:45,3.936495569827259,3.969010943176419,3.8996742353218052,3.944488887791719,100,0,1
2022.08.24,01:43:45,3.9497583144543427,3.9779486409391756,3.876097757679895,3.9677365036145393,100,0,1
2022.08.25,01:43:45,3.8201267245705246,3.8696871692430417,3.8019734705865944,3.8332929655040027,100,0,1
2022.08.26,01:43:45,3.845265442685486,3.909226601975878,3.8149241486056193,3.8261913560378105,100,0,1
2022.08.27,01:43:45,3.8128459357741162,3.8816444845545095,3.7488582340501377,3.855083300066558,100,0,1
2022.08.28,01:43:45,3.780696035676005,3.8270833144607157,3.7433484699452655,3.797117257235485,100,0,1
2022.08.29,01:43:45,3.7764198279658787,3.8280328624449584,3.7089447697526707,3.7576213021052194,100,0,1
2022.08.30,01:43:45,3.730881119826036,3.8043008498679174,3.674782504020586,3.784897035981176,100,0,1
2022.08.31,01:43:45,3.718957347416826,3.7539079526341554,3.6322002134233475,3.6554455788792852,100,0,1
2022.09.01,01:43:45,3.6793437348638465,3.7417153519299187,3.651368093797111,3.677597306296409,100,0,1
2022.09.02,01:43:45,3.678143038713783,3.726409235157754,3.6577980217416126,3.6730704076205947,100,0,1
2022.09.03,01:43:45,3.6497237604200765,3.7015989066619315,3.617367497522201,3.646701970754541,100,0,1
2022.09.04,01:43:45,3.6129517191409977,3.6679256528727255,3.5595581856733354,3.614591894349396,100,0,1
2022.09.05,01:43:45,3.563736269469002,3.620041264533165,3.469895573828174,3.5638059919598093,100,0,1
2022.09.06,01:43:45,3.627086173177522,3.645142465932254,3.5518306237179074,3.598798718921035,100,0,1
2022.09.07,01:43:45,3.581262434950701,3.6584112814371372,3.519418509265426,3.6028080849727875,100,0,1
2022.09.08,01:43:45,3.4935807662650245,3.549303842203583,3.4665547183908,3.54470141747971,100,0,1
2022.09.09,01:43:45,3.4569151638439726,3.5069942719101053,3.3911978080451695,3.396760013440061,100,0,1
2022.09.10,01:43:45,3.4535399007605907,3.532000185476587,3.3859757665564656,3.431410357345651,100,0,1
2022.09.11,01:43:45,3.4337557146891133,3.4845626578804194,3.3504489840682368,3.465007589764144,100,0,1
2022.09.12,01:43:45,3.381626167732518,3.4033107241346126,3.3388653831421156,3.399955571892913,100,0,1
2022.09.13,01:43:45,3.457591824057198,3.4771879567542223,3.4049310294684574,3.423657138831689,100,0,1
2022.09.14,01:43:45,3.4920120497745724,3.5115423723855343,3.423684062149776,3.4693125114979577,100,0,1
2022.09.15,01:43:45,3.5168613690922705,3.5796575712192427,3.4719149380507472,3.576467086967649,100,0,1
2022.09.16,01:43:45,3.620761777428148,3.668847252200743,3.5776057762843294,3.6333466926576867,100,0,1
2022.09.17,01:43:45,3.67158780549579,3.7107182751074768,3.585193777746893,3.664681052150925,100,0,1
2022.09.18,01:43:45,3.659375093640123,3.715752060539588,3.604340846192159,3.698402877215039,100,0,1
2022.09.19,01:43:45,3.7001886807289224,3.749814309372243,3.6600867808579745,3.6893374955863014,100,0,1
2022.09.20,01:43:45,3.616430445077136,3.665775249748146,3.552090025159681,3.6430033293664796,100,0,1
2022.09.21,01:43:45,3.6275623224559452,3.660246891924447,3.527967641237943,3.5840079314743067,100,0,1
2022.09.22,01:43:45,3.5133496853795227,3.5840636327867106,3.465651071011878,3.5759450049099586,100,0,1
2022.09.23,01:43:45,3.5108276991173435,3.564970282467622,3.4931475283895446,3.494912194615169,100,0,1
2022.09.24,01:43:45,3.5127879801478215,3.5433006324017486,3.486264578955786,3.490290912712234,100,0,1
2022.09.25,01:43:45,3.591345166452094,3.6104990542522164,3.541174649014392,3.552525863925275,100,0,1
2022.09.26,01:43:45,3.675000873969595,3.7295669282788446,3.6341430795425933,3.6676353149433303,100,0,1
2022.09.27,01:43:45,3.670002225677897,3.7382767243581148,3.6332279621768855,3.6577083585301486,100,0,1
2022.09.28,01:43:45,3.6540231910830525,3.6676756617851605,3.613316308265427,3.667118761800271,100,0,1
2022.09.29,01:43:45,3.5927611551953094,3.626475729686082,3.5287306821381885,3.595066827166625,100,0,1
2022.09.30,01:43:45,3.686988612710668,3.739675881730283,3.636189970395641,3.718027392554592,100,0,1
2022.10.01,01:43:45,3.6311470658303224,3.639900252745326,3.585738653447657,3.6207262215481366,100,0,1
2022.10.02,01:43:45,3.6818135181169755,3.716589984472888,3.6463401204433104,3.6463466428771687,100,0,1
2022.10.03,01:43:45,3.7588614631509216,3.8221666042714175,3.686978060506213,3.8218121440625232,100,0,1
2022.10.04,01:43:45,3.706967767704604,3.7526586146093477,3.690250760469082,3.7338554353773312,100,0,1
2022.10.05,01:43:45,3.7137811536838643,3.7736298607206504,3.655843548128367,3.7652449380322977,100,0,1
2022.10.06,01:43:45,3.6643161164092843,3.711302516203676,3.6058379633724993,3.6695265811610533,100,0,1
2022.10.07,01:43:45,3.6711052032159524,3.6991292560462488,3.6188374995166215,3.6188425364142804,100,0,1
2022.10.08,01:43:45,3.6077373216155797,3.6557508500372378,3.5586938183181203,3.6154988647147195,100,0,1
2022.10.09,01:43:45,3.6269066699760093,3.6690731664670206,3.5475748810292216,3.6393663570394166,100,0,1
2022.10.10,01:43:45,3.694989972201509,3.7104301033416487,3.6311586327143286,3.6511980706079448,100,0,1
2022.10.11,01:43:45,3.735199428066546,3.7976758017305445,3.663759383420089,3.7228111643344404,100,0,1
2022.10.12,01:43:45,3.7069708808743975,3.753024926888207,3.648028343516177,3.656594890750034,100,0,1
2022.10.13,01:43:45,3.6804248530253645,3.791926403226367,3.601092037134603,3.6278863705340747,100,0,1
2022.10.14,01:43:45,3.7395415174562316,3.7924605774608815,3.668706934594538,3.7243375813020747,100,0,1
2022.10.15,01:43:45,3.6888897058802086,3.731607887963696,3.6374330413707807,3.714871164234526,100,0,1
2022.10.16,01:43:45,3.6572637639384284,3.703368062173461,3.641936849925419,3.6848387911008387,100,0,1
2022.10.17,01:43:45,3.5666381808358034,3.627259423100847,3.500600243785376,3.580210707313652,100,0,1
2022.10.18,01:43:45,3.6138039117632133,3.6796322077226336,3.5679786889912077,3.582270718973403,100,0,1
2022.10.19,01:43:45,3.5675783304326187,3.6056151626731503,3.5381463631880536,3.5798910007681437,100,0,1
2022.10.20,01:43:45,3.619068763904872,3.709740291619747,3.5838793884017686,3.6645366383996696,100,0,1
2022.10.21,01:43:45,3.625552251985102,3.693526901447129,3.5869721507325054,3.664605015615894,100,0,1
2022.10.22,01:43:45,3.487545504453626,3.5383731903196214,3.4124458643124584,3.4786682287643202,100,0,1
2022.10.23,01:43:45,3.54573566828572,3.63313998829016,3.5343965967950193,3.5423780003135237,100,0,1
2022.10.24,01:43:45,3.524455832893613,3.5577384193151373,3.4493523222364164,3.5410860533227044,100,0,1
2022.10.25,01:43:45,3.521791014600737,3.5541197724927973,3.44753143171925,3.496152536049544,100,0,1
2022.10.26,01:43:45,3.623181716163384,3.6558985756987856,3.5904881853909965,3.626845523028689,100,0,1
2022.10.27,01:43:45,3.5954983594414633,3.6383737246741408,3.5191558880430063,3.5253476970455875,100,0,1
2022.10.28,01:43:45,3.619097863919172,3.62411796833366,3.5694485057386145,3.5747437341992763,100,0,1
2022.10.29,01:43:45,3.702654271168743,3.7346251584162133,3.661698751920387,3.6967344210925006,100,0,1
2022.10.30,01:43:45,3.6712242833431312,3.717826255565013,3.6693911010693943,3.697442940544883,100,0,1
2022.10.31,01:43:45,3.7077456487443747,3.727113372944836,3.6793337530925783,3.6815063440060625,100,0,1
2022.11.01,01:43:45,3.7568551829237853,3.798541640850699,3.7341029685657023,3.7369739329367864,100,0,1
2022.11.02,01:43:45,3.7841983108827786,3.8481429415000994,3.7369531153786566,3.8159269625186063,100,0,1
2022.11.03,01:43:45,3.739276678564838,3.768671875877637,3.668994454377274,3.745426026991096,100,0,1
2022.11.04,01:43:45,3.7664035018608666,3.810397405354817,3.7246304945458366,3.7609225289700072,100,0,1
2022.11.05,01:43:45,3.7641342666207986,3.8421144434063197,3.7179739948928923,3.775959956910238,100,0,1
2022.11.06,01:43:45,3.619056069405891,3.6341524808591426,3.5561332475360063,3.5848889211284347,100,0,1
2022.11.07,01:43:45,3.645574436639184,3.7030464682831776,3.5736701887046847,3.6968515358179745,100,0,1
2022.11.08,01:43:45,3.6393214881100935,3.7031303094330204,3.5708523843931155,3.6920597071960817,100,0,1
2022.11.09,01:43:45,3.700423575264259,3.7376403435797223,3.6668053462947117,3.7186128762726973,100,0,1
2022.11.10,01:43:45,3.8047881410461657,3.8416726366458978,3.7687939288630723,3.775189642302453,100,0,1
2022.11.11,01:43:45,3.872042659439358,3.935637186041068,3.783828877372099,3.7873026797127403,100,0,1
2022.11.12,01:43:45,3.832623671978639,3.9053658357240297,3.80305829491651,3.8702763169857777,100,0,1
2022.11.13,01:43:45,3.7968795115893825,3.8516298304885215,3.7266168159480895,3.750121588021995,100,0,1
2022.11.14,01:43:45,3.8578688534329473,3.8962184166283063,3.804245224347242,3.8656156332776637,100,0,1
2022.11.15,01:43:45,3.909555684665243,3.983524657266637,3.8655436399192915,3.8775890735361194,100,0,1
2022.11.16,01:43:45,3.9435040536654453,3.995109188239985,3.8923515079198974,3.943649731682394,100,0,1
2022.11.17,01:43:45,3.9481377154835,3.992963272824348,3.922356387742063,3.922962158879812,100,0,1
2022.11.18,01:43:45,3.983123512632156,4.009858231265611,3.913229297663781,4.004411635342714,100,0,1
2022.11.19,01:43:45,3.972361092696449,3.9952711514941965,3.9334957617066935,3.9812187260527465,100,0,1
2022.11.20,01:43:45,3.9420614167106773,3.9576570935187534,3.906051067791613,3.9367584118899472,100,0,1
2022.11.21,01:43:45,4.035448197497996,4.053258076007609,3.973384630094664,4.04740580433454,100,0,1
2022.11.22,01:43:45,4.053736618957241,4.095865079312922,4.005171874846979,4.034256906346448,100,0,1
2022.11.23,01:43:45,4.117638775696555,4.152300337248613,4.035407648839871,4.079392808792894,100,0,1
2022.11.24,01:43:45,4.084107917835143,4.085689387610639,4.0473064475787295,4.048141148697224,100,0,1
2022.11.25,01:43:45,4.118859185312999,4.186028350613724,4.073996731575232,4.123508371079346,100,0,1
2022.11.26,01:43:45,4.060977504286859,4.111394250109989,4.0003678482806215,4.041046222296893,100,0,1
2022.11.27,01:43:45,4.086070918151833,4.1029851812988,4.024698391007643,4.040679771687839,100,0,1
2022.11.28,01:43:45,4.13847708546968,4.170467890118358,4.094820133653951,4.147499268253338,100,0,1
2022.11.29,01:43:45,4.150188200695298,4.185489645303247,4.132582380796722,4.140819943954128,100,0,1
2022.11.30,01:43:45,4.210047949230652,4.27036095737497,4.173856952085792,4.203058913048575,100,0,1
2022.12.01,01:43:45,4.223152068242138,4.28972798044779,4.169533097435036,4.172206897827113,100,0,1
2022.12.02,01:43:45,4.343841844226852,4.380873629448983,4.309217206208034,4.334042105577011,100,0,1
2022.12.03,01:43:45,4.283005387241672,4.330947088875408,4.213165170694645,4.233620452457418,100,0,1
2022.12.04,01:43:45,4.243539858687282,4.286072732450866,4.19687363944993,4.223785088566353,100,0,1
2022.12.05,01:43:45,4.173484055523329,4.204404006058551,4.148330053391298,4.149356257126994,100,0,1
2022.12.06,01:43:45,4.145676562536324,4.212129951842705,4.105308331424318,4.191080278437879,100,0,1
2022.12.07,01:43:45,4.125032357273366,4.1843470864185575,4.0667369812568,4.164213964065755,100,0,1
2022.12.08,01:43:45,4.136654878645963,4.163550157197018,4.1055154310354895,4.13153961354952,100,0,1
2022.12.09,01:43:45,4.136226746617884,4.165237624418398,4.072533807674416,4.120808513897786,100,0,1
2022.12.10,01:43:45,4.151735721085452,4.201317045113037,4.113549365273648,4.170196726762637,100,0,1
2022.12.11,01:43:45,4.168896512591117,4.197435718975512,4.114968282990144,4.186786868742231,100,0,1
2022.12.12,01:43:45,4.129898341782849,4.195110075516043,4.088661300932897,4.177817155440529,100,0,1
2022.12.13,01:43:45,4.023455026015709,4.066010877167459,3.9852249175929,4.013686771600522,100,0,1
2022.12.14,01:43:45,4.046542474274621,4.090019376084627,3.9859895420888867,4.000052630265687,100,0,1
2022.12.15,01:43:45,3.9524710139478296,4.0131016376374085,3.899702965948122,4.008058021549716,100,0,1
2022.12.16,01:43:45,3.973308650549758,4.027579336151006,3.9153444447313075,3.952659782722914,100,0,1
2022.12.17,01:43:45,4.053678844756948,4.08351243063934,4.024134466619707,4.075397866739076,100,0,1
2022.12.18,01:43:45,4.100974955682829,4.143626527179856,4.073620508802209,4.077439693641166,100,0,1
2022.12.19,01:43:45,4.089962581931363,4.179109571796825,4.015347026301071,4.127460308029215,100,0,1
2022.12.20,01:43:45,4.051376289976291,4.127239309487626,3.986415215700981,4.060100508025433,100,0,1
2022.12.21,01:43:45,3.989144902567458,4.04172087287134,3.9666961811605463,4.01731469029757,100,0,1
2022.12.22,01:43:45,3.9960571326966914,4.091512250886927,3.951009685823986,4.025158582106087,100,0,1
2022.12.23,01:43:45,3.990675028266824,3.991185829805439,3.941703288217693,3.951608118878286,100,0,1
2022.12.24,01:43:45,3.9728805445853554,4.026703235709387,3.9239681277379996,3.99367554883996,100,0,1
2022.12.25,01:43:45,3.982040302532736,3.996129039823113,3.936241822643829,3.9654856490272583,100,0,1
2022.12.26,01:43:45,3.9768622241015157,4.041488507417991,3.941620080619954,3.9623364302696062,100,0,1
2022.12.27,01:43:45,3.9576252478755642,3.9780421010528317,3.943461066301938,3.963987439520926,100,0,1
2022.12.28,01:43:45,3.8932852984959734,3.954495068588502,3.830129116111989,3.8398594668202026,100,0,1
2022.12.29,01:43:45,4.000629557723436,4.03326363595485,3.938927790097272,3.9882467405951787,100,0,1
2022.12.30,01:43:45,3.9395242682901874,4.007617665969735,3.875345601878261,3.914878590296573,100,0,1
2022.12.31,01:43:45,3.9441140121493983,3.992834742570485,3.8876302107417535,3.9450183976520186,100,0,1
2023.01.01,01:43:45,4.010635400170953,4.052653598295701,3.9385909638636694,3.9540119672201994,100,0,1
2023.01.02,01:43:45,4.119420208669039,4.184341850892532,4.094508118624098,4.162588625472305,100,0,1
2023.01.03,01:43:45,4.126049958415043,4.179193447868261,4.075832236929135,4.079469727322163,100,0,1
2023.01.04,01:43:45,4.183318504108288,4.2661208470407335,4.145563254368775,4.246319858894241,100,0,1
2023.01.05,01:43:45,4.223372753864955,4.303094296205901,4.187232795080583,4.281650385455504,100,0,1
2023.01.06,01:43:45,4.2225245037257135,4.268870623552501,4.178867355845359,4.219676006178023,100,0,1
2023.01.07,01:43:45,4.153818446217491,4.221034525927601,4.073700211127283,4.168398476068306,100,0,1
2023.01.08,01:43:45,4.180092704677484,4.2419616878937845,4.152501531305941,4.184878336823567,100,0,1
2023.01.09,01:43:45,4.1815283074462775,4.230242186330839,4.08160458799193,4.146008497179546,100,0,1
2023.01.10,01:43:45,4.332537152714853,4.362464961413935,4.299464237194528,4.3570352365476905,100,0,1
2023.01.11,01:43:45,4.35629555526717,4.374415179833161,4.29729757040385,4.307490745155929,100,0,1
2023.01.12,01:43:45,4.248981831940346,4.309044374349501,4.178001021527615,4.2391313471159,100,0,1
2023.01.13,01:43:45,4.30101980851346,4.378676295098081,4.24541054257973,4.325616577843656,100,0,1
2023.01.14,01:43:45,4.247398214090383,4.28408312778433,4.2026263166681055,4.24736928052815,100,0,1
2023.01.15,01:43:45,4.195826172647596,4.214254214649456,4.160351361417217,4.203196863144355,100,0,1
2023.01.16,01:43:45,4.177434166830044,4.243203303649466,4.109530151400477,4.125359785644998,100,0,1
2023.01.17,01:43:45,4.048089031699021,4.07266999192687,4.001575769525001,4.025255304889908,100,0,1
2023.01.18,01:43:45,4.025609229408795,4.0658485838451215,3.93775773059895,4.034590146469553,100,0,1
2023.01.19,01:43:45,4.008984435020011,4.057136465937954,3.954127691820783,3.998186990323245,100,0,1
2023.01.20,01:43:45,3.9807472558565458,4.04617912069905,3.9447811303409543,3.986705102540982,100,0,1
2023.01.21,01:43:45,3.951001961292866,4.022048471149008,3.8862729620847536,4.0017515698661175,100,0,1
2023.01.22,01:43:45,3.9619759770540393,3.9709636895756275,3.866068589394761,3.8978584401995677,100,0,1
2023.01.23,01:43:45,3.887306504794629,3.9386770512094267,3.794659005168877,3.8406637945805318,100,0,1
2023.01.24,01:43:45,3.8619443230335264,3.923894434305331,3.807562122775174,3.889339094048998,100,0,1
2023.01.25,01:43:45,3.9378908077749055,3.9766817526767504,3.8500350256809726,3.953088681926478,100,0,1
2023.01.26,01:43:45,3.9730504979189822,4.017661996974696,3.9565764770965903,3.977618943915354,100,0,1
2023.01.27,01:43:45,3.9962596166614963,4.020078840223206,3.9713702858281708,3.9951525027681236,100,0,1
2023.01.28,01:43:45,3.9385874341696505,4.000077582037877,3.8913649327532474,3.9046404770356204,100,0,1
2023.01.29,01:43:45,4.0132680098601625,4.046062917021068,3.9459674636748994,3.948185978675305,100,0,1
2023.01.30,01:43:45,3.9608280457051066,4.063733558381691,3.904197347012643,4.02170590401022,100,0,1
2023.01.31,01:43:45,4.00955428345193,4.061349182594296,3.9357089621170798,3.9906543922646707,100,0,1
2023.02.01,01:43:45,4.047442283513251,4.108630547771231,3.9712745190536,4.084661202607214,100,0,1
2023.02.02,01:43:45,4.0680259017220495,4.129351547295576,4.019958280304549,4.105136199829359,100,0,1
2023.02.03,01:43:45,4.11689322671613,4.16032193562968,4.071771687424588,4.084861807805554,100,0,1
2023.02.04,01:43:45,4.1349112524874805,4.175315462369608,4.081296571341778,4.097649370510755,100,0,1
2023.02.05,01:43:45,4.187958635302634,4.220166914526964,4.130882710099717,4.213233839961646,100,0,1
2023.02.06,01:43:45,4.175294812959681,4.217680097368472,4.12131361541014,4.129687246920435,100,0,1
2023.02.07,01:43:45,4.176519383161985,4.249657427302132,4.109638264082124,4.217488673803857,100,0,1
2023.02.08,01:43:45,4.1571843333899565,4.176611045694399,4.10831734776803,4.1208425482961974,100,0,1
2023.02.09,01:43:45,4.09216016763359,4.121243150152732,4.084085939885897,4.119603021214657,100,0,1
2023.02.10,01:43:45,4.033546253594086,4.090654891164106,3.990213345180357,4.009241038863915,100,0,1
2023.02.11,01:43:45,4.043396168022353,4.115782200324765,4.037941718061987,4.07797078751411,100,0,1
2023.02.12,01:43:45,4.120495208431199,4.180699260520373,4.055676770424025,4.15721139527507,100,0,1
2023.02.13,01:43:45,4.118927457437411,4.20306381682519,4.0575923645637975,4.179960194291224,100,0,1
2023.02.14,01:43:45,4.2195108999244315,4.2476402575091665,4.170987449687178,4.174063511536538,100,0,1
2023.02.15,01:43:45,4.339143139977564,4.360089610781277,4.295279831168821,4.321890100901754,100,0,1
2023.02.16,01:43:45,4.33615321163636,4.394851303332662,4.287184042915145,4.313606687246861,100,0,1
2023.02.17,01:43:45,4.382823119162202,4.45016461783976,4.327303822991256,4.419193383124659,100,0,1
2023.02.18,01:43:45,4.437694839604401,4.4683141199117005,4.389520316145183,4.407543860222247,100,0,1
2023.02.19,01:43:45,4.339419262382554,4.399474219674424,4.29394905205045,4.344279849824965,100,0,1
2023.02.20,01:43:45,4.319582972300249,4.392301330870123,4.254479484759961,4.3912014974975735,100,0,1
2023.02.21,01:43:45,4.303347022125491,4.36008262512692,4.257073985186897,4.264368817768877,100,0,1
2023.02.22,01:43:45,4.293482920467506,4.350945002520572,4.268734164248603,4.305914122560831,100,0,1
2023.02.23,01:43:45,4.265986449029645,4.297572096817638,4.247038566634943,4.294126481931616,100,0,1
2023.02.24,01:43:45,4.273505852534238,4.3522100642912855,4.231266104483119,4.246050421117381,100,0,1
2023.02.25,01:43:45,4.323364388832551,4.337916601075118,4.302874385151249,4.319652146345038,100,0,1
2023.02.26,01:43:45,4.379851390250092,4.423266646816676,4.326019620486699,4.4075156974910055,100,0,1
2023.02.27,01:43:45,4.383288106117702,4.464597188773367,4.344291015872034,4.381473781806288,100,0,1
2023.02.28,01:43:45,4.387075341909788,4.459959696799424,4.333019664332159,4.343889272414735,100,0,1
2023.03.01,01:43:45,4.403690779926831,4.476132030819895,4.37621459798757,4.430260604896067,100,0,1
2023.03.02,01:43:45,4.524729218293954,4.568247172062995,4.516189408912094,4.55710286021038,100,0,1
2023.03.03,01:43:45,4.59630607009279,4.638486158814173,4.507077959034562,4.5807346007752745,100,0,1
2023.03.04,01:43:45,4.540173488605521,4.558929054132102,4.4998069910283975,4.554497376156132,100,0,1
2023.03.05,01:43:45,4.508194387813327,4.5669239021539685,4.424873184285592,4.483499688898615,100,0,1
2023.03.06,01:43:45,4.644573103814634,4.699198254866012,4.599601478101483,4.664704207083371,100,0,1
2023.03.07,01:43:45,4.613773604619693,4.6919257260518945,4.5157095433997565,4.606707132399968,100,0,1
2023.03.08,01:43:45,4.665811109768009,4.692233998213399,4.6277998725555385,4.679324538696296,100,0,1
2023.03.09,01:43:45,4.638024899869642,4.638531674631363,4.570953289649172,4.613803874021084,100,0,1
2023.03.10,01:43:45,4.540858462378301,4.5927574651154375,4.500253233667504,4.554009497798832,100,0,1
2023.03.11,01:43:45,4.513176983304396,4.5655667629583325,4.477793877135831,4.553461121401201,100,0,1
2023.03.12,01:43:45,4.553157350069587,4.602087781186387,4.492665942874192,4.541555592305603,100,0,1
2023.03.13,01:43:45,4.597783369663699,4.656810709910036,4.549148852473137,4.629857718038946,100,0,1
2023.03.14,01:43:45,4.57831743925655,4.6287983748253305,4.497207165039621,4.5890903757116925,100,0,1
2023.03.15,01:43:45,4.712425374671984,4.748137980318428,4.670918573950062,4.707173197031104,100,0,1
2023.03.16,01:43:45,4.696017859298429,4.712742051416103,4.65578248172416,4.710402815014416,100,0,1
2023.03.17,01:43:45,4.657305409690759,4.710508157631677,4.591290358673098,4.675302639858354,100,0,1
2023.03.18,01:43:45,4.622707338596044,4.701833108616809,4.565636872202955,4.610405262580444,100,0,1
2023.03.19,01:43:45,4.604544254733673,4.64646604667763,4.574244968804527,4.631044286336684,100,0,1
2023.03.20,01:43:45,4.601992965838161,4.663428330343582,4.560525949347704,4.6095813787245845,100,0,1
2023.03.21,01:43:45,4.562950258043078,4.669445295494324,4.521282473878171,4.652607006773657,100,0,1
2023.03.22,01:43:45,4.517504895147888,4.550176866006819,4.484746787185704,4.533265452359213,100,0,1
2023.03.23,01:43:45,4.505105401780741,4.586610554729061,4.438036546487578,4.530428943339595,100,0,1
2023.03.24,01:43:45,4.480755818182561,4.534151500081291,4.455286990257499,4.513962137912036,100,0,1
2023.03.25,01:43:45,4.484885429674434,4.572025452375955,4.436884012462539,4.47252667091344,100,0,1
2023.03.26,01:43:45,4.490550361118228,4.539434382038364,4.45097739529466,4.5050632724653195,100,0,1
2023.03.27,01:43:45,4.428549376904041,4.514476094271022,4.377527726695741,4.388415033516415,100,0,1
2023.03.28,01:43:45,4.4129419426083185,4.439329746775,4.354875184282419,4.366892121642939,100,0,1
2023.03.29,01:43:45,4.353845921581854,4.389615601751126,4.289056594679036,4.334006595692962,100,0,1
2023.03.30,01:43:45,4.351110026521165,4.386869522854286,4.280604275684708,4.3502377781098005,100,0,1
2023.03.31,01:43:45,4.2591395163877594,4.278056487946647,4.197667600479319,4.27458875953664,100,0,1
2023.04.01,01:43:45,4.246340314961097,4.300958998874621,4.20750206347603,4.2837197691134,100,0,1
2023.04.02,01:43:45,4.243273934509779,4.279358707360005,4.215402179579302,4.2493378965530395,100,0,1
2023.04.03,01:43:45,4.212152220558347,4.263408541067217,4.162202771855694,4.21856834921785,100,0,1
2023.04.04,01:43:45,4.142278634761897,4.186134545033497,4.126728129126108,4.1500449428902275,100,0,1
2023.04.05,01:43:45,4.197267296624737,4.278096860594015,4.129448597813303,4.200554917498096,100,0,1
2023.04.06,01:43:45,4.261275487982101,4.3076173182428015,4.18811863335462,4.22969862944332,100,0,1
2023.04.07,01:43:45,4.345032983328157,4.361340408717255,4.269554014574518,4.298330738717724,100,0,1
2023.04.08,01:43:45,4.240781525830979,4.2812234653478365,4.174932115753222,4.214146396554216,100,0,1
2023.04.09,01:43:45,4.253025766047072,4.2827822397242565,4.170832267647651,4.251326239169088,100,0,1
2023.04.10,01:43:45,4.236178274388636,4.283036946308867,4.190819273544222,4.253039748286821,100,0,1
2023.04.11,01:43:45,4.207190652520822,4.244179652811299,4.1675896350565305,4.178460154336305,100,0,1
2023.04.12,01:43:45,4.17364283300245,4.220918844041972,4.112370512813432,4.13973266031621,100,0,1
2023.04.13,01:43:45,4.305316844696495,4.340670403610453,4.248248327287832,4.267215392799783,100,0,1
2023.04.14,01:43:45,4.387348560776972,4.44715277155005,4.331609229394,4.336135816026512,100,0,1
2023.04.15,01:43:45,4.421808933757376,4.454076246908491,4.36766277185299,4.375082633025122,100,0,1
2023.04.16,01:43:45,4.490343662419693,4.554139794713974,4.406722732332693,4.487892804674871,100,0,1
2023.04.17,01:43:45,4.499733943094377,4.567021471519169,4.474955722182216,4.5399058539759976,100,0,1
2023.04.18,01:43:45,4.509158264401794,4.593693300636884,4.465377665782146,4.479150342918251,100,0,1
2023.04.19,01:43:45,4.531069488981962,4.563576806217614,4.439878337703998,4.552122094034158,100,0,1
2023.04.20,01:43:45,4.542175084676075,4.616494419490492,4.492208423705345,4.574750691469091,100,0,1
2023.04.21,01:43:45,4.5320049493635075,4.585502932077717,4.510754300107759,4.5379396852086185,100,0,1
2023.04.22,01:43:45,4.602559849622248,4.661779188479463,4.523069331705296,4.650055607575824,100,0,1
2023.04.23,01:43:45,4.6801861997401195,4.73230500839855,4.650547882312634,4.711530965891379,100,0,1
2023.04.24,01:43:45,4.743791625641842,4.766842879588996,4.708760630104463,4.724274848077952,100,0,1
2023.04.25,01:43:45,4.678918065384817,4.716527832967028,4.6439013180031345,4.694765736438683,100,0,1
2023.04.26,01:43:45,4.701301195301793,4.75782942048335,4.652764935719212,4.70293004509623,100,0,1
2023.04.27,01:43:45,4.7136158641970765,4.745050846660824,4.623277560650453,4.641620146887668,100,0,1
2023.04.28,01:43:45,4.780478242289606,4.815066885428259,4.737458282869338,4.809521636888227,100,0,1
2023.04.29,01:43:45,4.718876213821422,4.760356559318679,4.644637656739335,4.749918549421245,100,0,1
2023.04.30,01:43:45,4.710676696936085,4.755283347035941,4.68278607312547,4.737975389654254,100,0,1
2023.05.01,01:43:45,4.713374986058781,4.76394352789923,4.6962662332782745,4.73684915587444,100,0,1
2023.05.02,01:43:45,4.735908187996661,4.763792521565553,4.698695983733968,4.724579230712585,100,0,1
2023.05.03,01:43:45,4.79659999892311,4.849569180936311,4.72243379929562,4.760482104372333,100,0,1
2023.05.04,01:43:45,4.760918595872872,4.792675601397322,4.688719460581489,4.78983846795449,100,0,1
2023.05.05,01:43:45,4.653531884738319,4.714502345696124,4.603079802918808,4.640264201991722,100,0,1
2023.05.06,01:43:45,4.604101561881923,4.660107815692906,4.570253039141052,4.621912058272469,100,0,1
2023.05.07,01:43:45,4.676329681131037,4.729700090138323,4.675953001935572,4.700116242646403,100,0,1
2023.05.08,01:43:45,4.6286090320878355,4.6767334071804925,4.576102037453441,4.610295938352862,100,0,1
2023.05.09,01:43:45,4.568442600716906,4.610948011907318,4.522333366144354,4.576379007265901,100,0,1
2023.05.10,01:43:45,4.582863772258624,4.630089558754472,4.542182696741508,4.586628090455049,100,0,1
2023.05.11,01:43:45,4.519394267421375,4.576647195036846,4.485400691196621,4.5261383642681245,100,0,1
2023.05.12,01:43:45,4.596734143342928,4.677298735620313,4.534372042274728,4.548503274001058,100,0,1
2023.05.13,01:43:45,4.601628188796449,4.689515898165357,4.554503370735749,4.635445224765487,100,0,1
2023.05.14,01:43:45,4.619068100437759,4.672173073782133,4.5657022116940515,4.624021624219896,100,0,1
2023.05.15,01:43:45,4.6372898701104255,4.677180307590166,4.611547752630297,4.661913544239498,100,0,1
2023.05.16,01:43:45,4.623658923645419,4.681938138602535,4.573515459664694,4.625193029994771,100,0,1
2023.05.17,01:43:45,4.499096914813651,4.532021353948222,4.427864848647861,4.462127502541054,100,0,1
2023.05.18,01:43:45,4.4924272646708285,4.54859742668311,4.467387939284288,4.508856326879219,100,0,1
2023.05.19,01:43:45,4.6244967239724195,4.65644759418663,4.588763940587244,4.644012465054526,100,0,1
2023.05.20,01:43:45,4.629298318444367,4.70491549657637,4.565166218089175,4.635638124913226,100,0,1
2023.05.21,01:43:45,4.659141767217525,4.719346895528476,4.607705754959921,4.7104628770431125,100,0,1
2023.05.22,01:43:45,4.54000034565315,4.596646365592961,4.462697103875564,4.51224519424354,100,0,1
2023.05.23,01:43:45,4.463459456601337,4.522916506586795,4.420387634833779,4.493573993678978,100,0,1
2023.05.24,01:43:45,4.411670401558499,4.452009856307751,4.370824749935226,4.440056902560279,100,0,1
2023.05.25,01:43:45,4.337829069024331,4.359255776492241,4.291162654615776,4.345634485406904,100,0,1
2023.05.26,01:43:45,4.381107660267609,4.435127297327093,4.277403120710026,4.351601990306582,100,0,1
2023.05.27,01:43:45,4.333936358780124,4.3649431439912885,4.30254162137384,4.3221185213301645,100,0,1
2023.05.28,01:43:45,4.312468550845709,4.312481222329264,4.289219549153007,4.295803946758148,100,0,1
2023.05.29,01:43:45,4.374793097544675,4.419835589088259,4.324690404357897,4.3305990357646555,100,0,1
2023.05.30,01:43:45,4.287783110470348,4.370236012536937,4.240574077843178,4.266246075072952,100,0,1
2023.05.31,01:43:45,4.21246172231347,4.266828080208313,4.1670953844888174,4.244959678625364,100,0,1
2023.06.01,01:43:45,4.189043283726468,4.218576137311485,4.135168803804584,4.174041561997924,100,0,1
2023.06.02,01:43:45,4.135407973786374,4.188891025788863,4.091424968741907,4.136247166965764,100,0,1
2023.06.03,01:43:45,4.2015563333043175,4.264070456191745,4.153301781810984,4.2247611185856835,100,0,1
2023.06.04,01:43:45,4.212774496197891,4.247436588378545,4.151658666916504,4.192762663373972,100,0,1
2023.06.05,01:43:45,4.284777855735919,4.322739284027594,4.257810419118866,4.2662536958347275,100,0,1
2023.06.06,01:43:45,4.233967320929049,4.288714599042881,4.1774128089345,4.245254370442099,100,0,1
2023.06.07,01:43:45,4.176117965274793,4.218856121938958,4.11202240844423,4.20958236376841,100,0,1
2023.06.08,01:43:45,4.168859058168505,4.208865818290718,4.116410921999827,4.120250982430198,100,0,1
2023.06.09,01:43:45,4.289553237303809,4.356261577866311,4.244950704470123,4.287377079779395,100,0,1
2023.06.10,01:43:45,4.304884628719788,4.349763437686343,4.25428387868322,4.265419454211203,100,0,1
2023.06.11,01:43:45,4.317663660664896,4.367117498268191,4.291272682850484,4.3043095425222395,100,0,1
2023.06.12,01:43:45,4.268896450524967,4.328278619072702,4.182952081026772,4.321679443778702,100,0,1
2023.06.13,01:43:45,4.335831740192436,4.392580493516974,4.292782372913153,4.3217702055066285,100,0,1
2023.06.14,01:43:45,4.273041014950991,4.345106043440264,4.25548290620917,4.310192400137931,100,0,1
2023.06.15,01:43:45,4.325847361117222,4.365022230981308,4.2541149780571015,4.258918848961766,100,0,1
2023.06.16,01:43:45,4.396365661024546,4.450269906512145,4.331059261191174,4.440141461296858,100,0,1
2023.06.17,01:43:45,4.422070087790265,4.4948776832619375,4.3577496993213956,4.396720854847506,100,0,1
2023.06.18,01:43:45,4.410356492826683,4.460498569865929,4.33097749687008,4.380793489484054,100,0,1
2023.06.19,01:43:45,4.433920179313675,4.492934886681133,4.396760689601932,4.490385998846548,100,0,1
2023.06.20,01:43:45,4.3896506597299325,4.452136519177848,4.3714097010362405,4.4129344492626466,100,0,1
2023.06.21,01:43:45,4.291918930841281,4.334492297922476,4.234142639028409,4.315682038020957,100,0,1
2023.06.22,01:43:45,4.237079034688153,4.287976793112507,4.1516168901750214,4.170063849030588,100,0,1
2023.06.23,01:43:45,4.309339601984984,4.351188760643193,4.23384561962842,4.285449789933492,100,0,1
2023.06.24,01:43:45,4.315914487922073,4.319145601004109,4.257060064850696,4.2749672655464215,100,0,1
2023.06.25,01:43:45,4.380312972481783,4.422460871781228,4.339707599793011,4.404614420583477,100,0,1
2023.06.26,01:43:45,4.475145573353083,4.520609518900297,4.422780748818028,4.512992019273408,100,0,1
2023.06.27,01:43:45,4.356902282303211,4.400179492219817,4.282354836943689,4.292026636971586,100,0,1
2023.06.28,01:43:45,4.393248044938836,4.448862800669281,4.349047881290575,4.42298973116289,100,0,1
2023.06.29,01:43:45,4.322094735566547,4.376863245977919,4.242327659901665,4.333960883598167,100,0,1
2023.06.30,01:43:45,4.344517449522574,4.380609613283316,4.270732871905869,4.277589772856298,100,0,1
2023.07.01,01:43:45,4.32054082834968,4.375833084299343,4.269529532620149,4.34711538891859,100,0,1
2023.07.02,01:43:45,4.2890117002400725,4.3211514149051755,4.240242162332353,4.294229996426799,100,0,1
2023.07.03,01:43:45,4.333424855972168,4.387140341499177,4.272288940138384,4.301226684780487,100,0,1
2023.07.04,01:43:45,4.2317310493196345,4.320908591245781,4.128746114895839,4.264837199575671,100,0,1
2023.07.05,01:43:45,4.241526637409713,4.263240138328311,4.181654903264727,4.235203730973024,100,0,1
2023.07.06,01:43:45,4.269059134203884,4.357292120719603,4.1980617801582065,4.2265050063787175,100,0,1
2023.07.07,01:43:45,4.240176504073782,4.284927885760913,4.184817193094951,4.27626001783173,100,0,1
2023.07.08,01:43:45,4.2392139861358045,4.2730149395351855,4.21133547515138,4.253510301250273,100,0,1
2023.07.09,01:43:45,4.234977530713307,4.282677300210493,4.173663625110134,4.201199659210615,100,0,1
2023.07.10,01:43:45,4.192963285392061,4.2463157859254546,4.138857092036626,4.149785077621217,100,0,1
2023.07.11,01:43:45,4.243736588961197,4.312629183187893,4.187410156473028,4.2778338501146145,100,0,1
2023.07.12,01:43:45,4.2553040059320395,4.292032227396009,4.210164014272387,4.249458147126831,100,0,1
2023.07.13,01:43:45,4.238023081033862,4.290973947100075,4.193657251680455,4.236877334801167,100,0,1
2023.07.14,01:43:45,4.28570222870384,4.326425118253541,4.2454824289443085,4.255765137177581,100,0,1
2023.07.15,01:43:45,4.168994801838062,4.2342386812198,4.1490798571015635,4.205043488557712,100,0,1
2023.07.16,01:43:45,4.203874348002288,4.241538263577968,4.163642284937887,4.207874356512489,100,0,1
2023.07.17,01:43:45,4.161456623004113,4.212032527475476,4.091613095235556,4.186860333648215,100,0,1
2023.07.18,01:43:45,4.1423020653532365,4.196644080829985,4.088935107885655,4.105820622658743,100,0,1
2023.07.19,01:43:45,4.152846350382218,4.19762017928118,4.117597383286146,4.176142554693461,100,0,1
2023.07.20,01:43:45,4.164376664169846,4.19960359126213,4.094256427197813,4.135000402637937,100,0,1
2023.07.21,01:43:45,4.1949047257308365,4.224766874986103,4.1437417767556095,4.166972353648459,100,0,1
2023.07.22,01:43:45,4.210711996610522,4.248875526027692,4.1685911074291075,4.248828111592584,100,0,1
2023.07.23,01:43:45,4.229074194387851,4.256653677739706,4.173661016530099,4.233223971551626,100,0,1
2023.07.24,01:43:45,4.270637989209565,4.317331714806757,4.217436321064715,4.306369622474559,100,0,1
2023.07.25,01:43:45,4.252167533241342,4.285921991427842,4.221756835568351,4.2703766053298065,100,0,1
2023.07.26,01:43:45,4.2984898860338125,4.363285630138211,4.273023199808924,4.295948713356215,100,0,1
2023.07.27,01:43:45,4.277001555057557,4.306335892256685,4.228755996149593,4.298897378974957,100,0,1
2023.07.28,01:43:45,4.260820015335305,4.334965781272749,4.203887107454201,4.2820511873560365,100,0,1
2023.07.29,01:43:45,4.206008393604624,4.239615481832616,4.174276189660306,4.184230303471695,100,0,1
2023.07.30,01:43:45,4.186263731984131,4.244557965935239,4.12105301055456,4.145587583951262,100,0,1
2023.07.31,01:43:45,4.21877137950964,4.270471683819508,4.163160069361551,4.230475785259779,100,0,1
2023.08.01,01:43:45,4.147166951393118,4.195097168658493,4.1279456123229865,4.167473319208002,100,0,1
2023.08.02,01:43:45,4.168979185183968,4.202688864510965,4.105551553729689,4.134934901653552,100,0,1
2023.08.03,01:43:45,4.144728178033418,4.205214576709462,4.081960863359125,4.144092019244208,100,0,1
2023.08.04,01:43:45,4.151812907116179,4.19753874319318,4.1109381347804845,4.156068440536154,100,0,1
2023.08.05,01:43:45,4.049818498738745,4.10405056010863,3.994231252278326,4.060352195105194,100,0,1
2023.08.06,01:43:45,4.057858313787966,4.080827473941718,3.9909131824903197,4.0071862404436605,100,0,1
2023.08.07,01:43:45,4.1351033872149445,4.162920691968188,4.091665064192991,4.14466545675672,100,0,1
2023.08.08,01:43:45,4.1731162248424765,4.266736592650795,4.097189779915045,4.189739266908657,100,0,1
2023.08.09,01:43:45,4.207354312422706,4.266862991720264,4.166142809698437,4.2070658649811765,100,0,1
2023.08.10,01:43:45,4.170336457097311,4.214867755138297,4.1157075475520974,4.122832153653773,100,0,1
2023.08.11,01:43:45,4.138367832712139,4.157773296931809,4.089299619992842,4.129937928406358,100,0,1
2023.08.12,01:43:45,4.159941268329313,4.204866423562622,4.113456815748771,4.1634222432201415,100,0,1
2023.08.13,01:43:45,4.188319202271909,4.238899910664923,4.129946240226762,4.133709391633009,100,0,1
2023.08.14,01:43:45,4.29004897918717,4.360123078116917,4.254149984190056,4.307862276319783,100,0,1
2023.08.15,01:43:45,4.341002587749196,4.39811349466823,4.3056625815519896,4.338998102041584,100,0,1
2023.08.16,01:43:45,4.28682411298263,4.346516150405553,4.2615133573103785,4.315512948415556,100,0,1
2023.08.17,01:43:45,4.264987349893592,4.324301019786915,4.190991228734832,4.2862831028968795,100,0,1
2023.08.18,01:43:45,4.29402707833512,4.318936403726757,4.24377998662146,4.257931650082401,100,0,1
2023.08.19,01:43:45,4.340006243899617,4.392841320383107,4.293558804071902,4.295250077338741,100,0,1
2023.08.20,01:43:45,4.377101708562721,4.390433148581874,4.356898179734654,4.382764773567426,100,0,1
2023.08.21,01:43:45,4.493603931053469,4.520559660774369,4.452378040990217,4.5125299660476035,100,0,1
2023.08.22,01:43:45,4.461214396165447,4.521587982087889,4.384299590786578,4.429716127481876,100,0,1
2023.08.23,01:43:45,4.540660672040627,4.558634839953102,4.50518122751088,4.5220784135797425,100,0,1
2023.08.24,01:43:45,4.470705367949461,4.4986362267487126,4.4159957326223696,4.481961315543131,100,0,1
2023.08.25,01:43:45,4.528098178395176,4.5446567291448305,4.486845394932476,4.52349159586705,100,0,1
2023.08.26,01:43:45,4.648938123988639,4.693323030992746,4.592258380625062,4.641204720239061,100,0,1
2023.08.27,01:43:45,4.6472998332982645,4.66343378836639,4.625927876162952,4.632574715131722,100,0,1
2023.08.28,01:43:45,4.598103414827311,4.6285970710368805,4.554493691080423,4.56591819537308,100,0,1
2023.08.29,01:43:45,4.638897256989596,4.6730202801695375,4.616731395408244,4.619339298043545,100,0,1
2023.08.30,01:43:45,4.6425728522267855,4.693206335029917,4.585535896881017,4.674873953108689,100,0,1
2023.08.31,01:43:45,4.581585378250868,4.639694620426039,4.5193863454381615,4.522020167224145,100,0,1
2023.09.01,01:43:45,4.669386815201009,4.696533334729272,4.592776742906364,4.630691422000752,100,0,1
2023.09.02,01:43:45,4.643752867808808,4.68050633555569,4.573932016855553,4.667805774436448,100,0,1
2023.09.03,01:43:45,4.653250987756829,4.702874136744328,4.5993747436179335,4.685775607461671,100,0,1
2023.09.04,01:43:45,4.63834599603562,4.660965204394928,4.583697510799184,4.616675949177385,100,0,1
2023.09.05,01:43:45,4.633862238200252,4.691874292459858,4.604825436903012,4.658537346770145,100,0,1
2023.09.06,01:43:45,4.644945395501688,4.701425804776565,4.588425280163874,4.632933434226318,100,0,1
2023.09.07,01:43:45,4.627522536036692,4.675312719476914,4.580375455594014,4.616353206922094,100,0,1
2023.09.08,01:43:45,4.667870870445703,4.751276343759146,4.619409832116332,4.621186701499081,100,0,1
2023.09.09,01:43:45,4.67075779329446,4.703617102336277,4.615220058839595,4.627983591338024,100,0,1
2023.09.10,01:43:45,4.748118065155428,4.814671129609175,4.721779958781098,4.7291973188777074,100,0,1
2023.09.11,01:43:45,4.656242408023796,4.707845289757428,4.6288749476316955,4.630272012546949,100,0,1
2023.09.12,01:43:45,4.6461813085505455,4.6964709852672115,4.587431688971002,4.63600008163945,100,0,1
2023.09.13,01:43:45,4.710381191249687,4.779703713624427,4.640757517075918,4.654976381152553,100,0,1
2023.09.14,01:43:45,4.717435934293814,4.743356071164063,4.666399721365116,4.735543552748083,100,0,1
2023.09.15,01:43:45,4.774274241871498,4.7988306230162925,4.684090278710221,4.785822116974754,100,0,1
2023.09.16,01:43:45,4.765142214897482,4.827113413833856,4.692733909624291,4.750352712006928,100,0,1
2023.09.17,01:43:45,4.8140521505224845,4.871319880946759,4.73881642423698,4.776590185340874,100,0,1
2023.09.18,01:43:45,4.86455596342596,4.91001058851399,4.788233560820494,4.807859933883362,100,0,1
2023.09.19,01:43:45,4.790148331089927,4.8175871463340165,4.763202429520495,4.800424599166772,100,0,1
2023.09.20,01:43:45,4.813362624580983,4.848889570133443,4.765530201448528,4.825250148148401,100,0,1
2023.09.21,01:43:45,4.8767926563896715,4.938156639221454,4.832825735466562,4.843065645470144,100,0,1
2023.09.22,01:43:45,4.908212450076063,4.980152151402305,4.86566739657921,4.924599880093616,100,0,1
2023.09.23,01:43:45,4.850507539407014,4.896174508706084,4.786584643369646,4.868376822462527,100,0,1
2023.09.24,01:43:45,4.8173583317908655,4.860789995487881,4.763461796446866,4.821604764937003,100,0,1
2023.09.25,01:43:45,4.881467358891919,4.937542289853288,4.82312223755424,4.863179989985131,100,0,1
2023.09.26,01:43:45,4.791412714015315,4.800566170425403,4.720994851861453,4.791531031007396,100,0,1
2023.09.27,01:43:45,4.771114739701433,4.809226508877979,4.740870570748786,4.772016354178344,100,0,1
2023.09.28,01:43:45,4.794223927647802,4.837811075518578,4.747347212367093,4.781370184772066,100,0,1
2023.09.29,01:43:45,4.764143437202546,4.81250755364285,4.693465866814332,4.725603908804657,100,0,1
2023.09.30,01:43:45,4.813323576710235,4.859337785272087,4.7642355998552315,4.795582689222747,100,0,1
2023.10.01,01:43:45,4.77727790088365,4.813893787659018,4.734094586128415,4.779084377122553,100,0,1
2023.10.02,01:43:45,4.779880308208157,4.820211929653586,4.749151118577409,4.8128035676528125,100,0,1
2023.10.03,01:43:45,4.867260993679049,4.926266483428948,4.806971633239536,4.841454126173753,100,0,1
2023.10.04,01:43:45,4.825044570143935,4.89393724485158,4.8054235947050215,4.892354795325929,100,0,1
2023.10.05,01:43:45,4.862984048470916,4.912434386035177,4.769344698482272,4.8543600924813,100,0,1
2023.10.06,01:43:45,4.85133808593159,4.89679466257202,4.81427913091426,4.846365884478641,100,0,1
2023.10.07,01:43:45,4.865118059577553,4.903984281751053,4.802539159990072,4.825442156771646,100,0,1
2023.10.08,01:43:45,4.818542713873117,4.881806378202967,4.752058203782159,4.794907404613363,100,0,1
2023.10.09,01:43:45,4.848327201594081,4.880608839685726,4.791237730401507,4.829258604949879,100,0,1
2023.10.10,01:43:45,4.865448595448378,4.895324303408571,4.826046522201287,4.857334717787831,100,0,1
2023.10.11,01:43:45,4.901916485196985,4.932053171073339,4.864031169080741,4.9124896543180805,100,0,1
2023.10.12,01:43:45,4.806099463042217,4.898943798724836,4.757777707181698,4.833104516800958,100,0,1
2023.10.13,01:43:45,4.790030330515374,4.832613856851479,4.769450332300079,4.824088289760226,100,0,1
2023.10.14,01:43:45,4.775045721026972,4.832680493923702,4.725708807019229,4.775020685859734,100,0,1
2023.10.15,01:43:45,4.799768073406125,4.8684164246286405,4.775855923699527,4.808869030408898,100,0,1
2023.10.16,01:43:45,4.8030314262665925,4.88165555297189,4.779832342378178,4.815597670983257,100,0,1
2023.10.17,01:43:45,4.80718063418959,4.840649704016043,4.777242670911177,4.816269029630288,100,0,1
2023.10.18,01:43:45,4.790353261560601,4.835498872664937,4.729237009196474,4.794170913093324,100,0,1
2023.10.19,01:43:45,4.80585643408088,4.841879196979499,4.720236520367301,4.7855958632057485,100,0,1
2023.10.20,01:43:45,4.779628667396407,4.8151874503628616,4.705149031981302,4.801513730222467,100,0,1
2023.10.21,01:43:45,4.802782480337778,4.833856158225266,4.777943610628867,4.783491731682329,100,0,1
2023.10.22,01:43:45,4.8022336818147515,4.843466618858551,4.7468698541285095,4.825991704092043,100,0,1
2023.10.23,01:43:45,4.86427686806737,4.919620094676544,4.820600796245197,4.912817783054542,100,0,1
2023.10.24,01:43:45,4.863171731348745,4.93503546475955,4.813230560720248,4.930510334243499,100,0,1
2023.10.25,01:43:45,4.886623790634376,4.94165179185018,4.838732366906546,4.856416490516787,100,0,1
2023.10.26,01:43:45,4.984633004955274,5.0414559148788705,4.967373093305147,5.011871443508757,100,0,1
2023.10.27,01:43:45,4.950165987713933,4.95244477421012,4.912823449876109,4.921426392185382,100,0,1
2023.10.28,01:43:45,4.881742318112912,4.921029263148698,4.847516099055595,4.8612232284003305,100,0,1
2023.10.29,01:43:45,4.879576066392863,4.932391385761922,4.842976403429474,4.8913305010569905,100,0,1
2023.10.30,01:43:45,4.901539015492063,4.964750260089651,4.845680196400586,4.909146314990557,100,0,1
2023.10.31,01:43:45,4.872012668207204,4.910852823642102,4.842692892688699,4.878783537909545,100,0,1
2023.11.01,01:43:45,4.791990841557902,4.849276119495697,4.748708983140375,4.813085133850775,100,0,1
2023.11.02,01:43:45,4.772168224123794,4.863824979967035,4.720808476559896,4.819591699020052,100,0,1
2023.11.03,01:43:45,4.695375013722753,4.739373224917855,4.635778727998231,4.653237655378384,100,0,1
2023.11.04,01:43:45,4.706949021320774,4.768548274520601,4.6581128916295516,4.737366716589144,100,0,1
2023.11.05,01:43:45,4.72701241323672,4.762232716749044,4.7026003076784155,4.719308090864571,100,0,1
2023.11.06,01:43:45,4.680643316388476,4.6836963296387415,4.614126623600242,4.651334158534663,100,0,1
2023.11.07,01:43:45,4.645996891176837,4.709780026582235,4.605064758447403,4.654886883743381,100,0,1
2023.11.08,01:43:45,4.6389889779571485,4.71486278610325,4.5595521413878135,4.610521278690452,100,0,1
2023.11.09,01:43:45,4.64266405537139,4.678958444526404,4.597597050306481,4.623887447416173,100,0,1
2023.11.10,01:43:45,4.587866331788821,4.642683509721896,4.585096007039019,4.622278345329448,100,0,1
2023.11.11,01:43:45,4.594692264935971,4.598607828029058,4.539976319688088,4.5462338104278235,100,0,1
2023.11.12,01:43:45,4.633864689282745,4.70040553401854,4.597775678778964,4.6110961153275545,100,0,1
2023.11.13,01:43:45,4.650183261975698,4.659579672617065,4.579313871832899,4.627908606937199,100,0,1
2023.11.14,01:43:45,4.6224592801604985,4.66709138354388,4.592911177244605,4.609107363015344,100,0,1
2023.11.15,01:43:45,4.594170775095188,4.6531927903266945,4.54119481938082,4.609557012434727,100,0,1
2023.11.16,01:43:45,4.595619296769144,4.680245623396761,4.5344389650342265,4.601724045454893,100,0,1
2023.11.17,01:43:45,4.555732096834164,4.599608022334521,4.498484003162622,4.521958656628487,100,0,1
2023.11.18,01:43:45,4.485731982460098,4.544891310417945,4.454464650660672,4.517602447180408,100,0,1
2023.11.19,01:43:45,4.434169546281074,4.502268181113283,4.364704966821216,4.441163776047959,100,0,1
2023.11.20,01:43:45,4.398165223129697,4.463973344087965,4.356300958961589,4.407514572541124,100,0,1
2023.11.21,01:43:45,4.417506277589723,4.472451189984676,4.3522920623527135,4.436843078111183,100,0,1
2023.11.22,01:43:45,4.31656205318318,4.345789460198336,4.240929203937772,4.258664099295932,100,0,1
2023.11.23,01:43:45,4.392076159641052,4.45786626435512,4.330958812782196,4.379809233202319,100,0,1
2023.11.24,01:43:45,4.293873143463978,4.357662334644222,4.219929689626066,4.263979527651201,100,0,1
2023.11.25,01:43:45,4.279267008007484,4.3309244451268984,4.206981125273606,4.323228375331183,100,0,1
2023.11.26,01:43:45,4.299075519981148,4.364152680000672,4.2474602319452135,4.342151248051552,100,0,1
2023.11.27,01:43:45,4.338414261124535,4.41100676792692,4.310149608645042,4.40095332806233,100,0,1
2023.11.28,01:43:45,4.342997440301538,4.372624188431895,4.293192683668335,4.343034222508053,100,0,1
2023.11.29,01:43:45,4.388618643402586,4.42927007361467,4.337851950416276,4.39410809622066,100,0,1
2023.11.30,01:43:45,4.3443473197457125,4.357032220000531,4.2965028958521,4.32935408295543,100,0,1
2023.12.01,01:43:45,4.321279538445016,4.384985074777221,4.300942688550717,4.3377932221041,100,0,1
2023.12.02,01:43:45,4.3169657816096585,4.352266547373041,4.263614448702274,4.273354792656005,100,0,1
2023.12.03,01:43:45,4.233481814583444,4.272225262921492,4.183879856608305,4.221714148365848,100,0,1
2023.12.04,01:43:45,4.3034838065369625,4.339956976952654,4.278563124333175,4.283529679459694,100,0,1
2023.12.05,01:43:45,4.236228367857412,4.283864707426462,4.142369734657506,4.227419354405978,100,0,1
2023.12.06,01:43:45,4.254470693919011,4.321271614491129,4.182307441250711,4.26185360416048,100,0,1
2023.12.07,01:43:45,4.28949754191067,4.3449730126723765,4.231137479468581,4.317741733046235,100,0,1
2023.12.08,01:43:45,4.231477201753564,4.274640312444548,4.175006146260419,4.226339328163411,100,0,1
2023.12.09,01:43:45,4.270991007595409,4.3244838875788885,4.220291789039719,4.252400069017435,100,0,1
2023.12.10,01:43:45,4.370477404412533,4.378591529987604,4.336375901269119,4.376819481050935,100,0,1
2023.12.11,01:43:45,4.406635263923491,4.457349576696583,4.362435906403756,4.413019957929671,100,0,1
2023.12.12,01:43:45,4.377426067049474,4.448386389784568,4.307197422905812,4.383578214067432,100,0,1
2023.12.13,01:43:45,4.360865694675453,4.399967787169947,4.305748538971107,4.352543885146264,100,0,1
2023.12.14,01:43:45,4.4290747812831945,4.479816141879914,4.3834366664339175,4.449409106691178,100,0,1
2023.12.15,01:43:45,4.4373312872196085,4.479653473410745,4.422750209879882,4.447210250906031,100,0,1
2023.12.16,01:43:45,4.458222512970105,4.4884119038722385,4.3945137148214615,4.420243015948971,100,0,1
2023.12.17,01:43:45,4.343580709799697,4.3799502166715065,4.265027704741968,4.274074541033361,100,0,1
2023.12.18,01:43:45,4.3654339132872675,4.37686196852384,4.28680962327419,4.371186436538782,100,0,1
2023.12.19,01:43:45,4.3222948953387785,4.350634563058558,4.31026420740256,4.328592201739087,100,0,1
2023.12.20,01:43:45,4.356933993690782,4.407281760564565,4.283349423956451,4.393862407840581,100,0,1
2023.12.21,01:43:45,4.252642876032896,4.3365150786129725,4.196020607512764,4.3085017865114015,100,0,1
2023.12.22,01:43:45,4.282918300793896,4.337895583906805,4.224093534047342,4.233544829365487,100,0,1
2023.12.23,01:43:45,4.2855661788859,4.338494387241675,4.242387861820149,4.273773783462594,100,0,1
2023.12.24,01:43:45,4.306221529346914,4.358241428595029,4.282786874804866,4.288688401355152,100,0,1
2023.12.25,01:43:45,4.241453613627014,4.281381692616965,4.227275321514821,4.26145811816411,100,0,1
2023.12.26,01:43:45,4.272960332049987,4.30663499377573,4.265568007163486,4.267941864221515,100,0,1
2023.12.27,01:43:45,4.250744199647274,4.293411248678225,4.214284895183331,4.266593346812647,100,0,1
2023.12.28,01:43:45,4.2872112490165595,4.341504565763494,4.245462783185667,4.249794992837467,100,0,1
2023.12.29,01:43:45,4.296382970968463,4.360001578505721,4.220408401637075,4.344524296322939,100,0,1
2023.12.30,01:43:45,4.282085698445175,4.333777219081585,4.239462757016694,4.282635722705763,100,0,1
2023.12.31,01:43:45,4.241729447373607,4.276688276245333,4.144504407153466,4.234956141266711,100,0,1
2024.01.01,01:43:45,4.208516225635708,4.233343814123349,4.126786568236592,4.173829995769043,100,0,1
2024.01.02,01:43:45,4.330077029110087,4.388556575511376,4.312191936789307,4.318368735676053,100,0,1
2024.01.03,01:43:45,4.367624301900271,4.420449621347672,4.3340427189373365,4.356978540991789,100,0,1
2024.01.04,01:43:45,4.4227107298688555,4.458826630269311,4.38225025236442,4.426802588963925,100,0,1
2024.01.05,01:43:45,4.452057961663524,4.452668359387849,4.4013340942217045,4.414050455070059,100,0,1
2024.01.06,01:43:45,4.461328704066434,4.492088943061901,4.399317717767524,4.444942725688126,100,0,1
2024.01.07,01:43:45,4.43694288680931,4.508698331758195,4.386097106141298,4.430543571675766,100,0,1
2024.01.08,01:43:45,4.345080094370465,4.349401690543403,4.316396802092983,4.318386702871599,100,0,1
2024.01.09,01:43:45,4.322992232922311,4.362871131504894,4.2821336335335864,4.317030925807745,100,0,1
2024.01.10,01:43:45,4.247073055430187,4.286942586532382,4.165751242644307,4.1762709213227405,100,0,1
2024.01.11,01:43:45,4.132901327532103,4.190422346692913,4.0923754001048955,4.146165271918084,100,0,1
2024.01.12,01:43:45,4.208870261851235,4.259685091597195,4.166664085626095,4.235559447263022,100,0,1
2024.01.13,01:43:45,4.190167341981833,4.245288044133505,4.119847826324027,4.129091642076614,100,0,1
2024.01.14,01:43:45,4.159853238934123,4.2015983559204315,4.131785855479712,4.145805659094901,100,0,1
2024.01.15,01:43:45,4.122601352157079,4.145885431939302,4.047745606379167,4.119905864536961,100,0,1
2024.01.16,01:43:45,4.034237291310602,4.061664000013233,3.9807113618957852,4.057029703367506,100,0,1
2024.01.17,01:43:45,4.048265009173024,4.095019219062956,4.00208205933262,4.088160009569775,100,0,1
2024.01.18,01:43:45,4.071717229657612,4.11515755722932,3.966383349210304,4.088333593157864,100,0,1
2024.01.19,01:43:45,4.165979862319032,4.223193912426439,4.129957532330298,4.1842211015083475,100,0,1
2024.01.20,01:43:45,4.188802425402446,4.249129628418399,4.143255705443561,4.158843146924615,100,0,1
2024.01.21,01:43:45,4.303304758620546,4.359211625052249,4.249606764046261,4.25179773060376,100,0,1
2024.01.22,01:43:45,4.263163115335336,4.30866747635539,4.190634774246082,4.247851776225123,100,0,1
2024.01.23,01:43:45,4.336487577498986,4.422122640849218,4.281053663470193,4.346638369885637,100,0,1
2024.01.24,01:43:45,4.381586118108009,4.449137708024564,4.334539771622252,4.429350375307102,100,0,1
2024.01.25,01:43:45,4.43798271805051,4.497561791443955,4.380198047922917,4.446162587191248,100,0,1
2024.01.26,01:43:45,4.427517641931593,4.442224300316977,4.365214475905602,4.418567893710387,100,0,1
2024.01.27,01:43:45,4.3791716573605886,4.435126333087911,4.352961690238651,4.376300130457525,100,0,1
2024.01.28,01:43:45,4.43967191463343,4.49713378138888,4.380454415565891,4.412246899812231,100,0,1
2024.01.29,01:43:45,4.46054246214491,4.530945823297421,4.394507143192982,4.508456607015584,100,0,1
2024.01.30,01:43:45,4.452901739446905,4.507925804318693,4.3622306936965565,4.449222070367267,100,0,1
2024.01.31,01:43:45,4.453293278893161,4.477851059183575,4.413242957872249,4.431502840619308,100,0,1
2024.02.01,01:43:45,4.481027177866337,4.557778160337377,4.440890576212526,4.514151618750282,100,0,1
2024.02.02,01:43:45,4.408066479489851,4.460242580042079,4.392427501800992,4.452977291184617,100,0,1
2024.02.03,01:43:45,4.542880448671992,4.6196534308953945,4.526070945211416,4.602131850901182,100,0,1
2024.02.04,01:43:45,4.501356263020105,4.545997653647837,4.430655469946396,4.518819113721455,100,0,1
2024.02.05,01:43:45,4.502463622188413,4.555468761419664,4.45185891012169,4.55189621932401,100,0,1
2024.02.06,01:43:45,4.572191730839728,4.62592714479184,4.514071025645048,4.573422491672933,100,0,1
2024.02.07,01:43:45,4.455508744208696,4.496743927467555,4.423551878063098,4.449867415585285,100,0,1
2024.02.08,01:43:45,4.498729996740736,4.5543663737813285,4.442332211674626,4.464272756741197,100,0,1
2024.02.09,01:43:45,4.446159960488077,4.5070004425989145,4.365118241264506,4.467329006552179,100,0,1
2024.02.10,01:43:45,4.357439808431078,4.378559625371539,4.308945986230146,4.362888559556016,100,0,1
2024.02.11,01:43:45,4.321973794797698,4.3857311417853895,4.274484587200914,4.367187837499831,100,0,1
2024.02.12,01:43:45,4.355290695672339,4.365568369506569,4.345187758250594,4.357439681782049,100,0,1
2024.02.13,01:43:45,4.266157781498193,4.29984328206673,4.201158460095916,4.28603995581894,100,0,1
2024.02.14,01:43:45,4.308091929996789,4.335806824889281,4.249089985509392,4.280591780152413,100,0,1
2024.02.15,01:43:45,4.293671920836693,4.348010290025166,4.265475587292624,4.288563295271599,100,0,1
2024.02.16,01:43:45,4.362037698339187,4.414854903472325,4.3076802119718485,4.357098325215997,100,0,1
2024.02.17,01:43:45,4.318943569765866,4.380938121944911,4.272096050250241,4.277596908270523,100,0,1
2024.02.18,01:43:45,4.2722007401245685,4.322920372774304,4.228377057321113,4.304234077470661,100,0,1
2024.02.19,01:43:45,4.319378359299083,4.374203689229783,4.277655259018557,4.29511307453006,100,0,1
2024.02.20,01:43:45,4.322535693641629,4.3735999454348695,4.281774271505742,4.353257401876237,100,0,1
2024.02.21,01:43:45,4.293521787276541,4.351121017932473,4.240580987197051,4.323419410210623,100,0,1
2024.02.22,01:43:45,4.303867390582879,4.353461702876612,4.245250498024299,4.264921672404186,100,0,1
2024.02.23,01:43:45,4.290141667325331,4.322748261139488,4.224470011437843,4.227081866141432,100,0,1
2024.02.24,01:43:45,4.266527465669855,4.3430120623576,4.223325028800716,4.285968953729576,100,0,1
2024.02.25,01:43:45,4.229220389904802,4.2711475301691015,4.158954123796697,4.174504804686387,100,0,1
2024.02.26,01:43:45,4.226497542421398,4.311058743854872,4.1922282181689,4.1954369719617235,100,0,1
2024.02.27,01:43:45,4.315283549661575,4.366898507885166,4.248417311001491,4.361612072841339,100,0,1
2024.02.28,01:43:45,4.374336269874658,4.385817436128888,4.2881169189832145,4.305060771353713,100,0,1
2024.02.29,01:43:45,4.292897318005002,4.367961083982882,4.236239710650763,4.276214935379898,100,0,1
2024.03.01,01:43:45,4.392805122466972,4.451797690884618,4.338563911133147,4.443269282952628,100,0,1
2024.03.02,01:43:45,4.394759193892021,4.442934262979393,4.34034130493526,4.381366908844299,100,0,1
2024.03.03,01:43:45,4.377461957358262,4.427986319329503,4.344762915868641,4.384637186104062,100,0,1
2024.03.04,01:43:45,4.431489358501247,4.470408342456986,4.400293922275771,4.407881909223401,100,0,1
2024.03.05,01:43:45,4.422963575883861,4.45836251925453,4.400909452576576,4.427163267002369,100,0,1
2024.03.06,01:43:45,4.440936761507793,4.499797753735947,4.369247302638155,4.449740318429344,100,0,1
2024.03.07,01:43:45,4.301163472728986,4.394285963061212,4.243413164262676,4.34240610062374,100,0,1
2024.03.08,01:43:45,4.276819047445448,4.306986100893563,4.176295568312017,4.24662485465708,100,0,1
2024.03.09,01:43:45,4.265349504894678,4.303645195321039,4.211142985131293,4.258827053717741,100,0,1
2024.03.10,01:43:45,4.239049131120124,4.281919120522257,4.20010867918425,4.221578489688077,100,0,1
2024.03.11,01:43:45,4.148607304628226,4.198596173655954,4.093033135836896,4.094107049193958,100,0,1
2024.03.12,01:43:45,4.129160387286507,4.1527906770802865,4.09097645731924,4.109699314797691,100,0,1
2024.03.13,01:43:45,4.186105946209605,4.201045433232107,4.101229917183802,4.176239476170369,100,0,1
2024.03.14,01:43:45,4.143051580681482,4.18416623979578,4.106877108244592,4.1139537658697956,100,0,1
2024.03.15,01:43:45,4.079619241522527,4.155427516309681,4.013100039080998,4.028718920159843,100,0,1
2024.03.16,01:43:45,4.101241795894415,4.167824883300384,4.0629384964878446,4.073526664336399,100,0,1
2024.03.17,01:43:45,4.091341383735062,4.157308323121317,4.0242158132703,4.036600687017932,100,0,1
2024.03.18,01:43:45,4.109887827506922,4.186186700314145,4.048928606084784,4.1474932652691985,100,0,1
2024.03.19,01:43:45,4.092010015227999,4.140865378150519,4.034296167649549,4.0479914370816825,100,0,1
2024.03.20,01:43:45,4.105511176403382,4.138462617836006,4.064773619937857,4.1006867491083545,100,0,1
2024.03.21,01:43:45,4.067962020848859,4.150698479791722,4.011914957386133,4.12677236573422,100,0,1
2024.03.22,01:43:45,4.011947631806028,4.021077574843021,4.0089587883490925,4.0177980105979865,100,0,1
2024.03.23,01:43:45,4.069414601532368,4.106582929694763,4.021046847568686,4.0303212852134696,100,0,1
2024.03.24,01:43:45,4.003899468915117,4.08535652210212,3.944022100167518,3.960376370593097,100,0,1
2024.03.25,01:43:45,4.032605925919876,4.071233564934365,4.013307131515434,4.045980614278266,100,0,1
2024.03.26,01:43:45,3.9902020711429653,4.055946194927605,3.9314468843655357,3.981740758306423,100,0,1
2024.03.27,01:43:45,4.015465121146068,4.063854704138609,3.9652039058859305,4.0503577047006365,100,0,1
2024.03.28,01:43:45,3.99331887267761,4.037583292989726,3.952919380098838,4.009140895525088,100,0,1
2024.03.29,01:43:45,3.970241431201843,4.015774200995816,3.9625761608401158,3.9946655783757494,100,0,1
2024.03.30,01:43:45,4.003496892782333,4.021472964926097,3.9576195330731947,3.9977404519437183,100,0,1
2024.03.31,01:43:45,3.902264191821562,3.9341513676761624,3.8210343572217202,3.8532071550003906,100,0,1
2024.04.01,01:43:45,3.9588052266278506,4.0035413353836535,3.928123604780987,3.950501216282659,100,0,1
2024.04.02,01:43:45,3.998990935684038,4.0248044886167875,3.915540185461356,4.017913307583895,100,0,1
2024.04.03,01:43:45,4.055519323837917,4.089006923095187,3.989890013475048,4.020440582799201,100,0,1
2024.04.04,01:43:45,4.033981923138799,4.088157446406562,3.978025117749744,3.9967965221470285,100,0,1
2024.04.05,01:43:45,4.0198738103429426,4.081629902923433,3.958784477803461,3.996946001203702,100,0,1
2024.04.06,01:43:45,4.023258642152109,4.07199933840311,3.95002739323247,4.010705059069665,100,0,1
2024.04.07,01:43:45,4.0949291274774895,4.1378425706224835,4.041522103581141,4.073953145843146,100,0,1
2024.04.08,01:43:45,4.091772201776522,4.110082410864503,4.036161886361561,4.044590947221504,100,0,1
2024.04.09,01:43:45,4.055973874212905,4.0647192529078975,3.9861361106975863,4.0561691203342445,100,0,1
2024.04.10,01:43:45,4.039369601484232,4.064110250049015,3.980542514367407,3.982015361585943,100,0,1
2024.04.11,01:43:45,4.023906005615485,4.097298031192354,3.983281403770626,4.0802014235157875,100,0,1
2024.04.12,01:43:45,4.021942412098315,4.07923422581349,3.952904426142373,3.998113813468174,100,0,1
2024.04.13,01:43:45,3.917133798248383,3.945299482197871,3.866280237504548,3.8990871915848078,100,0,1
2024.04.14,01:43:45,3.8479707918640202,3.8731200894274607,3.818600453320526,3.822918314502141,100,0,1
2024.04.15,01:43:45,3.8890009425059335,3.9620704653166983,3.8549637541092134,3.882724893647991,100,0,1
2024.04.16,01:43:45,3.894368392758945,3.978907970954728,3.826617288356829,3.977887455977774,100,0,1
2024.04.17,01:43:45,3.9141735308038577,3.9572990485134323,3.8737588445979565,3.923764011186332,100,0,1
2024.04.18,01:43:45,3.876922230444892,3.9368522814182056,3.803979332280821,3.82908448695289,100,0,1
2024.04.19,01:43:45,3.8686224180933393,3.91222040241402,3.8240202195013095,3.833789703040714,100,0,1
2024.04.20,01:43:45,3.794703991466202,3.845557443557368,3.7544053443485064,3.8312698801425618,100,0,1
2024.04.21,01:43:45,3.7859022245681175,3.861849215880347,3.7305784675503157,3.82750662574225,100,0,1
2024.04.22,01:43:45,3.814608237209823,3.8780070756154137,3.773929400215275,3.7755157922446325,100,0,1
2024.04.23,01:43:45,3.7887977585253716,3.831858213968864,3.767044116681635,3.7762717651121664,100,0,1
2024.04.24,01:43:45,3.8607873610661376,3.9025895708918927,3.7957020903690455,3.895590156759273,100,0,1
2024.04.25,01:43:45,3.7881770043588943,3.8397412686566508,3.75072188924071,3.8309553825377987,100,0,1
2024.04.26,01:43:45,3.8160715838549355,3.8622583908582877,3.766025777076156,3.78462168785901,100,0,1
2024.04.27,01:43:45,3.8866348960194292,3.9392171951055506,3.8478886631607128,3.858082902169693,100,0,1
2024.04.28,01:43:45,3.9096585820804965,3.945434595529751,3.881895276418435,3.9162119104723203,100,0,1
2024.04.29,01:43:45,3.900489903917435,3.9563004066987877,3.8286003877538457,3.850900972118299,100,0,1
2024.04.30,01:43:45,4.018293667986498,4.056043768408377,3.967267927844803,3.9790973059891543,100,0,1
2024.05.01,01:43:45,4.0334828908042875,4.08345898312239,3.9764489373229686,4.020895096822583,100,0,1
2024.05.02,01:43:45,4.06588802177502,4.12563436765748,4.008700570738364,4.1123363015097185,100,0,1
2024.05.03,01:43:45,4.140127539547239,4.213027337734104,4.113274957193542,4.141481518922218,100,0,1
2024.05.04,01:43:45,4.116234739727089,4.182317240115024,4.032747473913664,4.074020380434976,100,0,1
2024.05.05,01:43:45,4.139332210583715,4.194713374105375,4.116827209681089,4.143711847666146,100,0,1
2024.05.06,01:43:45,4.140245723120066,4.185278744681986,4.085340325555321,4.167450832025185,100,0,1
2024.05.07,01:43:45,4.184057275850264,4.246809918519091,4.115962674409092,4.153403471781622,100,0,1
2024.05.08,01:43:45,4.209016163103319,4.253094379848513,4.139552962088674,4.1749634002858205,100,0,1
2024.05.09,01:43:45,4.254934339324491,4.334695683511842,4.2155919808819755,4.230317118964765,100,0,1
2024.05.10,01:43:45,4.237615410075549,4.274433615776977,4.182341552466104,4.191006032568883,100,0,1
2024.05.11,01:43:45,4.22311564372243,4.252593382808873,4.148316035031924,4.249427306672837,100,0,1
2024.05.12,01:43:45,4.2747185193060755,4.3434473188083125,4.230730137362574,4.343307866531841,100,0,1
2024.05.13,01:43:45,4.246917159467884,4.3188812446887646,4.2173228642444025,4.243705276908559,100,0,1
2024.05.14,01:43:45,4.227674444478081,4.2839338418329485,4.164845549847308,4.166141737784353,100,0,1
2024.05.15,01:43:45,4.2617122843890405,4.343840325679371,4.204116020373291,4.229626529646926,100,0,1
2024.05.16,01:43:45,4.2512236401224275,4.304060075656277,4.217929204443028,4.244450996964606,100,0,1
2024.05.17,01:43:45,4.265408058862153,4.270882292615968,4.220594005003261,4.253546081194467,100,0,1
2024.05.18,01:43:45,4.215340164217868,4.277948884456208,4.147998308152078,4.229840394454309,100,0,1
2024.05.19,01:43:45,4.199057592085587,4.2338148751858045,4.13921073928671,4.176269726716809,100,0,1
2024.05.20,01:43:45,4.17739464530104,4.211014314179714,4.148017015391039,4.205539793257518,100,0,1
2024.05.21,01:43:45,4.222553503676792,4.272550140918026,4.210386717070482,4.265620673500889,100,0,1
2024.05.22,01:43:45,4.175518972331873,4.233850902358776,4.12730371456344,4.155355803926323,100,0,1
2024.05.23,01:43:45,4.171465939947349,4.2219788365295186,4.1020738326274,4.162463722838441,100,0,1
2024.05.24,01:43:45,4.175640870494927,4.23943018492317,4.1146385819259255,4.147531633493133,100,0,1
2024.05.25,01:43:45,4.284574081589775,4.315516726236367,4.262820150420059,4.288037715988064,100,0,1
2024.05.26,01:43:45,4.385081289235353,4.442916659929687,4.305947898834193,4.342828098487796,100,0,1
2024.05.27,01:43:45,4.359567473691518,4.378972972062016,4.297986170585471,4.3420558596619285,100,0,1
2024.05.28,01:43:45,4.324491548780453,4.363964131487898,4.292400288830514,4.301497355932581,100,0,1
2024.05.29,01:43:45,4.3153825298040696,4.343998114624604,4.254861992389332,4.33850863136098,100,0,1
2024.05.30,01:43:45,4.331646272774723,4.350849961522462,4.25826967358462,4.288070349554105,100,0,1
2024.05.31,01:43:45,4.282568730267698,4.328514897070182,4.226043839644496,4.298752427170659,100,0,1
2024.06.01,01:43:45,4.3289905751688975,4.385482974340753,4.278654253284306,4.311814086123049,100,0,1
2024.06.02,01:43:45,4.2267379354032055,4.288620482204496,4.181935765299532,4.2504675940489,100,0,1
2024.06.03,01:43:45,4.273197897007522,4.315367880726229,4.197934803672022,4.266951179188632,100,0,1
2024.06.04,01:43:45,4.234243320721203,4.282928283359237,4.169879694817073,4.2657782207737,100,0,1
2024.06.05,01:43:45,4.119443443513995,4.1617416240217455,4.078937430487819,4.161161577023192,100,0,1
2024.06.06,01:43:45,4.159221079516176,4.215070300901511,4.134778290278514,4.165089550695244,100,0,1
2024.06.07,01:43:45,4.260574340873268,4.3099305568198245,4.203742617704037,4.219034979190323,100,0,1
2024.06.08,01:43:45,4.180319038261743,4.250868512796108,4.108645909348437,4.144689227399563,100,0,1
2024.06.09,01:43:45,4.117233797981915,4.173136528764474,4.06572321341253,4.1726569031058505,100,0,1
2024.06.10,01:43:45,4.052569055631842,4.096483272743292,3.992718632643805,4.028326799587567,100,0,1
2024.06.11,01:43:45,4.137042799625511,4.166470184617342,4.092937238871666,4.129284041741183,100,0,1
2024.06.12,01:43:45,4.10598450240599,4.136917729986866,4.034895154221427,4.104411319493907,100,0,1
2024.06.13,01:43:45,4.058675303589934,4.111953860461078,4.000738564703154,4.034036807412601,100,0,1
2024.06.14,01:43:45,4.142842320018856,4.177420562082297,4.086542112520953,4.104297633354322,100,0,1
2024.06.15,01:43:45,4.132459684640998,4.170560542934655,4.060174192518026,4.166635522184072,100,0,1
2024.06.16,01:43:45,4.092985496841262,4.18845944375153,4.042265642230245,4.107710485857318,100,0,1
2024.06.17,01:43:45,4.128213377303857,4.181310643943556,4.038493647946629,4.118520201021722,100,0,1
2024.06.18,01:43:45,4.096453684131565,4.147701060054976,4.052009481665115,4.054686199226926,100,0,1
2024.06.19,01:43:45,4.029397856434218,4.073696266737187,3.9431280250131495,3.9658827102647174,100,0,1
2024.06.20,01:43:45,4.097783184886942,4.126728512052449,4.0380718854190745,4.057196769891643,100,0,1
2024.06.21,01:43:45,4.116730465115014,4.210310067312996,4.0846594812215855,4.195987661849216,100,0,1
2024.06.22,01:43:45,4.165099200847283,4.2236676365032855,4.16149953879704,4.186897034866254,100,0,1
2024.06.23,01:43:45,4.158766585706039,4.1604647288677015,4.102366532738589,4.103809731753143,100,0,1
2024.06.24,01:43:45,4.17733910579289,4.224307570166411,4.097686269111078,4.129606439723091,100,0,1
2024.06.25,01:43:45,4.243598692805374,4.310819007424493,4.178627236609651,4.224285633900067,100,0,1
2024.06.26,01:43:45,4.2180189336081755,4.294425698982062,4.159968079016259,4.2592510192268875,100,0,1
2024.06.27,01:43:45,4.184314425509837,4.2596502007382995,4.105419004297295,4.1357321436488945,100,0,1
2024.06.28,01:43:45,4.12844353705132,4.184389232652639,4.0810637682151,4.113850510750247,100,0,1
2024.06.29,01:43:45,4.116535991517174,4.171313263956635,4.075642590235769,4.154208807936769,100,0,1
2024.06.30,01:43:45,4.056675714972233,4.127113227865589,4.013373355730349,4.1143836557758915,100,0,1
2024.07.01,01:43:45,3.9934867940700003,4.018577742201704,3.9632402511230573,4.010819127149971,100,0,1
2024.07.02,01:43:45,4.040790045992629,4.113472557331521,3.9828204376160445,3.9961406380219384,100,0,1
2024.07.03,01:43:45,4.10794707557664,4.149506873037682,4.031807872287504,4.086169576933669,100,0,1
2024.07.04,01:43:45,4.057776257670815,4.069535498230576,4.022749472155854,4.041238124094901,100,0,1
2024.07.05,01:43:45,4.1086058388311555,4.1422713377630735,4.02551480991203,4.052038706290794,100,0,1
2024.07.06,01:43:45,4.130893538328646,4.169488570983273,4.0784446683017075,4.092038723704537,100,0,1
2024.07.07,01:43:45,4.14501459824497,4.15962243940572,4.110321654345643,4.1279320895303755,100,0,1
2024.07.08,01:43:45,4.1168217782413405,4.2136741626606256,4.062502269152131,4.163275605560221,100,0,1
2024.07.09,01:43:45,4.131581094311575,4.142490777207373,4.071258754370881,4.084430733774381,100,0,1
2024.07.10,01:43:45,4.08256034381786,4.108235347434016,4.059614936097172,4.0911245822843645,100,0,1
2024.07.11,01:43:45,4.0943038101596425,4.165974612349115,4.036272789343004,4.050726206687393,100,0,1
2024.07.12,01:43:45,4.127099189591701,4.222037583236711,4.0964193932748225,4.1206535834234455,100,0,1
2024.07.13,01:43:45,4.207742990362968,4.25294154314921,4.165928935056912,4.225444172856074,100,0,1
2024.07.14,01:43:45,4.214176443087244,4.25766766675082,4.142500577094498,4.198943360646307,100,0,1
2024.07.15,01:43:45,4.2906673403165865,4.332186502557046,4.2296004204383175,4.23170087529411,100,0,1
2024.07.16,01:43:45,4.343498863729803,4.402273198575024,4.309814836831813,4.380590313272832,100,0,1
2024.07.17,01:43:45,4.339319933651191,4.426022305098615,4.259496960723058,4.345040377608797,100,0,1
2024.07.18,01:43:45,4.371139371492817,4.430056899998367,4.328680311232664,4.405894193655654,100,0,1
2024.07.19,01:43:45,4.338539536692182,4.3799601579951535,4.309616906310193,4.324678104488974,100,0,1
2024.07.20,01:43:45,4.355602500185809,4.400160486428598,4.3215992678069375,4.365116506471809,100,0,1
2024.07.21,01:43:45,4.395926374810026,4.436341236654088,4.332683882445483,4.33375824142473,100,0,1
2024.07.22,01:43:45,4.431951829730406,4.474321150489662,4.3932687227623015,4.468398077425241,100,0,1
2024.07.23,01:43:45,4.434413387905853,4.467485887059302,4.40902801031824,4.451840243064221,100,0,1
2024.07.24,01:43:45,4.433519875768773,4.470036004788608,4.346807052953517,4.4587528958770015,100,0,1
2024.07.25,01:43:45,4.358310519912451,4.400484784617189,4.288061186929774,4.388895253884156,100,0,1
2024.07.26,01:43:45,4.445820652887029,4.535299566652116,4.422481260271974,4.487998522777288,100,0,1
2024.07.27,01:43:45,4.46742689852847,4.511952431117021,4.424245702947868,4.461013697862687,100,0,1
2024.07.28,01:43:45,4.440008323151986,4.484395441694619,4.40427487855983,4.4329295832037,100,0,1
2024.07.29,01:43:45,4.436226434935915,4.485193241874158,4.369055230926047,4.397501303143616,100,0,1
2024.07.30,01:43:45,4.552288360184208,4.585197493325305,4.513100616568153,4.580940476291564,100,0,1
2024.07.31,01:43:45,4.480543742394584,4.527163750188331,4.450265029188149,4.526078099112781,100,0,1
2024.08.01,01:43:45,4.525126238102698,4.582521595341534,4.4695590479753,4.5532646281799884,100,0,1
2024.08.02,01:43:45,4.413421735623571,4.510709440927908,4.383923220493809,4.4249337016366175,100,0,1
2024.08.03,01:43:45,4.462614506198363,4.490782654517141,4.415910679430002,4.452529469230492,100,0,1
2024.08.04,01:43:45,4.5586024519074675,4.598962623551607,4.543580108985638,4.573702540605185,100,0,1
2024.08.05,01:43:45,4.488887245481801,4.509428385136936,4.464882596417335,4.5052778313127675,100,0,1
2024.08.06,01:43:45,4.458311266172248,4.51905502615345,4.402858703074122,4.437190679362231,100,0,1
2024.08.07,01:43:45,4.423659689804061,4.455404492907355,4.389757659639981,4.411424033965627,100,0,1
2024.08.08,01:43:45,4.439817687802454,4.504991211529822,4.405573781065053,4.486539207393349,100,0,1
2024.08.09,01:43:45,4.36429863554983,4.432297715980229,4.27973250084387,4.337334418575209,100,0,1
2024.08.10,01:43:45,4.33803682562461,4.377457997540788,4.311577637731129,4.376813550609904,100,0,1
2024.08.11,01:43:45,4.507352462485253,4.562830146033392,4.471334693591533,4.559846713585363,100,0,1
2024.08.12,01:43:45,4.556784295396661,4.603086331464696,4.5066701341984325,4.5880968010752525,100,0,1
2024.08.13,01:43:45,4.598385036446374,4.655997206804287,4.5644304983561375,4.587723191102054,100,0,1
2024.08.14,01:43:45,4.627661147637948,4.692460780149932,4.5869531099925736,4.658013329635142,100,0,1
2024.08.15,01:43:45,4.644243395524787,4.672958123615749,4.578965594103623,4.600030653553691,100,0,1
2024.08.16,01:43:45,4.626402072972484,4.697406087237109,4.590438974265488,4.667050134404185,100,0,1
2024.08.17,01:43:45,4.622979397364213,4.693034144337793,4.555356906837102,4.6124736423065915,100,0,1
2024.08.18,01:43:45,4.633832539768681,4.6945858869206205,4.5643703003283,4.585163022028582,100,0,1
2024.08.19,01:43:45,4.608634782183559,4.615827725445618,4.554780931248233,4.608636462464068,100,0,1
2024.08.20,01:43:45,4.576859487181265,4.62902740934998,4.55191979414282,4.565943927029824,100,0,1
2024.08.21,01:43:45,4.571284969551282,4.602393052100023,4.535018651408094,4.596575830735951,100,0,1
2024.08.22,01:43:45,4.5749293972381455,4.633977120622337,4.564392014171692,4.570344159927361,100,0,1
2024.08.23,01:43:45,4.517341746462978,4.543433634858044,4.43272382193583,4.514357868452884,100,0,1
2024.08.24,01:43:45,4.471139808656446,4.545139932448958,4.410841208347071,4.517657405576596,100,0,1
2024.08.25,01:43:45,4.483972189746166,4.514146716073546,4.41561548018629,4.4589850230097134,100,0,1
2024.08.26,01:43:45,4.323217827545571,4.367409854154191,4.267314421694476,4.2706633810996255,100,0,1
2024.08.27,01:43:45,4.319686554886187,4.397817612187285,4.2834819991021345,4.3563802343816,100,0,1
2024.08.28,01:43:45,4.271493623427196,4.318514993287912,4.24443520655092,4.300203410496763,100,0,1
2024.08.29,01:43:45,4.359639300159926,4.410769752441762,4.335325656440205,4.374950326492462,100,0,1
2024.08.30,01:43:45,4.361567041511217,4.409517944941097,4.327599007192918,4.349303683372724,100,0,1
2024.08.31,01:43:45,4.255649526885653,4.298424552891439,4.214094133257588,4.244925663183693,100,0,1
2024.09.01,01:43:45,4.237019757893599,4.270949092471001,4.218351298921567,4.2680154689485885,100,0,1
2024.09.02,01:43:45,4.159309805896782,4.230978356208422,4.134815981943773,4.185670576094081,100,0,1
2024.09.03,01:43:45,4.148922464635411,4.188916985685329,4.100758946936067,4.134014478267233,100,0,1
2024.09.04,01:43:45,4.119845256523085,4.194404621057044,4.081445842212945,4.163168110707471,100,0,1
2024.09.05,01:43:45,4.152331368829791,4.189276010584898,4.133495346857853,4.137918918977621,100,0,1
2024.09.06,01:43:45,4.153843430419521,4.220175571003629,4.081185902509119,4.201406911896911,100,0,1
2024.09.07,01:43:45,4.075881278827872,4.152016466080707,4.0336650265046625,4.133285389156765,100,0,1
2024.09.08,01:43:45,4.113883176028767,4.138040732080757,4.052212851771598,4.084753008462274,100,0,1
2024.09.09,01:43:45,4.0682831094964556,4.120127163521179,4.019892889176613,4.085499312600554,100,0,1
2024.09.10,01:43:45,4.0729185181465075,4.119609965816312,3.9918307219374802,4.069981364505716,100,0,1
2024.09.11,01:43:45,4.041550358789531,4.097971033211432,4.010232114446863,4.045748091210303,100,0,1
2024.09.12,01:43:45,4.020218594140026,4.042825134930434,3.9763417360873836,3.995063778740521,100,0,1
2024.09.13,01:43:45,4.076459222821824,4.120023072411934,4.020372075156636,4.106279308768408,100,0,1
2024.09.14,01:43:45,4.106398534110089,4.148869620716814,4.055376766175671,4.0757883407318465,100,0,1
2024.09.15,01:43:45,4.189052424404913,4.245482172935381,4.154434516763024,4.20142677010063,100,0,1
2024.09.16,01:43:45,4.11817721234094,4.175015700317831,4.082036214796644,4.094239779451828,100,0,1
2024.09.17,01:43:45,4.211468296146362,4.230118504523489,4.183366332607539,4.221985129968782,100,0,1
2024.09.18,01:43:45,4.2543570972889135,4.325279157988282,4.20642438969279,4.246356262868562,100,0,1
2024.09.19,01:43:45,4.295944938690369,4.322350389193178,4.251767766530031,4.3030470850580755,100,0,1
2024.09.20,01:43:45,4.235924845444235,4.271916701404814,4.18014620900539,4.250921515588659,100,0,1
2024.09.21,01:43:45,4.177970916683634,4.261390569289164,4.116236756257788,4.1271055795039056,100,0,1
2024.09.22,01:43:45,4.160853734362599,4.177356247450432,4.13131141395755,4.161609673147715,100,0,1
2024.09.23,01:43:45,4.252881417262824,4.258294095073559,4.1664870994546215,4.221972986227822,100,0,1
2024.09.24,01:43:45,4.200825063489007,4.2438390691044745,4.136318532753386,4.211833514666246,100,0,1
2024.09.25,01:43:45,4.128007798093534,4.176713661043631,4.059902137813272,4.102667124280772,100,0,1
2024.09.26,01:43:45,4.11559811485948,4.14977833254189,4.067079571865112,4.128688110746281,100,0,1
2024.09.27,01:43:45,4.086975537649687,4.156348954876414,4.022264333589503,4.127790711051721,100,0,1
2024.09.28,01:43:45,4.084587955525721,4.146394268219213,4.020508438159503,4.022565428807904,100,0,1
2024.09.29,01:43:45,4.062426885215837,4.0667086671109995,4.051912145215655,4.059653918984475,100,0,1
2024.09.30,01:43:45,4.1192835118616,4.201240582496251,4.071634785041091,4.089313637501284,100,0,1
2024.10.01,01:43:45,4.136784248541924,4.169416501418493,4.106014570644652,4.160396628490832,100,0,1
2024.10.02,01:43:45,4.204622244806063,4.25985051163464,4.144619642184514,4.249339420077138,100,0,1
2024.10.03,01:43:45,4.153882135680398,4.1691249877309335,4.091769331592718,4.1140059189806175,100,0,1
2024.10.04,01:43:45,4.13048625122414,4.145297127203577,4.095811775997464,4.129991945373883,100,0,1
2024.10.05,01:43:45,4.2375994474264935,4.318785060669353,4.183940360590563,4.220766132534309,100,0,1
2024.10.06,01:43:45,4.207009543260421,4.28396259545307,4.180406999941906,4.201066594015416,100,0,1
2024.10.07,01:43:45,4.2158646835437175,4.271382878929702,4.150773704136751,4.221762865803654,100,0,1
2024.10.08,01:43:45,4.19904674796028,4.242323382663073,4.165052374338866,4.190898127619173,100,0,1
2024.10.09,01:43:45,4.210339460883369,4.304288069492869,4.160559073956187,4.302841294709277,100,0,1
2024.10.10,01:43:45,4.1851296708844625,4.242402841949895,4.142335915368982,4.1900649739570595,100,0,1
2024.10.11,01:43:45,4.082509762831551,4.176933360471469,4.025760335566968,4.070460588177367,100,0,1
2024.10.12,01:43:45,4.034865906921604,4.0616859600748425,3.9799552628685504,4.010532056187123,100,0,1
2024.10.13,01:43:45,4.031091556029201,4.088308413361492,3.988062035953409,4.026656675005496,100,0,1
2024.10.14,01:43:45,4.0550348469088675,4.092761378133134,4.02948150219218,4.046782088734672,100,0,1
2024.10.15,01:43:45,3.984051683118191,4.023792698193928,3.925578207803902,4.01145849614539,100,0,1
2024.10.16,01:43:45,3.9105856418546536,3.951648739002712,3.858027234693407,3.9271562582669137,100,0,1
2024.10.17,01:43:45,3.9123402107761405,3.9620622735537974,3.84997917657403,3.9072514883936917,100,0,1
2024.10.18,01:43:45,3.9587738680898887,3.990250165721193,3.9060009102478146,3.9474626216852813,100,0,1
2024.10.19,01:43:45,3.986782389873316,4.004277612203161,3.9268416412630085,3.9736917282588924,100,0,1
2024.10.20,01:43:45,3.9701390370395573,4.021755327030301,3.9558589014829346,3.9755503568258304,100,0,1
2024.10.21,01:43:45,3.895233764544623,3.94415778913949,3.817082478044561,3.8240427849505947,100,0,1
2024.10.22,01:43:45,3.820212543584052,3.8811131107664525,3.7795814658583424,3.8712264537113494,100,0,1
2024.10.23,01:43:45,3.6292580239342977,3.6867319585887115,3.574046770690685,3.60494784875136,100,0,1
2024.10.24,01:43:45,3.7027543663808578,3.7890308365364294,3.6739506991473396,3.75624188276901,100,0,1
2024.10.25,01:43:45,3.8095096762041765,3.8323688254804003,3.755518661834321,3.77215012688965,100,0,1
2024.10.26,01:43:45,3.835508258374926,3.910756774898271,3.8265480434251655,3.909803964791741,100,0,1
2024.10.27,01:43:45,3.8435698175888784,3.937429512643985,3.804707761058008,3.8706463062240015,100,0,1
2024.10.28,01:43:45,3.8644033127859436,3.914722525949059,3.8194343069398284,3.823330439323103,100,0,1
2024.10.29,01:43:45,3.802077140944381,3.866196473421898,3.759138906364646,3.7655439873712573,100,0,1
2024.10.30,01:43:45,3.7823706481367343,3.816596013673717,3.7252495931890315,3.7836429675717653,100,0,1
2024.10.31,01:43:45,3.8671620529028266,3.9473856651835395,3.8135583252394185,3.9286894913774324,100,0,1
2024.11.01,01:43:45,3.8982359791646237,3.9511761019539255,3.8124662356424146,3.8196012691385386,100,0,1
2024.11.02,01:43:45,3.9542808457407332,4.00160302460457,3.8546851201403842,3.973965645707471,100,0,1
2024.11.03,01:43:45,3.95972006189002,3.9848913838744333,3.8752904475748937,3.950356555675762,100,0,1
2024.11.04,01:43:45,3.9725647079261353,4.014542235415037,3.8839162533587297,3.921002920402825,100,0,1
2024.11.05,01:43:45,3.984437081604303,4.044113268327449,3.9182653622227828,3.937669285321504,100,0,1
2024.11.06,01:43:45,3.919124670626851,3.9783384363474372,3.9063168341305783,3.934447635593238,100,0,1
2024.11.07,01:43:45,3.957710184101679,4.028899950862641,3.919161294977665,4.027989346767575,100,0,1
2024.11.08,01:43:45,3.8874185994564097,3.962159279909535,3.852764277387627,3.955484307943682,100,0,1
2024.11.09,01:43:45,3.887221859521777,3.9494381405102077,3.807526684062111,3.914512070846378,100,0,1
2024.11.10,01:43:45,3.8951026136538247,3.9507448609209455,3.8412007943227806,3.90072803019834,100,0,1
2024.11.11,01:43:45,3.8209385529311035,3.8238118506900776,3.7893295436468937,3.8143347042834024,100,0,1
2024.11.12,01:43:45,3.7704330619876436,3.8274634019650904,3.701595423512166,3.8113028174293357,100,0,1
2024.11.13,01:43:45,3.711006015406089,3.7848833962116064,3.637301510487421,3.7682750809407537,100,0,1
2024.11.14,01:43:45,3.6649644843092273,3.691405354547924,3.631910800711083,3.679598429961357,100,0,1
2024.11.15,01:43:45,3.6106242353418763,3.673972556510797,3.5423903506080827,3.568057379214992,100,0,1
2024.11.16,01:43:45,3.6390014624765343,3.697801290024639,3.60926822322252,3.636455755694891,100,0,1
2024.11.17,01:43:45,3.5438624062658843,3.6175529275839917,3.481610320690317,3.5600199982696465,100,0,1
2024.11.18,01:43:45,3.56751548902794,3.635392320857779,3.482677590433669,3.5722675850522054,100,0,1
2024.11.19,01:43:45,3.588330242097618,3.644381192713044,3.513492912153162,3.5634796506733686,100,0,1
2024.11.20,01:43:45,3.543988366769971,3.6103040824273793,3.48781326751017,3.5631947168817493,100,0,1
2024.11.21,01:43:45,3.5796944794875722,3.630702794959036,3.5363541571532666,3.6263570490830332,100,0,1
2024.11.22,01:43:45,3.5323990393037032,3.589421216128672,3.4750247918993975,3.5303143617722372,100,0,1
2024.11.23,01:43:45,3.591344445271903,3.648280698351383,3.547947942863687,3.572914135317971,100,0,1
2024.11.24,01:43:45,3.5802475439663417,3.6298973248181703,3.497794906776673,3.5105707031061355,100,0,1
2024.11.25,01:43:45,3.642173177714997,3.711423145573811,3.598634480309026,3.6208578434563496,100,0,1
2024.11.26,01:43:45,3.6757154682328363,3.746360457922193,3.617770871888882,3.6935684140019807,100,0,1
2024.11.27,01:43:45,3.679935784307379,3.737102537557123,3.6470486264146613,3.649493984902945,100,0,1
2024.11.28,01:43:45,3.6841374220122423,3.7201771816261395,3.6167957761401412,3.6315517326645503,100,0,1
2024.11.29,01:43:45,3.6866975889433737,3.7163958402699673,3.6383874659429782,3.6470223706007716,100,0,1
2024.11.30,01:43:45,3.6867594685147878,3.714169298424372,3.615295772450243,3.67654981766443,100,0,1
2024.12.01,01:43:45,3.737825187388644,3.7603829952341017,3.6678584423522187,3.7120514749712235,100,0,1
2024.12.02,01:43:45,3.71689903761544,3.7414168247348076,3.6533881278160183,3.676581443411965,100,0,1
2024.12.03,01:43:45,3.697923935404726,3.750435474054119,3.644894282265871,3.6747198373628622,100,0,1
2024.12.04,01:43:45,3.753377208294037,3.806090010487687,3.699982426879286,3.713122542465686,100,0,1
2024.12.05,01:43:45,3.8392722303937443,3.9049988550051293,3.7737510018663083,3.7931989393870698,100,0,1
2024.12.06,01:43:45,3.8093125215469343,3.8448315707751983,3.802845243728944,3.807326553503109,100,0,1
2024.12.07,01:43:45,3.778084454979543,3.8414101919186345,3.7582324197128227,3.776457250060583,100,0,1
2024.12.08,01:43:45,3.6779576198701127,3.7162431108760625,3.622663945517299,3.6536700049946518,100,0,1
2024.12.09,01:43:45,3.5955346994786836,3.6374272212929912,3.515282808442629,3.600242821986553,100,0,1
2024.12.10,01:43:45,3.5392418026795918,3.5562318973049134,3.4682388943837497,3.4722940228893333,100,0,1
2024.12.11,01:43:45,3.4772292552137833,3.51775369212001,3.4219264650714187,3.5067709442377164,100,0,1
2024.12.12,01:43:45,3.3924159031987347,3.414851027329026,3.354741760590156,3.3833707463613383,100,0,1
2024.12.13,01:43:45,3.409691330262904,3.4791031484835075,3.363191235359689,3.460898077587623,100,0,1
2024.12.14,01:43:45,3.4877850542109496,3.545269000834611,3.445559908086579,3.5126777490946264,100,0,1
2024.12.15,01:43:45,3.4276067202544254,3.4625520926620323,3.3603858421307478,3.362533756385666,100,0,1
2024.12.16,01:43:45,3.476647786292052,3.5488207254969497,3.453765754838804,3.527919175057776,100,0,1
2024.12.17,01:43:45,3.4784449503259824,3.52485132564122,3.3992770867399824,3.425820926509279,100,0,1
2024.12.18,01:43:45,3.4961529825459703,3.5540893093768826,3.4445469765015257,3.505966582032869,100,0,1
2024.12.19,01:43:45,3.4805816996322427,3.5538939577828033,3.421709875538846,3.483697165218177,100,0,1
2024.12.20,01:43:45,3.555900043600056,3.5835789265594786,3.495597495256162,3.528295097287396,100,0,1
2024.12.21,01:43:45,3.5258608109963,3.5721606250895976,3.473963879609554,3.5386326980029073,100,0,1
2024.12.22,01:43:45,3.5072417055508858,3.5814301616378295,3.4578279557549867,3.541410489724003,100,0,1
2024.12.23,01:43:45,3.62850162735107,3.6398652059825825,3.523308095763408,3.6122476999929414,100,0,1
2024.12.24,01:43:45,3.626385687452981,3.675184811881472,3.5582441087298182,3.656926726423002,100,0,1
2024.12.25,01:43:45,3.6700516837432446,3.744994580661402,3.6094554779816708,3.7231943333664614,100,0,1
2024.12.26,01:43:45,3.6331455857565658,3.6627545522443414,3.5657567065152174,3.617397551121476,100,0,1
2024.12.27,01:43:45,3.6301325961108697,3.6803240693717116,3.5512626863611856,3.6265349525244766,100,0,1
2024.12.28,01:43:45,3.6257901954519776,3.660391235400928,3.5667951702264125,3.6526970862956833,100,0,1
2024.12.29,01:43:45,3.6498047056576683,3.7026664622138177,3.588956365084865,3.644021641628782,100,0,1
2024.12.30,01:43:45,3.7227682643273137,3.7635392965154435,3.6610297154509768,3.7239908052068076,100,0,1
2024.12.31,01:43:45,3.625995317636068,3.7199872153971687,3.5567691625767948,3.619860656027116,100,0,1
2025.01.01,01:43:45,3.7146864932551376,3.7331436363847206,3.632042485475457,3.7297745216626352,100,0,1
2025.01.02,01:43:45,3.6479321482555185,3.672740494068714,3.5833935925816784,3.6460192871135995,100,0,1
2025.01.03,01:43:45,3.6849071524127375,3.746344026046414,3.680091490093726,3.7164352590922674,100,0,1
2025.01.04,01:43:45,3.687502547868543,3.7233035449585334,3.6414134879352433,3.692988085309389,100,0,1
2025.01.05,01:43:45,3.6929897737978754,3.7403314799855014,3.6203009519968763,3.7114184736324036,100,0,1
2025.01.06,01:43:45,3.783086904497171,3.87569669463448,3.701931577662934,3.8200583416194274,100,0,1
2025.01.07,01:43:45,3.7566381098746864,3.794373704446957,3.698886468276097,3.76232415883514,100,0,1
2025.01.08,01:43:45,3.6425853219893556,3.700058468239188,3.603856726115646,3.6063381074133996,100,0,1
2025.01.09,01:43:45,3.687539380611224,3.708656238887079,3.6168613819528983,3.681380251973234,100,0,1
2025.01.10,01:43:45,3.729950711592038,3.782774910588478,3.683457760454176,3.6904661120801814,100,0,1
2025.01.11,01:43:45,3.788243632645458,3.8414824819439217,3.7498771962732436,3.7873835837776455,100,0,1
2025.01.12,01:43:45,3.849948256412175,3.909122803568814,3.798087577411292,3.891185070834769,100,0,1
2025.01.13,01:43:45,3.89729570395253,3.9514031472226274,3.8833322543246807,3.9021543426871377,100,0,1
2025.01.14,01:43:45,3.813877340712135,3.8779441912073964,3.7498399325606986,3.7769720614396647,100,0,1
2025.01.15,01:43:45,3.791310393518596,3.8294605654341094,3.7625450199905752,3.7808044499572717,100,0,1
2025.01.16,01:43:45,3.747732441814989,3.820265985924784,3.71449954605569,3.7904271865938157,100,0,1
2025.01.17,01:43:45,3.8478749076202168,3.913814850569954,3.814416281792728,3.9055782199355478,100,0,1
2025.01.18,01:43:45,3.840752902895679,3.8900041402253684,3.7663701087104506,3.773056822934841,100,0,1
2025.01.19,01:43:45,3.940164647971899,3.986381388109676,3.930540253808629,3.98332338380645,100,0,1
2025.01.20,01:43:45,4.017864472331484,4.069721372728713,3.943708243187875,4.0219275301119355,100,0,1
2025.01.21,01:43:45,3.995133369963573,4.06380498369303,3.9362617419457884,3.9791771774198677,100,0,1
2025.01.22,01:43:45,4.00767432568462,4.108388395346553,3.962962822255358,3.965165201756368,100,0,1
2025.01.23,01:43:45,4.017217736323681,4.085735149349958,3.987194678524954,4.044039221637001,100,0,1
2025.01.24,01:43:45,3.9716399009565957,4.043270534386598,3.9106932258556566,3.9636375515448097,100,0,1
2025.01.25,01:43:45,3.995829953568269,4.043823639618545,3.9433199904852634,3.986361322672849,100,0,1
2025.01.26,01:43:45,3.964499219462449,4.034684902401588,3.935278734790122,3.9724801700226213,100,0,1
2025.01.27,01:43:45,3.980037068119102,4.0379033557754545,3.951857970617382,4.002583999903198,100,0,1
2025.01.28,01:43:45,4.007904007176526,4.016253925225394,3.918025845457708,3.9504335252834992,100,0,1
2025.01.29,01:43:45,4.099369639852444,4.144427030820133,4.064897735122678,4.09598438947811,100,0,1
2025.01.30,01:43:45,4.026541268858232,4.082972188574969,4.009489824431579,4.011757461837813,100,0,1
2025.01.31,01:43:45,4.0263368872067575,4.050323705301447,3.990806566192112,4.007972514155721,100,0,1
2025.02.01,01:43:45,4.022182865188093,4.0642432711309695,4.000399271856293,4.016766984420302,100,0,1
2025.02.02,01:43:45,3.9969721736676727,4.110240815647518,3.9363120941068126,4.007699748306835,100,0,1
2025.02.03,01:43:45,3.9810238881777655,4.007777239453924,3.927457303358343,3.995502037160202,100,0,1
2025.02.04,01:43:45,4.1014081800607745,4.142494987742853,4.047507632049295,4.13050034555815,100,0,1
2025.02.05,01:43:45,4.101760312278497,4.169624625864011,4.043818027405875,4.132089163993307,100,0,1
2025.02.06,01:43:45,4.155534150521709,4.187342559068297,4.049181871146086,4.062313707464709,100,0,1
2025.02.07,01:43:45,4.19368329107819,4.241596733922043,4.138791528205038,4.149123714345497,100,0,1
2025.02.08,01:43:45,4.201239785096616,4.257124319125789,4.180636248465177,4.197210704050727,100,0,1
2025.02.09,01:43:45,4.1885570236361,4.233258529539898,4.125018350610368,4.196127798780116,100,0,1
2025.02.10,01:43:45,4.165707605311601,4.197192869764783,4.1085552375975665,4.171865595179967,100,0,1
2025.02.11,01:43:45,4.129780463573708,4.181658728009154,4.115610849219159,4.116973614310851,100,0,1
2025.02.12,01:43:45,4.161305094378812,4.2117969062818235,4.132593121027978,4.134640154508359,100,0,1
2025.02.13,01:43:45,4.16452906084751,4.20535944891371,4.078784961236967,4.1393768310871,100,0,1
2025.02.14,01:43:45,4.160541194541389,4.224591508564764,4.108127622383679,4.159755507078665,100,0,1
2025.02.15,01:43:45,4.092810935131654,4.15084261791415,4.026716842116024,4.094525009987459,100,0,1
2025.02.16,01:43:45,4.020949276856842,4.112183270239778,3.985198884239269,4.08577300585712,100,0,1
2025.02.17,01:43:45,4.036559336105358,4.133049663728357,3.9822054372315394,4.132280905096458,100,0,1
2025.02.18,01:43:45,3.9940750365515454,4.025248618357511,3.9452382157859294,3.9880181461955257,100,0,1
2025.02.19,01:43:45,4.007377658641528,4.066535960883617,3.9918157498267313,4.054004131272514,100,0,1
2025.02.20,01:43:45,3.9594838001388393,4.012029462752251,3.917235334850798,3.9860217043183828,100,0,1
2025.02.21,01:43:45,3.9047802369135067,3.961954931923983,3.8317228848126526,3.938204825355932,100,0,1
2025.02.22,01:43:45,3.8821739542794207,3.9344073552026293,3.784874359788963,3.913357472774748,100,0,1
2025.02.23,01:43:45,3.785869654920093,3.8724574940964764,3.740627030348766,3.845974733115276,100,0,1
2025.02.24,01:43:45,3.8112939678514612,3.8882192836553084,3.763693369851857,3.8339730771152656,100,0,1
2025.02.25,01:43:45,3.795170345310575,3.843160019165275,3.738451201594794,3.817292600441444,100,0,1
2025.02.26,01:43:45,3.7600826914230114,3.7903094706770313,3.723861179639617,3.7447952438789636,100,0,1
2025.02.27,01:43:45,3.74547209157431,3.776505126697405,3.7128261361008703,3.712950175434356,100,0,1
2025.02.28,01:43:45,3.7358473227645974,3.789543001840893,3.722991896004298,3.741451739710284,100,0,1
2025.03.01,01:43:45,3.7823545611801057,3.837256682003234,3.7159026340379055,3.8097680708315207,100,0,1
2025.03.02,01:43:45,3.8539033648369294,3.911504769479778,3.816174064313039,3.8203629671361496,100,0,1
2025.03.03,01:43:45,3.872722724043394,3.9227089858043227,3.80658382478059,3.8843489734954786,100,0,1
2025.03.04,01:43:45,3.8276842593689433,3.841952848859542,3.7833189241875185,3.8047744312538287,100,0,1
2025.03.05,01:43:45,3.8613714556765206,3.899584074130936,3.794913049466083,3.84392953942169,100,0,1
2025.03.06,01:43:45,3.767718300866018,3.7926822406573906,3.6976221114723042,3.7700830377153394,100,0,1
2025.03.07,01:43:45,3.8149762246782464,3.8674795960651585,3.7605141446181074,3.8662395619770584,100,0,1
2025.03.08,01:43:45,3.762872235779397,3.7970785867411676,3.6924352114861847,3.710134331378742,100,0,1
2025.03.09,01:43:45,3.7839400191528547,3.8181693982542093,3.730830071219158,3.8065422200947707,100,0,1
2025.03.10,01:43:45,3.646117357198264,3.676013014277359,3.600964833071656,3.636591065567462,100,0,1
2025.03.11,01:43:45,3.6096337252647097,3.680549567410102,3.5763960267338346,3.616017013550799,100,0,1
2025.03.12,01:43:45,3.580319236761089,3.666159197201788,3.5155920915403747,3.6539272931398257,100,0,1
2025.03.13,01:43:45,3.5547186710836836,3.6337882367134395,3.5248455198218562,3.5872172610961037,100,0,1
2025.03.14,01:43:45,3.542042477035274,3.633805235932955,3.4590617491405053,3.4895710468776997,100,0,1
2025.03.15,01:43:45,3.5661941161651045,3.6019477923523824,3.5091814651904842,3.5148809856782313,100,0,1
2025.03.16,01:43:45,3.6574459418291836,3.7069354524882754,3.6148853619209524,3.6241081876394023,100,0,1
2025.03.17,01:43:45,3.7149504866730334,3.8005614486405745,3.6602274839938964,3.7939454967465363,100,0,1
2025.03.18,01:43:45,3.7681883344805183,3.8147391464694005,3.7134435276093747,3.797621499108252,100,0,1
2025.03.19,01:43:45,3.832206606139525,3.889072789269409,3.784514570052666,3.7956677051536976,100,0,1
2025.03.20,01:43:45,3.823980810230928,3.8682648711956196,3.748436731096962,3.826674447959043,100,0,1
2025.03.21,01:43:45,3.817988705158014,3.8700145160074113,3.791157336662568,3.865488154074105,100,0,1
2025.03.22,01:43:45,3.8395241487290366,3.863367050477733,3.8042239749235116,3.8480272726619997,100,0,1
2025.03.23,01:43:45,3.855838033446657,3.894731393327559,3.797623964110916,3.825381011230066,100,0,1
2025.03.24,01:43:45,3.868848550202213,3.910501878616469,3.822431964180635,3.8506458770190957,100,0,1
2025.03.25,01:43:45,3.7602745124318724,3.8322161041019265,3.7014605070732225,3.8220775022839524,100,0,1
2025.03.26,01:43:45,3.709793029805064,3.7827935244374964,3.6478419167059655,3.6751066198386924,100,0,1
2025.03.27,01:43:45,3.7297915965525066,3.7957263417652194,3.662764937684477,3.6915709936065175,100,0,1
2025.03.28,01:43:45,3.605639609841528,3.6276227072742757,3.5347200372412355,3.6245493876447625,100,0,1
2025.03.29,01:43:45,3.6569839253777077,3.7152949583936348,3.605761658788908,3.7090017709129417,100,0,1
2025.03.30,01:43:45,3.6218057521554554,3.6668809209186253,3.5597885008396983,3.641581024540097,100,0,1
2025.03.31,01:43:45,3.655370754575157,3.69704976454091,3.6108600228645336,3.6351639189053153,100,0,1
2025.04.01,01:43:45,3.663894020125453,3.6728770360084666,3.61091069868717,3.624282376563212,100,0,1
2025.04.02,01:43:45,3.6410162194892433,3.680973412487029,3.574768566237384,3.6386940893691446,100,0,1
2025.04.03,01:43:45,3.6475458248143764,3.700947313857117,3.5637383133438947,3.6950659602934146,100,0,1
2025.04.04,01:43:45,3.5213757335653666,3.5953857329028294,3.4699319406178866,3.489966118756078,100,0,1
2025.04.05,01:43:45,3.6020667788204874,3.615864684907962,3.555858766671771,3.5676515937539253,100,0,1
2025.04.06,01:43:45,3.572870800916639,3.644906810570617,3.506896123639211,3.6029107700162615,100,0,1
2025.04.07,01:43:45,3.5560669272804617,3.5937374175302317,3.4996928441709194,3.5274149399645482,100,0,1
2025.04.08,01:43:45,3.5146272013194166,3.5626424365671943,3.4301014973903268,3.507139094261878,100,0,1
2025.04.09,01:43:45,3.6559961647812207,3.6900894943505,3.59166467980694,3.6799038887502697,100,0,1
2025.04.10,01:43:45,3.583087292606603,3.6076515076563704,3.510383891595851,3.562315001253299,100,0,1
2025.04.11,01:43:45,3.5299564775859973,3.5973187393854604,3.481924078948393,3.571658871098336,100,0,1
2025.04.12,01:43:45,3.575031843985648,3.590183041089366,3.5270802855806282,3.5580334643541316,100,0,1
2025.04.13,01:43:45,3.58000589154095,3.584656047745544,3.527327201090001,3.5403602496045234,100,0,1
2025.04.14,01:43:45,3.685831972686009,3.753026412884406,3.647969118205445,3.6556347640696947,100,0,1
2025.04.15,01:43:45,3.6888613601459994,3.7554522257905543,3.642674879161553,3.669199162256421,100,0,1
2025.04.16,01:43:45,3.7764069124650796,3.8183380410458945,3.7336189390575183,3.751056518400597,100,0,1
2025.04.17,01:43:45,3.7847145353186282,3.8721009088359524,3.713054713586273,3.8235639043556136,100,0,1
2025.04.18,01:43:45,3.7209362120887532,3.7995008149579945,3.654368001798614,3.7147688806002654,100,0,1
2025.04.19,01:43:45,3.6874405080104213,3.7053145738627933,3.663988820058507,3.700915716962458,100,0,1
2025.04.20,01:43:45,3.721163028940739,3.800322582057695,3.6803717281998085,3.7761390187776662,100,0,1
2025.04.21,01:43:45,3.6398841905893193,3.6932726348324225,3.609160099504066,3.624834837248677,100,0,1
2025.04.22,01:43:45,3.5097917500551343,3.59480116294188,3.4460134021054127,3.4538115568760417,100,0,1
2025.04.23,01:43:45,3.5880643628113806,3.62036318641665,3.536802664953821,3.5384722849106547,100,0,1
2025.04.24,01:43:45,3.6221640464652958,3.648665053885934,3.5759202058627753,3.6443035627190064,100,0,1
2025.04.25,01:43:45,3.6933390748254884,3.7449996156810452,3.640289202187125,3.641591460727764,100,0,1
2025.04.26,01:43:45,3.7419757733171015,3.7971586388887886,3.686387395749761,3.7166432199018216,100,0,1
2025.04.27,01:43:45,3.769016822579833,3.831657309218043,3.7359887728967998,3.8219155299344716,100,0,1
2025.04.28,01:43:45,3.721177938737581,3.7594836712585944,3.686033517823269,3.711843584541731,100,0,1
2025.04.29,01:43:45,3.775298628004457,3.829658860861239,3.7321707518047296,3.7682494339194124,100,0,1
2025.04.30,01:43:45,3.700378362068003,3.738277282151928,3.651817338258255,3.68353991165942,100,0,1
2025.05.01,01:43:45,3.759248033307227,3.821282608181584,3.695986377402717,3.7192740865251985,100,0,1
2025.05.02,01:43:45,3.7552513713773856,3.82373210674669,3.714463178948381,3.7197284081100155,100,0,1
2025.05.03,01:43:45,3.805063526940805,3.8647508044145185,3.7188373700005686,3.8116233904507713,100,0,1
2025.05.04,01:43:45,3.739605667562388,3.8049280635140907,3.687393919376835,3.71326008779097,100,0,1
2025.05.05,01:43:45,3.7352100845771417,3.7802870195735405,3.6993214263258873,3.719540825387434,100,0,1
2025.05.06,01:43:45,3.7069465874750427,3.790432036009383,3.6646029197019385,3.769988484786063,100,0,1
2025.05.07,01:43:45,3.7293918383201667,3.7856396632433578,3.631579909034016,3.7266565068533604,100,0,1
2025.05.08,01:43:45,3.631477590048754,3.678254834815972,3.554265724006479,3.5765908144510745,100,0,1
2025.05.09,01:43:45,3.6910381713100255,3.7027634738721815,3.6263973243052305,3.660064356289271,100,0,1
2025.05.10,01:43:45,3.7320683488879283,3.747820195845275,3.6867360895239547,3.719187423386088,100,0,1
2025.05.11,01:43:45,3.6521953341512265,3.7062159226580897,3.59059729075642,3.5941284427536524,100,0,1
2025.05.12,01:43:45,3.565873847099019,3.614890116113326,3.5107906873884493,3.5227005531966546,100,0,1
2025.05.13,01:43:45,3.5510200140318995,3.600575287321402,3.5220736678272835,3.5374549088473373,100,0,1
2025.05.14,01:43:45,3.528552832719101,3.623058796708397,3.478836654275181,3.578882344891679,100,0,1
2025.05.15,01:43:45,3.5109262340979956,3.5353897963318817,3.4703308430860043,3.5181007321994735,100,0,1
2025.05.16,01:43:45,3.6107820169569718,3.64373109681702,3.5587820591642134,3.600295395349497,100,0,1
2025.05.17,01:43:45,3.5836523090437815,3.6314534369314955,3.5449320598618117,3.6039923168926573,100,0,1
2025.05.18,01:43:45,3.590871772734218,3.64144235455829,3.5585219375472676,3.5982240232648777,100,0,1
2025.05.19,01:43:45,3.6331084975525636,3.6887388507791163,3.5783001159446455,3.6859290424853146,100,0,1
2025.05.20,01:43:45,3.5698586948128743,3.618914886591593,3.4960044528374934,3.5994989831525537,100,0,1
2025.05.21,01:43:45,3.615324349473402,3.659178084436729,3.611303221379886,3.6573134036020387,100,0,1
2025.05.22,01:43:45,3.586337544665978,3.6022865939343762,3.5385343048078046,3.5915425051394303,100,0,1
2025.05.23,01:43:45,3.5036134205612033,3.563292161756105,3.479436884180523,3.5543730622657868,100,0,1
2025.05.24,01:43:45,3.438107201069471,3.4596028503219065,3.4000018727151704,3.439978009181037,100,0,1
2025.05.25,01:43:45,3.4324192077821745,3.515338390015527,3.375801437045222,3.40600968894361,100,0,1
2025.05.26,01:43:45,3.4206535798882585,3.453930037605574,3.378664159139082,3.391741018211426,100,0,1
2025.05.27,01:43:45,3.4615033857494684,3.5293318038416133,3.42012205209601,3.4268849350619908,100,0,1
2025.05.28,01:43:45,3.3789714153607924,3.414332287972523,3.3690305762489605,3.3820276641988363,100,0,1
2025.05.29,01:43:45,3.4502438679167904,3.5038845307042363,3.4424390331142374,3.474794097870102,100,0,1
2025.05.30,01:43:45,3.439829502068368,3.5407978473292463,3.4053098232580368,3.53881849012193,100,0,1
2025.05.31,01:43:45,3.421196322019121,3.4436462391612164,3.412397802733478,3.421747816969731,100,0,1
2025.06.01,01:43:45,3.3705704637209073,3.421280027796575,3.3683603144351566,3.395523119089584,100,0,1
2025.06.02,01:43:45,3.472054239797341,3.5167311695781556,3.4593856785565045,3.4827125066369122,100,0,1
2025.06.03,01:43:45,3.3741636870060097,3.424565128141478,3.3465398773938184,3.3610913991601974,100,0,1
2025.06.04,01:43:45,3.351470093207363,3.432207160440673,3.3169135292109773,3.411478769814658,100,0,1
2025.06.05,01:43:45,3.3853050310300166,3.4077456412208065,3.3407334201800554,3.3848149676336003,100,0,1
2025.06.06,01:43:45,3.3268254796654433,3.367144113700887,3.2534310509632145,3.349885503093215,100,0,1
2025.06.07,01:43:45,3.4468480806477255,3.472481596814723,3.409133502576043,3.43977682947737,100,0,1
2025.06.08,01:43:45,3.471948316055773,3.5254739008380613,3.431715346264303,3.5043821793455554,100,0,1
2025.06.09,01:43:45,3.55379118576031,3.6259352966959315,3.50825823183675,3.5939742998556885,100,0,1
2025.06.10,01:43:45,3.548637062434093,3.6176083353243396,3.5147294664329203,3.588831614464247,100,0,1
2025.06.11,01:43:45,3.573721807242627,3.6522976436072936,3.5014100574046143,3.5156700166053754,100,0,1
2025.06.12,01:43:45,3.6283491144584814,3.68774174054278,3.5899930207510975,3.65213187705501,100,0,1
2025.06.13,01:43:45,3.571805145722045,3.6258490362447993,3.5253902647955138,3.5958968673606067,100,0,1
2025.06.14,01:43:45,3.507047990918924,3.6082189891766285,3.4596753804737195,3.491531919415295,100,0,1
2025.06.15,01:43:45,3.5262772891678327,3.5560587697254777,3.4753664884620785,3.4914204116212826,100,0,1
2025.06.16,01:43:45,3.475917927866382,3.505552519261135,3.428365020436874,3.4522963675546032,100,0,1
2025.06.17,01:43:45,3.376479219787194,3.4186671114855867,3.339901159554134,3.384262519174879,100,0,1
2025.06.18,01:43:45,3.418207860044324,3.4870527761791354,3.3535789138405248,3.3815311930106877,100,0,1
2025.06.19,01:43:45,3.4640508142525688,3.5342716241006893,3.4188152076752494,3.4372200051779607,100,0,1
2025.06.20,01:43:45,3.432178871970032,3.5090702676880996,3.394193339844308,3.4936419845260174,100,0,1
2025.06.21,01:43:45,3.530783967917131,3.5616965742231037,3.466465441621039,3.504519106032739,100,0,1
2025.06.22,01:43:45,3.6088962178198543,3.652743998633729,3.564787484955605,3.5725959708889308,100,0,1
2025.06.23,01:43:45,3.6401466430340363,3.7075309966882153,3.5994288543076083,3.6255795646442373,100,0,1
2025.06.24,01:43:45,3.7673533088699993,3.8024962170762953,3.715305005733054,3.7677833011787967,100,0,1
2025.06.25,01:43:45,3.7589407233720555,3.811056729219203,3.709633418724693,3.799657681902682,100,0,1
2025.06.26,01:43:45,3.805452056094885,3.853773260068294,3.762631207330418,3.8146059036550355,100,0,1
2025.06.27,01:43:45,3.893488792136292,3.968431484369413,3.8191312148734147,3.859503949852863,100,0,1
2025.06.28,01:43:45,3.9499063596847597,3.956206783681712,3.918931941234035,3.936189257191279,100,0,1
2025.06.29,01:43:45,3.9276146738647317,3.9798550144687694,3.8695438294455533,3.971873012958004,100,0,1
2025.06.30,01:43:45,3.9390821407325483,3.9755065156695606,3.8861520808871677,3.9613880655178213,100,0,1
2025.07.01,01:43:45,3.965396447899098,4.021804503257629,3.8927901242415146,3.967524199017749,100,0,1
2025.07.02,01:43:45,3.9122550928429645,3.963034992029431,3.8458436969771466,3.945161318882389,100,0,1
2025.07.03,01:43:45,3.9996109394235826,4.0258303375226046,3.943980099033936,3.96271780744281,100,0,1
2025.07.04,01:43:45,3.9626513637737655,4.026490929631565,3.9265617881017394,3.9908015683205433,100,0,1
2025.07.05,01:43:45,3.9090015281045662,3.9987687041685014,3.8901926063396313,3.89218585949709,100,0,1
2025.07.06,01:43:45,3.9335762350935632,3.995632771841534,3.849187354869456,3.9827011106199297,100,0,1
2025.07.07,01:43:45,3.9591301598436983,4.010360907848336,3.898784763003948,3.9398760980446474,100,0,1
2025.07.08,01:43:45,4.015807052289706,4.08103401793699,3.949732392319169,4.005592128691547,100,0,1
2025.07.09,01:43:45,4.059814815028102,4.070458504742916,4.016757182284837,4.066858036926997,100,0,1
2025.07.10,01:43:45,4.128079732891604,4.143995849517367,4.074984358562845,4.114300759068761,100,0,1
2025.07.11,01:43:45,4.1417841844280385,4.166514130847048,4.051359104837432,4.149151570346366,100,0,1
2025.07.12,01:43:45,4.154265136059795,4.190838843352309,4.100467921207186,4.179438479028096,100,0,1
2025.07.13,01:43:45,4.155099097604441,4.187166034508097,4.066524060845854,4.089623674641679,100,0,1
2025.07.14,01:43:45,4.221441305247763,4.269463630080041,4.1593746641452585,4.255811771340409,100,0,1
2025.07.15,01:43:45,4.190555210876722,4.266684600982721,4.166429113265997,4.1865176022187915,100,0,1
2025.07.16,01:43:45,4.212605978877896,4.254266496447958,4.186355617385961,4.199962630806648,100,0,1
2025.07.17,01:43:45,4.225695699707681,4.282706870536527,4.197999745454346,4.203469670254713,100,0,1
2025.07.18,01:43:45,4.194397075064164,4.237384942526522,4.165681012915362,4.1915569681194205,100,0,1
2025.07.19,01:43:45,4.116775590810993,4.147042857348637,4.042415274089427,4.090530626664721,100,0,1
2025.07.20,01:43:45,4.093494443412667,4.164193140581969,4.043251049559898,4.089376219198956,100,0,1
2025.07.21,01:43:45,4.099659330008992,4.142293184632394,4.029083814584948,4.091528018319544,100,0,1
2025.07.22,01:43:45,4.060524987514367,4.104605365239326,3.9855297594063117,4.069762231310693,100,0,1
2025.07.23,01:43:45,4.058227519930974,4.147710074788438,4.035483994330513,4.045124138139484,100,0,1
2025.07.24,01:43:45,4.039092293954434,4.087960691954491,3.9952237927107395,4.034764593905411,100,0,1
2025.07.25,01:43:45,3.9888311346723926,4.047403481899417,3.939658997111899,3.9470813567313665,100,0,1
2025.07.26,01:43:45,4.058317152030023,4.061774615348456,4.024003664364128,4.031088342004665,100,0,1
2025.07.27,01:43:45,4.028335266940066,4.084964548114976,3.9877890464934223,4.0255321570048155,100,0,1
2025.07.28,01:43:45,4.059558359783896,4.131512101374112,4.035390561966682,4.070919115607524,100,0,1
2025.07.29,01:43:45,4.052257729767863,4.079531157732964,4.0086382191558,4.016779598920802,100,0,1
2025.07.30,01:43:45,3.9586538138054506,4.00310436969425,3.8996350694539874,3.98859649603807,100,0,1
2025.07.31,01:43:45,3.9281006367587663,3.9720566694648936,3.852245501610998,3.8690607292390653,100,0,1
2025.08.01,01:43:45,3.9329948791573424,3.99190567861735,3.8785563313048126,3.9167559316223786,100,0,1
2025.08.02,01:43:45,3.878830545997664,3.9252026285201205,3.7618349823822017,3.7798292252228394,100,0,1
2025.08.03,01:43:45,3.8044604458315923,3.8404662133114456,3.7408981471736387,3.7621271212929353,100,0,1
2025.08.04,01:43:45,3.7929378825343982,3.82580522572684,3.7298843975240428,3.7539308455279086,100,0,1
2025.08.05,01:43:45,3.786979762733316,3.8176240251591262,3.734296735508115,3.8068034941255062,100,0,1
2025.08.06,01:43:45,3.7829959066722236,3.8460696580750335,3.7364021019018505,3.758073167511948,100,0,1
2025.08.07,01:43:45,3.774202100538935,3.7911037875913767,3.722482702917878,3.7636184084846906,100,0,1
2025.08.08,01:43:45,3.8131018122982794,3.889608407203728,3.791912396070593,3.850846145290222,100,0,1
2025.08.09,01:43:45,3.835537095183871,3.919795374033292,3.795519217706727,3.816505674733841,100,0,1
2025.08.10,01:43:45,3.853423168577481,3.9071385265509804,3.789666056291767,3.8014369712582177,100,0,1
2025.08.11,01:43:45,3.8703792211148618,3.944310612895416,3.8391734644301656,3.9221390833613206,100,0,1
2025.08.12,01:43:45,3.960627977014217,3.963373050909925,3.9076535841795357,3.9471265866178378,100,0,1
2025.08.13,01:43:45,3.815469655938232,3.8893154251594995,3.7976936567832995,3.809610172434895,100,0,1
2025.08.14,01:43:45,3.6749364386233068,3.7410283998949256,3.5671038894834424,3.6844451311550244,100,0,1
2025.08.15,01:43:45,3.6763800802434097,3.7347443054539355,3.615208778146021,3.672112704890485,100,0,1
2025.08.16,01:43:45,3.637719902668022,3.6939649020959355,3.588789532291426,3.590068751113514,100,0,1
2025.08.17,01:43:45,3.734665688995175,3.755221275549948,3.707354614298776,3.749886994250353,100,0,1
2025.08.18,01:43:45,3.857089210228426,3.909285523172949,3.800167793991005,3.81389699901533,100,0,1
2025.08.19,01:43:45,3.8267430245640597,3.855123673354324,3.769837403704702,3.8137565706111713,100,0,1
2025.08.20,01:43:45,3.7798363590491575,3.8011566929339096,3.7185283260807336,3.7447884621667384,100,0,1
2025.08.21,01:43:45,3.7129045261525992,3.7869592528317337,3.673487893723563,3.705099232727997,100,0,1
2025.08.22,01:43:45,3.707232840654538,3.782976768171109,3.624861387478727,3.653638617227719,100,0,1
2025.08.23,01:43:45,3.7009089482963984,3.754350125897333,3.6340212379546126,3.681466390556835,100,0,1
2025.08.24,01:43:45,3.676012313331855,3.7393907743942543,3.6415653848296103,3.7380684150161305,100,0,1
2025.08.25,01:43:45,3.747962505815322,3.824340872860226,3.6725773485162443,3.6733677156821964,100,0,1
2025.08.26,01:43:45,3.7117890560755398,3.771963469679136,3.6632970721842137,3.7290853389461214,100,0,1
2025.08.27,01:43:45,3.739286131645267,3.763669681581775,3.672535940493869,3.7227866264490985,100,0,1
2025.08.28,01:43:45,3.8024566810036617,3.8717068396694505,3.7851821963512937,3.787754398074814,100,0,1
2025.08.29,01:43:45,3.8041107913391583,3.8726634807906897,3.778046432379721,3.842803451267083,100,0,1
2025.08.30,01:43:45,3.710206177118494,3.7414432884051916,3.679232186387676,3.730749001769964,100,0,1
2025.08.31,01:43:45,3.7771684133407435,3.847334334254354,3.7729520023781005,3.783094475274715,100,0,1
2025.09.01,01:43:45,3.7643063303656317,3.792798821064488,3.721294985740053,3.732773971165469,100,0,1
2025.09.02,01:43:45,3.8130777338361557,3.8544710223810315,3.7501877611345504,3.823751040733632,100,0,1
2025.09.03,01:43:45,3.804026259279,3.8683471240882055,3.7466126661290344,3.75080380957401,100,0,1
2025.09.04,01:43:45,3.8004808334581797,3.8564993156463316,3.7355791394147553,3.824505857103374,100,0,1
2025.09.05,01:43:45,3.775018038684171,3.8572831175794318,3.717359082056755,3.7819460973522654,100,0,1
2025.09.06,01:43:45,3.7585399012283265,3.80541707647072,3.7218590053025724,3.8005767881108894,100,0,1
2025.09.07,01:43:45,3.8383442367011718,3.8967081201505747,3.7667258104194077,3.8874741229530505,100,0,1
2025.09.08,01:43:45,3.817730720983174,3.8655544542828215,3.7683746011936066,3.8238957339101662,100,0,1
2025.09.09,01:43:45,3.8193780809319953,3.857352761068653,3.744300509953139,3.8024690874354845,100,0,1
2025.09.10,01:43:45,3.8608404999094366,3.9154605565761704,3.8539135027599447,3.857760323005843,100,0,1
2025.09.11,01:43:45,3.9491601551390945,4.000340802614147,3.919106637399316,3.940644933804543,100,0,1
2025.09.12,01:43:45,3.8865530147410317,3.9376325487813655,3.8745755610296326,3.9059074121197845,100,0,1
2025.09.13,01:43:45,3.959884453500336,4.018134022615917,3.91749317557741,4.008605456253775,100,0,1
2025.09.14,01:43:45,3.9665746173300103,4.021029127392361,3.924488589921179,3.994025629703156,100,0,1
2025.09.15,01:43:45,3.9440602099585433,4.008360653897842,3.893433787089873,3.9487352348987876,100,0,1
2025.09.16,01:43:45,3.9661539583794507,4.020454196779289,3.901288322055677,3.9873778473372186,100,0,1
2025.09.17,01:43:45,3.946513726975736,4.006435623748305,3.883205047893438,3.919781135055449,100,0,1
2025.09.18,01:43:45,3.8733606035513164,3.936750915762701,3.82100371675904,3.829642995937333,100,0,1
2025.09.19,01:43:45,3.9099060259037444,3.978954836062503,3.8462805037649206,3.8509913919283028,100,0,1
2025.09.20,01:43:45,3.7919920064008403,3.8384045907851094,3.7874211662017934,3.83414217381268,100,0,1
2025.09.21,01:43:45,3.779519781185287,3.8256810428396135,3.766063924995267,3.7746836320503694,100,0,1
2025.09.22,01:43:45,3.8276497645296046,3.8592489390726104,3.7992405179486406,3.842624869192188,100,0,1
2025.09.23,01:43:45,3.8163528223324947,3.8605772333531876,3.8151563951519183,3.841797529137734,100,0,1
2025.09.24,01:43:45,3.787665494824347,3.8409533910013516,3.7215126133236995,3.8107623126903474,100,0,1
2025.09.25,01:43:45,3.720573902360868,3.7829437208742913,3.678266636081094,3.729995461395344,100,0,1
