date,time,open,high,low,close,tickvol,vol,spread
2025.09.20,12:15:44,1.306307921880334,1.371953894091065,1.2601438022435039,1.3066669601807737,100,0,1
2025.09.20,12:16:44,1.2847811356611083,1.3278946042270112,1.2794304111066572,1.3015014606437312,100,0,1
2025.09.20,12:17:44,1.2569494489767803,1.285326048053731,1.1820893238870767,1.2815564671051558,100,0,1
2025.09.20,12:18:44,1.2827933513615366,1.3274754716129755,1.213862357151657,1.3042328892202693,100,0,1
2025.09.20,12:19:44,1.2839409804699862,1.3071188019250137,1.238689687601378,1.2459063908491277,100,0,1
2025.09.20,12:20:44,1.2666432053638905,1.298736535124852,1.2454371195758445,1.274495599256623,100,0,1
2025.09.20,12:21:44,1.2814365902622662,1.3257451543636605,1.2318804425567287,1.3214290783323377,100,0,1
2025.09.20,12:22:44,1.2339033049143753,1.3078982978418383,1.1859292380468935,1.2023466444117734,100,0,1
2025.09.20,12:23:44,1.2361886650274696,1.2904008132884108,1.1898867112411464,1.2790023970016549,100,0,1
2025.09.20,12:24:44,1.2372574548624886,1.2776683897185497,1.1614798364565913,1.2621666204251893,100,0,1
2025.09.20,12:25:44,1.3152765739532788,1.3796025991866019,1.272294842929432,1.3088896465050321,100,0,1
2025.09.20,12:26:44,1.2749524728487713,1.3576040895394208,1.2380897444559167,1.279919499313007,100,0,1
2025.09.20,12:27:44,1.3347242611222343,1.3803960976769745,1.2709707149910887,1.2906927958322432,100,0,1
2025.09.20,12:28:44,1.3935030856794048,1.4294868858484953,1.3435365820994818,1.377904937158538,100,0,1
2025.09.20,12:29:44,1.2830565045858227,1.3232845959466273,1.2552011440588466,1.2920864502826324,100,0,1
2025.09.20,12:30:44,1.2757972733407317,1.3347010877064875,1.1960525990466668,1.218792750914683,100,0,1
2025.09.20,12:31:44,1.312740284437248,1.347104282138466,1.2657559814066823,1.2750230892064727,100,0,1
2025.09.20,12:32:44,1.3253967602585177,1.3960815647999272,1.2767385476492592,1.2836835977802927,100,0,1
2025.09.20,12:33:44,1.3337232736428912,1.3735317258446902,1.2625007491955966,1.365355251093287,100,0,1
2025.09.20,12:34:44,1.366238092379926,1.4135451975006057,1.3261142920959788,1.4065576246835292,100,0,1
2025.09.20,12:35:44,1.5244778350988188,1.5800987330398935,1.4439957114647204,1.510318036157862,100,0,1
2025.09.20,12:36:44,1.4810623740369164,1.5263449205122583,1.433506248817101,1.4510171894552748,100,0,1
2025.09.20,12:37:44,1.4342308925069578,1.4855356210533284,1.3500608216037222,1.432926528040893,100,0,1
2025.09.20,12:38:44,1.4773609935339453,1.553987471491509,1.3908628263410627,1.4515653112841347,100,0,1
2025.09.20,12:39:44,1.517552347728475,1.5882133906707332,1.4891079334993875,1.5059514989999097,100,0,1
2025.09.20,12:40:44,1.51868101912232,1.5276653836878862,1.4816602295853132,1.4875851474956572,100,0,1
2025.09.20,12:41:44,1.4711353804149614,1.5198036395449068,1.3858622986745095,1.504834346537005,100,0,1
2025.09.20,12:42:44,1.5253207883270692,1.5530321728727088,1.4853101109600213,1.5507045124833443,100,0,1
2025.09.20,12:43:44,1.5399596050607807,1.597420101771907,1.5125159548628913,1.5752328110197718,100,0,1
2025.09.20,12:44:44,1.4921575166175927,1.5206253489298858,1.4369280662393196,1.4872300270352263,100,0,1
2025.09.20,12:45:44,1.450723773574227,1.4911264852511898,1.395699240925953,1.4817753727951875,100,0,1
2025.09.20,12:46:44,1.4687885469812445,1.5391865030157945,1.4191938347133741,1.4974509659430366,100,0,1
2025.09.20,12:47:44,1.4470378326392177,1.4866250308169275,1.3913449562204288,1.4429860392639582,100,0,1
2025.09.20,12:48:44,1.4804397848920754,1.510936658220585,1.4465357338608167,1.4665869178386275,100,0,1
2025.09.20,12:49:44,1.4650707739631015,1.5290843879452876,1.4278366254891082,1.4341737776991095,100,0,1
2025.09.20,12:50:44,1.5029744715163489,1.5724957812419638,1.476821969754607,1.552903820080951,100,0,1
2025.09.20,12:51:44,1.517483949743102,1.573559580980924,1.4806116203449764,1.55603631241078,100,0,1
2025.09.20,12:52:44,1.5836926767321506,1.6378256244692186,1.5613546790957848,1.576411188706265,100,0,1
2025.09.20,12:53:44,1.4728652263965176,1.5472480629622645,1.4276181631376943,1.433229342254486,100,0,1
2025.09.20,12:54:44,1.5063324002525056,1.5492168681430423,1.4459882345951303,1.525257431630366,100,0,1
2025.09.20,12:55:44,1.4168016936100711,1.46266818008782,1.3599393037679222,1.3817538177128577,100,0,1
2025.09.20,12:56:44,1.382251521184272,1.4288679180605433,1.340724555343576,1.3615554760494364,100,0,1
2025.09.20,12:57:44,1.3636730206075776,1.3678505442995441,1.328181010304481,1.3376037998055843,100,0,1
2025.09.20,12:58:44,1.3122870250819687,1.3988756159289255,1.2546552801363846,1.3786676657286432,100,0,1
2025.09.20,12:59:44,1.2144444761937458,1.2325831616637404,1.1270710159478026,1.2264711114665834,100,0,1
2025.09.20,13:00:44,1.247661096516868,1.3428026622240075,1.205039161274002,1.3218748830969695,100,0,1
2025.09.20,13:01:44,1.294177322770246,1.3242427934671814,1.2624951864998046,1.2719055529364878,100,0,1
2025.09.20,13:02:44,1.3526395780208456,1.4114091051585935,1.3325760636776358,1.3442726019756337,100,0,1
2025.09.20,13:03:44,1.3561604553966953,1.4360673686968992,1.3081718074602866,1.3459488919182558,100,0,1
2025.09.20,13:04:44,1.3093396561794848,1.3297785072664454,1.2065000095660336,1.2132703076903784,100,0,1
2025.09.20,13:05:44,1.3391019314109078,1.3915163414129337,1.3105048429768613,1.3606862451880248,100,0,1
2025.09.20,13:06:44,1.3215473067384165,1.4199922620549743,1.2609176272339284,1.3719054287249155,100,0,1
2025.09.20,13:07:44,1.3724440924646935,1.4396710249587807,1.3168365774661686,1.4006581958120523,100,0,1
2025.09.20,13:08:44,1.2983349437024965,1.3476915614193357,1.2219523159789127,1.3065812643631387,100,0,1
2025.09.20,13:09:44,1.361438819884717,1.416191726429961,1.3069943839045541,1.3793444236879573,100,0,1
2025.09.20,13:10:44,1.2972385884096937,1.3436318092357356,1.2446070312388087,1.288067590486945,100,0,1
2025.09.20,13:11:44,1.275218174844571,1.3402995523595445,1.212366852140603,1.3045521839344223,100,0,1
2025.09.20,13:12:44,1.2294372531983384,1.2781099182928668,1.1778379886921844,1.2348185674577499,100,0,1
2025.09.20,13:13:44,1.2054164178119031,1.2357622463005222,1.163530697107271,1.1978518473430468,100,0,1
2025.09.20,13:14:44,1.1782990868804692,1.2306375277793151,1.1344660643767683,1.159713544247084,100,0,1
2025.09.20,13:15:44,1.1060750374782122,1.1786138094317389,1.0494592974958985,1.0629383609439433,100,0,1
2025.09.20,13:16:44,1.2059615285943024,1.252808100891075,1.1708709809667748,1.1994245727818353,100,0,1
2025.09.20,13:17:44,1.2341136789039757,1.2742184398998102,1.1656912791888578,1.1958130654912988,100,0,1
2025.09.20,13:18:44,1.222434230405217,1.2783121558711048,1.1762191065947316,1.2619453231190778,100,0,1
2025.09.20,13:19:44,1.2322905160440887,1.2733994630308847,1.1844437095365326,1.2446375540896268,100,0,1
2025.09.20,13:20:44,1.1908896277381733,1.2249264576630068,1.1057839515054608,1.1575864682565995,100,0,1
2025.09.20,13:21:44,1.2637644454161792,1.312295667736725,1.233473614689483,1.2700192751546138,100,0,1
2025.09.20,13:22:44,1.3028160613938695,1.371897897375137,1.2678497059329847,1.3098476347484846,100,0,1
2025.09.20,13:23:44,1.3449310449484624,1.3832505337122962,1.2774318109787361,1.3052269397027432,100,0,1
2025.09.20,13:24:44,1.3321671419405117,1.4160275872892725,1.302619842254651,1.3430256207348825,100,0,1
2025.09.20,13:25:44,1.3248264767014357,1.409742739006361,1.2787275734200831,1.281028683170275,100,0,1
2025.09.20,13:26:44,1.274299163291975,1.3088573729387998,1.2152919211647157,1.266261254368137,100,0,1
2025.09.20,13:27:44,1.3046143709472326,1.3840049958269622,1.2725070528453075,1.355102278166363,100,0,1
2025.09.20,13:28:44,1.265874027789056,1.3164517900051842,1.2328165181197326,1.2741302588965995,100,0,1
2025.09.20,13:29:44,1.2736383237944955,1.3126569296826585,1.1927923565016367,1.240283497278191,100,0,1
2025.09.20,13:30:44,1.3271840312398087,1.3377357734607638,1.2631363195841652,1.2664465642047875,100,0,1
2025.09.20,13:31:44,1.2804844197863419,1.3158920520442414,1.2285366589314362,1.2981731411384945,100,0,1
2025.09.20,13:32:44,1.250400200589051,1.2899312488148635,1.2230578598091328,1.275945065496368,100,0,1
2025.09.20,13:33:44,1.2559993052025495,1.3029224080914559,1.1990059414484144,1.2435549269499528,100,0,1
2025.09.20,13:34:44,1.3029577925339475,1.3542276338352106,1.280013382479016,1.3180229766553089,100,0,1
2025.09.20,13:35:44,1.3449102930839507,1.4140448152299754,1.293253699876585,1.3721461343851762,100,0,1
2025.09.20,13:36:44,1.333172819247679,1.4070611826348332,1.2773963059757587,1.30290433492571,100,0,1
2025.09.20,13:37:44,1.428292756638965,1.4811757254658684,1.3971165061659105,1.424154234326567,100,0,1
2025.09.20,13:38:44,1.4570450880552661,1.5139296694271216,1.3993071183935382,1.4008776016926798,100,0,1
2025.09.20,13:39:44,1.4102388677500912,1.464676517995601,1.358860280363268,1.4612488563050832,100,0,1
2025.09.20,13:40:44,1.4323244777543918,1.4776767826350587,1.3676446168548908,1.4043117546024573,100,0,1
2025.09.20,13:41:44,1.3934662591409017,1.4810997584889494,1.3653914026402079,1.3816726085326072,100,0,1
2025.09.20,13:42:44,1.3134752878823455,1.3516655946846967,1.2564793164520343,1.2736010129125055,100,0,1
2025.09.20,13:43:44,1.230183865038972,1.325735520455845,1.2070382268871385,1.231232392187669,100,0,1
2025.09.20,13:44:44,1.1902421571033464,1.2340195808154837,1.1514168557237023,1.1826970353440027,100,0,1
2025.09.20,13:45:44,1.2013595779622226,1.2785642479652435,1.1388177323471598,1.2500315088377543,100,0,1
2025.09.20,13:46:44,1.1461237535984272,1.1952552539477344,1.0911273652651576,1.1818900325127446,100,0,1
2025.09.20,13:47:44,1.169743387775557,1.2665012453387772,1.1124218784762514,1.2129150447903034,100,0,1
2025.09.20,13:48:44,1.2582043009683626,1.294938375455021,1.2228771495693969,1.2910558898307765,100,0,1
2025.09.20,13:49:44,1.3267092439839705,1.3543827285765317,1.3001968858997452,1.3135242135411982,100,0,1
2025.09.20,13:50:44,1.3037836107726597,1.375232849126312,1.2544103565958675,1.360588346683482,100,0,1
2025.09.20,13:51:44,1.2649991265636789,1.346936680458351,1.215707029802371,1.258926504272627,100,0,1
2025.09.20,13:52:44,1.3132322361016089,1.37457612811133,1.2391232514508341,1.3243840556576045,100,0,1
2025.09.20,13:53:44,1.3328108999408061,1.3732116390056086,1.2924134943436767,1.3125523146744682,100,0,1
2025.09.20,13:54:44,1.3222271394709806,1.3669099662524575,1.2745534191387964,1.288860860952664,100,0,1
2025.09.20,13:55:44,1.2440609583253495,1.2723127252722346,1.2030326667857905,1.2636305879466905,100,0,1
2025.09.20,13:56:44,1.2631937003589244,1.3061153781881596,1.2223056144514224,1.2388417744089475,100,0,1
2025.09.20,13:57:44,1.2857541418591476,1.3618076754003645,1.2149021800578,1.2181380310659984,100,0,1
2025.09.20,13:58:44,1.207595733238015,1.2623751995453165,1.1870621784241766,1.2101607620589774,100,0,1
2025.09.20,13:59:44,1.1502701238930766,1.2350545001436024,1.0732114176809018,1.2017808288185456,100,0,1
2025.09.20,14:00:44,1.1706562490564152,1.2302467764724483,1.1221864319824195,1.198331256624508,100,0,1
2025.09.20,14:01:44,1.1560975889714231,1.2067365711932387,1.1060480613816035,1.1536977247336493,100,0,1
2025.09.20,14:02:44,1.1419083209254233,1.2042069715596662,1.1132414330999683,1.1411982705654962,100,0,1
2025.09.20,14:03:44,1.1676329584301335,1.2173043151486052,1.145926729118279,1.2041836039859297,100,0,1
2025.09.20,14:04:44,1.2022479813214466,1.2197058641210645,1.1456580064393678,1.1937273768706782,100,0,1
2025.09.20,14:05:44,1.2362451248336441,1.2833804302605336,1.1821909488309355,1.2577705635087588,100,0,1
2025.09.20,14:06:44,1.1365471818252075,1.2041994110766467,1.057200636029198,1.121099101912058,100,0,1
2025.09.20,14:07:44,1.1001865903363377,1.137334413909568,1.0651943642392236,1.13558742344951,100,0,1
2025.09.20,14:08:44,1.0253472099948306,1.0897195646634217,0.969436478705286,0.9876150154552967,100,0,1
2025.09.20,14:09:44,1.046039600969504,1.070430268445696,0.9894491954468878,1.0481370126298795,100,0,1
2025.09.20,14:10:44,0.9270042437540944,1.0089605517764466,0.8544592089032218,0.9847388903511887,100,0,1
2025.09.20,14:11:44,0.8850951823506451,0.918526118263304,0.8322833460701133,0.9021463219497219,100,0,1
2025.09.20,14:12:44,0.8692668044493139,0.9260895837798527,0.8339759136023636,0.8880603204769271,100,0,1
2025.09.20,14:13:44,0.8654634656918484,0.9306795805965168,0.8272617146441139,0.8298135663518263,100,0,1
2025.09.20,14:14:44,0.8573338106490838,0.9126986235129732,0.8308812902632825,0.9038098201265488,100,0,1
2025.09.20,14:15:44,0.9078497681739487,0.9289077342498882,0.8829669236017481,0.8908094767827373,100,0,1
2025.09.20,14:16:44,0.8465788146115019,0.9325658782045498,0.7920232502493004,0.9222851696708869,100,0,1
2025.09.20,14:17:44,0.8319091880275624,0.8993594349379346,0.8269197822983995,0.8983539034448395,100,0,1
2025.09.20,14:18:44,0.8523418585483659,0.9135043285235164,0.83801525759232,0.9110901612779129,100,0,1
2025.09.20,14:19:44,0.810169966404506,0.8611798651356655,0.7515140834908979,0.8565695732611902,100,0,1
2025.09.20,14:20:44,0.7361299095289199,0.8061075115577843,0.6348129291859197,0.7963844138362108,100,0,1
2025.09.20,14:21:44,0.6044529036615942,0.6785240907786199,0.5508621070578965,0.6483545470807804,100,0,1
2025.09.20,14:22:44,0.6543000553425523,0.7040367387790359,0.6029613296446409,0.6555141181393602,100,0,1
2025.09.20,14:23:44,0.6588946268855016,0.6968060858734727,0.6114387647804018,0.6931257992363793,100,0,1
2025.09.20,14:24:44,0.6317690248608876,0.6828292782516652,0.5635391117027722,0.6004200691288475,100,0,1
2025.09.20,14:25:44,0.553609218871108,0.6194913746673606,0.5265041973650884,0.6033631557792256,100,0,1
2025.09.20,14:26:44,0.5704464198434066,0.6163307578327988,0.5139477045308728,0.5548752794164974,100,0,1
2025.09.20,14:27:44,0.5881148626096717,0.6637121357871936,0.5182083511343566,0.6051357576451498,100,0,1
2025.09.20,14:28:44,0.6457275314841358,0.676830263020325,0.5993112055451525,0.6245437587655399,100,0,1
2025.09.20,14:29:44,0.6891904833308419,0.7403965531112563,0.6168892176341727,0.6312859372006449,100,0,1
2025.09.20,14:30:44,0.6270111952208914,0.6739839174163689,0.6011616948195065,0.6263510830238127,100,0,1
2025.09.20,14:31:44,0.6531064001801926,0.6868358008251404,0.5622272275236398,0.5904792572578069,100,0,1
2025.09.20,14:32:44,0.7134900955889626,0.7643775578436673,0.6381303514347609,0.6745760722439288,100,0,1
2025.09.20,14:33:44,0.68088787195782,0.7308386544033286,0.6368201894424999,0.6465955250782099,100,0,1
2025.09.20,14:34:44,0.6153123467486615,0.6517797424966593,0.5696694981206067,0.6020329238174887,100,0,1
2025.09.20,14:35:44,0.6460835081118936,0.7091795271900792,0.5576634446584762,0.6880004910240868,100,0,1
2025.09.20,14:36:44,0.6278201782789015,0.6605387134455375,0.6012022715906347,0.6508753711323573,100,0,1
2025.09.20,14:37:44,0.6067012148188237,0.6856664150689761,0.5932620627308037,0.6512453757627772,100,0,1
2025.09.20,14:38:44,0.6508876984278474,0.7065444700242219,0.6007984556294121,0.6569447292775669,100,0,1
2025.09.20,14:39:44,0.6894494545391003,0.7398009144581257,0.6458430714120056,0.7378829808317775,100,0,1
2025.09.20,14:40:44,0.6762873260351417,0.7340273391461042,0.6070005449427329,0.6434681975787475,100,0,1
2025.09.20,14:41:44,0.7150719387562473,0.7405639049358385,0.6402798954612549,0.7218188596511841,100,0,1
2025.09.20,14:42:44,0.7908204900098745,0.832233147367841,0.7424350785845992,0.7559615679331406,100,0,1
2025.09.20,14:43:44,0.7919710726307666,0.8490266291332814,0.7860551198635317,0.7967872784678816,100,0,1
2025.09.20,14:44:44,0.8248364765303642,0.8712975636862437,0.7822294774538384,0.8548907150723507,100,0,1
2025.09.20,14:45:44,0.8511690457485726,0.9230286470733406,0.7587877345483753,0.7831062975943451,100,0,1
2025.09.20,14:46:44,0.8897843982681636,0.9321882608085447,0.8092255023597823,0.8817298214675816,100,0,1
2025.09.20,14:47:44,0.9109137131065573,0.970307010697752,0.8721761262717652,0.8814322787780119,100,0,1
2025.09.20,14:48:44,0.9280826914515866,0.9828907524516552,0.9021963028119356,0.9076215463423327,100,0,1
2025.09.20,14:49:44,0.8939461764796388,0.9598773176070645,0.8253262134244923,0.9007763228655614,100,0,1
2025.09.20,14:50:44,0.8948381792279518,0.9595714331630388,0.8464931592613362,0.9468126179292629,100,0,1
2025.09.20,14:51:44,0.7940214649093069,0.857733877813786,0.7725567066411241,0.7950556224861098,100,0,1
2025.09.20,14:52:44,0.757108416780575,0.8306890899256729,0.720419158791216,0.8062453652229196,100,0,1
2025.09.20,14:53:44,0.742600405577755,0.7499140377751291,0.6561454493958746,0.71211560634548,100,0,1
2025.09.20,14:54:44,0.7286922128766342,0.7572350731778149,0.6927776930933333,0.7263483389254142,100,0,1
2025.09.20,14:55:44,0.679645927973695,0.7214038133906203,0.6133331608360941,0.633315749028472,100,0,1
2025.09.20,14:56:44,0.6888795493730451,0.7188137946560892,0.6159934249023185,0.7002272654857973,100,0,1
2025.09.20,14:57:44,0.6854967881748545,0.7358374213325859,0.6189111362594597,0.633114201284221,100,0,1
2025.09.20,14:58:44,0.703293238717537,0.7659377831460934,0.6715832073404946,0.733213787356844,100,0,1
2025.09.20,14:59:44,0.7333363595788591,0.7774391104819464,0.6717440477231432,0.6903704690917071,100,0,1
2025.09.20,15:00:44,0.7620412557886956,0.7997707322768608,0.7251707326665844,0.7938763374056149,100,0,1
2025.09.20,15:01:44,0.8675517325560878,0.9223564892932339,0.8645490048371262,0.8771990657676801,100,0,1
2025.09.20,15:02:44,0.857764300673163,0.9456414064004122,0.8239105528498192,0.8878722498208633,100,0,1
2025.09.20,15:03:44,0.803441882275282,0.8558637436624793,0.7310295791500191,0.7812539801090921,100,0,1
2025.09.20,15:04:44,0.7253008445372571,0.7659302246619474,0.664192589727875,0.6843197282079688,100,0,1
2025.09.20,15:05:44,0.7394293035298698,0.8056979703129559,0.6725085474621828,0.6829382325967174,100,0,1
2025.09.20,15:06:44,0.7097334076579263,0.7752135946462335,0.6347628167857997,0.7029890031278757,100,0,1
2025.09.20,15:07:44,0.7578574491162048,0.8448963175385028,0.7336650638407344,0.7505163286479334,100,0,1
2025.09.20,15:08:44,0.8426910281162033,0.8992350703763516,0.8044213376851883,0.8228310197990257,100,0,1
2025.09.20,15:09:44,0.8669441863005194,0.9132232180244124,0.8385414119947144,0.8789448555361908,100,0,1
2025.09.20,15:10:44,0.9899252309861667,1.0648151735233888,0.9164835858164789,1.0642469920878688,100,0,1
2025.09.20,15:11:44,0.9305785466251436,0.9824123690422312,0.919480570421597,0.9810110836400129,100,0,1
2025.09.20,15:12:44,0.9778908013266217,1.0193184538823847,0.9205255497212439,0.9468692547372151,100,0,1
2025.09.20,15:13:44,1.0514566785813968,1.0783659433077266,0.9872682196562312,1.0608456605982775,100,0,1
2025.09.20,15:14:44,1.0837856082709598,1.1464547763299306,1.0284496464760033,1.0567246181652346,100,0,1
2025.09.20,15:15:44,1.09708002533831,1.1443349832531373,1.0559629325284434,1.0777724266593773,100,0,1
2025.09.20,15:16:44,1.1325664503010267,1.171963180542373,1.0902345741065895,1.142305183215113,100,0,1
2025.09.20,15:17:44,1.0854612269077437,1.135709568391244,1.0133748996269856,1.0543125253333274,100,0,1
2025.09.20,15:18:44,1.1582357417293203,1.2194872095324922,1.114334277215261,1.1204782983475992,100,0,1
2025.09.20,15:19:44,1.2032849900822824,1.2679938122509489,1.1387894016271252,1.2419924637142454,100,0,1
2025.09.20,15:20:44,1.1614172142337427,1.2116849948901045,1.1055423884620355,1.1218328468460874,100,0,1
2025.09.20,15:21:44,1.183550943705563,1.210115063713923,1.1215592023606717,1.1725259290483576,100,0,1
2025.09.20,15:22:44,1.06010221082645,1.0832208310453906,0.9986017169988594,1.0159200533763546,100,0,1
2025.09.20,15:23:44,1.037844258928421,1.0604351394646832,0.9833135276396252,1.008440831467791,100,0,1
2025.09.20,15:24:44,1.0257251458892849,1.0802134174323799,0.9912524391032647,1.0197516205533388,100,0,1
2025.09.20,15:25:44,1.0185850459491967,1.0703888529156198,1.0155815203469152,1.0525451339052116,100,0,1
2025.09.20,15:26:44,1.0502976726606468,1.09424197096819,1.0076880248549451,1.065026001083978,100,0,1
2025.09.20,15:27:44,1.0227189185311911,1.0523591635071534,0.959872102096099,1.0411483912974226,100,0,1
2025.09.20,15:28:44,1.0823345929864059,1.1659519886112981,1.0522335441821404,1.1597684066720306,100,0,1
2025.09.20,15:29:44,1.0995232016403145,1.1554610932562124,1.0287256315152198,1.0462021040674798,100,0,1
2025.09.20,15:30:44,0.9938756523066594,1.0158018312226482,0.9265051961872607,0.9499009089209344,100,0,1
2025.09.20,15:31:44,1.076332579603067,1.1556620052414777,1.000550784997241,1.121706873306306,100,0,1
2025.09.20,15:32:44,1.020064181505531,1.05839806164182,0.9605566034374644,1.0216293590086634,100,0,1
2025.09.20,15:33:44,0.9696384815370465,1.0344566475752661,0.898738394510144,0.9943073537634791,100,0,1
2025.09.20,15:34:44,0.9547575046882629,0.9985174515872661,0.8776425100036728,0.9793871317026601,100,0,1
2025.09.20,15:35:44,0.9273103521242434,0.981033889496931,0.9016512657837868,0.950286948779776,100,0,1
2025.09.20,15:36:44,0.97200482383802,1.0402499379075285,0.9002395307109132,0.946575064607322,100,0,1
2025.09.20,15:37:44,0.9018923091933454,0.9168919002198027,0.8837271539356554,0.9082686085284082,100,0,1
2025.09.20,15:38:44,0.8451930660907152,0.9302409274781782,0.7759889682316854,0.825623617660037,100,0,1
2025.09.20,15:39:44,0.80561777368163,0.8508481771659134,0.7201746670266651,0.8275469626792414,100,0,1
2025.09.20,15:40:44,0.8060526084214159,0.852582177738523,0.7586857609276271,0.801589684394813,100,0,1
2025.09.20,15:41:44,0.7727346905721361,0.8482787736743,0.7557846473598384,0.7699301345231446,100,0,1
2025.09.20,15:42:44,0.7919387027886803,0.8030558774758848,0.730071689340605,0.7740632702518814,100,0,1
2025.09.20,15:43:44,0.7894101494078307,0.8171826646440423,0.7248957041436328,0.7752465405838691,100,0,1
2025.09.20,15:44:44,0.7650605530513469,0.7925454116062802,0.7507481707482455,0.7922594248802104,100,0,1
2025.09.20,15:45:44,0.7838860721331087,0.8416460017824472,0.7720427680057097,0.828927459560538,100,0,1
2025.09.20,15:46:44,0.7457788714335005,0.7982229999188005,0.6933797093071973,0.732206176085417,100,0,1
2025.09.20,15:47:44,0.7615363244747769,0.8052045035464406,0.7371083316635568,0.742507125912047,100,0,1
2025.09.20,15:48:44,0.6312760878257697,0.6692631957910997,0.5536728734371672,0.5744969542821293,100,0,1
2025.09.20,15:49:44,0.6335725056781072,0.701406359850971,0.6047146316936713,0.6762372817940747,100,0,1
2025.09.20,15:50:44,0.658916025442343,0.726042395942723,0.6173566960841093,0.6876646475403309,100,0,1
2025.09.20,15:51:44,0.605716157730234,0.6436259178501502,0.5384475381614803,0.5472703099974222,100,0,1
2025.09.20,15:52:44,0.6939264776909878,0.7331981958926268,0.6409722673653122,0.7244005858093482,100,0,1
2025.09.20,15:53:44,0.6162202165770257,0.675626808823278,0.5423774941364329,0.5863678944111088,100,0,1
2025.09.20,15:54:44,0.6005521092958924,0.6556510268521221,0.5396824223638496,0.5812639982928101,100,0,1
2025.09.20,15:55:44,0.6473300951574038,0.7052818052716815,0.5977795192144424,0.6296780883260769,100,0,1
2025.09.20,15:56:44,0.608432958154491,0.6656857003708336,0.5726604351899898,0.5782724663437264,100,0,1
2025.09.20,15:57:44,0.5682997988415501,0.6065751025807973,0.46813616419384885,0.5696263086511667,100,0,1
2025.09.20,15:58:44,0.6223453130375607,0.7046382303232098,0.5799639230335804,0.6905856754748204,100,0,1
2025.09.20,15:59:44,0.6599337563747929,0.7190565974875276,0.6283491953250346,0.7071144911376681,100,0,1
2025.09.20,16:00:44,0.6739476483986332,0.7278895032291212,0.6392566643022766,0.6695317554114207,100,0,1
2025.09.20,16:01:44,0.6583134823390823,0.6704266822395679,0.5779970843003461,0.6464562606949386,100,0,1
2025.09.20,16:02:44,0.6977573615251247,0.7383306101010527,0.6534999517343794,0.7113880398537754,100,0,1
2025.09.20,16:03:44,0.7345685570913304,0.790740680229606,0.6788243260607859,0.7522761415796211,100,0,1
2025.09.20,16:04:44,0.7148609379923018,0.7635808198930482,0.6665626981665317,0.6841245327160845,100,0,1
2025.09.20,16:05:44,0.7006023663876381,0.7875158200404134,0.6610037098616193,0.6997533878561268,100,0,1
2025.09.20,16:06:44,0.7365652667997261,0.8155668637696152,0.6684554717170307,0.6997148074235148,100,0,1
2025.09.20,16:07:44,0.7397351914077436,0.7691487750684549,0.7002368445793856,0.7102668912544247,100,0,1
2025.09.20,16:08:44,0.6545106352362794,0.6769955695141765,0.6016963979122069,0.6249949881868442,100,0,1
2025.09.20,16:09:44,0.6749866262766644,0.7479784860387192,0.6576341223610284,0.71876660841771,100,0,1
2025.09.20,16:10:44,0.6185023101043651,0.6525133512790375,0.573204270651019,0.6234584278884542,100,0,1
2025.09.20,16:11:44,0.6633551705184842,0.7118582435983065,0.6260295050484296,0.6557264045030432,100,0,1
2025.09.20,16:12:44,0.6346907450565809,0.6787772575051019,0.6078310504903027,0.6370792000518366,100,0,1
2025.09.20,16:13:44,0.592214121034722,0.6811761980256814,0.5686886952047211,0.5757095847817657,100,0,1
2025.09.20,16:14:44,0.4290014426965754,0.5054985840223758,0.36775240704380796,0.4996738595861877,100,0,1
2025.09.20,16:15:44,0.42052771276423273,0.46991054059825443,0.3356462286271852,0.4083549688490807,100,0,1
2025.09.20,16:16:44,0.4336227649992107,0.4630698740289963,0.36924961423235475,0.4536782897170806,100,0,1
2025.09.20,16:17:44,0.41879054165954643,0.45878631891665655,0.38219469167880166,0.41525909227305635,100,0,1
2025.09.20,16:18:44,0.3289236717171683,0.3674316305238064,0.2616484230992382,0.2854300214736396,100,0,1
2025.09.20,16:19:44,0.3286746086443939,0.35040767419565755,0.2769801407575218,0.35030696265184197,100,0,1
2025.09.20,16:20:44,0.3430332344570177,0.38176097591306624,0.250509685840527,0.3259929869098624,100,0,1
2025.09.20,16:21:44,0.3519554906449607,0.36038306853126817,0.29870458073294714,0.30565303585866826,100,0,1
2025.09.20,16:22:44,0.4217761348914337,0.4494790689023418,0.3641673899971332,0.376862865453683,100,0,1
2025.09.20,16:23:44,0.48077307372861555,0.5432022398091846,0.4400194323001974,0.5209878656225793,100,0,1
2025.09.20,16:24:44,0.4992463700177064,0.5683151249594385,0.44887658064485964,0.4736304073989165,100,0,1
2025.09.20,16:25:44,0.5354029699181725,0.6350372380257611,0.48472209644206604,0.5472221017424255,100,0,1
2025.09.20,16:26:44,0.5635459621733783,0.628424489919508,0.5178394722115783,0.5853368404994468,100,0,1
2025.09.20,16:27:44,0.5282882568121395,0.5927911933415441,0.485590756868334,0.50448258041476,100,0,1
2025.09.20,16:28:44,0.39676775532429226,0.44707044406498736,0.37044440395532496,0.37520042861500513,100,0,1
2025.09.20,16:29:44,0.42325678051327015,0.521720067081458,0.3540819331469187,0.4564973491774753,100,0,1
2025.09.20,16:30:44,0.429416342697606,0.44264202716105294,0.40088176625810046,0.43670216291318914,100,0,1
2025.09.20,16:31:44,0.3566377182487271,0.40191307717217306,0.3260651630975481,0.3963916161346827,100,0,1
2025.09.20,16:32:44,0.37073560858783705,0.445833215008354,0.3330570626123133,0.3818598976341836,100,0,1
2025.09.20,16:33:44,0.3624086434135134,0.44243163539532354,0.31743609926390565,0.3970768292763017,100,0,1
2025.09.20,16:34:44,0.34277452859500196,0.39581632297996716,0.30133105828331685,0.391759053533037,100,0,1
2025.09.20,16:35:44,0.274594945603202,0.29527220880741656,0.21146724633316308,0.2834659137615987,100,0,1
2025.09.20,16:36:44,0.275188769389684,0.3378069760107768,0.25134604817287,0.2658380427506591,100,0,1
2025.09.20,16:37:44,0.1602620889996088,0.23194901999509684,0.10250821824738537,0.12590022796534314,100,0,1
2025.09.20,16:38:44,0.15633176700356408,0.2109395928477526,0.11338820238066841,0.20081596529193335,100,0,1
2025.09.20,16:39:44,0.16978379572696634,0.24160454853289465,0.13025178758437891,0.14408500986530248,100,0,1
2025.09.20,16:40:44,0.10454323863085874,0.14248018404724722,0.062198660185784384,0.09037159173924864,100,0,1
2025.09.20,16:41:44,0.13118407167460017,0.176113434887538,0.07299980592610629,0.08737013023089438,100,0,1
2025.09.20,16:42:44,0.19027109490209024,0.21337463307167975,0.13633761542899334,0.15286829293712853,100,0,1
2025.09.20,16:43:44,0.21198100539791723,0.2596492668726867,0.1538895720293677,0.20258491638504766,100,0,1
2025.09.20,16:44:44,0.3102470739676562,0.3739533659544642,0.2989627290322508,0.3290897739838148,100,0,1
2025.09.20,16:45:44,0.3219607230295405,0.41137015006030253,0.3006020277432873,0.39413599758645734,100,0,1
2025.09.20,16:46:44,0.3911358422570072,0.42730281465119924,0.37034903271969055,0.3927968661637421,100,0,1
2025.09.20,16:47:44,0.42225125683673437,0.4731541273067807,0.35981812782796135,0.40044800974041744,100,0,1
2025.09.20,16:48:44,0.36864344165322177,0.44944238652496016,0.3398258075654086,0.4412579273336203,100,0,1
2025.09.20,16:49:44,0.34602882894849757,0.4314668260181448,0.3012057377436693,0.3435813275985218,100,0,1
2025.09.20,16:50:44,0.3075145218892078,0.33836469012254633,0.24147617600400972,0.32528221540819047,100,0,1
2025.09.20,16:51:44,0.3492240146874577,0.38618958408439324,0.26124044272005287,0.29560443466407477,100,0,1
2025.09.20,16:52:44,0.33694012995662664,0.4152401496675948,0.3022934256187505,0.30606330960478684,100,0,1
2025.09.20,16:53:44,0.3496558347386954,0.42395476803115,0.3099966598777593,0.3838309070522913,100,0,1
2025.09.20,16:54:44,0.34650912451560945,0.39089599830415256,0.3237648472721128,0.3819820725429599,100,0,1
2025.09.20,16:55:44,0.3300695851937848,0.40086349459114895,0.2618086952370645,0.33220451722901184,100,0,1
2025.09.20,16:56:44,0.3422657503602221,0.3642520739429299,0.3083017584813302,0.31948249338916757,100,0,1
2025.09.20,16:57:44,0.36459364417796103,0.4303294512633066,0.3632626143655996,0.40296586800116097,100,0,1
2025.09.20,16:58:44,0.4996319262115309,0.554328121763832,0.4327908588192238,0.5102706445389561,100,0,1
2025.09.20,16:59:44,0.514952113131223,0.5506295301404192,0.485592921776877,0.4866206403139091,100,0,1
2025.09.20,17:00:44,0.49605229015751623,0.5366359707587238,0.42939205012629106,0.4767652546032258,100,0,1
2025.09.20,17:01:44,0.35831648560971974,0.3844926458207297,0.3473459089314056,0.3516372451744369,100,0,1
2025.09.20,17:02:44,0.36280870510593954,0.41674923179651513,0.27689984325389916,0.3927768134090589,100,0,1
2025.09.20,17:03:44,0.3819982328687512,0.4132995095848027,0.3097812412772948,0.3653018981347983,100,0,1
2025.09.20,17:04:44,0.43783631770272974,0.526570278848013,0.3325595853785805,0.37857538906262345,100,0,1
2025.09.20,17:05:44,0.4993752487115645,0.5649111459899712,0.45922574166552216,0.5347681322261864,100,0,1
2025.09.20,17:06:44,0.5772379846901358,0.6135654463683643,0.5362846828929387,0.6084762587619404,100,0,1
2025.09.20,17:07:44,0.5803592066146885,0.6041813724030474,0.5440327125328691,0.5661568868987171,100,0,1
2025.09.20,17:08:44,0.5800153712578665,0.6454356510583419,0.5341125625026901,0.5505938580121915,100,0,1
2025.09.20,17:09:44,0.5243432137802201,0.5663543199791943,0.47121215559691715,0.551006700205481,100,0,1
2025.09.20,17:10:44,0.5021107152175764,0.5815380297238291,0.4253677776021918,0.511925729586004,100,0,1
2025.09.20,17:11:44,0.5321716877232836,0.570299627902107,0.4931260781939055,0.5542906260364522,100,0,1
2025.09.20,17:12:44,0.5814103088088038,0.6108306844565038,0.5415360918385146,0.5792389088879243,100,0,1
2025.09.20,17:13:44,0.5734669846933113,0.6241918778784505,0.5254511971848976,0.6091899273043165,100,0,1
2025.09.20,17:14:44,0.5481913164003076,0.630600731656601,0.4885048662474065,0.5148262922022636,100,0,1
2025.09.20,17:15:44,0.4903432070723042,0.512833878053858,0.44601613011834296,0.447735078339016,100,0,1
2025.09.20,17:16:44,0.5808732979298915,0.62528368654508,0.5022341248777391,0.5192855800367736,100,0,1
2025.09.20,17:17:44,0.5519388596942995,0.6039090728355022,0.5245612535297443,0.5717884757714657,100,0,1
2025.09.20,17:18:44,0.5941634370939323,0.6637897726309311,0.5215863567201076,0.5837723899375449,100,0,1
2025.09.20,17:19:44,0.5897257944887979,0.6475567248491343,0.5812583897558222,0.5814656020359177,100,0,1
2025.09.20,17:20:44,0.5491916574029095,0.5969983745194705,0.5431202443216931,0.5823315324671969,100,0,1
2025.09.20,17:21:44,0.4756857445505608,0.5113693342945635,0.4357207166494306,0.5096683344279451,100,0,1
2025.09.20,17:22:44,0.47827722586601634,0.5467328639786256,0.4212167250962812,0.48069544394186126,100,0,1
2025.09.20,17:23:44,0.4447888772308163,0.5009907626693322,0.3776480856075587,0.43428815517000163,100,0,1
2025.09.20,17:24:44,0.4333314130515553,0.48497095786946337,0.3691521889561006,0.4416920647745971,100,0,1
2025.09.20,17:25:44,0.4164949773859811,0.46415189405125734,0.374307845338148,0.4531261608957755,100,0,1
2025.09.20,17:26:44,0.3597692293660183,0.44344623486060053,0.34012436333977536,0.38948753672060293,100,0,1
2025.09.20,17:27:44,0.4325924313557245,0.47581349960061103,0.37546465570611526,0.44079178885710396,100,0,1
2025.09.20,17:28:44,0.34108259264884044,0.38893480478972886,0.258691193878177,0.35839443521913505,100,0,1
2025.09.20,17:29:44,0.32188874305846704,0.37061680527189067,0.2817800694124013,0.3038477650421832,100,0,1
2025.09.20,17:30:44,0.31463055313215377,0.34084531760091497,0.2598903255533241,0.33039682820021604,100,0,1
2025.09.20,17:31:44,0.31195541212715655,0.3669781220804955,0.2675932998143952,0.3100424454059646,100,0,1
2025.09.20,17:32:44,0.33738466230384007,0.41259737157794935,0.27567118445702915,0.3974819311610289,100,0,1
2025.09.20,17:33:44,0.33419181478099347,0.3742088878441621,0.33208591716217994,0.3495970778760466,100,0,1
2025.09.20,17:34:44,0.34109050573569966,0.41086846512538966,0.28474154879875774,0.30652767331284203,100,0,1
2025.09.20,17:35:44,0.36914665406196207,0.4024967258872416,0.29683930437908407,0.38741268920657657,100,0,1
2025.09.20,17:36:44,0.3500261361265583,0.39177774854408165,0.29198120563080926,0.3109534778619676,100,0,1
2025.09.20,17:37:44,0.24905796719022144,0.27822565206685335,0.18202759017895853,0.22357779151574864,100,0,1
2025.09.20,17:38:44,0.2033846425330479,0.2383706998237503,0.14263721983755268,0.1958719968090701,100,0,1
2025.09.20,17:39:44,0.218012998226778,0.2938060045000063,0.15019993385460997,0.22840542139767023,100,0,1
2025.09.20,17:40:44,0.3101608762636634,0.37664898842831873,0.2593516297214845,0.3210280495700405,100,0,1
2025.09.20,17:41:44,0.32679159931781315,0.3444227257954706,0.24212778922397882,0.3430712796349333,100,0,1
2025.09.20,17:42:44,0.3158258986694285,0.36039395409464114,0.26646264957485516,0.2991825973164986,100,0,1
2025.09.20,17:43:44,0.27307882346487394,0.3337039031449727,0.19569643845269932,0.3301392680391112,100,0,1
2025.09.20,17:44:44,0.2568211818351733,0.28526867985670346,0.24636446498718334,0.25955767699938354,100,0,1
2025.09.20,17:45:44,0.25147803453736484,0.2956308064841491,0.2051066869910392,0.24091616566049817,100,0,1
2025.09.20,17:46:44,0.2677374481889046,0.3452282686242324,0.2130717760089458,0.32714006810126744,100,0,1
2025.09.20,17:47:44,0.278428518292351,0.3372761486205446,0.2153731328129746,0.24913440472184392,100,0,1
2025.09.20,17:48:44,0.23131388889352977,0.29012221306753494,0.1694830094749683,0.2506714277062819,100,0,1
2025.09.20,17:49:44,0.21622612891170623,0.29415365369679997,0.18798590497699028,0.19078826802907398,100,0,1
2025.09.20,17:50:44,0.21943099313590145,0.2806265553228034,0.17034639064616514,0.17134635526060427,100,0,1
2025.09.20,17:51:44,0.22273844440566973,0.2537866616556175,0.19286982113634768,0.19770926017803284,100,0,1
2025.09.20,17:52:44,0.19873924450029776,0.27658055151246197,0.15315026792817543,0.15514222569191483,100,0,1
2025.09.20,17:53:44,0.20074248700230024,0.2574105517368952,0.13052974517528254,0.1712935371979059,100,0,1
2025.09.20,17:54:44,0.19239181389844726,0.23068549520180281,0.11947046109754474,0.14677233282333252,100,0,1
2025.09.20,17:55:44,0.23489070222967198,0.2870373557137734,0.23426654660605897,0.24582563598903798,100,0,1
2025.09.20,17:56:44,0.19042615641139893,0.2216932675034191,0.15657037097970394,0.2149992738917171,100,0,1
2025.09.20,17:57:44,0.25647952928423307,0.3297772203043441,0.20446230818541164,0.22702746185795303,100,0,1
2025.09.20,17:58:44,0.30077889811940867,0.3590135019066776,0.28176406126126025,0.343929259962547,100,0,1
2025.09.20,17:59:44,0.2677806772752987,0.31394585084427845,0.2511130335057472,0.26281645513071333,100,0,1
2025.09.20,18:00:44,0.36671384297397996,0.4673988445068386,0.2953503025120805,0.4004948874805862,100,0,1
2025.09.20,18:01:44,0.3792513085321924,0.4193289789474744,0.30635666322985655,0.3580479677376269,100,0,1
2025.09.20,18:02:44,0.2735168777687389,0.3111677828679755,0.23262993744533858,0.2986538587637622,100,0,1
2025.09.20,18:03:44,0.24551361675579522,0.30083131196620794,0.1921446487168778,0.2521471794404467,100,0,1
2025.09.20,18:04:44,0.19952331868894263,0.25254476613173843,0.1415990354589694,0.18131586095619073,100,0,1
2025.09.20,18:05:44,0.16191018911910895,0.19153044993091237,0.08990556665009299,0.16648589395413108,100,0,1
2025.09.20,18:06:44,0.16549005409462275,0.26285606237323994,0.12492258587423342,0.20139016267354898,100,0,1
2025.09.20,18:07:44,0.177281159449872,0.24622357187718102,0.1576848420197851,0.1669175479173522,100,0,1
2025.09.20,18:08:44,0.17690049425486007,0.19852280347345513,0.11448419634573591,0.1286768915464896,100,0,1
2025.09.20,18:09:44,0.16356247863191847,0.21107165569403577,0.12179330887880385,0.19102667781145807,100,0,1
2025.09.20,18:10:44,0.1256008729794989,0.1698160087261812,0.038524857606813734,0.05239503967966597,100,0,1
2025.09.20,18:11:44,0.11605702162431118,0.17905636631475685,0.0635768904186566,0.06711632852631176,100,0,1
2025.09.20,18:12:44,0.13430605971255713,0.17375238019564077,0.08298786813124001,0.13513521920983512,100,0,1
2025.09.20,18:13:44,0.07927352954954411,0.14927179033956633,0.03658049553287316,0.08109373165501033,100,0,1
2025.09.20,18:14:44,0.12574017941944104,0.20012677019755265,0.07070715548838144,0.16815622746509634,100,0,1
2025.09.20,18:15:44,0.13355983456821982,0.17168294857822405,0.11097182268248351,0.15196679376223254,100,0,1
2025.09.20,18:16:44,0.1465601339764389,0.17268729347731665,0.1339061883721981,0.1480752251455875,100,0,1
2025.09.20,18:17:44,0.13994151743449088,0.17187659597223243,0.08021131422836351,0.13557090048553683,100,0,1
2025.09.20,18:18:44,0.1805483383496242,0.2546571092949929,0.12188250484481383,0.15835252272330733,100,0,1
2025.09.20,18:19:44,0.16784257385484508,0.23730323518305074,0.09062689025076676,0.09901899538200495,100,0,1
2025.09.20,18:20:44,0.11462208433008898,0.16330526199854245,0.0664051422253838,0.06833077773380983,100,0,1
2025.09.20,18:21:44,0.11966514400118379,0.21553565762020865,0.057643209353202635,0.19287670951320518,100,0,1
2025.09.20,18:22:44,0.14941323860714828,0.18465068065229248,0.13168856933962764,0.17318140114902822,100,0,1
2025.09.20,18:23:44,0.19573214746264087,0.25027396111237876,0.17477868912144243,0.24867025359446782,100,0,1
2025.09.20,18:24:44,0.1735528732927423,0.2291547126687799,0.13265298651989363,0.20966522142924354,100,0,1
2025.09.20,18:25:44,0.16398478344702203,0.23545861114528596,0.09151093096063703,0.22449151801172532,100,0,1
2025.09.20,18:26:44,0.20556653051739113,0.2835085172946508,0.15715499259035529,0.2623497877586601,100,0,1
2025.09.20,18:27:44,0.21598982576151496,0.2649645939808145,0.21593552560316767,0.26358508239866046,100,0,1
2025.09.20,18:28:44,0.2733028981866556,0.3641168409070042,0.22311858940115892,0.32884310292096963,100,0,1
2025.09.20,18:29:44,0.2690253860003886,0.2853474504268253,0.21019882019910624,0.23847297899981512,100,0,1
2025.09.20,18:30:44,0.29830397033792266,0.3341507052062137,0.21789691619747248,0.24816758688307144,100,0,1
2025.09.20,18:31:44,0.355589040532484,0.39565054115964904,0.291638041536254,0.3209345031321522,100,0,1
2025.09.20,18:32:44,0.23043967249608016,0.28315803875748513,0.19346230422410063,0.24484255967696272,100,0,1
2025.09.20,18:33:44,0.29060835826775977,0.32584847707389986,0.26346321014598406,0.2958189281878134,100,0,1
2025.09.20,18:34:44,0.2701096079886815,0.3251707105692928,0.1934944252599777,0.22245123455958288,100,0,1
2025.09.20,18:35:44,0.16202730613341512,0.21255773124055835,0.12061898549725222,0.1400462734650569,100,0,1
2025.09.20,18:36:44,0.1953334324436409,0.26665437477340664,0.1580353538932698,0.26000299380640973,100,0,1
2025.09.20,18:37:44,0.19980726874881558,0.28984772150649896,0.15834010575888852,0.19854010901862118,100,0,1
2025.09.20,18:38:44,0.19187715919147869,0.2777150800005316,0.11603347573860831,0.2488838635907645,100,0,1
2025.09.20,18:39:44,0.20793499616842062,0.3050527899563505,0.1463734530749124,0.24541068670329286,100,0,1
2025.09.20,18:40:44,0.16436856164478952,0.18980696965103283,0.10712326787103064,0.11183218064501664,100,0,1
2025.09.20,18:41:44,0.15790656722441,0.20206982435215146,0.09585613208809626,0.18110781809410073,100,0,1
2025.09.20,18:42:44,0.18322690205895933,0.22133218265505145,0.11373703516853122,0.18390118122247956,100,0,1
2025.09.20,18:43:44,0.25290670740896065,0.32840137560290666,0.2352936149433132,0.28742841959291815,100,0,1
2025.09.20,18:44:44,0.3145414634535326,0.3403794909176059,0.2701726342553695,0.30966955660594714,100,0,1
2025.09.20,18:45:44,0.3892912901470624,0.4468269409833653,0.2963829839930877,0.3374654427922698,100,0,1
2025.09.20,18:46:44,0.39267723473917016,0.43623634974040215,0.35170466667852024,0.3629812281764167,100,0,1
2025.09.20,18:47:44,0.38968316841102524,0.4354389174826058,0.3365227436983264,0.385529709595232,100,0,1
2025.09.20,18:48:44,0.4571405926297396,0.4851647017801135,0.3791887001460289,0.47934596045366407,100,0,1
2025.09.20,18:49:44,0.4863206787740173,0.5552437469327408,0.44364171907427563,0.5535260664408354,100,0,1
2025.09.20,18:50:44,0.4629158278159343,0.49551512026850214,0.41311295235383183,0.4518911944153938,100,0,1
2025.09.20,18:51:44,0.5518558962180171,0.6265218269926026,0.481318647452855,0.6247759552617586,100,0,1
2025.09.20,18:52:44,0.5887996385719241,0.6462645263734319,0.5264132824383904,0.5726211770272729,100,0,1
2025.09.20,18:53:44,0.6238808693438833,0.6902172819076439,0.5773073552338043,0.6635494758706577,100,0,1
2025.09.20,18:54:44,0.605696033002341,0.6619451720604299,0.5676649672030677,0.6235103352216909,100,0,1
2025.09.20,18:55:44,0.6256488532886512,0.6992000359002961,0.5486628986476921,0.606755743312162,100,0,1
2025.09.20,18:56:44,0.6419685672597923,0.7020796470511526,0.5780876423849005,0.6585009279637577,100,0,1
2025.09.20,18:57:44,0.7253967684833783,0.7808827530422726,0.6913758788706814,0.6973395760144454,100,0,1
2025.09.20,18:58:44,0.7923285633533063,0.8617839471426778,0.7219573604603076,0.8385509235405492,100,0,1
2025.09.20,18:59:44,0.8352069232771505,0.8864445033421143,0.7913714699395691,0.8813953946379278,100,0,1
2025.09.20,19:00:44,0.8374889862219761,0.9039139221055013,0.8000799159245867,0.8967975670859586,100,0,1
2025.09.20,19:01:44,0.8678563437864744,0.9221670837158544,0.8128416873709695,0.9174948853856473,100,0,1
2025.09.20,19:02:44,0.8690938587896025,0.9303870647916269,0.819910013446904,0.8255616204303119,100,0,1
2025.09.20,19:03:44,0.7622892128439251,0.8138789217897957,0.7129367702443528,0.7216114051773433,100,0,1
2025.09.20,19:04:44,0.7288987882337552,0.7510489498884327,0.6566482882142138,0.7284557758415585,100,0,1
2025.09.20,19:05:44,0.7437712665336695,0.8055383252570315,0.6794908828167208,0.6956999737083996,100,0,1
2025.09.20,19:06:44,0.7331340739247858,0.7734579196796308,0.6579090208406958,0.7196889525405141,100,0,1
2025.09.20,19:07:44,0.8036153834314682,0.8512473205967955,0.7745122993764352,0.7764410238476044,100,0,1
2025.09.20,19:08:44,0.7917148089144471,0.8527069141582065,0.7298115884181475,0.8038554142177975,100,0,1
2025.09.20,19:09:44,0.8748859441367909,0.8978600352851739,0.8071232492214407,0.8947983459729385,100,0,1
2025.09.20,19:10:44,0.8987590680905034,0.9443254028335015,0.8897542999858461,0.9295018558481788,100,0,1
2025.09.20,19:11:44,0.8832823028580693,0.9554856683541678,0.817493917332689,0.8600202096605232,100,0,1
2025.09.20,19:12:44,0.8882749038754321,0.9231925887379568,0.8393840688463332,0.862721612818865,100,0,1
2025.09.20,19:13:44,0.8453721182645036,0.8695740247167927,0.7901897223687046,0.7965244194613411,100,0,1
2025.09.20,19:14:44,0.8624567971103034,0.9379620786709044,0.8110111208506517,0.823810755361469,100,0,1
2025.09.20,19:15:44,0.8915340569061129,0.9193231503900672,0.867184845082111,0.9147522200300772,100,0,1
2025.09.20,19:16:44,0.9033190627036362,0.9641744064136969,0.8615120346462649,0.9393115041320221,100,0,1
2025.09.20,19:17:44,0.9679534685722024,1.0311616907993768,0.9530473275352813,1.0279986273063764,100,0,1
2025.09.20,19:18:44,0.9925450730374077,1.0303365537367295,0.9510553652045959,0.9665144935841666,100,0,1
2025.09.20,19:19:44,0.9688060716089109,1.0269906298075002,0.944370367068733,1.0068508843296773,100,0,1
2025.09.20,19:20:44,0.9299555885226358,0.9827857652402857,0.9067901670514024,0.9750612402832283,100,0,1
2025.09.20,19:21:44,0.926188584508074,0.9585366898409745,0.914405267997987,0.9199414117180965,100,0,1
2025.09.20,19:22:44,0.8617790125190715,0.879802893123108,0.8265548575686206,0.8398706344527226,100,0,1
2025.09.20,19:23:44,0.8392916879019143,0.879361593822472,0.7770846375395025,0.8367913962835761,100,0,1
2025.09.20,19:24:44,0.8363198991503373,0.8755995966136725,0.7559997824436437,0.8114062326453435,100,0,1
2025.09.20,19:25:44,0.8816165120938235,0.9529969417581471,0.8501093726261509,0.9227703095991254,100,0,1
2025.09.20,19:26:44,0.8845663570498395,0.896802561711313,0.8337862343482916,0.8726322124446187,100,0,1
2025.09.20,19:27:44,0.7795410590142834,0.8089818031187892,0.7233566058898251,0.7361025122750312,100,0,1
2025.09.20,19:28:44,0.8340949572956923,0.9211077304303388,0.7952382614834002,0.7976149501947294,100,0,1
2025.09.20,19:29:44,0.8760559301777165,0.9660577100661669,0.8338513762120022,0.8587397113199464,100,0,1
2025.09.20,19:30:44,0.9325875634916446,0.9560170449452084,0.882919979322013,0.9393640304790847,100,0,1
2025.09.20,19:31:44,0.9003645225634646,0.9562631998329405,0.856613695706288,0.926580680588892,100,0,1
2025.09.20,19:32:44,0.9091333888594542,0.9702940880044079,0.8664232362451733,0.8809477022236798,100,0,1
2025.09.20,19:33:44,0.9356533768204283,0.9995151063060919,0.8717880478207981,0.9354034972821162,100,0,1
2025.09.20,19:34:44,0.9394452646755034,0.990266577078787,0.8549803434008915,0.9288857862542397,100,0,1
2025.09.20,19:35:44,0.9491090275347704,0.9989569883383388,0.8649431149124529,0.9016488213798309,100,0,1
2025.09.20,19:36:44,0.8566057418585715,0.8979091706455967,0.802242085256574,0.8755012615749225,100,0,1
2025.09.20,19:37:44,0.8457427718685546,0.9069836496458779,0.8191025559110943,0.8320436537286309,100,0,1
2025.09.20,19:38:44,0.816722527556049,0.8783282796814844,0.7793504455317184,0.8517050442004258,100,0,1
2025.09.20,19:39:44,0.8456850885859016,0.9187689387155468,0.7941128023186099,0.8944122554279064,100,0,1
2025.09.20,19:40:44,0.8191188457243161,0.8930955202891898,0.7593157738433413,0.814226758600811,100,0,1
2025.09.20,19:41:44,0.8856828882717425,0.9404370923390912,0.815249310626637,0.8678892714104556,100,0,1
2025.09.20,19:42:44,0.9178225420701858,0.9720422350007086,0.8714191525732483,0.9099920247289934,100,0,1
2025.09.20,19:43:44,0.9506853577091365,1.0382504064267541,0.8983035619102966,0.9435844232195099,100,0,1
2025.09.20,19:44:44,0.9565221755236386,1.0216956124070264,0.8870283022010838,0.9219841166788352,100,0,1
2025.09.20,19:45:44,1.0243776837534773,1.113962458176886,0.9839767638379021,1.011118497946993,100,0,1
2025.09.20,19:46:44,1.0240489707191394,1.079391217334348,0.9614332551219187,1.050785720937466,100,0,1
2025.09.20,19:47:44,1.0211633790340853,1.059923677450261,0.9796525152297375,0.9943905146294592,100,0,1
2025.09.20,19:48:44,1.1101354025054135,1.1352218080999061,1.0665015467940535,1.0916706921190384,100,0,1
2025.09.20,19:49:44,1.113224970132611,1.1558912914276118,1.0591948603443815,1.100128512471808,100,0,1
2025.09.20,19:50:44,1.125061345313291,1.1397364901377218,1.029779691920198,1.0811455903565224,100,0,1
2025.09.20,19:51:44,1.2093396648118926,1.2236606420739176,1.164928526761373,1.2201077255316506,100,0,1
2025.09.20,19:52:44,1.2427750288194137,1.3119850208758383,1.155003377554987,1.1824583057508224,100,0,1
2025.09.20,19:53:44,1.1694819569847574,1.2027113299786272,1.163969589961313,1.1862808499285133,100,0,1
2025.09.20,19:54:44,1.0926277485398876,1.1845694170561627,1.042977948282362,1.0429824176822753,100,0,1
2025.09.20,19:55:44,1.0773435619939267,1.125447980224974,0.984216880294288,1.010363371684761,100,0,1
2025.09.20,19:56:44,1.0968478422780552,1.1540415128351804,1.0433561579872195,1.0847971938087384,100,0,1
2025.09.20,19:57:44,1.0576031350539348,1.122300148678156,1.0067443927724102,1.0087357685836003,100,0,1
2025.09.20,19:58:44,1.0440336068070608,1.1141191072487338,0.9711074590131457,1.0043619541164825,100,0,1
2025.09.20,19:59:44,0.9757857789191804,1.0711501242668318,0.9195323386495028,0.931984424831383,100,0,1
2025.09.20,20:00:44,0.901192105581294,1.002098314431692,0.8596869671123957,0.941996088343274,100,0,1
2025.09.20,20:01:44,0.8546169591887225,0.9166607934143528,0.7996736083670523,0.8709605838143301,100,0,1
2025.09.20,20:02:44,0.8333684449116546,0.8982476782400031,0.7940048163379061,0.889410998463219,100,0,1
2025.09.20,20:03:44,0.8647183368294636,0.9244659399387298,0.8169067845993162,0.8476182385693776,100,0,1
2025.09.20,20:04:44,0.8770179930089339,0.9688482974676288,0.7973254484753208,0.8221403880029796,100,0,1
2025.09.20,20:05:44,0.9278961856477983,0.999620228282893,0.8709429875783228,0.9952864605529306,100,0,1
2025.09.20,20:06:44,0.8898500347161459,0.9308830694093478,0.8031237551566052,0.8874259485159509,100,0,1
2025.09.20,20:07:44,0.8396543778706332,0.874333612219214,0.7749934643784273,0.8066338482370676,100,0,1
2025.09.20,20:08:44,0.8799118802539598,0.9424794383975167,0.8538481258139232,0.9345451817982167,100,0,1
2025.09.20,20:09:44,0.9122179778478595,0.9771643359273493,0.8612709719603951,0.9248606617368316,100,0,1
2025.09.20,20:10:44,0.9995909949011806,1.0697966448117082,0.9769340731487893,1.0424404644816643,100,0,1
2025.09.20,20:11:44,0.9167613786995639,0.9626336509078821,0.8462926460773255,0.9434644951650629,100,0,1
2025.09.20,20:12:44,0.9554653875130439,0.9700677914918528,0.909052929680761,0.9157346245389636,100,0,1
2025.09.20,20:13:44,0.9437383422540964,0.9950087216215542,0.930721986603156,0.9822486068845883,100,0,1
2025.09.20,20:14:44,0.9779847554736228,1.0230673069108538,0.9400802972510134,0.9977562706559824,100,0,1
2025.09.20,20:15:44,1.042741783705335,1.097935513757914,1.001917877951543,1.0302329250436442,100,0,1
2025.09.20,20:16:44,1.0008384528799963,1.0415210548764928,0.9559492123845745,0.9967881972980975,100,0,1
2025.09.20,20:17:44,1.0170905850150573,1.0792926501668485,0.9473646333249239,0.9749044144049236,100,0,1
2025.09.20,20:18:44,0.9775661993092997,1.0081241209766345,0.9185269946201,0.9863786117281402,100,0,1
2025.09.20,20:19:44,0.9924924403210479,0.9960709838351145,0.9264033441348294,0.9686914365469058,100,0,1
2025.09.20,20:20:44,0.925909403152769,0.9574664375120581,0.865623781456957,0.9319296449350528,100,0,1
2025.09.20,20:21:44,0.9384433948793297,0.963541012928132,0.883885212091427,0.9160957179740519,100,0,1
2025.09.20,20:22:44,1.000058365331033,1.0465320745624485,0.9362168328166679,0.9431634090562815,100,0,1
2025.09.20,20:23:44,1.033290764178165,1.0682233702953454,0.9811491038965088,1.0380530587147705,100,0,1
2025.09.20,20:24:44,1.0111751192914624,1.08207667226371,0.9698754018255512,1.079346628651485,100,0,1
2025.09.20,20:25:44,0.9877144387531263,1.0316200502777535,0.9503902485685484,0.9934974654222342,100,0,1
2025.09.20,20:26:44,0.9455556424938231,0.9865060794264233,0.8840803878688905,0.90781557208915,100,0,1
2025.09.20,20:27:44,1.0222128852346546,1.0579170239291613,0.9701172548550405,0.997366815333312,100,0,1
2025.09.20,20:28:44,1.0245622757404806,1.0560714116880487,0.9906182426589093,1.0127468015958885,100,0,1
2025.09.20,20:29:44,1.1174124047854763,1.1732391724355147,1.0582435096148344,1.1525715892278798,100,0,1
2025.09.20,20:30:44,1.1397735147413395,1.2186690814201255,1.0944007714166297,1.1636007366055774,100,0,1
2025.09.20,20:31:44,1.1554066976938644,1.17630649892718,1.1145413030073819,1.1760801268427703,100,0,1
2025.09.20,20:32:44,1.157406522598595,1.2041111061547851,1.1213088069954085,1.2039846101871299,100,0,1
2025.09.20,20:33:44,1.1548467934160715,1.1826040900117711,1.1141014553169013,1.1197534239170757,100,0,1
2025.09.20,20:34:44,1.1147411258852,1.1352608255597487,1.081079873956186,1.1305083287530353,100,0,1
2025.09.20,20:35:44,1.1172565222680693,1.1507239172160606,1.0771654848741634,1.114666478323218,100,0,1
2025.09.20,20:36:44,1.157285295634505,1.191546558176887,1.1109432303500928,1.1744101837130958,100,0,1
2025.09.20,20:37:44,1.1467965913789975,1.2249470502447872,1.113211371048235,1.197052216584749,100,0,1
2025.09.20,20:38:44,1.2227256324312963,1.2941122363740807,1.1246350917805399,1.1507775696279758,100,0,1
2025.09.20,20:39:44,1.1435159885730009,1.210078188142934,1.1145207387346732,1.1523357457483228,100,0,1
2025.09.20,20:40:44,1.1242159873108841,1.135979421813178,1.0500047295128616,1.069566724806254,100,0,1
2025.09.20,20:41:44,1.0586192838888182,1.1339288705823487,1.0077798773467597,1.0674672451506935,100,0,1
2025.09.20,20:42:44,1.0072166317092102,1.0569249401376586,0.9416142593507317,1.0376716760532687,100,0,1
2025.09.20,20:43:44,1.077744233476571,1.1249349132667041,1.0468246501009069,1.1001439337541488,100,0,1
2025.09.20,20:44:44,1.1467266699075533,1.206301535165202,1.0842603188957856,1.1915995577571885,100,0,1
2025.09.20,20:45:44,1.0268632787116236,1.0737320981697533,0.9673592498185036,1.019101920972518,100,0,1
2025.09.20,20:46:44,1.0261285222103549,1.0881025478409263,0.9855331567555364,1.037533660671298,100,0,1
2025.09.20,20:47:44,0.9670030823199594,1.026143640640933,0.890208348191989,0.9020423555493999,100,0,1
2025.09.20,20:48:44,0.9009825133338445,0.9671554916939118,0.8283097135297668,0.892788300147964,100,0,1
2025.09.20,20:49:44,0.9586825478198192,0.9665865612788822,0.8979055783607246,0.9386062653879187,100,0,1
2025.09.20,20:50:44,0.9674091248589677,1.0249918590754168,0.90443602299214,1.0002345135780357,100,0,1
2025.09.20,20:51:44,0.8197491035685932,0.8244589066397984,0.7912245647978272,0.7930765682398129,100,0,1
2025.09.20,20:52:44,0.8339324799671715,0.9041781335662495,0.7854294069936992,0.8053108450174564,100,0,1
2025.09.20,20:53:44,0.911504148621097,0.9406519548312642,0.8498113515671593,0.8602085641207682,100,0,1
2025.09.20,20:54:44,0.8840038494940269,0.9626088465700721,0.8409796545549509,0.9168345702251584,100,0,1
2025.09.20,20:55:44,0.984785524766976,1.0047822296869418,0.9408615788929906,0.9567869575826825,100,0,1
2025.09.20,20:56:44,0.95777293138374,1.0144983985534162,0.898341589876325,0.9577864294240093,100,0,1
2025.09.20,20:57:44,0.9663412779295268,1.034325284059958,0.9179473333406231,1.0310777314597703,100,0,1
2025.09.20,20:58:44,0.95553061900111,0.9957669619496259,0.8972659610691343,0.9590514375552305,100,0,1
2025.09.20,20:59:44,1.0528157732031374,1.1357934004978203,1.0270311197158366,1.110572702088746,100,0,1
2025.09.20,21:00:44,1.0513886492000017,1.093651592097189,0.988468041224962,1.0078002484029405,100,0,1
2025.09.20,21:01:44,1.0283757601520302,1.1017666853441048,0.9919443468917443,1.0243950370641512,100,0,1
2025.09.20,21:02:44,1.0431815298860518,1.1078011708166111,0.95549646101698,1.0561279405499313,100,0,1
2025.09.20,21:03:44,1.0086473755820415,1.0892207538621146,0.964140250017306,0.9789721473361632,100,0,1
2025.09.20,21:04:44,0.9424832991197382,0.976517851529876,0.9410365130353081,0.9623022526324447,100,0,1
2025.09.20,21:05:44,0.9716506602949081,1.0196670499770029,0.925227906711535,1.0071492426673911,100,0,1
2025.09.20,21:06:44,1.0307247756287228,1.0863627272070868,0.9514096717421231,1.0391747763482633,100,0,1
2025.09.20,21:07:44,0.9955431725627206,1.0558509205508952,0.9430048401569603,0.9656163980591083,100,0,1
2025.09.20,21:08:44,0.9847992145243022,1.016245320429321,0.946833825759945,1.0146590583974269,100,0,1
2025.09.20,21:09:44,1.067219957834251,1.115843012099779,1.0026316986184272,1.0841204055369686,100,0,1
2025.09.20,21:10:44,1.0635462221973306,1.1151023041113477,1.0243036635296678,1.0287904416586506,100,0,1
2025.09.20,21:11:44,1.112849196406775,1.1760253758325325,1.0352950429870165,1.0725033597087197,100,0,1
2025.09.20,21:12:44,1.1850171974177648,1.2230393847450312,1.1274808542549697,1.2122058759077072,100,0,1
2025.09.20,21:13:44,1.1951012190574584,1.2417438318594591,1.1218449894309652,1.2315972409890688,100,0,1
2025.09.20,21:14:44,1.2276011330309238,1.248438417196025,1.1720317516590213,1.2128019057859296,100,0,1
2025.09.20,21:15:44,1.2844684781085016,1.3643224108604861,1.2155965193854719,1.36224561086686,100,0,1
2025.09.20,21:16:44,1.2613897069979079,1.2894334777312497,1.189257503981869,1.2441836504035733,100,0,1
2025.09.20,21:17:44,1.1792422384806682,1.232600775664189,1.1470473373676746,1.2180242223308544,100,0,1
2025.09.20,21:18:44,1.27542288446463,1.298876220664823,1.237000966521881,1.2680260626508286,100,0,1
2025.09.20,21:19:44,1.2787577138138608,1.3335377860285738,1.2325916995057908,1.2814090517918595,100,0,1
2025.09.20,21:20:44,1.2013109787660308,1.2856319577556836,1.1448293813872696,1.1543729018871074,100,0,1
2025.09.20,21:21:44,1.2088717298428435,1.27901017265019,1.1314844398694526,1.1980418619832935,100,0,1
2025.09.20,21:22:44,1.1793491160300857,1.2322562493816667,1.1334388097573822,1.1885486376854089,100,0,1
2025.09.20,21:23:44,1.174318386503413,1.2211769470258325,1.1421434603686231,1.1845619624827297,100,0,1
2025.09.20,21:24:44,1.1508648270423332,1.2382637364469589,1.1359222678238103,1.2157641522746487,100,0,1
2025.09.20,21:25:44,1.0809975188724976,1.1127166770519863,1.0072755382172445,1.1090037338861791,100,0,1
2025.09.20,21:26:44,1.0438126392914253,1.09288079840202,1.0158724280626397,1.068329796285946,100,0,1
2025.09.20,21:27:44,1.0549461539036975,1.0990102952239744,1.0147396948689964,1.0232400766030116,100,0,1
2025.09.20,21:28:44,1.1416839435057247,1.2046563102044745,1.1088047789729867,1.1744286028111501,100,0,1
2025.09.20,21:29:44,1.0452757039433938,1.0916456590045678,1.0237256152959178,1.083534553094531,100,0,1
2025.09.20,21:30:44,1.1117606173668286,1.1427340454822277,1.0575289976974374,1.1362312800558108,100,0,1
2025.09.20,21:31:44,1.1363676329673145,1.1422450028443598,1.0748374687378166,1.089628097060912,100,0,1
2025.09.20,21:32:44,1.177069978389381,1.2290182076556764,1.1499482213310037,1.1865620525179952,100,0,1
2025.09.20,21:33:44,1.203619195802719,1.2247566207742708,1.1564071324898217,1.2165484494741445,100,0,1
2025.09.20,21:34:44,1.1755398583789218,1.236963914372834,1.1269741390417762,1.2071876119573552,100,0,1
2025.09.20,21:35:44,1.2806912393262226,1.3283368620240679,1.236105826972174,1.2801477125564016,100,0,1
2025.09.20,21:36:44,1.3037669086554855,1.345610399541452,1.2481809044076206,1.2505484109310974,100,0,1
2025.09.20,21:37:44,1.313711387312444,1.3593590452020587,1.285468407164461,1.3386567468111568,100,0,1
2025.09.20,21:38:44,1.2937298090774023,1.3560650560804008,1.2667246685789317,1.3248710168607385,100,0,1
2025.09.20,21:39:44,1.2835249066295562,1.361622670372906,1.2648773732355763,1.333861324752355,100,0,1
2025.09.20,21:40:44,1.2918889176183999,1.3444941061234654,1.2349222262034603,1.2494730298343975,100,0,1
2025.09.20,21:41:44,1.2798808864175517,1.3200164415499647,1.2116003622427176,1.2583262409260854,100,0,1
2025.09.20,21:42:44,1.312280841590916,1.3533241623895398,1.283333149797198,1.340656384329629,100,0,1
2025.09.20,21:43:44,1.2385861979677228,1.3345822210476763,1.20414037115319,1.2991231526701337,100,0,1
2025.09.20,21:44:44,1.2197734252006425,1.2628549203478132,1.1789121321512437,1.2358200838244755,100,0,1
2025.09.20,21:45:44,1.1728674576862774,1.2316848817904857,1.1250774569580273,1.1868491174063955,100,0,1
2025.09.20,21:46:44,1.1805392918973823,1.2393123473244307,1.1104940683401887,1.1421396888665045,100,0,1
2025.09.20,21:47:44,1.335572409331223,1.4005748415057107,1.308312767977447,1.3405982927735023,100,0,1
2025.09.20,21:48:44,1.3499261141414733,1.3922072630805218,1.2877150740924337,1.340662413815132,100,0,1
2025.09.20,21:49:44,1.3034080813206803,1.3408178651278364,1.2321121009340965,1.2336321748436718,100,0,1
2025.09.20,21:50:44,1.327886412421293,1.3537811913879119,1.2431021024360607,1.2532211133397417,100,0,1
2025.09.20,21:51:44,1.311706873055332,1.354869281367467,1.255761117495234,1.3017375835914646,100,0,1
2025.09.20,21:52:44,1.3117275058410511,1.3565830604322748,1.2539079126138475,1.3330946757940336,100,0,1
2025.09.20,21:53:44,1.2696120947436345,1.3282562111259266,1.232455262691627,1.2690339092668244,100,0,1
2025.09.20,21:54:44,1.1974312207365336,1.247144222239656,1.1375530171057329,1.2027272561435265,100,0,1
2025.09.20,21:55:44,1.152351177479129,1.1986118241966068,1.112194970811096,1.1970220760602623,100,0,1
2025.09.20,21:56:44,1.1916753981766501,1.254555290355885,1.1387559567150778,1.1887280632190356,100,0,1
2025.09.20,21:57:44,1.2307492277133705,1.255278863897716,1.1908045631495066,1.2380098507653015,100,0,1
2025.09.20,21:58:44,1.2082219256678521,1.2477726255217134,1.1295345916380297,1.135555804476205,100,0,1
2025.09.20,21:59:44,1.2860488354089252,1.3244895407449775,1.2053055018748295,1.30330026574365,100,0,1
2025.09.20,22:00:44,1.3369017316839977,1.392248355619325,1.3106515062673174,1.3109443622721486,100,0,1
2025.09.20,22:01:44,1.3020224568458831,1.3779753356916704,1.284525654982975,1.312734027403748,100,0,1
2025.09.20,22:02:44,1.289752699473822,1.3059571051808054,1.2155141555678204,1.2521658282341568,100,0,1
2025.09.20,22:03:44,1.3374820373845784,1.3496764903729432,1.3087685868882224,1.3341559348435763,100,0,1
2025.09.20,22:04:44,1.2897950535832585,1.35161730299607,1.240536561414782,1.3301147862794156,100,0,1
2025.09.20,22:05:44,1.278854766208458,1.3039199061953024,1.1731059555871863,1.2884709414575508,100,0,1
2025.09.20,22:06:44,1.2166181426398006,1.286972507647733,1.1880666712750563,1.2309396467879292,100,0,1
2025.09.20,22:07:44,1.1932469682888132,1.267436591869682,1.1795263333255253,1.2393127462026003,100,0,1
2025.09.20,22:08:44,1.1839023020907598,1.2059768368232326,1.1398186890084179,1.1603280366844002,100,0,1
2025.09.20,22:09:44,1.1284989363139817,1.1914934376589856,1.0967130978357602,1.1741239569069577,100,0,1
2025.09.20,22:10:44,1.116197687809342,1.1905737313818938,1.0246799481012792,1.0763067194556375,100,0,1
2025.09.20,22:11:44,1.1748132455300886,1.2379766812611288,1.1198302211632434,1.2108847575001616,100,0,1
2025.09.20,22:12:44,1.1891846118659213,1.2513298368726609,1.1299933748366524,1.2303730756402071,100,0,1
2025.09.20,22:13:44,1.2324107096670611,1.2651387436071209,1.2093271992670576,1.231615681820687,100,0,1
2025.09.20,22:14:44,1.2287870158400738,1.2808297917120814,1.1675195643398815,1.27162472687529,100,0,1
2025.09.20,22:15:44,1.2024219551198059,1.2588491770622576,1.138502523278426,1.2418169977714195,100,0,1
2025.09.20,22:16:44,1.164215785921515,1.216008883607231,1.0944757992229786,1.1787417069257444,100,0,1
2025.09.20,22:17:44,1.239373389798121,1.2812019316656984,1.1968860588350485,1.198769113833092,100,0,1
2025.09.20,22:18:44,1.2993477120476096,1.360947063850569,1.237204001495788,1.245938606473262,100,0,1
2025.09.20,22:19:44,1.319695151146514,1.3235490568390345,1.305292889384093,1.32094779422292,100,0,1
2025.09.20,22:20:44,1.3320608441553203,1.3337778333784813,1.2905775846369916,1.2944228969680893,100,0,1
2025.09.20,22:21:44,1.30589272942824,1.3828966799281688,1.2508002221076577,1.3344609326406869,100,0,1
2025.09.20,22:22:44,1.2661454021554879,1.3258047702414415,1.237710625017213,1.2682335240643052,100,0,1
2025.09.20,22:23:44,1.2102197723009243,1.2770804987553648,1.181564796051987,1.2214404305916042,100,0,1
2025.09.20,22:24:44,1.2464408654999828,1.3150188884041047,1.1906287338395476,1.2717223183726571,100,0,1
2025.09.20,22:25:44,1.2272984838269765,1.2710455322414935,1.1624337865288463,1.2564489273417327,100,0,1
2025.09.20,22:26:44,1.2451245421401154,1.293187354012946,1.201214846966785,1.220738828509098,100,0,1
2025.09.20,22:27:44,1.2815403240608216,1.3720098085269514,1.218346946076085,1.2648216927967133,100,0,1
2025.09.20,22:28:44,1.2867750808477298,1.3645882502460815,1.2467938704947816,1.2773930502574675,100,0,1
2025.09.20,22:29:44,1.2636999020782322,1.325537524405916,1.2189048432728353,1.2371601474860612,100,0,1
2025.09.20,22:30:44,1.2729162106293028,1.3165807353762786,1.2174546021188797,1.2683302673920132,100,0,1
2025.09.20,22:31:44,1.26550979958429,1.2943467019672037,1.1863420142414058,1.2759223690501353,100,0,1
2025.09.20,22:32:44,1.3184720508286343,1.423591571695756,1.2546491512369295,1.3797953379618588,100,0,1
2025.09.20,22:33:44,1.366972320361101,1.3884502587541492,1.2904019916845038,1.348924530200347,100,0,1
2025.09.20,22:34:44,1.3873950553024212,1.447835867997601,1.3192947112987448,1.3346930630997196,100,0,1
2025.09.20,22:35:44,1.3164549490501936,1.372273329697535,1.2562889859300548,1.3207511433943429,100,0,1
2025.09.20,22:36:44,1.3470396487182554,1.3738698584597628,1.2942330484333653,1.3590046544777152,100,0,1
2025.09.20,22:37:44,1.3060389842351219,1.3636630135024788,1.2462883661453639,1.3210836699682549,100,0,1
2025.09.20,22:38:44,1.3401239161991982,1.4361008019314965,1.2790109322487355,1.2889136849797327,100,0,1
2025.09.20,22:39:44,1.284311375551925,1.3753675913663976,1.2314173707026055,1.3110383761936564,100,0,1
2025.09.20,22:40:44,1.216571314949225,1.284656775250312,1.1827332266993655,1.2022392685219236,100,0,1
2025.09.20,22:41:44,1.1944353770896325,1.2495986133885086,1.1347554423324717,1.1914983977744438,100,0,1
2025.09.20,22:42:44,1.1903562717894582,1.2792792366215686,1.1334774043061053,1.1939139708070758,100,0,1
2025.09.20,22:43:44,1.1648593779274052,1.2162294660566293,1.1060865399370727,1.1956016627749082,100,0,1
2025.09.20,22:44:44,1.2009072081278322,1.2774682317921315,1.1735117581768175,1.1925644858703646,100,0,1
2025.09.20,22:45:44,1.1435977403655406,1.1792922216824016,1.0719103575212487,1.1788724039753251,100,0,1
2025.09.20,22:46:44,1.1487104755154416,1.1819558706143818,1.1077821309747617,1.1549248724068395,100,0,1
2025.09.20,22:47:44,1.171679659365587,1.2384659047984572,1.1469853187494905,1.2051527900795822,100,0,1
2025.09.20,22:48:44,1.2103370665691338,1.2841354686858153,1.1670415872481197,1.2267969857778913,100,0,1
2025.09.20,22:49:44,1.2338530939595131,1.2742026105255793,1.1989084030108421,1.2149057190246,100,0,1
2025.09.20,22:50:44,1.174892867872356,1.2157216070647703,1.0837557546165977,1.1897491271495966,100,0,1
2025.09.20,22:51:44,1.1159976218588306,1.1705774054601799,1.0986386983116008,1.1046241635374934,100,0,1
2025.09.20,22:52:44,1.1963462245192402,1.2106309063718526,1.1384574674295165,1.1893579171291435,100,0,1
2025.09.20,22:53:44,1.2143846242613272,1.2556724743006027,1.1837302630859334,1.2398529457659286,100,0,1
2025.09.20,22:54:44,1.1631760662083468,1.2631589247457582,1.1358885220141912,1.2297875107772769,100,0,1
2025.09.20,22:55:44,1.1121026395357274,1.1825782770312496,1.0723481601210245,1.173471190672976,100,0,1
2025.09.20,22:56:44,1.1385307587319569,1.1717849683082044,1.0798084510544554,1.090799146818375,100,0,1
2025.09.20,22:57:44,1.1042887340422778,1.1742425327210955,1.0792998086527628,1.1453135819763052,100,0,1
2025.09.20,22:58:44,1.0364804329688315,1.0776469275798901,0.9859172610825554,1.024567959644321,100,0,1
2025.09.20,22:59:44,0.984989514528163,1.0822154586052026,0.919660300260563,1.0660146195777935,100,0,1
2025.09.20,23:00:44,1.0328913952530483,1.1163082862242337,1.006132363352668,1.0064104045680489,100,0,1
2025.09.20,23:01:44,1.1311336295398626,1.1772854160062978,1.090263540915759,1.1269085746337764,100,0,1
2025.09.20,23:02:44,1.1297286335807866,1.1798119649650676,1.0602508875537608,1.0623597939564229,100,0,1
2025.09.20,23:03:44,1.1318412974786323,1.1571462493298974,1.1060214797901478,1.1400520325020838,100,0,1
2025.09.20,23:04:44,1.1328760315852555,1.1858687271796495,1.0909364493547031,1.170648393834738,100,0,1
2025.09.20,23:05:44,1.1518506736363778,1.2066553143852066,1.1071455051227157,1.200006708846488,100,0,1
2025.09.20,23:06:44,1.1795000700434808,1.2262959805514462,1.1144341728673983,1.117891333989727,100,0,1
2025.09.20,23:07:44,1.211202010577898,1.2641552589807987,1.1734393454717686,1.194050749354974,100,0,1
2025.09.20,23:08:44,1.1980571647243898,1.2888566976469433,1.1718650282350551,1.1902422092561045,100,0,1
2025.09.20,23:09:44,1.2007348504387372,1.2317689968560386,1.1410362901332107,1.2168341734889583,100,0,1
2025.09.20,23:10:44,1.146400968309782,1.2345470226745527,1.1139140788458886,1.1959285231813024,100,0,1
2025.09.20,23:11:44,1.1407951419031754,1.1695737611017603,1.1092633903511608,1.1221508912942502,100,0,1
2025.09.20,23:12:44,1.1339364389153006,1.2119678019827436,1.0796391102116065,1.1711427882673984,100,0,1
2025.09.20,23:13:44,1.041907501829774,1.14099499594411,0.9852936418720133,1.0151539120334176,100,0,1
2025.09.20,23:14:44,1.0645789201224687,1.1492137706422367,1.0266259417056416,1.0427057379178408,100,0,1
2025.09.20,23:15:44,0.9893059540425242,1.0524545656028126,0.9380715154105055,0.9802348926278432,100,0,1
2025.09.20,23:16:44,0.9821472181413619,1.0223926681359066,0.9294648463082044,0.9882047481859317,100,0,1
2025.09.20,23:17:44,0.9446217038257565,0.9960175174349223,0.8601617609836117,0.908773282655806,100,0,1
2025.09.20,23:18:44,1.0057950175164503,1.0572282416959717,0.9689202356711661,0.9915225367626631,100,0,1
2025.09.20,23:19:44,0.9797540273634877,1.0521099675372605,0.933875193072338,0.9518091548007477,100,0,1
2025.09.20,23:20:44,0.9662357367243676,1.0120312430909306,0.9127932931656213,0.9577207599689468,100,0,1
2025.09.20,23:21:44,0.8984595927788573,0.9474828366271224,0.8076259207458754,0.8823244487972702,100,0,1
2025.09.20,23:22:44,0.9796129918903337,1.0302585812739247,0.921248687942789,0.9379885160192246,100,0,1
2025.09.20,23:23:44,0.9532294291782996,1.0360172520811555,0.9036276466892473,0.9081902069830295,100,0,1
2025.09.20,23:24:44,0.963777566838489,0.9879912345091808,0.9024592880148311,0.9456907357641821,100,0,1
2025.09.20,23:25:44,0.9587126357001647,1.0360382539510995,0.9260228894881929,1.0217331812168788,100,0,1
2025.09.20,23:26:44,0.8803980478890903,0.9483594322158281,0.8190219006413136,0.850397391243661,100,0,1
2025.09.20,23:27:44,0.9375910745479092,1.0075433133567564,0.8823837157585139,0.9416969121931478,100,0,1
2025.09.20,23:28:44,0.8711145355805696,0.8990810042157593,0.7807728773580129,0.8659429587566342,100,0,1
2025.09.20,23:29:44,0.8900649362454666,0.9762629382712851,0.8396269656738841,0.9307827002319231,100,0,1
2025.09.20,23:30:44,0.9227033273510697,0.969026682309306,0.870333171191418,0.8942327449248291,100,0,1
2025.09.20,23:31:44,0.9109048891952625,0.9686014998849842,0.8353523674147441,0.9524855451940701,100,0,1
2025.09.20,23:32:44,0.9175305591720864,0.9434087842399078,0.855855748725774,0.9084797278174708,100,0,1
2025.09.20,23:33:44,0.8778212522107646,0.9321517779750613,0.8249588900981998,0.8947686179088461,100,0,1
2025.09.20,23:34:44,0.9000677193075955,0.9663318403838831,0.8316946382841125,0.9636940404729568,100,0,1
2025.09.20,23:35:44,0.9130444680471893,0.9579215683946676,0.842939873741802,0.9060028870424709,100,0,1
2025.09.20,23:36:44,0.9535873191974319,0.9746875036668989,0.8771972692920186,0.8772272181534028,100,0,1
2025.09.20,23:37:44,0.951041951459946,0.9956957037050111,0.8892040151316539,0.9012169054673805,100,0,1
2025.09.20,23:38:44,0.9927673581384927,1.0233325083604874,0.9447775765256189,1.0196302349443511,100,0,1
2025.09.20,23:39:44,0.9777545661182905,1.049462673675316,0.9295258348367951,1.0349266191265187,100,0,1
2025.09.20,23:40:44,1.0241609635681699,1.0991162242525478,0.9810809023225588,0.9913402265163029,100,0,1
2025.09.20,23:41:44,1.0781028816561513,1.1173722850717653,1.0702035454629832,1.1104786548767234,100,0,1
2025.09.20,23:42:44,1.0089669197519293,1.0615010912134133,0.9630464087505344,1.0329693236837647,100,0,1
2025.09.20,23:43:44,1.0582135260405348,1.1141845593504387,1.0163827922786681,1.09884627173008,100,0,1
2025.09.20,23:44:44,1.084499354249508,1.1372574303822491,1.0444514997696714,1.0965383235271244,100,0,1
2025.09.20,23:45:44,1.1050882668380386,1.1445888801177027,1.050439589906146,1.097904806559808,100,0,1
2025.09.20,23:46:44,1.15399541232321,1.2118480302402597,1.1147483569087968,1.1564216327874965,100,0,1
2025.09.20,23:47:44,1.119305442115461,1.199500965978725,1.0924556784378463,1.1627157546506897,100,0,1
2025.09.20,23:48:44,1.0517638504296456,1.122983152236042,1.012328915782279,1.0985163464169103,100,0,1
2025.09.20,23:49:44,1.0325011937845001,1.0996716139063396,0.9939540048696659,1.0293990198605627,100,0,1
2025.09.20,23:50:44,1.0046497577470888,1.0879211171651997,0.9768769217780738,1.004267215807104,100,0,1
2025.09.20,23:51:44,1.0062209197259282,1.0359404561276266,0.9251538067211457,0.9935483979174085,100,0,1
2025.09.20,23:52:44,1.0302726083370324,1.09086724787213,0.953306189802358,1.0127099082481776,100,0,1
2025.09.20,23:53:44,1.0373003707027133,1.0851173156945233,1.0015054851741343,1.0303821713965127,100,0,1
2025.09.20,23:54:44,1.0991787527200374,1.1348422525012862,1.038033314201917,1.1278915105407363,100,0,1
2025.09.20,23:55:44,1.1309693153605118,1.1846924795143599,1.0829054832977134,1.086570028935348,100,0,1
2025.09.20,23:56:44,1.2320155261847474,1.2704340900649502,1.17752565189398,1.1940591332792583,100,0,1
2025.09.20,23:57:44,1.222995635674347,1.2791108579215897,1.1469287152818497,1.1861253324228724,100,0,1
2025.09.20,23:58:44,1.1700208259853049,1.2311184244723772,1.1173969720734414,1.15104152480851,100,0,1
2025.09.20,23:59:44,1.1772992604781045,1.2373659732297173,1.137137104742181,1.1562447959245676,100,0,1
2025.09.21,00:00:44,1.1762751392422945,1.214198251417508,1.1260924421473368,1.2108393761083476,100,0,1
2025.09.21,00:01:44,1.1663673255997873,1.248511779348979,1.0922233104817172,1.1665222277016445,100,0,1
2025.09.21,00:02:44,1.1708615220625027,1.2085438720722521,1.112131544684285,1.1911069041413942,100,0,1
2025.09.21,00:03:44,1.2081742303165353,1.2729323040493923,1.1655913031395493,1.2095711256201584,100,0,1
2025.09.21,00:04:44,1.1115192404410112,1.1690434856531617,1.067381267157159,1.1475492128419342,100,0,1
2025.09.21,00:05:44,1.145349666762199,1.1948953293699203,1.0918880808794706,1.1144559767182187,100,0,1
2025.09.21,00:06:44,1.104139722234809,1.1610112671728519,1.03682888319689,1.0638934745967525,100,0,1
2025.09.21,00:07:44,1.037960022639874,1.0792256057774419,0.978374331500335,0.9946820637681628,100,0,1
2025.09.21,00:08:44,0.9395283559059736,0.9686071113613804,0.8895736144754804,0.9016622097582707,100,0,1
2025.09.21,00:09:44,0.9242569503445379,0.9944891392544891,0.877686148678676,0.9032151476528757,100,0,1
2025.09.21,00:10:44,1.0003539674759805,1.084574013058938,0.9575732099048853,1.0240333159226032,100,0,1
2025.09.21,00:11:44,0.891073058827012,0.9469005887281906,0.8385658981429268,0.9295561436055628,100,0,1
2025.09.21,00:12:44,0.9050778401200517,0.9510684413174809,0.8116173577753231,0.836914616952321,100,0,1
2025.09.21,00:13:44,0.9855179999951501,1.0484973921634144,0.9198648020278178,0.9476578824884473,100,0,1
2025.09.21,00:14:44,0.953245346124354,1.00996222169643,0.9215950309043361,0.945116988168999,100,0,1
2025.09.21,00:15:44,1.0352567764628477,1.0718947919065993,0.9569689577298779,1.0281927779336564,100,0,1
2025.09.21,00:16:44,0.9694073278754077,1.0211600958831921,0.935626564768028,0.9578130739961512,100,0,1
2025.09.21,00:17:44,0.9178958366798701,0.9578504712867639,0.8567174161587182,0.9385699813243256,100,0,1
2025.09.21,00:18:44,0.9358176298414181,0.9788850845640585,0.8630709986725867,0.8781678913979846,100,0,1
2025.09.21,00:19:44,0.8877033292836056,0.9228118181773192,0.8457669335671796,0.902882626988466,100,0,1
2025.09.21,00:20:44,0.9290479792227312,0.9637541617892755,0.8765699154583348,0.9538670168075469,100,0,1
2025.09.21,00:21:44,0.8949586617994414,0.9261433360370678,0.86451760357142,0.9034498755599698,100,0,1
2025.09.21,00:22:44,0.8716870634884512,0.9555727970080359,0.8028872868359193,0.8349754498222929,100,0,1
2025.09.21,00:23:44,0.979216990614428,1.044196071938066,0.9701593518700738,0.9730314530227626,100,0,1
2025.09.21,00:24:44,1.0294711778521457,1.1316834565803764,0.9817214229545883,1.0026247168512636,100,0,1
2025.09.21,00:25:44,0.9926229227644939,1.0529727552207155,0.9083607757454284,0.9377276508475817,100,0,1
2025.09.21,00:26:44,0.9741304508517593,1.0047302895596097,0.9307681623047868,0.9748111362399515,100,0,1
2025.09.21,00:27:44,0.9084782268981244,0.9809467573481323,0.8109830895957161,0.9206856077839609,100,0,1
2025.09.21,00:28:44,0.8897393466117673,0.9820025028148287,0.8394448173421188,0.9329539330672152,100,0,1
2025.09.21,00:29:44,0.8962160609131694,0.957733708875215,0.8212914783631311,0.94465951718397,100,0,1
2025.09.21,00:30:44,0.8836126990272869,0.9599357302764839,0.8382557089147307,0.8976177624020076,100,0,1
2025.09.21,00:31:44,0.8069260579982807,0.8595289399344612,0.7410602748739742,0.8063695792493801,100,0,1
2025.09.21,00:32:44,0.8041888958324752,0.8640698798976082,0.7785520862780589,0.780766709926927,100,0,1
2025.09.21,00:33:44,0.6976150160716583,0.7577849273523932,0.6207682426511654,0.7162486363328365,100,0,1
2025.09.21,00:34:44,0.6278553199546303,0.6848017133667792,0.5966342106786513,0.6299233612777372,100,0,1
2025.09.21,00:35:44,0.6848500292418959,0.7566938330207251,0.6223564969857852,0.7402444336759251,100,0,1
2025.09.21,00:36:44,0.6037427795263548,0.6313398585573199,0.540950206925292,0.5972840911230788,100,0,1
2025.09.21,00:37:44,0.5451786888737084,0.5624095663097353,0.49721534654875066,0.525057014891022,100,0,1
2025.09.21,00:38:44,0.6103518504815199,0.6714176912923413,0.5473290027588841,0.6447301309164468,100,0,1
2025.09.21,00:39:44,0.6460595711386067,0.6903550267247852,0.5998093763143952,0.59996493020297,100,0,1
2025.09.21,00:40:44,0.6314163675068403,0.7003636700717017,0.5842434788029242,0.5973156735018543,100,0,1
2025.09.21,00:41:44,0.708590803005756,0.7467592405437926,0.6771132679599828,0.7082803165846613,100,0,1
2025.09.21,00:42:44,0.7454405822380598,0.7884401604572098,0.6841183833260016,0.718095358169875,100,0,1
2025.09.21,00:43:44,0.7516743993854511,0.8114354618359632,0.6997701072173824,0.7617297793776209,100,0,1
2025.09.21,00:44:44,0.8001032156739856,0.8497889102867686,0.7212899238606056,0.8045188697808461,100,0,1
2025.09.21,00:45:44,0.7677160673590837,0.8069616629579782,0.7017152169436031,0.7019572774862732,100,0,1
2025.09.21,00:46:44,0.684006800156064,0.7069206443684344,0.6180230522465207,0.6835447179947726,100,0,1
2025.09.21,00:47:44,0.6862953039330375,0.7285635286961503,0.6549229794180764,0.6609458874095537,100,0,1
2025.09.21,00:48:44,0.7079740062168568,0.7822282989926165,0.6559950723560773,0.6797068631615444,100,0,1
2025.09.21,00:49:44,0.7136713196192048,0.7572338389899832,0.6717050229256981,0.7538256245373328,100,0,1
2025.09.21,00:50:44,0.7003890769075218,0.7652662471696317,0.6238315697883137,0.7022118353420068,100,0,1
2025.09.21,00:51:44,0.7260494287042333,0.7376449475178996,0.6912681918069605,0.7367434854244616,100,0,1
2025.09.21,00:52:44,0.7937751191026943,0.8354781560851173,0.7064658536823595,0.812676791416011,100,0,1
2025.09.21,00:53:44,0.7238069572018464,0.809071097188362,0.7074419462626097,0.7870569161236918,100,0,1
2025.09.21,00:54:44,0.6930251712099126,0.7547893991878315,0.653844619129047,0.73444018948882,100,0,1
2025.09.21,00:55:44,0.6747954350858161,0.70141184797141,0.615461609069878,0.691786207392434,100,0,1
2025.09.21,00:56:44,0.7572132641285193,0.8160815363354257,0.71039662378275,0.7756796350741901,100,0,1
2025.09.21,00:57:44,0.7755362820224722,0.8285135921285437,0.7396527806587782,0.8157105993704182,100,0,1
2025.09.21,00:58:44,0.7711188320579985,0.8529816007436264,0.7314023788847621,0.8529197905478066,100,0,1
2025.09.21,00:59:44,0.6933533936187705,0.7564618307555178,0.6718151849828161,0.7362897768393083,100,0,1
2025.09.21,01:00:44,0.6446449168014138,0.6521492254784578,0.5799619858698044,0.5866217466470598,100,0,1
2025.09.21,01:01:44,0.6526915281492027,0.6790547644435091,0.5865802327693124,0.6290703250671211,100,0,1
2025.09.21,01:02:44,0.5794576952781008,0.6283135487727108,0.5228341663672822,0.5819386098519985,100,0,1
2025.09.21,01:03:44,0.5144488529935911,0.5938126265104445,0.4345390754202791,0.538916947949083,100,0,1
2025.09.21,01:04:44,0.5246574387543063,0.552437431454607,0.47168150856342766,0.5446703979275503,100,0,1
2025.09.21,01:05:44,0.541259030001714,0.5808641105760448,0.5164898754322297,0.5640350928481832,100,0,1
2025.09.21,01:06:44,0.45593478535625587,0.5165624108889261,0.41591835416702394,0.5055624451135932,100,0,1
2025.09.21,01:07:44,0.4747450579646929,0.5230727201808023,0.3808401650256901,0.38124351116850136,100,0,1
2025.09.21,01:08:44,0.5102052303495772,0.5452452898397594,0.44089992180177484,0.4438624721860383,100,0,1
2025.09.21,01:09:44,0.44460179514294784,0.49743773125800866,0.3864017778314478,0.44229896705533744,100,0,1
2025.09.21,01:10:44,0.5030904238199833,0.5356797448839832,0.4423148981042487,0.4642189789653568,100,0,1
2025.09.21,01:11:44,0.46499704439781875,0.5254506778748776,0.4233887189355938,0.5034300211031871,100,0,1
2025.09.21,01:12:44,0.3786386312861222,0.4213091255511164,0.31157941108431186,0.3603229571086623,100,0,1
2025.09.21,01:13:44,0.36313820030215094,0.3810896030979417,0.32688198897624304,0.341471822177521,100,0,1
2025.09.21,01:14:44,0.29917662665672473,0.3718796032117939,0.24845787860835852,0.31863451988181823,100,0,1
2025.09.21,01:15:44,0.2113785813857874,0.29337450502334994,0.14823124273404192,0.23479150309917887,100,0,1
2025.09.21,01:16:44,0.20491033884823254,0.2645749876532247,0.13268689848547352,0.14826172482776998,100,0,1
2025.09.21,01:17:44,0.13262087861705588,0.15836568435607637,0.12218322664199555,0.13071439332720466,100,0,1
2025.09.21,01:18:44,0.07049710945641359,0.08651130231534586,0.00955894566246214,0.07132147475493694,100,0,1
2025.09.21,01:19:44,0.13762657117470464,0.18092738912153142,0.08104262840769111,0.18053491310369071,100,0,1
2025.09.21,01:20:44,0.21939619183658798,0.291200282597765,0.16080893714060424,0.2235836150903246,100,0,1
2025.09.21,01:21:44,0.17680705819282203,0.217616125022736,0.17245722838544988,0.18253827687206536,100,0,1
2025.09.21,01:22:44,0.22484574225212822,0.2769836566690873,0.1632937630300568,0.24893486230244638,100,0,1
2025.09.21,01:23:44,0.1718272295269985,0.22991055129924207,0.08662685766366601,0.14415625141921862,100,0,1
2025.09.21,01:24:44,0.14621525821793552,0.22825375422986485,0.11655708078801993,0.19429214509607728,100,0,1
2025.09.21,01:25:44,0.17935109230318697,0.21514441329611939,0.1455678217514692,0.1853379331223465,100,0,1
2025.09.21,01:26:44,0.22313098637460502,0.28705317496220156,0.17069074788850463,0.2524335718047044,100,0,1
2025.09.21,01:27:44,0.13931924228506962,0.17714002667697168,0.08167796559578429,0.15807383217686277,100,0,1
2025.09.21,01:28:44,0.1848726914341933,0.2533215396924118,0.17868769375418753,0.21103738077653028,100,0,1
2025.09.21,01:29:44,0.2291160374882422,0.2818154357949351,0.15080939107074182,0.2534332426650149,100,0,1
2025.09.21,01:30:44,0.056774422550950304,0.09589218006953723,0.018646547175070374,0.0791723584532803,100,0,1
2025.09.21,01:31:44,0.12085835436681996,0.16761838427610604,0.0591369311368634,0.15886764813253823,100,0,1
2025.09.21,01:32:44,0.030592033570511597,0.07710995277620052,-0.02058158627719565,0.021275128909957173,100,0,1
2025.09.21,01:33:44,0.040707735747029926,0.10873854593183932,0.019291275810616182,0.06659676625192132,100,0,1
2025.09.21,01:34:44,0.0013922887681418064,0.0535798116538158,-0.0751620187354855,-0.05503265539171617,100,0,1
2025.09.21,01:35:44,0.04756003548279569,0.11177034878361693,0.0057135555447279385,0.03966604909241276,100,0,1
2025.09.21,01:36:44,0.06887858507870122,0.13835582713971584,0.014349586185606937,0.048731161275973996,100,0,1
2025.09.21,01:37:44,0.05434774807924522,0.11314361883524675,-0.029242782172597598,0.057402576841768166,100,0,1
2025.09.21,01:38:44,0.015172063083445642,0.05373718901669844,-0.024024404029961508,0.02248978840752081,100,0,1
2025.09.21,01:39:44,0.026408662858046935,0.07438473703953907,0.0016011144428929765,0.010036449449892884,100,0,1
2025.09.21,01:40:44,0.038160212110886924,0.08855041106228212,0.001998919158405693,0.036351351861816796,100,0,1
2025.09.21,01:41:44,0.12424425259069045,0.17168399138910448,0.06347598799197934,0.1201915540490894,100,0,1
2025.09.21,01:42:44,0.1320269298075604,0.20290385846832273,0.11422375099632909,0.19473589105440753,100,0,1
2025.09.21,01:43:44,0.08755515185816128,0.1254471582441097,0.0027953491596514474,0.08538752604883625,100,0,1
2025.09.21,01:44:44,0.13081739220217156,0.18448244625690566,0.10986026475459558,0.10992844533878696,100,0,1
2025.09.21,01:45:44,0.1360078051567201,0.1846557150767104,0.10361239045789498,0.18209980026282432,100,0,1
2025.09.21,01:46:44,0.18129287887944723,0.2680512554455894,0.1707454619357735,0.2566328657413135,100,0,1
2025.09.21,01:47:44,0.1619524640363593,0.20829844325840036,0.11651989214746644,0.18750819614658953,100,0,1
2025.09.21,01:48:44,0.2027639579686696,0.21446009148216802,0.15334509396588725,0.21379993366726818,100,0,1
2025.09.21,01:49:44,0.21070852881167176,0.2716085568131451,0.17327307825835025,0.1924925428900698,100,0,1
2025.09.21,01:50:44,0.1908244867932669,0.26458879050698936,0.13564409910068903,0.23111040014053544,100,0,1
2025.09.21,01:51:44,0.2520061334734823,0.31950952823039946,0.21943108044533613,0.24687066016727266,100,0,1
2025.09.21,01:52:44,0.2418649144842832,0.30767608538124946,0.19266958669727494,0.23997656173014353,100,0,1
2025.09.21,01:53:44,0.23396254862114021,0.2814735829117925,0.14249382329545543,0.2191540295381042,100,0,1
2025.09.21,01:54:44,0.20399461621722073,0.24847163485858192,0.1479486876876827,0.16408926004556348,100,0,1
2025.09.21,01:55:44,0.1930599605482221,0.2221709554584143,0.1341440489209295,0.15390969658028264,100,0,1
2025.09.21,01:56:44,0.2427224435869275,0.2614410711812884,0.1791750242656304,0.1900294867076734,100,0,1
2025.09.21,01:57:44,0.25849869626431404,0.2772158055854322,0.22010263311291453,0.27420123273604696,100,0,1
2025.09.21,01:58:44,0.3366156724301063,0.402777584200573,0.2727103486741035,0.2756340565472948,100,0,1
2025.09.21,01:59:44,0.3288610763913918,0.3574215417978907,0.29783151175066414,0.31850895593589235,100,0,1
2025.09.21,02:00:44,0.3424159453574315,0.41551462621429147,0.2569847039791674,0.276888637113519,100,0,1
2025.09.21,02:01:44,0.23300380724312922,0.2525642828505413,0.1899028635181198,0.21530488981459647,100,0,1
2025.09.21,02:02:44,0.2315053890206418,0.28809185324048814,0.20460162855216607,0.22993330728539088,100,0,1
2025.09.21,02:03:44,0.29123211330505233,0.3066420405979477,0.2416727044817497,0.30635123097335093,100,0,1
2025.09.21,02:04:44,0.2787516492906048,0.33496628712469834,0.2271419550720108,0.30203087077424284,100,0,1
2025.09.21,02:05:44,0.27220120748090515,0.29542617623466383,0.23107001131841853,0.27390652833364176,100,0,1
2025.09.21,02:06:44,0.1975319056221043,0.21139307325449425,0.16225714944760772,0.16423529806216697,100,0,1
2025.09.21,02:07:44,0.1526781345468033,0.19332307638222634,0.10072861302012018,0.10360243433308747,100,0,1
2025.09.21,02:08:44,0.03833664162100761,0.109004882889903,-0.003621324608718876,0.06320760949041306,100,0,1
2025.09.21,02:09:44,0.026722106970459097,0.12675158134455994,-0.0100307533179535,0.05109735009339125,100,0,1
2025.09.21,02:10:44,-0.005564895321513942,0.036943553396224176,-0.10748771554975758,-0.002287593836447943,100,0,1
2025.09.21,02:11:44,0.04539083038129585,0.1252623882782421,-0.028396882027986292,-0.025486361383009505,100,0,1
2025.09.21,02:12:44,0.10455175353646033,0.15061610744602114,0.08917976801743047,0.10359173264109173,100,0,1
2025.09.21,02:13:44,0.1155939240615773,0.1771823181121419,0.08010128779240178,0.12974888722316683,100,0,1
2025.09.21,02:14:44,0.08938490935870465,0.18022589566413344,0.04214830134598602,0.13875034198631175,100,0,1
2025.09.21,02:15:44,0.05675025408652628,0.12033626316318008,-0.01299565021273432,0.0669550052653855,100,0,1
2025.09.21,02:16:44,0.1266105548980483,0.1627722250770843,0.0826329695177152,0.10527619108771562,100,0,1
2025.09.21,02:17:44,0.1099059872238088,0.17474250728710838,0.0371920096332955,0.16323900341552583,100,0,1
2025.09.21,02:18:44,0.20731116700993235,0.23847665101297555,0.17426902867171531,0.20113975649056628,100,0,1
2025.09.21,02:19:44,0.241265480007918,0.2990272581831674,0.17354296970745933,0.2170080723558055,100,0,1
2025.09.21,02:20:44,0.15966271114095965,0.19162765264939424,0.10625643858970688,0.1839865488452743,100,0,1
2025.09.21,02:21:44,0.06791193736038524,0.1279779833304763,0.017703721713285367,0.06053648770976129,100,0,1
2025.09.21,02:22:44,0.15082363293907405,0.21682151748090245,0.09834723354128558,0.21300348386722695,100,0,1
2025.09.21,02:23:44,0.11343536867206865,0.1369787592904731,0.04433073716072171,0.0891827022522914,100,0,1
2025.09.21,02:24:44,0.10696306421628,0.13464227811558724,0.07040585910121187,0.07382955005863268,100,0,1
2025.09.21,02:25:44,0.10852219697309795,0.1681004795431471,0.049931159147035616,0.0740800195274272,100,0,1
2025.09.21,02:26:44,0.17274062243656546,0.19343121037572908,0.15189619153402548,0.18660848663831167,100,0,1
2025.09.21,02:27:44,0.20483849883888944,0.22333814649098815,0.12699769033825947,0.20968047649014698,100,0,1
2025.09.21,02:28:44,0.19137877607433534,0.19840703740550114,0.1295898758713202,0.19612604723704186,100,0,1
2025.09.21,02:29:44,0.27902121076049163,0.31132807662298734,0.2570077993830914,0.30720342906839326,100,0,1
2025.09.21,02:30:44,0.2641872258911654,0.3085954623210568,0.19787901195072866,0.22491152258950742,100,0,1
2025.09.21,02:31:44,0.13426896116096732,0.1691185546377609,0.06865497234694609,0.06991059007193606,100,0,1
2025.09.21,02:32:44,0.06466341422445578,0.10322369716728992,0.0033597461343551696,0.06988706108251377,100,0,1
2025.09.21,02:33:44,0.11015204533404666,0.16302623552397758,0.06334417549268079,0.09283086166386142,100,0,1
2025.09.21,02:34:44,0.15965791179074823,0.19724138482847448,0.10190216742247318,0.16442869627546797,100,0,1
2025.09.21,02:35:44,0.1513789337439757,0.17236355648372045,0.11784250621484214,0.15455651531167608,100,0,1
2025.09.21,02:36:44,0.07918316660224126,0.12081856847821479,0.013362939927017758,0.02942252997126335,100,0,1
2025.09.21,02:37:44,0.055165829564665494,0.07109998684114582,0.04429183399072743,0.0631137191393093,100,0,1
2025.09.21,02:38:44,0.052345242187477006,0.11011765662819564,0.038687413017672985,0.05208772987427478,100,0,1
2025.09.21,02:39:44,0.012902435233324492,0.03246429355344314,-0.05856295717620136,-0.02597300147971237,100,0,1
2025.09.21,02:40:44,0.07324469867018561,0.12819553253809735,0.03364997515697728,0.06124784145183158,100,0,1
2025.09.21,02:41:44,0.1133102721916751,0.1383151706634509,0.06128153659179423,0.08757185318914082,100,0,1
2025.09.21,02:42:44,0.09277180601698101,0.12221378531099336,0.022512647288075102,0.03942367677900802,100,0,1
2025.09.21,02:43:44,0.17373472526813782,0.22631919474421539,0.1300674677266001,0.17265402972612345,100,0,1
2025.09.21,02:44:44,0.18612113011046982,0.25640542446777326,0.13986448843018573,0.17373980358825228,100,0,1
2025.09.21,02:45:44,0.20903845361609943,0.24087168313793056,0.13971361924644915,0.14667517424777135,100,0,1
2025.09.21,02:46:44,0.25092804534743696,0.33033336145822473,0.20188695773698714,0.2728853497405036,100,0,1
2025.09.21,02:47:44,0.23880105014388625,0.27802763815636367,0.17388283580523992,0.18375482825584624,100,0,1
2025.09.21,02:48:44,0.20329925060143733,0.25231277739223457,0.15592850428291313,0.18913901761377366,100,0,1
2025.09.21,02:49:44,0.16910536349833874,0.2548771533184542,0.11756630784593965,0.13236215713386562,100,0,1
2025.09.21,02:50:44,0.23467050918278337,0.2866355880584488,0.20837301179772727,0.21176128523228757,100,0,1
2025.09.21,02:51:44,0.29123400526764837,0.35661556077387435,0.2483712064543736,0.3140168480029203,100,0,1
2025.09.21,02:52:44,0.2706135796989971,0.3349756685414413,0.23862051596032738,0.3180750194280865,100,0,1
2025.09.21,02:53:44,0.3235119818185204,0.3676243348612977,0.26307837129203254,0.36546284480341407,100,0,1
2025.09.21,02:54:44,0.31664726973101515,0.3585255731475799,0.24586816881740953,0.3428909407849248,100,0,1
2025.09.21,02:55:44,0.3410319740089236,0.3653432208703941,0.2915177128200147,0.35746999581499167,100,0,1
2025.09.21,02:56:44,0.3596085854719343,0.43566875539494,0.29900242121288567,0.32233948582756466,100,0,1
2025.09.21,02:57:44,0.35018145795361116,0.3987826987187713,0.3064009939005199,0.35645071394722044,100,0,1
2025.09.21,02:58:44,0.3688748246711967,0.4256636189126075,0.3340577581813864,0.413608861405941,100,0,1
2025.09.21,02:59:44,0.3276991715895423,0.38192602609715653,0.24813546062797373,0.25409199828802304,100,0,1
2025.09.21,03:00:44,0.4553758185213873,0.47298585718183217,0.3995897626506573,0.4391160223940592,100,0,1
2025.09.21,03:01:44,0.41074875581586084,0.4302463558524918,0.36230918914012605,0.3884292881242882,100,0,1
2025.09.21,03:02:44,0.3796609228808299,0.40649826961495517,0.34528111892571767,0.39164441143502676,100,0,1
2025.09.21,03:03:44,0.3315395020025458,0.3912389556066023,0.2828759822350079,0.36710826769992627,100,0,1
2025.09.21,03:04:44,0.3267178025858214,0.38474394863749595,0.24315651097288687,0.31428627561625294,100,0,1
2025.09.21,03:05:44,0.3878254243844387,0.45189916745052444,0.30936563674760725,0.4053027724635624,100,0,1
2025.09.21,03:06:44,0.33003232073431765,0.35962818993060386,0.27855745211200195,0.34986158582744403,100,0,1
2025.09.21,03:07:44,0.37606207028782945,0.422188656762405,0.30476510361601583,0.3251793009394131,100,0,1
2025.09.21,03:08:44,0.39476250071997704,0.4071612288010408,0.33245515062126496,0.38731397292570513,100,0,1
2025.09.21,03:09:44,0.3394755857166425,0.3926454961543586,0.2785483647230837,0.32725283012709167,100,0,1
2025.09.21,03:10:44,0.35068960500374285,0.3816616137306664,0.2894507768027027,0.3790382013987611,100,0,1
2025.09.21,03:11:44,0.35122663442712976,0.40847473741560036,0.27970541940777116,0.31756971734123046,100,0,1
2025.09.21,03:12:44,0.42143963653673805,0.4818869471658335,0.3824452335066586,0.44736933892184394,100,0,1
2025.09.21,03:13:44,0.41072280423909036,0.4643092239667197,0.3933600472680515,0.4160970395716847,100,0,1
2025.09.21,03:14:44,0.310045603566832,0.341516576367479,0.2566261774493243,0.30547173367075015,100,0,1
2025.09.21,03:15:44,0.3428863419144066,0.4004006361233526,0.28517492443124864,0.33741884085556867,100,0,1
2025.09.21,03:16:44,0.3417520452721452,0.39262751170772864,0.2606390661502859,0.3333079860253241,100,0,1
2025.09.21,03:17:44,0.3581385900114687,0.3878104017123195,0.3164902100296687,0.3172683535782319,100,0,1
2025.09.21,03:18:44,0.39287727021060176,0.44449040097519327,0.3425303957359569,0.4440822570381131,100,0,1
2025.09.21,03:19:44,0.35148174708830826,0.41133507415796866,0.30994189370040165,0.37443410049008324,100,0,1
2025.09.21,03:20:44,0.37764513749319933,0.4281084581502748,0.31033641322997063,0.36927548438654034,100,0,1
2025.09.21,03:21:44,0.3622719158278615,0.4198249015921787,0.3023502601189193,0.41031218523476337,100,0,1
2025.09.21,03:22:44,0.3591522997368216,0.3941138118405123,0.30633583498329947,0.35676987273621563,100,0,1
2025.09.21,03:23:44,0.3222748899466288,0.3685428561687113,0.28182714964982136,0.2902513959639922,100,0,1
2025.09.21,03:24:44,0.4118939868013125,0.4667627589665812,0.33615788604237634,0.46112547324458086,100,0,1
2025.09.21,03:25:44,0.38215831381051657,0.40936369978554243,0.32001741622117463,0.33113212066376996,100,0,1
2025.09.21,03:26:44,0.40744322118428505,0.4522010946144131,0.3542183909005336,0.4090626165341012,100,0,1
2025.09.21,03:27:44,0.4565266052555287,0.5127724632405456,0.40680593840313567,0.4112132814409978,100,0,1
2025.09.21,03:28:44,0.43517457035799006,0.5063342361921224,0.4202865982726626,0.488615977470522,100,0,1
2025.09.21,03:29:44,0.48640697477422806,0.5242000947322722,0.41851572140773285,0.42234174756787796,100,0,1
2025.09.21,03:30:44,0.512549352755632,0.5473393076723667,0.4458249834718255,0.51492417850888,100,0,1
2025.09.21,03:31:44,0.4095721517913674,0.4407777565162274,0.3490413025935373,0.38258437505381165,100,0,1
2025.09.21,03:32:44,0.3872603644088192,0.45303390799355703,0.33675178253894217,0.38731380111279956,100,0,1
2025.09.21,03:33:44,0.3343888237939666,0.3478936462011961,0.29715232961661253,0.33379049732680566,100,0,1
2025.09.21,03:34:44,0.22237817331978915,0.26046462187585717,0.17530132937031928,0.20195512144364552,100,0,1
2025.09.21,03:35:44,0.1828153173699821,0.2580081568590711,0.12963611212740245,0.16126640820185412,100,0,1
2025.09.21,03:36:44,0.14272337819811548,0.1494028118754512,0.11139914858010537,0.12408831143816344,100,0,1
2025.09.21,03:37:44,0.02537725421104402,0.1039323931411835,0.010940317898313495,0.03492520086859687,100,0,1
2025.09.21,03:38:44,0.018672417835616843,0.12487339290247845,-0.035478476541963726,0.09830758860673963,100,0,1
2025.09.21,03:39:44,-0.048765022711892245,-0.005594037195225138,-0.06803614306736913,-0.0625054690153828,100,0,1
2025.09.21,03:40:44,-0.12439474858831531,-0.08270333172564905,-0.16506386982919644,-0.12348243485260615,100,0,1
2025.09.21,03:41:44,-0.07773012675857718,-0.012681719730806174,-0.11369059567737069,-0.06365598018715019,100,0,1
2025.09.21,03:42:44,-0.0689354365666654,-0.0015838371381019095,-0.12408217167777541,-0.11134273070042991,100,0,1
2025.09.21,03:43:44,-0.07675393778153153,-0.026158020564175412,-0.11293356651173948,-0.10341919513383231,100,0,1
2025.09.21,03:44:44,-0.160992411132701,-0.1567725740280254,-0.2040024349624054,-0.17238960835636646,100,0,1
2025.09.21,03:45:44,-0.11794526978683109,-0.07869334300043711,-0.1720361217724207,-0.08869317249670058,100,0,1
2025.09.21,03:46:44,-0.07185886345451611,-0.0513298954568812,-0.12356951470197833,-0.11022557466009124,100,0,1
2025.09.21,03:47:44,-0.1020645184735504,-0.06037977421194299,-0.13839639041081975,-0.11036414056625622,100,0,1
2025.09.21,03:48:44,-0.18736703794054024,-0.1680511314120554,-0.2582291148013366,-0.22424790866709138,100,0,1
2025.09.21,03:49:44,-0.12355503419304831,-0.0747618950279661,-0.17705406130160703,-0.17623563950344492,100,0,1
2025.09.21,03:50:44,-0.1121968752935204,-0.054590577301801765,-0.17442809002581444,-0.06739674223906204,100,0,1
2025.09.21,03:51:44,-0.10784009432763786,-0.06746369207241268,-0.11851944008845453,-0.11548300767528132,100,0,1
2025.09.21,03:52:44,-0.15541392017756597,-0.10342647835622917,-0.20599366964901664,-0.11379605074629165,100,0,1
2025.09.21,03:53:44,-0.2171232065128331,-0.14927043104482238,-0.30694170572452273,-0.2803119467717847,100,0,1
2025.09.21,03:54:44,-0.16107501847307945,-0.09386567265315043,-0.23515485165033428,-0.16145914511101958,100,0,1
2025.09.21,03:55:44,-0.14000525498324184,-0.09457758426585156,-0.16156634773441336,-0.11899059209191798,100,0,1
2025.09.21,03:56:44,-0.2438142373786461,-0.2105810796439318,-0.29216577214132705,-0.26907120253395295,100,0,1
2025.09.21,03:57:44,-0.16817576505352003,-0.13993169176238124,-0.18010563954566447,-0.16454926034783487,100,0,1
2025.09.21,03:58:44,-0.2019342218794657,-0.1577083864755011,-0.21892142315115626,-0.18429541618320266,100,0,1
2025.09.21,03:59:44,-0.19242951583485274,-0.12199128075131024,-0.26573659400685556,-0.18118582763252244,100,0,1
2025.09.21,04:00:44,-0.19447158889895286,-0.12960870420399567,-0.2349992075875192,-0.18099518110599355,100,0,1
2025.09.21,04:01:44,-0.23804007693473134,-0.1610174362451246,-0.2949905427671296,-0.17838210542673272,100,0,1
2025.09.21,04:02:44,-0.2615382042869342,-0.21987181623711066,-0.3386150871667784,-0.25486151869585194,100,0,1
2025.09.21,04:03:44,-0.1529631754721437,-0.10287871922885483,-0.23313154260566582,-0.18544417032546578,100,0,1
2025.09.21,04:04:44,-0.19929906701353267,-0.1725205758042331,-0.2798194011320783,-0.27118904279273875,100,0,1
2025.09.21,04:05:44,-0.24528511018821736,-0.19494348721309648,-0.3067840296748809,-0.28502113754518155,100,0,1
2025.09.21,04:06:44,-0.21930159315866585,-0.17300738168710184,-0.24926203414440679,-0.195494084393946,100,0,1
2025.09.21,04:07:44,-0.2216926410499305,-0.1499535095682637,-0.29754108462995016,-0.15395921043238056,100,0,1
2025.09.21,04:08:44,-0.22024162069631784,-0.1343970446907909,-0.23173426787662416,-0.15657415521547186,100,0,1
2025.09.21,04:09:44,-0.18002071366686315,-0.14519651904469913,-0.2678295807670427,-0.15509673498204274,100,0,1
2025.09.21,04:10:44,-0.2637035677467795,-0.24677762639479783,-0.32997032384426817,-0.3293736744434608,100,0,1
2025.09.21,04:11:44,-0.15708152964186375,-0.101558445687728,-0.2229584897175227,-0.20129589568282086,100,0,1
2025.09.21,04:12:44,-0.18318422639934318,-0.10684135580877879,-0.208154635939314,-0.15317773198013235,100,0,1
2025.09.21,04:13:44,-0.21306941740553992,-0.13879587024821272,-0.2351312921519113,-0.1691573637671504,100,0,1
2025.09.21,04:14:44,-0.19200043501620573,-0.13046737630650762,-0.2606478779501048,-0.21590082029483917,100,0,1
2025.09.21,04:15:44,-0.16963273019828637,-0.10079379410540795,-0.24223187763919796,-0.24042224499019155,100,0,1
2025.09.21,04:16:44,-0.04355446460397931,-0.02756858666967356,-0.08356704791305289,-0.06456997191994902,100,0,1
2025.09.21,04:17:44,-0.015853648928864927,0.0368784406498862,-0.05933402715930664,0.01732840636759945,100,0,1
2025.09.21,04:18:44,0.02504960305252505,0.08264113394894886,-0.04105031175972256,0.022616499264387906,100,0,1
2025.09.21,04:19:44,0.1018522459657472,0.11545011617136672,0.07694217888129076,0.11543277176599284,100,0,1
2025.09.21,04:20:44,0.14684554691117993,0.1683593765856405,0.10294024979965333,0.11226681464481172,100,0,1
2025.09.21,04:21:44,0.1457771898180623,0.202576430563638,0.11506655510767123,0.16854824126970733,100,0,1
2025.09.21,04:22:44,0.2654366917836408,0.3254606130669268,0.26299213155366946,0.3174788999949586,100,0,1
2025.09.21,04:23:44,0.29202728671329065,0.36763970169105187,0.2257243645530379,0.25201420418970855,100,0,1
2025.09.21,04:24:44,0.26152269418744295,0.3401466783555373,0.20037739143693334,0.26376579658735627,100,0,1
2025.09.21,04:25:44,0.25041610659777414,0.3097879726503176,0.19090847000290045,0.24081330644226198,100,0,1
2025.09.21,04:26:44,0.21163241469682964,0.25119437244415044,0.15470776873926184,0.18080460562811274,100,0,1
2025.09.21,04:27:44,0.22561545694443333,0.2506948123567198,0.12731216372946125,0.1931908622483857,100,0,1
2025.09.21,04:28:44,0.1408407889330252,0.21233800194696345,0.10148910986755098,0.12215969599024283,100,0,1
2025.09.21,04:29:44,0.2202925041455512,0.27879468613952335,0.1848237846562092,0.19676021460695078,100,0,1
2025.09.21,04:30:44,0.21160609160936433,0.24620318961431614,0.16764101680987945,0.23477554779102858,100,0,1
2025.09.21,04:31:44,0.07661226693343012,0.13610228516169415,0.05587564179350914,0.09556080660676616,100,0,1
2025.09.21,04:32:44,0.10262038576546406,0.1314820101286233,0.06620296346666935,0.08899657131747846,100,0,1
2025.09.21,04:33:44,0.07617459378370874,0.12121463914318847,0.04482796920820138,0.09135073644643818,100,0,1
2025.09.21,04:34:44,0.023947028637453682,0.051146795525165586,-0.030478708684180594,0.0039233844884068725,100,0,1
2025.09.21,04:35:44,0.06883608114419351,0.14213990751409963,0.02403442810928489,0.025298943474005763,100,0,1
2025.09.21,04:36:44,0.041013886513061946,0.10881700395857807,-0.018928869897357974,0.06590825731705918,100,0,1
2025.09.21,04:37:44,0.03175128910698653,0.0404385729050141,-0.023529628127434525,-0.0034751898953416967,100,0,1
2025.09.21,04:38:44,0.004546719462814132,0.0735984448763635,-0.03889238747746229,0.05693228990113246,100,0,1
2025.09.21,04:39:44,0.059904455261638914,0.1259431836231904,0.02988203730264971,0.07901231815738485,100,0,1
2025.09.21,04:40:44,0.005711460048776318,0.07083347383027087,-0.03114535375049971,0.0675895850844958,100,0,1
2025.09.21,04:41:44,0.007974192936107918,0.06387649427708773,-0.057744193403749824,0.0036503928007567132,100,0,1
2025.09.21,04:42:44,-0.0037137952298903036,0.09604311944214784,-0.06941225633798424,0.07768821085458581,100,0,1
2025.09.21,04:43:44,0.007833380879167729,0.05881461102827945,-0.04712890069984363,-0.034812120246026514,100,0,1
2025.09.21,04:44:44,0.003523990469464224,0.06712230155499108,-0.05068465263783715,-0.006308406742979493,100,0,1
2025.09.21,04:45:44,-0.03252194752941025,-0.028584674963521975,-0.06985669838920547,-0.04131460274224129,100,0,1
2025.09.21,04:46:44,-0.02108277297282318,0.01222490119648104,-0.06921253184420965,-0.04509453298341884,100,0,1
2025.09.21,04:47:44,-0.05565825580265293,0.03552879520198909,-0.13601273810554265,-0.06355663007829879,100,0,1
2025.09.21,04:48:44,-0.07906728147770026,-0.07026649331426967,-0.13626216350784887,-0.11503302412108721,100,0,1
2025.09.21,04:49:44,-0.09821001438430989,-0.0942707061149651,-0.13494666971609665,-0.0980651659625345,100,0,1
2025.09.21,04:50:44,-0.018911979343467653,0.00742686471592709,-0.07212546559011664,-0.031844700082222545,100,0,1
2025.09.21,04:51:44,-0.056304547042687794,0.014032097688290307,-0.1289115406402897,-0.10198026977031031,100,0,1
2025.09.21,04:52:44,-0.021480992976187795,0.04232731729406073,-0.08343917788273775,-0.05327341284662184,100,0,1
2025.09.21,04:53:44,-0.07652682849627791,0.026459441295537026,-0.15146166910106562,0.014358224977984502,100,0,1
2025.09.21,04:54:44,-0.17680282761858773,-0.16015568915426637,-0.20426332893543714,-0.20424211103905612,100,0,1
2025.09.21,04:55:44,-0.12484969192538739,-0.09278251491349883,-0.18209047516038343,-0.1089991467160322,100,0,1
2025.09.21,04:56:44,-0.23586647050156312,-0.2026881994533821,-0.2921429957173424,-0.2508340073013147,100,0,1
2025.09.21,04:57:44,-0.27564642216261076,-0.2286499865611041,-0.31423866911985165,-0.24398198929718962,100,0,1
2025.09.21,04:58:44,-0.3278059592716447,-0.28366130538633993,-0.36153323554857325,-0.3559049000549477,100,0,1
2025.09.21,04:59:44,-0.4220903861075423,-0.38690499590018956,-0.4977081188821143,-0.43636769047261526,100,0,1
2025.09.21,05:00:44,-0.5240715223618384,-0.49337080726528304,-0.5546330988661073,-0.515056738006321,100,0,1
2025.09.21,05:01:44,-0.5395252411581494,-0.48630279983632385,-0.5773330269863919,-0.5312735641387037,100,0,1
2025.09.21,05:02:44,-0.5728561343937889,-0.4902761860391456,-0.5795669172644351,-0.526455274359479,100,0,1
2025.09.21,05:03:44,-0.604878915464466,-0.5490426628246549,-0.6468349230064676,-0.5695975986202582,100,0,1
2025.09.21,05:04:44,-0.6427009384696432,-0.6004686993946499,-0.7483303846299807,-0.6086094800131182,100,0,1
2025.09.21,05:05:44,-0.6283567037568366,-0.5993662980128758,-0.6893792234432601,-0.6691563579354399,100,0,1
2025.09.21,05:06:44,-0.6277626500410187,-0.6078152297990845,-0.6810291795243585,-0.6503987094153991,100,0,1
2025.09.21,05:07:44,-0.5824975014179852,-0.5376705570861067,-0.6602903201742981,-0.6124374830993491,100,0,1
2025.09.21,05:08:44,-0.5214456434351646,-0.4792286747744463,-0.5521183954938244,-0.49130130229289776,100,0,1
2025.09.21,05:09:44,-0.5473931567160206,-0.4916924975796271,-0.6093754169946283,-0.5545859551565939,100,0,1
2025.09.21,05:10:44,-0.5820795200289749,-0.5314160416081603,-0.6396673153038396,-0.549342736483308,100,0,1
2025.09.21,05:11:44,-0.5931909507319818,-0.5109313101317849,-0.6478574150933519,-0.5556564280949089,100,0,1
2025.09.21,05:12:44,-0.5915404347323941,-0.5673997028329778,-0.6289328129100223,-0.576357365429923,100,0,1
2025.09.21,05:13:44,-0.6206607833578384,-0.5674613751365519,-0.6409358973540598,-0.5832518397337403,100,0,1
2025.09.21,05:14:44,-0.643326787142984,-0.5796472359297736,-0.6726473359889275,-0.6428165227884688,100,0,1
2025.09.21,05:15:44,-0.6054895854249779,-0.5494327971933674,-0.6684372041541616,-0.562701637781102,100,0,1
2025.09.21,05:16:44,-0.5832026989067826,-0.538577384569459,-0.6562526103104176,-0.6348152525060358,100,0,1
2025.09.21,05:17:44,-0.6373404941659214,-0.5837545279781553,-0.7311193867947344,-0.6158776216515696,100,0,1
2025.09.21,05:18:44,-0.6705898517068333,-0.6039918051384031,-0.722490520603043,-0.6734740668095412,100,0,1
2025.09.21,05:19:44,-0.6534148237676484,-0.5811665861929809,-0.7323947725977135,-0.6684586937892425,100,0,1
2025.09.21,05:20:44,-0.6816480776880582,-0.6380710062626633,-0.7064886895937488,-0.6821824507091779,100,0,1
2025.09.21,05:21:44,-0.6327640035136377,-0.5578555015192996,-0.6819496443361596,-0.6678755504678522,100,0,1
2025.09.21,05:22:44,-0.6847640610409166,-0.6374959365338021,-0.7669301291238373,-0.6453742416859835,100,0,1
2025.09.21,05:23:44,-0.705168128185362,-0.6543822029686973,-0.7257715637118596,-0.7070356118603871,100,0,1
2025.09.21,05:24:44,-0.6488498085294244,-0.5843276526120439,-0.6821181303108723,-0.6406850680849588,100,0,1
2025.09.21,05:25:44,-0.6512038195315842,-0.5918238744834164,-0.7043576668455364,-0.6602389572829033,100,0,1
2025.09.21,05:26:44,-0.6653819512440121,-0.6313662766759074,-0.700337978538021,-0.6360802346666563,100,0,1
2025.09.21,05:27:44,-0.6523085859472241,-0.5879249232127222,-0.7075537698039379,-0.5974932664307434,100,0,1
2025.09.21,05:28:44,-0.6641637669871772,-0.5866482138905577,-0.7199952385718333,-0.7109611087810409,100,0,1
2025.09.21,05:29:44,-0.7268157725127108,-0.690970687494654,-0.7796942515721035,-0.7409637294262359,100,0,1
2025.09.21,05:30:44,-0.773691481856483,-0.7545786835356284,-0.8252873550730426,-0.758252123261389,100,0,1
2025.09.21,05:31:44,-0.7493995761440143,-0.7019872511877294,-0.7938867748978569,-0.7313249075477083,100,0,1
2025.09.21,05:32:44,-0.7839006603725396,-0.7575364842726992,-0.8264510636791866,-0.8142980764165079,100,0,1
2025.09.21,05:33:44,-0.8417916157231586,-0.8201387537262216,-0.8791597723853665,-0.828126205149039,100,0,1
2025.09.21,05:34:44,-0.801740309218857,-0.7546095419942092,-0.8486528175952752,-0.7650711729821743,100,0,1
2025.09.21,05:35:44,-0.804588052928228,-0.7741511520610113,-0.8547213276837395,-0.7748296440635091,100,0,1
2025.09.21,05:36:44,-0.8259129651724579,-0.7837180820506574,-0.8607930264671296,-0.8600018529861038,100,0,1
2025.09.21,05:37:44,-0.846243859015867,-0.7828529713869102,-0.9199377268318258,-0.9188847624565801,100,0,1
2025.09.21,05:38:44,-0.7840795105581038,-0.7322037860030816,-0.7980110382911568,-0.7432150276652737,100,0,1
2025.09.21,05:39:44,-0.7135286523269081,-0.6924000512038424,-0.7821811996398237,-0.7696557725889492,100,0,1
2025.09.21,05:40:44,-0.7122910920133431,-0.6412831481572722,-0.7650303391718082,-0.7156221676489365,100,0,1
2025.09.21,05:41:44,-0.6800458596747074,-0.6155491803481736,-0.7182284494017549,-0.6759130867149761,100,0,1
2025.09.21,05:42:44,-0.7227393866561546,-0.6866708516137706,-0.7739358633288478,-0.6975613275945644,100,0,1
2025.09.21,05:43:44,-0.7296855420004281,-0.6769838742627533,-0.7449678194424195,-0.730090111462658,100,0,1
2025.09.21,05:44:44,-0.7175037513686295,-0.676196873239959,-0.7827796223349303,-0.7386575649670439,100,0,1
2025.09.21,05:45:44,-0.6516713657870941,-0.5997968110828275,-0.6725579879337241,-0.6330590058067503,100,0,1
2025.09.21,05:46:44,-0.7632101728238945,-0.7055134461686483,-0.8270325526623796,-0.7486355007279724,100,0,1
2025.09.21,05:47:44,-0.7597736590527943,-0.6791907553818876,-0.8284392007022844,-0.8182566212401253,100,0,1
2025.09.21,05:48:44,-0.7330942873494057,-0.6772895153446682,-0.7610697606309242,-0.7605067735516493,100,0,1
2025.09.21,05:49:44,-0.7178303389871152,-0.6954350022866306,-0.814068514358502,-0.699014166568765,100,0,1
2025.09.21,05:50:44,-0.6581071314450843,-0.5972789391341093,-0.7139555492578974,-0.6690796821669731,100,0,1
2025.09.21,05:51:44,-0.6745157606429948,-0.6387699396461115,-0.7342757895776959,-0.7243161515734657,100,0,1
2025.09.21,05:52:44,-0.7584701383615149,-0.6971340492709344,-0.8190831744145346,-0.7651787417849905,100,0,1
2025.09.21,05:53:44,-0.7906248118162682,-0.7545116379460708,-0.854262109589871,-0.8289092674736693,100,0,1
2025.09.21,05:54:44,-0.815412728693761,-0.7791458916847784,-0.8586524274569899,-0.8366318245151408,100,0,1
2025.09.21,05:55:44,-0.7956808400884781,-0.7452440143991975,-0.8483359755491031,-0.7989825517787796,100,0,1
2025.09.21,05:56:44,-0.8857637910134336,-0.8535577568067082,-0.9405034920785716,-0.8713356731808098,100,0,1
2025.09.21,05:57:44,-0.8092252682107579,-0.747936205875135,-0.8730899787872446,-0.8286852049619375,100,0,1
2025.09.21,05:58:44,-0.7536755710394556,-0.7157841820235197,-0.8133448563490011,-0.755908602577983,100,0,1
2025.09.21,05:59:44,-0.7811611058107121,-0.7510445766926492,-0.8235225244820036,-0.8110503803323816,100,0,1
2025.09.21,06:00:44,-0.7517448032617855,-0.682101529623903,-0.8252366401749445,-0.6919923118563304,100,0,1
2025.09.21,06:01:44,-0.76095424375923,-0.6735797097903429,-0.8124012757567481,-0.7890862245453112,100,0,1
2025.09.21,06:02:44,-0.7735102317827827,-0.7402809310176824,-0.8461804952141606,-0.8028406906099647,100,0,1
2025.09.21,06:03:44,-0.7766051332198988,-0.7129965828161765,-0.8492615842246168,-0.8081093674080027,100,0,1
2025.09.21,06:04:44,-0.834062771918971,-0.7933521812013852,-0.8348233180361316,-0.7970284965945282,100,0,1
2025.09.21,06:05:44,-0.7553111839573224,-0.6857518034893927,-0.8057009748239793,-0.7316387619214002,100,0,1
2025.09.21,06:06:44,-0.8227621874127453,-0.777867625384549,-0.8576861329091517,-0.8181204127696801,100,0,1
2025.09.21,06:07:44,-0.8231490595632254,-0.7635662049896459,-0.8566446246568716,-0.8506818517085986,100,0,1
2025.09.21,06:08:44,-0.7036782147702346,-0.6707914510645925,-0.7761087203515559,-0.7181498801107157,100,0,1
2025.09.21,06:09:44,-0.8183619460626189,-0.7249707956068817,-0.9050072535126752,-0.7306306593720012,100,0,1
2025.09.21,06:10:44,-0.7643621736884852,-0.7235641650883156,-0.8078173746076351,-0.7987798333313836,100,0,1
2025.09.21,06:11:44,-0.737985447935999,-0.6894349042243467,-0.8055670677833334,-0.7410300631272215,100,0,1
2025.09.21,06:12:44,-0.7712101004957421,-0.7325865962270216,-0.8337408728173642,-0.7478569628245578,100,0,1
2025.09.21,06:13:44,-0.7946757524176662,-0.7251030777609541,-0.8433685081828101,-0.7290155845405621,100,0,1
2025.09.21,06:14:44,-0.7859506182212996,-0.7419051755436228,-0.8303128318198226,-0.8121928668206018,100,0,1
2025.09.21,06:15:44,-0.8238961690390852,-0.7579672387431393,-0.8711592340394548,-0.8387505428145308,100,0,1
2025.09.21,06:16:44,-0.8668524076660938,-0.8084344966857739,-0.9235413180984868,-0.8510602999453944,100,0,1
2025.09.21,06:17:44,-0.7820273025805866,-0.7329832198180016,-0.820266014000245,-0.7778445523875157,100,0,1
2025.09.21,06:18:44,-0.7236519236381251,-0.6806468620201778,-0.7946193597415032,-0.7095311064465828,100,0,1
2025.09.21,06:19:44,-0.6773167152008992,-0.626969262752442,-0.7708425693548917,-0.7586284972689826,100,0,1
2025.09.21,06:20:44,-0.6299322095803931,-0.5442290747703821,-0.7394752162796219,-0.5615279949878562,100,0,1
2025.09.21,06:21:44,-0.6054973850845872,-0.5653393821030289,-0.6595178326194959,-0.5840402685612307,100,0,1
2025.09.21,06:22:44,-0.5911946962592761,-0.5493922863262101,-0.6375639844397836,-0.5758294053689552,100,0,1
2025.09.21,06:23:44,-0.5304790944509037,-0.43118891344362154,-0.5655942396465024,-0.4692988599193498,100,0,1
2025.09.21,06:24:44,-0.5845764294809338,-0.5213215337515159,-0.6258813499166842,-0.5639577299126463,100,0,1
2025.09.21,06:25:44,-0.568493048577807,-0.5440937597489997,-0.608639683879971,-0.5814931331132782,100,0,1
2025.09.21,06:26:44,-0.5897793790720975,-0.523751062006356,-0.6614773035964285,-0.53877390557562,100,0,1
2025.09.21,06:27:44,-0.6008867854891283,-0.5389038572980043,-0.627505426738198,-0.6075967112748107,100,0,1
2025.09.21,06:28:44,-0.5716214212642655,-0.5362695704949378,-0.6139023048937454,-0.5513741396328324,100,0,1
2025.09.21,06:29:44,-0.5865286103375685,-0.5597070142718821,-0.6221241297454105,-0.5895998932012487,100,0,1
2025.09.21,06:30:44,-0.5656075247166575,-0.5366502728668122,-0.6265250781881443,-0.55052223253926,100,0,1
2025.09.21,06:31:44,-0.556606128782971,-0.49748360062237007,-0.5900119460131482,-0.5423791107928986,100,0,1
2025.09.21,06:32:44,-0.6117505744044902,-0.5836645237953809,-0.6254551313844767,-0.6132700958203926,100,0,1
2025.09.21,06:33:44,-0.5619975294925452,-0.5336604015955366,-0.6087866463436572,-0.5694986414122303,100,0,1
2025.09.21,06:34:44,-0.5217223275888951,-0.4857210830207607,-0.5995059688394295,-0.5832994965165366,100,0,1
2025.09.21,06:35:44,-0.5101869944234861,-0.4523448960795116,-0.5750708908569746,-0.4914935319122887,100,0,1
2025.09.21,06:36:44,-0.44544808276579667,-0.39781000783996723,-0.5113710983193653,-0.41654234857137595,100,0,1
2025.09.21,06:37:44,-0.38172949861163963,-0.32421316934443734,-0.45784415907408105,-0.42468934324540786,100,0,1
2025.09.21,06:38:44,-0.39188410440869703,-0.3502424817675104,-0.45315698563922346,-0.41864697325014194,100,0,1
2025.09.21,06:39:44,-0.4266966291903074,-0.3870046775569315,-0.47763039008592734,-0.4278147699109045,100,0,1
2025.09.21,06:40:44,-0.33485370130388414,-0.2648587318676264,-0.4164176706847889,-0.3650181301790584,100,0,1
2025.09.21,06:41:44,-0.29153572099691105,-0.23335235472995353,-0.3469850845858879,-0.2852554306238174,100,0,1
2025.09.21,06:42:44,-0.2671249332143938,-0.18374899833709174,-0.30456816588879443,-0.2860040635436695,100,0,1
2025.09.21,06:43:44,-0.31065942708022337,-0.24931530086733983,-0.37065020333707943,-0.3295971593292816,100,0,1
2025.09.21,06:44:44,-0.3169648553133312,-0.3034663829068235,-0.3627914473967637,-0.3349890149180811,100,0,1
2025.09.21,06:45:44,-0.26211182940484146,-0.23171783704022014,-0.3489971544935429,-0.286992796944865,100,0,1
2025.09.21,06:46:44,-0.22188259361356483,-0.140177769154445,-0.2722200475493378,-0.19411125895565898,100,0,1
2025.09.21,06:47:44,-0.21083103401484252,-0.1756399086996145,-0.26571376252667267,-0.2586016102407342,100,0,1
2025.09.21,06:48:44,-0.20097161111493025,-0.1540469404401239,-0.24923980784477462,-0.16383455114800585,100,0,1
2025.09.21,06:49:44,-0.22451100544801175,-0.18103041559200433,-0.25233661839601745,-0.2026574378411864,100,0,1
2025.09.21,06:50:44,-0.23642424608446655,-0.20842014432920852,-0.27990242062309156,-0.2702347094107602,100,0,1
2025.09.21,06:51:44,-0.31949026391150515,-0.2606037427060319,-0.3266914633131038,-0.31330614211321084,100,0,1
2025.09.21,06:52:44,-0.28321004227330865,-0.21934776708954784,-0.3171213607671761,-0.23322782409670678,100,0,1
2025.09.21,06:53:44,-0.23381750817476818,-0.14242441351619523,-0.2771632064458106,-0.17770503655638775,100,0,1
2025.09.21,06:54:44,-0.27869360166327584,-0.20890579316167276,-0.30599901465541085,-0.21731544255983587,100,0,1
2025.09.21,06:55:44,-0.3068777360185703,-0.25856614501796926,-0.36330536050180057,-0.3082366508577757,100,0,1
2025.09.21,06:56:44,-0.2146253410170448,-0.14492541161376304,-0.23409824762410467,-0.1710972554597178,100,0,1
2025.09.21,06:57:44,-0.16235211264730529,-0.14301736562605308,-0.2172157993882678,-0.2046034986149522,100,0,1
2025.09.21,06:58:44,-0.2485876370240956,-0.20744609700996391,-0.30874092543867293,-0.231290464310575,100,0,1
2025.09.21,06:59:44,-0.24411589142276321,-0.17934961814892922,-0.2901695648717692,-0.20235541876041901,100,0,1
2025.09.21,07:00:44,-0.17851615662183815,-0.1178829435269339,-0.2291605063058972,-0.1579796458114926,100,0,1
2025.09.21,07:01:44,-0.25091869567840336,-0.20584070611172156,-0.3105576155976266,-0.2364855030119452,100,0,1
2025.09.21,07:02:44,-0.2545826148960544,-0.19026701355655568,-0.3084872008305269,-0.294769068233986,100,0,1
2025.09.21,07:03:44,-0.2555119940344691,-0.19496573775991988,-0.3271310965048164,-0.24189826464404965,100,0,1
2025.09.21,07:04:44,-0.24434289064419498,-0.2143400532753526,-0.2784366180175844,-0.23142391433133933,100,0,1
2025.09.21,07:05:44,-0.22630009488604552,-0.17652993012424018,-0.2853852526278119,-0.2042282237773324,100,0,1
2025.09.21,07:06:44,-0.2251756788361431,-0.2012998437728053,-0.3177638921999175,-0.20249684518206437,100,0,1
2025.09.21,07:07:44,-0.29074174808457603,-0.25625360205399733,-0.3173937231789059,-0.29456235278044623,100,0,1
2025.09.21,07:08:44,-0.17844607054586623,-0.1263579858374683,-0.18445384779680873,-0.12769884418945598,100,0,1
2025.09.21,07:09:44,-0.2215306337330299,-0.15942420202696814,-0.2456364205190601,-0.1867410027068665,100,0,1
2025.09.21,07:10:44,-0.09362073567548372,-0.016354561353532193,-0.15276389841510463,-0.10804330369769322,100,0,1
2025.09.21,07:11:44,-0.2285976884993366,-0.1473999152025533,-0.27747594699337663,-0.24522544589920925,100,0,1
2025.09.21,07:12:44,-0.2755001408318608,-0.2538269503932104,-0.32868863678068877,-0.3097466820884515,100,0,1
2025.09.21,07:13:44,-0.2912886107395783,-0.23218585956663246,-0.31933341835019774,-0.3075098205443236,100,0,1
2025.09.21,07:14:44,-0.2781102596541301,-0.2404146034817252,-0.3252738925122025,-0.2641120675652291,100,0,1
2025.09.21,07:15:44,-0.28768012790394076,-0.23710455318522855,-0.316176728497059,-0.25321042905945,100,0,1
2025.09.21,07:16:44,-0.2735219147421346,-0.22876283600637481,-0.31429035877777006,-0.31375509110509764,100,0,1
2025.09.21,07:17:44,-0.26342925917601495,-0.20933121769667018,-0.3112267038165554,-0.25754696596113447,100,0,1
2025.09.21,07:18:44,-0.22699177009842744,-0.1397940266441916,-0.26033609357137216,-0.2097610407267796,100,0,1
2025.09.21,07:19:44,-0.2673537777181235,-0.17497872171118725,-0.330967263220484,-0.2650077884391193,100,0,1
2025.09.21,07:20:44,-0.3713736481632857,-0.2903214163322475,-0.3888291817992988,-0.38634280061367576,100,0,1
2025.09.21,07:21:44,-0.3792546158185526,-0.3303473019236367,-0.440916387220163,-0.33164690536228253,100,0,1
2025.09.21,07:22:44,-0.3557239123762064,-0.31191990733478087,-0.39991922708259786,-0.3652843793038145,100,0,1
2025.09.21,07:23:44,-0.4277400632209999,-0.4019734368069829,-0.47055978569959434,-0.4020156736882373,100,0,1
2025.09.21,07:24:44,-0.46308249964067455,-0.409396553861723,-0.5120486511436011,-0.4648707444804921,100,0,1
2025.09.21,07:25:44,-0.3829687918401675,-0.2798525290214291,-0.4498860131997225,-0.39490092530482274,100,0,1
2025.09.21,07:26:44,-0.5003344494160111,-0.4383105776126629,-0.561583997377283,-0.4985622090769706,100,0,1
2025.09.21,07:27:44,-0.42459209185238367,-0.3859122649466108,-0.4617747765700153,-0.4556384024701213,100,0,1
2025.09.21,07:28:44,-0.47637135393279023,-0.45767436677113793,-0.5666651151280488,-0.5331237173797375,100,0,1
2025.09.21,07:29:44,-0.4261544697576222,-0.40806322647498633,-0.46409064636052766,-0.4177841752110816,100,0,1
2025.09.21,07:30:44,-0.3383054451622291,-0.2814613396528379,-0.3864687147645741,-0.29258832106521615,100,0,1
2025.09.21,07:31:44,-0.31251023481715995,-0.26461126692055115,-0.34101279842281546,-0.2652282146862661,100,0,1
2025.09.21,07:32:44,-0.3093539151341567,-0.25873438343095856,-0.37968947677401343,-0.26165773163493733,100,0,1
2025.09.21,07:33:44,-0.2894565801940709,-0.23849335986207915,-0.32950024807724476,-0.32848867108876384,100,0,1
2025.09.21,07:34:44,-0.3767862718033401,-0.30802665121918194,-0.43427068691910886,-0.3237234146580844,100,0,1
2025.09.21,07:35:44,-0.48179332541863273,-0.4336930765165572,-0.5235754663683266,-0.5063212077017344,100,0,1
2025.09.21,07:36:44,-0.5023288491362435,-0.4514618603120099,-0.5093858470767766,-0.45198705005102535,100,0,1
2025.09.21,07:37:44,-0.5023481720493017,-0.4637836044192235,-0.517095658998267,-0.4858792650254767,100,0,1
2025.09.21,07:38:44,-0.5216912621059377,-0.47492438862408937,-0.5945229113994277,-0.5490990836884161,100,0,1
2025.09.21,07:39:44,-0.6390780567386646,-0.5888297942908419,-0.6551528667482044,-0.5935826723796166,100,0,1
2025.09.21,07:40:44,-0.5952345469699297,-0.5917358408270059,-0.6234552971989102,-0.6159819788119217,100,0,1
2025.09.21,07:41:44,-0.6246345415461807,-0.5950502704572894,-0.6869634637972875,-0.6803886484323933,100,0,1
2025.09.21,07:42:44,-0.6685849227818418,-0.6130740294019758,-0.7251960497265435,-0.6574423193568408,100,0,1
2025.09.21,07:43:44,-0.679785426082206,-0.6090323744776764,-0.7440593870958021,-0.7035287539039728,100,0,1
2025.09.21,07:44:44,-0.6777306315938304,-0.6436598910772784,-0.7193371186427064,-0.6539196663621407,100,0,1
2025.09.21,07:45:44,-0.6277786584735477,-0.580519661754003,-0.6541330715158886,-0.5897174159625929,100,0,1
2025.09.21,07:46:44,-0.6239521407779297,-0.6150570150211504,-0.63556179101573,-0.6210259492131659,100,0,1
2025.09.21,07:47:44,-0.6807854660929792,-0.6072218631253936,-0.7441793942602988,-0.626574864184736,100,0,1
2025.09.21,07:48:44,-0.6455100060732181,-0.5932863162691228,-0.7073891670964143,-0.6877545821586126,100,0,1
2025.09.21,07:49:44,-0.6189193575025823,-0.5668493831268584,-0.6206081655226675,-0.5957646907095454,100,0,1
2025.09.21,07:50:44,-0.6341872881884897,-0.595118707834266,-0.7065971797230005,-0.6255093761510208,100,0,1
2025.09.21,07:51:44,-0.6164872111750007,-0.5844524827916697,-0.6799951047413173,-0.6238077823874324,100,0,1
2025.09.21,07:52:44,-0.6252899746509958,-0.5884424781760841,-0.684195711030979,-0.631748000754593,100,0,1
2025.09.21,07:53:44,-0.6266825249239549,-0.5468546627412313,-0.6680354759793743,-0.5618273836024839,100,0,1
2025.09.21,07:54:44,-0.6254196900244516,-0.5933447077087549,-0.6607799447375989,-0.5968675356246358,100,0,1
2025.09.21,07:55:44,-0.5985349973490156,-0.5645866931375432,-0.6642204196631692,-0.6495460102298363,100,0,1
2025.09.21,07:56:44,-0.5890506509396728,-0.5629378465030648,-0.6731209497159679,-0.65065466872533,100,0,1
2025.09.21,07:57:44,-0.6075534634024363,-0.5229456473113007,-0.6639053774086664,-0.6585585718501403,100,0,1
2025.09.21,07:58:44,-0.5976942743820907,-0.558680363548328,-0.6967252584168373,-0.6537536008724244,100,0,1
2025.09.21,07:59:44,-0.4964842254293785,-0.44621632388623156,-0.5217154614423855,-0.47964857757937157,100,0,1
2025.09.21,08:00:44,-0.4615556593480977,-0.40226300877627336,-0.4776679338883211,-0.4736744020216597,100,0,1
2025.09.21,08:01:44,-0.48020996161520835,-0.4157074531532262,-0.4886708058929017,-0.45033120651585656,100,0,1
2025.09.21,08:02:44,-0.568887559148226,-0.5004350108993226,-0.5872973546292576,-0.5586415569226891,100,0,1
2025.09.21,08:03:44,-0.6571936550505802,-0.6021589090201299,-0.7018387692727669,-0.6970800777822789,100,0,1
2025.09.21,08:04:44,-0.614159379819913,-0.5279366205881195,-0.6539188196236476,-0.5500399161843406,100,0,1
2025.09.21,08:05:44,-0.588792951730862,-0.5485958336042992,-0.6629374594997695,-0.6484085049245306,100,0,1
2025.09.21,08:06:44,-0.5635681081069172,-0.5016881243944091,-0.617879042255706,-0.5846579852304477,100,0,1
2025.09.21,08:07:44,-0.5155308216615171,-0.46112688537755125,-0.568114027812762,-0.4763860367250934,100,0,1
2025.09.21,08:08:44,-0.49622267845897877,-0.4371895811098572,-0.5330029502770129,-0.45986152067572217,100,0,1
2025.09.21,08:09:44,-0.37256560821326684,-0.33018437278813023,-0.3907447803973912,-0.37769645236754956,100,0,1
2025.09.21,08:10:44,-0.3114433964484656,-0.2521831297455636,-0.3677793666295071,-0.27440704778516184,100,0,1
2025.09.21,08:11:44,-0.2495626856015659,-0.19739517141291174,-0.33128303695085726,-0.3087259895227112,100,0,1
2025.09.21,08:12:44,-0.29599906022939004,-0.23455269541153367,-0.37999714845714583,-0.35366111030289665,100,0,1
2025.09.21,08:13:44,-0.2882997134381692,-0.21379381443684126,-0.34365142962166895,-0.2448918397112271,100,0,1
2025.09.21,08:14:44,-0.27979807836027815,-0.23989332669947125,-0.33657806380980265,-0.2575976465978767,100,0,1
2025.09.21,08:15:44,-0.21895782369067643,-0.19404573834808087,-0.2674210106120324,-0.23492283632727767,100,0,1
2025.09.21,08:16:44,-0.18420872547317468,-0.1562834487635042,-0.21203211989981133,-0.1690850959913134,100,0,1
2025.09.21,08:17:44,-0.2184932144646261,-0.17474691363565836,-0.27071210618701574,-0.23551218433872323,100,0,1
2025.09.21,08:18:44,-0.1495715403924617,-0.05833875018689366,-0.23101510849252482,-0.07578328591968089,100,0,1
2025.09.21,08:19:44,-0.08156011208093308,-0.025245941177200346,-0.11016290004971939,-0.1003428660707115,100,0,1
2025.09.21,08:20:44,-0.08352691629987852,-0.010818860570221162,-0.11911886753334146,-0.08020108647104165,100,0,1
2025.09.21,08:21:44,-0.13374579907735085,-0.08657476263185576,-0.1798264830141663,-0.1650070196615682,100,0,1
2025.09.21,08:22:44,-0.12671098665063701,-0.04583411512593939,-0.19354902671402852,-0.10896184144461903,100,0,1
2025.09.21,08:23:44,-0.1307267199982812,-0.10130190461387115,-0.1708717499255897,-0.15115593041928904,100,0,1
2025.09.21,08:24:44,-0.13821757661551498,-0.08861888503220858,-0.20283676511249096,-0.19937294636739528,100,0,1
2025.09.21,08:25:44,-0.14010859593083783,-0.11834188714002022,-0.1994118379252179,-0.12761075312159292,100,0,1
2025.09.21,08:26:44,-0.14167764189254334,-0.04401129747863031,-0.1546541562736537,-0.14171228020130566,100,0,1
2025.09.21,08:27:44,-0.17722544573913834,-0.12022912143896211,-0.22047204462028178,-0.15447316972205882,100,0,1
2025.09.21,08:28:44,-0.14840280968257663,-0.11420802889626573,-0.17259172566952916,-0.15006244713644967,100,0,1
2025.09.21,08:29:44,-0.10197515745075626,0.0071352451093849995,-0.18128142841000228,-0.1591185796832928,100,0,1
2025.09.21,08:30:44,-0.10244642442359035,-0.038710002206184285,-0.14897428659454856,-0.08862153687356253,100,0,1
2025.09.21,08:31:44,-0.06981511023460454,-0.029991850872385192,-0.12133964661262894,-0.03651387825462021,100,0,1
2025.09.21,08:32:44,-0.09777841339603437,-0.03449706253172646,-0.1498040029732648,-0.10323845045200067,100,0,1
2025.09.21,08:33:44,0.0012855822788970198,0.025631171709921345,-0.05654492753419924,-0.004094193867262064,100,0,1
2025.09.21,08:34:44,-0.008980246862407861,0.06406217431400953,-0.05195756522439163,-0.03313612590912368,100,0,1
2025.09.21,08:35:44,-0.02494607826219765,0.029972581434900156,-0.08822733353023039,-0.03742001397366006,100,0,1
2025.09.21,08:36:44,-0.017787025752825196,0.023137878728213206,-0.08307950689862686,-0.04426964767849056,100,0,1
2025.09.21,08:37:44,-0.019861911431285593,0.031475345229734296,-0.06138672190560559,-0.03876155108827231,100,0,1
2025.09.21,08:38:44,-0.04250084538389899,-0.03736260817425418,-0.14487232238316866,-0.0661285990852744,100,0,1
2025.09.21,08:39:44,-0.06663880539553389,-0.04015052418623852,-0.1210689651775782,-0.05268635042566357,100,0,1
2025.09.21,08:40:44,-0.11364717621413728,-0.05201946813296677,-0.23331819276037857,-0.1361278499702599,100,0,1
2025.09.21,08:41:44,-0.05888300260691935,-0.022840623958698264,-0.09742115532138343,-0.05701985418964146,100,0,1
2025.09.21,08:42:44,-0.0702712428298652,0.0039055951880409417,-0.1094999230573296,-0.0739988722094391,100,0,1
2025.09.21,08:43:44,-0.008112789746138448,0.04753514723215578,-0.04195880244832004,-0.006785399877424526,100,0,1
2025.09.21,08:44:44,0.019784195540643486,0.1034939197057822,-0.027132537626110828,-0.02496654844376849,100,0,1
2025.09.21,08:45:44,0.06227326268564889,0.10733381363173114,-0.01004476577889183,0.04407303944633051,100,0,1
2025.09.21,08:46:44,0.10842246395754308,0.14630439112575405,0.05836427488271921,0.09889156287043419,100,0,1
2025.09.21,08:47:44,0.040707409531051605,0.1007495720061774,0.010090450840602179,0.09050465213537784,100,0,1
2025.09.21,08:48:44,0.028824121402336735,0.09167846649202965,-0.018384239675889487,0.08625434349258046,100,0,1
2025.09.21,08:49:44,0.04143696361070494,0.106147915360789,0.006785553979009956,0.032363496500415645,100,0,1
2025.09.21,08:50:44,-0.005122751634164332,0.028968159692261748,-0.0565969707624469,-0.041237350579850895,100,0,1
2025.09.21,08:51:44,0.08798322713179238,0.14899958433248114,0.0010552424190125032,0.051511872154374846,100,0,1
2025.09.21,08:52:44,0.12086856180989851,0.15902095027819885,0.07878599392107363,0.13224777199835322,100,0,1
2025.09.21,08:53:44,0.13375616202360305,0.17694591471938573,0.0718768573693089,0.14725063134258515,100,0,1
2025.09.21,08:54:44,0.14624771394165956,0.18672329885775596,0.09567689387401583,0.16033657304407323,100,0,1
2025.09.21,08:55:44,0.06935341623062911,0.13631292074394624,0.017870117011656562,0.1291509281635906,100,0,1
2025.09.21,08:56:44,0.05624094520229334,0.06336954875918221,-0.010208573566678474,0.023712567574194626,100,0,1
2025.09.21,08:57:44,0.038509660225089004,0.10319853450579551,0.009608915559953617,0.07641729702475203,100,0,1
2025.09.21,08:58:44,0.0828474033050695,0.1194190442072923,0.06593949459707063,0.10342714713829226,100,0,1
2025.09.21,08:59:44,0.10553118876941633,0.18779775770679488,0.03296774977337594,0.1355452466019625,100,0,1
2025.09.21,09:00:44,0.09377504412942307,0.15420174927249336,0.030120434858226713,0.14294819817793775,100,0,1
2025.09.21,09:01:44,0.07612411854851793,0.106052411967168,0.05112119940553109,0.09787286625800468,100,0,1
2025.09.21,09:02:44,0.09395441099795024,0.15310895709335584,0.04879167962587159,0.10235962651207217,100,0,1
2025.09.21,09:03:44,0.06830981526739029,0.10467166322719001,0.002498314654060335,0.062425177057932636,100,0,1
2025.09.21,09:04:44,0.06973185084160274,0.15010032180903224,-0.018427627000957597,0.05483124558899953,100,0,1
2025.09.21,09:05:44,0.08215310916063331,0.15075183541996606,0.0049512755156025795,0.05789987755909795,100,0,1
2025.09.21,09:06:44,0.06957669611073695,0.15088469129736448,0.019738182055894622,0.12429765523839248,100,0,1
2025.09.21,09:07:44,0.13497471858880095,0.18513944924873404,0.07932825400538715,0.14742319913578134,100,0,1
2025.09.21,09:08:44,0.22967519752267632,0.28284209413585937,0.1712842595998201,0.20821818634528522,100,0,1
2025.09.21,09:09:44,0.2087928268227746,0.24242798912289024,0.1875753917529211,0.19050739833234862,100,0,1
2025.09.21,09:10:44,0.15935770976191915,0.1975091254207289,0.10899260554541439,0.16659077186941407,100,0,1
2025.09.21,09:11:44,0.19790275373576488,0.24272843351587092,0.14776026100383563,0.17883154275276214,100,0,1
2025.09.21,09:12:44,0.12729908946038732,0.14690566064903277,0.10673879564959153,0.1128411442684841,100,0,1
2025.09.21,09:13:44,0.14431117081714454,0.22259255262985017,0.0824952619034654,0.195921737954791,100,0,1
2025.09.21,09:14:44,0.13214756144547013,0.17608505471777688,0.07163073221637445,0.17031985035725095,100,0,1
2025.09.21,09:15:44,0.1755641983399458,0.20829908574024708,0.1484820857116106,0.20172856285466334,100,0,1
2025.09.21,09:16:44,0.15565165516463977,0.22597433901146335,0.12348967001261098,0.2220050805114852,100,0,1
2025.09.21,09:17:44,0.12459920744109636,0.19271196676157404,0.06766443187762916,0.16761692755549418,100,0,1
2025.09.21,09:18:44,0.10678721584330612,0.14498308753002598,0.06500557447995191,0.12365165015045018,100,0,1
2025.09.21,09:19:44,0.0926555054671645,0.1272537588824697,-0.002726523427358879,0.029284514066943462,100,0,1
2025.09.21,09:20:44,0.16287870515662747,0.1961213708524523,0.09453579542232896,0.14719231407563207,100,0,1
2025.09.21,09:21:44,0.2071559651471751,0.2665872740800428,0.1875500355346157,0.19981076625559588,100,0,1
2025.09.21,09:22:44,0.1901521214637447,0.25399439497524356,0.10846803461045254,0.12054448937601346,100,0,1
2025.09.21,09:23:44,0.04894780831730523,0.09758598584354039,-0.007864527184619989,0.02889290592466013,100,0,1
2025.09.21,09:24:44,-0.10510547027085848,-0.004880725477488246,-0.16501465963115292,-0.10445748403799046,100,0,1
2025.09.21,09:25:44,-0.09977607109084682,-0.033604969533936685,-0.14048907589653625,-0.06816849541370137,100,0,1
2025.09.21,09:26:44,-0.1292792503019093,-0.09761884301483129,-0.18069498944021906,-0.17785808739117437,100,0,1
2025.09.21,09:27:44,-0.15059260181003947,-0.07359324256427294,-0.17160501266165948,-0.11428974547030296,100,0,1
2025.09.21,09:28:44,-0.1405065164743419,-0.1019794765287286,-0.20923491547551246,-0.10704867864533504,100,0,1
2025.09.21,09:29:44,-0.1253319503684304,-0.029464847236307393,-0.18001497582853784,-0.17291662979021358,100,0,1
2025.09.21,09:30:44,-0.09425915596315299,-0.03705097688193285,-0.15259930423663198,-0.05264094261589759,100,0,1
2025.09.21,09:31:44,-0.11971300242880475,-0.0806952732012981,-0.15965084173585878,-0.12228360074420802,100,0,1
2025.09.21,09:32:44,-0.13860708400005814,-0.09406367097321934,-0.19833710209680194,-0.10808350886727931,100,0,1
2025.09.21,09:33:44,-0.10638060572976736,-0.07307489433523322,-0.1435351606460858,-0.09784774358122333,100,0,1
2025.09.21,09:34:44,-0.15153535733795373,-0.09899851069227109,-0.20246341717651822,-0.15200348304666308,100,0,1
2025.09.21,09:35:44,-0.19129380380086902,-0.16641918050399468,-0.2777518928784665,-0.24633982917139166,100,0,1
2025.09.21,09:36:44,-0.1880643056160148,-0.13431937832801705,-0.2442563943756619,-0.15262003942789265,100,0,1
2025.09.21,09:37:44,-0.1846358471460051,-0.11338073362129122,-0.2197252022837896,-0.19925573785549372,100,0,1
2025.09.21,09:38:44,-0.184362674214233,-0.1543398160297825,-0.2544302951789655,-0.17065116421930066,100,0,1
2025.09.21,09:39:44,-0.17548639992279774,-0.1410286919940323,-0.21069962996803204,-0.18136014636738668,100,0,1
2025.09.21,09:40:44,-0.1285061295529175,-0.08959166646983262,-0.20497264938422738,-0.14509753526774133,100,0,1
2025.09.21,09:41:44,-0.17364411351375386,-0.12240396724064799,-0.20320291203481358,-0.16066931758109151,100,0,1
2025.09.21,09:42:44,-0.2931074287764991,-0.22000332507527964,-0.36172123006683593,-0.2689762798200922,100,0,1
2025.09.21,09:43:44,-0.29115881547326505,-0.27379674525493825,-0.3599657624338192,-0.35915896076127585,100,0,1
2025.09.21,09:44:44,-0.2968918011302027,-0.26930398378753423,-0.35144813755720383,-0.27879428849405213,100,0,1
2025.09.21,09:45:44,-0.3020504010956846,-0.2715789392567568,-0.36065959680913,-0.2981817988629492,100,0,1
2025.09.21,09:46:44,-0.31975839236611087,-0.2758202840206455,-0.3679566814077995,-0.3041334210055206,100,0,1
2025.09.21,09:47:44,-0.3098506774590303,-0.24781603500224525,-0.37478288792737124,-0.3025197371521664,100,0,1
2025.09.21,09:48:44,-0.39569957814302936,-0.36188290227568803,-0.41078512691832914,-0.3853914397706464,100,0,1
2025.09.21,09:49:44,-0.30677977337098405,-0.2366302955702943,-0.34690508529912495,-0.34448018942969716,100,0,1
2025.09.21,09:50:44,-0.33496522168946985,-0.29646940673042527,-0.37778691201072223,-0.3187068783915622,100,0,1
2025.09.21,09:51:44,-0.42941158582026395,-0.395915351152708,-0.508829856790761,-0.431983958385569,100,0,1
2025.09.21,09:52:44,-0.3486420075631483,-0.29276464677887626,-0.3890290641728995,-0.29715612195157237,100,0,1
2025.09.21,09:53:44,-0.3936909680129316,-0.3607047916538589,-0.46964426673809745,-0.379960549946738,100,0,1
2025.09.21,09:54:44,-0.3786231375669654,-0.36384513032166227,-0.44042304154537854,-0.41240366091871206,100,0,1
2025.09.21,09:55:44,-0.3354461688787399,-0.3250089719321774,-0.408766590068094,-0.3738787651967961,100,0,1
2025.09.21,09:56:44,-0.2715646133875107,-0.2387245635036862,-0.305191051340199,-0.2897218198163739,100,0,1
2025.09.21,09:57:44,-0.2952114028163813,-0.2004139512308454,-0.38217695689364894,-0.20728969536492786,100,0,1
2025.09.21,09:58:44,-0.22940316413432912,-0.18366967900995185,-0.2666058201305068,-0.1943140167360936,100,0,1
2025.09.21,09:59:44,-0.24264347566534278,-0.190043056689307,-0.295083516523046,-0.2178649193485217,100,0,1
2025.09.21,10:00:44,-0.2460635853811961,-0.17585315312589345,-0.30158451116901797,-0.23644567147214346,100,0,1
2025.09.21,10:01:44,-0.2521159029894738,-0.2028521750697158,-0.26775980726235643,-0.26597219196772315,100,0,1
2025.09.21,10:02:44,-0.2766982081175089,-0.27060073620023367,-0.3158043558635576,-0.2731066210147768,100,0,1
2025.09.21,10:03:44,-0.32224427565889047,-0.2519005937237945,-0.3986147466187282,-0.31323905392693513,100,0,1
2025.09.21,10:04:44,-0.29615294289922467,-0.2368634675367446,-0.32778160353919755,-0.3175990870489657,100,0,1
2025.09.21,10:05:44,-0.3439163963534847,-0.2798521119587949,-0.3978831638437462,-0.3276852936720914,100,0,1
2025.09.21,10:06:44,-0.39584055243598076,-0.32536111845011306,-0.47181888866057853,-0.4694600260937646,100,0,1
2025.09.21,10:07:44,-0.4664650211863389,-0.45179487287255415,-0.5083557411263879,-0.4864735369676154,100,0,1
2025.09.21,10:08:44,-0.4519541561341542,-0.38369713181095977,-0.5339432507092507,-0.5292290169235659,100,0,1
2025.09.21,10:09:44,-0.5142876111787078,-0.4539350295338706,-0.5795609744623349,-0.5207296386755986,100,0,1
2025.09.21,10:10:44,-0.4142964520344936,-0.3846476004983949,-0.45801933329635836,-0.42362919824296785,100,0,1
2025.09.21,10:11:44,-0.4803033675458394,-0.47377811097683764,-0.5092862670385542,-0.47836662535555086,100,0,1
2025.09.21,10:12:44,-0.4674410529279219,-0.44534662123416535,-0.5094171625026211,-0.4811410784116468,100,0,1
2025.09.21,10:13:44,-0.41503440744913683,-0.3953384688826309,-0.4744585933466863,-0.4177266478238494,100,0,1
2025.09.21,10:14:44,-0.5061104117421976,-0.400394239265482,-0.5626067073081024,-0.4585448011298626,100,0,1
2025.09.21,10:15:44,-0.5341504550134151,-0.4965952348121803,-0.5882728170277787,-0.5601390267863599,100,0,1
2025.09.21,10:16:44,-0.5029452091305264,-0.45367898670034984,-0.5640092191600241,-0.5486457220017714,100,0,1
2025.09.21,10:17:44,-0.5527563862635684,-0.5282116317017939,-0.6192694425280572,-0.5459893324454559,100,0,1
2025.09.21,10:18:44,-0.42682941867845914,-0.3882172874396017,-0.5048174634800515,-0.4422715273584529,100,0,1
2025.09.21,10:19:44,-0.3927130413709824,-0.3520040577401507,-0.4210598281641509,-0.36223277588883407,100,0,1
2025.09.21,10:20:44,-0.42957350475142236,-0.38491665263681485,-0.48076116547155406,-0.4142987908147105,100,0,1
2025.09.21,10:21:44,-0.3858249523993253,-0.32620868050375285,-0.46500867751270863,-0.32734277441373894,100,0,1
2025.09.21,10:22:44,-0.3757793005284871,-0.32026074632455404,-0.4309214481430106,-0.42219364368027196,100,0,1
2025.09.21,10:23:44,-0.3916883112816484,-0.3290662595358447,-0.42415897937854663,-0.418759364536627,100,0,1
2025.09.21,10:24:44,-0.4750882262087553,-0.3668525642021991,-0.5306108565239319,-0.49288574240316435,100,0,1
2025.09.21,10:25:44,-0.5776022083791652,-0.5330894346618514,-0.5849412144257428,-0.5557255097606999,100,0,1
2025.09.21,10:26:44,-0.5460424786812037,-0.5169998719699702,-0.6414503957049348,-0.5284688791773651,100,0,1
2025.09.21,10:27:44,-0.4164115397566671,-0.3861160627821709,-0.4705064621398905,-0.40668814131273434,100,0,1
2025.09.21,10:28:44,-0.4191927807720604,-0.38003380442617973,-0.44774958961428224,-0.39637100234062195,100,0,1
2025.09.21,10:29:44,-0.4448423386413667,-0.40203648190856833,-0.49057582208005734,-0.4377974022027258,100,0,1
2025.09.21,10:30:44,-0.4050070563393419,-0.34993430218387744,-0.4355832037634494,-0.3929014208605049,100,0,1
2025.09.21,10:31:44,-0.4202244783838274,-0.34882260292666434,-0.4368625361433256,-0.3889812958890264,100,0,1
2025.09.21,10:32:44,-0.48952097687417456,-0.453450049678752,-0.5150276474436285,-0.5061757452391683,100,0,1
2025.09.21,10:33:44,-0.5019601650866315,-0.4462092717293196,-0.5802726581472872,-0.5076791030380643,100,0,1
2025.09.21,10:34:44,-0.46695298813357033,-0.4177866693847494,-0.5286633555308877,-0.5091541185544414,100,0,1
2025.09.21,10:35:44,-0.5802756828887965,-0.5393962529898221,-0.6652606040440587,-0.6061134456434392,100,0,1
2025.09.21,10:36:44,-0.5862340223207724,-0.5491700039560413,-0.614814470291742,-0.551757408641014,100,0,1
2025.09.21,10:37:44,-0.6438408124352827,-0.602009070986449,-0.6959952989893975,-0.6517004103302352,100,0,1
2025.09.21,10:38:44,-0.7362610225411211,-0.6729415570773685,-0.7773735007803627,-0.6985627561284956,100,0,1
2025.09.21,10:39:44,-0.6754443466160929,-0.6271372454846745,-0.7622843651806132,-0.7188834657623503,100,0,1
2025.09.21,10:40:44,-0.6750564081027777,-0.6410765912190017,-0.7590372978711135,-0.64774598162256,100,0,1
2025.09.21,10:41:44,-0.683701391674945,-0.6458381452796802,-0.7524685760835041,-0.7388434320126145,100,0,1
2025.09.21,10:42:44,-0.7518780110228507,-0.6905453135164047,-0.8098842244383684,-0.7159684393842993,100,0,1
2025.09.21,10:43:44,-0.7813896315008181,-0.756422046467046,-0.8243815652847335,-0.8009337055889642,100,0,1
2025.09.21,10:44:44,-0.715587309684839,-0.6265636622537809,-0.7699452537473758,-0.7270436556679982,100,0,1
2025.09.21,10:45:44,-0.6608676293618065,-0.6176668621554255,-0.71034253474536,-0.6616937783733727,100,0,1
2025.09.21,10:46:44,-0.7205509415916473,-0.6521359688794061,-0.7957569145751817,-0.6847113476701009,100,0,1
2025.09.21,10:47:44,-0.7997730653113893,-0.7457531578766264,-0.8196434191190571,-0.7951867055460077,100,0,1
2025.09.21,10:48:44,-0.7280266939137162,-0.6591046230153796,-0.7730746005955964,-0.6601320716981914,100,0,1
2025.09.21,10:49:44,-0.7271742272158893,-0.6908276950260689,-0.7912348427991736,-0.7370767791225509,100,0,1
2025.09.21,10:50:44,-0.7167027389923001,-0.6597271744522528,-0.7956816967883171,-0.6903144792799678,100,0,1
2025.09.21,10:51:44,-0.7309000764557495,-0.68825857910541,-0.8199905308499117,-0.7323463716184659,100,0,1
2025.09.21,10:52:44,-0.749867724669164,-0.6930955578665411,-0.7792040750211912,-0.7159246670239198,100,0,1
2025.09.21,10:53:44,-0.702003504668325,-0.6295754334677051,-0.7653915833382924,-0.6337490007991515,100,0,1
2025.09.21,10:54:44,-0.7103613107529327,-0.6393815501667535,-0.7453530107132941,-0.6709382079437212,100,0,1
2025.09.21,10:55:44,-0.7178492982046613,-0.6638623652228326,-0.7666087973702693,-0.721081412731867,100,0,1
2025.09.21,10:56:44,-0.7235522846722305,-0.643470542577995,-0.7763087659637832,-0.7018134319133646,100,0,1
2025.09.21,10:57:44,-0.7444868563819117,-0.704565938383623,-0.7599814229986673,-0.7206681071187162,100,0,1
2025.09.21,10:58:44,-0.6886458475203507,-0.6656785211611026,-0.7321550893338148,-0.6686324975293152,100,0,1
2025.09.21,10:59:44,-0.6755590048941176,-0.6568999592241065,-0.7206665870173118,-0.6592337314410742,100,0,1
2025.09.21,11:00:44,-0.6349189179225747,-0.5646434665329194,-0.6887002832574989,-0.6134855537676478,100,0,1
2025.09.21,11:01:44,-0.6558793111503822,-0.6051611222808349,-0.6935296333907414,-0.6321069151979148,100,0,1
2025.09.21,11:02:44,-0.6789771238450171,-0.6179016231294607,-0.7573252188722034,-0.7259714012070014,100,0,1
2025.09.21,11:03:44,-0.765063899230728,-0.7311855476076736,-0.8316317699176833,-0.8082784731342112,100,0,1
2025.09.21,11:04:44,-0.7546448408041015,-0.7219269166986784,-0.805751995423914,-0.7937476768573652,100,0,1
2025.09.21,11:05:44,-0.8186867339901523,-0.7585289315316336,-0.8225920889956051,-0.8120187698078513,100,0,1
2025.09.21,11:06:44,-0.7194840702608367,-0.6640957466203546,-0.771820236589397,-0.7636135628143861,100,0,1
2025.09.21,11:07:44,-0.6795956750727181,-0.6165363975734811,-0.7160385753754451,-0.6186309546568962,100,0,1
2025.09.21,11:08:44,-0.5846115409355132,-0.5753644657532729,-0.6409163801020935,-0.5967793065947282,100,0,1
2025.09.21,11:09:44,-0.6312569456863392,-0.6070620491144729,-0.7008146619999592,-0.6923021796641015,100,0,1
2025.09.21,11:10:44,-0.6352386290806942,-0.62593610899258,-0.6826565711200618,-0.6524688848580333,100,0,1
2025.09.21,11:11:44,-0.587432825322317,-0.5332546282325715,-0.6483668443684132,-0.5412092190669454,100,0,1
2025.09.21,11:12:44,-0.6244043021722607,-0.5334243009367612,-0.6626183924734859,-0.637030470754514,100,0,1
2025.09.21,11:13:44,-0.5525092412205512,-0.4841285074584211,-0.5700240882145841,-0.5218757219702637,100,0,1
2025.09.21,11:14:44,-0.6745012221120765,-0.6454158980795967,-0.7451100616736831,-0.6834515283114538,100,0,1
2025.09.21,11:15:44,-0.6652842276066921,-0.6123646993668469,-0.7069408911205479,-0.6683165709636266,100,0,1
2025.09.21,11:16:44,-0.6842400997341349,-0.6445257219722312,-0.6887958168671724,-0.6832428263650188,100,0,1
2025.09.21,11:17:44,-0.7139107144052321,-0.6704241340499644,-0.7750727391302693,-0.7747779441739062,100,0,1
2025.09.21,11:18:44,-0.7788721856961471,-0.7165749468169251,-0.8297879465719348,-0.7175182271055092,100,0,1
2025.09.21,11:19:44,-0.7521566576409642,-0.7004118061654666,-0.8270770269090602,-0.8000282186000147,100,0,1
2025.09.21,11:20:44,-0.694675193484557,-0.6046593000715335,-0.7767671979953139,-0.7416671874055962,100,0,1
2025.09.21,11:21:44,-0.7576246374885892,-0.7044133030920761,-0.8164207735888327,-0.747234626309555,100,0,1
2025.09.21,11:22:44,-0.6955543364356555,-0.635320573648926,-0.7406624692065377,-0.6982758959788401,100,0,1
2025.09.21,11:23:44,-0.7238162840035812,-0.6598548129499031,-0.7808831076545768,-0.6800284346567643,100,0,1
2025.09.21,11:24:44,-0.7085686485863948,-0.6446907173511978,-0.7554928334107884,-0.6782928946796727,100,0,1
2025.09.21,11:25:44,-0.757246139849692,-0.7012332920512756,-0.8192495961000159,-0.7387816317597105,100,0,1
2025.09.21,11:26:44,-0.7576223026384732,-0.7451967617017182,-0.7953815710077295,-0.7468765776236576,100,0,1
2025.09.21,11:27:44,-0.7809423895142755,-0.7051883371624335,-0.8454866491478216,-0.7726183622840885,100,0,1
2025.09.21,11:28:44,-0.7386780976012326,-0.6571061257107829,-0.7846583733656455,-0.7540570074964382,100,0,1
2025.09.21,11:29:44,-0.6868126159810173,-0.6294502330795297,-0.7574758665444346,-0.7304893591827051,100,0,1
2025.09.21,11:30:44,-0.689354583714153,-0.6094553113167476,-0.7497314586702428,-0.7344211490314613,100,0,1
2025.09.21,11:31:44,-0.6637843724509374,-0.6203276079610961,-0.7398944683942412,-0.6702035886870439,100,0,1
2025.09.21,11:32:44,-0.7386868764017892,-0.6723683921653222,-0.8143357757773213,-0.7184811095107222,100,0,1
2025.09.21,11:33:44,-0.7405637193258227,-0.7075635578819378,-0.8019136484949243,-0.7153199119132461,100,0,1
2025.09.21,11:34:44,-0.7685628915501488,-0.7056644690219065,-0.7981113660995078,-0.7587641534929559,100,0,1
2025.09.21,11:35:44,-0.9005273185282636,-0.8343237715876295,-0.9475331186370932,-0.914977354332145,100,0,1
2025.09.21,11:36:44,-0.9357985932319012,-0.8890415620145236,-0.9766966927228515,-0.8979754202096409,100,0,1
2025.09.21,11:37:44,-0.9780252630410011,-0.93385327396327,-0.99579078595751,-0.9825903713351237,100,0,1
2025.09.21,11:38:44,-1.0097853261226257,-0.9610227036235823,-1.0817995448312954,-1.024259432839426,100,0,1
2025.09.21,11:39:44,-1.0072890922135926,-0.9647900461302739,-1.0656704236833296,-0.9981092288643478,100,0,1
2025.09.21,11:40:44,-1.0203052847271947,-0.9969218178874686,-1.0726537858523748,-1.0324777566225753,100,0,1
2025.09.21,11:41:44,-0.9976140665319199,-0.9662155113193759,-1.0287542042156885,-0.9730451015199503,100,0,1
2025.09.21,11:42:44,-0.9859306020783852,-0.9330114502091467,-1.0602579293612258,-1.0483631367303368,100,0,1
2025.09.21,11:43:44,-0.945805265519071,-0.8721495179986377,-1.0333164694771484,-0.9017978681257663,100,0,1
2025.09.21,11:44:44,-1.0307453939367697,-0.9970984936574008,-1.1185152692977898,-1.070145325873757,100,0,1
2025.09.21,11:45:44,-1.0159917673111647,-0.9789094540780827,-1.042690090469809,-1.036684586088535,100,0,1
2025.09.21,11:46:44,-0.990406073800725,-0.9422658835945295,-1.0941185130789275,-1.0240272066134288,100,0,1
2025.09.21,11:47:44,-1.0134431619174429,-0.9594137517804618,-1.0892717569542558,-1.0578927765603137,100,0,1
2025.09.21,11:48:44,-0.9716888331813611,-0.9634622093790056,-1.063841409204995,-0.9951810872327626,100,0,1
2025.09.21,11:49:44,-0.9561700978199666,-0.9129226557587775,-0.9958256387067992,-0.9856413137135651,100,0,1
2025.09.21,11:50:44,-0.939403209898139,-0.8787274229944735,-0.9791711097948997,-0.9543072168015528,100,0,1
2025.09.21,11:51:44,-0.9624504599591187,-0.9061538163006083,-1.0081623732826128,-0.9329519874103365,100,0,1
2025.09.21,11:52:44,-0.9227931525393521,-0.8615864647371702,-0.9396072605757402,-0.9228425152490425,100,0,1
2025.09.21,11:53:44,-0.963237283474445,-0.9108783124921666,-1.059852455219824,-1.0500906482410857,100,0,1
2025.09.21,11:54:44,-0.9945575243301786,-0.9540067920957451,-1.032688561007189,-1.0032187064024634,100,0,1
2025.09.21,11:55:44,-0.9392178348611675,-0.8578498696117948,-0.9905239383183019,-0.9617701138597763,100,0,1
2025.09.21,11:56:44,-0.8986917438543295,-0.8596408716174674,-0.9222963514784726,-0.8599565515465069,100,0,1
2025.09.21,11:57:44,-0.8763147941204905,-0.831120170354045,-0.9257640270775401,-0.8882731958981243,100,0,1
2025.09.21,11:58:44,-0.8582697030438307,-0.8318424021621094,-0.9312551241920868,-0.8947474160540401,100,0,1
2025.09.21,11:59:44,-0.8213399779569578,-0.804482851915833,-0.8734091660216547,-0.8183265486710727,100,0,1
2025.09.21,12:00:44,-0.7825894804262719,-0.7234063054915785,-0.8692117738017152,-0.8673180173105427,100,0,1
2025.09.21,12:01:44,-0.7809899006039933,-0.7343761555182133,-0.8469688116805598,-0.8003800728228583,100,0,1
2025.09.21,12:02:44,-0.7720121435998116,-0.7304587359792312,-0.8062175068797992,-0.7973505301934848,100,0,1
2025.09.21,12:03:44,-0.7749940766592014,-0.7450673283149873,-0.8520128284349615,-0.7763784388382646,100,0,1
2025.09.21,12:04:44,-0.8028926686526355,-0.7674927157534314,-0.843436871169986,-0.8140311810736672,100,0,1
2025.09.21,12:05:44,-0.7220149277409087,-0.6912538520597722,-0.7479032303940552,-0.6924872123402858,100,0,1
2025.09.21,12:06:44,-0.8368093816258024,-0.78069840360361,-0.9022621710795573,-0.8896106560617618,100,0,1
2025.09.21,12:07:44,-0.759177725072449,-0.7104422353791702,-0.8428698420250016,-0.729474783729124,100,0,1
2025.09.21,12:08:44,-0.7918267566184292,-0.756876091661668,-0.888867724743343,-0.8149485603420914,100,0,1
2025.09.21,12:09:44,-0.7042180355544055,-0.6461243811048202,-0.7471937179202022,-0.7088456165497545,100,0,1
2025.09.21,12:10:44,-0.7471507301672243,-0.7384913722322778,-0.7486487627582602,-0.7453677702850101,100,0,1
2025.09.21,12:11:44,-0.6479280936444666,-0.5782521847406568,-0.6790980007482837,-0.6328290834387151,100,0,1
2025.09.21,12:12:44,-0.6543045629258628,-0.583211862157237,-0.7127477822286864,-0.6101235476115175,100,0,1
2025.09.21,12:13:44,-0.6796017263959651,-0.6250283232193895,-0.753633517522321,-0.7461410282824856,100,0,1
2025.09.21,12:14:44,-0.5619716149999269,-0.5189405576766684,-0.6148180685095858,-0.5663813869634385,100,0,1
2025.09.21,12:15:44,-0.5951467524736576,-0.5344252958300125,-0.6432814433428585,-0.5950874234404128,100,0,1
2025.09.21,12:16:44,-0.6807782325818197,-0.6346048398743741,-0.6912555986817256,-0.6521924062777928,100,0,1
2025.09.21,12:17:44,-0.648925253158396,-0.593100628187827,-0.6803429701069347,-0.6460519867525598,100,0,1
2025.09.21,12:18:44,-0.6880545738934473,-0.6146553462722006,-0.7321388940779701,-0.6275139817726942,100,0,1
2025.09.21,12:19:44,-0.7060839203628617,-0.6754639996532663,-0.7355227510863125,-0.7197222033606825,100,0,1
2025.09.21,12:20:44,-0.6895993364686015,-0.6257156636989107,-0.7015157051720287,-0.677458886822491,100,0,1
2025.09.21,12:21:44,-0.6337091176354115,-0.5835900479105217,-0.6578210051925444,-0.6317786210996978,100,0,1
2025.09.21,12:22:44,-0.6620465759762358,-0.6283910369620681,-0.7426586664428325,-0.6435489102248787,100,0,1
2025.09.21,12:23:44,-0.6301390396578723,-0.5679014958072728,-0.6631204346589361,-0.626569673430746,100,0,1
2025.09.21,12:24:44,-0.6058713389712693,-0.545058968422789,-0.6137724003405847,-0.5584033723009085,100,0,1
2025.09.21,12:25:44,-0.6298350957688762,-0.5718828990353851,-0.6759723617630226,-0.5827721372427195,100,0,1
2025.09.21,12:26:44,-0.66658192632673,-0.5893505669524118,-0.7122479944162408,-0.6989243566181511,100,0,1
2025.09.21,12:27:44,-0.6978626948217743,-0.6580126878657206,-0.7585066819765839,-0.7126809952108394,100,0,1
2025.09.21,12:28:44,-0.6149001252372541,-0.5933044285403138,-0.6562298771986235,-0.6198809280904697,100,0,1
2025.09.21,12:29:44,-0.6602341465828114,-0.5936582435240942,-0.7165126836183512,-0.6542939017410477,100,0,1
2025.09.21,12:30:44,-0.7347040763939382,-0.6750450127281736,-0.7931472835888381,-0.7181881706670671,100,0,1
2025.09.21,12:31:44,-0.7814020432042789,-0.7315640724649612,-0.8309298852953281,-0.8131680503456482,100,0,1
2025.09.21,12:32:44,-0.8041773079582479,-0.7162077694258415,-0.8514859968141499,-0.7976633349188734,100,0,1
2025.09.21,12:33:44,-0.8457277631173084,-0.7895538369825829,-0.9068868075089898,-0.8381099788434475,100,0,1
2025.09.21,12:34:44,-0.8816996222455551,-0.853140112992249,-0.9435442464682923,-0.9249251586193556,100,0,1
2025.09.21,12:35:44,-0.8405832358456667,-0.781581048155914,-0.9061818040301222,-0.8412709392224924,100,0,1
2025.09.21,12:36:44,-0.8900915415748553,-0.8191736280519664,-0.9218089256118925,-0.8351227908645009,100,0,1
2025.09.21,12:37:44,-0.9366173783603828,-0.9088247123835884,-1.004512162116056,-0.9190791041069075,100,0,1
2025.09.21,12:38:44,-1.027163046827336,-0.9737831634269921,-1.106330788078283,-1.0119006197323408,100,0,1
2025.09.21,12:39:44,-1.0013893142079344,-0.9591360731921216,-1.0254546268644407,-0.9958573189290992,100,0,1
2025.09.21,12:40:44,-1.020069800299422,-0.9550438694662673,-1.0247377921270793,-1.0022130257953148,100,0,1
2025.09.21,12:41:44,-0.9739246924066739,-0.9048339651543607,-1.0496472300350503,-0.9405489456338985,100,0,1
2025.09.21,12:42:44,-0.9242148400029425,-0.8842083040335096,-0.9870540779723037,-0.898942603945552,100,0,1
2025.09.21,12:43:44,-0.9784197746059318,-0.9491069505808485,-1.0332016573831273,-0.9544014121792255,100,0,1
2025.09.21,12:44:44,-0.9896092838284606,-0.9429524063150719,-1.0428759436672161,-0.9953268277369633,100,0,1
2025.09.21,12:45:44,-0.9753394131121647,-0.9077195750377776,-1.0110210797151433,-0.9156008237751904,100,0,1
2025.09.21,12:46:44,-0.8920869950390244,-0.8599797659557165,-0.9731506276689394,-0.9385347854135341,100,0,1
2025.09.21,12:47:44,-0.9452525838853515,-0.9031159075940076,-0.9955631136018829,-0.9759401612176384,100,0,1
2025.09.21,12:48:44,-0.8533667804647633,-0.8042482814174656,-0.8882062192379274,-0.8446947931259701,100,0,1
2025.09.21,12:49:44,-0.7940757312494102,-0.7587681965445833,-0.8535738545619468,-0.7931288752270009,100,0,1
2025.09.21,12:50:44,-0.8011460357055342,-0.7679750224003072,-0.8388773494349084,-0.8216059641706632,100,0,1
2025.09.21,12:51:44,-0.8496995699453519,-0.7986571783141296,-0.8857555234901826,-0.859142833013315,100,0,1
2025.09.21,12:52:44,-0.8670339227619636,-0.8391654637782786,-0.9178111850348266,-0.9119828266660321,100,0,1
2025.09.21,12:53:44,-0.8749738652076705,-0.8389369424363955,-0.9127532500476905,-0.9002722168955486,100,0,1
2025.09.21,12:54:44,-0.8710759269239693,-0.7671688777328793,-0.9299119138597369,-0.796184470282912,100,0,1
2025.09.21,12:55:44,-0.8707862486039886,-0.82511183019381,-0.9191404337772338,-0.9046081581955299,100,0,1
2025.09.21,12:56:44,-0.8623073223653256,-0.8242295841074552,-0.8830811158284544,-0.8251456122269775,100,0,1
2025.09.21,12:57:44,-0.9288289723686368,-0.860525296998111,-0.9599626506081387,-0.9383498489465525,100,0,1
2025.09.21,12:58:44,-0.9493580169522617,-0.877017994144362,-0.9871099922450881,-0.9447650593125029,100,0,1
2025.09.21,12:59:44,-0.9162105353220092,-0.8871872602608827,-0.9527186193997356,-0.9442535629107249,100,0,1
2025.09.21,13:00:44,-0.8986892763272277,-0.7960342047663074,-0.968631093927308,-0.8204035807216293,100,0,1
2025.09.21,13:01:44,-0.9270784296141311,-0.8858074674094675,-0.9853374596208013,-0.9657335426163671,100,0,1
2025.09.21,13:02:44,-0.945447323347947,-0.8767064733268617,-0.9911386105137596,-0.9786986677128795,100,0,1
2025.09.21,13:03:44,-0.9670533746060513,-0.9130141809196481,-1.0220123229988973,-0.9236845000930796,100,0,1
2025.09.21,13:04:44,-0.9873078108749541,-0.9163403723104628,-1.0328398378669754,-1.0173405109405702,100,0,1
2025.09.21,13:05:44,-1.0364174270650872,-0.9675050715528144,-1.0767545031478911,-1.0254839379286094,100,0,1
2025.09.21,13:06:44,-1.041184943251047,-0.9340928009747185,-1.0893039881018227,-0.9769939876857593,100,0,1
2025.09.21,13:07:44,-1.0954963368707995,-1.0016882467577135,-1.1152926164069703,-1.038297332503011,100,0,1
2025.09.21,13:08:44,-1.0730274565760316,-1.0358692684638733,-1.1063139429325324,-1.0564751560923868,100,0,1
2025.09.21,13:09:44,-1.0247352100173461,-0.9853908115468665,-1.0695106420129115,-1.0622603818147163,100,0,1
2025.09.21,13:10:44,-1.079016473996944,-1.0174820660284436,-1.1264746401681442,-1.0553735409714335,100,0,1
2025.09.21,13:11:44,-0.9256788231890658,-0.8464149110978046,-0.9784440475643584,-0.8706312270729427,100,0,1
2025.09.21,13:12:44,-0.9468596705456567,-0.9033451849404788,-0.9657822514301807,-0.9068496115060848,100,0,1
2025.09.21,13:13:44,-0.9668723117538622,-0.9399195036468171,-0.9917604305300844,-0.9881290329043665,100,0,1
2025.09.21,13:14:44,-0.9624599978645857,-0.9311309255980523,-0.9865776758875798,-0.9333533584907597,100,0,1
2025.09.21,13:15:44,-0.9364979926679063,-0.8910703611969188,-1.024450928182685,-1.0121389738957567,100,0,1
2025.09.21,13:16:44,-0.8867888755981539,-0.8427877800935568,-0.9200145272933857,-0.8713502602832042,100,0,1
2025.09.21,13:17:44,-0.8996209963283238,-0.8432895182863375,-0.9009722752336636,-0.8948695541040788,100,0,1
2025.09.21,13:18:44,-0.9005202178438613,-0.8777726592344123,-0.9466363639952606,-0.9327720272809759,100,0,1
2025.09.21,13:19:44,-0.9265402211589907,-0.9191756774802043,-0.9821013984035152,-0.9260387760052686,100,0,1
2025.09.21,13:20:44,-0.9428501641316742,-0.9150039501851737,-0.9727411824869445,-0.9498047403382409,100,0,1
2025.09.21,13:21:44,-0.9773655218849728,-0.8963692806276798,-1.0477704244762367,-0.9884785043634559,100,0,1
2025.09.21,13:22:44,-1.0021388423582616,-0.9448246671194401,-1.0698982661726455,-1.0690855303727476,100,0,1
2025.09.21,13:23:44,-0.9751743658367786,-0.9535315379671584,-1.0233845883598218,-0.9999394784692079,100,0,1
2025.09.21,13:24:44,-0.9633493230036794,-0.9269628830932526,-1.0385179586027642,-1.000300724066137,100,0,1
2025.09.21,13:25:44,-0.9719066263316312,-0.9523497990826605,-0.9984760341009883,-0.9733249629476629,100,0,1
2025.09.21,13:26:44,-1.0203130237382358,-0.9564971917195669,-1.0696332930776546,-1.0285162558776806,100,0,1
2025.09.21,13:27:44,-0.8603717500651574,-0.8183379055182164,-0.9269938570424378,-0.8353817271879497,100,0,1
2025.09.21,13:28:44,-0.8783418052953339,-0.8327151141862354,-0.9687329517348191,-0.8496770972734216,100,0,1
2025.09.21,13:29:44,-0.9183322501233571,-0.9116315607172881,-0.9421709974259512,-0.9213492764420191,100,0,1
2025.09.21,13:30:44,-0.8565315028627766,-0.7896076172266494,-0.9188755153298405,-0.8876935173517794,100,0,1
2025.09.21,13:31:44,-0.9083386511691809,-0.878353304716217,-0.9666964054312908,-0.938981065646727,100,0,1
2025.09.21,13:32:44,-0.8423704776265557,-0.7935046573209422,-0.8851688476819326,-0.8564820426370773,100,0,1
2025.09.21,13:33:44,-0.8158503090345268,-0.761583591760854,-0.8634703651823122,-0.8402989377694856,100,0,1
2025.09.21,13:34:44,-0.7453408310262609,-0.717197182474102,-0.786005615458842,-0.7858525264992577,100,0,1
2025.09.21,13:35:44,-0.77142328682542,-0.7568127010286702,-0.8300327928777459,-0.8198092453944616,100,0,1
2025.09.21,13:36:44,-0.8155516824084159,-0.7622084993602102,-0.8704998156987307,-0.7858043225768913,100,0,1
2025.09.21,13:37:44,-0.8563597446832727,-0.7998097229139374,-0.8988046717301504,-0.8297733019540303,100,0,1
2025.09.21,13:38:44,-0.7862865453861138,-0.7379484561476792,-0.864089629488862,-0.8634779872831982,100,0,1
2025.09.21,13:39:44,-0.8154147241508738,-0.7971848566780055,-0.8401556489237678,-0.8094045886155716,100,0,1
2025.09.21,13:40:44,-0.7601257269810108,-0.6810269338639687,-0.7866840218088061,-0.742391718978527,100,0,1
2025.09.21,13:41:44,-0.8264054422555432,-0.8115815706884236,-0.8709900085574493,-0.8422731470806093,100,0,1
2025.09.21,13:42:44,-0.7530972431300582,-0.6930878506168616,-0.8134073898961605,-0.8111068230192376,100,0,1
2025.09.21,13:43:44,-0.7425798818579846,-0.6841049753182458,-0.803410739261325,-0.7751250958502006,100,0,1
2025.09.21,13:44:44,-0.7841717769161614,-0.7393920485087461,-0.8089802598612045,-0.7992479858829413,100,0,1
2025.09.21,13:45:44,-0.8370923126833674,-0.8118657730611337,-0.8566231235003774,-0.8492315641111055,100,0,1
2025.09.21,13:46:44,-0.8589790831189312,-0.8109443322935183,-0.9101455509733511,-0.8743175348266654,100,0,1
2025.09.21,13:47:44,-0.8643276015745871,-0.8473288416831956,-0.9057799894754119,-0.8762417469633915,100,0,1
2025.09.21,13:48:44,-0.8542441308047555,-0.8000353569423032,-0.8911449003274227,-0.847562151234687,100,0,1
2025.09.21,13:49:44,-0.9036650347756503,-0.8480945931751193,-0.9260410894879563,-0.8730371111452049,100,0,1
2025.09.21,13:50:44,-0.8575307801251512,-0.8135443686224605,-0.8919114986171613,-0.84831822902968,100,0,1
2025.09.21,13:51:44,-0.8691647598039037,-0.7817733977173131,-0.912618225999856,-0.85618855584782,100,0,1
2025.09.21,13:52:44,-0.8364287067168806,-0.7932813612468512,-0.9148105811422795,-0.9086948210514394,100,0,1
2025.09.21,13:53:44,-0.778893529375085,-0.7547819906507712,-0.8093870622895696,-0.7701253186566073,100,0,1
2025.09.21,13:54:44,-0.7480475211453546,-0.7021251172010067,-0.8170449882432573,-0.7947568656300193,100,0,1
2025.09.21,13:55:44,-0.7239320539047405,-0.6414472676756654,-0.8085190203963122,-0.651712922996352,100,0,1
2025.09.21,13:56:44,-0.7446539477591109,-0.672521050295185,-0.7839440203482811,-0.7714603061966585,100,0,1
2025.09.21,13:57:44,-0.7609667659251736,-0.6776839283614181,-0.830031345853923,-0.8165133197245333,100,0,1
2025.09.21,13:58:44,-0.8216783406301904,-0.7561226214095033,-0.8469937336074038,-0.7643925405743286,100,0,1
2025.09.21,13:59:44,-0.7494606400626955,-0.7166277404672476,-0.7518479271888695,-0.7483905198507268,100,0,1
2025.09.21,14:00:44,-0.6545337767280003,-0.5982966406289039,-0.7116966438033734,-0.7035553566033956,100,0,1
2025.09.21,14:01:44,-0.7270657372508229,-0.6818790956440205,-0.769285418417225,-0.7607347459162559,100,0,1
2025.09.21,14:02:44,-0.6772507181659316,-0.6163205686957731,-0.7134257646158196,-0.6835905979874446,100,0,1
2025.09.21,14:03:44,-0.6948586340771782,-0.6591337826170092,-0.6998735967847188,-0.6921654739244717,100,0,1
2025.09.21,14:04:44,-0.7279683560211248,-0.6847394832132297,-0.8099919428423163,-0.7084100645397245,100,0,1
2025.09.21,14:05:44,-0.6635600648240549,-0.6117365443766841,-0.7387746048779285,-0.6923320351619284,100,0,1
2025.09.21,14:06:44,-0.721333778905601,-0.7009730755695068,-0.7721241227999209,-0.7369430466327769,100,0,1
2025.09.21,14:07:44,-0.7149977602262138,-0.6270270789783876,-0.7319710545167731,-0.6788350696356081,100,0,1
2025.09.21,14:08:44,-0.6421386020463997,-0.5721508141746061,-0.6508154529341776,-0.6228566526265115,100,0,1
2025.09.21,14:09:44,-0.6022982606530164,-0.5750747814071847,-0.6319952590621369,-0.5899253753014881,100,0,1
2025.09.21,14:10:44,-0.5921712229061692,-0.5207412684231948,-0.6514603719015684,-0.5275937584366147,100,0,1
2025.09.21,14:11:44,-0.4822041720496825,-0.4133194957328385,-0.5405516479704011,-0.42285987972703526,100,0,1
2025.09.21,14:12:44,-0.6032441476758859,-0.5473906437270505,-0.6344112512694773,-0.5708420157470393,100,0,1
2025.09.21,14:13:44,-0.5633851914831468,-0.554422391036376,-0.5850755818206218,-0.5559866759949746,100,0,1
2025.09.21,14:14:44,-0.4840642980067432,-0.42627850667405903,-0.5161281614238306,-0.4387262800366448,100,0,1
2025.09.21,14:15:44,-0.4947861705069363,-0.4533569759379682,-0.5789906696306981,-0.520335018625362,100,0,1
2025.09.21,14:16:44,-0.6510561349124674,-0.597719951501406,-0.7302467491622724,-0.669571604053938,100,0,1
2025.09.21,14:17:44,-0.6297365644841407,-0.610737652968329,-0.6970505805733823,-0.6271035484519332,100,0,1
2025.09.21,14:18:44,-0.7075791881580367,-0.6599364925157788,-0.7657397317050684,-0.6748941647446988,100,0,1
2025.09.21,14:19:44,-0.6451335067973191,-0.5935607854790228,-0.7011335078774299,-0.6613754441167647,100,0,1
2025.09.21,14:20:44,-0.6230479814032411,-0.5618433185772346,-0.6261220008905969,-0.5811521335236322,100,0,1
2025.09.21,14:21:44,-0.6095132775902996,-0.509147091585583,-0.6762114012560901,-0.600763114677391,100,0,1
2025.09.21,14:22:44,-0.6564193522063729,-0.6308643711917996,-0.711042789036402,-0.675772355507787,100,0,1
2025.09.21,14:23:44,-0.694924171719658,-0.6226641514323893,-0.7587114811755562,-0.7267614806818665,100,0,1
2025.09.21,14:24:44,-0.7582288272972251,-0.6803545097637911,-0.7943596350855702,-0.7006870980292628,100,0,1
2025.09.21,14:25:44,-0.7578283217049573,-0.7010323057515037,-0.8048238366557459,-0.7849057304523381,100,0,1
2025.09.21,14:26:44,-0.8951192352430998,-0.844698507789469,-0.9308485178638938,-0.8918126113519339,100,0,1
2025.09.21,14:27:44,-0.9778448955346346,-0.929646735423052,-1.0004572943372378,-0.9383914590474143,100,0,1
2025.09.21,14:28:44,-0.9578402053954314,-0.8957504515074496,-1.0129670487635987,-0.9169189463080384,100,0,1
2025.09.21,14:29:44,-0.9531537379707095,-0.9091951474360894,-1.0081203735175437,-0.994896485948567,100,0,1
2025.09.21,14:30:44,-0.9553241770908447,-0.8969531008347086,-1.0593751198519685,-1.01209123527874,100,0,1
2025.09.21,14:31:44,-0.9025495347108438,-0.8258032750522291,-0.9302903748534337,-0.8908786107287976,100,0,1
2025.09.21,14:32:44,-0.8104908584427943,-0.7307256483746793,-0.8668780438901796,-0.845320031752668,100,0,1
2025.09.21,14:33:44,-0.8920013214683465,-0.8232704232957151,-0.9430710530291978,-0.8661935684262017,100,0,1
2025.09.21,14:34:44,-0.9391798842547165,-0.8901573710969481,-0.9922112954435937,-0.9153587694336109,100,0,1
2025.09.21,14:35:44,-0.9539530451726823,-0.902111560685572,-1.018065231573894,-0.9574766980607617,100,0,1
2025.09.21,14:36:44,-1.0827414267703985,-1.0313554702750736,-1.105142899759892,-1.0784082986734493,100,0,1
2025.09.21,14:37:44,-1.0933710608090548,-1.0308154746751614,-1.1423777968533047,-1.1346870916457454,100,0,1
2025.09.21,14:38:44,-1.1302284905176112,-1.0920825248590447,-1.187579633961681,-1.1276383608053013,100,0,1
2025.09.21,14:39:44,-1.124800869578815,-1.0720371496707535,-1.140504468057223,-1.0818265858169374,100,0,1
2025.09.21,14:40:44,-1.0326111168330008,-0.9496131517586999,-1.0595064485695014,-1.0135557705695963,100,0,1
2025.09.21,14:41:44,-1.0225131460091839,-0.9764239124947348,-1.0801879186234367,-1.0075782370698039,100,0,1
2025.09.21,14:42:44,-1.0054235773771496,-0.9594664821069573,-1.063418518242798,-1.062730840964309,100,0,1
2025.09.21,14:43:44,-1.0197347965800838,-0.9524949449711958,-1.0523506118710673,-0.9911995452841398,100,0,1
2025.09.21,14:44:44,-1.116128827155787,-1.0748974763125236,-1.140314422458529,-1.0912217563761941,100,0,1
2025.09.21,14:45:44,-1.047403381717697,-1.013824667714863,-1.1071683102149585,-1.1004845084985724,100,0,1
2025.09.21,14:46:44,-1.0816533451939276,-0.9818045943098882,-1.146256190657074,-1.0832257394621054,100,0,1
2025.09.21,14:47:44,-1.1222863365510671,-1.0813816434583658,-1.151475639185781,-1.089465738988625,100,0,1
2025.09.21,14:48:44,-1.1277469486630025,-1.078278247487804,-1.1800851239402537,-1.132737985169493,100,0,1
2025.09.21,14:49:44,-1.1003345454769318,-1.0302491964135387,-1.167688326835954,-1.1258953581989322,100,0,1
2025.09.21,14:50:44,-1.2185526358174603,-1.1361156133980201,-1.3099502755291783,-1.2013689175374669,100,0,1
2025.09.21,14:51:44,-1.179720707792144,-1.1272395598332645,-1.209195740378127,-1.1476179436479734,100,0,1
2025.09.21,14:52:44,-1.1598831992072374,-1.0962356919361647,-1.2031748718711408,-1.1744451960826083,100,0,1
2025.09.21,14:53:44,-1.2089129510455099,-1.1790276053384625,-1.252283776179977,-1.250127267980899,100,0,1
2025.09.21,14:54:44,-1.1853888869935538,-1.1104921117859419,-1.2139593444581223,-1.136905730525656,100,0,1
2025.09.21,14:55:44,-1.1814333447264844,-1.100391870910401,-1.2285675279451307,-1.1918365425503659,100,0,1
2025.09.21,14:56:44,-1.2464552909486173,-1.1979520185281178,-1.325070860303418,-1.2317575026838832,100,0,1
2025.09.21,14:57:44,-1.2848764296058324,-1.2317666718369225,-1.3193453784389348,-1.2491939240325305,100,0,1
2025.09.21,14:58:44,-1.1731475163202467,-1.1421091668974772,-1.2445029237745366,-1.1562927086474408,100,0,1
2025.09.21,14:59:44,-1.1349708908617318,-1.0483457571399273,-1.2012729470596775,-1.1861322933633858,100,0,1
2025.09.21,15:00:44,-1.1621376995810437,-1.1308100162659338,-1.2378420729082535,-1.2345842947533359,100,0,1
2025.09.21,15:01:44,-1.0138797010753229,-0.9277188239888594,-1.0478615883357432,-0.9306570800818728,100,0,1
2025.09.21,15:02:44,-0.9943177418856666,-0.9607401159675091,-1.041295596221094,-0.9928317647803168,100,0,1
2025.09.21,15:03:44,-0.9826072835410519,-0.9088895063949393,-1.021901687995385,-0.939351482632867,100,0,1
2025.09.21,15:04:44,-0.9640127904107127,-0.9253507296970934,-0.9878875555337541,-0.9569854215083397,100,0,1
2025.09.21,15:05:44,-1.0479373312988256,-0.9626149670680406,-1.114980997895027,-1.0306014121978113,100,0,1
2025.09.21,15:06:44,-1.0932802672506503,-1.064044695272537,-1.1583966079803891,-1.097762248390523,100,0,1
2025.09.21,15:07:44,-1.1711945574598537,-1.1101956399049584,-1.2193937398405188,-1.2088023650667394,100,0,1
2025.09.21,15:08:44,-1.1516448218722597,-1.1116195511749722,-1.1676788140623833,-1.155980423946695,100,0,1
2025.09.21,15:09:44,-1.075103564870144,-1.0362499135277745,-1.097905272142514,-1.0436413535063145,100,0,1
2025.09.21,15:10:44,-0.990988360986539,-0.9392192897730294,-1.0367806276897649,-0.9938088220061857,100,0,1
2025.09.21,15:11:44,-0.966632121095465,-0.8976793861135355,-1.0025375101928582,-0.9755270657954251,100,0,1
2025.09.21,15:12:44,-1.012473777725955,-0.9537238769977217,-1.082824148875489,-0.9789551641625844,100,0,1
2025.09.21,15:13:44,-1.035386817352251,-1.0044668745552572,-1.0993097525374493,-1.0132372454535192,100,0,1
2025.09.21,15:14:44,-1.0297195550662726,-0.9638692866270628,-1.0768076955568218,-0.9683654770812675,100,0,1
2025.09.21,15:15:44,-0.9399057946632442,-0.9070492342727622,-0.958817613798371,-0.9334643004598344,100,0,1
2025.09.21,15:16:44,-0.9473888603529991,-0.886732467199211,-1.0008468344152563,-0.9206400647110353,100,0,1
2025.09.21,15:17:44,-0.9195731007945737,-0.8642054345323679,-0.9575173552239139,-0.922521993400468,100,0,1
2025.09.21,15:18:44,-0.9783488554386609,-0.9386973330843686,-1.0444174778005966,-0.9667649352175077,100,0,1
2025.09.21,15:19:44,-0.9164873337837116,-0.8434743360085549,-0.9483231443848824,-0.8676580439281515,100,0,1
2025.09.21,15:20:44,-0.9465512039962097,-0.8827499008056654,-0.9980483078234088,-0.9839810721233962,100,0,1
2025.09.21,15:21:44,-1.016567464015665,-0.9594478470086352,-1.0776956751464755,-0.9776467545639078,100,0,1
2025.09.21,15:22:44,-0.9645318461198187,-0.9076989975380583,-1.0050095011961764,-0.9488352913947248,100,0,1
2025.09.21,15:23:44,-0.9850316161650077,-0.9428981417203871,-1.0352243698083228,-0.9819975566037102,100,0,1
2025.09.21,15:24:44,-0.9077132763079543,-0.8598339217774038,-0.9578767588453327,-0.8760532914397144,100,0,1
2025.09.21,15:25:44,-0.8636739352652544,-0.771142339421211,-0.9183260229478283,-0.7990599708620256,100,0,1
2025.09.21,15:26:44,-0.9507454080832306,-0.9322139724868381,-0.9803266527798281,-0.9528849996378326,100,0,1
2025.09.21,15:27:44,-0.9568356638235661,-0.9455098045679757,-1.0279688594292613,-1.0268848374694228,100,0,1
2025.09.21,15:28:44,-0.9975042498140797,-0.9302039312867777,-1.0613780590033366,-0.9736274045178206,100,0,1
2025.09.21,15:29:44,-1.0085395124640133,-0.9514018945054801,-1.0475219931647965,-1.0089034744909582,100,0,1
2025.09.21,15:30:44,-1.0348087983531107,-0.9620775102567054,-1.0901589373477423,-1.0273378526395858,100,0,1
2025.09.21,15:31:44,-1.0673216297950106,-1.0158981233291282,-1.1298816636786562,-1.1116113816630462,100,0,1
2025.09.21,15:32:44,-0.9885017378875205,-0.9351471453217344,-1.0640849773999608,-1.063414454050428,100,0,1
2025.09.21,15:33:44,-1.0045896456006862,-0.9531987816969627,-1.0474656195916143,-0.9730402760861899,100,0,1
2025.09.21,15:34:44,-0.9384378600052132,-0.8563688059231477,-0.9874583068192926,-0.9712364977662303,100,0,1
2025.09.21,15:35:44,-0.949296527834712,-0.8690285649608267,-0.9618159292137852,-0.8841048615982421,100,0,1
2025.09.21,15:36:44,-0.9384267523747435,-0.9195693276768987,-0.9657655082276179,-0.9483258918206143,100,0,1
2025.09.21,15:37:44,-0.9706541811730642,-0.9014428716677932,-1.0117526016117342,-0.9820033750593342,100,0,1
2025.09.21,15:38:44,-0.9346977271552792,-0.8861992644745958,-0.9352501211421472,-0.901903646551947,100,0,1
2025.09.21,15:39:44,-0.9964458877829538,-0.9620863466133036,-1.106762251160838,-1.0044905196777882,100,0,1
2025.09.21,15:40:44,-0.924033061708262,-0.8896873322370615,-0.9550000833091441,-0.9034481396465928,100,0,1
2025.09.21,15:41:44,-0.953831594841264,-0.9257516055581463,-0.9842582897658272,-0.9268455306571631,100,0,1
2025.09.21,15:42:44,-0.8460261883520703,-0.7848985688068575,-0.8965153497725883,-0.814617463272519,100,0,1
2025.09.21,15:43:44,-0.8705138750060551,-0.823721653679541,-0.9370312293084408,-0.908522792215604,100,0,1
2025.09.21,15:44:44,-0.8717391244506278,-0.812182359887333,-0.9032559390877759,-0.8362578015588411,100,0,1
2025.09.21,15:45:44,-0.874926934107637,-0.8256363654736864,-0.9545796180081919,-0.837958041945149,100,0,1
2025.09.21,15:46:44,-0.9037888021853545,-0.8551922566492013,-0.9612512963943077,-0.863274198492871,100,0,1
2025.09.21,15:47:44,-0.90077177821904,-0.7933263320367486,-0.9565481194793958,-0.9305199067278188,100,0,1
2025.09.21,15:48:44,-0.9546157951347215,-0.8800646404497457,-0.9572298232091352,-0.8803057530397124,100,0,1
2025.09.21,15:49:44,-0.9425233870830548,-0.8958548042325196,-1.0066940807922788,-0.9101812414287204,100,0,1
2025.09.21,15:50:44,-0.9944920399559732,-0.9752302759475067,-1.0027926046685278,-0.9913892300096884,100,0,1
2025.09.21,15:51:44,-0.9367818625747775,-0.8635128993338246,-0.9877481140674158,-0.9436962905692916,100,0,1
2025.09.21,15:52:44,-0.8798514770495289,-0.827544618455598,-0.9451908426263966,-0.8954563668199252,100,0,1
2025.09.21,15:53:44,-0.8610923962813908,-0.8008786971502927,-0.9033158577036307,-0.812731437241083,100,0,1
2025.09.21,15:54:44,-0.9413648782753345,-0.8514019364840255,-0.989295629679553,-0.9557322360089995,100,0,1
2025.09.21,15:55:44,-0.9471456730474528,-0.9413043207932761,-1.0278928148431818,-0.9817232139706651,100,0,1
2025.09.21,15:56:44,-0.929976978164728,-0.8978816147043586,-0.9982899839622494,-0.9508534773707537,100,0,1
2025.09.21,15:57:44,-0.9470494638189565,-0.9461259238187593,-0.9819065665207327,-0.970633741477022,100,0,1
2025.09.21,15:58:44,-1.0362404868129143,-1.0078837746683489,-1.093022536377161,-1.0473793863386311,100,0,1
2025.09.21,15:59:44,-0.957036140687874,-0.9251492687007228,-1.0172933529425616,-1.0064065221603251,100,0,1
2025.09.21,16:00:44,-0.9053849579968567,-0.8554851184978557,-0.94593621981508,-0.9410119640434457,100,0,1
2025.09.21,16:01:44,-0.8997525686730831,-0.8543313180530391,-0.946226190852368,-0.9390129262381617,100,0,1
2025.09.21,16:02:44,-0.8995943435512113,-0.8547654422332853,-0.9619108020897544,-0.8588747280073176,100,0,1
2025.09.21,16:03:44,-0.9351127042751,-0.8772322777234439,-0.9718782360848248,-0.9124653317988153,100,0,1
2025.09.21,16:04:44,-0.9236156990326555,-0.851681695126402,-0.97454960120148,-0.8810618681376627,100,0,1
2025.09.21,16:05:44,-0.877241692772617,-0.8383970049200341,-0.9236594418858097,-0.8757909931808447,100,0,1
2025.09.21,16:06:44,-0.8881282863576447,-0.872416619844404,-0.9374595377184523,-0.8776350393074503,100,0,1
2025.09.21,16:07:44,-0.8677691228842155,-0.8056396452186929,-0.8836362781222705,-0.8715894713045519,100,0,1
2025.09.21,16:08:44,-0.8623437452886447,-0.8404707888520363,-0.9277640470213168,-0.8584443305220946,100,0,1
2025.09.21,16:09:44,-0.8624860786072597,-0.8604186473769335,-0.9095361116647606,-0.9004470145727461,100,0,1
2025.09.21,16:10:44,-0.9164281020140961,-0.8698327960760766,-0.9728577700280965,-0.9334115244092244,100,0,1
2025.09.21,16:11:44,-0.9322298124331797,-0.8477751661689583,-0.9360558541723756,-0.9046559614212408,100,0,1
2025.09.21,16:12:44,-0.9109865205721,-0.8254656103485687,-0.9666408969961062,-0.954838052915514,100,0,1
2025.09.21,16:13:44,-1.0162690600061977,-0.9661878973290194,-1.1177154922135788,-1.0919927634286093,100,0,1
2025.09.21,16:14:44,-1.0242035974514085,-0.9827627118045348,-1.0854232503267172,-1.0360269003102578,100,0,1
2025.09.21,16:15:44,-1.0352219171435175,-0.9849981232686201,-1.0738951175778686,-1.0423274018291864,100,0,1
2025.09.21,16:16:44,-1.019596742808729,-0.9794734506254806,-1.1034825697301196,-1.0325653136543573,100,0,1
2025.09.21,16:17:44,-0.9621927013563132,-0.8814425419314178,-1.025427315186295,-0.9233473645502132,100,0,1
2025.09.21,16:18:44,-0.9898720749990064,-0.9474764469427535,-1.030447108248999,-0.9690783234224205,100,0,1
2025.09.21,16:19:44,-0.9984026292566454,-0.98087219309731,-1.0879609208978356,-0.9880189984683404,100,0,1
2025.09.21,16:20:44,-1.0206714140316675,-0.9678148776588185,-1.05962455995857,-0.9917166693141836,100,0,1
2025.09.21,16:21:44,-1.001430765858503,-0.9591716431050648,-1.077868007906846,-1.0437206025178551,100,0,1
2025.09.21,16:22:44,-0.9884708765722428,-0.9175718091633338,-1.0299851827559154,-0.9870379245057803,100,0,1
2025.09.21,16:23:44,-0.977732844403175,-0.9341478768777632,-1.0207780338878067,-0.953099347497859,100,0,1
2025.09.21,16:24:44,-0.9823802982897942,-0.9320814825396754,-1.014057374481062,-0.9579153662285519,100,0,1
2025.09.21,16:25:44,-1.0109576826480826,-0.9642540277587374,-1.0518381542423794,-1.0085417176915659,100,0,1
2025.09.21,16:26:44,-0.9895670636034634,-0.9343862745356206,-1.0622625996908344,-1.0400580404639035,100,0,1
2025.09.21,16:27:44,-0.9584907719738299,-0.909619422408447,-1.0254294715977634,-1.0194006409465135,100,0,1
2025.09.21,16:28:44,-0.8806338768467624,-0.8572971910606184,-0.921427248720731,-0.877096567453729,100,0,1
2025.09.21,16:29:44,-0.7931371335944735,-0.7726835077991157,-0.8436403564708236,-0.7942482197579436,100,0,1
2025.09.21,16:30:44,-0.7705912850220251,-0.7494034871948131,-0.8198279997531837,-0.7789804088779172,100,0,1
2025.09.21,16:31:44,-0.7416890813453937,-0.663668686268714,-0.7804857482094459,-0.6849956621359815,100,0,1
2025.09.21,16:32:44,-0.8399932929388908,-0.7974710893821769,-0.8733105953429894,-0.8109313470888136,100,0,1
2025.09.21,16:33:44,-0.7756695197694162,-0.7072712569330716,-0.8472747096038238,-0.7948843910953791,100,0,1
2025.09.21,16:34:44,-0.8540573619622964,-0.7963614080217215,-0.9134825734348453,-0.8191621629680459,100,0,1
2025.09.21,16:35:44,-0.9419727091507313,-0.8907751635528957,-0.9545759828909046,-0.9124060286409351,100,0,1
2025.09.21,16:36:44,-0.846886897475309,-0.7779215108735213,-0.867808452168966,-0.8260182103610709,100,0,1
2025.09.21,16:37:44,-0.8639388971094236,-0.7947720506079811,-0.9105252527640839,-0.7975802769685966,100,0,1
2025.09.21,16:38:44,-0.942442249437404,-0.877096601990916,-0.9798536035828797,-0.9653283766191347,100,0,1
2025.09.21,16:39:44,-1.0560730229936346,-1.0065540564493398,-1.1044698773533903,-1.0093752558978766,100,0,1
2025.09.21,16:40:44,-1.2044783865527324,-1.1443647924425109,-1.2304792295332203,-1.193227762950492,100,0,1
2025.09.21,16:41:44,-1.1322558681366723,-1.100220917435088,-1.1782217525616807,-1.1307300969400764,100,0,1
2025.09.21,16:42:44,-1.1429449804772895,-1.060198121804765,-1.2182629017631057,-1.2034676056027758,100,0,1
2025.09.21,16:43:44,-1.1913649782988114,-1.1245705971051312,-1.2608528481746608,-1.1965748812025219,100,0,1
2025.09.21,16:44:44,-1.1587684326685843,-1.0942914697348507,-1.2261132831539645,-1.184991973766528,100,0,1
2025.09.21,16:45:44,-1.1647443298827491,-1.1427255496336135,-1.2216880869776292,-1.1736913717504969,100,0,1
2025.09.21,16:46:44,-1.1185472020519913,-1.0852636123445074,-1.1632991152451042,-1.1393773842190562,100,0,1
2025.09.21,16:47:44,-1.172681528113367,-1.0903064901245796,-1.2114649887461266,-1.2041576211843035,100,0,1
2025.09.21,16:48:44,-1.139120193686381,-1.0795117550261732,-1.1947314059085072,-1.091908439255965,100,0,1
2025.09.21,16:49:44,-1.1842571811924723,-1.13569374328451,-1.2537972756859508,-1.1897093329390305,100,0,1
2025.09.21,16:50:44,-1.2214625672588881,-1.1760191186745508,-1.2548200770590667,-1.1912265355440776,100,0,1
2025.09.21,16:51:44,-1.2624027884164546,-1.2017539270694237,-1.3511624056938825,-1.3451242389715952,100,0,1
2025.09.21,16:52:44,-1.1822196142098045,-1.1241507591661353,-1.2446443376990532,-1.2116382229998264,100,0,1
2025.09.21,16:53:44,-1.1208303346073931,-1.0829612844177587,-1.1740638413476805,-1.139666088251294,100,0,1
2025.09.21,16:54:44,-1.0897484922489398,-1.0281376565521216,-1.1446401527390477,-1.0285661702573443,100,0,1
2025.09.21,16:55:44,-1.2003803835547922,-1.1573791106417632,-1.2673098534316645,-1.18027821064142,100,0,1
2025.09.21,16:56:44,-1.125734455166302,-1.067473156955582,-1.1816644480119651,-1.136354625698861,100,0,1
2025.09.21,16:57:44,-1.1744972952442403,-1.138632326459404,-1.2180435191944374,-1.2046135023960831,100,0,1
2025.09.21,16:58:44,-1.1399633757193337,-1.096569518909617,-1.16838438424766,-1.1641035560120445,100,0,1
2025.09.21,16:59:44,-1.1356973875248606,-1.0905905109583423,-1.189917162075859,-1.1100963024248052,100,0,1
2025.09.21,17:00:44,-1.1300803085853273,-1.0531354405993016,-1.1646108146656893,-1.061929106611967,100,0,1
2025.09.21,17:01:44,-1.172488345882098,-1.099945369359651,-1.1946476368878056,-1.111016481165557,100,0,1
2025.09.21,17:02:44,-1.2305886215020447,-1.17110735196949,-1.2818879888961288,-1.1982957353459283,100,0,1
2025.09.21,17:03:44,-1.1966477974919096,-1.1416797837442136,-1.2517845118028292,-1.154875538544342,100,0,1
2025.09.21,17:04:44,-1.1649080165688113,-1.1114115398032887,-1.249064200320484,-1.1711346589362381,100,0,1
2025.09.21,17:05:44,-1.1985749956902347,-1.1635616767508286,-1.238350672077733,-1.2204095525742864,100,0,1
2025.09.21,17:06:44,-1.1661979992835012,-1.1097027257103722,-1.2054221603240756,-1.1580098906971028,100,0,1
2025.09.21,17:07:44,-1.1170741820500403,-1.0932503388324197,-1.1540555000272334,-1.1414663611106624,100,0,1
2025.09.21,17:08:44,-1.173295412275229,-1.11141709586522,-1.228744001404541,-1.1181766998484541,100,0,1
2025.09.21,17:09:44,-1.1834192737748148,-1.1312058271072636,-1.2439396338850905,-1.2255675019661174,100,0,1
2025.09.21,17:10:44,-1.2593319181126834,-1.2297500493599176,-1.335676751745482,-1.286332274384203,100,0,1
2025.09.21,17:11:44,-1.1931558274860004,-1.139180400472075,-1.2193233859646715,-1.1711562231866253,100,0,1
2025.09.21,17:12:44,-1.1387696070581845,-1.110362680172001,-1.1986129742891667,-1.1695751463239423,100,0,1
2025.09.21,17:13:44,-1.1734749379817717,-1.1255467475269867,-1.2236657993674975,-1.216267613186907,100,0,1
2025.09.21,17:14:44,-1.094220209960868,-1.0608794903390066,-1.1549518871650184,-1.09406985846582,100,0,1
2025.09.21,17:15:44,-1.0798395100003986,-1.0187573651821782,-1.131606139104456,-1.123892559980906,100,0,1
2025.09.21,17:16:44,-1.0733215579270392,-1.0067717565515193,-1.0994356959103566,-1.0611704981153494,100,0,1
2025.09.21,17:17:44,-0.9835290176874077,-0.9231822707081256,-1.0337881117777008,-0.947683182511038,100,0,1
2025.09.21,17:18:44,-1.0397247080344336,-0.9914143872316568,-1.0840799299642718,-1.0550935136012816,100,0,1
2025.09.21,17:19:44,-1.0312285218340502,-0.9829926515113161,-1.0788629985808946,-1.0696498078117604,100,0,1
2025.09.21,17:20:44,-1.0928187774011842,-1.019319813852747,-1.117039257670988,-1.0481112454307255,100,0,1
2025.09.21,17:21:44,-1.0279810057964003,-1.0171110637156993,-1.063333800047734,-1.0278197663232893,100,0,1
2025.09.21,17:22:44,-0.9943557303761427,-0.9187616323177434,-1.0516280505321833,-1.0099374749202727,100,0,1
2025.09.21,17:23:44,-1.0299977037165904,-0.9885603853671602,-1.0884263873186657,-1.0133345879691453,100,0,1
2025.09.21,17:24:44,-1.0271892660735322,-0.9990823374307056,-1.0714805044274458,-1.0177070127695265,100,0,1
2025.09.21,17:25:44,-1.0770605084342006,-0.9748849907333166,-1.1243496372341095,-1.0344953580080192,100,0,1
2025.09.21,17:26:44,-1.0222359449130907,-0.9640547408531079,-1.0790937960971425,-1.0545451001669286,100,0,1
2025.09.21,17:27:44,-1.0445282444256525,-0.9782012831271721,-1.0917805359088566,-1.062731057551779,100,0,1
2025.09.21,17:28:44,-0.9362781484951868,-0.8916154048680884,-0.9793818884356682,-0.9776275056457739,100,0,1
2025.09.21,17:29:44,-0.8423149358890444,-0.8017076860032237,-0.8793931987191553,-0.8128415680559982,100,0,1
2025.09.21,17:30:44,-0.7938056770913232,-0.775943570621024,-0.8309656121493221,-0.8163745914355894,100,0,1
2025.09.21,17:31:44,-0.7727583764754286,-0.7245537595434055,-0.847048912898767,-0.7645602459621841,100,0,1
2025.09.21,17:32:44,-0.8320169433619284,-0.7990727461299929,-0.89000176734956,-0.8850784717797967,100,0,1
2025.09.21,17:33:44,-0.8446630359487148,-0.7866655387922916,-0.9126719304338345,-0.8628751304133407,100,0,1
2025.09.21,17:34:44,-0.8984072833747208,-0.8512374940559343,-0.9245677322906105,-0.8664192832858475,100,0,1
2025.09.21,17:35:44,-0.9874226172761194,-0.9463201782931293,-1.0430460390532206,-0.9632180192431552,100,0,1
2025.09.21,17:36:44,-0.9780992399488846,-0.9300799602225415,-1.0383877134934112,-1.0260007613509836,100,0,1
2025.09.21,17:37:44,-1.027813842112777,-0.9721606347429093,-1.101537756315237,-1.0398183323741121,100,0,1
2025.09.21,17:38:44,-1.016673025722532,-0.9635911450427422,-1.0307426236563104,-1.0015461577000522,100,0,1
2025.09.21,17:39:44,-1.0792517537198996,-1.0101550271244102,-1.1065731912178312,-1.0373239716505516,100,0,1
2025.09.21,17:40:44,-1.058274233644034,-1.0213830808202147,-1.1270966218258778,-1.1005500289993337,100,0,1
2025.09.21,17:41:44,-1.0409997454839834,-0.9372198693472987,-1.088168337646941,-0.9918415702590416,100,0,1
2025.09.21,17:42:44,-1.0595445344279906,-1.0186773876438453,-1.1024037043057349,-1.0883385092503042,100,0,1
2025.09.21,17:43:44,-1.0397438211437302,-0.9849584273522612,-1.1010271840442774,-1.001273111759722,100,0,1
2025.09.21,17:44:44,-1.0297303391524961,-0.976362787323686,-1.0435136780571201,-0.9824439381035964,100,0,1
2025.09.21,17:45:44,-1.1344623939452148,-1.110285340732011,-1.2103584058560586,-1.1757887628740227,100,0,1
2025.09.21,17:46:44,-1.10587002916755,-1.0713932535840307,-1.1275590858411597,-1.1183271294771666,100,0,1
2025.09.21,17:47:44,-1.0605028539002197,-1.0268241684376653,-1.0891950395522194,-1.0842031245555341,100,0,1
2025.09.21,17:48:44,-1.0664592386691556,-1.0177320990883612,-1.1214476407157479,-1.1067253362913172,100,0,1
2025.09.21,17:49:44,-1.0001466672688888,-0.9311631775616921,-1.0897498174007618,-0.9887764139795475,100,0,1
2025.09.21,17:50:44,-0.9949272030731258,-0.9328626806575301,-1.0303672511764335,-1.0275539180376145,100,0,1
2025.09.21,17:51:44,-0.9419419213201561,-0.8468066029773029,-0.9768026431355339,-0.8991830407957422,100,0,1
2025.09.21,17:52:44,-0.9574101537000667,-0.931848757023637,-1.0171121860920258,-0.9906886606047418,100,0,1
2025.09.21,17:53:44,-0.9799510584729739,-0.9473633741162775,-0.9974735269138645,-0.9585268424770641,100,0,1
2025.09.21,17:54:44,-1.0213167299208057,-0.978957849148752,-1.0428655392312776,-1.0389695972823985,100,0,1
2025.09.21,17:55:44,-0.9544158818019618,-0.8869580232809556,-0.98760446290422,-0.9134265467924867,100,0,1
2025.09.21,17:56:44,-0.9174123383155686,-0.8994280607860573,-0.9633412361125896,-0.9476504147874047,100,0,1
2025.09.21,17:57:44,-0.886304109116623,-0.8196121103626222,-0.9439546055469287,-0.9295151064012313,100,0,1
2025.09.21,17:58:44,-0.7830243400015054,-0.7249468880426203,-0.82984876626818,-0.7565366330969359,100,0,1
2025.09.21,17:59:44,-0.7659628293173352,-0.7126379077787266,-0.8131999248319441,-0.7621598961871661,100,0,1
2025.09.21,18:00:44,-0.7685714085199605,-0.7232582476649233,-0.8155357811267944,-0.8014558309412898,100,0,1
2025.09.21,18:01:44,-0.6982515554061702,-0.6474863517331524,-0.7353703673082015,-0.7194151845399963,100,0,1
2025.09.21,18:02:44,-0.7075737549571065,-0.6704996907980227,-0.7553607639703886,-0.6882673305999982,100,0,1
2025.09.21,18:03:44,-0.5727503816029378,-0.512573378347246,-0.5907056075882354,-0.5192914337028288,100,0,1
2025.09.21,18:04:44,-0.5569287465726184,-0.5187517509484723,-0.599664406587478,-0.5662556515144065,100,0,1
2025.09.21,18:05:44,-0.5217396899325417,-0.4492080473205785,-0.5788097824499377,-0.550922794336246,100,0,1
2025.09.21,18:06:44,-0.569885178238946,-0.5532115917563741,-0.6529239418737978,-0.5727389696998972,100,0,1
2025.09.21,18:07:44,-0.5373449518799686,-0.48645095430968743,-0.5655807805792168,-0.5630207194179044,100,0,1
2025.09.21,18:08:44,-0.50569335707204,-0.4692533342652293,-0.5552426618937376,-0.49409913193669375,100,0,1
2025.09.21,18:09:44,-0.5347314847129255,-0.47335723173140665,-0.5920196436797632,-0.5388700837497498,100,0,1
2025.09.21,18:10:44,-0.5139935663505577,-0.4689179460478084,-0.5621975423885603,-0.5425544254662311,100,0,1
2025.09.21,18:11:44,-0.5320981447655515,-0.48492217729379183,-0.6025247457325741,-0.5317312434499295,100,0,1
2025.09.21,18:12:44,-0.5499562666785033,-0.5003005536635847,-0.6490077335485499,-0.5814268369003227,100,0,1
2025.09.21,18:13:44,-0.5674499211225952,-0.5398494175936511,-0.6204395386050294,-0.576570417748879,100,0,1
2025.09.21,18:14:44,-0.6290991219083167,-0.5924231010730994,-0.6707216952587196,-0.6591208124525482,100,0,1
2025.09.21,18:15:44,-0.5361112975164433,-0.5120839218068279,-0.5859984403741034,-0.5214844761944273,100,0,1
2025.09.21,18:16:44,-0.5162950981260445,-0.4342390213438407,-0.5778159133721783,-0.5098461172288569,100,0,1
2025.09.21,18:17:44,-0.48868925080903874,-0.4661071819407739,-0.5308949684012901,-0.475357091388022,100,0,1
2025.09.21,18:18:44,-0.5609478747261424,-0.4999391836411765,-0.6056351918109275,-0.5346501000858604,100,0,1
2025.09.21,18:19:44,-0.5158037814014564,-0.45622212029291054,-0.6108822728426567,-0.4935826497309699,100,0,1
2025.09.21,18:20:44,-0.5420812798368713,-0.5159098670289834,-0.5800347289760563,-0.5384150158455661,100,0,1
2025.09.21,18:21:44,-0.5235956919431894,-0.463376909209871,-0.5747608886982903,-0.5449842350887393,100,0,1
2025.09.21,18:22:44,-0.45016603993197446,-0.3966120011763452,-0.5008880543378064,-0.48802929939702583,100,0,1
2025.09.21,18:23:44,-0.41599035791493766,-0.37852581522902895,-0.4197263117656614,-0.4191474172818104,100,0,1
2025.09.21,18:24:44,-0.4592964439872933,-0.413910398432767,-0.5026438369413815,-0.4348748009295587,100,0,1
2025.09.21,18:25:44,-0.38767634486365554,-0.3581040850907347,-0.41352026186289753,-0.38821338542317735,100,0,1
2025.09.21,18:26:44,-0.3955464946192445,-0.34128771679261233,-0.4707820440457824,-0.45532395828517874,100,0,1
2025.09.21,18:27:44,-0.3718914780927003,-0.2960784982702879,-0.3982691806979308,-0.3382031843050195,100,0,1
2025.09.21,18:28:44,-0.29075451815825765,-0.25142992847120277,-0.3256878043178669,-0.2709602393259166,100,0,1
2025.09.21,18:29:44,-0.30070878306466253,-0.253760972159723,-0.3343924535284425,-0.3288606486976378,100,0,1
2025.09.21,18:30:44,-0.26344125109347966,-0.2276372994803557,-0.286063254597359,-0.2405394444174293,100,0,1
2025.09.21,18:31:44,-0.26173337188662965,-0.18528944035139933,-0.33012311039473996,-0.1984426970534271,100,0,1
2025.09.21,18:32:44,-0.2731385206220114,-0.21774611302775226,-0.3546509483060749,-0.2849177453942845,100,0,1
2025.09.21,18:33:44,-0.2282048935025669,-0.1994870322858905,-0.27864559391252425,-0.23324163241965096,100,0,1
2025.09.21,18:34:44,-0.21367433985662607,-0.15441391847320046,-0.29989418104618026,-0.1580658768119552,100,0,1
2025.09.21,18:35:44,-0.20187465021875178,-0.16978576268104043,-0.26720552331273106,-0.24384379132905096,100,0,1
2025.09.21,18:36:44,-0.10218382690027414,-0.055238428090186704,-0.12569648403712108,-0.067517746972906,100,0,1
2025.09.21,18:37:44,-0.07546264410913942,-0.014843804998957565,-0.127442497091329,-0.06529474534641397,100,0,1
2025.09.21,18:38:44,-0.062388161178443896,-0.008453621778213974,-0.11366609137449457,-0.04018884855729006,100,0,1
2025.09.21,18:39:44,-0.10606579666396834,-0.05430928043835797,-0.15381576614309406,-0.0729618010582469,100,0,1
2025.09.21,18:40:44,-0.09008606692284782,-0.010758104072642494,-0.14281616442600062,-0.09680549457364687,100,0,1
2025.09.21,18:41:44,-0.11001174479476857,-0.06329547736964537,-0.1641278269755359,-0.1425121706416958,100,0,1
2025.09.21,18:42:44,-0.141274812637852,-0.10402026790385063,-0.19019174386459015,-0.17680994912458053,100,0,1
2025.09.21,18:43:44,-0.19224633593945187,-0.16731360257699635,-0.2591734708385719,-0.24391806414129918,100,0,1
2025.09.21,18:44:44,-0.14260511914544205,-0.05727044447937647,-0.17027056639881802,-0.1473698188663823,100,0,1
2025.09.21,18:45:44,-0.16138450638967144,-0.1378886965367518,-0.1940741572275812,-0.1414504412973132,100,0,1
2025.09.21,18:46:44,-0.16234587855639204,-0.08944352760753477,-0.1925519268156209,-0.18069257800140223,100,0,1
2025.09.21,18:47:44,-0.17874045110815825,-0.11208210414773873,-0.20521759304176151,-0.1893507044068912,100,0,1
2025.09.21,18:48:44,-0.22078234873491218,-0.20124090022736527,-0.25730637819643287,-0.2503971115029169,100,0,1
2025.09.21,18:49:44,-0.3064958631356888,-0.24988114314834117,-0.33257456264569296,-0.2625951896874651,100,0,1
2025.09.21,18:50:44,-0.2881994829557391,-0.21905386520093312,-0.3288153211012419,-0.26835323191222615,100,0,1
2025.09.21,18:51:44,-0.2488024326153681,-0.21341677676346132,-0.274056670425644,-0.2672595863780275,100,0,1
2025.09.21,18:52:44,-0.2955488245017275,-0.2522674843360479,-0.3354626116816913,-0.28512052636380825,100,0,1
2025.09.21,18:53:44,-0.3380242755909663,-0.3281774873822715,-0.3873148316662385,-0.3468666287036683,100,0,1
2025.09.21,18:54:44,-0.3209638328268382,-0.2350750731716126,-0.3819178135839094,-0.24318185407478446,100,0,1
2025.09.21,18:55:44,-0.36376433235286454,-0.299753606477443,-0.40841355902504994,-0.38725187905041153,100,0,1
2025.09.21,18:56:44,-0.2775915834837174,-0.21999725454943714,-0.34672378798574477,-0.24701727760567382,100,0,1
2025.09.21,18:57:44,-0.21165093988706124,-0.16962044007415944,-0.24327649920071143,-0.23313574609356127,100,0,1
2025.09.21,18:58:44,-0.2506842710466263,-0.190699985680309,-0.29024182979378316,-0.272128113103745,100,0,1
2025.09.21,18:59:44,-0.22831267778505124,-0.22626837060669386,-0.27855369863678237,-0.26520077522067576,100,0,1
2025.09.21,19:00:44,-0.2810406824881836,-0.25020560264708597,-0.31052937675218784,-0.3095674754356594,100,0,1
2025.09.21,19:01:44,-0.294468250443885,-0.2223284589379917,-0.35871935783925457,-0.3487533151886708,100,0,1
2025.09.21,19:02:44,-0.3268446820792992,-0.30046373942781557,-0.3889369923216761,-0.35315452141988984,100,0,1
2025.09.21,19:03:44,-0.32566146653160516,-0.30434272257021133,-0.39698436923163133,-0.3652522815718355,100,0,1
2025.09.21,19:04:44,-0.34287918872137235,-0.26403474796262516,-0.3792781875224437,-0.28076851964203436,100,0,1
2025.09.21,19:05:44,-0.3198725376730783,-0.26997224537528874,-0.3718601682695399,-0.3632182621643073,100,0,1
2025.09.21,19:06:44,-0.28879815652624197,-0.23987827878485374,-0.3072239744822852,-0.269551222292399,100,0,1
2025.09.21,19:07:44,-0.24869738964561808,-0.17811852814092327,-0.31871407562375975,-0.281679639754458,100,0,1
2025.09.21,19:08:44,-0.25835171147218144,-0.19065314877366324,-0.3316339634090833,-0.2028910484499616,100,0,1
2025.09.21,19:09:44,-0.14180880908088517,-0.07846131492355632,-0.18067561112500574,-0.10358195173843751,100,0,1
2025.09.21,19:10:44,-0.15497041731304434,-0.08208105718363606,-0.19275570926498922,-0.10222060247498849,100,0,1
2025.09.21,19:11:44,-0.12754132339391305,-0.06940748348089701,-0.14781758864835387,-0.11081713186747913,100,0,1
2025.09.21,19:12:44,-0.12098903999534931,-0.05880939079822504,-0.15322173386788945,-0.14481171643968335,100,0,1
2025.09.21,19:13:44,-0.12506075806966677,-0.04618766099530407,-0.14562874282478774,-0.13234488852695986,100,0,1
2025.09.21,19:14:44,-0.09611982562988838,-0.043879126156354,-0.1542460583766776,-0.14055441551231143,100,0,1
2025.09.21,19:15:44,-0.1450878926021421,-0.08825274113595685,-0.17559805520378974,-0.0926404331118764,100,0,1
2025.09.21,19:16:44,-0.16510348619455975,-0.10456769158321917,-0.23049259032803687,-0.2145055073386066,100,0,1
2025.09.21,19:17:44,-0.11597540574894011,-0.0766704548743889,-0.1509084737879426,-0.08625098405788421,100,0,1
2025.09.21,19:18:44,-0.14373030024109906,-0.06918048351955147,-0.18947279621038352,-0.14365656117506057,100,0,1
2025.09.21,19:19:44,-0.15197360467569346,-0.10989542080994197,-0.2201714094867222,-0.17095563771778077,100,0,1
2025.09.21,19:20:44,-0.12046492439429933,-0.07085184170569322,-0.1644152022529994,-0.11169788428172495,100,0,1
2025.09.21,19:21:44,-0.05191859798718835,-0.017576396970991996,-0.13146127551743092,-0.045991871467324474,100,0,1
2025.09.21,19:22:44,0.034639878644488184,0.08570622481357923,-0.001579237974243447,0.0020219361939411173,100,0,1
2025.09.21,19:23:44,0.02166008208141379,0.07777294695031224,-0.0351056375710932,0.05468917162869138,100,0,1
2025.09.21,19:24:44,0.057280048828546634,0.11528489156084595,-0.004129722724554308,0.0721027796604608,100,0,1
2025.09.21,19:25:44,0.03459425448496575,0.08526549630107795,-0.038716927164169274,0.0197871872951378,100,0,1
2025.09.21,19:26:44,-0.12060831478637184,-0.08412092533041542,-0.19219748860446345,-0.1407916152363483,100,0,1
2025.09.21,19:27:44,-0.09042925480636636,-0.07079117639054958,-0.103348779458139,-0.07759201411636688,100,0,1
2025.09.21,19:28:44,-0.1485261494923212,-0.11174531955269436,-0.17152356102358862,-0.16758245010571016,100,0,1
2025.09.21,19:29:44,-0.14927833508342975,-0.11314279050359329,-0.18604080902403802,-0.15225304787740188,100,0,1
2025.09.21,19:30:44,-0.17841862626656305,-0.12147429224218645,-0.2804518097777702,-0.1549081053730502,100,0,1
2025.09.21,19:31:44,-0.170790934281963,-0.06796218898563784,-0.24793271615607218,-0.1539602737827344,100,0,1
2025.09.21,19:32:44,-0.16758612895455546,-0.13245200776823232,-0.24275167244530732,-0.17093440302687057,100,0,1
2025.09.21,19:33:44,-0.20124697524804078,-0.18207503578984371,-0.27254399729902834,-0.2419424625792765,100,0,1
2025.09.21,19:34:44,-0.1871669373809593,-0.17419221544881558,-0.2535178210035244,-0.1856361195821103,100,0,1
2025.09.21,19:35:44,-0.1837540132991008,-0.162203260131852,-0.2225101343936054,-0.19969061212494077,100,0,1
2025.09.21,19:36:44,-0.1535157460431777,-0.10252081786648762,-0.21500899702131046,-0.11129477496344688,100,0,1
2025.09.21,19:37:44,-0.14866298346364218,-0.083984600215045,-0.21002850742536747,-0.15065924367670896,100,0,1
2025.09.21,19:38:44,-0.06865078405944273,0.02196259053780955,-0.09655265745140848,-0.015829788746122148,100,0,1
2025.09.21,19:39:44,-0.08223319770186321,-0.039988055001683336,-0.13239207510121392,-0.11955360380578432,100,0,1
2025.09.21,19:40:44,-0.08174449760648883,-0.02631028762966431,-0.11396852436908002,-0.06719163068225201,100,0,1
2025.09.21,19:41:44,-0.17432066741146937,-0.1267271528604341,-0.23353228251782407,-0.13192378849327527,100,0,1
2025.09.21,19:42:44,-0.13388498025107945,-0.0452430047806978,-0.1864219536013867,-0.15126817428016534,100,0,1
2025.09.21,19:43:44,-0.19776244052969705,-0.13223159276527607,-0.22698873104157624,-0.2123067485347736,100,0,1
2025.09.21,19:44:44,-0.1587041907126865,-0.08815644541833166,-0.21422502604803395,-0.2100390049676486,100,0,1
2025.09.21,19:45:44,-0.14474800542724287,-0.09395848733744405,-0.19864613896700578,-0.19152667612356078,100,0,1
2025.09.21,19:46:44,-0.12824806587229373,-0.06853789903067968,-0.1756130803835133,-0.1352902963140529,100,0,1
2025.09.21,19:47:44,-0.1793785748767056,-0.15386769830401553,-0.2460941285547313,-0.22427301075253422,100,0,1
2025.09.21,19:48:44,-0.15380644882185357,-0.09059807060680491,-0.22883064139407722,-0.10467895230264197,100,0,1
2025.09.21,19:49:44,-0.15416608624428155,-0.12796040223631547,-0.20060706988508115,-0.13097027082250523,100,0,1
2025.09.21,19:50:44,-0.18306057715374607,-0.18179403767914265,-0.22164193275941563,-0.20337395406609354,100,0,1
2025.09.21,19:51:44,-0.09401714848614581,-0.04211627528031665,-0.13219798997933452,-0.07786566430322045,100,0,1
2025.09.21,19:52:44,-0.11716200181414567,-0.07428988729389474,-0.16731703078483656,-0.12043277856172205,100,0,1
2025.09.21,19:53:44,-0.08261873742808815,-0.018176010221696112,-0.1590618500659991,-0.11052088871625161,100,0,1
2025.09.21,19:54:44,0.019557080860578575,0.07808170624278436,-0.049087200620350976,0.01772581465889278,100,0,1
2025.09.21,19:55:44,0.019845229790078106,0.07287864518342593,-0.009876659539516986,0.0022793499065409326,100,0,1
2025.09.21,19:56:44,0.019775806461774827,0.07887588935842277,0.0074237441814585595,0.019879426790893696,100,0,1
2025.09.21,19:57:44,0.028788136872710535,0.0767231030630021,-0.025547354011323478,0.011563954415230011,100,0,1
2025.09.21,19:58:44,0.0018870879214213446,0.06781989725345783,-0.012723906025695043,0.007379982366862856,100,0,1
2025.09.21,19:59:44,0.008186708762467416,0.07487531295998706,-0.03387101940254113,0.0038082349820347944,100,0,1
2025.09.21,20:00:44,0.03264068793983023,0.08644725004050376,-0.04712346758560336,0.05802294934893856,100,0,1
2025.09.21,20:01:44,0.052516625153939143,0.1324859368037652,-0.03362241089801899,0.12076461710941538,100,0,1
2025.09.21,20:02:44,0.008071788479880972,0.06133594612047608,-0.0335266067402995,-0.008959439005861797,100,0,1
2025.09.21,20:03:44,0.05325983657661726,0.10591999209818981,-0.00587134883807406,0.09972164107377679,100,0,1
2025.09.21,20:04:44,0.11558375372963614,0.16338262026472408,0.08323243482322414,0.1519330694630762,100,0,1
2025.09.21,20:05:44,0.09058725060090526,0.10806299678067363,0.06635548397838953,0.09739473691267869,100,0,1
2025.09.21,20:06:44,-0.016660473552638395,0.05282808716961938,-0.06275396047515307,0.03312938631320865,100,0,1
2025.09.21,20:07:44,0.006697096983633282,0.032586032969772985,-0.05619937821719065,0.004425760119594148,100,0,1
2025.09.21,20:08:44,0.030052426863594807,0.06381048191096308,-0.04658232445894891,0.006066845644519342,100,0,1
2025.09.21,20:09:44,-0.06707939408990081,-0.04108442712076407,-0.11447404786539928,-0.06956383818692874,100,0,1
2025.09.21,20:10:44,0.0553256422977621,0.10499945316303552,0.01587734565854422,0.049984829512782936,100,0,1
2025.09.21,20:11:44,0.02960301909446816,0.05813725256967599,-0.05496096890955479,-0.042727079921178183,100,0,1
2025.09.21,20:12:44,0.1049608308421546,0.13353713938622458,0.06537499249778747,0.1171901341752309,100,0,1
2025.09.21,20:13:44,0.15569368204234274,0.1909935791560729,0.09486511001425543,0.10273658858671596,100,0,1
2025.09.21,20:14:44,0.10412236307256395,0.1478433631531407,0.0361675994650449,0.1169379288082842,100,0,1
2025.09.21,20:15:44,0.17998877809834815,0.2356260775402293,0.12250910315953817,0.22578738291226932,100,0,1
2025.09.21,20:16:44,0.15540480751801083,0.21145342857211358,0.10890393739794435,0.14404722776996895,100,0,1
2025.09.21,20:17:44,0.2554715882865519,0.28705121377098697,0.1839576012296046,0.256737340931592,100,0,1
2025.09.21,20:18:44,0.31162153204280985,0.35368724518345707,0.26459193323786706,0.325965911476105,100,0,1
2025.09.21,20:19:44,0.36486430595142744,0.40685918744142846,0.33523524550376127,0.4005286990911362,100,0,1
2025.09.21,20:20:44,0.34132163820240335,0.36014171307481435,0.24949435376923992,0.31679576880138866,100,0,1
2025.09.21,20:21:44,0.3744751145592592,0.42177603016510024,0.3286934501322017,0.4192508536688663,100,0,1
2025.09.21,20:22:44,0.38643809434612114,0.42733827083913467,0.34477844777704736,0.36181467761136926,100,0,1
2025.09.21,20:23:44,0.33427791039999505,0.3924533479947318,0.28675512052445995,0.37924564866700144,100,0,1
2025.09.21,20:24:44,0.3266793269408311,0.39538595972021745,0.2743816378041462,0.37452458081709206,100,0,1
2025.09.21,20:25:44,0.2915054575534186,0.3620823036529303,0.255502064333613,0.2567273543540316,100,0,1
2025.09.21,20:26:44,0.369984053974133,0.4774475447107105,0.31911083093328,0.3199896160127382,100,0,1
2025.09.21,20:27:44,0.3249556122999689,0.36678802698489776,0.26188610619246194,0.28497308915953584,100,0,1
2025.09.21,20:28:44,0.25992400453150694,0.3015996061588289,0.22257039881127957,0.29794683392637433,100,0,1
2025.09.21,20:29:44,0.3096421594229187,0.3819441247282581,0.287481195039187,0.3223646258797259,100,0,1
2025.09.21,20:30:44,0.3272356533384531,0.3740103201448256,0.2899679234764159,0.3080521272825062,100,0,1
2025.09.21,20:31:44,0.22438726573633921,0.28533959576087486,0.2113122356334276,0.2415489888300014,100,0,1
2025.09.21,20:32:44,0.30566820322094396,0.34035209100612207,0.28870239368072165,0.3277643665427012,100,0,1
2025.09.21,20:33:44,0.3100077379132747,0.3332961460175025,0.28397498669052124,0.29677870449503896,100,0,1
2025.09.21,20:34:44,0.2567478646863989,0.3363302077640826,0.2090087272910328,0.3265435316591379,100,0,1
2025.09.21,20:35:44,0.27555628497086215,0.3225766321928378,0.22882787339297733,0.24077938293672252,100,0,1
2025.09.21,20:36:44,0.3337495800681839,0.3705125594471706,0.30079038883319587,0.3676238673147866,100,0,1
2025.09.21,20:37:44,0.27025885528729954,0.3401035576038226,0.19690970948020475,0.28130142381802137,100,0,1
2025.09.21,20:38:44,0.22873713440478471,0.2545894458496087,0.1752884866819043,0.21110995781123504,100,0,1
2025.09.21,20:39:44,0.17628083059312527,0.2167549952975487,0.0797480550570723,0.16046026581687506,100,0,1
2025.09.21,20:40:44,0.18928464881578655,0.21842165199269517,0.11147985746612425,0.18157788546542947,100,0,1
2025.09.21,20:41:44,0.10982340743169897,0.15973541830557542,0.06503575690015087,0.11119245757925394,100,0,1
2025.09.21,20:42:44,0.08277836456537131,0.13667380847856553,0.03133343789764404,0.07257049369137747,100,0,1
2025.09.21,20:43:44,0.09410817088397354,0.1565906315457429,0.04545197017223408,0.12174760187391355,100,0,1
2025.09.21,20:44:44,0.07725972773928025,0.15667857890452747,0.012689977106003586,0.06107560689693836,100,0,1
2025.09.21,20:45:44,-0.0003175536802007828,0.04284080829814342,-0.0589817806536704,0.025224843605196896,100,0,1
2025.09.21,20:46:44,0.038369409985938054,0.1014094618729014,-0.00401956054488798,0.06446934633207249,100,0,1
2025.09.21,20:47:44,0.01341832397939725,0.08471402061275583,-0.05252124023685552,0.021100712329824425,100,0,1
2025.09.21,20:48:44,0.015111535024278635,0.06338554150751839,-0.06864094385449115,0.029099234247952452,100,0,1
2025.09.21,20:49:44,-0.02215962715675909,0.0152333316076463,-0.07262337576408381,-0.006016520140526727,100,0,1
2025.09.21,20:50:44,-0.1020569972731557,-0.056678526678174024,-0.14290554719445867,-0.09004561076441123,100,0,1
2025.09.21,20:51:44,-0.06092810251831312,-0.03333644960324553,-0.10501768545601348,-0.054471899659624776,100,0,1
2025.09.21,20:52:44,-0.031232600126714187,0.00462787151395571,-0.06356562372793481,-0.0020107104668562054,100,0,1
2025.09.21,20:53:44,-0.03626561222434182,0.03323349815967131,-0.0809509055957503,0.0013154778812525941,100,0,1
2025.09.21,20:54:44,-0.06950555700941899,9.049325852120149e-05,-0.15548309455284526,-0.012842921965127374,100,0,1
2025.09.21,20:55:44,-0.09523903119960553,-0.047036834926990435,-0.1335115201670814,-0.12302490831243701,100,0,1
2025.09.21,20:56:44,-0.06970909026868947,-0.05232484959308908,-0.11207901097985773,-0.07970494639193852,100,0,1
2025.09.21,20:57:44,-0.03300081308653525,0.0008655758236200059,-0.08428505898285579,-0.024885524420011303,100,0,1
2025.09.21,20:58:44,-0.11450647884656093,-0.06310756496635778,-0.1911272731248918,-0.18355618528360307,100,0,1
2025.09.21,20:59:44,-0.16726331678816647,-0.10700631828362947,-0.2363406047080141,-0.22372506528601058,100,0,1
2025.09.21,21:00:44,-0.24400507833121604,-0.1771994973819463,-0.2949886903770798,-0.20761107486375419,100,0,1
2025.09.21,21:01:44,-0.23477791157744288,-0.16894216628903017,-0.2956052273493025,-0.2940334516974314,100,0,1
2025.09.21,21:02:44,-0.15381469876876344,-0.11871307470637708,-0.19427234557233405,-0.17644089724427267,100,0,1
2025.09.21,21:03:44,-0.19920497368227058,-0.11056598085368173,-0.21528667349492342,-0.1854067042498942,100,0,1
2025.09.21,21:04:44,-0.08721298820511447,-0.03673973647736627,-0.09287610153355716,-0.06628572501508666,100,0,1
2025.09.21,21:05:44,-0.11745155844015526,-0.07466708969313174,-0.16087250989063034,-0.07922554120457162,100,0,1
2025.09.21,21:06:44,-0.1357439490709771,-0.07816758178641944,-0.19430186041544217,-0.12967082907037702,100,0,1
2025.09.21,21:07:44,-0.2085853803117502,-0.16282687900005066,-0.27261685120725027,-0.24888926568297315,100,0,1
2025.09.21,21:08:44,-0.19079330545295428,-0.12316339629743889,-0.22521231512814618,-0.1749269411806773,100,0,1
2025.09.21,21:09:44,-0.22784386169452034,-0.1865561610796207,-0.2611290476046527,-0.22775544036757506,100,0,1
2025.09.21,21:10:44,-0.278007940659824,-0.2534332951137286,-0.33612024159481,-0.3242545917295535,100,0,1
2025.09.21,21:11:44,-0.3097989394470605,-0.2564860928170341,-0.37932637140377085,-0.3756636400374394,100,0,1
2025.09.21,21:12:44,-0.27092472276456414,-0.2042567702239635,-0.3106026569961867,-0.21951937275295427,100,0,1
2025.09.21,21:13:44,-0.31851023466669076,-0.2960608796679678,-0.33160390066132206,-0.31728360706014386,100,0,1
2025.09.21,21:14:44,-0.3915253410245901,-0.3572769980237917,-0.4117190850991051,-0.3716865319429757,100,0,1
2025.09.21,21:15:44,-0.3902136991248,-0.35803122090822803,-0.43420251403522386,-0.39048597311236805,100,0,1
2025.09.21,21:16:44,-0.393321820213755,-0.37020181147907893,-0.45303113795535765,-0.41042570335055756,100,0,1
2025.09.21,21:17:44,-0.4484077062231874,-0.36628696942408046,-0.5205148739815679,-0.4180664871356258,100,0,1
2025.09.21,21:18:44,-0.4330068321730459,-0.39633911309607006,-0.47830928881468565,-0.44997992745584015,100,0,1
2025.09.21,21:19:44,-0.35340456318573077,-0.3178460149998673,-0.379180410936521,-0.33904686868702405,100,0,1
2025.09.21,21:20:44,-0.36409681832526897,-0.2858242752681715,-0.4565988272813064,-0.37652734652695974,100,0,1
2025.09.21,21:21:44,-0.3412805684360971,-0.2612881578911167,-0.357117655488316,-0.2944253664817546,100,0,1
2025.09.21,21:22:44,-0.30323035053859554,-0.26401349688107745,-0.36657571782012466,-0.3237030434290685,100,0,1
2025.09.21,21:23:44,-0.3262032849306413,-0.3163446501182244,-0.3812024383033235,-0.38055138264945104,100,0,1
2025.09.21,21:24:44,-0.2511414331036619,-0.18203937752657678,-0.28152423294826495,-0.20704031001122453,100,0,1
2025.09.21,21:25:44,-0.24116099313328906,-0.17567730583262173,-0.25421715638051035,-0.2413423231408736,100,0,1
2025.09.21,21:26:44,-0.19023337729649567,-0.1487201637478061,-0.24770604350279973,-0.1647051836940885,100,0,1
2025.09.21,21:27:44,-0.19923125704477554,-0.13099733182500647,-0.2820906646065341,-0.1879311317264437,100,0,1
2025.09.21,21:28:44,-0.1528063536187858,-0.05638773284044138,-0.19935040879863375,-0.06576518197725503,100,0,1
2025.09.21,21:29:44,-0.14609118780515595,-0.07235900502435694,-0.20818860455181853,-0.0987235936228666,100,0,1
2025.09.21,21:30:44,-0.12764306992639035,-0.07110320031660738,-0.22972343614973845,-0.15575005938819123,100,0,1
2025.09.21,21:31:44,-0.17419009794301718,-0.1454228996360096,-0.2568700958583844,-0.21560339679739454,100,0,1
2025.09.21,21:32:44,-0.18278176703341587,-0.16237628283529423,-0.23848593030350013,-0.19917833084225262,100,0,1
2025.09.21,21:33:44,-0.16377880754707425,-0.11125756026173156,-0.21160823324176384,-0.1463888173933659,100,0,1
2025.09.21,21:34:44,-0.15474456206184192,-0.10815580216319313,-0.19103108742914682,-0.1358774618655218,100,0,1
2025.09.21,21:35:44,-0.12060808039199201,-0.07121765146151479,-0.17349592610236625,-0.11017155235199017,100,0,1
2025.09.21,21:36:44,-0.06981174020061243,0.0026103092373815917,-0.11795528728917001,-0.11766137165203067,100,0,1
2025.09.21,21:37:44,-0.10772781219658169,-0.07612564612789238,-0.16234652054110182,-0.08317562904370028,100,0,1
2025.09.21,21:38:44,-0.1696650111328531,-0.11396298369468691,-0.20860020960830433,-0.1505973282802827,100,0,1
2025.09.21,21:39:44,-0.17768966357012103,-0.13221350350123745,-0.23281967551969654,-0.20080956360622293,100,0,1
2025.09.21,21:40:44,-0.12287853109454168,-0.08049676182002691,-0.19117162624056427,-0.18506170405083852,100,0,1
2025.09.21,21:41:44,-0.03573668918521714,0.003011121354960865,-0.11104084496875827,-0.021881220227206608,100,0,1
2025.09.21,21:42:44,-0.02850112509668029,0.026829132262211675,-0.09164990349026636,-0.027172367414123808,100,0,1
2025.09.21,21:43:44,-0.024174217498597377,0.013774091056427469,-0.08858078892155657,0.013725280888920569,100,0,1
2025.09.21,21:44:44,-0.02866572589563646,0.01769305773175053,-0.06419543819030489,-0.0341680131217824,100,0,1
2025.09.21,21:45:44,0.04482958805761957,0.06494986801098804,-0.017899812276651307,-0.0016376818046425247,100,0,1
2025.09.21,21:46:44,0.03746241710762044,0.06724101476777082,-0.004669138645587802,0.038327330680771515,100,0,1
2025.09.21,21:47:44,0.01866215346318545,0.05626275841339269,-0.01910474872073622,-0.014295974687301226,100,0,1
2025.09.21,21:48:44,-0.02235999383791235,0.002945488971736042,-0.08399688518447711,-0.03182008224086353,100,0,1
2025.09.21,21:49:44,-0.024547427186786066,0.014113027676162817,-0.05350703593115852,0.003125761538814581,100,0,1
2025.09.21,21:50:44,-0.056335311217479755,0.013096720497166772,-0.0806060196825728,-0.04771527992270168,100,0,1
2025.09.21,21:51:44,-0.07346702794245161,-0.02844478077183992,-0.12078942529082576,-0.10522019936693155,100,0,1
2025.09.21,21:52:44,-0.09538413410003023,-0.06381961716073077,-0.17024981890204688,-0.1298457309801827,100,0,1
2025.09.21,21:53:44,-0.07607089262877424,-0.057348488991183603,-0.11738561546289347,-0.09125078387041875,100,0,1
2025.09.21,21:54:44,-0.029956795340939035,0.03184798711716238,-0.059642668928306025,-0.011723080704312196,100,0,1
2025.09.21,21:55:44,-0.07191461386806035,0.0021258061219770336,-0.11936029690688821,-0.03228417359507657,100,0,1
2025.09.21,21:56:44,-0.08411914147136548,-0.024391992723581377,-0.14390709182323932,-0.1183527748617618,100,0,1
2025.09.21,21:57:44,-0.17790549040445516,-0.10327337103816363,-0.23127336431110782,-0.212726338824242,100,0,1
2025.09.21,21:58:44,-0.09859794424225116,-0.040278376262180254,-0.15733423553680703,-0.13234915277037532,100,0,1
2025.09.21,21:59:44,-0.08417130282981322,-0.00013641392199929825,-0.13000523989611407,-0.0028217409807133886,100,0,1
2025.09.21,22:00:44,-0.04437930413880245,-0.006787270107802459,-0.08656898607148741,-0.06503718668159525,100,0,1
2025.09.21,22:01:44,0.0036642638137139283,0.0555882428066595,-0.03120618513549132,-0.005014691155958151,100,0,1
2025.09.21,22:02:44,-0.0003543499480388986,0.08017691796973908,-0.05596365668175653,0.001300420749907702,100,0,1
2025.09.21,22:03:44,-0.011929789891840022,0.055063035027514855,-0.05010151938069872,-0.04798793852310738,100,0,1
2025.09.21,22:04:44,-0.01798590774728345,-0.004516769543913255,-0.05786085031339856,-0.03377091637279922,100,0,1
2025.09.21,22:05:44,0.012875121272040744,0.059342200484973545,0.012399996976145623,0.04632899982208649,100,0,1
2025.09.21,22:06:44,-0.035480165067330864,-0.01893558400104274,-0.0789153077586555,-0.03123869053475062,100,0,1
2025.09.21,22:07:44,-0.19893061773435639,-0.16414297146519904,-0.237576163796137,-0.23004032423905568,100,0,1
2025.09.21,22:08:44,-0.27078969872436853,-0.21312251041734548,-0.33393949982775567,-0.28264292019249015,100,0,1
2025.09.21,22:09:44,-0.33687915467550134,-0.280539220700479,-0.3801742271747284,-0.3267417588381686,100,0,1
2025.09.21,22:10:44,-0.3068333239867966,-0.26260461378292843,-0.3495460902444576,-0.3176312087510224,100,0,1
2025.09.21,22:11:44,-0.27105095168969745,-0.25759941337661535,-0.34552278194509517,-0.2828882228970125,100,0,1
2025.09.21,22:12:44,-0.2761262161879168,-0.22519929429552865,-0.3285372643820118,-0.22799794924229372,100,0,1
2025.09.21,22:13:44,-0.33364926314977084,-0.27494423773667176,-0.3818795881014607,-0.3018494901377198,100,0,1
2025.09.21,22:14:44,-0.35229398464796896,-0.3165929835193374,-0.39941522493445647,-0.3199382831640122,100,0,1
2025.09.21,22:15:44,-0.42549086980716977,-0.36180251570448985,-0.45353237339591124,-0.38026879080882114,100,0,1
2025.09.21,22:16:44,-0.36905031938725924,-0.32278992600151246,-0.39815878425027296,-0.391462219341193,100,0,1
2025.09.21,22:17:44,-0.32718603865735785,-0.2766232044029821,-0.38870060994196726,-0.35780067542753696,100,0,1
2025.09.21,22:18:44,-0.2717973563530949,-0.19990567600820403,-0.3467161021040978,-0.32740225781598237,100,0,1
2025.09.21,22:19:44,-0.27553585121117435,-0.21525689327101563,-0.30822524001358104,-0.24579588857033324,100,0,1
2025.09.21,22:20:44,-0.2570828906394189,-0.22136165786077755,-0.34725885030649584,-0.2820878600516682,100,0,1
2025.09.21,22:21:44,-0.2395141669374028,-0.2058489813645416,-0.2718432907928579,-0.23297511204827276,100,0,1
2025.09.21,22:22:44,-0.23411880050341463,-0.1744203623226253,-0.2455471383356709,-0.23373184614826187,100,0,1
2025.09.21,22:23:44,-0.2577906483266379,-0.22074680059217924,-0.32462924098007045,-0.25714554595666445,100,0,1
2025.09.21,22:24:44,-0.25382079891510484,-0.19563433436632774,-0.3121360883207764,-0.21654066979140543,100,0,1
2025.09.21,22:25:44,-0.2278838177124335,-0.15531954088785094,-0.2643697690344053,-0.24644001566769205,100,0,1
2025.09.21,22:26:44,-0.23356207396315087,-0.17833445987097393,-0.27437428747380355,-0.2115582367894475,100,0,1
2025.09.21,22:27:44,-0.19314251803701288,-0.13059051134885757,-0.24218609855013878,-0.1380423456773685,100,0,1
2025.09.21,22:28:44,-0.16692218377955576,-0.14159891845089187,-0.22596844883884948,-0.18640659942445528,100,0,1
2025.09.21,22:29:44,-0.21659015552619762,-0.15771288891171792,-0.2712742686817321,-0.22443182758683367,100,0,1
2025.09.21,22:30:44,-0.18017950439503358,-0.1462442755988406,-0.21779156754332632,-0.18531204543937338,100,0,1
2025.09.21,22:31:44,-0.2212456866567545,-0.16420422807272186,-0.23566589677966354,-0.2169512756754778,100,0,1
2025.09.21,22:32:44,-0.20439724772993745,-0.19072152236645318,-0.26295386849245367,-0.25736804372906696,100,0,1
2025.09.21,22:33:44,-0.280262888880391,-0.21964906228248246,-0.33987678007242117,-0.23184060858124317,100,0,1
2025.09.21,22:34:44,-0.29025635627366747,-0.2530510070844054,-0.35202865407506095,-0.3494793544827883,100,0,1
2025.09.21,22:35:44,-0.2259351840243713,-0.21388139860490227,-0.2691025057719061,-0.2156969634531554,100,0,1
2025.09.21,22:36:44,-0.23760386021680505,-0.16262871319199693,-0.25298114980023373,-0.2211552683625302,100,0,1
2025.09.21,22:37:44,-0.15780970552438056,-0.10741272757754912,-0.21352355989767052,-0.11799430477075687,100,0,1
2025.09.21,22:38:44,-0.09303693649202253,-0.029173310176578607,-0.13065942286854254,-0.10484727099172389,100,0,1
2025.09.21,22:39:44,-0.04595790927665373,-0.031191397147696025,-0.09122074230308172,-0.04045780546460277,100,0,1
2025.09.21,22:40:44,-0.09212548550651213,-0.03920044037259555,-0.15707591558521605,-0.10391043762643506,100,0,1
2025.09.21,22:41:44,-0.0403983394178111,0.005122611904614834,-0.07170736250486534,-0.05523569746251288,100,0,1
2025.09.21,22:42:44,0.02233761621228674,0.06252203070786656,-0.04421627047566363,0.03687285187006407,100,0,1
2025.09.21,22:43:44,0.06832964331670169,0.1092415953432052,0.02076162442245702,0.07457093476197457,100,0,1
2025.09.21,22:44:44,0.07550169262426681,0.11847035068365565,0.022297867899014154,0.11292808301948855,100,0,1
2025.09.21,22:45:44,0.04815631272939199,0.08150197193208478,0.01142472311977586,0.038086654197073536,100,0,1
2025.09.21,22:46:44,0.035852259400440165,0.03634832831977011,-0.0262267625966707,0.023428384810173543,100,0,1
2025.09.21,22:47:44,0.0891046862776631,0.1567858640682262,0.0061302780722659045,0.08660809233131625,100,0,1
2025.09.21,22:48:44,0.10553500955987291,0.1521126985672795,0.03635768009769838,0.1297685562397147,100,0,1
2025.09.21,22:49:44,0.0017716874781925109,0.02725640315203222,-0.01020630049241469,0.005168414861612928,100,0,1
2025.09.21,22:50:44,0.034888639121213795,0.11087398237175669,-0.003954171105409729,0.051566823971364084,100,0,1
2025.09.21,22:51:44,0.03127087123820961,0.03416307596755708,-0.049276123967071345,-0.020149985965622882,100,0,1
2025.09.21,22:52:44,-0.014928120670296212,-0.012134430728137817,-0.05999863420002521,-0.0321050108035518,100,0,1
2025.09.21,22:53:44,-0.10804987270670871,-0.05099938312040117,-0.1805124409203132,-0.07012982219265605,100,0,1
2025.09.21,22:54:44,-0.04602250575207381,0.019815489359009994,-0.08055151437246835,-0.013634833792530957,100,0,1
2025.09.21,22:55:44,-0.1466985921888003,-0.12486933466078673,-0.20075763118967543,-0.17973531768117068,100,0,1
2025.09.21,22:56:44,-0.15575215845082482,-0.12287802679225256,-0.1910814016247223,-0.1854254951211017,100,0,1
2025.09.21,22:57:44,-0.1566007875705284,-0.10154761486614777,-0.25402835387431333,-0.23902800874909566,100,0,1
2025.09.21,22:58:44,-0.18524827225294607,-0.11856546021969792,-0.21636810215233315,-0.14049549610782008,100,0,1
2025.09.21,22:59:44,-0.13632673815634472,-0.10135657843551077,-0.22873887884010757,-0.12496114475940302,100,0,1
2025.09.21,23:00:44,-0.1235804641325064,-0.07758185131689298,-0.17745598104728247,-0.13587728466990767,100,0,1
2025.09.21,23:01:44,-0.16960620616356512,-0.1289210341071935,-0.21117286295824356,-0.19566551242142383,100,0,1
2025.09.21,23:02:44,-0.2366431028352059,-0.15912849864682554,-0.25721831041737403,-0.16235005946615017,100,0,1
2025.09.21,23:03:44,-0.20688235946921332,-0.1587099801326401,-0.25377826194296965,-0.16780786819629895,100,0,1
2025.09.21,23:04:44,-0.12766257442817772,-0.06220921316479734,-0.1814473549599177,-0.16502568757364788,100,0,1
2025.09.21,23:05:44,-0.10604333741511052,-0.040980024240053134,-0.15035590067167998,-0.08055163831616942,100,0,1
2025.09.21,23:06:44,-0.10288891485187836,-0.042757303591850995,-0.15249047738781796,-0.1022040936925252,100,0,1
2025.09.21,23:07:44,-0.08796165489169787,-0.05653045025579864,-0.10921767138690387,-0.08204728866428529,100,0,1
2025.09.21,23:08:44,-0.052468339517651424,0.021063553779023636,-0.10818522004140324,-0.0826283584247506,100,0,1
2025.09.21,23:09:44,-0.02007772600346383,0.020227352041316336,-0.07218622988546135,-0.04199954489435925,100,0,1
2025.09.21,23:10:44,0.03858108946680491,0.12696448929365448,-0.0004068435395611081,0.061533672186225304,100,0,1
2025.09.21,23:11:44,0.05379210286467921,0.10706275282839493,0.01737284951291016,0.03191051786196527,100,0,1
2025.09.21,23:12:44,0.13826809634066023,0.20898344801548513,0.1144376338533971,0.18619110281845158,100,0,1
2025.09.21,23:13:44,0.07912265226370098,0.11991668162104707,-0.011520659006511808,0.01908022073813805,100,0,1
2025.09.21,23:14:44,0.0921409000501068,0.13736248932590994,0.06043302445044221,0.07202846390930107,100,0,1
2025.09.21,23:15:44,0.12404590576204913,0.19820482871446732,0.07397147099996557,0.19474422101661323,100,0,1
2025.09.21,23:16:44,0.06123645529138069,0.11035463888660277,0.011450286554112274,0.06032738927277374,100,0,1
2025.09.21,23:17:44,0.019222177792975956,0.04729512925368433,-0.026727812811849633,0.040841245652825084,100,0,1
2025.09.21,23:18:44,-0.03203368488325063,0.015061752912399591,-0.06593163451687956,-0.012496266565260303,100,0,1
2025.09.21,23:19:44,-0.10883022939145652,-0.06893904877260479,-0.13861867923960391,-0.12368733828828292,100,0,1
2025.09.21,23:20:44,-0.1277959018410968,-0.07199444793619007,-0.20203728884333677,-0.12836639935215957,100,0,1
2025.09.21,23:21:44,-0.18143258238024476,-0.13338484095146655,-0.21759357982669764,-0.21621605406243002,100,0,1
2025.09.21,23:22:44,-0.2493582723776248,-0.1819480230249147,-0.2550565669152517,-0.23473315346929294,100,0,1
2025.09.21,23:23:44,-0.19975249271986886,-0.12099301242859424,-0.24194126063508026,-0.1531537513463742,100,0,1
2025.09.21,23:24:44,-0.19225923201614886,-0.14053810357459168,-0.23932401749547633,-0.20304940800935795,100,0,1
2025.09.21,23:25:44,-0.19443832068819825,-0.11822968055539143,-0.2597981603721396,-0.14101695743706288,100,0,1
2025.09.21,23:26:44,-0.13577505082568006,-0.06490477781124737,-0.18530339833404938,-0.10253805058686812,100,0,1
2025.09.21,23:27:44,-0.15535341908769393,-0.08584620589455919,-0.19821971076531247,-0.09887335909162226,100,0,1
2025.09.21,23:28:44,-0.14222285555458827,-0.08673994716087896,-0.18859375944981224,-0.11177423807965954,100,0,1
2025.09.21,23:29:44,-0.09950367382566112,-0.06062899010599523,-0.13025535050303497,-0.11544770898599165,100,0,1
2025.09.21,23:30:44,-0.1377189572036288,-0.10067000646417952,-0.16125429232399324,-0.13595166224061006,100,0,1
2025.09.21,23:31:44,-0.12153662324446926,-0.048621777532755,-0.1654560903092135,-0.11685626096204699,100,0,1
2025.09.21,23:32:44,-0.13285018853181146,-0.0959259204708207,-0.2055605794796335,-0.18773656737733507,100,0,1
2025.09.21,23:33:44,-0.13172795561998088,-0.1128769056154523,-0.17627467594718788,-0.12759099068093005,100,0,1
2025.09.21,23:34:44,-0.14071684305725665,-0.07552930697885009,-0.1981193032225317,-0.17797288681932685,100,0,1
2025.09.21,23:35:44,-0.17537319664699225,-0.12030087461231911,-0.2328465270183928,-0.16845045938180395,100,0,1
2025.09.21,23:36:44,-0.16654217122264872,-0.11719647993249485,-0.19060138195465576,-0.14013018856169038,100,0,1
2025.09.21,23:37:44,-0.21625151544736146,-0.16025712898766747,-0.26668177067232546,-0.1893695893207794,100,0,1
2025.09.21,23:38:44,-0.16053781191612868,-0.13732522593880025,-0.2270984752946913,-0.16513252513175086,100,0,1
2025.09.21,23:39:44,-0.22502860001170638,-0.19124961952233807,-0.2753160898606856,-0.1934563678082199,100,0,1
2025.09.21,23:40:44,-0.20795190599972246,-0.19057189661564586,-0.24585140548417422,-0.23910372329413798,100,0,1
2025.09.21,23:41:44,-0.2542448388720196,-0.21215807606928905,-0.3393995215924705,-0.22549202644153526,100,0,1
2025.09.21,23:42:44,-0.14564265014592115,-0.14340555143751174,-0.1954702132596882,-0.1621152462863123,100,0,1
2025.09.21,23:43:44,-0.20362817772533554,-0.13826181728710712,-0.27842928657087973,-0.27813326883034184,100,0,1
2025.09.21,23:44:44,-0.19093660902629184,-0.15216406859796205,-0.22950556654272347,-0.19029497193206008,100,0,1
2025.09.21,23:45:44,-0.22148736381397977,-0.15492896483461072,-0.26873166393101516,-0.21919420804825934,100,0,1
2025.09.21,23:46:44,-0.1703970739106065,-0.10538399248156803,-0.21065819426854202,-0.1188640185602462,100,0,1
2025.09.21,23:47:44,-0.2021221505078553,-0.14574229068124267,-0.28526248132493714,-0.22232625960473107,100,0,1
2025.09.21,23:48:44,-0.16310493255297154,-0.0975959837934668,-0.21663892710746657,-0.16773384106339825,100,0,1
2025.09.21,23:49:44,-0.09874548392834194,-0.06269639983451455,-0.13765446390750283,-0.11846635144309874,100,0,1
2025.09.21,23:50:44,-0.08118606640588766,-0.0030712194922043745,-0.0974602988584883,-0.05352346388521928,100,0,1
2025.09.21,23:51:44,-0.07427639351374266,0.004868798618085701,-0.11819378240847384,-0.11535760561316791,100,0,1
2025.09.21,23:52:44,-0.051963349188885295,-0.03173655068947377,-0.12768557982731998,-0.04004492724305675,100,0,1
2025.09.21,23:53:44,-0.1190654712410211,-0.08191775104401387,-0.16725435525402568,-0.16272004458105524,100,0,1
2025.09.21,23:54:44,-0.04121914346510047,-0.012872765171258696,-0.08378848577044659,-0.022251447014087482,100,0,1
2025.09.21,23:55:44,-0.1053613185660409,-0.06233666516416617,-0.16254487204870294,-0.11649469091362198,100,0,1
2025.09.21,23:56:44,-0.1342672035320595,-0.0749648762037052,-0.18101662646125255,-0.15367417076344883,100,0,1
2025.09.21,23:57:44,-0.13749394445645471,-0.08596144302295947,-0.19434576052682756,-0.18509211385779742,100,0,1
2025.09.21,23:58:44,-0.14732776296466255,-0.09514568091484557,-0.2267034675448539,-0.1335092268479923,100,0,1
2025.09.21,23:59:44,-0.19758072201781357,-0.12851606470673027,-0.23158222393020525,-0.13883886032104187,100,0,1
2025.09.22,00:00:44,-0.2229978783115765,-0.19411707922225263,-0.24306740971541085,-0.2329985024134652,100,0,1
2025.09.22,00:01:44,-0.22543504380740734,-0.18872240152021888,-0.2829470227443883,-0.1977571022708029,100,0,1
2025.09.22,00:02:44,-0.25221465302376717,-0.20574818276709228,-0.2706056468913268,-0.20933168746056774,100,0,1
2025.09.22,00:03:44,-0.17822419859542984,-0.09672427446852536,-0.24203704323949587,-0.19954497501994795,100,0,1
2025.09.22,00:04:44,-0.13991154404107198,-0.07662015116773077,-0.18703912029897113,-0.18401825980655556,100,0,1
2025.09.22,00:05:44,-0.08355689922991126,-0.05706629810503652,-0.08919292817841183,-0.06546799019223484,100,0,1
2025.09.22,00:06:44,-0.04235052420329333,0.016560949353866816,-0.08273471829088816,-0.04738423923730661,100,0,1
2025.09.22,00:07:44,0.010638396131248735,0.06388550448404107,-0.09411735428450718,-0.08964384839189381,100,0,1
2025.09.22,00:08:44,-0.015432790658919967,0.01960150634234769,-0.05890383495115684,-0.01052822100054545,100,0,1
2025.09.22,00:09:44,-0.002257889594248495,0.047718203165924296,-0.028390844586376363,0.044586262368991866,100,0,1
2025.09.22,00:10:44,0.045379997275681025,0.06503472753306068,0.017308621317155205,0.05609189488159974,100,0,1
2025.09.22,00:11:44,0.05882224737644995,0.10232685174077491,0.006817432553488427,0.024868128436526013,100,0,1
2025.09.22,00:12:44,0.10028782677011278,0.1505956527742397,0.01735709639049196,0.11145100496350278,100,0,1
2025.09.22,00:13:44,0.10906142276016943,0.18402031336242483,0.05573045535083324,0.1599931865906871,100,0,1
2025.09.22,00:14:44,0.04882632445441098,0.12635648152767684,0.009482512591967217,0.06951382197028325,100,0,1
2025.09.22,00:15:44,0.06243494358690392,0.11393684978048933,0.014177635523568245,0.06866993786168482,100,0,1
2025.09.22,00:16:44,0.09187431815337085,0.14118020414468893,-0.02137316091335019,0.0652762664935669,100,0,1
2025.09.22,00:17:44,0.16021876361685186,0.18047980661511778,0.13265837925412532,0.16358450500075497,100,0,1
2025.09.22,00:18:44,0.1551794806899306,0.21766552668706204,0.1386846966040455,0.1549878762920461,100,0,1
2025.09.22,00:19:44,0.17570499944527937,0.24536144956728437,0.1291484042954224,0.2239484490071308,100,0,1
2025.09.22,00:20:44,0.23814030253268456,0.2829837485700064,0.17903531708582898,0.20699412520963323,100,0,1
2025.09.22,00:21:44,0.21495799288007253,0.2655800599222507,0.1952052920154443,0.20166233342204362,100,0,1
2025.09.22,00:22:44,0.15593620461609045,0.2192064275742215,0.11271271192786234,0.17706363407125592,100,0,1
2025.09.22,00:23:44,0.1048776032669151,0.20164983630755803,0.04137400011356314,0.1800897925739623,100,0,1
2025.09.22,00:24:44,0.09715249818594593,0.16163383742210002,0.05843577367110187,0.07486941308754078,100,0,1
2025.09.22,00:25:44,0.1669221984329774,0.20761225441628156,0.1346644044412307,0.13631878590335175,100,0,1
2025.09.22,00:26:44,0.09796327861865792,0.18231862871368598,0.07393097382910874,0.14569795831369495,100,0,1
2025.09.22,00:27:44,0.1013609618549213,0.16556488320562485,0.014586523391684827,0.08294996428484207,100,0,1
2025.09.22,00:28:44,0.09489320501148842,0.1490216755963487,0.012640691582758323,0.06048707464877055,100,0,1
2025.09.22,00:29:44,-0.01977021061574201,0.010659976624295051,-0.09859521606383102,-0.058381387130546004,100,0,1
2025.09.22,00:30:44,0.019653249238963034,0.0370415601945133,-0.08610225509118247,-0.0766929195709932,100,0,1
2025.09.22,00:31:44,0.06875195376832519,0.10943676052928113,0.017438968507810897,0.10305322365749361,100,0,1
2025.09.22,00:32:44,0.06162482228512792,0.10775960878247384,0.022103455951868085,0.08629160280993078,100,0,1
2025.09.22,00:33:44,-0.04141857746974437,-0.017686264627247678,-0.12034584549769009,-0.08244447481756709,100,0,1
2025.09.22,00:34:44,-0.035902695641862326,-0.002416169679431465,-0.09943997124769768,-0.0426382454159867,100,0,1
2025.09.22,00:35:44,0.007494312833783772,0.010516887090334865,-0.054736984651725426,-0.05013681077721758,100,0,1
2025.09.22,00:36:44,0.050502173613215594,0.08271945811577006,0.0147606088390385,0.03354665647589854,100,0,1
2025.09.22,00:37:44,0.13961445409857304,0.1745443794497727,0.09572784149911652,0.13570287052924768,100,0,1
2025.09.22,00:38:44,0.09173146856964093,0.11767080153393783,0.048217931643839654,0.08937232072807451,100,0,1
2025.09.22,00:39:44,0.15844375789544082,0.19996872327725956,0.09787642661110627,0.14706496385887952,100,0,1
2025.09.22,00:40:44,0.20438563062509782,0.23899969168098562,0.17036359599714052,0.1728068312430118,100,0,1
2025.09.22,00:41:44,0.3407888190104773,0.3693018303589733,0.2808518916441171,0.2981445295875459,100,0,1
2025.09.22,00:42:44,0.4019908598781112,0.45675721773587497,0.3664102758155195,0.4500724355442375,100,0,1
2025.09.22,00:43:44,0.3424947347806285,0.4367780543376114,0.30794466141116333,0.37637430935986227,100,0,1
2025.09.22,00:44:44,0.458226369692879,0.5289554628275572,0.43673937064788504,0.48256835850556107,100,0,1
2025.09.22,00:45:44,0.45404293268392865,0.5234613647772388,0.38226535706246834,0.4679375578437752,100,0,1
2025.09.22,00:46:44,0.47196648739134106,0.5219027943083336,0.4053267810364695,0.46271629224194444,100,0,1
2025.09.22,00:47:44,0.49111089078098236,0.52834834837652,0.43338928167993784,0.46037567329657303,100,0,1
2025.09.22,00:48:44,0.48108380213459034,0.5514053355359536,0.44047306753664595,0.45632693867002283,100,0,1
2025.09.22,00:49:44,0.5855923079726947,0.6123895837076593,0.5644657708184129,0.5826506147146232,100,0,1
2025.09.22,00:50:44,0.5938147165075206,0.6113440961395887,0.5091379864788954,0.513673325178103,100,0,1
2025.09.22,00:51:44,0.5612343192549556,0.6093224209501981,0.4984215794468128,0.5044378563402597,100,0,1
2025.09.22,00:52:44,0.576113954271625,0.6302580269749848,0.5282582781543512,0.6068038613992799,100,0,1
2025.09.22,00:53:44,0.5652843636395825,0.6243085599558039,0.5418483797108788,0.547137113650385,100,0,1
2025.09.22,00:54:44,0.5250232610475956,0.5847013349864911,0.47542045825621637,0.5758290540862886,100,0,1
2025.09.22,00:55:44,0.42032306833749583,0.45411080631320067,0.3546639111364456,0.43325675468938496,100,0,1
2025.09.22,00:56:44,0.36773460109392536,0.3997699270835932,0.32300450051872637,0.3977082431932412,100,0,1
2025.09.22,00:57:44,0.3424177125300092,0.40933617814267803,0.27699452449559037,0.3631122334280387,100,0,1
2025.09.22,00:58:44,0.3882291033995336,0.4077121786680474,0.3766152496153261,0.3827198673517239,100,0,1
2025.09.22,00:59:44,0.3453382075930817,0.37837049097445785,0.2789945087756292,0.30320852404869203,100,0,1
2025.09.22,01:00:44,0.3125328526742444,0.3580702535664501,0.23310450190383297,0.2727770632404066,100,0,1
2025.09.22,01:01:44,0.28011165064454835,0.3661712086021952,0.2047484935568466,0.21185707856387434,100,0,1
2025.09.22,01:02:44,0.2515042209651408,0.2786299157719151,0.21585567611213058,0.25681568898980295,100,0,1
2025.09.22,01:03:44,0.25558026926673283,0.29471649588706267,0.20990410720359257,0.2845995844047774,100,0,1
2025.09.22,01:04:44,0.2855223031845998,0.34296629617937663,0.21599784396699062,0.3428932872780994,100,0,1
2025.09.22,01:05:44,0.30753441988383357,0.3704033416412847,0.23445190900337065,0.2752563495265117,100,0,1
2025.09.22,01:06:44,0.2761522353389424,0.32661212293726,0.24781214644796531,0.3065534538135517,100,0,1
2025.09.22,01:07:44,0.35224899145468913,0.3940106878456245,0.24391386793911796,0.32335891814365436,100,0,1
2025.09.22,01:08:44,0.42943812718126295,0.47227987677395933,0.3394132466461681,0.365141779525245,100,0,1
2025.09.22,01:09:44,0.4115976728070546,0.4629229093347785,0.380254743034805,0.4046168117743566,100,0,1
2025.09.22,01:10:44,0.47984741844786805,0.5189546242358128,0.405313040591272,0.4335902313615271,100,0,1
2025.09.22,01:11:44,0.40015441626619236,0.4558904593290821,0.3679629498044097,0.4354591528893015,100,0,1
2025.09.22,01:12:44,0.4112419839314306,0.4479149573237188,0.3536869745969589,0.37070186650178627,100,0,1
2025.09.22,01:13:44,0.4811977784316694,0.5481638276006704,0.4600009162545226,0.5059522807367601,100,0,1
2025.09.22,01:14:44,0.4274730151976755,0.4552899919752581,0.34813410745004386,0.4333387193773598,100,0,1
2025.09.22,01:15:44,0.4625857650773736,0.4749015999014845,0.4232896145869289,0.45035696152872684,100,0,1
2025.09.22,01:16:44,0.44039905702837673,0.4766617845702113,0.38414819736351796,0.3969738510009862,100,0,1
2025.09.22,01:17:44,0.49483521399343655,0.5536807660566693,0.45681435276056265,0.5330234871491268,100,0,1
2025.09.22,01:18:44,0.5336798731937915,0.5790478792636338,0.4753003697417002,0.5682475147964613,100,0,1
2025.09.22,01:19:44,0.5423346057614139,0.600381903193588,0.4869362510331733,0.5154313044847618,100,0,1
2025.09.22,01:20:44,0.549765974832539,0.5774538475474245,0.5121737452892909,0.5531377714010172,100,0,1
2025.09.22,01:21:44,0.4851518294332821,0.5551146118661008,0.43630129994697775,0.46612312129910033,100,0,1
2025.09.22,01:22:44,0.42809556001475335,0.46634403541643843,0.3870941062275123,0.45623980046398627,100,0,1
2025.09.22,01:23:44,0.5369318064219042,0.6164479461806686,0.48879065740664934,0.554225350504458,100,0,1
2025.09.22,01:24:44,0.5326299107290897,0.5635188294228672,0.4981434994471088,0.5047608931400799,100,0,1
2025.09.22,01:25:44,0.524483477172767,0.5758440814613692,0.504392524266392,0.5507161520015509,100,0,1
2025.09.22,01:26:44,0.5649595965583811,0.6321097405538101,0.5257202882945661,0.5761552602842397,100,0,1
2025.09.22,01:27:44,0.6279267894606928,0.6651799342505148,0.564104298142035,0.6293055034218038,100,0,1
2025.09.22,01:28:44,0.5949101182585834,0.6404640693115897,0.5529532420400065,0.5839520084621043,100,0,1
2025.09.22,01:29:44,0.5751905202384515,0.5977538145602721,0.5303712839519261,0.5370874456832823,100,0,1
2025.09.22,01:30:44,0.6409337341234473,0.703473444543246,0.6211115750850451,0.6487324123930462,100,0,1
2025.09.22,01:31:44,0.602262149973912,0.6445527931145418,0.5285611221564757,0.5979092744305066,100,0,1
2025.09.22,01:32:44,0.6190315053764441,0.6382170656348648,0.5431831942450772,0.5896643049923078,100,0,1
2025.09.22,01:33:44,0.6833660266747463,0.7454429495810871,0.6430177607294283,0.676414218140309,100,0,1
2025.09.22,01:34:44,0.7475150561344616,0.8341367884548875,0.687598062183677,0.6897910006014616,100,0,1
2025.09.22,01:35:44,0.7562002622876001,0.7743602516103792,0.7036797033245015,0.7592220186291708,100,0,1
2025.09.22,01:36:44,0.8173303117064714,0.8335892816718159,0.7741062862477529,0.8176261025633732,100,0,1
2025.09.22,01:37:44,0.7784294401183626,0.8271121217218088,0.7196396176323714,0.8104809236103748,100,0,1
2025.09.22,01:38:44,0.9132836121515149,1.0126217666279214,0.8590238295236261,0.8600894895043298,100,0,1
2025.09.22,01:39:44,0.9693552664178927,1.025064416657079,0.929622196734477,0.9671774311502435,100,0,1
2025.09.22,01:40:44,0.9722476896642748,1.0106805118477846,0.9211682265559835,0.9623193449468542,100,0,1
2025.09.22,01:41:44,0.9059831437927545,0.9287926886766183,0.9042638492051179,0.9254824603679531,100,0,1
2025.09.22,01:42:44,0.9850814947964258,1.0513822749009998,0.9240710307500005,0.989500494015452,100,0,1
2025.09.22,01:43:44,1.0619927178534767,1.1197965408570967,1.0462787034510301,1.0966946039848848,100,0,1
2025.09.22,01:44:44,1.0082738565216987,1.0911074287241325,0.9649799153279037,1.0855476089744416,100,0,1
2025.09.22,01:45:44,1.0028605316678252,1.0331221394375816,0.946667561192929,1.0118049398724969,100,0,1
2025.09.22,01:46:44,0.9994349987070492,1.0319198320864258,0.9834947978168688,1.002111659085765,100,0,1
2025.09.22,01:47:44,0.9794251315691771,1.0660204195197363,0.9139635443576073,1.0073283870716132,100,0,1
2025.09.22,01:48:44,0.9286912241332872,0.9602087798186709,0.8845501979949348,0.905595572372865,100,0,1
2025.09.22,01:49:44,0.8737632508904571,0.9457582060816409,0.800369647970954,0.940342842144115,100,0,1
2025.09.22,01:50:44,0.9196865147358595,0.9628274625212844,0.8659031404140397,0.8743305847267956,100,0,1
2025.09.22,01:51:44,0.8734409160144354,0.918644951565812,0.8294200015503133,0.8813146417087918,100,0,1
2025.09.22,01:52:44,0.8391879462443325,0.889618368371758,0.8273371600820489,0.8818312325328115,100,0,1
2025.09.22,01:53:44,0.8543009511764252,0.8804343386971986,0.7704262178455382,0.8247003896428369,100,0,1
2025.09.22,01:54:44,0.8425769769059902,0.8982203795536415,0.8225981471699657,0.8650166935910796,100,0,1
2025.09.22,01:55:44,0.8561101075164985,0.9100510126395919,0.8373754043888489,0.8691734311487438,100,0,1
2025.09.22,01:56:44,0.7421818413967839,0.8144413843511019,0.7294122655069707,0.7402774916862985,100,0,1
2025.09.22,01:57:44,0.7362063161351086,0.772543310962111,0.6964881392376738,0.7137186668768707,100,0,1
2025.09.22,01:58:44,0.8280784494896073,0.9109147504394417,0.7595711758985401,0.8665665025976466,100,0,1
2025.09.22,01:59:44,0.7920180127336082,0.87990162350645,0.7453929533251978,0.8780835657941646,100,0,1
2025.09.22,02:00:44,0.780504634026455,0.7848164471783673,0.7424997750676317,0.7698455150738034,100,0,1
2025.09.22,02:01:44,0.8414214561156587,0.8777072980127814,0.7984982273062408,0.8248237591788367,100,0,1
2025.09.22,02:02:44,0.7617792256300244,0.8089596156957467,0.7200544311545874,0.7344440999911321,100,0,1
2025.09.22,02:03:44,0.6839839237009195,0.7282641505224777,0.6642120465301977,0.7064474205698137,100,0,1
2025.09.22,02:04:44,0.6892250783058511,0.748164485808553,0.6413344622192416,0.6756807639902311,100,0,1
2025.09.22,02:05:44,0.6296129375179826,0.6324183502426792,0.5897306276243015,0.6092809345753217,100,0,1
2025.09.22,02:06:44,0.6829105171724951,0.730064257422401,0.6210147719207382,0.621972727046425,100,0,1
2025.09.22,02:07:44,0.6395186454857962,0.6864306399953752,0.5844365148885284,0.6125580976975926,100,0,1
2025.09.22,02:08:44,0.6549958918999486,0.7124693192482965,0.5797936806599574,0.6125235444652863,100,0,1
2025.09.22,02:09:44,0.6734512623483628,0.7532030632511716,0.6223147745365274,0.7106072531636678,100,0,1
2025.09.22,02:10:44,0.6618701473578094,0.6985856153634288,0.6115764741116321,0.6351966231881545,100,0,1
2025.09.22,02:11:44,0.6893791862601909,0.740613317553376,0.6579357836977522,0.7221892157018567,100,0,1
2025.09.22,02:12:44,0.701346736348337,0.7115954317164198,0.686741300661115,0.7000367216808464,100,0,1
2025.09.22,02:13:44,0.7114117148031688,0.7802392092864813,0.6488761679999842,0.7091732711244545,100,0,1
2025.09.22,02:14:44,0.7247135623264183,0.7719855578532594,0.6601808487571021,0.7555777101424608,100,0,1
2025.09.22,02:15:44,0.8206938294920827,0.8565970627153044,0.7804497885962747,0.834884549407312,100,0,1
2025.09.22,02:16:44,0.8751897318550119,0.9093130073026958,0.8044705059493491,0.8994195815059578,100,0,1
2025.09.22,02:17:44,0.8934998881684774,0.9332463162885691,0.8286701626049139,0.8558074671327622,100,0,1
2025.09.22,02:18:44,0.8884421200621453,0.9346897462255529,0.8187527930828613,0.8361441660274503,100,0,1
2025.09.22,02:19:44,0.9231254931931031,1.015530522930478,0.893427248458494,0.9653738976210982,100,0,1
2025.09.22,02:20:44,0.9655557176041989,1.0121887113822599,0.9402611374229247,0.9901066549342777,100,0,1
2025.09.22,02:21:44,0.9287750037761026,0.9855317567750135,0.8689499526298186,0.93542260521458,100,0,1
2025.09.22,02:22:44,0.9288316371159446,0.9503058915210763,0.8943461287702335,0.8946655941069077,100,0,1
2025.09.22,02:23:44,0.9077627728118974,0.9747943188775181,0.8609974312942613,0.9718051556211464,100,0,1
2025.09.22,02:24:44,0.8122118562222017,0.8460256273266025,0.7133754267188017,0.7301261746984475,100,0,1
2025.09.22,02:25:44,0.759032032053802,0.7803066105862444,0.7054076134167738,0.7355152969673455,100,0,1
2025.09.22,02:26:44,0.794606355727992,0.818986295323132,0.723092054944953,0.7507814075789523,100,0,1
2025.09.22,02:27:44,0.7851034173499228,0.8477138430594533,0.7275315230763515,0.7471409063880021,100,0,1
2025.09.22,02:28:44,0.7575474246333517,0.8226998035188287,0.6731159554364244,0.7739081550670759,100,0,1
2025.09.22,02:29:44,0.7616275488383379,0.7980128661882925,0.7246190999590365,0.7946220482164784,100,0,1
2025.09.22,02:30:44,0.7882093997776749,0.8566641712690075,0.7517225462677181,0.7896769875466266,100,0,1
2025.09.22,02:31:44,0.7540102009663404,0.7685506542654117,0.6707783318872033,0.7087311794393779,100,0,1
2025.09.22,02:32:44,0.8510905687657673,0.8736059636857479,0.8113217714606851,0.8376717548366259,100,0,1
2025.09.22,02:33:44,0.9143941039939896,0.9438122703519609,0.8363860430204387,0.8489661677551622,100,0,1
2025.09.22,02:34:44,0.8406332739662746,0.8614629090804561,0.800763323506029,0.8032029010957409,100,0,1
2025.09.22,02:35:44,0.8169759493347838,0.857543033477135,0.7778189425696439,0.8084741933899303,100,0,1
2025.09.22,02:36:44,0.8420121024331249,0.88844971225056,0.8120425863988278,0.842178587735507,100,0,1
2025.09.22,02:37:44,0.8225259622047413,0.8554282007533762,0.7985908975480133,0.8401822131967084,100,0,1
2025.09.22,02:38:44,0.7656842222818994,0.8366774409742119,0.7188799947640906,0.7940215096442576,100,0,1
2025.09.22,02:39:44,0.7450902548679692,0.7764536519577396,0.6901238583679437,0.7277858530817476,100,0,1
2025.09.22,02:40:44,0.7789455251407303,0.8220490929552177,0.6966881728358317,0.804025835819348,100,0,1
2025.09.22,02:41:44,0.708172901438005,0.7481930025863824,0.6627482126114645,0.6726270605757371,100,0,1
2025.09.22,02:42:44,0.6311944517084636,0.6984306268918891,0.5827064302441146,0.6593376224677961,100,0,1
2025.09.22,02:43:44,0.6483926476832311,0.6954866810202774,0.5955820620317387,0.5993690592141926,100,0,1
2025.09.22,02:44:44,0.6261079420873894,0.7064700061167014,0.5489743540542096,0.639387674526958,100,0,1
2025.09.22,02:45:44,0.6834032348998791,0.7390255414449095,0.6333404074645641,0.6729869128395737,100,0,1
2025.09.22,02:46:44,0.619185336803164,0.6754043473219395,0.593332508600255,0.6251575379777758,100,0,1
2025.09.22,02:47:44,0.5626878957028474,0.6520826184685252,0.5329323486153754,0.6368026873200376,100,0,1
2025.09.22,02:48:44,0.5551033337879602,0.649516902538247,0.48174825972012103,0.6265112174986237,100,0,1
2025.09.22,02:49:44,0.5321879836581326,0.5665926646705718,0.484237268519172,0.5135505137613545,100,0,1
2025.09.22,02:50:44,0.49304866385364765,0.528928131408208,0.4597188728416294,0.511212320350505,100,0,1
2025.09.22,02:51:44,0.5178507173163399,0.5858135904112115,0.47761036101091586,0.47980683717320016,100,0,1
2025.09.22,02:52:44,0.5161806741612326,0.5410493524624695,0.452873149929344,0.4844328293740368,100,0,1
2025.09.22,02:53:44,0.43344035877399256,0.48481604526743627,0.379992789096496,0.4742506540032301,100,0,1
2025.09.22,02:54:44,0.4628279383693868,0.5088908259226828,0.3714345607583265,0.48066954154033337,100,0,1
2025.09.22,02:55:44,0.5168727258773429,0.5268871555101574,0.5150969481373041,0.5195281567527777,100,0,1
2025.09.22,02:56:44,0.5299526087116726,0.5785227755543537,0.4931490964636839,0.5192887007010208,100,0,1
2025.09.22,02:57:44,0.5459041620364391,0.6035597008034905,0.529316880139783,0.5847322319781417,100,0,1
2025.09.22,02:58:44,0.5198073623799576,0.5721075559403257,0.4827951719626251,0.4862610464273402,100,0,1
2025.09.22,02:59:44,0.42257254268123534,0.485386529522744,0.38991210543371635,0.43897983381668676,100,0,1
2025.09.22,03:00:44,0.3604895856858839,0.37910187678574375,0.32580304155992545,0.32896341456283595,100,0,1
2025.09.22,03:01:44,0.29680074792893124,0.36086373898222274,0.2350396808576033,0.3273602851254842,100,0,1
2025.09.22,03:02:44,0.32422933525278064,0.3510855342607311,0.2739879674869806,0.3497786724431911,100,0,1
2025.09.22,03:03:44,0.31379189554079984,0.37476987566300884,0.2446466568368708,0.3739248260929672,100,0,1
2025.09.22,03:04:44,0.38310181272799754,0.4388828993407924,0.3484747711597515,0.35714879481060335,100,0,1
2025.09.22,03:05:44,0.46492856569934904,0.5039383490272721,0.4323978457769869,0.44093230282582024,100,0,1
2025.09.22,03:06:44,0.47595643732715404,0.4955181358621446,0.4688332624486574,0.4884108378828135,100,0,1
2025.09.22,03:07:44,0.5545586858938221,0.6250603023054776,0.49866229335507145,0.5245253293111344,100,0,1
2025.09.22,03:08:44,0.558270398812646,0.5978763110535861,0.4683590158853762,0.5404137561750101,100,0,1
2025.09.22,03:09:44,0.5755328546603937,0.6425111983038837,0.5409951943357694,0.6411676996060045,100,0,1
2025.09.22,03:10:44,0.6153527180282092,0.6601207433250152,0.5227517706433937,0.6334990518849567,100,0,1
2025.09.22,03:11:44,0.5964839058563185,0.6430677317448916,0.5056464359621873,0.5146587132426834,100,0,1
2025.09.22,03:12:44,0.7040173295795435,0.7533887811879054,0.6773016980502443,0.6886794603727894,100,0,1
2025.09.22,03:13:44,0.6937488605094012,0.7220474584992042,0.6566851350055568,0.6639917757899062,100,0,1
2025.09.22,03:14:44,0.7716440031959532,0.8361456204719069,0.7044247917189546,0.7356969433978013,100,0,1
2025.09.22,03:15:44,0.7397209000968218,0.7423292951108693,0.7067186736048386,0.7138467882479237,100,0,1
2025.09.22,03:16:44,0.7534826603796276,0.8369768982609244,0.6801001007730382,0.7948211482514608,100,0,1
2025.09.22,03:17:44,0.7911131579810947,0.8438612446803768,0.7674673077993868,0.8187121668464037,100,0,1
2025.09.22,03:18:44,0.8617812258335229,0.9019270841716592,0.8017699624479827,0.868073438574503,100,0,1
2025.09.22,03:19:44,0.8703249451499772,0.9116288245897834,0.8071535456892233,0.8414611178527613,100,0,1
2025.09.22,03:20:44,0.8490734821426598,0.8901117595082866,0.7816560394120949,0.7897122056499021,100,0,1
2025.09.22,03:21:44,0.8830303726382794,0.9585392621536372,0.8202879751674487,0.9579057809115106,100,0,1
2025.09.22,03:22:44,0.951900312196507,1.0291992335247455,0.9303193596050038,1.01928799721674,100,0,1
2025.09.22,03:23:44,0.9983538086438579,1.0296241260931893,0.9315714394930498,1.006103452158502,100,0,1
2025.09.22,03:24:44,1.0351107505157722,1.0868679920019113,0.9651783276149067,1.0449699425097287,100,0,1
2025.09.22,03:25:44,0.9780315673319705,1.0505367804006718,0.9233527790762375,1.0017463344973012,100,0,1
2025.09.22,03:26:44,0.9982698098654846,1.0510237295769607,0.9812003379458326,0.9909917135467123,100,0,1
2025.09.22,03:27:44,1.136981894155406,1.1852751220337523,1.0636871540879198,1.165289671905346,100,0,1
2025.09.22,03:28:44,1.115888323097472,1.166383994007578,1.039738347068525,1.126321886579813,100,0,1
2025.09.22,03:29:44,1.2223227515485808,1.270990494470807,1.1833558301022604,1.2644188042507718,100,0,1
2025.09.22,03:30:44,1.1876992029361417,1.2091051544318372,1.1384216412558805,1.202362556054111,100,0,1
2025.09.22,03:31:44,1.162509145309999,1.2270044167418037,1.1141564093179237,1.128411377807217,100,0,1
2025.09.22,03:32:44,1.0629953997286423,1.1107932228611224,0.9876020967431802,1.063799491446525,100,0,1
2025.09.22,03:33:44,1.0862161387983442,1.1240111220660458,1.045432171687411,1.0874857456213025,100,0,1
2025.09.22,03:34:44,1.1381080552759848,1.179773867335812,1.079701032975769,1.1330725424195023,100,0,1
2025.09.22,03:35:44,1.0788360922587654,1.1409281362301538,1.0777268713380614,1.125639391708696,100,0,1
2025.09.22,03:36:44,1.154993767724307,1.229706681583961,1.1228835090926035,1.1789757248511041,100,0,1
2025.09.22,03:37:44,1.2047065607986385,1.2587836913142643,1.1870058972498938,1.2195482202892123,100,0,1
2025.09.22,03:38:44,1.2163049365583125,1.2426901798560177,1.1735791509393625,1.2369838973262044,100,0,1
2025.09.22,03:39:44,1.249239484441884,1.3093989568920303,1.1569247705259689,1.176274795408341,100,0,1
2025.09.22,03:40:44,1.361531934382878,1.4278259155017172,1.3191653305317188,1.4108918950867606,100,0,1
2025.09.22,03:41:44,1.346645665318132,1.3829813300489906,1.3120587064127527,1.3351140154484102,100,0,1
2025.09.22,03:42:44,1.332836347507581,1.3898366945972798,1.2840780010211712,1.3589185604024578,100,0,1
2025.09.22,03:43:44,1.2977061207677385,1.3480420986492863,1.2080783554913497,1.2275261257700327,100,0,1
2025.09.22,03:44:44,1.3017036454430637,1.3603208069294996,1.270910517136338,1.3348072723842004,100,0,1
2025.09.22,03:45:44,1.3521155564768923,1.4048913307859936,1.293453849738105,1.316794072288891,100,0,1
2025.09.22,03:46:44,1.45442652948016,1.4796161003150352,1.4312963191828194,1.4685426168311364,100,0,1
2025.09.22,03:47:44,1.5128783193927295,1.5809411495556651,1.4655598863093977,1.5141860766938569,100,0,1
2025.09.22,03:48:44,1.4783498203114607,1.5203404544735317,1.4252525991836462,1.500014395650687,100,0,1
2025.09.22,03:49:44,1.5480841181694287,1.5611330488124273,1.4875357570827419,1.5234238948323404,100,0,1
2025.09.22,03:50:44,1.6505665287972875,1.6725889165799697,1.553190356912912,1.621078925037566,100,0,1
2025.09.22,03:51:44,1.5977570144951712,1.6501131291032367,1.512450328102935,1.5841837452291951,100,0,1
2025.09.22,03:52:44,1.5637205110503751,1.5763654576782227,1.5013776572484625,1.5212193541208494,100,0,1
2025.09.22,03:53:44,1.5915277105413452,1.6435654932399202,1.5447584406231607,1.6430990760743902,100,0,1
2025.09.22,03:54:44,1.6089586623986283,1.6779490728119377,1.5556978609964227,1.6375089377015146,100,0,1
2025.09.22,03:55:44,1.5555594609498087,1.5984435630050828,1.468810409280697,1.4965004732334666,100,0,1
2025.09.22,03:56:44,1.5203598104808882,1.5623536883836215,1.4933885140729064,1.5261051210262107,100,0,1
2025.09.22,03:57:44,1.5426004369543043,1.5982444605520643,1.472426942442403,1.5820234091630867,100,0,1
2025.09.22,03:58:44,1.4767194578787157,1.5470195116245737,1.4055888936555083,1.5142891041899267,100,0,1
2025.09.22,03:59:44,1.3739426199871672,1.4292611888548161,1.3371202822603225,1.4238793811242887,100,0,1
2025.09.22,04:00:44,1.3416254995769783,1.4140250767697014,1.3144306597615683,1.3838554907825518,100,0,1
2025.09.22,04:01:44,1.3819055228032335,1.4340377141727716,1.3582909256888982,1.3606893677291216,100,0,1
2025.09.22,04:02:44,1.446642965432602,1.4880598812377295,1.381042794536951,1.4136555668476063,100,0,1
2025.09.22,04:03:44,1.5232374071415724,1.6095887874227488,1.4725025109786447,1.515691063189912,100,0,1
2025.09.22,04:04:44,1.5477613796379335,1.6074863571351004,1.5191169350327558,1.5887167284615613,100,0,1
2025.09.22,04:05:44,1.507382211060105,1.5629657996590458,1.4279280433095567,1.4960656527419451,100,0,1
2025.09.22,04:06:44,1.560150962813657,1.605496367966779,1.5063285190189801,1.512649401256879,100,0,1
2025.09.22,04:07:44,1.5497404979441771,1.6331087181818869,1.4801763959540575,1.5162935483211908,100,0,1
2025.09.22,04:08:44,1.5793232675569457,1.6396694379829726,1.5225354684983663,1.5530653114111252,100,0,1
2025.09.22,04:09:44,1.5561360714498989,1.588198429310624,1.492245287805662,1.585186672356323,100,0,1
2025.09.22,04:10:44,1.6026780139863612,1.6489024885571553,1.537542941073258,1.5709095826253696,100,0,1
2025.09.22,04:11:44,1.5669429887289403,1.6509393588457761,1.5220134050305738,1.6058828121864357,100,0,1
2025.09.22,04:12:44,1.4848559100060261,1.557450772462685,1.4339333108579384,1.529945800577616,100,0,1
2025.09.22,04:13:44,1.5063715809398772,1.5759760779968235,1.4757438323236833,1.5366907727091423,100,0,1
2025.09.22,04:14:44,1.5938419816666474,1.6225090928824835,1.5222665933765642,1.5406041497220389,100,0,1
2025.09.22,04:15:44,1.6232958178672134,1.682243349119692,1.5742445258360591,1.6618475523736709,100,0,1
2025.09.22,04:16:44,1.6347800032864437,1.695290287811308,1.5749221270812626,1.6196934909973373,100,0,1
2025.09.22,04:17:44,1.603515862210262,1.6464089019615575,1.5596906908590233,1.6061403888999473,100,0,1
2025.09.22,04:18:44,1.5997171407979927,1.6610610731740845,1.5287961318283088,1.6559435118948092,100,0,1
2025.09.22,04:19:44,1.591163768646665,1.6715577111606643,1.5403126366067221,1.5444152373894091,100,0,1
2025.09.22,04:20:44,1.6263285669655376,1.6924939799190382,1.5863486462176601,1.6089885853241765,100,0,1
2025.09.22,04:21:44,1.5957859903341993,1.6476579134067757,1.538916199272471,1.5553332429683562,100,0,1
2025.09.22,04:22:44,1.6534148152630346,1.7105924869301081,1.633204257387013,1.6470156761122043,100,0,1
2025.09.22,04:23:44,1.6742140770699672,1.7291545295385025,1.600615123485412,1.6477507369117657,100,0,1
2025.09.22,04:24:44,1.700478950044765,1.7233993974356305,1.6588659473311866,1.6763971492936198,100,0,1
2025.09.22,04:25:44,1.6008941511741832,1.644162031318275,1.5954793685021167,1.6274333574713877,100,0,1
2025.09.22,04:26:44,1.6823762657189352,1.7309279318127728,1.6086243125438529,1.6844934812322854,100,0,1
2025.09.22,04:27:44,1.6216158113212218,1.6842600823776281,1.5808457097814064,1.6787910093920069,100,0,1
2025.09.22,04:28:44,1.6395108772407143,1.683789932878454,1.5986222900681057,1.6201630611187778,100,0,1
2025.09.22,04:29:44,1.6548133983006805,1.6703532909056498,1.5981166791351011,1.6005674164196895,100,0,1
2025.09.22,04:30:44,1.6023270436330879,1.6398586508192934,1.5461829267024396,1.5995013835396694,100,0,1
2025.09.22,04:31:44,1.5967008826330846,1.6511726672292109,1.549921523269552,1.6089415769347906,100,0,1
2025.09.22,04:32:44,1.5755969552131304,1.58645143015965,1.53260171188453,1.5462120154299064,100,0,1
2025.09.22,04:33:44,1.5109000846196712,1.5480034859382117,1.4714776241343903,1.494154050243066,100,0,1
2025.09.22,04:34:44,1.4690856685804015,1.4890964717296922,1.4197396366402302,1.4800571507548705,100,0,1
2025.09.22,04:35:44,1.422278010764744,1.4587847875507896,1.3738509102216503,1.4528119003404067,100,0,1
2025.09.22,04:36:44,1.4432034062037316,1.506418849995578,1.396615442684647,1.4399515215795742,100,0,1
2025.09.22,04:37:44,1.404896082626352,1.4602233747718987,1.3719777378535,1.4527020448792716,100,0,1
2025.09.22,04:38:44,1.408471470320347,1.4549291723089275,1.383453501695558,1.4310314365850265,100,0,1
2025.09.22,04:39:44,1.3972271089540933,1.4282405433320993,1.3642488597602012,1.392065232217162,100,0,1
2025.09.22,04:40:44,1.4791539196677363,1.509512777481045,1.4142469153639894,1.4603902985100778,100,0,1
2025.09.22,04:41:44,1.4414304285344164,1.4857526878192362,1.3761267529206216,1.4795734724459804,100,0,1
2025.09.22,04:42:44,1.4318844971370854,1.4822847889501607,1.3902196784363905,1.4694571800636924,100,0,1
2025.09.22,04:43:44,1.4576814068269368,1.4951301366188434,1.4191244939821945,1.4868747767411745,100,0,1
2025.09.22,04:44:44,1.4631400420667777,1.4647300876092115,1.4235013314217402,1.4348657856593696,100,0,1
2025.09.22,04:45:44,1.472783669409857,1.5399139100768295,1.4481196347715468,1.47970422409989,100,0,1
2025.09.22,04:46:44,1.4509171587710612,1.500137532450911,1.4425479061149797,1.4556568018775868,100,0,1
2025.09.22,04:47:44,1.5064442833254381,1.6129538847289522,1.4654069645668386,1.4844459549402023,100,0,1
2025.09.22,04:48:44,1.5192625528016377,1.564761279363661,1.5188359897670154,1.5303124111987605,100,0,1
2025.09.22,04:49:44,1.5376366517751692,1.6408074168913707,1.51504901289217,1.639515178429936,100,0,1
2025.09.22,04:50:44,1.6285753314881657,1.668884449510158,1.5813864420006534,1.6211447655279798,100,0,1
2025.09.22,04:51:44,1.5624019118590298,1.6157393887624627,1.5099439765211393,1.5394884577341905,100,0,1
2025.09.22,04:52:44,1.6175277803665535,1.673101847840285,1.5685457034886672,1.6365055611800905,100,0,1
2025.09.22,04:53:44,1.6526273563554101,1.6596503360903088,1.6140096736933487,1.6172453616740208,100,0,1
2025.09.22,04:54:44,1.6786243728883412,1.7469042366942107,1.6531382941710275,1.7043582371876314,100,0,1
2025.09.22,04:55:44,1.6850177860396722,1.7163254501349698,1.6302210385577864,1.6578803305482221,100,0,1
2025.09.22,04:56:44,1.6620395870086282,1.7185192549127761,1.6114498383623432,1.6825934184802276,100,0,1
2025.09.22,04:57:44,1.6492694553673488,1.719495835463317,1.5800777939210127,1.6599292807210968,100,0,1
2025.09.22,04:58:44,1.6331714614310395,1.6864646205843148,1.5808457679807961,1.6067374121185403,100,0,1
2025.09.22,04:59:44,1.6694228968414881,1.741603688188997,1.6395158107586913,1.7328636978015937,100,0,1
2025.09.22,05:00:44,1.726360756879123,1.7791547262750251,1.7087403967580823,1.7162906965836797,100,0,1
2025.09.22,05:01:44,1.6562736596711358,1.6769536955831783,1.622955764507397,1.6719935437938347,100,0,1
2025.09.22,05:02:44,1.7294409504162447,1.8339770583050528,1.7077111816592203,1.8288188035312747,100,0,1
2025.09.22,05:03:44,1.7840890209037525,1.857124057895768,1.7171755411524805,1.7256574547181578,100,0,1
2025.09.22,05:04:44,1.7811865837038023,1.8537019530505057,1.733085600490571,1.8138625886305781,100,0,1
2025.09.22,05:05:44,1.7784350701550267,1.798958786557971,1.7429463976412791,1.7950677162091953,100,0,1
2025.09.22,05:06:44,1.752836962527386,1.7961064609196522,1.715765626350913,1.7354361737753983,100,0,1
2025.09.22,05:07:44,1.7840721500627401,1.8448425406962226,1.7408671723547267,1.8249421123509606,100,0,1
2025.09.22,05:08:44,1.7994098507320653,1.8804617778361248,1.7244607954834301,1.7418299920806812,100,0,1
2025.09.22,05:09:44,1.7356861207285113,1.78751391993573,1.7353740259194823,1.7849737728624255,100,0,1
2025.09.22,05:10:44,1.6768094683870356,1.7406753583887526,1.584234198281641,1.6680303206850888,100,0,1
2025.09.22,05:11:44,1.6867009618508375,1.7398795885187646,1.6378081239342352,1.6769601893454418,100,0,1
2025.09.22,05:12:44,1.628391686369223,1.7355681366201867,1.6093685404106741,1.7334207022305017,100,0,1
2025.09.22,05:13:44,1.6902484992107536,1.714842044533906,1.5943043616371135,1.6372989297894511,100,0,1
2025.09.22,05:14:44,1.7765485466703417,1.8354164373857689,1.7463339311965012,1.7664597371641775,100,0,1
2025.09.22,05:15:44,1.8059000796379359,1.8496656878223647,1.7201211210752632,1.7973857153860269,100,0,1
2025.09.22,05:16:44,1.8241284203176247,1.8920115636207924,1.7756376958319513,1.789313313226741,100,0,1
2025.09.22,05:17:44,1.8350630889276622,1.8861849714828702,1.7458768912898486,1.7621108585012422,100,0,1
2025.09.22,05:18:44,1.8541221834958237,1.8678151412498765,1.803582341356408,1.85336053696939,100,0,1
2025.09.22,05:19:44,1.8489348265004648,1.9149385092867846,1.7536634485699958,1.8141412464616589,100,0,1
2025.09.22,05:20:44,1.7373115963097077,1.8188163468161733,1.6759383628512263,1.7602939999657141,100,0,1
2025.09.22,05:21:44,1.8040413374362774,1.8134755646638256,1.75387869894307,1.7848260218421945,100,0,1
2025.09.22,05:22:44,1.7498030962419933,1.8119721917055085,1.6890691138086222,1.7307657934761058,100,0,1
2025.09.22,05:23:44,1.7530287349860958,1.809289974252207,1.6813280935494688,1.7467787871419818,100,0,1
2025.09.22,05:24:44,1.700370018369417,1.7503009504042604,1.6256057620280453,1.6608036789339353,100,0,1
2025.09.22,05:25:44,1.6962550507228842,1.730802396208532,1.66854655435156,1.6736720976239645,100,0,1
2025.09.22,05:26:44,1.6772855462060685,1.7260957609595755,1.624580973102101,1.7017436927120337,100,0,1
2025.09.22,05:27:44,1.6716707427998332,1.712231608462135,1.6280542261064295,1.6578667729325904,100,0,1
2025.09.22,05:28:44,1.6042998725359758,1.6310070850344824,1.5292396121278444,1.6133397840403243,100,0,1
2025.09.22,05:29:44,1.5527315694370354,1.6155462302059,1.5163219100554317,1.605591527232288,100,0,1
2025.09.22,05:30:44,1.5080901548196988,1.5726866882884099,1.4977098744608142,1.500320317810914,100,0,1
2025.09.22,05:31:44,1.407690837055342,1.4471948460617523,1.3487214534613021,1.3614294622967644,100,0,1
2025.09.22,05:32:44,1.3266451228968188,1.3736056838594586,1.3022518729240204,1.323638812883002,100,0,1
2025.09.22,05:33:44,1.3112630890603412,1.338907769398723,1.2849664055749808,1.3176975150003285,100,0,1
2025.09.22,05:34:44,1.4051867395759643,1.465566435013431,1.3945686877324817,1.4288724076891168,100,0,1
2025.09.22,05:35:44,1.3456686548128045,1.4107827824794055,1.2953397205379666,1.3698386567608565,100,0,1
2025.09.22,05:36:44,1.3322279476308294,1.3878817242784445,1.2711912472242526,1.2781962983407282,100,0,1
2025.09.22,05:37:44,1.3190477832296283,1.3535009287097899,1.252625116481346,1.2934205071279261,100,0,1
2025.09.22,05:38:44,1.3221327770764655,1.363802881810118,1.2582081827255416,1.3161806811143464,100,0,1
2025.09.22,05:39:44,1.319409451091803,1.397376675923566,1.2485669867194584,1.2849255211530803,100,0,1
2025.09.22,05:40:44,1.317453663291079,1.3558672922324309,1.279649650660467,1.310051031013196,100,0,1
2025.09.22,05:41:44,1.318389573912685,1.353393677811645,1.2773257254742212,1.350816436100584,100,0,1
2025.09.22,05:42:44,1.3265323928381283,1.3618243873039828,1.2941117861054752,1.3061922340956942,100,0,1
2025.09.22,05:43:44,1.3637383014343991,1.399209758437183,1.339512922846115,1.3846207730256028,100,0,1
2025.09.22,05:44:44,1.3857494354773756,1.4350215007516525,1.346732344672707,1.364020083260414,100,0,1
2025.09.22,05:45:44,1.4152811997220567,1.4567082777549916,1.3655826511706257,1.4482696871461007,100,0,1
2025.09.22,05:46:44,1.4241964360595571,1.4756579799266372,1.396367054640144,1.4266732932371593,100,0,1
2025.09.22,05:47:44,1.4401654907555168,1.4835602542504998,1.4023138372222403,1.458646452790909,100,0,1
2025.09.22,05:48:44,1.4659733942059239,1.5346898408424656,1.4039595320788008,1.4518784030234082,100,0,1
2025.09.22,05:49:44,1.3723786485969212,1.4423637049904185,1.3492733218040713,1.4232183377351606,100,0,1
2025.09.22,05:50:44,1.3957379859132206,1.4450271584042083,1.371776245799917,1.4241626985083584,100,0,1
2025.09.22,05:51:44,1.3949695538406308,1.43985173703972,1.3451885488311879,1.4231760914874834,100,0,1
2025.09.22,05:52:44,1.4421245737033643,1.4588552309664764,1.3798058390848125,1.4391353941742573,100,0,1
2025.09.22,05:53:44,1.4014820416380198,1.4210117909073925,1.3334902127384165,1.3921336831806688,100,0,1
2025.09.22,05:54:44,1.4017939928380352,1.4467711097469222,1.3941827652864276,1.4401819061354304,100,0,1
2025.09.22,05:55:44,1.414658619079737,1.4599302797325213,1.335036659272718,1.376629983371998,100,0,1
2025.09.22,05:56:44,1.44988077970171,1.5047209082151352,1.4411666257345468,1.4751120279450574,100,0,1
2025.09.22,05:57:44,1.4787085292596376,1.5509385397292452,1.3973224585672603,1.4750194837920219,100,0,1
2025.09.22,05:58:44,1.5850278528496173,1.6595794610930612,1.5070440920346115,1.5976661542722241,100,0,1
2025.09.22,05:59:44,1.602267460966366,1.6553262850193555,1.5331831138517942,1.55762676899986,100,0,1
2025.09.22,06:00:44,1.5171122687238492,1.5586699604640288,1.4806368163781292,1.5376096856262196,100,0,1
2025.09.22,06:01:44,1.4027923021715742,1.4638731086610273,1.346154379424954,1.4131281820122137,100,0,1
2025.09.22,06:02:44,1.4126635914382921,1.4535932632469424,1.310251436449712,1.361505380097452,100,0,1
2025.09.22,06:03:44,1.3288112702401635,1.3772111826024913,1.2801246873196719,1.3216558424470732,100,0,1
2025.09.22,06:04:44,1.3386046132039409,1.3828466690232568,1.2764886247329648,1.3141059832216104,100,0,1
2025.09.22,06:05:44,1.287348987759703,1.323613195691527,1.2470527702513197,1.3122143468376917,100,0,1
2025.09.22,06:06:44,1.2724794080245185,1.3276576183608653,1.1800146883493017,1.1844321323279388,100,0,1
2025.09.22,06:07:44,1.2340979188588934,1.2895459049649223,1.223627756887055,1.2812972734763566,100,0,1
2025.09.22,06:08:44,1.283589706037281,1.351934207104046,1.2253792176579916,1.292299202102673,100,0,1
2025.09.22,06:09:44,1.3128855546097145,1.3997878655050078,1.2933280848200766,1.3147051408367414,100,0,1
2025.09.22,06:10:44,1.3480210141238282,1.40380975315102,1.3097958469652722,1.3259866489321535,100,0,1
2025.09.22,06:11:44,1.3967276836456983,1.4905013585025788,1.3495222781091512,1.4358284417849294,100,0,1
2025.09.22,06:12:44,1.3636623955532863,1.4198350788212122,1.2865755220026796,1.3027889255891851,100,0,1
2025.09.22,06:13:44,1.3905741400651408,1.4467374185954385,1.3162395181640951,1.4376862213319814,100,0,1
2025.09.22,06:14:44,1.392602511150769,1.4746701567122955,1.3820687877441584,1.3836777302971401,100,0,1
2025.09.22,06:15:44,1.4613534302122086,1.5105086444262634,1.3728483391445232,1.4571284279888908,100,0,1
2025.09.22,06:16:44,1.508382296274441,1.544950730477519,1.4699912252796605,1.5032689689229555,100,0,1
2025.09.22,06:17:44,1.4802463011863174,1.5091185941708782,1.4430970887269639,1.4769554290595825,100,0,1
2025.09.22,06:18:44,1.372734338735084,1.420934585900099,1.3054652918291245,1.3809639184459432,100,0,1
2025.09.22,06:19:44,1.359926510534308,1.3847402752522557,1.2773795638858423,1.3680532562875825,100,0,1
2025.09.22,06:20:44,1.387187110026617,1.4240216974681048,1.3294022589755246,1.416100005996749,100,0,1
2025.09.22,06:21:44,1.4285545917506233,1.494397680599066,1.399398571898063,1.4484914550211603,100,0,1
2025.09.22,06:22:44,1.4823053762290108,1.5201734460449314,1.4302202341391421,1.5169002953686497,100,0,1
2025.09.22,06:23:44,1.4704007611661698,1.5338230017160608,1.4483725161955001,1.4980960850885625,100,0,1
2025.09.22,06:24:44,1.424992803987258,1.4908511372898214,1.3770314753535229,1.4023908316261713,100,0,1
2025.09.22,06:25:44,1.3597283874539485,1.4207481100454529,1.3376008149372944,1.3536377817978011,100,0,1
2025.09.22,06:26:44,1.3260586792687996,1.396459073096253,1.2994315858019596,1.386565342661603,100,0,1
2025.09.22,06:27:44,1.3997325971569146,1.4837217472221729,1.3663600692675468,1.3768711371271354,100,0,1
2025.09.22,06:28:44,1.448027034521649,1.4824005471527861,1.3877311498417886,1.4070984147602341,100,0,1
2025.09.22,06:29:44,1.4239629392408122,1.473393238342221,1.3619009931207933,1.4286474534113134,100,0,1
2025.09.22,06:30:44,1.411269422151371,1.4558501413494247,1.3432142750441045,1.3776460683896097,100,0,1
2025.09.22,06:31:44,1.382899312029122,1.428237472948202,1.342534232211337,1.3609057621000515,100,0,1
2025.09.22,06:32:44,1.3706054648224244,1.423440685499902,1.3138966315569178,1.3907780904136673,100,0,1
2025.09.22,06:33:44,1.413316347566478,1.4924805518429316,1.3670018860797268,1.3766136332128098,100,0,1
2025.09.22,06:34:44,1.3982080920733424,1.4500796528036797,1.3293896188161307,1.3439140436890917,100,0,1
2025.09.22,06:35:44,1.3702569912069722,1.45415841334777,1.3257451103259723,1.4217613130379536,100,0,1
2025.09.22,06:36:44,1.32870544258941,1.355286289012657,1.2666917673893836,1.3151364857037662,100,0,1
2025.09.22,06:37:44,1.28871502585379,1.329241160198991,1.2155424090465559,1.230965355210948,100,0,1
2025.09.22,06:38:44,1.3225813728486615,1.3576115177014052,1.2307030019188272,1.2925909004206084,100,0,1
2025.09.22,06:39:44,1.3086280544850808,1.3600969936018097,1.2493556115679203,1.3159793400016648,100,0,1
2025.09.22,06:40:44,1.3463676825552344,1.3540869441637333,1.3113728473371054,1.338466113375191,100,0,1
2025.09.22,06:41:44,1.3781721266985019,1.4675989405292142,1.3495390098219375,1.3644585387293264,100,0,1
2025.09.22,06:42:44,1.2460733157268193,1.2800645787832932,1.1595361677863845,1.2019528739638916,100,0,1
2025.09.22,06:43:44,1.25525660772616,1.2974547841609265,1.2175240020279812,1.2523884390173674,100,0,1
2025.09.22,06:44:44,1.3514135850286015,1.397025016098556,1.2931890794395224,1.3869320616452248,100,0,1
2025.09.22,06:45:44,1.3207372347937347,1.3835595097060625,1.262141466164928,1.2887539529519367,100,0,1
2025.09.22,06:46:44,1.3924167886494794,1.4871901986150688,1.3456345760382622,1.3967077438746953,100,0,1
2025.09.22,06:47:44,1.3780965210172953,1.411420062504042,1.3135482616524794,1.3913588666180474,100,0,1
2025.09.22,06:48:44,1.3933261914661843,1.4319008605742607,1.3631260848536415,1.3761968035509649,100,0,1
2025.09.22,06:49:44,1.3435321952194614,1.399043365619311,1.3210836180323893,1.3561400334425842,100,0,1
2025.09.22,06:50:44,1.4387604066780293,1.4954040998791704,1.3929766083325674,1.4147793619216207,100,0,1
2025.09.22,06:51:44,1.3965901912459469,1.4202947181537728,1.3386564052323755,1.4100460077413977,100,0,1
2025.09.22,06:52:44,1.4098018315144023,1.4730778417581718,1.3518128087875332,1.4333119856248986,100,0,1
2025.09.22,06:53:44,1.4235943381176839,1.443741305497151,1.3854058405556862,1.433816165286506,100,0,1
2025.09.22,06:54:44,1.3496041316484801,1.4100000557024546,1.309276631657085,1.4036126773267115,100,0,1
2025.09.22,06:55:44,1.3657934286689357,1.419497105543262,1.2940072633767499,1.3194892821353295,100,0,1
2025.09.22,06:56:44,1.3899863383429525,1.4482999239331307,1.3436999241386385,1.3854300199836307,100,0,1
2025.09.22,06:57:44,1.4423249343982878,1.4855361156346232,1.4414108464194868,1.4704940734524046,100,0,1
2025.09.22,06:58:44,1.49075441267903,1.5604506502608646,1.4405563021181762,1.46938527963947,100,0,1
2025.09.22,06:59:44,1.4980349382282643,1.5461193543957779,1.4567738092558402,1.4815784928404514,100,0,1
2025.09.22,07:00:44,1.4990752809005796,1.5501589239919467,1.4512328648321795,1.511112197951407,100,0,1
2025.09.22,07:01:44,1.5315732668234696,1.5697283299141653,1.4952207310961334,1.5007317195072085,100,0,1
2025.09.22,07:02:44,1.5134864945483204,1.5425012682972046,1.4940929748824563,1.5379363854096868,100,0,1
2025.09.22,07:03:44,1.4845464268687292,1.5189491532112904,1.4256126193314902,1.4360496344158258,100,0,1
2025.09.22,07:04:44,1.5261069169826664,1.556720267495201,1.440865386515787,1.4436793714694895,100,0,1
2025.09.22,07:05:44,1.597171023329766,1.6630011440187258,1.5199298605542684,1.6033091253096927,100,0,1
2025.09.22,07:06:44,1.619320614136058,1.6622718193095898,1.5607912255126852,1.6447375263411086,100,0,1
2025.09.22,07:07:44,1.5921687868120689,1.6486342908599545,1.5854931172916424,1.6389128219781532,100,0,1
2025.09.22,07:08:44,1.5633994002577745,1.5683839747383412,1.5140565427844292,1.538683365513753,100,0,1
2025.09.22,07:09:44,1.546674526085204,1.5925655750133552,1.5160627015368946,1.5327390172136022,100,0,1
2025.09.22,07:10:44,1.5077646592996323,1.5437276703402856,1.4721859592443816,1.4981206848373256,100,0,1
2025.09.22,07:11:44,1.3581388338251796,1.4104976302355907,1.2895269954965924,1.3791266154472601,100,0,1
2025.09.22,07:12:44,1.3357929168625908,1.4001030032885478,1.2594241794961607,1.390093392030409,100,0,1
2025.09.22,07:13:44,1.3169490057336142,1.3178674391266447,1.2909014524550313,1.2993552131011654,100,0,1
2025.09.22,07:14:44,1.2904907450732104,1.3507380339755584,1.2577594661031195,1.3283432710354428,100,0,1
2025.09.22,07:15:44,1.2475834389941947,1.3030428055280028,1.2148243255381312,1.3018297805188586,100,0,1
2025.09.22,07:16:44,1.3487178950252865,1.3804083165217396,1.3317483148025004,1.3661109101369167,100,0,1
2025.09.22,07:17:44,1.3237257205589,1.3793756060057794,1.2928426927883696,1.3711048203859155,100,0,1
2025.09.22,07:18:44,1.336469650694783,1.4127795275307238,1.2873853529423451,1.2928395432052568,100,0,1
2025.09.22,07:19:44,1.2768700513783537,1.312355565108139,1.2272155907444935,1.3066911075871557,100,0,1
2025.09.22,07:20:44,1.3393218680038783,1.4215025689802283,1.3257562672228735,1.4081744026123357,100,0,1
2025.09.22,07:21:44,1.3463260582184358,1.3763638253462827,1.318638478168128,1.3731490336064376,100,0,1
2025.09.22,07:22:44,1.3027434427310338,1.3394138908883775,1.2478281156397897,1.3377656254511099,100,0,1
2025.09.22,07:23:44,1.2947041794189063,1.3442435268092883,1.21782343014225,1.2779477982830547,100,0,1
2025.09.22,07:24:44,1.293057165732712,1.3358407944038866,1.288280959279767,1.2927728156780212,100,0,1
2025.09.22,07:25:44,1.282372739939726,1.338984466892522,1.221567670724222,1.2614585487259555,100,0,1
2025.09.22,07:26:44,1.3607997823722444,1.3940907083909253,1.3386253434986644,1.3933898316509636,100,0,1
2025.09.22,07:27:44,1.4092967345332128,1.494899733130167,1.345604858458581,1.374901663934219,100,0,1
2025.09.22,07:28:44,1.494366008092378,1.5601694342430605,1.4259368461977164,1.437231496984781,100,0,1
2025.09.22,07:29:44,1.4731003310545674,1.5531767411189508,1.4444101961269786,1.552155720645188,100,0,1
2025.09.22,07:30:44,1.5226620766342596,1.5458914528056964,1.4546044195704189,1.4834577255862726,100,0,1
2025.09.22,07:31:44,1.5340754611357448,1.5759640918172115,1.4696779783152358,1.5663108487659196,100,0,1
2025.09.22,07:32:44,1.5331135221890917,1.58504363050254,1.4849975519557175,1.580272946483582,100,0,1
2025.09.22,07:33:44,1.4552205669947231,1.500631543577151,1.3937467743934686,1.4359914687399047,100,0,1
2025.09.22,07:34:44,1.4027626652956542,1.449282976851086,1.3363178552682229,1.3435283960730813,100,0,1
2025.09.22,07:35:44,1.4907873609706042,1.5346330227305451,1.4763396991611932,1.516083580742669,100,0,1
2025.09.22,07:36:44,1.520343999680749,1.5927766990891457,1.4452090371652824,1.5081957085083284,100,0,1
2025.09.22,07:37:44,1.4515024736135598,1.498175984568457,1.4000867383919195,1.438047110465067,100,0,1
2025.09.22,07:38:44,1.4747535582034725,1.508104730095934,1.4098237159947196,1.4514083718309856,100,0,1
2025.09.22,07:39:44,1.4578659937277882,1.4956127603688525,1.4358803601785022,1.4464714207205083,100,0,1
2025.09.22,07:40:44,1.4769024100215353,1.4933023873918592,1.4523612330108582,1.482902260495763,100,0,1
2025.09.22,07:41:44,1.5302607573601263,1.545568898499579,1.4982513712856673,1.5151548277009932,100,0,1
2025.09.22,07:42:44,1.4931281772713396,1.54712659846614,1.4485122916455053,1.475422995902682,100,0,1
2025.09.22,07:43:44,1.455352058266628,1.5055081961247554,1.417392319149368,1.474557514335079,100,0,1
2025.09.22,07:44:44,1.4065814123873328,1.445064583310461,1.3426591187221515,1.4261394413665023,100,0,1
2025.09.22,07:45:44,1.4104484181792838,1.4814032749602168,1.3668804733999294,1.4793058420402934,100,0,1
2025.09.22,07:46:44,1.3244181876955214,1.4003775412369739,1.2700524598955987,1.312958963746213,100,0,1
2025.09.22,07:47:44,1.266500922933398,1.3221467593075777,1.2104955977402372,1.2950747167205274,100,0,1
2025.09.22,07:48:44,1.379804556921206,1.4297838241179956,1.303899267667383,1.4044685376258836,100,0,1
2025.09.22,07:49:44,1.393879692556352,1.4696878915102198,1.3178848839465196,1.3817243738471119,100,0,1
2025.09.22,07:50:44,1.4538572635699847,1.528889616237016,1.4007089308214795,1.4448055769997394,100,0,1
2025.09.22,07:51:44,1.5106171246006461,1.561030135578718,1.4786236371231585,1.539972547605644,100,0,1
2025.09.22,07:52:44,1.4243971371308897,1.5148199902187935,1.3552704032534302,1.382214540032374,100,0,1
2025.09.22,07:53:44,1.474090932148996,1.5324501999240814,1.4164604309748494,1.5002595081300105,100,0,1
2025.09.22,07:54:44,1.4555455458319035,1.498889546010823,1.4279419198117884,1.4634179459158185,100,0,1
2025.09.22,07:55:44,1.4526910373343465,1.5019266957033486,1.3865923615117521,1.4206837859698005,100,0,1
2025.09.22,07:56:44,1.5935207424249735,1.6171081223424175,1.5170019006677689,1.5912419868955598,100,0,1
2025.09.22,07:57:44,1.6599050194116765,1.672265942088903,1.6189906452898541,1.6456945260284108,100,0,1
2025.09.22,07:58:44,1.675281041549602,1.7462528639056916,1.6323741297156382,1.6932380014131274,100,0,1
2025.09.22,07:59:44,1.6773448427428455,1.6910988645851748,1.584772870743097,1.5879190560838723,100,0,1
2025.09.22,08:00:44,1.6742152472159872,1.7434121687456499,1.6026875793734887,1.7227036016352186,100,0,1
2025.09.22,08:01:44,1.688898538781987,1.752422329861698,1.6571515799775631,1.690961110116354,100,0,1
2025.09.22,08:02:44,1.680890087654569,1.7679565139019857,1.6246513374506135,1.6583302044234831,100,0,1
2025.09.22,08:03:44,1.6325945187729038,1.6891058512228627,1.576835703004621,1.6830354657457343,100,0,1
2025.09.22,08:04:44,1.6361837844851812,1.7148485395007989,1.5740908130700502,1.5799022277111412,100,0,1
2025.09.22,08:05:44,1.5432842830192863,1.5690138368558908,1.4965062199600978,1.5605741102689699,100,0,1
2025.09.22,08:06:44,1.531605739330284,1.5847551787964,1.4694569569301197,1.5020983319447407,100,0,1
2025.09.22,08:07:44,1.4957969445592045,1.5289694583762476,1.4207916119431392,1.4585778449499072,100,0,1
2025.09.22,08:08:44,1.568652264810321,1.6423631057561678,1.5214827190292464,1.6380975543597593,100,0,1
2025.09.22,08:09:44,1.509970991535509,1.567884850201176,1.4582554348699996,1.4962482440570024,100,0,1
2025.09.22,08:10:44,1.4850719995117299,1.5344771415568812,1.4106263913000163,1.5047816557648725,100,0,1
2025.09.22,08:11:44,1.5680952632682077,1.655497601714294,1.5141194375418854,1.5352769564219093,100,0,1
2025.09.22,08:12:44,1.4999116904123848,1.5510080771311163,1.4456212487171043,1.4618680130631945,100,0,1
2025.09.22,08:13:44,1.5660662730593038,1.6248894521356814,1.5129382241486788,1.5529561540440884,100,0,1
2025.09.22,08:14:44,1.5718048554410384,1.6406714682640846,1.5355271063436324,1.6064636143699926,100,0,1
2025.09.22,08:15:44,1.5427681663177342,1.5946862209284134,1.5017812670204755,1.5200259237730034,100,0,1
2025.09.22,08:16:44,1.5103984155069583,1.573146883928516,1.4796494898013794,1.5244779447172683,100,0,1
2025.09.22,08:17:44,1.4567710790896078,1.5005908718446686,1.3630889495308898,1.4193852892532928,100,0,1
2025.09.22,08:18:44,1.438077242022495,1.483893274696906,1.3763008910910044,1.4347029378278664,100,0,1
2025.09.22,08:19:44,1.3744433605071067,1.417634477874689,1.3078621428832797,1.371391516740406,100,0,1
2025.09.22,08:20:44,1.361051566658551,1.38984019927347,1.3051340340178936,1.3643062011159874,100,0,1
2025.09.22,08:21:44,1.409205235899347,1.4590828429668696,1.3721912754873236,1.3921133558160728,100,0,1
2025.09.22,08:22:44,1.4289871104853045,1.4864233301703962,1.366291458417599,1.4720320618713483,100,0,1
2025.09.22,08:23:44,1.3208049558915433,1.359651572085083,1.2861082890380027,1.348193164059513,100,0,1
2025.09.22,08:24:44,1.264700056940018,1.3229258468854563,1.2434252513497217,1.2598014718503652,100,0,1
2025.09.22,08:25:44,1.1904295859601177,1.2601234981189344,1.1132039904358793,1.1922261752793797,100,0,1
2025.09.22,08:26:44,1.26219545191643,1.3081769357030972,1.2175184376212194,1.2766845936323237,100,0,1
2025.09.22,08:27:44,1.2746309059365608,1.3302027134324024,1.1968454404533286,1.266766807664428,100,0,1
2025.09.22,08:28:44,1.3555361388824436,1.4193992442467973,1.349024020931041,1.3672788275470211,100,0,1
2025.09.22,08:29:44,1.4463593237425088,1.498146286565876,1.4094589537041167,1.4781010372752332,100,0,1
2025.09.22,08:30:44,1.444506502169939,1.4895372406648715,1.3934995148052265,1.4017438146167722,100,0,1
2025.09.22,08:31:44,1.427090733508195,1.4717118015260802,1.3701807533317487,1.4682146231276125,100,0,1
2025.09.22,08:32:44,1.3967452646893235,1.4296599032204824,1.3726747145489502,1.3863921718309264,100,0,1
2025.09.22,08:33:44,1.3130851377499184,1.3796380451668244,1.2472408624759332,1.3646834287932146,100,0,1
2025.09.22,08:34:44,1.3433899599360666,1.4071633674300543,1.3136630777396363,1.3745977635023383,100,0,1
2025.09.22,08:35:44,1.302783143294311,1.39065549254209,1.2418024697679515,1.3674994074966167,100,0,1
2025.09.22,08:36:44,1.3809236004720082,1.4479011641166495,1.3401981657150466,1.4217062676170276,100,0,1
2025.09.22,08:37:44,1.3196929913595428,1.3657017439174437,1.2612401454254043,1.2903821684882415,100,0,1
2025.09.22,08:38:44,1.2459440699286293,1.3149584676636312,1.2055403261204807,1.2844164013424175,100,0,1
2025.09.22,08:39:44,1.208212689552306,1.2824611245485227,1.1383069611662198,1.2736630838354985,100,0,1
2025.09.22,08:40:44,1.2235277754557536,1.2429356849948336,1.1747011883039211,1.2183838134473488,100,0,1
2025.09.22,08:41:44,1.1988948313185444,1.2508695621694694,1.154165128225914,1.231373022474647,100,0,1
2025.09.22,08:42:44,1.094531940136633,1.1587654771985305,1.0748248251183414,1.079414129898518,100,0,1
2025.09.22,08:43:44,1.1392074279996038,1.2100247497119856,1.0736823838886336,1.1694181590954449,100,0,1
2025.09.22,08:44:44,1.0751502005744116,1.1205881174229915,1.0378757984742053,1.0750283976283643,100,0,1
2025.09.22,08:45:44,1.1705002631343406,1.2247953538446135,1.1335678106748392,1.1399848446558383,100,0,1
2025.09.22,08:46:44,1.2017166245800532,1.2433107986725835,1.1312623023247128,1.2341314072775202,100,0,1
2025.09.22,08:47:44,1.2172435309687575,1.2649814374885628,1.1667534038702045,1.2406379871180881,100,0,1
2025.09.22,08:48:44,1.3292008946867278,1.3561650818164057,1.3264129146132042,1.3275907786767247,100,0,1
2025.09.22,08:49:44,1.3212496486344876,1.378639009166426,1.2817660456730315,1.3052381590908817,100,0,1
2025.09.22,08:50:44,1.3247779111470415,1.3805808472578782,1.2966673417193295,1.3575101297031096,100,0,1
2025.09.22,08:51:44,1.3742282181694057,1.4325203027324582,1.3165368780283437,1.370558691616906,100,0,1
2025.09.22,08:52:44,1.3755802517756703,1.4112999614508699,1.320644876835683,1.3345874705886094,100,0,1
2025.09.22,08:53:44,1.4260473956254918,1.4748780861955215,1.3597532970068351,1.3924622322834466,100,0,1
2025.09.22,08:54:44,1.3990547030459737,1.4222954418155536,1.340045738453689,1.390098291820111,100,0,1
2025.09.22,08:55:44,1.3055663610306307,1.3640626887420118,1.2482342646390368,1.3593438030454323,100,0,1
2025.09.22,08:56:44,1.253839833292186,1.292259610669619,1.2015761009360757,1.222746375337934,100,0,1
2025.09.22,08:57:44,1.2041293715843926,1.2462725227281755,1.1267027329985193,1.185239491854123,100,0,1
2025.09.22,08:58:44,1.2146583216548705,1.2532300636992804,1.136523709468023,1.1947463737413302,100,0,1
2025.09.22,08:59:44,1.2525957267152512,1.3101940712806817,1.1728568676824358,1.2182491834087863,100,0,1
2025.09.22,09:00:44,1.3558847039837298,1.4299473997776728,1.2745783806821638,1.2896898507981802,100,0,1
2025.09.22,09:01:44,1.3292040474845879,1.3977874710626448,1.321089881338333,1.3709118413874404,100,0,1
2025.09.22,09:02:44,1.3130253236862612,1.3388816108829582,1.2764458975526343,1.2853431495316916,100,0,1
2025.09.22,09:03:44,1.3903693907288959,1.4730381799656729,1.3848937366782954,1.3923201626572246,100,0,1
2025.09.22,09:04:44,1.5284748842933547,1.569187449863346,1.4799403611900355,1.4857235906109163,100,0,1
2025.09.22,09:05:44,1.6050074145569544,1.6620036064292463,1.532422030683362,1.5619601111476134,100,0,1
2025.09.22,09:06:44,1.6076023361870442,1.6975394562462351,1.5780598553448173,1.5943001256879845,100,0,1
2025.09.22,09:07:44,1.5951404210298545,1.6468663214245336,1.5451526500734043,1.5900276395404793,100,0,1
2025.09.22,09:08:44,1.6014163323298483,1.610345294653572,1.5481446539182129,1.5546266036360865,100,0,1
2025.09.22,09:09:44,1.6213082814624935,1.7013612318281042,1.5718535146179444,1.5821412217713136,100,0,1
2025.09.22,09:10:44,1.584566319160266,1.5984449621927936,1.5170982777673223,1.536049547788251,100,0,1
2025.09.22,09:11:44,1.5739336087115574,1.6268513145055712,1.5410773952620207,1.5556199263201884,100,0,1
2025.09.22,09:12:44,1.6500437569886475,1.7338325738823532,1.6030189995619537,1.6973470134073079,100,0,1
2025.09.22,09:13:44,1.6721794828568999,1.7271608253618935,1.6000925586796186,1.6436720141673218,100,0,1
2025.09.22,09:14:44,1.5586846208782303,1.5767158754087358,1.5338953927720693,1.5422769770898324,100,0,1
2025.09.22,09:15:44,1.6960647170244156,1.7702995062617433,1.651082300089381,1.6919650459401465,100,0,1
2025.09.22,09:16:44,1.6722716924157475,1.6876614057780217,1.6431022404514575,1.6541438272009965,100,0,1
2025.09.22,09:17:44,1.609790266149913,1.6598621931521182,1.5681613107924006,1.5812861897623274,100,0,1
2025.09.22,09:18:44,1.5553576479307478,1.6243325434457585,1.518961664809095,1.5866384350276193,100,0,1
2025.09.22,09:19:44,1.582036544177111,1.650137133604446,1.5525601402353821,1.6118252445343226,100,0,1
2025.09.22,09:20:44,1.5439016632407707,1.6157478104215945,1.4750778865172671,1.50645816027321,100,0,1
2025.09.22,09:21:44,1.4425361007752284,1.5125545881570273,1.3893459391253613,1.5091764798391756,100,0,1
2025.09.22,09:22:44,1.416230408114651,1.458703003130926,1.3593268741230857,1.3701559225171833,100,0,1
2025.09.22,09:23:44,1.3881856683547074,1.4024324828445902,1.3306261600531595,1.347071111019877,100,0,1
2025.09.22,09:24:44,1.3623263560875507,1.4340379422702632,1.2945029122757852,1.4311137784884118,100,0,1
2025.09.22,09:25:44,1.303745077960359,1.3552628512403397,1.2660551364531358,1.3166436511075348,100,0,1
2025.09.22,09:26:44,1.3067773482871412,1.3452961571260498,1.2606124050484813,1.3205048111623345,100,0,1
2025.09.22,09:27:44,1.302848669168516,1.3724259873016993,1.2507118107808528,1.3005488562735865,100,0,1
2025.09.22,09:28:44,1.3100399717449553,1.3558044554277018,1.2716014472604402,1.3157719859521202,100,0,1
2025.09.22,09:29:44,1.230254365174536,1.2962542614957098,1.1688193133112947,1.2188136820969926,100,0,1
2025.09.22,09:30:44,1.2431453298815613,1.2764965505016637,1.1867914042964611,1.1883615960346219,100,0,1
2025.09.22,09:31:44,1.3139786441321262,1.3960532274218753,1.226920082665916,1.3889341034782237,100,0,1
2025.09.22,09:32:44,1.3523264567354845,1.4133505651310447,1.3325684278022807,1.4074859984978811,100,0,1
2025.09.22,09:33:44,1.5029948938623068,1.533196497385043,1.4776733595667941,1.501195152464377,100,0,1
2025.09.22,09:34:44,1.5702247493784132,1.5824888186551982,1.4995735399420753,1.580488561251524,100,0,1
2025.09.22,09:35:44,1.5619428267763136,1.60802538283182,1.4862042570485685,1.5853161707134085,100,0,1
2025.09.22,09:36:44,1.5299603226667846,1.5779375558538313,1.5188449693072152,1.5493418085455055,100,0,1
2025.09.22,09:37:44,1.636284209712914,1.6729721751659312,1.6154509684369653,1.6637162006334332,100,0,1
2025.09.22,09:38:44,1.6357444271656563,1.636655159486205,1.5967223898241691,1.6217489766728157,100,0,1
2025.09.22,09:39:44,1.6295633078639467,1.7069169849349826,1.5738618645999045,1.576239066909985,100,0,1
2025.09.22,09:40:44,1.625515794778901,1.6758603195763269,1.5612585082711363,1.6575254029141226,100,0,1
2025.09.22,09:41:44,1.6792327189854317,1.6990901455757474,1.6006895228666054,1.6341848876683458,100,0,1
2025.09.22,09:42:44,1.6115066555371906,1.6377985438303366,1.573082968439357,1.5886408666319627,100,0,1
2025.09.22,09:43:44,1.6434893140952285,1.694652788795982,1.5701789214729258,1.588075280542538,100,0,1
2025.09.22,09:44:44,1.7002156990046435,1.7730038549227614,1.61707191189088,1.7665738384179677,100,0,1
2025.09.22,09:45:44,1.6920775450407204,1.7562434788287318,1.652502768891887,1.693797691984835,100,0,1
2025.09.22,09:46:44,1.6385768905972362,1.7085220054405308,1.5728875723605,1.5772435039295722,100,0,1
2025.09.22,09:47:44,1.593542354386979,1.6099977446985558,1.5524549378707118,1.5730072022338155,100,0,1
2025.09.22,09:48:44,1.6889224109630971,1.7305062922179353,1.655813599182938,1.6929697272944102,100,0,1
2025.09.22,09:49:44,1.6911403222817596,1.7282571250807188,1.6565680383997772,1.712545874020286,100,0,1
2025.09.22,09:50:44,1.5824571133092542,1.6230989305955636,1.5057381916048747,1.5846856042477364,100,0,1
2025.09.22,09:51:44,1.6233221441557248,1.6578997625315255,1.584835156970911,1.630189290864998,100,0,1
2025.09.22,09:52:44,1.6232014486043593,1.6792914193383188,1.574020065838473,1.6485729570596335,100,0,1
2025.09.22,09:53:44,1.6664784115673328,1.730229539806151,1.5751428517093493,1.6372841119341228,100,0,1
2025.09.22,09:54:44,1.5444385451435403,1.5861950842586237,1.4929815172209673,1.5611360437521271,100,0,1
2025.09.22,09:55:44,1.5325422482492683,1.5557164611893262,1.4639543636420729,1.470859687960806,100,0,1
2025.09.22,09:56:44,1.5884575053110113,1.6417894342437722,1.5282945288198249,1.5347570032538036,100,0,1
2025.09.22,09:57:44,1.6047593997717677,1.6789106750225506,1.5526918940609344,1.6433886189239357,100,0,1
2025.09.22,09:58:44,1.5523031122090727,1.6142185236698445,1.4878915069861294,1.5012477066853755,100,0,1
2025.09.22,09:59:44,1.5849150674114807,1.6538370028112725,1.4960830864257793,1.6210050768377948,100,0,1
2025.09.22,10:00:44,1.6628768423577192,1.6737563837651115,1.6245604487830352,1.6361655532949582,100,0,1
2025.09.22,10:01:44,1.7371751032620029,1.7888955596793097,1.7265573791552817,1.7296598830105698,100,0,1
2025.09.22,10:02:44,1.6801489494062438,1.728309355430654,1.6210800738604352,1.6815301666340814,100,0,1
2025.09.22,10:03:44,1.7351877008337058,1.7627549255450798,1.7164739583369986,1.7443511354468948,100,0,1
2025.09.22,10:04:44,1.7639008934794511,1.8366855541940297,1.7184474274514308,1.779463727732186,100,0,1
2025.09.22,10:05:44,1.7359715370334625,1.7751807265373492,1.7064997789948126,1.7580770138814141,100,0,1
2025.09.22,10:06:44,1.7564921742998398,1.832350540755983,1.6997009047421392,1.7245012090768923,100,0,1
2025.09.22,10:07:44,1.7567733609418632,1.8287357472741896,1.731988798142336,1.742698731491159,100,0,1
2025.09.22,10:08:44,1.743992614407137,1.8097552460917279,1.7121166184258783,1.7997813471200432,100,0,1
2025.09.22,10:09:44,1.691693426232274,1.7531497590725182,1.6486559596357284,1.6666595463278064,100,0,1
2025.09.22,10:10:44,1.6471722906127944,1.7034600952538783,1.5806043925100084,1.6032182288682093,100,0,1
2025.09.22,10:11:44,1.7586698517964603,1.8105616436126954,1.6979863587223578,1.7610762145865548,100,0,1
2025.09.22,10:12:44,1.791529122951569,1.82863899950476,1.7752244067608929,1.7761936597212806,100,0,1
2025.09.22,10:13:44,1.752949172143554,1.8160097976830925,1.7437697575951774,1.762314864893146,100,0,1
2025.09.22,10:14:44,1.7173832570243694,1.736902925020719,1.6882289340819776,1.7123271413581762,100,0,1
2025.09.22,10:15:44,1.674587128526229,1.7595724240830013,1.6373417094111316,1.742554467975969,100,0,1
2025.09.22,10:16:44,1.7106519599377563,1.7397439143225546,1.683580522940525,1.719573957007594,100,0,1
2025.09.22,10:17:44,1.6924285608771552,1.7582939912505053,1.6365088513180066,1.739984716608598,100,0,1
2025.09.22,10:18:44,1.6111193588439825,1.6855834740985274,1.580618457398196,1.6362709249895828,100,0,1
2025.09.22,10:19:44,1.6486646157368074,1.7031619022140463,1.571213229273597,1.5734208342904341,100,0,1
2025.09.22,10:20:44,1.6206818846106,1.692428585573418,1.549295943067861,1.5788461306833461,100,0,1
2025.09.22,10:21:44,1.6656412437032448,1.7114155190965634,1.6531811173142337,1.6968638882003748,100,0,1
2025.09.22,10:22:44,1.7213905222272237,1.7362094937034893,1.6407822836602555,1.6776890255907018,100,0,1
2025.09.22,10:23:44,1.7179027723495035,1.7351030582247458,1.6456232866077187,1.6891520452868702,100,0,1
2025.09.22,10:24:44,1.6761712013414845,1.7316738760011754,1.6361937404525257,1.698637273457947,100,0,1
2025.09.22,10:25:44,1.6476926288497495,1.6842087969817052,1.6025979684619431,1.647955567577316,100,0,1
2025.09.22,10:26:44,1.6496484947859784,1.6911105152570756,1.6111732338374705,1.6451495189634322,100,0,1
2025.09.22,10:27:44,1.762255880187808,1.8121995477886834,1.7326227455515184,1.7963454178654723,100,0,1
2025.09.22,10:28:44,1.804585507295848,1.825348337581063,1.7365682381581329,1.80122466703384,100,0,1
2025.09.22,10:29:44,1.7638130563583896,1.7960684255718555,1.6900673636874013,1.7717640034437807,100,0,1
2025.09.22,10:30:44,1.7589055595251837,1.834228241862464,1.701539443080221,1.7683980139888038,100,0,1
2025.09.22,10:31:44,1.7260788878825353,1.7677530228644498,1.670633203954453,1.759856116318084,100,0,1
2025.09.22,10:32:44,1.7114123628038196,1.7276538048024876,1.6315394299959243,1.7063277709093945,100,0,1
2025.09.22,10:33:44,1.679359662029073,1.7107962099794896,1.6063836626938846,1.6642749718740468,100,0,1
2025.09.22,10:34:44,1.690440760395337,1.7462769472070827,1.6321819450067903,1.741111033792956,100,0,1
2025.09.22,10:35:44,1.6109616308425159,1.6514293338648882,1.5605580630884466,1.6149741665331028,100,0,1
2025.09.22,10:36:44,1.5700530996897835,1.6064194999256767,1.5227039548320993,1.6017975976495014,100,0,1
2025.09.22,10:37:44,1.5110110370613545,1.531515611240206,1.4526246772327331,1.4703868184729125,100,0,1
2025.09.22,10:38:44,1.5520463366026531,1.5951783273392108,1.503003894816101,1.5188875953635759,100,0,1
2025.09.22,10:39:44,1.582229960028275,1.6521344573660537,1.516695420898754,1.548591708215033,100,0,1
2025.09.22,10:40:44,1.592446952566808,1.6901093774496163,1.5387707492176177,1.681708547880691,100,0,1
2025.09.22,10:41:44,1.635496728534168,1.7109579726524848,1.611846371362237,1.6755342648205165,100,0,1
2025.09.22,10:42:44,1.5877297748900165,1.6202912268570566,1.5332357035423925,1.603083349739192,100,0,1
2025.09.22,10:43:44,1.6378153493762417,1.693553622326324,1.564772189961784,1.6069078256383718,100,0,1
2025.09.22,10:44:44,1.6246186030861263,1.6918647830259332,1.5954882580112153,1.672333119370086,100,0,1
2025.09.22,10:45:44,1.775624961558127,1.7810303023150267,1.699241898485604,1.7066912953752926,100,0,1
2025.09.22,10:46:44,1.7832167352064006,1.8630149931863589,1.713841010689182,1.8500797862719054,100,0,1
2025.09.22,10:47:44,1.736655397462393,1.792974236037954,1.700571023701268,1.7619831083929087,100,0,1
2025.09.22,10:48:44,1.7719471175312453,1.8355408777450841,1.726330365649055,1.8343619054148457,100,0,1
2025.09.22,10:49:44,1.697581956869731,1.7266401349673108,1.6048369015326354,1.7097333980375453,100,0,1
2025.09.22,10:50:44,1.63378699410831,1.7000883780605394,1.590181931490599,1.603897825363225,100,0,1
2025.09.22,10:51:44,1.7021863258873573,1.7834205730729398,1.6432013871504676,1.6849091894892982,100,0,1
2025.09.22,10:52:44,1.6581744796651139,1.6872586315975788,1.627048450567982,1.6652340617249466,100,0,1
2025.09.22,10:53:44,1.6630493707956984,1.7536590232981872,1.5751979095220447,1.662843598864166,100,0,1
2025.09.22,10:54:44,1.5032988976375883,1.5214126977866231,1.474854724702618,1.4948650787669784,100,0,1
2025.09.22,10:55:44,1.4442189012916478,1.4798595684841327,1.3914014305489049,1.449054117488788,100,0,1
2025.09.22,10:56:44,1.4878138039734163,1.5217511675224515,1.474856917755293,1.4945644225097234,100,0,1
2025.09.22,10:57:44,1.4629938375836025,1.5008522842009908,1.4162009223093421,1.448343464011459,100,0,1
2025.09.22,10:58:44,1.4446728825257047,1.4735733772301316,1.3949585954806836,1.440945734943973,100,0,1
2025.09.22,10:59:44,1.4309891342646395,1.5339879328615966,1.3930545424171534,1.4041983489732621,100,0,1
2025.09.22,11:00:44,1.3556836404144756,1.3954534320748675,1.2936557434883311,1.347497620509389,100,0,1
2025.09.22,11:01:44,1.4107870005247387,1.471645622925145,1.3274300951188736,1.4154798447764907,100,0,1
2025.09.22,11:02:44,1.337065086841061,1.4041362225158096,1.3112366489126883,1.3854108798912985,100,0,1
2025.09.22,11:03:44,1.3494722158738104,1.4005510783454016,1.295467898170627,1.3980336440742573,100,0,1
2025.09.22,11:04:44,1.3468667251222641,1.378179912232866,1.3201722076459659,1.3320096946273656,100,0,1
2025.09.22,11:05:44,1.5106769735944037,1.5721695956930424,1.4688149576046408,1.5171622168793402,100,0,1
2025.09.22,11:06:44,1.5971421899994804,1.626446594307384,1.5521734861355856,1.588711832162573,100,0,1
2025.09.22,11:07:44,1.643937804868652,1.7127163901613711,1.610699949844316,1.6150907144755644,100,0,1
2025.09.22,11:08:44,1.6061970348506314,1.6762363974529573,1.529777963340999,1.5734280682624855,100,0,1
2025.09.22,11:09:44,1.582962502846495,1.6313380757962512,1.5202064414654277,1.571016223298113,100,0,1
2025.09.22,11:10:44,1.7420629577835802,1.8120127530299481,1.7004195824022308,1.7221943414238297,100,0,1
2025.09.22,11:11:44,1.7402367854911631,1.798163924469362,1.6783625155867252,1.701122151990552,100,0,1
2025.09.22,11:12:44,1.7312562670272402,1.7523747258771283,1.6679632562597295,1.6895278605174915,100,0,1
2025.09.22,11:13:44,1.6896186828835689,1.721528053236649,1.6366525780484218,1.7213756726013159,100,0,1
2025.09.22,11:14:44,1.693528295168271,1.7642225297072875,1.6422626861645244,1.7641664336194913,100,0,1
2025.09.22,11:15:44,1.6512519022155654,1.7585287161369358,1.620750935937341,1.7319411064423138,100,0,1
2025.09.22,11:16:44,1.721924627246713,1.7604954536274329,1.6794121015570194,1.738796261202997,100,0,1
2025.09.22,11:17:44,1.7980300747882363,1.8655722961213823,1.7360323803393476,1.8135326693673404,100,0,1
2025.09.22,11:18:44,1.8203757113368662,1.8919004880567312,1.751272480372937,1.7761964771195502,100,0,1
2025.09.22,11:19:44,1.870941285668252,1.9378420025235898,1.7964348478057452,1.8591284201656753,100,0,1
2025.09.22,11:20:44,1.8459193286839233,1.893996551216943,1.802816058542792,1.8632823982763076,100,0,1
2025.09.22,11:21:44,1.8864604932325257,1.899076603754427,1.882224070072111,1.8845367216011262,100,0,1
2025.09.22,11:22:44,1.8870429707719432,1.9689322552765238,1.8040741099358397,1.8958094708959312,100,0,1
2025.09.22,11:23:44,1.8497403656311862,1.9158026694008514,1.7823789680311046,1.7845222704430115,100,0,1
2025.09.22,11:24:44,1.8758967587541122,1.8805039327529638,1.8283837105002079,1.8659738787886115,100,0,1
2025.09.22,11:25:44,1.8781355170522736,1.9126982345390438,1.8241078992856978,1.855263783003339,100,0,1
2025.09.22,11:26:44,1.9153576254803886,1.9582984188114743,1.854320768108683,1.9008359818623333,100,0,1
2025.09.22,11:27:44,1.891770181139692,1.9407658082720114,1.8251499958243904,1.905528850627731,100,0,1
2025.09.22,11:28:44,1.963314893335369,1.9996346729935612,1.932674359227412,1.9329107408937019,100,0,1
2025.09.22,11:29:44,1.9648273783149495,2.029448520523177,1.8930526118391808,1.9185518472449503,100,0,1
2025.09.22,11:30:44,1.9975245101856818,2.0206749050973647,1.9341832724276065,1.9406863607509273,100,0,1
2025.09.22,11:31:44,1.9662867467754563,2.0326205935841815,1.9316595890243347,1.9954525438155966,100,0,1
2025.09.22,11:32:44,1.889920579630434,1.9495123828238208,1.8289969016495369,1.916291688402731,100,0,1
2025.09.22,11:33:44,1.9244340555217725,1.9942922198154847,1.854771310035407,1.9262814439904705,100,0,1
2025.09.22,11:34:44,1.8426130564691743,1.881144172962805,1.8064736538957353,1.8424860910714844,100,0,1
2025.09.22,11:35:44,1.9217582958538713,1.9371732291880113,1.905726335686632,1.9071325680531017,100,0,1
2025.09.22,11:36:44,1.9230861231160215,1.9705457118837666,1.8984306464659675,1.9538028458410055,100,0,1
2025.09.22,11:37:44,1.8680647524228835,1.913613156427652,1.8173460854331047,1.819710345259281,100,0,1
2025.09.22,11:38:44,1.911100919685433,1.9795703264178997,1.8759717198102284,1.9325712210581836,100,0,1
2025.09.22,11:39:44,1.9588620225137163,2.0177349985886854,1.896174172999081,1.941167426446819,100,0,1
2025.09.22,11:40:44,1.9447095065602025,1.9894581948219165,1.895864954324607,1.9224085267815199,100,0,1
2025.09.22,11:41:44,1.9549535587170754,1.9756843844682292,1.915806080927009,1.9268926013102143,100,0,1
2025.09.22,11:42:44,1.9373952371577716,1.9700427437427075,1.891754394877757,1.9069235356836733,100,0,1
2025.09.22,11:43:44,1.9294518567429522,1.9906599728885717,1.8782391183030012,1.9074889873446337,100,0,1
2025.09.22,11:44:44,1.9191905916648286,1.9522567785281653,1.8801685397057433,1.90014834933511,100,0,1
2025.09.22,11:45:44,1.8419814472864382,1.9328733165075453,1.786848231784297,1.805747432898862,100,0,1
2025.09.22,11:46:44,1.8395459390406887,1.8774984367681007,1.8113230666820388,1.8135012210036996,100,0,1
2025.09.22,11:47:44,1.7981810259798956,1.8745912492270853,1.7670465594837883,1.787759510905866,100,0,1
2025.09.22,11:48:44,1.8452396179275794,1.9012350780753344,1.8158894477417873,1.8941207442110424,100,0,1
2025.09.22,11:49:44,1.8059508200040315,1.879549372007326,1.7658205266225422,1.7903742263665752,100,0,1
2025.09.22,11:50:44,1.8303937875265945,1.8942105312727808,1.7811778440586334,1.820751271274609,100,0,1
2025.09.22,11:51:44,1.8838976801542904,1.93946276619142,1.8632440323517594,1.9156383956614826,100,0,1
2025.09.22,11:52:44,1.917179405150388,1.9606294970617735,1.849618567253027,1.9208252921417859,100,0,1
2025.09.22,11:53:44,1.9970012961935115,2.0239318980151975,1.943902169353906,1.961480635448863,100,0,1
2025.09.22,11:54:44,2.0102035115471866,2.050207481018125,2.0015326791480703,2.0274960524961676,100,0,1
2025.09.22,11:55:44,2.0496135191430542,2.1176133131900556,1.9923320248525962,2.0914057921446445,100,0,1
2025.09.22,11:56:44,2.10863344776591,2.200536218193509,2.0593680387101103,2.172757198649825,100,0,1
2025.09.22,11:57:44,2.080566743978006,2.1301851575237496,2.056193270796627,2.078025899434095,100,0,1
2025.09.22,11:58:44,2.1273911853584058,2.1410834407452892,2.048122529178444,2.0955751330820602,100,0,1
2025.09.22,11:59:44,2.140134967176048,2.192735864129165,2.0823669848148656,2.0835149654253953,100,0,1
2025.09.22,12:00:44,2.192247596022975,2.2472287730792417,2.1426738558101293,2.1982761984986263,100,0,1
2025.09.22,12:01:44,2.2058519167605453,2.2508324105428614,2.148358352901936,2.2397464304700545,100,0,1
2025.09.22,12:02:44,2.167221340099309,2.2340700882225684,2.1445685938110004,2.157750581430627,100,0,1
2025.09.22,12:03:44,2.0957280039743913,2.141906111384844,2.0771096529783195,2.1255923166495503,100,0,1
2025.09.22,12:04:44,2.0699895124794234,2.1135833345135535,2.0279059335602763,2.083992490766673,100,0,1
2025.09.22,12:05:44,2.022360729366755,2.0924823416124014,1.9243018372819631,1.9676731964579202,100,0,1
2025.09.22,12:06:44,2.095022897506341,2.151452873826547,2.0054432637606197,2.1254673003773785,100,0,1
2025.09.22,12:07:44,2.1527072916027845,2.2130693204119987,2.0963285985049276,2.2088745629698088,100,0,1
2025.09.22,12:08:44,2.1763759772432576,2.247526104271608,2.0940542415691166,2.154098777466328,100,0,1
2025.09.22,12:09:44,2.1796848002452838,2.2003086794161724,2.133067378921863,2.1448393127710395,100,0,1
2025.09.22,12:10:44,2.145736040476707,2.2164031922554526,2.107418571197428,2.139926241796131,100,0,1
2025.09.22,12:11:44,2.101141859278181,2.150600530550261,2.038904672717847,2.1367424815101996,100,0,1
2025.09.22,12:12:44,2.120594606664675,2.15320878339623,2.0518213441428053,2.0820715239726617,100,0,1
2025.09.22,12:13:44,2.018727666227934,2.0553601253596807,1.9833532030343186,2.0381538915316195,100,0,1
2025.09.22,12:14:44,2.1057042848515524,2.1586350458357,2.0612283914362783,2.1456234398658314,100,0,1
2025.09.22,12:15:44,2.1125574220595835,2.173801839762599,2.05253316716887,2.1675906245797796,100,0,1
2025.09.22,12:16:44,2.1816316902417925,2.2252317670551056,2.103393979500112,2.1915248896983934,100,0,1
2025.09.22,12:17:44,2.265366551056803,2.3172806971398376,2.2330240689409604,2.309877835243537,100,0,1
2025.09.22,12:18:44,2.2472453427739207,2.2961475138203196,2.212317006239647,2.263284419101514,100,0,1
2025.09.22,12:19:44,2.367462097351021,2.4600468595356006,2.3177513133227823,2.4472787311900257,100,0,1
2025.09.22,12:20:44,2.3081413555096426,2.3179099885414534,2.2768267953900887,2.297140343326458,100,0,1
2025.09.22,12:21:44,2.304482798297999,2.342605622289462,2.296757568628976,2.326907114085605,100,0,1
2025.09.22,12:22:44,2.26785202958073,2.3056940579236063,2.229207753588041,2.2311256085846614,100,0,1
2025.09.22,12:23:44,2.368313666691691,2.4316308791420638,2.277661228489663,2.412922467152647,100,0,1
2025.09.22,12:24:44,2.412782865870789,2.470974392392404,2.365169867010814,2.4282861943090803,100,0,1
2025.09.22,12:25:44,2.335786986477246,2.36028436536925,2.2758264669998116,2.3553973341326593,100,0,1
2025.09.22,12:26:44,2.3249797511055093,2.3426596149051497,2.2760107451660563,2.2769200949060426,100,0,1
2025.09.22,12:27:44,2.26007747297898,2.28533373474654,2.255102727667865,2.2781210674148062,100,0,1
2025.09.22,12:28:44,2.300092754258515,2.368093482752912,2.2439236207292907,2.3660711445984783,100,0,1
2025.09.22,12:29:44,2.2387393423215047,2.308288119840652,2.1797608745599835,2.179974043057305,100,0,1
2025.09.22,12:30:44,2.269639450922699,2.2756961658656136,2.197882368695301,2.2282822167609635,100,0,1
2025.09.22,12:31:44,2.2732042416962934,2.3158510977549893,2.2429637119697,2.283415675881679,100,0,1
2025.09.22,12:32:44,2.217231038521933,2.2807718464223616,2.193153865314188,2.2453528061339694,100,0,1
2025.09.22,12:33:44,2.216589153261174,2.2351170025210076,2.1524831926282944,2.177477059992402,100,0,1
2025.09.22,12:34:44,2.187622537908414,2.2293277745483087,2.10394720856418,2.152820607286127,100,0,1
2025.09.22,12:35:44,2.202606103854683,2.2557247618578655,2.158664720781443,2.2174946691149895,100,0,1
2025.09.22,12:36:44,2.1733264281206783,2.2087664990390374,2.127090338188455,2.13276535995968,100,0,1
2025.09.22,12:37:44,2.29679088163936,2.3293343071386308,2.224063843517024,2.3086555287481247,100,0,1
2025.09.22,12:38:44,2.2562854938920456,2.291139013779254,2.2087484111378126,2.2748053440899016,100,0,1
2025.09.22,12:39:44,2.3535425464331965,2.3837859887919195,2.2793155326612364,2.374854032529948,100,0,1
2025.09.22,12:40:44,2.3980083893424697,2.436681826795998,2.366113941302354,2.4096194992461095,100,0,1
2025.09.22,12:41:44,2.381116151984724,2.43890834322097,2.3049396858604445,2.307570233750967,100,0,1
2025.09.22,12:42:44,2.334149223831523,2.407008963630204,2.2568981706974935,2.3411487391236925,100,0,1
2025.09.22,12:43:44,2.3866860685903544,2.445963607891368,2.3462809164713976,2.417748205027661,100,0,1
2025.09.22,12:44:44,2.3405016200285216,2.4159895916397893,2.3021358945006054,2.307056976588599,100,0,1
2025.09.22,12:45:44,2.3346521948467056,2.3658984520679507,2.2668324709389607,2.3346894383397245,100,0,1
2025.09.22,12:46:44,2.3735152379497637,2.4328005829323525,2.32381797790736,2.4104807050616754,100,0,1
2025.09.22,12:47:44,2.4156670494407075,2.451545694796672,2.353542451484381,2.4324399415219027,100,0,1
2025.09.22,12:48:44,2.3990147795325103,2.4244989447784193,2.322959021529114,2.324769510347431,100,0,1
2025.09.22,12:49:44,2.345243050222909,2.3794086104267946,2.2838658007471206,2.315294313119919,100,0,1
2025.09.22,12:50:44,2.3947663094884932,2.4221521290567916,2.320120446529566,2.4146178803614093,100,0,1
2025.09.22,12:51:44,2.4568697545627702,2.484033973164668,2.413437483337681,2.4135130238117086,100,0,1
2025.09.22,12:52:44,2.4672914368356946,2.535624951625822,2.422515333255408,2.5094454194345266,100,0,1
2025.09.22,12:53:44,2.425763107761091,2.462104173269202,2.3602471287843367,2.4478592877770424,100,0,1
2025.09.22,12:54:44,2.4977301186564658,2.5585185828131087,2.457107764009345,2.5432436874474655,100,0,1
2025.09.22,12:55:44,2.3265165301508195,2.357558505460434,2.2717299256397836,2.2970838117446197,100,0,1
2025.09.22,12:56:44,2.322332599707672,2.3387247156550313,2.2842742234183593,2.293111825295858,100,0,1
2025.09.22,12:57:44,2.329663437970865,2.3974008726277187,2.256072711134109,2.28804090541739,100,0,1
2025.09.22,12:58:44,2.3063723166757097,2.3121281064126116,2.2530929384023435,2.2562816968201234,100,0,1
2025.09.22,12:59:44,2.3166733339841468,2.3527860170748207,2.264735223054811,2.270663782155018,100,0,1
2025.09.22,13:00:44,2.2403030541487503,2.3145991788079985,2.195528249160781,2.196914339960833,100,0,1
2025.09.22,13:01:44,2.325714914729504,2.3794774079254544,2.3047368020567474,2.356858878141794,100,0,1
2025.09.22,13:02:44,2.3286258254231877,2.407798745399795,2.2928076915797027,2.3910671059382804,100,0,1
2025.09.22,13:03:44,2.3444182059910093,2.3891757623138736,2.2839551497645405,2.3832470519707347,100,0,1
2025.09.22,13:04:44,2.3318419439923805,2.3819205543889965,2.252405202608349,2.261140079380421,100,0,1
2025.09.22,13:05:44,2.264190057626828,2.3260797888099516,2.2467086893503803,2.3051924083181228,100,0,1
2025.09.22,13:06:44,2.2435357742092057,2.296715065444078,2.1757629818376003,2.2366011346018593,100,0,1
2025.09.22,13:07:44,2.3371123715133937,2.3942265067565023,2.28207221495461,2.330407400502069,100,0,1
2025.09.22,13:08:44,2.333464673732555,2.3753318367434297,2.2967772801362756,2.371634815558975,100,0,1
2025.09.22,13:09:44,2.365829869451357,2.420199586323764,2.311468030626111,2.3884219966361147,100,0,1
2025.09.22,13:10:44,2.343901420910057,2.4050591637252987,2.3233449133437194,2.356539291732248,100,0,1
2025.09.22,13:11:44,2.3270581225971814,2.36673942784566,2.2755194380360613,2.292539152262232,100,0,1
2025.09.22,13:12:44,2.3190890893021083,2.361074138072112,2.3043183127169167,2.3129369976667413,100,0,1
2025.09.22,13:13:44,2.3060802331995003,2.335323452499557,2.250623948919421,2.2844368237270514,100,0,1
2025.09.22,13:14:44,2.2466880406012546,2.3234949074843185,2.2202948995603853,2.2451371725207303,100,0,1
2025.09.22,13:15:44,2.1377170280076285,2.215734637074727,2.090330816734251,2.1411774085865805,100,0,1
2025.09.22,13:16:44,2.127326411459783,2.1640942965005423,2.1016720183281365,2.15520874120728,100,0,1
2025.09.22,13:17:44,2.1714972040333995,2.2367927055837056,2.102719498776833,2.107397238471716,100,0,1
2025.09.22,13:18:44,2.076338685338894,2.1113107104479405,2.0494815539177753,2.080863182987847,100,0,1
2025.09.22,13:19:44,2.103875950503956,2.1255210886226066,2.0482581413775303,2.099280811332769,100,0,1
2025.09.22,13:20:44,2.096116808251394,2.1246239931062245,2.0167352048491236,2.058228765094828,100,0,1
2025.09.22,13:21:44,2.0635394365547657,2.1066534479352184,2.0035385000825428,2.044691314037302,100,0,1
2025.09.22,13:22:44,2.0753482670268615,2.1498633166570005,2.017447351021359,2.052577416447376,100,0,1
2025.09.22,13:23:44,2.0765205085149856,2.1504547329491666,2.0111286032011386,2.1023456568403516,100,0,1
2025.09.22,13:24:44,2.149774330844686,2.19826860647938,2.1044588686205334,2.157447144147463,100,0,1
2025.09.22,13:25:44,2.179351431771843,2.2303375800313887,2.133444690757318,2.1350763839824816,100,0,1
2025.09.22,13:26:44,2.1547389413550024,2.2133625917261313,2.1042160102601657,2.144323959967487,100,0,1
2025.09.22,13:27:44,2.135585067325855,2.205024215149369,2.0990184996403545,2.1749547827799276,100,0,1
2025.09.22,13:28:44,2.138651678371245,2.186491972530422,2.133074231879252,2.1587008875410505,100,0,1
2025.09.22,13:29:44,2.1590319805501967,2.1984350604198943,2.129957695717571,2.1403288120384665,100,0,1
2025.09.22,13:30:44,2.122693225608577,2.1690563610278515,2.0745312690090354,2.0998575928400114,100,0,1
2025.09.22,13:31:44,2.17851629643417,2.198809215283451,2.1162647848957703,2.15162918847826,100,0,1
2025.09.22,13:32:44,2.1566672302056062,2.21538369457954,2.1147764022567057,2.1434197115869096,100,0,1
2025.09.22,13:33:44,2.228997863588943,2.24121177593943,2.187661831990369,2.2369438630786456,100,0,1
2025.09.22,13:34:44,2.2241694813579196,2.249468630488772,2.1513540664170208,2.1988428621794753,100,0,1
2025.09.22,13:35:44,2.1815831174063374,2.252921927910048,2.1342181804095635,2.134483415951166,100,0,1
2025.09.22,13:36:44,2.2157794871265537,2.221676405154612,2.1575904776420867,2.1957006556128444,100,0,1
2025.09.22,13:37:44,2.144774625113032,2.1629722485545817,2.1038386530144115,2.1220962279438518,100,0,1
2025.09.22,13:38:44,2.134820403891273,2.1824292352924877,2.0684769571680572,2.0741364658137065,100,0,1
2025.09.22,13:39:44,2.1834814442723585,2.2030874495649404,2.1815765089090524,2.191416306417869,100,0,1
2025.09.22,13:40:44,2.2653058606331666,2.3124492355259334,2.2399968626256457,2.2721695377414695,100,0,1
2025.09.22,13:41:44,2.1863360876843325,2.2152941535548933,2.1208725018749317,2.1833833144309525,100,0,1
2025.09.22,13:42:44,2.238450029726641,2.2783082951423594,2.132853798285243,2.228843139254189,100,0,1
2025.09.22,13:43:44,2.2401092132327505,2.2782442389445414,2.2026955396148984,2.242975022005019,100,0,1
2025.09.22,13:44:44,2.2457310291005776,2.2782178158493323,2.204451563129158,2.256360659003342,100,0,1
2025.09.22,13:45:44,2.2568945158989506,2.270600733923823,2.227580532710949,2.242599845561478,100,0,1
2025.09.22,13:46:44,2.191530254480749,2.217630644162465,2.1815310103018204,2.2002734250667455,100,0,1
2025.09.22,13:47:44,2.172909996194729,2.1839130431825997,2.1061981816574598,2.170328699409079,100,0,1
2025.09.22,13:48:44,2.153849164329492,2.1854881196086264,2.1063245223613514,2.122640437682045,100,0,1
2025.09.22,13:49:44,2.1618265693992753,2.1782131743146733,2.1195400909467303,2.1199763418183086,100,0,1
2025.09.22,13:50:44,2.133674946244429,2.1772651352955372,2.0643071105356845,2.173184078965195,100,0,1
2025.09.22,13:51:44,2.15691552005491,2.192922117451399,2.100859098127358,2.1735913886277967,100,0,1
2025.09.22,13:52:44,2.1487985214119796,2.1809896378017886,2.090252485213884,2.1144989041620015,100,0,1
2025.09.22,13:53:44,2.207571353679094,2.22455198248451,2.176993239907128,2.219301093083872,100,0,1
2025.09.22,13:54:44,2.2777532354582366,2.3317721820667736,2.2478268533517354,2.270525749376004,100,0,1
2025.09.22,13:55:44,2.2540796064089124,2.3311088233197803,2.213511749023577,2.313335909280759,100,0,1
2025.09.22,13:56:44,2.238007644659372,2.3166097390299547,2.1757886117706997,2.295472412505039,100,0,1
2025.09.22,13:57:44,2.2638209416059425,2.32058975889798,2.2023142611134188,2.30754717881625,100,0,1
2025.09.22,13:58:44,2.3405320439929453,2.4063577089652637,2.276394510193511,2.3519751501002424,100,0,1
2025.09.22,13:59:44,2.230614486316218,2.275453928902398,2.181013281169918,2.2720093395631378,100,0,1
2025.09.22,14:00:44,2.2271976424605264,2.2543023836755762,2.181908584299039,2.188595088295519,100,0,1
2025.09.22,14:01:44,2.2754311517611265,2.298760072497914,2.212962315954055,2.27103505373084,100,0,1
2025.09.22,14:02:44,2.307052178769591,2.4106087070402173,2.2371706683842714,2.40364310985328,100,0,1
2025.09.22,14:03:44,2.3205950857986726,2.3691198916692144,2.2811397294434155,2.347976519035612,100,0,1
2025.09.22,14:04:44,2.26561362725328,2.303411125234834,2.200102688668346,2.2752329992123275,100,0,1
2025.09.22,14:05:44,2.3154297950407337,2.3545774495230525,2.232597581140033,2.302487268121351,100,0,1
2025.09.22,14:06:44,2.2283653531563328,2.274630500081344,2.189818357606524,2.21323853988475,100,0,1
2025.09.22,14:07:44,2.275619429006469,2.345081518941305,2.2200254997098363,2.2481529321325486,100,0,1
2025.09.22,14:08:44,2.4013708516268384,2.4521469586572677,2.29576223917807,2.325665326364686,100,0,1
2025.09.22,14:09:44,2.312288893593167,2.3356183619401407,2.2478479866683996,2.2862393259566147,100,0,1
2025.09.22,14:10:44,2.3081476090451036,2.3552222049886007,2.281623156817354,2.320076097854072,100,0,1
2025.09.22,14:11:44,2.3073338812629047,2.370020147079912,2.262401606074066,2.2993448578416222,100,0,1
2025.09.22,14:12:44,2.4218071725558734,2.444764640530375,2.4012540525743677,2.4143801598772967,100,0,1
2025.09.22,14:13:44,2.405587106600282,2.471196637428,2.381526937236837,2.470647216327445,100,0,1
2025.09.22,14:14:44,2.469120227265682,2.5229427234083452,2.459756231980912,2.475583891755811,100,0,1
2025.09.22,14:15:44,2.5517040006562657,2.5778208641858815,2.5272050191258404,2.573273128558962,100,0,1
2025.09.22,14:16:44,2.6011397205079234,2.652869327848937,2.5499155454768725,2.6164129370953955,100,0,1
2025.09.22,14:17:44,2.584420239096548,2.646182566511094,2.5151855292585545,2.623992929826673,100,0,1
2025.09.22,14:18:44,2.543867564718591,2.611011328903002,2.499646495793083,2.5011159267680534,100,0,1
2025.09.22,14:19:44,2.577523274658821,2.583864025531714,2.5315926192332974,2.567738168766785,100,0,1
2025.09.22,14:20:44,2.5067349654148283,2.581713545251497,2.4666403776036305,2.4904290150071473,100,0,1
2025.09.22,14:21:44,2.5307651708178263,2.582266929287493,2.487855119207886,2.53213853459407,100,0,1
2025.09.22,14:22:44,2.5137465813773945,2.5402389159385415,2.4511717045394588,2.4892580218600995,100,0,1
2025.09.22,14:23:44,2.4429268300580222,2.502718999023748,2.4060682216148086,2.443591661339183,100,0,1
2025.09.22,14:24:44,2.441305441564886,2.478965820327969,2.4163489431002954,2.459885086737619,100,0,1
2025.09.22,14:25:44,2.4412613859677412,2.4938540708141117,2.413112505957538,2.4352385985111478,100,0,1
2025.09.22,14:26:44,2.3059723401009045,2.362881351294389,2.2400471139528833,2.283133185615127,100,0,1
2025.09.22,14:27:44,2.2534853016068723,2.295269316867485,2.189785414547725,2.276523228608968,100,0,1
2025.09.22,14:28:44,2.3333628824871617,2.3902863819887026,2.2540231029288327,2.2917136147269273,100,0,1
2025.09.22,14:29:44,2.2837765752599015,2.3409285362440375,2.213323526495,2.333300839801433,100,0,1
2025.09.22,14:30:44,2.309623441735178,2.3583623321176237,2.237946777446255,2.3239003742163877,100,0,1
2025.09.22,14:31:44,2.338492733448816,2.408310726802488,2.2915477759036733,2.3090006194868042,100,0,1
2025.09.22,14:32:44,2.3556501117358835,2.3974574195728957,2.2847549639996334,2.3113134228767604,100,0,1
2025.09.22,14:33:44,2.349993445019568,2.4117018537822874,2.2804496808507726,2.292404004227062,100,0,1
2025.09.22,14:34:44,2.271573435057372,2.314677441831379,2.208754897025013,2.293144523626692,100,0,1
2025.09.22,14:35:44,2.24056926943712,2.311358489935176,2.190965010494006,2.29442636132975,100,0,1
2025.09.22,14:36:44,2.2261074894826898,2.2518793364409726,2.145843215173465,2.250632632382192,100,0,1
2025.09.22,14:37:44,2.1342685209547363,2.2104967567649254,2.0948515367211695,2.116160961744378,100,0,1
2025.09.22,14:38:44,2.051212736227838,2.080341987757095,1.9472358661123754,1.9945589195858657,100,0,1
2025.09.22,14:39:44,2.0356804121458256,2.0648119422701225,1.9960843655550076,2.0201128484615625,100,0,1
2025.09.22,14:40:44,2.064074261869995,2.1170518837011887,1.9900163685759544,2.097803911705894,100,0,1
2025.09.22,14:41:44,1.945719138875474,2.0040109787727025,1.9068819672509763,1.9105239535220992,100,0,1
2025.09.22,14:42:44,1.893571803334927,1.9531722767971764,1.8175665437724786,1.828879538391232,100,0,1
2025.09.22,14:43:44,1.8556811644415279,1.89205265225036,1.7942176056149373,1.8137903736919796,100,0,1
2025.09.22,14:44:44,1.8772173948600288,1.9284607872832187,1.809491348094232,1.8821511482311255,100,0,1
2025.09.22,14:45:44,1.855698488849698,1.8949284400208048,1.8267853229664262,1.883941021456496,100,0,1
2025.09.22,14:46:44,1.8849091818984516,1.9513304870135044,1.8161049125108648,1.8200445278047652,100,0,1
2025.09.22,14:47:44,1.9430075037227992,2.0003125875204946,1.8822229101484798,1.8952495877631887,100,0,1
2025.09.22,14:48:44,1.9211280960679573,1.9417622870127875,1.9022675285028878,1.9065673156418492,100,0,1
2025.09.22,14:49:44,1.9096673226365506,1.9439646126242685,1.8710217279081016,1.9372126739888609,100,0,1
2025.09.22,14:50:44,1.940603563928594,1.9928530082671938,1.8924614897020513,1.9037095745438593,100,0,1
2025.09.22,14:51:44,2.059738387901235,2.125667973404453,1.9735247832796152,2.0345077458523546,100,0,1
2025.09.22,14:52:44,2.055216851805264,2.0815543304487605,1.9980501656400431,2.016287023805277,100,0,1
2025.09.22,14:53:44,2.060285029565835,2.0895564245005387,1.9777300620383151,2.0817915922068297,100,0,1
2025.09.22,14:54:44,2.0429951443841694,2.0535888849660746,2.0086369028786084,2.011906475971274,100,0,1
2025.09.22,14:55:44,2.0478480810051867,2.1069716891240873,2.0234227120601322,2.039018130622157,100,0,1
2025.09.22,14:56:44,2.0635412691899853,2.075644485154986,2.009331573443297,2.0473536273611495,100,0,1
2025.09.22,14:57:44,2.0534585374880447,2.100872685715118,2.005696390454683,2.0940419985543426,100,0,1
2025.09.22,14:58:44,2.041847934429438,2.0787095843518757,1.9614840801886264,2.0066875130665487,100,0,1
2025.09.22,14:59:44,2.068471000849764,2.1176601573782863,1.9806669110064328,2.099677503510531,100,0,1
2025.09.22,15:00:44,2.064112952669452,2.1390144261301844,2.018747514662133,2.0781582058012003,100,0,1
2025.09.22,15:01:44,2.093544497006026,2.156430965208251,2.038309582742872,2.1339792473599863,100,0,1
2025.09.22,15:02:44,2.07939981312269,2.124094169560744,2.0369211434364334,2.0778795432269317,100,0,1
2025.09.22,15:03:44,2.0803249213165853,2.1191578941432136,2.0066865101289433,2.034837623089629,100,0,1
2025.09.22,15:04:44,2.02927158173673,2.0835566882378447,1.955469470812152,1.999020493567336,100,0,1
2025.09.22,15:05:44,2.1013876934872386,2.1497358348932893,2.0198649287941524,2.125127186770437,100,0,1
2025.09.22,15:06:44,1.9961179338419865,2.0619965758424343,1.9444926478505307,1.9600525908116126,100,0,1
2025.09.22,15:07:44,1.9832037951834594,2.0207915103509486,1.9487660241429015,1.9617538861395625,100,0,1
2025.09.22,15:08:44,2.002322077371446,2.0624911258695127,1.920923087360167,1.9617658531864384,100,0,1
2025.09.22,15:09:44,2.0705800082211367,2.133964960680931,2.0377113219265692,2.0793252911541074,100,0,1
2025.09.22,15:10:44,2.0212967478177566,2.095587222905576,1.981248558728464,2.0852339248999727,100,0,1
2025.09.22,15:11:44,1.8964399923100481,1.9579763008965039,1.8451931992492547,1.9243560531656205,100,0,1
2025.09.22,15:12:44,1.9220996027372583,1.9847473508693496,1.8991881504531833,1.911980280384118,100,0,1
2025.09.22,15:13:44,1.9174699649846525,1.9438499646594536,1.8515066191910095,1.8804391296745835,100,0,1
2025.09.22,15:14:44,1.9212935348042413,1.9715200657359078,1.867877025869388,1.9331580609201173,100,0,1
2025.09.22,15:15:44,1.870305685632909,1.9592298416172014,1.8033259667957646,1.845117565707433,100,0,1
2025.09.22,15:16:44,1.874202620809286,1.9507124123178918,1.8086765469928345,1.8658350205159842,100,0,1
2025.09.22,15:17:44,1.9027413136524542,1.9405776374543744,1.8668095055278073,1.8694756948646392,100,0,1
2025.09.22,15:18:44,1.957455533866998,2.0070380110484285,1.9238116832945769,1.9634701386023479,100,0,1
2025.09.22,15:19:44,1.8890251572238848,1.9609206090965898,1.8577088463176425,1.9330815683424716,100,0,1
2025.09.22,15:20:44,1.8869939046405806,1.9226501482995748,1.8526319494669305,1.8538870695111997,100,0,1
2025.09.22,15:21:44,1.87379498579324,1.9080482062773345,1.7765009393857418,1.9018728372507487,100,0,1
2025.09.22,15:22:44,1.9012140481832822,1.9548095454602756,1.8168184144730397,1.8724527214219118,100,0,1
2025.09.22,15:23:44,1.9979620505907674,2.0478978637355403,1.9337569245955157,1.961913696531276,100,0,1
2025.09.22,15:24:44,2.0469495639407826,2.122830634903931,1.997045397378367,2.016775997313613,100,0,1
2025.09.22,15:25:44,2.051129494020354,2.0798245154137875,2.0075060909434046,2.0160278845883917,100,0,1
2025.09.22,15:26:44,2.025921744535713,2.064357877089539,1.9843203071224862,2.0093576366503574,100,0,1
2025.09.22,15:27:44,2.0654541105936506,2.112567918548229,2.0276083910814044,2.0410224296715453,100,0,1
2025.09.22,15:28:44,2.0760487776107435,2.115032329860368,2.021268293740418,2.108255926970653,100,0,1
2025.09.22,15:29:44,2.061013215663097,2.1237652504929105,1.9935371436173972,2.062224997576338,100,0,1
2025.09.22,15:30:44,2.043918255074843,2.0492684194980857,1.982887058142179,2.0035425488054477,100,0,1
2025.09.22,15:31:44,1.9505365265318837,1.971881060342152,1.874285319981662,1.890932561489062,100,0,1
2025.09.22,15:32:44,1.9493343917282353,2.0217156543750776,1.8799985617606578,1.9561340387261077,100,0,1
2025.09.22,15:33:44,1.9704871477221098,1.9911221852256868,1.9112879628558437,1.9724354886223383,100,0,1
2025.09.22,15:34:44,1.9579315020159551,2.019889233648604,1.9166855531988358,1.969343603316995,100,0,1
2025.09.22,15:35:44,1.8421110574761823,1.8921719917094488,1.8049874730988529,1.80678958095599,100,0,1
2025.09.22,15:36:44,1.8967794600506913,1.9388528005393155,1.8451667921656012,1.9327121368360887,100,0,1
2025.09.22,15:37:44,1.8896560158039624,1.9459158817156852,1.8192604065144833,1.863820322277221,100,0,1
2025.09.22,15:38:44,1.9116170208529888,1.9699242128618804,1.8839874863166424,1.9568256480385484,100,0,1
2025.09.22,15:39:44,1.8866564670032406,1.900496699084476,1.8602777907270913,1.8757647314502734,100,0,1
2025.09.22,15:40:44,1.9003277757095438,1.996246282858313,1.8196009096228662,1.8794954428215087,100,0,1
2025.09.22,15:41:44,1.8376092332867466,1.9120532195777749,1.77606879180766,1.8793108363899664,100,0,1
2025.09.22,15:42:44,1.8790890218824798,1.9219886230721215,1.813392517072436,1.8853951673105127,100,0,1
2025.09.22,15:43:44,1.9197475388535317,1.9787992038039262,1.8243610731581443,1.8811908776810549,100,0,1
2025.09.22,15:44:44,2.000350540864586,2.0422160282517283,1.9239754324399911,1.9252822014072895,100,0,1
2025.09.22,15:45:44,2.0949060743668033,2.11736814837157,2.0469151268105037,2.103332141231009,100,0,1
2025.09.22,15:46:44,2.004837480439508,2.043073661332227,1.922936115789427,1.9270200787442684,100,0,1
2025.09.22,15:47:44,1.9841013249903816,2.0504895216763366,1.9470524651485368,1.9999767071729897,100,0,1
2025.09.22,15:48:44,1.9905255345982955,2.006819346940944,1.9257208037114844,1.9966841176602441,100,0,1
2025.09.22,15:49:44,1.9338312095515562,1.9814225975173374,1.90197485657174,1.9536418695307263,100,0,1
2025.09.22,15:50:44,1.96170380565623,1.9916548719816638,1.892808147813571,1.9346126943984208,100,0,1
2025.09.22,15:51:44,1.9753232256560413,1.9989537328750875,1.9362587006981664,1.9522371206921623,100,0,1
2025.09.22,15:52:44,1.9838631280531231,2.0366190362218264,1.9709846770683859,2.0313318368674316,100,0,1
2025.09.22,15:53:44,1.9890495843307316,2.0101332618535563,1.9252775686080588,1.9515928883061011,100,0,1
2025.09.22,15:54:44,2.030881100396847,2.0967238349578854,2.0070686479526767,2.070101883476553,100,0,1
2025.09.22,15:55:44,2.0585824445299443,2.0649144251766822,1.9970360027214518,2.045428550912232,100,0,1
2025.09.22,15:56:44,2.0416166114006535,2.0794498203811647,2.0345904453440387,2.06948690459947,100,0,1
2025.09.22,15:57:44,2.13927195703804,2.2234990592697024,2.065521686894023,2.1876193082333097,100,0,1
2025.09.22,15:58:44,2.2066190592238857,2.2540332687349904,2.1243916275247603,2.1567897281513004,100,0,1
2025.09.22,15:59:44,2.250519036247782,2.2994387774484877,2.1841515156858557,2.2006421331933206,100,0,1
2025.09.22,16:00:44,2.190637397727783,2.247875394516049,2.127018768748582,2.234784819115855,100,0,1
2025.09.22,16:01:44,2.2472901831940546,2.2832147136105303,2.21892317460001,2.224629915766151,100,0,1
2025.09.22,16:02:44,2.2203375489006625,2.3063964859405712,2.1283966873377347,2.208149574327094,100,0,1
2025.09.22,16:03:44,2.2526447588711394,2.2817791411027613,2.184779745817284,2.2577877212653434,100,0,1
2025.09.22,16:04:44,2.2633895127739483,2.3358931907135094,2.208100883407977,2.3033787501621537,100,0,1
2025.09.22,16:05:44,2.322662098751971,2.369946128676561,2.2959082117617324,2.300723150984305,100,0,1
2025.09.22,16:06:44,2.252479430375402,2.264001605298911,2.2113460499102464,2.2569849354991054,100,0,1
2025.09.22,16:07:44,2.231070478344114,2.307091472664805,2.2160579602137846,2.248692396309344,100,0,1
2025.09.22,16:08:44,2.2757448793216994,2.3068306419239737,2.21519712668502,2.239119846847048,100,0,1
2025.09.22,16:09:44,2.3693087891548283,2.429598497882145,2.3078541636975296,2.4036408457964473,100,0,1
2025.09.22,16:10:44,2.363863547223844,2.4258045140120705,2.3186751489880555,2.3235443445874835,100,0,1
2025.09.22,16:11:44,2.3581107101103522,2.380572444216424,2.326505063758891,2.3509828985674175,100,0,1
2025.09.22,16:12:44,2.34966000268927,2.4197880387226878,2.315952587698688,2.390240440933726,100,0,1
2025.09.22,16:13:44,2.4160933164690603,2.449903927798257,2.3462116046615353,2.4377252102916844,100,0,1
2025.09.22,16:14:44,2.406597179793587,2.440336131629111,2.3518269525692097,2.35713647506453,100,0,1
2025.09.22,16:15:44,2.4228311689589885,2.4854337657310475,2.3515018679912907,2.4093478442715495,100,0,1
2025.09.22,16:16:44,2.380836341248917,2.426334685781836,2.3271840972286832,2.37014552410031,100,0,1
2025.09.22,16:17:44,2.4796912203811368,2.500274619851019,2.4265500443973824,2.4315914691106513,100,0,1
2025.09.22,16:18:44,2.4975743700936763,2.5559366413383646,2.420810414788828,2.4391075624773837,100,0,1
2025.09.22,16:19:44,2.4856433184426305,2.5347260862601324,2.4628456475805405,2.4857888284593788,100,0,1
2025.09.22,16:20:44,2.5408993794276284,2.614465861819949,2.510165561465204,2.5579615631652763,100,0,1
2025.09.22,16:21:44,2.5090500141181824,2.57410854227599,2.464359512005798,2.4646320141608644,100,0,1
2025.09.22,16:22:44,2.3871885566299094,2.406386442269229,2.3336275659117462,2.3875836332800446,100,0,1
2025.09.22,16:23:44,2.3438067058291514,2.42583229767851,2.318416022375518,2.420459551890926,100,0,1
2025.09.22,16:24:44,2.3398788020093724,2.4149304208007223,2.2680692422502706,2.283314293389994,100,0,1
2025.09.22,16:25:44,2.2789718287339626,2.3550772960761552,2.199290463116683,2.301455988537513,100,0,1
2025.09.22,16:26:44,2.3288340719408573,2.396760432412581,2.2814935860566,2.295060854963016,100,0,1
2025.09.22,16:27:44,2.2596983386260154,2.30620717566922,2.232423373181126,2.2448447743550575,100,0,1
2025.09.22,16:28:44,2.297226133689378,2.3957495687066586,2.2474087564046634,2.255724243519143,100,0,1
2025.09.22,16:29:44,2.239509664445024,2.280007809659949,2.1932294268207877,2.245491337788981,100,0,1
2025.09.22,16:30:44,2.1996759954071288,2.200262935226082,2.1782072156798735,2.1859388116577136,100,0,1
2025.09.22,16:31:44,2.219974255995815,2.302757760805605,2.1772118753647502,2.226398308028503,100,0,1
2025.09.22,16:32:44,2.194061572931413,2.2406795670891997,2.170253842990773,2.211792593017424,100,0,1
2025.09.22,16:33:44,2.1622127512370466,2.245846758084598,2.1380754402724405,2.242646724733411,100,0,1
2025.09.22,16:34:44,2.1995504034428763,2.2816894587338172,2.141236346398644,2.2226540292266295,100,0,1
2025.09.22,16:35:44,2.163256343183901,2.183149755043343,2.1332211706224067,2.175047362571551,100,0,1
2025.09.22,16:36:44,2.1603114641932244,2.237972258352415,2.09995992679626,2.1246754013563605,100,0,1
2025.09.22,16:37:44,2.167953471571399,2.194770885088991,2.1297156355542692,2.1813555733497134,100,0,1
2025.09.22,16:38:44,2.197735125644825,2.2200691374935535,2.129287177534242,2.131432099706451,100,0,1
2025.09.22,16:39:44,2.18627665146784,2.2197273613926054,2.087675992106801,2.1371834408385983,100,0,1
2025.09.22,16:40:44,2.209167382023606,2.2514966393439404,2.1523764125319746,2.243745604122801,100,0,1
2025.09.22,16:41:44,2.1399301920458433,2.205381111598697,2.1026052772597517,2.20218449321602,100,0,1
2025.09.22,16:42:44,2.1897576397755607,2.2568559390919236,2.1281236866487094,2.1836776916801557,100,0,1
2025.09.22,16:43:44,2.186912149745698,2.2481550869738887,2.1146817052694042,2.162562906340037,100,0,1
2025.09.22,16:44:44,2.1012593340199324,2.1245033190366898,2.0527454658825848,2.0622336367617145,100,0,1
2025.09.22,16:45:44,2.107550118430735,2.176342134295234,2.0465584791261655,2.0832580962982163,100,0,1
2025.09.22,16:46:44,2.169832875846548,2.238713764682567,2.1050653748782793,2.1144962024951703,100,0,1
2025.09.22,16:47:44,2.108709944173328,2.1526388064559847,2.0430788709560668,2.147310009715325,100,0,1
2025.09.22,16:48:44,2.1417675877735527,2.19790747738835,2.0909239782366296,2.099750783386321,100,0,1
2025.09.22,16:49:44,2.1203194367147957,2.17856802897741,2.06894149688281,2.1784887585354697,100,0,1
2025.09.22,16:50:44,2.043718944533817,2.0962483266824323,2.020260950954873,2.04593570907718,100,0,1
2025.09.22,16:51:44,2.1037330209769425,2.1584586652650226,2.0235423740313494,2.113090654722774,100,0,1
2025.09.22,16:52:44,2.1601504081109115,2.196472739947728,2.1292134380777386,2.163400082020889,100,0,1
2025.09.22,16:53:44,2.1742340590022193,2.1922851489331916,2.1228068133416387,2.1654378249406125,100,0,1
2025.09.22,16:54:44,2.1860922675179437,2.265548245006111,2.152481706786022,2.1941347985111825,100,0,1
2025.09.22,16:55:44,2.185922874394111,2.2555312327413217,2.1301054851040395,2.244742675156713,100,0,1
2025.09.22,16:56:44,2.19249547870411,2.259214255758341,2.1535159500866614,2.249589943960045,100,0,1
2025.09.22,16:57:44,2.160841734040736,2.182675745181512,2.0863734337182267,2.1376282593164757,100,0,1
2025.09.22,16:58:44,2.193931464525994,2.2454747850651393,2.1351510954701407,2.199438286621566,100,0,1
2025.09.22,16:59:44,2.1937507861876657,2.2462145099906796,2.1139657565740677,2.142213947714285,100,0,1
2025.09.22,17:00:44,2.156713351143787,2.20090532366968,2.124404700792031,2.1396604843762765,100,0,1
2025.09.22,17:01:44,2.273457219360025,2.317473543738647,2.2229048064177905,2.241552163212691,100,0,1
2025.09.22,17:02:44,2.2760836256142363,2.366891697513221,2.198740260527941,2.2831819112960376,100,0,1
2025.09.22,17:03:44,2.221886993722934,2.283739779626325,2.1679813366345653,2.2337789713866143,100,0,1
2025.09.22,17:04:44,2.2599378659923723,2.2874967390310803,2.237293587912228,2.247223882272809,100,0,1
2025.09.22,17:05:44,2.2502332737790818,2.287588295732121,2.1995201714502395,2.262435709026292,100,0,1
2025.09.22,17:06:44,2.2024332739043917,2.284783073008407,2.1737607469629316,2.2357030867333254,100,0,1
2025.09.22,17:07:44,2.120971371897721,2.1399017745505255,2.0760343422024774,2.1280348391279107,100,0,1
2025.09.22,17:08:44,2.100289280387537,2.13105831782159,2.059554670358321,2.1135993081654303,100,0,1
2025.09.22,17:09:44,2.12203314399834,2.1342236712386624,2.075177879747778,2.079420414236412,100,0,1
2025.09.22,17:10:44,2.119072983773428,2.169989481353678,2.0749783144979506,2.139427748717674,100,0,1
2025.09.22,17:11:44,2.122521173135683,2.185985041750802,2.102526426977584,2.109511830586874,100,0,1
2025.09.22,17:12:44,2.19296944152366,2.223697790292698,2.118259688948821,2.1821694203049953,100,0,1
2025.09.22,17:13:44,2.300237049222093,2.368803419344638,2.2413773270014232,2.3230432934297456,100,0,1
2025.09.22,17:14:44,2.2536840191851746,2.272135083487891,2.1884716825716857,2.215239730470033,100,0,1
2025.09.22,17:15:44,2.2294995159531847,2.2868727220581433,2.184006220489847,2.253329575048849,100,0,1
2025.09.22,17:16:44,2.311180180340411,2.3669561365125293,2.2360280466251763,2.32604156028197,100,0,1
2025.09.22,17:17:44,2.3981069150090044,2.4340829071344774,2.3822091452053176,2.407892679004259,100,0,1
2025.09.22,17:18:44,2.3688972645800335,2.4046320663199032,2.3460145793925657,2.381187006431645,100,0,1
2025.09.22,17:19:44,2.482730958897604,2.5677935679986006,2.465302668855795,2.5301634144560112,100,0,1
2025.09.22,17:20:44,2.421416543946976,2.4805615373926084,2.332792565008006,2.442496091213523,100,0,1
2025.09.22,17:21:44,2.3641923409665284,2.4090572321609995,2.3028910296966947,2.3926076027320327,100,0,1
2025.09.22,17:22:44,2.2643279523350053,2.271418840462186,2.205237382372169,2.2620209243160625,100,0,1
2025.09.22,17:23:44,2.303372278248603,2.386436653738352,2.2256143936708814,2.3804698933994075,100,0,1
2025.09.22,17:24:44,2.224538968735877,2.274261792019748,2.2185953191124668,2.2455431561562,100,0,1
2025.09.22,17:25:44,2.1660480058225713,2.193933166920333,2.11436211753103,2.1368632955816285,100,0,1
2025.09.22,17:26:44,2.070055474583312,2.1297379942074204,2.015475191490658,2.1271264862021617,100,0,1
2025.09.22,17:27:44,2.144155895118853,2.1891752332805425,2.0907009897431403,2.154572236393557,100,0,1
2025.09.22,17:28:44,2.0690336287398465,2.1491972672612074,2.03736943668795,2.0575575238186574,100,0,1
2025.09.22,17:29:44,2.1231294738861872,2.1753625111579824,2.054898189372978,2.1218307165004577,100,0,1
2025.09.22,17:30:44,2.019597377960001,2.081284757469242,1.9501620307144334,1.9814512733500471,100,0,1
2025.09.22,17:31:44,2.0666001484941523,2.138613861075084,2.0094677510373256,2.029016216482809,100,0,1
2025.09.22,17:32:44,2.076129809939393,2.126816237814242,2.052326360336141,2.099878573973937,100,0,1
2025.09.22,17:33:44,2.145198308171135,2.1839684424389376,2.085633430000358,2.147629464470001,100,0,1
2025.09.22,17:34:44,2.161357640729757,2.2179473348960452,2.1093534817822697,2.159238852373253,100,0,1
2025.09.22,17:35:44,2.275738112469589,2.3054422725526735,2.2467736505866864,2.258107988634539,100,0,1
2025.09.22,17:36:44,2.273998007051176,2.3262458408285847,2.225403461112434,2.3244516783781304,100,0,1
2025.09.22,17:37:44,2.261621377358334,2.269906428921337,2.2029677803463925,2.2690544057689994,100,0,1
2025.09.22,17:38:44,2.13593350308688,2.2066961676894783,2.073847548495747,2.147632438022549,100,0,1
2025.09.22,17:39:44,2.1087071714303316,2.1350881859031268,2.0641823906065127,2.094726347206183,100,0,1
2025.09.22,17:40:44,2.154710256520695,2.172691869560178,2.1037750640515367,2.169970906360681,100,0,1
2025.09.22,17:41:44,2.1573171989341255,2.2189364577151602,2.137703483708042,2.2081181918494637,100,0,1
2025.09.22,17:42:44,2.1148060137378755,2.1436550814639728,2.057817681787225,2.0797954887750185,100,0,1
2025.09.22,17:43:44,2.064215771942435,2.1149622933261147,2.0436304799758567,2.1100161754132576,100,0,1
2025.09.22,17:44:44,2.135024839986939,2.1992216054996345,2.0765864125881834,2.1344357194359755,100,0,1
2025.09.22,17:45:44,2.2388510616050556,2.2713767302475962,2.1742112297869554,2.22869309478699,100,0,1
2025.09.22,17:46:44,2.2607370020728603,2.2980992846534547,2.1741787371029075,2.264604601650151,100,0,1
2025.09.22,17:47:44,2.193760815527159,2.20936074373506,2.134573293428822,2.152097567703264,100,0,1
2025.09.22,17:48:44,2.2018425494301708,2.2548099193128563,2.1556097590889265,2.2517121209868196,100,0,1
2025.09.22,17:49:44,2.1722739917691265,2.2425678144289263,2.149104071420731,2.1526515783155795,100,0,1
2025.09.22,17:50:44,2.1006047449735874,2.184082201654757,2.045203377022166,2.1267911823390153,100,0,1
2025.09.22,17:51:44,2.094943685098173,2.135883276025989,2.046971544457184,2.117222901848707,100,0,1
2025.09.22,17:52:44,2.1022226057063333,2.1878739829795943,2.08282604959029,2.1189920688830752,100,0,1
2025.09.22,17:53:44,2.1706112820624153,2.2111573332558834,2.116037633398682,2.1324007545833785,100,0,1
2025.09.22,17:54:44,2.165543656815979,2.2092773751624706,2.1203256244463904,2.1656241581524065,100,0,1
2025.09.22,17:55:44,2.1029919900081695,2.1501901870761744,2.055932651453288,2.1147438599382737,100,0,1
2025.09.22,17:56:44,2.0769977553796073,2.1238247700637953,2.0582472190344756,2.0743021172909613,100,0,1
2025.09.22,17:57:44,2.064261047059796,2.097293238084148,2.0310422807867394,2.085918821901248,100,0,1
2025.09.22,17:58:44,2.0764248728260988,2.119891130355625,2.0318721020976525,2.0776261308148385,100,0,1
2025.09.22,17:59:44,1.9704509397697827,2.031640959421825,1.9140716752651568,1.948998027331578,100,0,1
2025.09.22,18:00:44,2.029031334615956,2.0840029429055233,1.9824154726968584,2.0804884054453,100,0,1
2025.09.22,18:01:44,2.0270219022146634,2.063998356449219,1.9521757984248265,2.0030597237223327,100,0,1
2025.09.22,18:02:44,1.9257524000152195,2.0135739462271527,1.8793690188341183,1.900817336902383,100,0,1
2025.09.22,18:03:44,2.0079255348467333,2.010977195288425,1.923384282011988,1.9803540956611796,100,0,1
2025.09.22,18:04:44,2.0341990761983277,2.1022736686928973,1.950502908399399,2.059087200933516,100,0,1
2025.09.22,18:05:44,2.0636099229855085,2.122616070206164,2.0575027733118625,2.089448369916283,100,0,1
2025.09.22,18:06:44,1.982509770543907,2.0402998782690496,1.9449834015399858,1.9506834048914439,100,0,1
2025.09.22,18:07:44,1.8992823651236082,1.939252553558132,1.8334896502500815,1.9159193372988355,100,0,1
2025.09.22,18:08:44,1.9031515195897275,1.9522742145715035,1.8696918331950445,1.8713443619823529,100,0,1
2025.09.22,18:09:44,1.970727937622911,2.0173884623853913,1.9318196100523883,1.9854260463629307,100,0,1
2025.09.22,18:10:44,2.073803864300474,2.094579547943145,2.0514334327458075,2.0610339913817985,100,0,1
2025.09.22,18:11:44,1.9782656145055777,2.0413670627957226,1.9049171186303926,1.9729681344544583,100,0,1
2025.09.22,18:12:44,2.0160660301134237,2.041149405371409,1.979347326917109,1.9986763791069313,100,0,1
2025.09.22,18:13:44,1.941932090160767,2.003510667908496,1.8749008082947327,1.9894245391156915,100,0,1
2025.09.22,18:14:44,1.9814009606311809,2.0496718870853883,1.946821769426275,2.040958153364401,100,0,1
2025.09.22,18:15:44,1.9784650663991445,2.020909377683358,1.9307603516410556,1.9939152008071512,100,0,1
2025.09.22,18:16:44,1.9940304141426584,2.012016392092512,1.948313574161791,1.9904900460128307,100,0,1
2025.09.22,18:17:44,1.99620614011108,2.0711694936140232,1.9660636153495765,2.0480611892586036,100,0,1
2025.09.22,18:18:44,1.9054092815349484,1.9501267136577414,1.824959274931256,1.8508253639691057,100,0,1
2025.09.22,18:19:44,1.801673065071214,1.8360615768069322,1.7342096721152132,1.7645580494572035,100,0,1
2025.09.22,18:20:44,1.8634605654629077,1.9232831478937717,1.7743950841396414,1.7904637220816575,100,0,1
2025.09.22,18:21:44,1.9131505522019117,1.9814726347685265,1.8437092052626645,1.9030777997563855,100,0,1
2025.09.22,18:22:44,1.8747406223632115,1.9390871925539739,1.8397693636014611,1.8680736812490804,100,0,1
2025.09.22,18:23:44,1.8357581116406332,1.8594963971333012,1.8077866707658123,1.8525660558608552,100,0,1
2025.09.22,18:24:44,1.8073577671332806,1.8628001522481121,1.7616173601245755,1.8622156192492998,100,0,1
2025.09.22,18:25:44,1.8621983832167084,1.8994095154057051,1.8048536198239353,1.8589257023485488,100,0,1
2025.09.22,18:26:44,1.7665354253998597,1.7957561747579653,1.7213382919902072,1.7269745363917461,100,0,1
2025.09.22,18:27:44,1.7434754631303204,1.7646246492240818,1.6839607478453653,1.7438898009855361,100,0,1
2025.09.22,18:28:44,1.6808008805042667,1.7319606032131507,1.6428054622703248,1.698182261319483,100,0,1
2025.09.22,18:29:44,1.7192607835319462,1.7619788445667177,1.656004174509878,1.6719759380276948,100,0,1
2025.09.22,18:30:44,1.7030772555566767,1.711819479587949,1.646197284776299,1.69284963023276,100,0,1
2025.09.22,18:31:44,1.6105369642787633,1.6675224317755242,1.6005946908772082,1.6572373056621805,100,0,1
2025.09.22,18:32:44,1.6191993220741876,1.6451932887807885,1.5832353233160452,1.5935607353029715,100,0,1
2025.09.22,18:33:44,1.5727774975293436,1.601694880130768,1.5309565386700572,1.5697968417151982,100,0,1
2025.09.22,18:34:44,1.5102996071494328,1.5737452581677824,1.4751159887136582,1.512126187372585,100,0,1
2025.09.22,18:35:44,1.580147892662119,1.6390353719641482,1.5252633864852185,1.5540338877616893,100,0,1
2025.09.22,18:36:44,1.577813214968559,1.6028644379837536,1.5567633792320164,1.5671874452503203,100,0,1
2025.09.22,18:37:44,1.5623881764579943,1.573445362469132,1.535884175814356,1.5557155713968003,100,0,1
2025.09.22,18:38:44,1.6505056832092448,1.6946365298251613,1.5857256712829477,1.653818285982568,100,0,1
2025.09.22,18:39:44,1.579917255533879,1.610574764843373,1.560330194844055,1.565482974904645,100,0,1
2025.09.22,18:40:44,1.6000855345553553,1.6622493813192363,1.5085546517957886,1.534523971207717,100,0,1
2025.09.22,18:41:44,1.610691518041026,1.668374298840447,1.551557027895431,1.6625919792152488,100,0,1
2025.09.22,18:42:44,1.6856689018163376,1.750228469885374,1.651206479494692,1.7312470251541612,100,0,1
2025.09.22,18:43:44,1.6919218855458058,1.7590730388148097,1.6325286234658147,1.6356612369406482,100,0,1
2025.09.22,18:44:44,1.6716420670384735,1.7359400629446606,1.6061883904985266,1.6534971248194508,100,0,1
2025.09.22,18:45:44,1.676843250913608,1.70528839179383,1.600474824098796,1.6741327658531486,100,0,1
2025.09.22,18:46:44,1.7693856731490836,1.8055473698919149,1.7069672978619281,1.7325591473682451,100,0,1
2025.09.22,18:47:44,1.6636735982130895,1.7067746122756071,1.6539885054189174,1.7011013711652079,100,0,1
2025.09.22,18:48:44,1.6854240901115978,1.7336716990897825,1.6074771315257228,1.6868581927270723,100,0,1
2025.09.22,18:49:44,1.6481183714236238,1.6883620105364379,1.6067923932325006,1.661502939376948,100,0,1
2025.09.22,18:50:44,1.625962036979827,1.6621935030186856,1.5352942306223691,1.548018975903376,100,0,1
2025.09.22,18:51:44,1.567003168876118,1.6210199436208912,1.5368685721461874,1.565310938715723,100,0,1
2025.09.22,18:52:44,1.563154199383559,1.644260184585891,1.519224936585947,1.5287049617754342,100,0,1
2025.09.22,18:53:44,1.5299640904803387,1.5548005203136026,1.4718557329402888,1.5141912995613487,100,0,1
2025.09.22,18:54:44,1.5928590499994337,1.63467509372488,1.5239213169769834,1.551634281408163,100,0,1
2025.09.22,18:55:44,1.6253052651593605,1.6382821150101392,1.5592725760792576,1.6232020977258428,100,0,1
2025.09.22,18:56:44,1.469211566294402,1.540163258326524,1.4376368495132885,1.4753719585812313,100,0,1
2025.09.22,18:57:44,1.412405402306862,1.447694840066801,1.365167369778446,1.3979120341633426,100,0,1
2025.09.22,18:58:44,1.408702371206936,1.4479862654550095,1.3594735747114264,1.362122399651907,100,0,1
2025.09.22,18:59:44,1.3337732955615933,1.4077580021356115,1.2949929126046023,1.2955568694278492,100,0,1
2025.09.22,19:00:44,1.3092979477242996,1.334020696035397,1.2430209207015976,1.3026880099620306,100,0,1
2025.09.22,19:01:44,1.3546158476171695,1.412874715227465,1.3083040781963264,1.3561202187957913,100,0,1
2025.09.22,19:02:44,1.409466714471986,1.4943847191833355,1.3711592850449834,1.4840848999412304,100,0,1
2025.09.22,19:03:44,1.4984928513515725,1.5466763811655309,1.463583554644171,1.4690056068907131,100,0,1
2025.09.22,19:04:44,1.495757451566371,1.5495879655144373,1.4709633798618527,1.52499560475278,100,0,1
2025.09.22,19:05:44,1.4903287359407476,1.5424680107120494,1.459897502897516,1.473761543724091,100,0,1
2025.09.22,19:06:44,1.4488283828487871,1.5267720177833863,1.422978190427658,1.4344940176879704,100,0,1
2025.09.22,19:07:44,1.4461966180599346,1.5055801304962901,1.4021000233252408,1.441469705480471,100,0,1
2025.09.22,19:08:44,1.4756422231139827,1.4978050977889854,1.3987817763390584,1.4021841088594693,100,0,1
2025.09.22,19:09:44,1.4663911070761997,1.5344462035711475,1.4313311138507394,1.5010082829669606,100,0,1
2025.09.22,19:10:44,1.5831783097964232,1.6646897495396058,1.5141654856426578,1.6562909221866242,100,0,1
2025.09.22,19:11:44,1.506096793462734,1.5771919651852881,1.4474796914665613,1.4731859048154683,100,0,1
2025.09.22,19:12:44,1.4641955180070743,1.556019731576853,1.3658674671367719,1.4955450617719326,100,0,1
2025.09.22,19:13:44,1.5070414719693346,1.5428837875753763,1.4401453083820266,1.4960609836951366,100,0,1
2025.09.22,19:14:44,1.462095429474345,1.4690569560168871,1.4451923697066462,1.461293965389503,100,0,1
2025.09.22,19:15:44,1.5669650568007905,1.5996219841566064,1.5274212602397015,1.5449892591945136,100,0,1
2025.09.22,19:16:44,1.6355898711049828,1.6910999262065087,1.5607164435145187,1.6329710404832394,100,0,1
2025.09.22,19:17:44,1.6282615351772773,1.6437305209583897,1.5893730612062185,1.6186222113704856,100,0,1
2025.09.22,19:18:44,1.78999826406764,1.8148161295222969,1.7558514963863578,1.761945581457103,100,0,1
2025.09.22,19:19:44,1.8771902321454863,1.9428137482955423,1.8410617412615373,1.9192239410304544,100,0,1
2025.09.22,19:20:44,1.9172027112941594,1.9206070066460081,1.8717302945868044,1.9000152148992675,100,0,1
2025.09.22,19:21:44,1.9233482595874487,1.9796474633928163,1.8526262293980738,1.8963995783982455,100,0,1
2025.09.22,19:22:44,1.8959725670587821,1.9534143448106773,1.8517648230616923,1.9353701750081698,100,0,1
2025.09.22,19:23:44,1.8495808580711828,1.9330975450302352,1.7954683643528009,1.9237416855103637,100,0,1
2025.09.22,19:24:44,1.9394379730969757,1.9967777123887867,1.9266711906495209,1.9918834914369417,100,0,1
2025.09.22,19:25:44,1.947306012715703,2.0295168627376174,1.8881759359837835,1.8906288339648867,100,0,1
2025.09.22,19:26:44,2.01691796318289,2.060736543936813,1.9611209185618803,1.9717262344177724,100,0,1
2025.09.22,19:27:44,1.9700663807182617,2.000751658022479,1.8895314998313513,1.9852645151441464,100,0,1
2025.09.22,19:28:44,1.9425852095500855,1.978189942850719,1.865836570015164,1.957519482038808,100,0,1
2025.09.22,19:29:44,1.9380040967149033,1.9900432130215462,1.888967219381606,1.9784876517810532,100,0,1
2025.09.22,19:30:44,1.9615187491516568,2.013153220417862,1.9111998000145347,1.9142310500643867,100,0,1
2025.09.22,19:31:44,1.9858843846214271,2.0677750448900114,1.9495053577871724,2.024461743315188,100,0,1
2025.09.22,19:32:44,1.8701831610551896,1.9106101837686766,1.8296113740731972,1.8580082316946904,100,0,1
2025.09.22,19:33:44,1.904492382504309,1.9687093804837752,1.857216911469755,1.947442299956187,100,0,1
2025.09.22,19:34:44,1.9156221412255703,1.928908259340992,1.8442964536954256,1.879492199710859,100,0,1
2025.09.22,19:35:44,2.0888642997622457,2.137988272052955,2.0450412465711674,2.1119118055314945,100,0,1
2025.09.22,19:36:44,2.0666802145970165,2.1445746275396482,2.017026832253123,2.0586186269148277,100,0,1
2025.09.22,19:37:44,2.0758255378950983,2.110346418322065,2.029563140510664,2.079850225286886,100,0,1
2025.09.22,19:38:44,2.0206961031684103,2.063005837038316,1.9985096798619164,2.0555985948620967,100,0,1
2025.09.22,19:39:44,2.010616547444298,2.0813683274928847,1.9557432885674093,2.067657842513449,100,0,1
2025.09.22,19:40:44,1.9374414699925768,2.0055790082472282,1.9031877628387541,1.90788112907179,100,0,1
2025.09.22,19:41:44,1.9732766218513993,2.028405137012905,1.9286857095077659,1.9431069574543975,100,0,1
2025.09.22,19:42:44,1.951961812182742,2.015829178062038,1.9043018169964727,1.9448144976152608,100,0,1
2025.09.22,19:43:44,1.9549065344722882,1.9792568161528676,1.8905867400115481,1.932017564772618,100,0,1
2025.09.22,19:44:44,1.989259331373741,2.02956676305704,1.929500793631103,1.982619590433009,100,0,1
2025.09.22,19:45:44,1.9200856885185253,1.9648501435086778,1.8845187847378913,1.895163734986258,100,0,1
2025.09.22,19:46:44,1.8368180522583346,1.8962867038915305,1.8147675683133484,1.8416504229526853,100,0,1
2025.09.22,19:47:44,1.9099868059250693,1.9631728237974007,1.8451667727389975,1.9065070609397754,100,0,1
2025.09.22,19:48:44,1.968153263916084,2.005815952882584,1.9160679353884487,1.975324058943797,100,0,1
2025.09.22,19:49:44,1.968162005637191,2.0031808880071114,1.9150872244985853,1.9271059440009957,100,0,1
2025.09.22,19:50:44,1.9672811345317696,2.025952653048856,1.9078050637452677,1.9154191416334119,100,0,1
2025.09.22,19:51:44,2.006942988269267,2.0584955619142358,1.972778154007464,2.0461407833036356,100,0,1
2025.09.22,19:52:44,1.947919164798885,1.964765541809201,1.882195490305899,1.962767022184359,100,0,1
2025.09.22,19:53:44,2.0077535271041125,2.093051207020019,1.9583611760161095,2.083335698808135,100,0,1
2025.09.22,19:54:44,1.933398080899638,1.9561170192521924,1.8614609816360501,1.8808384898846788,100,0,1
2025.09.22,19:55:44,1.886649434372884,1.9272963330128259,1.823224303482602,1.8431974274998795,100,0,1
2025.09.22,19:56:44,1.860172057638884,1.9217077168585392,1.817601216343294,1.8233351789866583,100,0,1
2025.09.22,19:57:44,1.8108324894214347,1.871187305074374,1.7510349400071141,1.7528609569955766,100,0,1
2025.09.22,19:58:44,1.8456063242274454,1.87422109195624,1.7677966333375497,1.8339757623814863,100,0,1
2025.09.22,19:59:44,1.8645827052625012,1.9124595955001653,1.8257111504980117,1.8618210894984846,100,0,1
2025.09.22,20:00:44,1.8043263668911482,1.8609561154950374,1.7767040057294448,1.8069644058003775,100,0,1
2025.09.22,20:01:44,1.8192452998155726,1.8927488037306406,1.7769206891244465,1.8612625396673463,100,0,1
2025.09.22,20:02:44,1.789641488536603,1.7952830742783166,1.775562646700068,1.784278205882451,100,0,1
2025.09.22,20:03:44,1.817823926230902,1.8800452879064908,1.7748967729998855,1.8684733744994126,100,0,1
2025.09.22,20:04:44,1.8196218608144294,1.8802060778155398,1.7723323318086885,1.8573845735788348,100,0,1
2025.09.22,20:05:44,1.7312780110486203,1.7728451221703267,1.6840393885055827,1.7231084683952786,100,0,1
2025.09.22,20:06:44,1.7118503114782224,1.7242328354479441,1.6486654082947052,1.6686443556889317,100,0,1
2025.09.22,20:07:44,1.7144200747649014,1.7561880190163695,1.6582676707486113,1.6948370881951742,100,0,1
2025.09.22,20:08:44,1.6087932484337504,1.6454716009262766,1.6023809757352578,1.625525376354948,100,0,1
2025.09.22,20:09:44,1.5647710842052087,1.6235237848178798,1.518431014582229,1.539267025708096,100,0,1
2025.09.22,20:10:44,1.5524001192086574,1.5859551858834193,1.520883492072313,1.5755894487582358,100,0,1
2025.09.22,20:11:44,1.6927507565170674,1.7450968481190305,1.6605516718346056,1.6661908918599415,100,0,1
2025.09.22,20:12:44,1.6597367962725604,1.6990679272276756,1.6214956448847524,1.6455786774851981,100,0,1
2025.09.22,20:13:44,1.6827500103656787,1.7454603944769886,1.6483051045732795,1.7091857559156534,100,0,1
2025.09.22,20:14:44,1.7248302783285483,1.7851486388267452,1.675383534053259,1.7551840527643785,100,0,1
2025.09.22,20:15:44,1.6891305974918696,1.7162870265977601,1.6318584517673418,1.6870873664500565,100,0,1
2025.09.22,20:16:44,1.6525488091731324,1.6736603724812797,1.5977721418437367,1.6344557124725105,100,0,1
2025.09.22,20:17:44,1.6029307386460205,1.6526253870260217,1.5366746987541857,1.5430819151325785,100,0,1
2025.09.22,20:18:44,1.6221068391613134,1.712132646543809,1.5495891814565401,1.6462380515396222,100,0,1
2025.09.22,20:19:44,1.5849789366243017,1.6039695598963668,1.528082816066524,1.5908455697136086,100,0,1
2025.09.22,20:20:44,1.5187393300921872,1.5636234691457485,1.4919838633937335,1.5147994530088775,100,0,1
2025.09.22,20:21:44,1.5469852119823186,1.5479418492458195,1.4925145762780123,1.5225985519718521,100,0,1
2025.09.22,20:22:44,1.4481789641151261,1.507770703753449,1.433413676949642,1.450962832934594,100,0,1
2025.09.22,20:23:44,1.4074363142753734,1.456317812755159,1.3493009356490233,1.4274944328052817,100,0,1
2025.09.22,20:24:44,1.4723918912238458,1.4805410006395778,1.409745381120742,1.4354882050851865,100,0,1
2025.09.22,20:25:44,1.4961714317659915,1.5174530463370204,1.4489566091038337,1.4614945466157168,100,0,1
2025.09.22,20:26:44,1.50667264760423,1.5469526604146084,1.4604151211033503,1.4604341997762358,100,0,1
2025.09.22,20:27:44,1.473003842462698,1.5320782885508102,1.434436499167772,1.5049339306339333,100,0,1
2025.09.22,20:28:44,1.5313200852821904,1.632835694262979,1.4916527754238076,1.5501146495569398,100,0,1
2025.09.22,20:29:44,1.5783288913962812,1.621397284341842,1.5221828224093517,1.5986765249220747,100,0,1
2025.09.22,20:30:44,1.5885350500481759,1.649532581671213,1.5279022437494805,1.6398991263739515,100,0,1
2025.09.22,20:31:44,1.5768557275040351,1.6307587286481828,1.5738280300620457,1.591924853099702,100,0,1
2025.09.22,20:32:44,1.5716489488921292,1.6450430978079644,1.5160706315961814,1.5286517740697498,100,0,1
2025.09.22,20:33:44,1.5664499073480789,1.6362541323416027,1.5394423193138291,1.5843671610112626,100,0,1
2025.09.22,20:34:44,1.5938379114759877,1.6137292513957144,1.5323997842911294,1.5910456724415056,100,0,1
2025.09.22,20:35:44,1.5870625024667848,1.6527981728494885,1.5787240623275711,1.6364767336810297,100,0,1
2025.09.22,20:36:44,1.5457279625975355,1.6115911272886698,1.469394190322204,1.4889382330563723,100,0,1
2025.09.22,20:37:44,1.5308229025004798,1.597209992633383,1.4864371266993883,1.5473271300791922,100,0,1
2025.09.22,20:38:44,1.5455144083978887,1.6303917777597998,1.47464605773205,1.5341008095094069,100,0,1
2025.09.22,20:39:44,1.5820362536916073,1.6262781453048218,1.5309202715119334,1.5384295265239383,100,0,1
2025.09.22,20:40:44,1.5792587433001712,1.634068774010606,1.5291826249228693,1.5418631588256149,100,0,1
2025.09.22,20:41:44,1.5380256252052127,1.5900350097244884,1.4836493987871655,1.4908151972516666,100,0,1
2025.09.22,20:42:44,1.552645298202224,1.6327805431217342,1.5179184125575806,1.582168478267992,100,0,1
2025.09.22,20:43:44,1.5326008752614015,1.6214121199788925,1.4822894957445418,1.5336597504646527,100,0,1
2025.09.22,20:44:44,1.5908874975284666,1.636484517956174,1.580815653539352,1.6187464277085029,100,0,1
2025.09.22,20:45:44,1.5460256672321575,1.5857919006963914,1.4852568968193207,1.493338479085121,100,0,1
2025.09.22,20:46:44,1.5978541249343612,1.6506736707635972,1.5727137483104063,1.597293963772954,100,0,1
2025.09.22,20:47:44,1.5593500117360954,1.5708284646463662,1.516396674752301,1.5338506749058627,100,0,1
2025.09.22,20:48:44,1.452195309462066,1.481727263307616,1.4078163671532524,1.4368642169283048,100,0,1
2025.09.22,20:49:44,1.527507013166169,1.5769872911994056,1.4915513662527509,1.5202403467972825,100,0,1
2025.09.22,20:50:44,1.5658431443655898,1.6396206111066165,1.5207494231490046,1.586599470593384,100,0,1
2025.09.22,20:51:44,1.5906630066702119,1.6468448100149147,1.5523400293388316,1.5658102188914245,100,0,1
2025.09.22,20:52:44,1.5836231983937903,1.605243826633503,1.5527907368082945,1.6000258407523986,100,0,1
2025.09.22,20:53:44,1.5755100858609317,1.6624181835118776,1.5114430628987217,1.5857974193177735,100,0,1
2025.09.22,20:54:44,1.607447022868257,1.673044322224205,1.5710171929683392,1.610557437397529,100,0,1
2025.09.22,20:55:44,1.584347099916619,1.5849871149961035,1.5249692486465452,1.5806909953089532,100,0,1
2025.09.22,20:56:44,1.59122414603276,1.6388192754375253,1.5248897555870142,1.6061871468587645,100,0,1
2025.09.22,20:57:44,1.5383917055932912,1.5756714656127568,1.4866790249279493,1.4918827637907008,100,0,1
2025.09.22,20:58:44,1.5018169158960313,1.5757637961684685,1.4456151236779573,1.5546736473068246,100,0,1
2025.09.22,20:59:44,1.5404305836322758,1.6048487991655194,1.478326830589721,1.528617638895951,100,0,1
2025.09.22,21:00:44,1.579688308425569,1.657461695997176,1.548569917338062,1.601731377452134,100,0,1
2025.09.22,21:01:44,1.6154975572538224,1.660858502500362,1.5584482240715545,1.6101449452797942,100,0,1
2025.09.22,21:02:44,1.540444191038755,1.5986742399213345,1.4997282876819966,1.547506758896073,100,0,1
2025.09.22,21:03:44,1.43332065146725,1.4720359396758014,1.395246740133887,1.4179032352638679,100,0,1
2025.09.22,21:04:44,1.370929537192723,1.4160665358716853,1.2977202746881393,1.3733967460772691,100,0,1
2025.09.22,21:05:44,1.2918407000074048,1.3505546834879576,1.2297725720846047,1.2503464578087082,100,0,1
2025.09.22,21:06:44,1.2562120106725152,1.256518504090674,1.1843084319250807,1.204855094593071,100,0,1
2025.09.22,21:07:44,1.2990896691685785,1.3988554387878664,1.2216664669114201,1.3340292176370894,100,0,1
2025.09.22,21:08:44,1.2655840525896687,1.3037499119111775,1.213958533905424,1.2367139861271566,100,0,1
2025.09.22,21:09:44,1.2305281006729565,1.259231583374233,1.1711230796395007,1.236119165126536,100,0,1
2025.09.22,21:10:44,1.2612743440071348,1.3550532638082389,1.2099809419083873,1.223433856454137,100,0,1
2025.09.22,21:11:44,1.2356212630976233,1.2895961354734644,1.226686773268459,1.2837272716347077,100,0,1
2025.09.22,21:12:44,1.2193013055032058,1.2814208462889902,1.1769819347015558,1.2254262708278716,100,0,1
2025.09.22,21:13:44,1.1623024737460756,1.2515213790980941,1.079025273400336,1.2277178048505426,100,0,1
2025.09.22,21:14:44,1.1271640394263054,1.158738492071851,1.0728899712377036,1.0860985948354418,100,0,1
2025.09.22,21:15:44,1.1311972005483408,1.1821779221015734,1.1073930247925614,1.133616725528147,100,0,1
2025.09.22,21:16:44,1.1377705372711329,1.1826512244377871,1.0891997255803423,1.1338880934851243,100,0,1
2025.09.22,21:17:44,1.217607540102411,1.2764846458147756,1.18516340311956,1.200110424580565,100,0,1
2025.09.22,21:18:44,1.182112601965518,1.2283540960920272,1.140674743761402,1.152070122801779,100,0,1
2025.09.22,21:19:44,1.1962403850246246,1.2514401640890747,1.1490391839453489,1.1973902226665116,100,0,1
2025.09.22,21:20:44,1.173028997447427,1.2315171404284655,1.1214049664151475,1.1237081970256684,100,0,1
2025.09.22,21:21:44,1.0908120496878346,1.1387967263338687,1.0643018531763035,1.0822715556603688,100,0,1
2025.09.22,21:22:44,1.130236842024633,1.1475820492747615,1.0990957083146062,1.101994496789897,100,0,1
2025.09.22,21:23:44,1.0716528323467114,1.111616115400399,1.0228584374242555,1.063699332828317,100,0,1
2025.09.22,21:24:44,1.061603044311279,1.135348131702239,0.9986652377307919,1.1078959992296697,100,0,1
2025.09.22,21:25:44,1.098531840698128,1.1794053019160349,1.0326304821000138,1.136810486989732,100,0,1
2025.09.22,21:26:44,1.012319635582437,1.0989076272012046,0.9632390013856171,1.0249202333884377,100,0,1
2025.09.22,21:27:44,1.0682983992228687,1.1449732634353225,1.0396771617270917,1.1075409160951064,100,0,1
2025.09.22,21:28:44,1.1414317256177118,1.1709848997895742,1.1188128023845119,1.1394083624241025,100,0,1
2025.09.22,21:29:44,1.191241232661555,1.2145501091686421,1.134612740551331,1.1450965855907553,100,0,1
2025.09.22,21:30:44,1.1865528027790355,1.2539899896358153,1.1311489400772259,1.1885186070446556,100,0,1
2025.09.22,21:31:44,1.144861101675805,1.2398162974307132,1.063944154654848,1.238383742818637,100,0,1
2025.09.22,21:32:44,1.150846478399781,1.188407728642933,1.077863809494089,1.0971281708223743,100,0,1
2025.09.22,21:33:44,1.2022548334277605,1.2600627107296507,1.1734393054134666,1.186179165492955,100,0,1
2025.09.22,21:34:44,1.1281035987743226,1.182586513666295,1.0909595812687458,1.1671394388343779,100,0,1
2025.09.22,21:35:44,1.1445320497300897,1.1743461401118829,1.0921909154438258,1.1258971506956583,100,0,1
2025.09.22,21:36:44,1.1756649335528522,1.201030258327623,1.15655320259823,1.192657608424744,100,0,1
2025.09.22,21:37:44,1.1597238372325516,1.2458283870508766,1.128260750938392,1.2252680591825837,100,0,1
2025.09.22,21:38:44,1.188466278690476,1.2346888452810827,1.1451181835578064,1.2297813913353226,100,0,1
2025.09.22,21:39:44,1.1354139401409393,1.1483788114347302,1.0380749767067348,1.083691556366233,100,0,1
2025.09.22,21:40:44,1.2627137231560068,1.3159007421146145,1.1729083918638405,1.2921340538646628,100,0,1
2025.09.22,21:41:44,1.3289759289427194,1.3659969290998146,1.2806140121784026,1.3458238823184683,100,0,1
2025.09.22,21:42:44,1.4043354292838286,1.4615579114076866,1.3340733946922538,1.4050039069749576,100,0,1
2025.09.22,21:43:44,1.4198599354626729,1.4686954493579176,1.3136614698535873,1.338612082052133,100,0,1
2025.09.22,21:44:44,1.5212872627217628,1.5515772986901666,1.5134361690739038,1.5216780626386872,100,0,1
2025.09.22,21:45:44,1.5193954213045633,1.5754647402454547,1.4726499645010351,1.4781724466116073,100,0,1
2025.09.22,21:46:44,1.6329123376959396,1.6709814738223443,1.5376443694049042,1.6707384754869823,100,0,1
2025.09.22,21:47:44,1.539490475089384,1.6426930468352383,1.4932238186192208,1.5023790344253636,100,0,1
2025.09.22,21:48:44,1.6002061177291844,1.6120088093974276,1.504947391172268,1.5485457095859647,100,0,1
2025.09.22,21:49:44,1.537727825121818,1.588033366112637,1.4651514585209133,1.4953077433792439,100,0,1
2025.09.22,21:50:44,1.5345442227525625,1.565053131607925,1.5035729228734183,1.530884047897554,100,0,1
2025.09.22,21:51:44,1.5208968490268344,1.5796526284165988,1.519681036175071,1.5638603198382268,100,0,1
2025.09.22,21:52:44,1.4913065150257085,1.5220536064650507,1.437858468709382,1.4445846367817747,100,0,1
2025.09.22,21:53:44,1.4660982405751977,1.5120899923597917,1.4306659360251133,1.5090636425667376,100,0,1
2025.09.22,21:54:44,1.4290599390775671,1.48167375033552,1.3829562809776594,1.4367188067097871,100,0,1
2025.09.22,21:55:44,1.4803470602664353,1.523411961113596,1.4704266436548759,1.5039173784788624,100,0,1
2025.09.22,21:56:44,1.5377108172915266,1.5815973176690987,1.4909712089773854,1.5205785485766468,100,0,1
2025.09.22,21:57:44,1.6060515754237867,1.6410211662997185,1.570287822301063,1.58443253283597,100,0,1
2025.09.22,21:58:44,1.584088669045431,1.6284237226201093,1.5633159902180787,1.5676304569849415,100,0,1
2025.09.22,21:59:44,1.607355168084113,1.6529063205975694,1.576904220141814,1.5892656357501898,100,0,1
2025.09.22,22:00:44,1.5755282145315317,1.6279314741931366,1.5299042539622651,1.5435331329109032,100,0,1
2025.09.22,22:01:44,1.5165497757211368,1.5567566690316041,1.4782176807983476,1.4963611499742895,100,0,1
2025.09.22,22:02:44,1.5346881703004775,1.6024890516635186,1.485789622367778,1.49770583401468,100,0,1
2025.09.22,22:03:44,1.5654559849859258,1.604395047051475,1.515893908937909,1.5242160183978444,100,0,1
2025.09.22,22:04:44,1.4919832530611707,1.558930757481859,1.4122676856771224,1.5552597644389317,100,0,1
2025.09.22,22:05:44,1.4767275958823398,1.5094197824114184,1.4399186340234396,1.4744684062192537,100,0,1
2025.09.22,22:06:44,1.5548017312878277,1.6249270455988176,1.4822261448608933,1.5002525927331778,100,0,1
2025.09.22,22:07:44,1.5109008627926561,1.5257988928815844,1.4401053839037472,1.485581243858909,100,0,1
2025.09.22,22:08:44,1.5415595759730574,1.5921671389857757,1.5028492438552052,1.5878447292644908,100,0,1
2025.09.22,22:09:44,1.543505868118785,1.6001566294356129,1.483995107904158,1.5098908916871179,100,0,1
2025.09.22,22:10:44,1.58242522330105,1.6174738268262217,1.532264726831913,1.5670662003589373,100,0,1
2025.09.22,22:11:44,1.616304348418989,1.665533136096416,1.554294821441831,1.6093011952816418,100,0,1
2025.09.22,22:12:44,1.570282749087239,1.599895716913926,1.509621376873236,1.5921951477579324,100,0,1
2025.09.22,22:13:44,1.5147178530953505,1.5527810927225163,1.4887701187048474,1.5105872708892956,100,0,1
2025.09.22,22:14:44,1.5280588940516517,1.5815845191638644,1.4578150254939999,1.4863075984474283,100,0,1
2025.09.22,22:15:44,1.5043145208446722,1.5550525094923224,1.4702040090723232,1.491373933180297,100,0,1
2025.09.22,22:16:44,1.4533990920273907,1.5526926063625779,1.4054484660407318,1.4268081270859763,100,0,1
2025.09.22,22:17:44,1.5153424230910493,1.5957904616581842,1.4682389425087992,1.5948125006214777,100,0,1
2025.09.22,22:18:44,1.578345645010781,1.640092069430288,1.5501420402072021,1.5724314254032297,100,0,1
2025.09.22,22:19:44,1.5606849142671948,1.5833035477217636,1.5417832730757846,1.5698060366073847,100,0,1
2025.09.22,22:20:44,1.521894069003109,1.5271206236831585,1.4731993029771444,1.4939379437607052,100,0,1
2025.09.22,22:21:44,1.4927738810999713,1.5517814586442473,1.4130684572986618,1.4203487282408842,100,0,1
2025.09.22,22:22:44,1.4670246847915565,1.525100355044401,1.4057283775816085,1.4514182229103016,100,0,1
2025.09.22,22:23:44,1.4852457731984114,1.549140101200003,1.4274203928173441,1.5355608513314416,100,0,1
2025.09.22,22:24:44,1.459293758665418,1.5195153528843663,1.351280915474422,1.4763187824764281,100,0,1
2025.09.22,22:25:44,1.4667947797947758,1.5137977060407275,1.4402449507549688,1.4498295658190932,100,0,1
2025.09.22,22:26:44,1.5463177401722117,1.6194233853520748,1.5167223166644708,1.5471536240365724,100,0,1
2025.09.22,22:27:44,1.5579135345568902,1.5912302953086508,1.4843376192209419,1.5893405128956921,100,0,1
2025.09.22,22:28:44,1.5424727413492254,1.5917502754627921,1.5241216050912312,1.545383281612627,100,0,1
2025.09.22,22:29:44,1.5621532941749432,1.586618652950318,1.513144967066904,1.5255034274223336,100,0,1
2025.09.22,22:30:44,1.6051697419138684,1.6648584974183636,1.5668758850587303,1.6367427113777597,100,0,1
2025.09.22,22:31:44,1.5877790155459506,1.647063795080353,1.5404836340238817,1.5732323165735707,100,0,1
2025.09.22,22:32:44,1.5856491019099728,1.6372640220085282,1.5273042319916685,1.5424371084651856,100,0,1
2025.09.22,22:33:44,1.5470308933889585,1.5749143677563253,1.514928355091345,1.5733926073668327,100,0,1
2025.09.22,22:34:44,1.5558214728744222,1.6160360489422239,1.5193847831480662,1.5537883796236305,100,0,1
2025.09.22,22:35:44,1.5326686298977847,1.5487767796670828,1.4923064954712852,1.5214619763091695,100,0,1
2025.09.22,22:36:44,1.5576213359827864,1.6333468909337459,1.5262191166856696,1.569790547915148,100,0,1
2025.09.22,22:37:44,1.6280258579219344,1.7128783708342743,1.5789680178681684,1.6811347754405983,100,0,1
2025.09.22,22:38:44,1.617966227939497,1.6755602174950448,1.5460061107539285,1.560816178885084,100,0,1
2025.09.22,22:39:44,1.65119568670877,1.707828424091487,1.6251520534100516,1.6903904210987792,100,0,1
2025.09.22,22:40:44,1.6140715943359178,1.6801964937822287,1.5531786460021892,1.5612918145410133,100,0,1
2025.09.22,22:41:44,1.5187178232638363,1.5579691955881891,1.4677936944018897,1.4833723696029502,100,0,1
2025.09.22,22:42:44,1.5990564870912183,1.6552791763118597,1.574024858798622,1.6280873048839726,100,0,1
2025.09.22,22:43:44,1.63032281946048,1.709403873189105,1.5501909452760156,1.6883647053643476,100,0,1
2025.09.22,22:44:44,1.5633193239370626,1.6218645158011988,1.5390352695692577,1.6031877262061656,100,0,1
2025.09.22,22:45:44,1.5953272978563051,1.6320790208279563,1.5776469636664925,1.6088626607407939,100,0,1
2025.09.22,22:46:44,1.5543370561465233,1.6084283773692851,1.5239271763435402,1.5613041072274059,100,0,1
2025.09.22,22:47:44,1.5633702615676364,1.6476877933950953,1.503241912619804,1.517789656827975,100,0,1
2025.09.22,22:48:44,1.5134099102179936,1.5355342662158855,1.4473179250737398,1.5180973385164866,100,0,1
2025.09.22,22:49:44,1.621411019895086,1.6380983121602926,1.596340956741152,1.6240482695573661,100,0,1
2025.09.22,22:50:44,1.58966551707118,1.6501723880612444,1.5350177843303283,1.550702237640876,100,0,1
2025.09.22,22:51:44,1.6651840641419822,1.7272470313984243,1.6068726787564651,1.7046055153983317,100,0,1
2025.09.22,22:52:44,1.61447535217506,1.6579444540346493,1.5524741332637162,1.5702887027620318,100,0,1
2025.09.22,22:53:44,1.6397934037762798,1.6932905462482426,1.592804977477578,1.5958047792561485,100,0,1
2025.09.22,22:54:44,1.750217526568331,1.7733770295040903,1.6954929414784716,1.6998891608004525,100,0,1
2025.09.22,22:55:44,1.729285257232601,1.7651641888690346,1.711400048613757,1.7255391298848979,100,0,1
2025.09.22,22:56:44,1.731728649275384,1.778300918897702,1.6632915854492654,1.7726996967057045,100,0,1
2025.09.22,22:57:44,1.7221679988131442,1.7654450327115199,1.6667068967673515,1.682850492657839,100,0,1
2025.09.22,22:58:44,1.633589050025437,1.681700377059182,1.5622869602927068,1.6273143895882,100,0,1
2025.09.22,22:59:44,1.698776029815332,1.7860584001974085,1.6462542566684797,1.6946391961827654,100,0,1
2025.09.22,23:00:44,1.7436574730126109,1.784546093236734,1.6906354971860151,1.750266974586531,100,0,1
2025.09.22,23:01:44,1.7740543824177573,1.8114987144417298,1.7237270558755253,1.7428950938945096,100,0,1
2025.09.22,23:02:44,1.778626705713129,1.8154436305356114,1.7015302930212641,1.7799704793230398,100,0,1
2025.09.22,23:03:44,1.755492683206243,1.7937932428494698,1.7010150839439722,1.7239221855585027,100,0,1
2025.09.22,23:04:44,1.7807215318546283,1.8072951326234676,1.7164386327668333,1.765472515592228,100,0,1
2025.09.22,23:05:44,1.7303384188216195,1.7527507305985084,1.6752819745689511,1.6846536722718115,100,0,1
2025.09.22,23:06:44,1.8116244246835806,1.8629554968075943,1.761804833088284,1.8204292163847813,100,0,1
2025.09.22,23:07:44,1.7281940144177121,1.786540764761564,1.7185957749832883,1.743278790890223,100,0,1
2025.09.22,23:08:44,1.7227132911897112,1.8065836280119898,1.6881408198396295,1.7641199609480573,100,0,1
2025.09.22,23:09:44,1.7628727464751717,1.804509581254926,1.7323092112155674,1.755058140258508,100,0,1
2025.09.22,23:10:44,1.779145084335896,1.8527870695311688,1.7695539653630656,1.7768445659389298,100,0,1
2025.09.22,23:11:44,1.775979749817739,1.8541934682894148,1.6855191574702688,1.7786849212005749,100,0,1
2025.09.22,23:12:44,1.7588357780143673,1.8118260231918324,1.7033271400559118,1.7548820910253418,100,0,1
2025.09.22,23:13:44,1.8197420287471369,1.8917068581615024,1.7479486768965597,1.8657569243441048,100,0,1
2025.09.22,23:14:44,1.867898129879768,1.9296013379800172,1.7933693206259977,1.8018109284255401,100,0,1
2025.09.22,23:15:44,1.850373721146348,1.9133848977710788,1.8074091963273606,1.8726959445496654,100,0,1
2025.09.22,23:16:44,1.9207156961066831,1.966109235532614,1.8996541956391584,1.915570105671474,100,0,1
2025.09.22,23:17:44,1.8540256519745233,1.8865448519188026,1.8024289889279712,1.8582162330788068,100,0,1
2025.09.22,23:18:44,1.806152069786534,1.8725730698919694,1.7664118608420296,1.8687270754018983,100,0,1
2025.09.22,23:19:44,1.8949947535775715,1.9658860143885062,1.8131596852454477,1.887084640374563,100,0,1
2025.09.22,23:20:44,1.868846092856675,1.90740409349925,1.8268499643328582,1.8892504084591901,100,0,1
2025.09.22,23:21:44,1.8156309460725182,1.8857328420007875,1.776969092865434,1.8117738192962543,100,0,1
2025.09.22,23:22:44,1.8654051148699613,1.931604278730847,1.8408697006393266,1.8548142416426945,100,0,1
2025.09.22,23:23:44,1.874976537296777,1.9090819085682382,1.818332663807515,1.8892885169683087,100,0,1
2025.09.22,23:24:44,1.8475669936708028,1.9518409921671582,1.8071500077336342,1.8529268145138822,100,0,1
2025.09.22,23:25:44,1.8777815745105957,1.9368836342799232,1.8216367985418458,1.8981267494733276,100,0,1
2025.09.22,23:26:44,1.8145181467403142,1.8476797036638286,1.7545696256771104,1.8108562048434242,100,0,1
2025.09.22,23:27:44,1.800130358349728,1.8391873303202446,1.723271685745411,1.7871623661422626,100,0,1
2025.09.22,23:28:44,1.8058443667852913,1.866953355160413,1.7298077677847201,1.8476909790948712,100,0,1
2025.09.22,23:29:44,1.8853904993323722,1.9549823009119425,1.8406854781189548,1.8998706575907511,100,0,1
2025.09.22,23:30:44,1.9281408236205921,1.9734793661654682,1.8829308524744364,1.9400660168052382,100,0,1
2025.09.22,23:31:44,1.9849784769379062,2.0413194099070058,1.9482370676329133,1.9737324561749918,100,0,1
2025.09.22,23:32:44,1.894981810579665,1.951170869469805,1.8273391712284974,1.8517394250150208,100,0,1
2025.09.22,23:33:44,1.9473356701429432,2.0163445909459057,1.86733728859164,1.9891843673408127,100,0,1
2025.09.22,23:34:44,1.9492539897087389,2.0036279834533004,1.897911209127458,1.9904266535884625,100,0,1
2025.09.22,23:35:44,1.890317234441139,1.9252099335358461,1.8577498343966075,1.895021597652662,100,0,1
2025.09.22,23:36:44,1.872087046907196,1.9247440251342265,1.8360022728704113,1.8425354546765484,100,0,1
2025.09.22,23:37:44,1.8592697510074372,1.9004230269311653,1.8099312515597084,1.838981541760421,100,0,1
2025.09.22,23:38:44,1.8616658659341132,1.8916105393485214,1.8348193052497062,1.8425708986154155,100,0,1
2025.09.22,23:39:44,1.8371971915847516,1.9012754789068418,1.7936115898918583,1.8552545243816978,100,0,1
2025.09.22,23:40:44,1.8913620753703608,1.9365461953360819,1.8492726582522576,1.92592436439608,100,0,1
2025.09.22,23:41:44,1.9318741918979097,1.9760383497827227,1.8425016240453147,1.9245822373810006,100,0,1
2025.09.22,23:42:44,1.8200534904951342,1.8523686572852633,1.7639350821242064,1.7704798882034567,100,0,1
2025.09.22,23:43:44,1.8200285872126614,1.8871060056479554,1.757007718185765,1.777544429771101,100,0,1
2025.09.22,23:44:44,1.7785467331934217,1.806047684737073,1.669955609991325,1.785205463081679,100,0,1
2025.09.22,23:45:44,1.9281942638456189,1.9292089104645487,1.880526727691213,1.9161017330922803,100,0,1
2025.09.22,23:46:44,1.8568978273091121,1.9127288626878096,1.7967161499810385,1.8698353270996686,100,0,1
2025.09.22,23:47:44,1.875480858016663,1.9002910185904096,1.8014185492966086,1.8180060537830458,100,0,1
2025.09.22,23:48:44,1.8926983634514998,1.9722022651231756,1.8389184628539708,1.8873495994923581,100,0,1
2025.09.22,23:49:44,1.9298354926445438,1.9861425837088267,1.8775713619481729,1.8995375338322082,100,0,1
2025.09.22,23:50:44,1.9409989456437007,2.0042319314895862,1.8827619610140192,1.8982635164519635,100,0,1
2025.09.22,23:51:44,1.8866042012765927,1.9312431168569586,1.824775201871739,1.9274961696531097,100,0,1
2025.09.22,23:52:44,1.930191331408117,1.9497164223760768,1.8712621316600417,1.9278244795959887,100,0,1
2025.09.22,23:53:44,1.9293323982756703,1.9857647017179956,1.8901424712565056,1.941583693745143,100,0,1
2025.09.22,23:54:44,1.9757967581404057,2.010025429599487,1.9223150317433548,1.9469833680430457,100,0,1
2025.09.22,23:55:44,2.026973332699812,2.0923880460940234,1.9966077285676183,2.043629320594835,100,0,1
2025.09.22,23:56:44,2.16137507180853,2.2040688339647088,2.119081377433121,2.1587372630629944,100,0,1
2025.09.22,23:57:44,2.2011392831038936,2.2434193261937443,2.158987300902893,2.2069770393460697,100,0,1
2025.09.22,23:58:44,2.245057642398398,2.288156822578755,2.1944901448861835,2.2651788068769116,100,0,1
2025.09.22,23:59:44,2.2546698469232775,2.307472124776357,2.207597631497802,2.2445043265099014,100,0,1
2025.09.23,00:00:44,2.230388479425912,2.297764568449828,2.1899108491973216,2.259387663167809,100,0,1
2025.09.23,00:01:44,2.1589163816112267,2.2104734644523445,2.118663431658771,2.1392685720947493,100,0,1
2025.09.23,00:02:44,2.167894502882319,2.21987828036304,2.0718748568458265,2.205720245585036,100,0,1
2025.09.23,00:03:44,2.174643006944987,2.2086307709287945,2.097616070423234,2.1228235340351653,100,0,1
2025.09.23,00:04:44,2.1670388424925764,2.202746387814886,2.116740943249037,2.1731597472269395,100,0,1
2025.09.23,00:05:44,2.155229598871858,2.2038848439432766,2.117636944308588,2.167943005127021,100,0,1
2025.09.23,00:06:44,2.1936126958800335,2.222709385918014,2.1608741485816556,2.1949091978816466,100,0,1
2025.09.23,00:07:44,2.137427220532881,2.1962383536537993,2.110070246942192,2.169063140842251,100,0,1
2025.09.23,00:08:44,2.1415674320196896,2.2035149723711998,2.0828913921239565,2.1894078477712586,100,0,1
2025.09.23,00:09:44,2.094658990588839,2.1202492334807443,2.052820682873884,2.1129650136028397,100,0,1
2025.09.23,00:10:44,2.1836793542295316,2.244398275592616,2.132244887375005,2.233714655397272,100,0,1
2025.09.23,00:11:44,2.2027463394467923,2.2409835663428246,2.1481545080373303,2.224783816044074,100,0,1
2025.09.23,00:12:44,2.1562970443513905,2.2501620195284544,2.109369911098164,2.2107365375114867,100,0,1
2025.09.23,00:13:44,2.114170440876748,2.162680644039771,2.04480379928423,2.1547087226248927,100,0,1
2025.09.23,00:14:44,2.125960019793868,2.1495721375587826,2.0463170856125155,2.13258465917591,100,0,1
2025.09.23,00:15:44,2.1152862593938817,2.1592156098799675,2.0565878007620224,2.140006165487593,100,0,1
2025.09.23,00:16:44,2.1625736801407682,2.211348521837886,2.1474742272880705,2.198018870359208,100,0,1
2025.09.23,00:17:44,2.158912019792758,2.2437511525902067,2.094306711587982,2.198739276604358,100,0,1
2025.09.23,00:18:44,2.2119568433473855,2.2590534762967165,2.1384824174549,2.2454029254558963,100,0,1
2025.09.23,00:19:44,2.294554483397482,2.309380910803662,2.2359864185411613,2.240875583779848,100,0,1
2025.09.23,00:20:44,2.3021836006420253,2.35545233286783,2.250916153606048,2.3180708222907223,100,0,1
2025.09.23,00:21:44,2.327807177951119,2.3680274226805924,2.270804797253718,2.3450998581836053,100,0,1
2025.09.23,00:22:44,2.3264604193249028,2.3689930643731585,2.287048434485508,2.2919120949008835,100,0,1
2025.09.23,00:23:44,2.224599133319125,2.2561159792951724,2.177375259289337,2.1864449611774117,100,0,1
2025.09.23,00:24:44,2.252004375552665,2.3376346893056694,2.2043369619465882,2.324214131175895,100,0,1
2025.09.23,00:25:44,2.2818333819919627,2.3315820065682296,2.2143260458074066,2.2350495532344974,100,0,1
2025.09.23,00:26:44,2.2690918017324573,2.331913532041809,2.201443648870968,2.2760058265612257,100,0,1
2025.09.23,00:27:44,2.1923041075456275,2.240113215569921,2.12933354852636,2.2008920706256614,100,0,1
2025.09.23,00:28:44,2.160007891401201,2.2077169868393143,2.122597681162978,2.145784385600169,100,0,1
2025.09.23,00:29:44,2.185547028269671,2.1861581572128954,2.13613567239278,2.184528861567253,100,0,1
2025.09.23,00:30:44,2.256093670729638,2.298509067570153,2.200643212351809,2.2072132111037823,100,0,1
2025.09.23,00:31:44,2.2421507034982535,2.3218272361305576,2.217505452512695,2.2545170854361474,100,0,1
2025.09.23,00:32:44,2.2920401564346404,2.369645716379557,2.289763248951014,2.3361463680018106,100,0,1
2025.09.23,00:33:44,2.2567917780275693,2.3417359889430243,2.219922693532432,2.3007831178700493,100,0,1
2025.09.23,00:34:44,2.3120517272009216,2.3124935445003185,2.277564835129119,2.2916470511082596,100,0,1
2025.09.23,00:35:44,2.267226892769941,2.2943768665295536,2.1984363544312546,2.2039737983005128,100,0,1
2025.09.23,00:36:44,2.292209626431484,2.3397766993869813,2.258267292768796,2.282297470730766,100,0,1
2025.09.23,00:37:44,2.34820261348769,2.3863548682829756,2.3018109275798415,2.3494615803664725,100,0,1
2025.09.23,00:38:44,2.2407620010502307,2.299057514957506,2.205605586302825,2.2239053791966867,100,0,1
2025.09.23,00:39:44,2.369353736686497,2.4139177777565135,2.337568474689372,2.413434344087797,100,0,1
2025.09.23,00:40:44,2.368740978644704,2.4089973335954964,2.323517347415069,2.3840405393163655,100,0,1
2025.09.23,00:41:44,2.307581902126925,2.348748495791128,2.240748944637908,2.2516875781443297,100,0,1
2025.09.23,00:42:44,2.2178379892425015,2.278667018810138,2.1381097208456965,2.238549952107215,100,0,1
2025.09.23,00:43:44,2.208481504253509,2.2415532336618007,2.1600913319206345,2.2358428242857746,100,0,1
2025.09.23,00:44:44,2.2662778348042814,2.3439284851725057,2.1685942002672673,2.2496348622788647,100,0,1
2025.09.23,00:45:44,2.2170680764847353,2.2663505139287543,2.159747538556938,2.160712425595034,100,0,1
2025.09.23,00:46:44,2.2294057370898956,2.284011069207453,2.191799299686503,2.2337988332937826,100,0,1
2025.09.23,00:47:44,2.2706700161097406,2.346144032615124,2.1994061487861414,2.28420573118727,100,0,1
2025.09.23,00:48:44,2.2653828852323694,2.3279721504922093,2.247050288536836,2.3072824890042276,100,0,1
2025.09.23,00:49:44,2.3003317016112534,2.3432605640592725,2.28315178655848,2.337994286116442,100,0,1
2025.09.23,00:50:44,2.2654846346330704,2.294010207704988,2.23947651291994,2.2469305167550684,100,0,1
2025.09.23,00:51:44,2.4050729549942944,2.4778925170939092,2.3474128218878296,2.411982715302541,100,0,1
2025.09.23,00:52:44,2.3756215901989792,2.4001534667260063,2.3214532716510705,2.3472292971685236,100,0,1
2025.09.23,00:53:44,2.199872763199685,2.2467663800596838,2.1823085359460084,2.187775866597077,100,0,1
2025.09.23,00:54:44,2.2790248502559773,2.2900203221048314,2.203181711576806,2.277196008934664,100,0,1
2025.09.23,00:55:44,2.329485298633567,2.3795503157649778,2.2836765116293356,2.354382031801803,100,0,1
2025.09.23,00:56:44,2.271357487597695,2.3064046174239965,2.2297319820278982,2.2513668351632603,100,0,1
2025.09.23,00:57:44,2.303852689190342,2.363306649883005,2.2126741051262875,2.22214155130332,100,0,1
2025.09.23,00:58:44,2.3146873460254067,2.3500356512670364,2.2713327332723208,2.28613353109156,100,0,1
2025.09.23,00:59:44,2.371060200157532,2.4301191217068845,2.330610879481837,2.379563736215974,100,0,1
2025.09.23,01:00:44,2.3661507685419587,2.438018020173489,2.3257679500141566,2.3589238614920296,100,0,1
2025.09.23,01:01:44,2.3325910929721236,2.3717996310023373,2.274470920519212,2.2752060018007367,100,0,1
2025.09.23,01:02:44,2.3289789309910955,2.4540759852964644,2.2649219690200213,2.3360262260313847,100,0,1
2025.09.23,01:03:44,2.298890809275718,2.3544415691182916,2.246911502572111,2.335691775148977,100,0,1
2025.09.23,01:04:44,2.2511925054883135,2.293662290894655,2.22382553557915,2.2905548253115073,100,0,1
2025.09.23,01:05:44,2.1435136501883476,2.192869670634506,2.069281296488225,2.113980559016726,100,0,1
2025.09.23,01:06:44,2.2079860733099124,2.263446424657035,2.193825340885012,2.2232156570611497,100,0,1
2025.09.23,01:07:44,2.2661712193761527,2.307492198141757,2.2160436537077417,2.292296049734656,100,0,1
2025.09.23,01:08:44,2.250083713183347,2.306014284924094,2.18497902114282,2.2257991272034574,100,0,1
2025.09.23,01:09:44,2.2273079083446876,2.2782924289428923,2.1434882372191857,2.1456296827516077,100,0,1
2025.09.23,01:10:44,2.224916512147693,2.2430731152887056,2.180182692933929,2.2135133538105123,100,0,1
2025.09.23,01:11:44,2.291646397561161,2.332062237236946,2.24852478855101,2.2962954957571293,100,0,1
2025.09.23,01:12:44,2.2741232515618464,2.3085577419049406,2.248651156177295,2.257577471984083,100,0,1
2025.09.23,01:13:44,2.203348814435587,2.2379634011069798,2.1651232983579822,2.2004014470804494,100,0,1
2025.09.23,01:14:44,2.249882317492711,2.316664820363792,2.1740665817647153,2.2133649546369165,100,0,1
2025.09.23,01:15:44,2.2644124798727625,2.3097263067489204,2.204959126471403,2.2232231805439704,100,0,1
2025.09.23,01:16:44,2.273464693258179,2.3251170091226725,2.217642135272307,2.292644043551971,100,0,1
2025.09.23,01:17:44,2.297263832441969,2.3243598031170256,2.225076942632223,2.242717582578807,100,0,1
2025.09.23,01:18:44,2.2612292049706118,2.3093051370978652,2.2247031584630386,2.2461612675354377,100,0,1
2025.09.23,01:19:44,2.340022362099964,2.382771977973072,2.3047922754913293,2.3273645315486116,100,0,1
2025.09.23,01:20:44,2.3311414661549645,2.392853658084582,2.2814805273496637,2.3333965456014836,100,0,1
2025.09.23,01:21:44,2.2518480438332253,2.2914327633550964,2.1951677783265233,2.2580711787675605,100,0,1
2025.09.23,01:22:44,2.1709953008652763,2.219916797097464,2.1295669023781065,2.192513041604449,100,0,1
2025.09.23,01:23:44,2.204859778792189,2.2479151073858317,2.162533045424772,2.2360305018099647,100,0,1
2025.09.23,01:24:44,2.1642607292810747,2.256253204601472,2.1469566638699247,2.2101739323932614,100,0,1
2025.09.23,01:25:44,2.228865754512837,2.2737417982565025,2.164714082320506,2.261354526678748,100,0,1
2025.09.23,01:26:44,2.2702390911008368,2.3394111147255066,2.2163209708273515,2.3077320605044775,100,0,1
2025.09.23,01:27:44,2.181910421718433,2.2301782915267823,2.1267801098432013,2.178520456701874,100,0,1
2025.09.23,01:28:44,2.3110865421117404,2.3546483773848883,2.2390913872818516,2.277756358202401,100,0,1
2025.09.23,01:29:44,2.3072129094328617,2.338190670912832,2.2490573866782544,2.3196421068587125,100,0,1
2025.09.23,01:30:44,2.265391901449274,2.3449761900839823,2.207935584691742,2.2484251965289146,100,0,1
2025.09.23,01:31:44,2.2644264622257397,2.3155536780889103,2.233653949478545,2.28905692490891,100,0,1
2025.09.23,01:32:44,2.32206991349398,2.3641126257606433,2.249050446823619,2.299215476680353,100,0,1
2025.09.23,01:33:44,2.2804318413759916,2.322878743736704,2.230469117404248,2.264880366218339,100,0,1
2025.09.23,01:34:44,2.2551340581003014,2.3026383031306024,2.197004378165245,2.273491259886519,100,0,1
2025.09.23,01:35:44,2.254584956854821,2.3113134850801496,2.2111411134172,2.256195977437748,100,0,1
2025.09.23,01:36:44,2.3314907319072917,2.357335112328086,2.2603577285328127,2.3061241691180823,100,0,1
2025.09.23,01:37:44,2.3529964973625,2.4217802664197494,2.3045692350811504,2.3663856552529015,100,0,1
2025.09.23,01:38:44,2.2882748199715466,2.3398746751090482,2.248028243959028,2.2881969043484194,100,0,1
2025.09.23,01:39:44,2.3101087252478267,2.3666575723648546,2.252778934349047,2.365209583074739,100,0,1
2025.09.23,01:40:44,2.3151038251578786,2.3622534359558576,2.2835522029360913,2.2891881954377515,100,0,1
2025.09.23,01:41:44,2.322368860773565,2.396554622304544,2.299456337398584,2.327991384099588,100,0,1
2025.09.23,01:42:44,2.3676257176991733,2.387849773227625,2.331913742392158,2.3836224316008647,100,0,1
2025.09.23,01:43:44,2.3783863018224176,2.4357639418165458,2.3163409920854727,2.360870053702323,100,0,1
2025.09.23,01:44:44,2.429332625935967,2.4377737844541656,2.3978687663473464,2.424385306573147,100,0,1
2025.09.23,01:45:44,2.4244666247638187,2.4413255747053144,2.418107121818699,2.428734719555569,100,0,1
2025.09.23,01:46:44,2.4576225295881637,2.5037594194287514,2.4556100535796554,2.466226301577192,100,0,1
2025.09.23,01:47:44,2.442029949911842,2.5062877774817784,2.3742645727997167,2.46964181741934,100,0,1
2025.09.23,01:48:44,2.4163415251065175,2.4434172280104156,2.3466195486887873,2.440968022041978,100,0,1
2025.09.23,01:49:44,2.5137299249272265,2.5734021278693158,2.4689190366549365,2.571126945554766,100,0,1
2025.09.23,01:50:44,2.4604724055632983,2.52628345043012,2.411990442092392,2.487733701725755,100,0,1
2025.09.23,01:51:44,2.443312377516717,2.517912713613312,2.3561771204181388,2.493220984961275,100,0,1
2025.09.23,01:52:44,2.4658673094736754,2.5306838281001283,2.438802491820699,2.515463851683249,100,0,1
2025.09.23,01:53:44,2.4947470349843885,2.5508735058053476,2.4387855063264294,2.519695150736541,100,0,1
2025.09.23,01:54:44,2.399456451096303,2.4699439106346976,2.329948225523201,2.4370186771985547,100,0,1
2025.09.23,01:55:44,2.4215805285905394,2.5170274238543664,2.405033679832967,2.4932408423856556,100,0,1
2025.09.23,01:56:44,2.490162471327598,2.5444190000180877,2.477445539532874,2.51079173364342,100,0,1
2025.09.23,01:57:44,2.460176615930975,2.5044754761609687,2.429755207908416,2.4872485058983798,100,0,1
2025.09.23,01:58:44,2.338118654657133,2.3983379369475806,2.2910509309726965,2.297986578494117,100,0,1
2025.09.23,01:59:44,2.393900651065376,2.462902881088511,2.35880560930762,2.3863573177560844,100,0,1
2025.09.23,02:00:44,2.405425125592223,2.4613243715202535,2.3715198976697405,2.428056967442513,100,0,1
2025.09.23,02:01:44,2.3092966401682204,2.346599164834308,2.2687736892161867,2.2712091587500964,100,0,1
2025.09.23,02:02:44,2.2568206373206747,2.3066202808926572,2.253886867910323,2.302889434068336,100,0,1
2025.09.23,02:03:44,2.281059871399709,2.338414720883452,2.244890699268652,2.2860918201465803,100,0,1
2025.09.23,02:04:44,2.2677182388208457,2.328902812468043,2.22685745004357,2.3174886583621466,100,0,1
2025.09.23,02:05:44,2.2438779038192793,2.3005615661698977,2.17543835776177,2.2364629715594484,100,0,1
2025.09.23,02:06:44,2.270463342475449,2.35971840366276,2.229712648122878,2.259803802807026,100,0,1
2025.09.23,02:07:44,2.26437887193056,2.316977850150213,2.1903031657574967,2.2148995636239337,100,0,1
2025.09.23,02:08:44,2.3335448919477977,2.403119023399227,2.2911274037100164,2.3869542340408914,100,0,1
2025.09.23,02:09:44,2.269557808355499,2.3012345556488376,2.2430611559414784,2.2662886519327574,100,0,1
2025.09.23,02:10:44,2.238069738875636,2.3182486045065054,2.2022263942073246,2.2909835145125865,100,0,1
2025.09.23,02:11:44,2.277050317505003,2.3439732437582146,2.22299160348464,2.287775524720522,100,0,1
2025.09.23,02:12:44,2.2243513556561676,2.2435020564856285,2.1681958259579885,2.1878779230420435,100,0,1
2025.09.23,02:13:44,2.211117004003312,2.245502305824578,2.178184512807875,2.2224343798558515,100,0,1
2025.09.23,02:14:44,2.207842077034536,2.2678923843299086,2.1467955216032832,2.230783802337251,100,0,1
2025.09.23,02:15:44,2.2028836732217707,2.2670285480511696,2.1226056587425304,2.1308469160197534,100,0,1
2025.09.23,02:16:44,2.2070816560668,2.241879190522083,2.139474571542915,2.185963598476899,100,0,1
2025.09.23,02:17:44,2.19486410201059,2.2387558710046256,2.1630423756915964,2.164182814960214,100,0,1
2025.09.23,02:18:44,2.127498711259227,2.174400415712872,2.0729424924151694,2.1538178955954517,100,0,1
2025.09.23,02:19:44,2.1856917590625473,2.276491107065994,2.160371725829484,2.1737633096685642,100,0,1
2025.09.23,02:20:44,2.1064655389709217,2.1425458832692246,2.0442764626790018,2.059628200709017,100,0,1
2025.09.23,02:21:44,2.052159767585351,2.102214811900409,2.0097372267361866,2.051948896672766,100,0,1
2025.09.23,02:22:44,2.041088609676628,2.109579721134569,1.9901266137410754,2.0147923802930467,100,0,1
2025.09.23,02:23:44,1.9095442362972956,1.975864618647168,1.8558861941692606,1.872270002075843,100,0,1
2025.09.23,02:24:44,1.9231731356028785,1.981918098097135,1.8442379573802412,1.8683149457877544,100,0,1
2025.09.23,02:25:44,1.9391043188633361,1.9657568782277872,1.911984264118933,1.9551688505205913,100,0,1
2025.09.23,02:26:44,1.964662729213069,2.0030437091892495,1.922720130403698,1.9442383798118015,100,0,1
2025.09.23,02:27:44,1.97835164785404,2.038772311449744,1.9447920706604263,1.970220793086543,100,0,1
2025.09.23,02:28:44,1.8949305915893684,1.9008604183368571,1.8442860596640824,1.8510168128614866,100,0,1
2025.09.23,02:29:44,1.9083547391625104,1.9604097798064632,1.8793807208691895,1.905511945564458,100,0,1
2025.09.23,02:30:44,1.8663040067203962,1.908003231135465,1.8412716397991469,1.9071692430808336,100,0,1
2025.09.23,02:31:44,1.9236931892259854,1.9714113210846707,1.8727754927638673,1.8954022289260706,100,0,1
2025.09.23,02:32:44,1.8925607597595924,1.9364526493123033,1.7912238775290648,1.8533079626745106,100,0,1
2025.09.23,02:33:44,1.8649700855061169,1.9241600552919016,1.8107558108588424,1.8820539500138496,100,0,1
2025.09.23,02:34:44,1.8765979370220083,1.906536571180829,1.8199030247595003,1.8825063828718716,100,0,1
2025.09.23,02:35:44,1.900948421109428,1.911555447883967,1.8861711957918987,1.909199471537315,100,0,1
2025.09.23,02:36:44,1.8806284887245794,1.8993458067742703,1.8199892328194986,1.8823453473715048,100,0,1
2025.09.23,02:37:44,1.9276502084878324,1.9648488479371544,1.8818020277825984,1.9310215343398944,100,0,1
2025.09.23,02:38:44,1.9730406870776023,2.0399314899970875,1.8800412155738422,2.0341193835493097,100,0,1
2025.09.23,02:39:44,1.981399800139742,2.0572713054413128,1.9606816706232886,2.0095406185851346,100,0,1
2025.09.23,02:40:44,2.035301405224206,2.1087297591129603,2.0336582252947855,2.0542275828206447,100,0,1
2025.09.23,02:41:44,2.0617008769037537,2.112165290005916,1.9956115342238725,2.0100886691671085,100,0,1
2025.09.23,02:42:44,2.088164976923879,2.142990566834354,2.034979421045128,2.0949170554107814,100,0,1
2025.09.23,02:43:44,2.113963119587619,2.1519376324703448,2.112618886310404,2.130868839168268,100,0,1
2025.09.23,02:44:44,2.056024246417847,2.1156150123241,2.000246343667331,2.0851761912743076,100,0,1
2025.09.23,02:45:44,2.0555005230734955,2.079010791333051,2.04094776762126,2.0419731627695055,100,0,1
2025.09.23,02:46:44,1.988541312982453,2.0637173736046,1.92208239430008,2.0465659650156445,100,0,1
2025.09.23,02:47:44,2.0305622346637366,2.092214967790248,1.9493565237979844,2.0446811700245893,100,0,1
2025.09.23,02:48:44,1.9572717301766376,1.9972218346552608,1.8862936923708786,1.9212154434903583,100,0,1
2025.09.23,02:49:44,1.9288861362459235,1.9927773602825458,1.8849370717484315,1.9581597422734496,100,0,1
2025.09.23,02:50:44,1.8967536397708153,1.9466584923657049,1.8237083957861808,1.885149236804679,100,0,1
2025.09.23,02:51:44,1.87467893663571,1.9388768313649194,1.8127281789436305,1.899695490564916,100,0,1
2025.09.23,02:52:44,1.9197430627294945,1.946459192855315,1.8671451529885703,1.9138611204759908,100,0,1
2025.09.23,02:53:44,1.8835579349722875,1.924964005633372,1.8451519272301706,1.861671611426087,100,0,1
2025.09.23,02:54:44,1.9563995927086113,1.9996813792580783,1.950178790523145,1.9776159118751744,100,0,1
2025.09.23,02:55:44,1.9019011907009478,1.9124578224825386,1.8861327493072229,1.8894148549862657,100,0,1
2025.09.23,02:56:44,1.9834181868331362,2.0376783656776216,1.8945256819325447,1.9235698703414952,100,0,1
2025.09.23,02:57:44,1.8545199210899472,1.9114460876177275,1.8016859663033402,1.8766476368579046,100,0,1
2025.09.23,02:58:44,1.8432538852046598,1.9070823707402922,1.7937129588642167,1.9060431997674196,100,0,1
2025.09.23,02:59:44,1.9176049538009254,1.992275317827308,1.900261291064195,1.9724453105523043,100,0,1
2025.09.23,03:00:44,1.9063086533398115,1.9439249487017156,1.8673252233276791,1.9196826231752222,100,0,1
2025.09.23,03:01:44,1.9865769222984815,2.003546863167465,1.9433958034774674,1.9528994170151985,100,0,1
2025.09.23,03:02:44,1.9667759263807665,2.047798413548727,1.917136765536568,1.9199117747871655,100,0,1
2025.09.23,03:03:44,1.9568039471069785,2.0125362760283503,1.932689239694342,1.9384223674645038,100,0,1
2025.09.23,03:04:44,1.991136941783431,2.0611054307154397,1.9212501884693132,2.0564901496797754,100,0,1
2025.09.23,03:05:44,1.938799343145531,1.9943342714195915,1.8960922899375912,1.9868875632173602,100,0,1
2025.09.23,03:06:44,1.888184957483215,1.9272311626645156,1.8297907996782599,1.862993948142314,100,0,1
2025.09.23,03:07:44,1.806873800524032,1.8430451819742595,1.7182127904779236,1.7530107528865528,100,0,1
2025.09.23,03:08:44,1.8220168893494426,1.8666778280063858,1.752255007599422,1.8036703365695086,100,0,1
2025.09.23,03:09:44,1.9797709073518435,2.036759671133582,1.968169529341228,2.0229077732319545,100,0,1
2025.09.23,03:10:44,1.9528930670294247,2.014905424719243,1.9197094765918397,1.965302219406269,100,0,1
2025.09.23,03:11:44,1.9819608632261887,2.0375700491625697,1.9254866146133884,1.9487919722083353,100,0,1
2025.09.23,03:12:44,1.9321645792899007,2.0101920574928376,1.895242993739564,1.9120287302168828,100,0,1
2025.09.23,03:13:44,1.8807065871030035,1.9353456373508826,1.8024142150217501,1.840408572102324,100,0,1
2025.09.23,03:14:44,1.7935709477897817,1.8457346509701078,1.7181137241646556,1.753433387371878,100,0,1
2025.09.23,03:15:44,1.8894409318399392,1.9173646735620693,1.8405348449111003,1.856423748991332,100,0,1
2025.09.23,03:16:44,1.870001548299482,1.8899617520958136,1.8180286156996854,1.8872965779433233,100,0,1
2025.09.23,03:17:44,1.8971026635536121,1.943157605028076,1.8876431718250395,1.9425752537476964,100,0,1
2025.09.23,03:18:44,1.9595247972563685,2.0000471160656406,1.9299009475891291,1.955520308363398,100,0,1
2025.09.23,03:19:44,1.9200436161285315,1.9989095802663033,1.8693537443411572,1.8770452929000272,100,0,1
2025.09.23,03:20:44,1.9588068990694538,1.9663370080688989,1.8992485865153388,1.9378981232847836,100,0,1
2025.09.23,03:21:44,1.9329717386914869,1.9933840799667553,1.8979580518315893,1.9683573621271022,100,0,1
2025.09.23,03:22:44,1.9203172766407428,1.9616704388653368,1.873703816760475,1.9493142193904158,100,0,1
2025.09.23,03:23:44,1.8389794348658035,1.8907432863530813,1.7564361093109964,1.8563552061384387,100,0,1
2025.09.23,03:24:44,1.8354552398639268,1.8948917018860203,1.7662328076855738,1.7673369633899625,100,0,1
2025.09.23,03:25:44,1.7872479222475723,1.8243508414131908,1.7427795952239415,1.7584177972341253,100,0,1
2025.09.23,03:26:44,1.69915489796014,1.7439226037198252,1.629317624587147,1.645311731666282,100,0,1
2025.09.23,03:27:44,1.6019839142242824,1.6873158624745916,1.5631329057533652,1.6647172035950095,100,0,1
2025.09.23,03:28:44,1.6607829561656455,1.7042461245989218,1.579418866249724,1.6570168524675213,100,0,1
2025.09.23,03:29:44,1.5955022250625224,1.6436643579208323,1.5891690221152344,1.6323665423290827,100,0,1
2025.09.23,03:30:44,1.6348144530664255,1.6857880705794883,1.5523870934502892,1.6841149726967963,100,0,1
2025.09.23,03:31:44,1.6696630701468471,1.7191153564474333,1.6397864247531047,1.7097621090665425,100,0,1
2025.09.23,03:32:44,1.6573489376734014,1.722289383384329,1.6470890740989752,1.6695473070711844,100,0,1
2025.09.23,03:33:44,1.6225833227631172,1.680238139636619,1.5693744517383723,1.5843220646527096,100,0,1
2025.09.23,03:34:44,1.652786901759618,1.7180073809023617,1.5832001432452063,1.590350447647606,100,0,1
2025.09.23,03:35:44,1.625795303682541,1.6469169322706916,1.5619599385670044,1.6319321505593674,100,0,1
2025.09.23,03:36:44,1.6779516610923404,1.7128963274842295,1.6040661198481283,1.6978245559406826,100,0,1
2025.09.23,03:37:44,1.700017641032464,1.7414192052881938,1.6475200867648172,1.6573689087028591,100,0,1
2025.09.23,03:38:44,1.7275175619545386,1.7969728882020928,1.663108135000682,1.7021926546589188,100,0,1
2025.09.23,03:39:44,1.7744295794299805,1.8284088469847741,1.7308614324170377,1.8194669618786052,100,0,1
2025.09.23,03:40:44,1.8590179039753156,1.905853624628644,1.8230753249146732,1.8933746802058198,100,0,1
2025.09.23,03:41:44,1.8612838950918829,1.9223080651814113,1.7990628439315253,1.866827015844005,100,0,1
2025.09.23,03:42:44,1.8886522487067203,1.9127133105831287,1.831358650141307,1.9029210740875828,100,0,1
2025.09.23,03:43:44,1.9119573108503554,1.967437804175248,1.8462351776453843,1.908743531863468,100,0,1
2025.09.23,03:44:44,1.9148201200673274,1.9660825871166845,1.8643084154351663,1.9066793118896497,100,0,1
2025.09.23,03:45:44,1.8959482161796573,1.9526535075558336,1.8291389031471472,1.8890891695723866,100,0,1
2025.09.23,03:46:44,1.9492885466605814,1.9874894633192774,1.9402217848871928,1.9485802993031514,100,0,1
2025.09.23,03:47:44,1.956672125984661,2.0374099620389385,1.8918694479775118,1.9578602226695443,100,0,1
2025.09.23,03:48:44,1.9346980006240873,1.9875509538766156,1.8931250707478007,1.9706465984550838,100,0,1
2025.09.23,03:49:44,1.9856095017772555,2.024703062734041,1.9531301678228767,1.9843853024192044,100,0,1
2025.09.23,03:50:44,1.945417553473407,1.9902269801170858,1.9200836383222704,1.9310697139163138,100,0,1
2025.09.23,03:51:44,1.9703458283155564,2.052179160708064,1.9220643636327917,2.0471974945826803,100,0,1
2025.09.23,03:52:44,2.033183467546616,2.041424174509749,1.9686863866742703,1.9905775163252308,100,0,1
2025.09.23,03:53:44,2.0566449718300825,2.0978890215809325,2.008152921617338,2.008900294473297,100,0,1
2025.09.23,03:54:44,2.0985895598371895,2.1835957397956456,2.005626338865698,2.073182383543558,100,0,1
2025.09.23,03:55:44,2.101136647183145,2.1585913895843722,2.025283375628393,2.0475678553665264,100,0,1
2025.09.23,03:56:44,2.160631337412416,2.207360880373311,2.1125215218102484,2.1409366034468014,100,0,1
2025.09.23,03:57:44,2.2295383229370285,2.2928171022986934,2.182182689971593,2.2295003263021473,100,0,1
2025.09.23,03:58:44,2.2768667042292066,2.33673243136817,2.2450988744325406,2.308321229576156,100,0,1
2025.09.23,03:59:44,2.302295421772371,2.350481560149385,2.242269008647068,2.3463887002411257,100,0,1
2025.09.23,04:00:44,2.369406640396305,2.4043952053191804,2.312704414199026,2.3663538149830803,100,0,1
2025.09.23,04:01:44,2.4022666796762064,2.4472535868766827,2.3507345730088747,2.384653710668503,100,0,1
2025.09.23,04:02:44,2.3840386657837414,2.4395320523025754,2.2993929019739556,2.416704715115527,100,0,1
2025.09.23,04:03:44,2.394824550541706,2.4250698336470964,2.3206938800329766,2.391743067743816,100,0,1
2025.09.23,04:04:44,2.400650404975947,2.491067272983688,2.344230790069382,2.414918381719292,100,0,1
2025.09.23,04:05:44,2.3384215550479697,2.3927506507666023,2.2859965750992024,2.3447746443842963,100,0,1
2025.09.23,04:06:44,2.351288040775736,2.4235345836215876,2.3260715474473943,2.3918042120334198,100,0,1
2025.09.23,04:07:44,2.3653264211623597,2.4318654484920614,2.2968240319237587,2.420301719956451,100,0,1
2025.09.23,04:08:44,2.3606769942573234,2.418507625106354,2.357960210099251,2.413319842693835,100,0,1
2025.09.23,04:09:44,2.33342041136168,2.4187457651832682,2.2696409448222097,2.3805406573452768,100,0,1
2025.09.23,04:10:44,2.3051847392654263,2.3476318133146252,2.2413429774452345,2.2596761555947262,100,0,1
2025.09.23,04:11:44,2.300833113829919,2.3645049950002677,2.243046472193734,2.342986281253171,100,0,1
2025.09.23,04:12:44,2.353868668710763,2.3822132403283964,2.3184257475648375,2.369470101596932,100,0,1
2025.09.23,04:13:44,2.3752767241932915,2.423089553037165,2.3056426113039756,2.34684947032265,100,0,1
2025.09.23,04:14:44,2.3701080766921527,2.4270245693936148,2.3537944680281537,2.415248278315032,100,0,1
2025.09.23,04:15:44,2.3518593014130755,2.3771646713639316,2.312905636280618,2.3720259690843917,100,0,1
2025.09.23,04:16:44,2.3735396388011747,2.3918307475204506,2.322538247024457,2.3575890155689505,100,0,1
2025.09.23,04:17:44,2.352437194686634,2.397696266112743,2.2893301627821363,2.3389640906030307,100,0,1
2025.09.23,04:18:44,2.2986605404975653,2.3026011295916176,2.250066975937542,2.2982587048769183,100,0,1
2025.09.23,04:19:44,2.2489449269624817,2.298875647929051,2.204356074282787,2.2154987507046577,100,0,1
2025.09.23,04:20:44,2.248172669780948,2.2730213686648884,2.170247734910056,2.271770294116217,100,0,1
2025.09.23,04:21:44,2.2503225421546076,2.3086823069650104,2.1895668558390065,2.2221084772873434,100,0,1
2025.09.23,04:22:44,2.2225950036930118,2.275579333256275,2.1919568870682244,2.253252950636063,100,0,1
2025.09.23,04:23:44,2.193948111308024,2.244420626440905,2.132549847567386,2.184369351683238,100,0,1
2025.09.23,04:24:44,2.2365534188560097,2.2977446723895283,2.196090901494194,2.2427967303468868,100,0,1
2025.09.23,04:25:44,2.2354247062825046,2.2748997213950526,2.199387170132272,2.199569457391222,100,0,1
2025.09.23,04:26:44,2.2601677777796407,2.2957558706952486,2.1976701205069076,2.213896249774809,100,0,1
2025.09.23,04:27:44,2.2043820075894693,2.2130824783066174,2.1567153616564063,2.2025909971937425,100,0,1
2025.09.23,04:28:44,2.261867242219473,2.288469939640581,2.190183820474047,2.2740493470515766,100,0,1
2025.09.23,04:29:44,2.189870008353025,2.238957060060146,2.1001662572625777,2.180423969901469,100,0,1
2025.09.23,04:30:44,2.184101630284986,2.204208327091742,2.153288349427258,2.1597704468526344,100,0,1
2025.09.23,04:31:44,2.2399550823921293,2.280803246927107,2.2321470881978924,2.246316398331089,100,0,1
2025.09.23,04:32:44,2.14807036467273,2.200454778807347,2.1251412620017205,2.1529300799771036,100,0,1
2025.09.23,04:33:44,2.1707101159407483,2.2147266010104674,2.121809980264347,2.160172212605219,100,0,1
2025.09.23,04:34:44,2.270176967616659,2.333414687431812,2.2160191322803113,2.2994310950110095,100,0,1
2025.09.23,04:35:44,2.3397852207421144,2.3918494110000075,2.2568122143583795,2.3197004407931545,100,0,1
2025.09.23,04:36:44,2.3642187447864247,2.400520194821153,2.2650395082632278,2.3697942557882996,100,0,1
2025.09.23,04:37:44,2.2486845245050704,2.2728554898505675,2.180236471294077,2.2077235281587475,100,0,1
2025.09.23,04:38:44,2.168892240984347,2.221224815919689,2.1285497192983835,2.205299482269531,100,0,1
2025.09.23,04:39:44,2.1599678783722704,2.229882309159894,2.0805131444413614,2.2248766368656527,100,0,1
2025.09.23,04:40:44,2.2169865301124863,2.2933094436812502,2.172801508017396,2.265807656193846,100,0,1
2025.09.23,04:41:44,2.2094531713420777,2.2863974184518967,2.1325849518053417,2.1362403961656726,100,0,1
2025.09.23,04:42:44,2.118226029099106,2.150076488500603,2.0377902101589,2.1370243510476015,100,0,1
2025.09.23,04:43:44,2.07581781661821,2.1406748744112534,2.01046686258268,2.1040164919654765,100,0,1
2025.09.23,04:44:44,2.175035987969635,2.242510933904522,2.111662444971255,2.1907975900633243,100,0,1
2025.09.23,04:45:44,2.1332438774757208,2.1797517286542853,2.062861987103599,2.147019898677254,100,0,1
2025.09.23,04:46:44,2.0256031831189962,2.113796448320474,1.9905204509378465,2.0123606895910435,100,0,1
2025.09.23,04:47:44,1.9722850746670992,2.0369744780195327,1.897375127466645,1.9481910077641624,100,0,1
2025.09.23,04:48:44,1.9312817148354642,2.0154253514450917,1.8564296631588113,1.8763412022936208,100,0,1
2025.09.23,04:49:44,1.9807034296962698,2.0095421090141237,1.9327984332917396,1.9595302208543577,100,0,1
2025.09.23,04:50:44,2.0412669709194264,2.085165182240805,1.9649587205929706,2.069951146975945,100,0,1
2025.09.23,04:51:44,1.9667882882753411,2.031438263439403,1.9480501324837425,2.010834246213473,100,0,1
2025.09.23,04:52:44,2.0348945350686214,2.068773802448601,1.9831392924939089,1.9990885788072146,100,0,1
2025.09.23,04:53:44,1.9886603864547991,2.007545219182839,1.9319267005225558,1.979586530537366,100,0,1
2025.09.23,04:54:44,1.9860950182530814,2.0040040462962074,1.9411819887295356,1.9476007724784017,100,0,1
2025.09.23,04:55:44,1.9930077789194143,2.0281010794660888,1.9274332640197838,1.955616556212249,100,0,1
2025.09.23,04:56:44,2.029577495826773,2.088585881977337,2.0032326936884965,2.0062537650221413,100,0,1
2025.09.23,04:57:44,1.9838849376120629,2.051796419053209,1.9252153040680042,2.0026805251872424,100,0,1
2025.09.23,04:58:44,1.970946260982347,1.9943307704605575,1.9300700713744627,1.9593588574865728,100,0,1
2025.09.23,04:59:44,2.0445441247579015,2.0879445172772595,2.0113886428406706,2.084120302893116,100,0,1
2025.09.23,05:00:44,2.0556079399472407,2.101947000752787,1.993119877922724,2.0553533452658455,100,0,1
2025.09.23,05:01:44,2.087751382423691,2.1665731257231475,2.044735701420222,2.116159821450839,100,0,1
2025.09.23,05:02:44,2.075611907158096,2.1256562316883536,2.012846352883133,2.0431842224011674,100,0,1
2025.09.23,05:03:44,2.144143664829284,2.188220271967359,2.102497360604892,2.1761307492412665,100,0,1
2025.09.23,05:04:44,2.1691800514000237,2.2141469104148657,2.10929395788197,2.1381674278192957,100,0,1
2025.09.23,05:05:44,2.2951564446306603,2.312720897062239,2.269815926153529,2.3014831557679205,100,0,1
2025.09.23,05:06:44,2.2981533147892033,2.348947627957313,2.244703463029273,2.287901384397647,100,0,1
2025.09.23,05:07:44,2.280678935119032,2.3762081971189173,2.270044591825006,2.3334666667664137,100,0,1
2025.09.23,05:08:44,2.183794891943359,2.242451049749777,2.1631718656297076,2.239779404669364,100,0,1
2025.09.23,05:09:44,2.286201527533208,2.3147320998646914,2.2614763152300443,2.2818576806394093,100,0,1
2025.09.23,05:10:44,2.2344153493245043,2.2822638974121956,2.1917051999203054,2.2554201023225997,100,0,1
2025.09.23,05:11:44,2.376313136632118,2.4539760538645616,2.3427883955963758,2.4115023520777745,100,0,1
2025.09.23,05:12:44,2.394313653053356,2.4393016077252203,2.3415563386564084,2.374139319950248,100,0,1
2025.09.23,05:13:44,2.4465560790538516,2.470780029842087,2.3707742027297423,2.3771330436764555,100,0,1
2025.09.23,05:14:44,2.387571761731582,2.4616438597571686,2.33156783654268,2.40618514652984,100,0,1
2025.09.23,05:15:44,2.3853045251135865,2.425164598896699,2.339077480433649,2.3525544336418425,100,0,1
2025.09.23,05:16:44,2.375564428611396,2.428297281813156,2.358426401618991,2.37977107282769,100,0,1
2025.09.23,05:17:44,2.2775695713125503,2.340147884500709,2.2114104808363906,2.302034788821582,100,0,1
2025.09.23,05:18:44,2.305400344785162,2.333280153372772,2.3017723351414854,2.304227808367871,100,0,1
2025.09.23,05:19:44,2.3204242378255158,2.368851951692194,2.2538052288054105,2.2872759399894917,100,0,1
2025.09.23,05:20:44,2.2861372724528812,2.3635412765144297,2.230598705364803,2.3096643500825467,100,0,1
2025.09.23,05:21:44,2.2144512076991387,2.260839667594375,2.1231283095791524,2.231050795822369,100,0,1
2025.09.23,05:22:44,2.332686348788837,2.369327276276032,2.2984181277324773,2.31345465599348,100,0,1
2025.09.23,05:23:44,2.3351543736975113,2.3710308865354253,2.3117595011382637,2.3538261723028677,100,0,1
2025.09.23,05:24:44,2.3252813015291687,2.4144655416559027,2.3126761032050633,2.3375456362857143,100,0,1
2025.09.23,05:25:44,2.33502989649206,2.3631524438968414,2.2994325476226822,2.3476177255033197,100,0,1
2025.09.23,05:26:44,2.3541634986638003,2.40792497415343,2.262166801232205,2.2762238815044284,100,0,1
2025.09.23,05:27:44,2.2791975423797557,2.3255792393069172,2.2304370004450087,2.2583931056471167,100,0,1
2025.09.23,05:28:44,2.2746731307762413,2.296866041677596,2.247794936542559,2.2633439209537185,100,0,1
2025.09.23,05:29:44,2.3052935553528675,2.355944626338491,2.2219320870754506,2.2650880456359532,100,0,1
2025.09.23,05:30:44,2.280507126574781,2.324548198323039,2.2082784254257435,2.246686224272591,100,0,1
2025.09.23,05:31:44,2.267090454964316,2.2724251506249487,2.2356301386580855,2.26053113092905,100,0,1
2025.09.23,05:32:44,2.2179176720249987,2.278739565982305,2.1852869086287083,2.2284020631420622,100,0,1
2025.09.23,05:33:44,2.2401306611919303,2.268000549968043,2.1672671078689087,2.169027854011948,100,0,1
2025.09.23,05:34:44,2.1990511332576275,2.236480800239508,2.112626214686578,2.150383031787297,100,0,1
2025.09.23,05:35:44,2.2304498051637696,2.3101651019005325,2.17264236959216,2.204867216719515,100,0,1
2025.09.23,05:36:44,2.205781288471707,2.240959722914042,2.197943630795766,2.2313526452680486,100,0,1
2025.09.23,05:37:44,2.2008922160383255,2.251110343925679,2.177911652075864,2.2445886825386254,100,0,1
2025.09.23,05:38:44,2.250247910049635,2.2649330948479616,2.2335674520851443,2.2407281137523785,100,0,1
2025.09.23,05:39:44,2.3041469191904658,2.3491902602880534,2.272011034807164,2.3399527541417195,100,0,1
2025.09.23,05:40:44,2.324441818110857,2.3679772639679033,2.254904443619943,2.2603874970733684,100,0,1
2025.09.23,05:41:44,2.32133608763783,2.371199846406161,2.255237249292695,2.2762878824785795,100,0,1
2025.09.23,05:42:44,2.3747033738628547,2.411879876003104,2.3102920815250285,2.367257576078809,100,0,1
2025.09.23,05:43:44,2.406095669654031,2.4598186138721636,2.354257171431613,2.3568460659399086,100,0,1
2025.09.23,05:44:44,2.378558546764008,2.431254415354688,2.3213565164669863,2.3844360692025965,100,0,1
2025.09.23,05:45:44,2.3664034872576902,2.4328798452919056,2.3181819835754602,2.431527350319563,100,0,1
2025.09.23,05:46:44,2.3269937447084197,2.3618371135740697,2.2866126526288495,2.297725350104897,100,0,1
2025.09.23,05:47:44,2.3399469284982644,2.4039465227776224,2.2729351099347044,2.345187836025461,100,0,1
2025.09.23,05:48:44,2.265185753582177,2.33453236465511,2.2131465162256148,2.2653691817612027,100,0,1
2025.09.23,05:49:44,2.275927162755575,2.2983329677028506,2.2419960006572883,2.2960088828443497,100,0,1
2025.09.23,05:50:44,2.220378609594423,2.2892756961812015,2.1928977489910206,2.1983369376559927,100,0,1
2025.09.23,05:51:44,2.227875899255302,2.2709541660934867,2.1743060521461572,2.259192023337709,100,0,1
2025.09.23,05:52:44,2.136006549343403,2.1874640093462,2.052081149298686,2.099369620208484,100,0,1
2025.09.23,05:53:44,2.1736072780907016,2.2019697392143045,2.123006977248493,2.162945361404686,100,0,1
2025.09.23,05:54:44,2.1609550103591983,2.2296469134615156,2.110447580997745,2.1936788396213043,100,0,1
2025.09.23,05:55:44,2.1676666945121243,2.196104511727931,2.140483423706228,2.1748393965471156,100,0,1
2025.09.23,05:56:44,2.110179466147438,2.133457200914033,2.070648065393639,2.1156373972927836,100,0,1
2025.09.23,05:57:44,2.149329816651897,2.212521590489067,2.089914378999612,2.1729495830682404,100,0,1
2025.09.23,05:58:44,2.2121183118905585,2.2923699534876842,2.162954587265867,2.2196292921709575,100,0,1
2025.09.23,05:59:44,2.0917492658569095,2.1372277721876203,2.036582838258398,2.0511964742315234,100,0,1
2025.09.23,06:00:44,2.0820812644116247,2.1281742849881042,2.078743801297956,2.080921246342235,100,0,1
2025.09.23,06:01:44,2.012095830724789,2.0834662144548273,1.9543890236983346,2.013868139761087,100,0,1
2025.09.23,06:02:44,2.0407711512187556,2.1224230686574224,1.9884199346656346,2.0634827903845134,100,0,1
2025.09.23,06:03:44,2.0560412904413745,2.1166478101551456,2.0321293493698693,2.0762818111311523,100,0,1
2025.09.23,06:04:44,1.989783428396627,2.061470326986469,1.9183523092459647,1.937245063706628,100,0,1
2025.09.23,06:05:44,2.0760758069459384,2.117469616969698,2.0372006639226576,2.04966889175723,100,0,1
2025.09.23,06:06:44,2.0649429568191824,2.116859557647931,2.014291215595835,2.0777222352814224,100,0,1
2025.09.23,06:07:44,2.082634115843703,2.1406082904879593,2.022274983485198,2.130214430824266,100,0,1
2025.09.23,06:08:44,2.116172065213546,2.1812003441102608,2.0835879472269663,2.1260055804849136,100,0,1
2025.09.23,06:09:44,2.1593056527046244,2.2028349301070635,2.135657736456566,2.1629060843262944,100,0,1
2025.09.23,06:10:44,2.2052173116835543,2.261955833723367,2.113634891684094,2.253406034407566,100,0,1
2025.09.23,06:11:44,2.259334423240586,2.3082751135090755,2.232510433282945,2.27822995685621,100,0,1
2025.09.23,06:12:44,2.290906777053977,2.30093202048702,2.242767408512407,2.2849800422530913,100,0,1
2025.09.23,06:13:44,2.333294727858108,2.3775479554461345,2.323538098094163,2.334234127999118,100,0,1
2025.09.23,06:14:44,2.37972876760962,2.416979873854646,2.3483014948180636,2.374273562859652,100,0,1
2025.09.23,06:15:44,2.3966167410600656,2.4335559058430305,2.357059798577603,2.393082850051921,100,0,1
2025.09.23,06:16:44,2.347983926396756,2.4094920547894376,2.3107495076522873,2.333997285649668,100,0,1
2025.09.23,06:17:44,2.265209036778586,2.317172396353695,2.236308119367135,2.294541186056689,100,0,1
2025.09.23,06:18:44,2.358612023574985,2.400937349219244,2.298211648016728,2.371735578470433,100,0,1
2025.09.23,06:19:44,2.3256870142820154,2.337525954416521,2.2930374460827347,2.322726440074987,100,0,1
2025.09.23,06:20:44,2.290133486460771,2.319560578737423,2.2309909202141247,2.2518115980223135,100,0,1
2025.09.23,06:21:44,2.371419608916377,2.4308233053332575,2.3032342519808133,2.3844214073471686,100,0,1
2025.09.23,06:22:44,2.4409395857034237,2.5250318067352877,2.3935630810204214,2.401101527724536,100,0,1
2025.09.23,06:23:44,2.3337416514028173,2.3735242768491895,2.2791904164541172,2.280522569099182,100,0,1
2025.09.23,06:24:44,2.382205036378565,2.438165149377728,2.3150338399604693,2.362112959564887,100,0,1
2025.09.23,06:25:44,2.4228006989242283,2.4785766512863705,2.379234107847568,2.3794396331509122,100,0,1
2025.09.23,06:26:44,2.375453057120497,2.438797906417457,2.3416543562577314,2.3900335697546717,100,0,1
2025.09.23,06:27:44,2.378342290152541,2.418313625584664,2.3428676977938356,2.371690789865104,100,0,1
2025.09.23,06:28:44,2.338196530001103,2.3864924554862026,2.2875853760400453,2.2908619748310355,100,0,1
2025.09.23,06:29:44,2.2653277105603373,2.3324847156809496,2.209711500102905,2.244366058621106,100,0,1
2025.09.23,06:30:44,2.3265200122657177,2.402737445197254,2.2558686011739097,2.315759976674281,100,0,1
2025.09.23,06:31:44,2.315500944214051,2.33899863025618,2.272456940622583,2.3291163953377487,100,0,1
2025.09.23,06:32:44,2.342181126053752,2.4212806388080477,2.2972071634186246,2.3938929747760826,100,0,1
2025.09.23,06:33:44,2.2894503948787555,2.3168751700403054,2.23985737691881,2.241729030246285,100,0,1
2025.09.23,06:34:44,2.181063645750327,2.2073111092006528,2.161833872615575,2.187575977328416,100,0,1
2025.09.23,06:35:44,2.113655729304003,2.1686129224499955,2.0559598603409133,2.1079855524632953,100,0,1
2025.09.23,06:36:44,2.1729633593450712,2.2033389908921635,2.104353669309765,2.110057950389962,100,0,1
2025.09.23,06:37:44,2.0891363923859587,2.135951809702517,2.036536582936048,2.128230321012294,100,0,1
2025.09.23,06:38:44,2.127055968271533,2.173883750218529,2.072933839206852,2.116492980534213,100,0,1
2025.09.23,06:39:44,2.1278361588762866,2.1865800247930207,2.0853852245091673,2.1851126932392093,100,0,1
2025.09.23,06:40:44,2.1755412460206474,2.197966480719295,2.15103995199121,2.157154242254985,100,0,1
2025.09.23,06:41:44,2.152046935739493,2.2013975907698393,2.068566247625645,2.0775667756897187,100,0,1
2025.09.23,06:42:44,2.2371890894164865,2.255515993468045,2.17117404807178,2.2201629321201986,100,0,1
2025.09.23,06:43:44,2.2798438390509617,2.3555461071283665,2.233437802982839,2.304668167710155,100,0,1
2025.09.23,06:44:44,2.31698985703749,2.3540073219174187,2.2391671340820833,2.3392542600442874,100,0,1
2025.09.23,06:45:44,2.2615228860670764,2.3160454632935137,2.212796053798363,2.2162091445424723,100,0,1
2025.09.23,06:46:44,2.285280879005309,2.334774414992595,2.246137532681003,2.2588411576710588,100,0,1
2025.09.23,06:47:44,2.2140482990899186,2.2664335306506773,2.168603446378481,2.262804954344425,100,0,1
2025.09.23,06:48:44,2.1709862429139477,2.203859781610244,2.1251769602444535,2.1688670283785534,100,0,1
2025.09.23,06:49:44,2.10716350744488,2.1424152799906038,2.053697219935993,2.135593335198658,100,0,1
2025.09.23,06:50:44,2.15349056609413,2.1564376429294176,2.1077409462659618,2.121244855932519,100,0,1
2025.09.23,06:51:44,2.145048845161517,2.218382982709553,2.090791120944674,2.216906197190494,100,0,1
2025.09.23,06:52:44,2.1545888506733886,2.1846143011877297,2.08489867180883,2.1133149194441483,100,0,1
2025.09.23,06:53:44,2.258335116948057,2.318031501425998,2.235572699263964,2.256807817791859,100,0,1
2025.09.23,06:54:44,2.232820892486507,2.2588972222877084,2.192836262469066,2.245619807117115,100,0,1
2025.09.23,06:55:44,2.237871702823995,2.2759708050527543,2.1880758366072968,2.2441365072662975,100,0,1
2025.09.23,06:56:44,2.1395731051993487,2.2024669640612107,2.080652486435719,2.1802970416295286,100,0,1
2025.09.23,06:57:44,2.0638063543268172,2.1244838624496167,2.0162407639983293,2.060218425632457,100,0,1
2025.09.23,06:58:44,2.0972607139517763,2.153146663967697,2.044374078744483,2.0837980512048495,100,0,1
2025.09.23,06:59:44,2.0228899961156106,2.086593819682361,1.9564562146905602,2.046301946435175,100,0,1
2025.09.23,07:00:44,2.1103950576978923,2.162118092084258,2.078207035881755,2.1310155184075885,100,0,1
2025.09.23,07:01:44,2.0600450625330033,2.07028226131263,2.040798634840634,2.043480864341884,100,0,1
2025.09.23,07:02:44,2.0372409627297174,2.1094395662565417,2.00066967960183,2.051726472374568,100,0,1
2025.09.23,07:03:44,2.0060279187048247,2.0709675733181543,1.9809581050531657,2.0007330787689903,100,0,1
2025.09.23,07:04:44,1.9052763114379445,1.9432539473657862,1.8474762526078072,1.8711177844888545,100,0,1
2025.09.23,07:05:44,1.96110313321415,1.9767103817498939,1.8892344118755937,1.936587114912485,100,0,1
2025.09.23,07:06:44,1.8941268653627843,1.9802582788791623,1.8668381504285967,1.8921264636180979,100,0,1
2025.09.23,07:07:44,1.933429525358011,1.984809298072008,1.8712843962196786,1.9174432808865556,100,0,1
2025.09.23,07:08:44,1.8551327719400157,1.9005529909704908,1.8011882090250078,1.8074612613506704,100,0,1
2025.09.23,07:09:44,1.8515073657248267,1.9376782142972717,1.748194071918862,1.9343509168473225,100,0,1
2025.09.23,07:10:44,1.8683970215421801,1.8809255412687984,1.825413022863198,1.8566376162407638,100,0,1
2025.09.23,07:11:44,1.958454948254559,2.003861104516688,1.8961648669754512,1.9718941516880755,100,0,1
2025.09.23,07:12:44,2.00737718524832,2.032920326134796,1.94820973283662,2.024756447444547,100,0,1
2025.09.23,07:13:44,2.010594295187425,2.027982196305852,1.96702292783617,2.008380963740985,100,0,1
2025.09.23,07:14:44,1.9785241976503676,2.031147768755781,1.9088348583291237,2.0006732693418083,100,0,1
2025.09.23,07:15:44,1.825056664002138,1.9055384248408687,1.7308638361152806,1.9028627704698065,100,0,1
2025.09.23,07:16:44,1.8478742776856303,1.9012666474121296,1.7745005127755589,1.8743960156367492,100,0,1
2025.09.23,07:17:44,1.901333901979863,1.944786271754469,1.811109409422258,1.84682434022981,100,0,1
2025.09.23,07:18:44,1.901088073138565,1.9311785346980934,1.8405638812799867,1.8992028338619158,100,0,1
2025.09.23,07:19:44,1.9032375956871952,1.962507446513302,1.8631808325946275,1.9480603568722437,100,0,1
2025.09.23,07:20:44,1.9188531003595595,1.9514834870305298,1.8639246477139848,1.8749739108289336,100,0,1
2025.09.23,07:21:44,1.7869951408543758,1.8425245712642015,1.7336638711460604,1.7769410741057134,100,0,1
2025.09.23,07:22:44,1.8199667543694957,1.8712777796795188,1.7695970541756036,1.8485099399140417,100,0,1
2025.09.23,07:23:44,1.9672413233255723,1.993569782339298,1.8979180237652495,1.9159149777709712,100,0,1
2025.09.23,07:24:44,1.9554314220632687,2.0024862372830303,1.8853666109270202,1.9881031230333046,100,0,1
2025.09.23,07:25:44,1.8714024597273395,1.9363072588908672,1.8157848027765915,1.8805857052698784,100,0,1
2025.09.23,07:26:44,1.8107777342902165,1.871049273322415,1.7390655901178893,1.7484709557254956,100,0,1
2025.09.23,07:27:44,1.8817107049211583,1.9382318020106892,1.8195620909239305,1.851208895960664,100,0,1
2025.09.23,07:28:44,1.829737901830732,1.8655864885632676,1.7812892555351607,1.782819918896393,100,0,1
2025.09.23,07:29:44,1.9075683769789546,1.9515193755007945,1.8710386538711892,1.9242780535398039,100,0,1
2025.09.23,07:30:44,1.8176500740897874,1.87387051372652,1.768093129168865,1.8242791041541324,100,0,1
2025.09.23,07:31:44,1.8440785213503716,1.8630269429797006,1.7938488321372859,1.8391163820687206,100,0,1
2025.09.23,07:32:44,1.9314808105063035,1.9767379141102885,1.878162107092671,1.9207836574909984,100,0,1
2025.09.23,07:33:44,1.846844809847202,1.880144731365132,1.8032825947795454,1.8257364530204463,100,0,1
2025.09.23,07:34:44,1.9002394513553236,1.9645272978555217,1.840298478217115,1.945004784758358,100,0,1
2025.09.23,07:35:44,1.9026113358192203,1.9634545337782177,1.8823675602239964,1.9079787325703914,100,0,1
2025.09.23,07:36:44,1.9219940342043587,1.9648101543507932,1.8436853106215758,1.8969699039478156,100,0,1
2025.09.23,07:37:44,1.858945831937132,1.910058799479451,1.8100358534007688,1.8963019322819286,100,0,1
2025.09.23,07:38:44,1.861919114757395,1.9068657540869376,1.7654887403073602,1.873101563315445,100,0,1
2025.09.23,07:39:44,1.8887540732575543,1.9512508946444074,1.860048673974948,1.8882626736290515,100,0,1
2025.09.23,07:40:44,1.7941525401067806,1.8166454075113188,1.7433335096758755,1.7688657488913526,100,0,1
2025.09.23,07:41:44,1.7758147015307655,1.8094450852357087,1.7537056569403198,1.7756923945721208,100,0,1
2025.09.23,07:42:44,1.7810590235263555,1.839149150434968,1.7299657429518909,1.7356469952022493,100,0,1
2025.09.23,07:43:44,1.7906331235200714,1.8442103195058241,1.7494311265630516,1.7531155097635394,100,0,1
2025.09.23,07:44:44,1.755664190823956,1.8087459855582841,1.7511308212955816,1.791131385993216,100,0,1
2025.09.23,07:45:44,1.7483647834985827,1.7592741774223992,1.697761042773166,1.7098694725603913,100,0,1
2025.09.23,07:46:44,1.7895959605681058,1.8348144842181366,1.7403418356141598,1.768429934266291,100,0,1
2025.09.23,07:47:44,1.919350742967746,1.9658059865997979,1.8839763942574137,1.8977931475661438,100,0,1
2025.09.23,07:48:44,1.8515974602839675,1.9167408810674136,1.784182798757343,1.8811666017494364,100,0,1
2025.09.23,07:49:44,1.8843348453737896,1.9206811606275989,1.8271545399052351,1.906625198182595,100,0,1
2025.09.23,07:50:44,1.9045512209942927,1.9243010902757829,1.8684793686542045,1.908356906023293,100,0,1
2025.09.23,07:51:44,1.8664616492034545,1.9050850764045018,1.8282116081884767,1.847713673216203,100,0,1
2025.09.23,07:52:44,1.8451476905954292,1.886232432492614,1.792927314160478,1.883255673086656,100,0,1
2025.09.23,07:53:44,1.8251292006256632,1.8938978934716544,1.7922478329095746,1.8096586516960051,100,0,1
2025.09.23,07:54:44,1.831305502649446,1.8790135490132163,1.7958328913910118,1.8385104642111765,100,0,1
2025.09.23,07:55:44,1.8301111129758558,1.8422860004309498,1.7586695881028949,1.8044904347449517,100,0,1
2025.09.23,07:56:44,1.8321017516337064,1.8843325466187255,1.76789877513579,1.7810810119735845,100,0,1
2025.09.23,07:57:44,1.8016895759409817,1.8514643966940845,1.7471513881512162,1.8492387391789653,100,0,1
2025.09.23,07:58:44,1.7916265871459693,1.8619103975211877,1.7276434994591632,1.8074340599753465,100,0,1
2025.09.23,07:59:44,1.7488323375114132,1.785773378354625,1.6756045414152054,1.6879757510198026,100,0,1
2025.09.23,08:00:44,1.7209880568943845,1.792425606638128,1.660139758831396,1.7888514031386933,100,0,1
2025.09.23,08:01:44,1.72414505056127,1.781827520404026,1.6686728568740563,1.737505391438477,100,0,1
2025.09.23,08:02:44,1.6763244318978219,1.7127340546693317,1.628771930699817,1.685223843959231,100,0,1
2025.09.23,08:03:44,1.6298272325763778,1.721397091782448,1.562643866232859,1.598620856153598,100,0,1
2025.09.23,08:04:44,1.641470387405477,1.6951769747059882,1.560450127770952,1.636907133595581,100,0,1
2025.09.23,08:05:44,1.7180910966925302,1.7737193068747072,1.6874882425106235,1.7699437113215535,100,0,1
2025.09.23,08:06:44,1.6679189112771902,1.7039993757854521,1.6267463084847598,1.6445412742609538,100,0,1
2025.09.23,08:07:44,1.5726831393146843,1.5958659722628021,1.5052536511316326,1.5553369581565464,100,0,1
2025.09.23,08:08:44,1.592485431214389,1.6621640829556463,1.5222981199034042,1.5582181598982026,100,0,1
2025.09.23,08:09:44,1.5795698948382113,1.649316488317905,1.5188694294402447,1.593203123030131,100,0,1
2025.09.23,08:10:44,1.6105765365824367,1.6745802035784276,1.556294801029015,1.5730849394686879,100,0,1
2025.09.23,08:11:44,1.6427990600671607,1.6793905919888776,1.599658422426333,1.667355916932843,100,0,1
2025.09.23,08:12:44,1.6120342485583994,1.640438519648809,1.5636565562908915,1.567291342418192,100,0,1
2025.09.23,08:13:44,1.523852012352874,1.5669234528519158,1.4716467787807679,1.5491029245758738,100,0,1
2025.09.23,08:14:44,1.5442858136200963,1.5872251880350863,1.5384269758997808,1.5779492590135722,100,0,1
2025.09.23,08:15:44,1.5798464204880274,1.6364332348046393,1.5212950950285522,1.5439733101895035,100,0,1
2025.09.23,08:16:44,1.4925040065049704,1.5342089902555514,1.4315519322479693,1.4554652608977303,100,0,1
2025.09.23,08:17:44,1.526015785415377,1.5371193178716842,1.504861908791711,1.5278544666542546,100,0,1
2025.09.23,08:18:44,1.6386474705543643,1.703438032840258,1.5733881340114086,1.5799208780763687,100,0,1
2025.09.23,08:19:44,1.5925785911798,1.656220320991383,1.5493536615803742,1.6473817878160237,100,0,1
2025.09.23,08:20:44,1.5383539244947817,1.5690719951896268,1.5156749263834357,1.5684531781097304,100,0,1
2025.09.23,08:21:44,1.5926471765558468,1.6268284369445791,1.53707435376543,1.5550645824931624,100,0,1
2025.09.23,08:22:44,1.4806102834825332,1.539892310561595,1.4222590973326317,1.5002388689292214,100,0,1
2025.09.23,08:23:44,1.4323500602980537,1.5222123781932906,1.3969062067534284,1.4200726117256686,100,0,1
2025.09.23,08:24:44,1.4292902531720175,1.4684392411046412,1.383952592972214,1.4106339116000604,100,0,1
2025.09.23,08:25:44,1.4132751235716252,1.4433597709214583,1.3496696462210114,1.4121464938652528,100,0,1
2025.09.23,08:26:44,1.4046161006778255,1.434840763302255,1.3836749016028542,1.4201294257436599,100,0,1
2025.09.23,08:27:44,1.371376672773003,1.4081482643281777,1.3296533058749327,1.3764358716050054,100,0,1
2025.09.23,08:28:44,1.3800719078188983,1.4053328380400893,1.3389727573307222,1.3688509445896837,100,0,1
2025.09.23,08:29:44,1.3708279765737128,1.3883813872205149,1.3312700311050472,1.3516509048850205,100,0,1
2025.09.23,08:30:44,1.4644563168753275,1.5658216100794768,1.402365127032184,1.5605572811322488,100,0,1
2025.09.23,08:31:44,1.4800204825301129,1.5601167260454274,1.4591937078528336,1.4919930267243746,100,0,1
2025.09.23,08:32:44,1.5134548732741342,1.560267076189718,1.4866608251277011,1.5593080076214163,100,0,1
2025.09.23,08:33:44,1.548273939321139,1.5700388367682105,1.5217073447665046,1.5641041755022984,100,0,1
2025.09.23,08:34:44,1.6268023335143138,1.662658468866573,1.5584863955474944,1.6194967137806229,100,0,1
2025.09.23,08:35:44,1.5980247618274903,1.641123674197947,1.5507161231154667,1.6062580156092243,100,0,1
2025.09.23,08:36:44,1.5406647804324711,1.5978451113050864,1.503604457249825,1.5244676270304338,100,0,1
2025.09.23,08:37:44,1.6360151268755858,1.6857260242573446,1.5758308129756347,1.6788077840751787,100,0,1
2025.09.23,08:38:44,1.6562850564420293,1.7008391620195438,1.569664739314847,1.578201531963147,100,0,1
2025.09.23,08:39:44,1.7125535049760099,1.7952008562845074,1.6173107612554696,1.6259080215058273,100,0,1
2025.09.23,08:40:44,1.763411025782115,1.805828758245832,1.6876859854842787,1.78594255253175,100,0,1
2025.09.23,08:41:44,1.8372248641776838,1.8920701807159075,1.8211376707945268,1.8842167778129848,100,0,1
2025.09.23,08:42:44,1.8655014116200594,1.8830553339430123,1.814452228529613,1.8664311204667394,100,0,1
2025.09.23,08:43:44,1.9233154796118033,1.9539588514211268,1.8695242017774225,1.9392411336624382,100,0,1
2025.09.23,08:44:44,1.796131385798879,1.858957521207655,1.7456701449078083,1.779545392962875,100,0,1
2025.09.23,08:45:44,1.8255660697850957,1.8973762021139637,1.7724363103488714,1.8909075978778038,100,0,1
2025.09.23,08:46:44,1.8050171477982249,1.8471836289178287,1.7511090386683186,1.8088100620251542,100,0,1
2025.09.23,08:47:44,1.8352929577347512,1.8908765124508913,1.7545572367340412,1.8793082583714142,100,0,1
2025.09.23,08:48:44,1.8937126759275782,1.952357781510912,1.849196236600923,1.8527515118976752,100,0,1
2025.09.23,08:49:44,1.875324990195437,1.9293947396533622,1.8297470765403794,1.8403612450087448,100,0,1
2025.09.23,08:50:44,1.8884526150085235,1.9438920361859018,1.822735571888784,1.8622687964510558,100,0,1
2025.09.23,08:51:44,1.8515227743755907,1.897735052433712,1.806654732603674,1.8713987978645776,100,0,1
2025.09.23,08:52:44,1.8677355747853976,1.9531058304199302,1.838123668821681,1.883703282927541,100,0,1
2025.09.23,08:53:44,1.7599074748828676,1.8283227914390565,1.6953940107718213,1.7175553223251232,100,0,1
2025.09.23,08:54:44,1.7694551325816312,1.7991643360409308,1.7089156254693474,1.7118827065824438,100,0,1
2025.09.23,08:55:44,1.754986185535048,1.8703408311504293,1.720860284694323,1.7973031743823191,100,0,1
2025.09.23,08:56:44,1.8026285854872997,1.8476065270959101,1.7611573680117905,1.7861442864565578,100,0,1
2025.09.23,08:57:44,1.753256526864319,1.7620332832140395,1.7082473820239443,1.749188502887086,100,0,1
2025.09.23,08:58:44,1.8062929296500836,1.860645922414004,1.7791340254739583,1.8517106169167716,100,0,1
2025.09.23,08:59:44,1.747860992249949,1.8009093113365136,1.6715282031612029,1.695645889245627,100,0,1
2025.09.23,09:00:44,1.7769473749430773,1.8356022054083647,1.713883636079288,1.8049763023924275,100,0,1
2025.09.23,09:01:44,1.7669612514355553,1.7936992068286426,1.7518549516799438,1.7900428770965262,100,0,1
2025.09.23,09:02:44,1.794687923838975,1.8366989863266168,1.7544386303904516,1.7669082576801596,100,0,1
2025.09.23,09:03:44,1.7674659712621643,1.8087583815400046,1.7142738266327515,1.7467780142920657,100,0,1
2025.09.23,09:04:44,1.6935567386610466,1.727340515773082,1.6431705970961878,1.6540782452673461,100,0,1
2025.09.23,09:05:44,1.6945793175504085,1.7427266624753175,1.621810343326587,1.6745701024610273,100,0,1
2025.09.23,09:06:44,1.7226939271436343,1.7723245229107676,1.6818593459961702,1.7061246772440273,100,0,1
2025.09.23,09:07:44,1.7277055401959795,1.750116897773406,1.7044966187994501,1.7243980902602043,100,0,1
2025.09.23,09:08:44,1.7560833823783621,1.796323585856612,1.703028939226931,1.7891489020596782,100,0,1
2025.09.23,09:09:44,1.6830021390043142,1.7417090137463855,1.6259725301088828,1.7219590659943045,100,0,1
2025.09.23,09:10:44,1.6706113880142417,1.7289544463230335,1.6424578247757327,1.6745580002926868,100,0,1
2025.09.23,09:11:44,1.7201925203398336,1.8025830247316126,1.6684249657288241,1.7047683516679522,100,0,1
2025.09.23,09:12:44,1.6503983300171352,1.718659955568931,1.5971521801632433,1.6179120271343592,100,0,1
2025.09.23,09:13:44,1.7611855627313593,1.8282932383597632,1.7038549893586143,1.7558915593364444,100,0,1
2025.09.23,09:14:44,1.7869530023330487,1.889187355457995,1.7222705640826845,1.877589637856261,100,0,1
2025.09.23,09:15:44,1.7567820709630324,1.809900469801946,1.7047440564277427,1.7116428236618915,100,0,1
2025.09.23,09:16:44,1.7409985812489344,1.8032139856422857,1.6918664072863037,1.7127951630532559,100,0,1
2025.09.23,09:17:44,1.7868263941028846,1.8009454455972542,1.7160139418905878,1.7431264852417443,100,0,1
2025.09.23,09:18:44,1.8144585985634694,1.8266139922512044,1.7516188510230193,1.8067255572567111,100,0,1
2025.09.23,09:19:44,1.7621700445418507,1.8109085460610028,1.7152920804123348,1.7408909218079556,100,0,1
2025.09.23,09:20:44,1.7762886024983315,1.8146718698781872,1.7114850871856422,1.7555623517861585,100,0,1
2025.09.23,09:21:44,1.874371247490993,1.906907109878888,1.834517573743015,1.881027634340645,100,0,1
2025.09.23,09:22:44,1.8810942553967707,1.9526611226845623,1.8214654332824887,1.8231604384800175,100,0,1
2025.09.23,09:23:44,1.8683150604365617,1.891674115265493,1.7832189463108394,1.8112592715706157,100,0,1
2025.09.23,09:24:44,1.9062661079351437,1.9731194044083407,1.8851372912811624,1.9468235576647785,100,0,1
2025.09.23,09:25:44,1.8609338340487431,1.9046888983537904,1.8312483907485577,1.8887814251746413,100,0,1
2025.09.23,09:26:44,1.8318659946621785,1.9071758948607953,1.7849484988912303,1.8768584760406433,100,0,1
2025.09.23,09:27:44,1.8182929955542442,1.8688438730518104,1.780044436837574,1.805212421742993,100,0,1
2025.09.23,09:28:44,1.8632095697298945,1.8681711168907396,1.8149505770113454,1.8411638677972597,100,0,1
2025.09.23,09:29:44,1.9692785735848548,2.036166608926227,1.8876750165090463,2.0188233160702618,100,0,1
2025.09.23,09:30:44,1.9861056641801713,2.0489759936561853,1.9073695487122218,1.9247816844053556,100,0,1
2025.09.23,09:31:44,2.055838317541083,2.085414944122923,1.9798136094595182,2.053462853870146,100,0,1
2025.09.23,09:32:44,2.0174196680993246,2.1063047610753705,1.9666538235717965,1.9698209505990316,100,0,1
2025.09.23,09:33:44,1.9678415872817174,2.0417424791174947,1.90072756864039,1.9531272456719988,100,0,1
2025.09.23,09:34:44,2.060617872442271,2.1037751983703847,2.000541439779946,2.0284562110663784,100,0,1
2025.09.23,09:35:44,1.9253551762903016,1.9717726541992524,1.910860952495063,1.910921299010192,100,0,1
2025.09.23,09:36:44,1.8918549327098289,1.9544276308184108,1.8361304934557297,1.897506340254657,100,0,1
2025.09.23,09:37:44,1.9058750732290974,1.946642881068891,1.8580865351088027,1.9284643765656997,100,0,1
2025.09.23,09:38:44,1.8780085045016706,1.9349526122095582,1.8179793781616624,1.8284805466672824,100,0,1
2025.09.23,09:39:44,1.9012219322245099,1.9729048310985218,1.8622374196046583,1.951820905211431,100,0,1
2025.09.23,09:40:44,1.8803255745102556,1.92720649531851,1.8563655607267882,1.9169666618597558,100,0,1
2025.09.23,09:41:44,1.8893039763644661,1.9205672638571418,1.8579482840199193,1.89848047461606,100,0,1
2025.09.23,09:42:44,1.9304632043210705,1.9819486163846347,1.8601652567761633,1.9135670085817424,100,0,1
2025.09.23,09:43:44,1.8720757593198174,1.9342547517985893,1.8195107765351273,1.895599631840533,100,0,1
2025.09.23,09:44:44,1.8101621962592849,1.8293136887247938,1.7644454756460652,1.7909849039550088,100,0,1
2025.09.23,09:45:44,1.7532222461980722,1.7725222482887129,1.7018617947622918,1.7440911755235053,100,0,1
2025.09.23,09:46:44,1.8325963608555005,1.8829207128204772,1.7801089814090372,1.794590669288446,100,0,1
2025.09.23,09:47:44,1.8274857837813638,1.899411096757877,1.78070130455069,1.8886434425333327,100,0,1
2025.09.23,09:48:44,1.8994040721470506,1.9215916707583212,1.8412114593155375,1.8490108889741443,100,0,1
2025.09.23,09:49:44,1.8387678921782096,1.9047855488391592,1.8295034474789629,1.892904469824586,100,0,1
2025.09.23,09:50:44,1.8423453662730098,1.9107436334257928,1.7826652914014771,1.8957697714589028,100,0,1
2025.09.23,09:51:44,1.8477298283704935,1.8779183324418418,1.8179307595882974,1.8477637884139322,100,0,1
2025.09.23,09:52:44,1.813799222042363,1.8924213251079636,1.7582981936722604,1.853392878625998,100,0,1
2025.09.23,09:53:44,1.8426768127489752,1.9171809353256308,1.7764643085650338,1.8560250834446963,100,0,1
2025.09.23,09:54:44,1.8398296778238794,1.8687801505447965,1.7969054923766337,1.813382532558645,100,0,1
2025.09.23,09:55:44,1.9348109645198528,2.0103629325430163,1.88952963767724,1.902109759755958,100,0,1
2025.09.23,09:56:44,2.02560547655938,2.0788844908767836,1.9796670263061873,2.014363047247047,100,0,1
2025.09.23,09:57:44,2.021844016026585,2.0534145541553745,1.9404422435039597,1.986305076710864,100,0,1
2025.09.23,09:58:44,2.02613990293846,2.07619511014676,1.9688001284406063,2.0183768252535286,100,0,1
2025.09.23,09:59:44,2.06543751483913,2.1346111768868155,2.02133265012596,2.099312090775635,100,0,1
2025.09.23,10:00:44,2.051672659334639,2.07485187926958,2.0063530344511067,2.045775610400238,100,0,1
2025.09.23,10:01:44,1.9765977349698123,2.0477011028737953,1.9555557098030603,2.0329315575392726,100,0,1
2025.09.23,10:02:44,1.9578904708505092,2.0180550515538713,1.8806856708208277,1.9109421683390726,100,0,1
2025.09.23,10:03:44,1.9636744523571268,2.027460925472151,1.911603793713968,1.9704011077390489,100,0,1
2025.09.23,10:04:44,1.8727482212586808,1.9003030803854948,1.7933131592693536,1.8692833524505175,100,0,1
2025.09.23,10:05:44,1.8714717393002582,1.9203984863307435,1.7983370823267886,1.8023557366793852,100,0,1
2025.09.23,10:06:44,1.9191278466357382,1.942903254014274,1.8737036857044544,1.8892881641876424,100,0,1
2025.09.23,10:07:44,1.8956806910354533,1.948669120238117,1.8477090312481776,1.8661210236092531,100,0,1
2025.09.23,10:08:44,1.9126740935194568,1.9591364598797711,1.839701814081832,1.9483636293654774,100,0,1
2025.09.23,10:09:44,1.9452704864416894,1.9503399344135655,1.8905688339473934,1.927241970790009,100,0,1
2025.09.23,10:10:44,2.059885056413114,2.0973580144673027,2.0060558093330667,2.012699915461218,100,0,1
2025.09.23,10:11:44,2.127958626430369,2.1996586494510364,2.099776042557474,2.1190160686717032,100,0,1
2025.09.23,10:12:44,2.127719492080558,2.164516983785141,2.0852350711328027,2.120223057363517,100,0,1
2025.09.23,10:13:44,2.076231555735207,2.134980020033043,2.0561134635887566,2.132398311721089,100,0,1
2025.09.23,10:14:44,2.148168149906585,2.1886643623730904,2.130730099081214,2.139931140466281,100,0,1
2025.09.23,10:15:44,2.183172070726754,2.2359840846725603,2.1318753827171304,2.166776524283058,100,0,1
2025.09.23,10:16:44,2.167452978375022,2.2063782355647055,2.11924194154844,2.1362081561127946,100,0,1
2025.09.23,10:17:44,2.226563041675326,2.2701223396879002,2.168052889326772,2.259745839997221,100,0,1
2025.09.23,10:18:44,2.214030194655566,2.23196989502271,2.1892495376804506,2.189330405702038,100,0,1
2025.09.23,10:19:44,2.2273967400365127,2.3037874241536644,2.1471791301436753,2.2557878509668168,100,0,1
2025.09.23,10:20:44,2.284930633620667,2.3543892358336582,2.221508455737302,2.2392565683098993,100,0,1
2025.09.23,10:21:44,2.319981277702211,2.3659636330013933,2.2560246428787405,2.3614569632065225,100,0,1
2025.09.23,10:22:44,2.289495112342212,2.340651953419335,2.25632671242833,2.327293958573704,100,0,1
2025.09.23,10:23:44,2.2757883776374332,2.3434483821418084,2.2247018836807895,2.2854724922768868,100,0,1
2025.09.23,10:24:44,2.432088291370546,2.474908000926664,2.406324366225083,2.4264564899797705,100,0,1
2025.09.23,10:25:44,2.4430004695427145,2.5368407889479925,2.376059403329094,2.4677381428285194,100,0,1
2025.09.23,10:26:44,2.4678461991613303,2.521616159266937,2.4254445246539458,2.461520130578787,100,0,1
2025.09.23,10:27:44,2.538218529744745,2.592078011319008,2.52080304459877,2.5683985194804233,100,0,1
2025.09.23,10:28:44,2.512575668105167,2.5586064073353607,2.4920438088027415,2.493175254589999,100,0,1
2025.09.23,10:29:44,2.387811719062897,2.437888171504641,2.3308803416084385,2.3933172168654018,100,0,1
2025.09.23,10:30:44,2.4200614893122507,2.459320311896659,2.3742089539427687,2.3750424626026696,100,0,1
2025.09.23,10:31:44,2.406519197233107,2.434799054801158,2.336224574558454,2.4230064182069637,100,0,1
2025.09.23,10:32:44,2.419998775264909,2.5024905979216023,2.371078580761646,2.4382424326042353,100,0,1
2025.09.23,10:33:44,2.4249585757887586,2.430844017058472,2.364698487324557,2.4077655169300027,100,0,1
2025.09.23,10:34:44,2.2911349819847038,2.3549713074595737,2.244252159928078,2.26159186935605,100,0,1
2025.09.23,10:35:44,2.2139665428212543,2.249011523978253,2.172143921463223,2.1841872750156615,100,0,1
2025.09.23,10:36:44,2.2393676183131856,2.30130396374928,2.2144643620732083,2.2394831417670766,100,0,1
2025.09.23,10:37:44,2.239439965649791,2.309943924856423,2.1968851893902865,2.303300220132572,100,0,1
2025.09.23,10:38:44,2.304908105916499,2.340407803091359,2.276376904652114,2.309358588326249,100,0,1
2025.09.23,10:39:44,2.3081836359659205,2.341072811456876,2.215862038263013,2.29135074792239,100,0,1
2025.09.23,10:40:44,2.3426061743346485,2.3687554912460156,2.2820087885064746,2.3336566974642543,100,0,1
2025.09.23,10:41:44,2.3385866646521656,2.389734280198126,2.3006062672836505,2.3225359374467462,100,0,1
2025.09.23,10:42:44,2.4566701041033414,2.48567944945576,2.3731801953205838,2.477632661209589,100,0,1
2025.09.23,10:43:44,2.5013861904069987,2.5563766780663357,2.4688892950688044,2.5407707246697853,100,0,1
2025.09.23,10:44:44,2.4828213894319107,2.5573760309446634,2.3920017419871105,2.4652398239320323,100,0,1
2025.09.23,10:45:44,2.5372944125261823,2.624801057785843,2.481939338041526,2.5982143623920053,100,0,1
2025.09.23,10:46:44,2.5110846132891886,2.5758236626599884,2.4951957645019407,2.499462020083949,100,0,1
2025.09.23,10:47:44,2.5173240818142455,2.5570931486783337,2.455744028139874,2.514997970968424,100,0,1
2025.09.23,10:48:44,2.562814303189611,2.601523501901161,2.492751442500246,2.5525619373507746,100,0,1
2025.09.23,10:49:44,2.405256805386151,2.40652893468484,2.3432047415404176,2.405239796557851,100,0,1
2025.09.23,10:50:44,2.3592438341048383,2.4469525511797334,2.338325252728785,2.3899457179611585,100,0,1
2025.09.23,10:51:44,2.3317618792677792,2.4258263080478657,2.3064271726345162,2.402483958365399,100,0,1
2025.09.23,10:52:44,2.4065743794905385,2.4349803534507433,2.348122493047305,2.4207630519039043,100,0,1
2025.09.23,10:53:44,2.385561127781506,2.437320147349799,2.329191220726333,2.41783955103512,100,0,1
2025.09.23,10:54:44,2.4538661853696935,2.479973799317305,2.4032774878460987,2.415047854632555,100,0,1
2025.09.23,10:55:44,2.536836581656144,2.608142744558182,2.4636946823202055,2.4923371489134025,100,0,1
2025.09.23,10:56:44,2.551532256111534,2.5969208344759425,2.527140453180932,2.56538935328126,100,0,1
2025.09.23,10:57:44,2.532787112764842,2.5915211078572207,2.452704565020559,2.5696029908239617,100,0,1
2025.09.23,10:58:44,2.501759651342318,2.535790877654575,2.4814089009788467,2.51895767055082,100,0,1
2025.09.23,10:59:44,2.545688985437447,2.6285373157600387,2.508710010626549,2.5330421891928148,100,0,1
2025.09.23,11:00:44,2.543395839780195,2.599015249246403,2.4585343199170335,2.512829506200703,100,0,1
2025.09.23,11:01:44,2.599065722019671,2.6476808013161515,2.5745133677857144,2.642284794423669,100,0,1
2025.09.23,11:02:44,2.6357114704804254,2.720900357171863,2.5848279578644853,2.6336064397753938,100,0,1
2025.09.23,11:03:44,2.6503770549265533,2.712499099849016,2.6094478581323584,2.6154042098952246,100,0,1
2025.09.23,11:04:44,2.666442249396503,2.7039197801351103,2.6205886522024313,2.62133474607283,100,0,1
2025.09.23,11:05:44,2.6845940877803103,2.72121006734936,2.6096738031945947,2.6431675580484817,100,0,1
2025.09.23,11:06:44,2.6845844436880335,2.725669478820054,2.633462909081014,2.649033192862463,100,0,1
2025.09.23,11:07:44,2.5977906351197313,2.676360717604694,2.5505907331339057,2.573025937901463,100,0,1
2025.09.23,11:08:44,2.641073745809176,2.6896704243099285,2.5891424273646293,2.6801193234668275,100,0,1
2025.09.23,11:09:44,2.632727832824006,2.6827237551670557,2.577698041163077,2.672614213034217,100,0,1
2025.09.23,11:10:44,2.653724998371946,2.7107749160681918,2.6161439562249975,2.6656488592272933,100,0,1
2025.09.23,11:11:44,2.6437042069506775,2.7275209956036726,2.58045749547549,2.7214103621007153,100,0,1
2025.09.23,11:12:44,2.6664693764918597,2.713666987685246,2.6054876049890336,2.682461614763415,100,0,1
2025.09.23,11:13:44,2.7378694059857858,2.7980643788738577,2.6746105876178414,2.7789950410995314,100,0,1
2025.09.23,11:14:44,2.68114514371656,2.70277342258494,2.618336917859157,2.6749588405920486,100,0,1
2025.09.23,11:15:44,2.6486922947583875,2.663401357405101,2.584022247872156,2.607972653427988,100,0,1
2025.09.23,11:16:44,2.67762563151843,2.724460971177097,2.630260110725493,2.711754521232178,100,0,1
2025.09.23,11:17:44,2.7450336090644853,2.7767890214250737,2.7291741967522887,2.7598987488384563,100,0,1
2025.09.23,11:18:44,2.726305388724832,2.7552550435340795,2.6670451696892514,2.7484938625435227,100,0,1
2025.09.23,11:19:44,2.6930862937018283,2.732952967002575,2.6129804443363978,2.6639967600695007,100,0,1
2025.09.23,11:20:44,2.6843388387144946,2.70457046316248,2.608967517893428,2.6337018373207948,100,0,1
2025.09.23,11:21:44,2.7556518827695604,2.8159446539160458,2.70103956840894,2.7542145366544966,100,0,1
2025.09.23,11:22:44,2.8595074773153586,2.9180923991306185,2.8067663569035126,2.8915231001696418,100,0,1
2025.09.23,11:23:44,2.948373352192003,3.043485838071056,2.9237359951645088,2.999916599411167,100,0,1
2025.09.23,11:24:44,2.895142004808062,2.9356378840139468,2.846194039483745,2.9119373386918177,100,0,1
2025.09.23,11:25:44,2.8864923246088265,2.916244703056987,2.8436043238716966,2.856533682016916,100,0,1
2025.09.23,11:26:44,2.8769153623019275,2.9231051688433576,2.8380882239279774,2.9086186041993254,100,0,1
2025.09.23,11:27:44,2.8852508618843524,2.9324464813046505,2.8375525418875536,2.8986743240575485,100,0,1
2025.09.23,11:28:44,2.8271755397312606,2.8453170399299275,2.7786520703041395,2.7812260915814946,100,0,1
2025.09.23,11:29:44,2.8436951789741967,2.856315111145607,2.789190498224464,2.844336450066591,100,0,1
2025.09.23,11:30:44,2.8663670425547956,2.9103156836063806,2.8140609509201364,2.8676272091004464,100,0,1
2025.09.23,11:31:44,2.8354875176764236,2.887034891244344,2.7565624843573335,2.7575076713435025,100,0,1
2025.09.23,11:32:44,2.806660596056247,2.8514735950089047,2.798953103753041,2.8504976355886327,100,0,1
2025.09.23,11:33:44,2.8940743459947713,2.9630494853668012,2.8224040952324816,2.905513240147972,100,0,1
2025.09.23,11:34:44,2.8600086772534965,2.9015552074486295,2.8144710114280045,2.869291980497292,100,0,1
2025.09.23,11:35:44,2.774284536951148,2.852078399442064,2.7247841840833873,2.8218102298780696,100,0,1
2025.09.23,11:36:44,2.7534968539885734,2.823145452136776,2.7116447454965176,2.7414419866701567,100,0,1
2025.09.23,11:37:44,2.7448161076141964,2.7969627766134635,2.6873339744402633,2.7928047878905744,100,0,1
2025.09.23,11:38:44,2.703529773760205,2.755345348953896,2.693599706681164,2.699189759408544,100,0,1
2025.09.23,11:39:44,2.7488219586302507,2.774340782057749,2.687707570747292,2.7639790932202306,100,0,1
2025.09.23,11:40:44,2.7897279691172,2.834647978701256,2.7668476333965866,2.808010172173023,100,0,1
2025.09.23,11:41:44,2.794517337735635,2.868324325974844,2.7521217838670458,2.8485546607599224,100,0,1
2025.09.23,11:42:44,2.8708611111884257,2.927173495197051,2.823720661510742,2.864585025462868,100,0,1
2025.09.23,11:43:44,2.893567470239367,2.9315865580848124,2.83960584787582,2.847327777428415,100,0,1
2025.09.23,11:44:44,2.940603093414488,2.976023749533296,2.911539366275745,2.9313095798691373,100,0,1
2025.09.23,11:45:44,2.9236225124806343,2.974351557448209,2.8861149872810166,2.898756651337405,100,0,1
2025.09.23,11:46:44,2.9413338476191067,2.96928067142523,2.8924127678718685,2.9462463122402536,100,0,1
2025.09.23,11:47:44,2.9679629674862364,3.0137282609502085,2.9020251664618235,2.9873421550637813,100,0,1
2025.09.23,11:48:44,2.939995294471677,2.9529499865738806,2.909544145793874,2.9301709439514374,100,0,1
2025.09.23,11:49:44,2.88816568420224,2.918060444135035,2.870883491126574,2.891025015473677,100,0,1
2025.09.23,11:50:44,2.896691678468952,2.926172009061628,2.8392390390725835,2.885067373218637,100,0,1
2025.09.23,11:51:44,2.8865989309954334,2.9270044207726307,2.8084069901400497,2.891010731515717,100,0,1
2025.09.23,11:52:44,2.8333816327520904,2.8940515251733436,2.8082024873084026,2.8891480912604846,100,0,1
2025.09.23,11:53:44,2.8138931897894217,2.8854661466991884,2.759341624066134,2.855546871629668,100,0,1
2025.09.23,11:54:44,2.8982832337473994,2.9337611690143253,2.863883725853107,2.911988994712048,100,0,1
2025.09.23,11:55:44,3.007817434784908,3.036886528528585,2.9431381709295885,3.0218843045767207,100,0,1
2025.09.23,11:56:44,3.021698190271754,3.097551404658553,3.001845816349924,3.059044125090212,100,0,1
2025.09.23,11:57:44,3.0076381582194416,3.068269641649354,2.8970761145167336,3.03955000811076,100,0,1
2025.09.23,11:58:44,3.026489511269899,3.0981130136544213,2.95621824094887,2.970979621440905,100,0,1
2025.09.23,11:59:44,2.9796495524945144,3.0387528748985617,2.976635603361093,2.9909892517101992,100,0,1
2025.09.23,12:00:44,2.9815028079945263,3.0442139492053952,2.915736416901825,2.9500403478074357,100,0,1
2025.09.23,12:01:44,2.908709276102732,2.933082734852614,2.8938773703569005,2.901375674709225,100,0,1
2025.09.23,12:02:44,2.910191103731624,2.9646510342505867,2.8639122196209694,2.9262408314344825,100,0,1
2025.09.23,12:03:44,2.8356977988273178,2.8937946456591264,2.8052715331283213,2.82668726522015,100,0,1
2025.09.23,12:04:44,2.8126398987503314,2.841249056112765,2.739532875152198,2.777039299644461,100,0,1
2025.09.23,12:05:44,2.7264017263978215,2.7773535855683984,2.680888836614454,2.7762926667001957,100,0,1
2025.09.23,12:06:44,2.8182144390384463,2.8557528500953047,2.780486132064547,2.8506806980958825,100,0,1
2025.09.23,12:07:44,2.827362003458396,2.8700922398362163,2.781717803767379,2.8005931310809715,100,0,1
2025.09.23,12:08:44,2.861329622660887,2.9307712750257857,2.8409567337830848,2.8507982409508483,100,0,1
2025.09.23,12:09:44,2.7897323239173475,2.8380218088435667,2.711693678403753,2.779997271978179,100,0,1
2025.09.23,12:10:44,2.827759671566079,2.830532049973771,2.785402135793035,2.8266177969207273,100,0,1
2025.09.23,12:11:44,2.8037830584318373,2.8578881119396633,2.764038078000035,2.812446861450339,100,0,1
2025.09.23,12:12:44,2.771101585613654,2.8005752042758547,2.71109968173893,2.74444476775981,100,0,1
2025.09.23,12:13:44,2.7390492963169706,2.781834336032807,2.6915613792955515,2.780570096239212,100,0,1
2025.09.23,12:14:44,2.7852925943455946,2.8118226548251233,2.695397350975689,2.773221666802634,100,0,1
2025.09.23,12:15:44,2.80888328174473,2.828597210217579,2.7758675384529394,2.7918304039082393,100,0,1
2025.09.23,12:16:44,2.8237696431799626,2.8993947791763555,2.761144886573041,2.8321939530489435,100,0,1
2025.09.23,12:17:44,2.6959028138035417,2.7400728389105065,2.6528466124402343,2.711219652047484,100,0,1
2025.09.23,12:18:44,2.7322177868877695,2.8190155540687276,2.7076512472911585,2.773335584125762,100,0,1
2025.09.23,12:19:44,2.712487352040198,2.760777930988279,2.653307372320712,2.7464784408560887,100,0,1
2025.09.23,12:20:44,2.73793979618053,2.7800974646424232,2.707418727675554,2.7284373187709203,100,0,1
2025.09.23,12:21:44,2.69143259141929,2.756817738249812,2.6474499183891913,2.6998678501049223,100,0,1
2025.09.23,12:22:44,2.663526382416783,2.7169933980129692,2.6311023323981715,2.7075006409617544,100,0,1
2025.09.23,12:23:44,2.7006815943849567,2.746998048887494,2.631016279128228,2.688987458568442,100,0,1
2025.09.23,12:24:44,2.6828255711612004,2.7176207858901416,2.650468445992263,2.710235749895963,100,0,1
2025.09.23,12:25:44,2.6260142217483646,2.669364003936411,2.564590478759194,2.626079764953937,100,0,1
2025.09.23,12:26:44,2.6422848450560403,2.670317035436359,2.598707190943405,2.6696947308569317,100,0,1
2025.09.23,12:27:44,2.6318969891575295,2.6979137819512693,2.5987476042127478,2.6826159826370786,100,0,1
2025.09.23,12:28:44,2.6044335543727586,2.6570604482160216,2.5544638223309994,2.582512942096123,100,0,1
2025.09.23,12:29:44,2.5642771610836492,2.609815940597735,2.472173940439697,2.6011307668399968,100,0,1
2025.09.23,12:30:44,2.5972727619222447,2.639353797267597,2.5335328697875314,2.573009989896844,100,0,1
2025.09.23,12:31:44,2.704170506897517,2.7719037629195182,2.682786227832377,2.754773797426815,100,0,1
2025.09.23,12:32:44,2.7322613171719787,2.7527577515071853,2.6725644922821843,2.691930423909609,100,0,1
2025.09.23,12:33:44,2.661059229941266,2.7260510428944382,2.622958271166895,2.6262233472075596,100,0,1
2025.09.23,12:34:44,2.6521977185358043,2.7158383378951574,2.588997648172204,2.6253675610729634,100,0,1
2025.09.23,12:35:44,2.6350323291011306,2.706680068332643,2.6050163718333668,2.648894282126196,100,0,1
2025.09.23,12:36:44,2.590515024825336,2.6320301503435433,2.563484265974299,2.6302064832285543,100,0,1
2025.09.23,12:37:44,2.5542166782484794,2.6442234610606112,2.4957578077384746,2.607296558959044,100,0,1
2025.09.23,12:38:44,2.6143512472129977,2.6766030977864417,2.5769766623094608,2.616599594107234,100,0,1
2025.09.23,12:39:44,2.5620416177313468,2.602822507287061,2.532261886252067,2.5886215607831735,100,0,1
2025.09.23,12:40:44,2.487602617768326,2.5098464894488477,2.458634949733782,2.4650500020235335,100,0,1
2025.09.23,12:41:44,2.4326935665781004,2.4880609128715427,2.394525632286502,2.4600094652623925,100,0,1
2025.09.23,12:42:44,2.3706689428338166,2.4475830444200457,2.3288970263445705,2.3502642092077597,100,0,1
2025.09.23,12:43:44,2.38476779097602,2.442571419213169,2.3436564964747486,2.4172864567102503,100,0,1
2025.09.23,12:44:44,2.404682372864387,2.4863127016972504,2.3597247981274494,2.3827589315444606,100,0,1
2025.09.23,12:45:44,2.3681493679755277,2.4378784712848383,2.297599541170692,2.3451329516674906,100,0,1
2025.09.23,12:46:44,2.19036801022425,2.2597792893515063,2.1365379071651294,2.249251255382514,100,0,1
2025.09.23,12:47:44,2.273474191409219,2.333484329933481,2.2227535000385905,2.322069575061509,100,0,1
2025.09.23,12:48:44,2.3368469277248987,2.3947837554599603,2.2811592756842325,2.3617125586118783,100,0,1
2025.09.23,12:49:44,2.3367199652750004,2.3731924852267063,2.2901965797611243,2.367336796340587,100,0,1
2025.09.23,12:50:44,2.310685141698455,2.3533845189306715,2.2186215003187812,2.3235300256077607,100,0,1
2025.09.23,12:51:44,2.248207518398527,2.3249058990867444,2.205039687231878,2.208264199422456,100,0,1
2025.09.23,12:52:44,2.303908772709076,2.350573781688166,2.2756417152169495,2.2885440507569554,100,0,1
2025.09.23,12:53:44,2.2877645934481277,2.3465464340927773,2.2331508361102688,2.331010015175484,100,0,1
2025.09.23,12:54:44,2.3471411344124795,2.3841841124989056,2.308498063506049,2.3322631311127697,100,0,1
2025.09.23,12:55:44,2.3863103011954596,2.4440762775006797,2.365082338527624,2.389507191986675,100,0,1
2025.09.23,12:56:44,2.384842864693264,2.4205965353555663,2.318078235189398,2.332195331613475,100,0,1
2025.09.23,12:57:44,2.3597062258638006,2.4147605498430735,2.3120153230576657,2.3830770391205287,100,0,1
2025.09.23,12:58:44,2.3638639886748014,2.4377382079206087,2.3249421085044877,2.3540837416859137,100,0,1
2025.09.23,12:59:44,2.266653264085578,2.3218694782657123,2.2523901521099594,2.3054220143523403,100,0,1
2025.09.23,13:00:44,2.299995204529176,2.3297303346328992,2.249123649225811,2.2997262245706565,100,0,1
2025.09.23,13:01:44,2.359510914951663,2.4308878493174655,2.2988824923261464,2.341525862329784,100,0,1
2025.09.23,13:02:44,2.4202596066690583,2.4742484202044825,2.3948615217345273,2.436122346980986,100,0,1
2025.09.23,13:03:44,2.346814890069522,2.37346015648552,2.3266819787846,2.3492529982185557,100,0,1
2025.09.23,13:04:44,2.2432066039025305,2.2820926674556303,2.184366215069466,2.2211901836062147,100,0,1
2025.09.23,13:05:44,2.244658664722583,2.280714497475646,2.176879621288955,2.2221844868751366,100,0,1
2025.09.23,13:06:44,2.2835867642233807,2.348339146971383,2.246802305724449,2.2924640595965426,100,0,1
2025.09.23,13:07:44,2.270695099766233,2.3335829969243362,2.203703605349225,2.281034430796403,100,0,1
2025.09.23,13:08:44,2.3287491297350376,2.3696738823628025,2.253500848471202,2.3045403819248147,100,0,1
2025.09.23,13:09:44,2.382706353654156,2.4230085638369037,2.3271761699557856,2.328333715176561,100,0,1
2025.09.23,13:10:44,2.392496050131226,2.46172290757006,2.3097741133914416,2.3446804332789495,100,0,1
2025.09.23,13:11:44,2.342672916906159,2.400262110408676,2.292397106793395,2.382541892399664,100,0,1
2025.09.23,13:12:44,2.423204403817725,2.4547984732004484,2.3517280696862257,2.448924277223012,100,0,1
2025.09.23,13:13:44,2.386145540958931,2.4610458723458404,2.322437382116491,2.4179184731104764,100,0,1
2025.09.23,13:14:44,2.3832522875886117,2.405767584030134,2.360873462060467,2.3877157333695216,100,0,1
2025.09.23,13:15:44,2.4007447398343595,2.4372477597011017,2.3415326241052536,2.35820250312849,100,0,1
2025.09.23,13:16:44,2.435114119872831,2.459843970757347,2.3889011365101056,2.4037976016576335,100,0,1
2025.09.23,13:17:44,2.3576001318602122,2.3820325769182413,2.2778497973524248,2.3399052552675315,100,0,1
2025.09.23,13:18:44,2.39381780027388,2.4076445902115258,2.345051000919048,2.3574308311906136,100,0,1
2025.09.23,13:19:44,2.411482859458953,2.494453806421181,2.3548980132694797,2.3807578610074005,100,0,1
2025.09.23,13:20:44,2.3902934100260094,2.467859696284155,2.2716244831445396,2.3577810659977274,100,0,1
2025.09.23,13:21:44,2.391043271453156,2.460948420960284,2.3595390883629292,2.3611459737084943,100,0,1
2025.09.23,13:22:44,2.438999795557255,2.4872136294080116,2.405532019085728,2.4526041398528293,100,0,1
2025.09.23,13:23:44,2.4706078624087335,2.507971093243072,2.4078815425051237,2.409759854997032,100,0,1
2025.09.23,13:24:44,2.351828842653952,2.3922546684927353,2.320976512807258,2.331435271553398,100,0,1
2025.09.23,13:25:44,2.326501555520677,2.383225240266078,2.2933338077734837,2.2979624488855133,100,0,1
2025.09.23,13:26:44,2.3655711214638377,2.44428385905728,2.308065285237153,2.4007161923579172,100,0,1
2025.09.23,13:27:44,2.2686233845430026,2.2935061571601265,2.1940797347072696,2.281948606950023,100,0,1
2025.09.23,13:28:44,2.3575509672436796,2.3968122096873703,2.306080168386427,2.3101424854486416,100,0,1
2025.09.23,13:29:44,2.2713674654894156,2.3189959724614706,2.202271651298609,2.208411104411043,100,0,1
2025.09.23,13:30:44,2.3355104390377566,2.3688795347860854,2.2909209573449463,2.360612215019911,100,0,1
2025.09.23,13:31:44,2.4386397722640103,2.4839047039748365,2.388138494065348,2.427045282696153,100,0,1
2025.09.23,13:32:44,2.490113228253315,2.5467668089847297,2.418106011472373,2.447167917399203,100,0,1
2025.09.23,13:33:44,2.4806370646650717,2.5477290177526366,2.4341685981820507,2.516475315186349,100,0,1
2025.09.23,13:34:44,2.42675267659051,2.471112277423336,2.371527677439632,2.4083761774142283,100,0,1
2025.09.23,13:35:44,2.4443725659263977,2.475174628420264,2.43637220299334,2.4608880679133858,100,0,1
2025.09.23,13:36:44,2.5531475487084334,2.5892892066848168,2.537786557769789,2.554353224617861,100,0,1
2025.09.23,13:37:44,2.497192811549205,2.5498470536492936,2.438246894547267,2.4839261998784674,100,0,1
2025.09.23,13:38:44,2.4812030942724745,2.5185840908060286,2.433734822793723,2.4635361980174153,100,0,1
2025.09.23,13:39:44,2.4114376691251413,2.4772668082199196,2.3555662275048466,2.4572149484717634,100,0,1
2025.09.23,13:40:44,2.408715484155169,2.475550710363879,2.3845647402387358,2.398439520093984,100,0,1
2025.09.23,13:41:44,2.3980780436857736,2.4559711470479106,2.342940315484814,2.4345660193907253,100,0,1
2025.09.23,13:42:44,2.4454388897368724,2.51130945466538,2.3958420843988915,2.490197336788402,100,0,1
2025.09.23,13:43:44,2.4307858139265477,2.4692947000552277,2.376018872557452,2.4105998516358853,100,0,1
2025.09.23,13:44:44,2.4068882272700076,2.4218685093602734,2.3497948329187155,2.4006708671911405,100,0,1
2025.09.23,13:45:44,2.366146013586339,2.396250601053419,2.3316664608367685,2.3808682552877913,100,0,1
2025.09.23,13:46:44,2.3658630401210132,2.4335432256229463,2.3356197253509734,2.3989292603747336,100,0,1
2025.09.23,13:47:44,2.4038453426172075,2.475584366556289,2.3406370059211836,2.4140022998031263,100,0,1
2025.09.23,13:48:44,2.439333795378041,2.4811318003800005,2.3699247255220315,2.4300315289566607,100,0,1
2025.09.23,13:49:44,2.4932339702417194,2.524925647282944,2.466119786986798,2.5225498161962654,100,0,1
2025.09.23,13:50:44,2.4712034084874483,2.5430725495371616,2.390628176210879,2.4654952266868264,100,0,1
2025.09.23,13:51:44,2.4349016297616815,2.475604925342639,2.4077866457412,2.4250745050767244,100,0,1
2025.09.23,13:52:44,2.331760080074145,2.3557131865157475,2.2747339330003586,2.3402145702883184,100,0,1
2025.09.23,13:53:44,2.2966515829797336,2.3661883851051293,2.2674070265899764,2.3592854381120185,100,0,1
2025.09.23,13:54:44,2.1847541040127934,2.2589535838932107,2.1286984601410115,2.2586262040741723,100,0,1
2025.09.23,13:55:44,2.15706816629204,2.204432895843476,2.1176599875262903,2.1743771685316307,100,0,1
2025.09.23,13:56:44,2.205139970550808,2.2586776943331053,2.152771861327724,2.2070137805385497,100,0,1
2025.09.23,13:57:44,2.1595889974069973,2.221691263856421,2.107254101859566,2.172211546150578,100,0,1
2025.09.23,13:58:44,2.0038019401869733,2.0388773446487343,1.9301508236598433,2.0336843983739983,100,0,1
2025.09.23,13:59:44,1.9579900503069514,2.0226299206872347,1.8882836026178949,1.9937947211870761,100,0,1
2025.09.23,14:00:44,1.9931764597052046,2.052546373183,1.9265063060378516,1.9696474312409344,100,0,1
2025.09.23,14:01:44,1.9368262109667518,1.9811760164380021,1.8671543289905275,1.8840161926137031,100,0,1
2025.09.23,14:02:44,1.8687624695958311,1.9175109361969331,1.831763358361422,1.8882359230764596,100,0,1
2025.09.23,14:03:44,1.8994506241088875,1.9693358006828119,1.8473104661028632,1.9084359105269697,100,0,1
2025.09.23,14:04:44,1.9124457398712091,1.9757574403764768,1.8666898144677337,1.9246452847321658,100,0,1
2025.09.23,14:05:44,1.8913779245684859,1.922595637895107,1.8530116317896002,1.9096966089537393,100,0,1
2025.09.23,14:06:44,1.906367914273589,1.9582726174455063,1.8774318960434828,1.946539073334254,100,0,1
2025.09.23,14:07:44,1.9427784251820877,2.0199263215283367,1.8714448978810794,1.9487468268033123,100,0,1
2025.09.23,14:08:44,1.9126171078245378,1.9401212195737745,1.8872223956897882,1.9387308727713004,100,0,1
2025.09.23,14:09:44,1.8838036685630903,1.9230750977222228,1.8480239424579297,1.8790098838362455,100,0,1
2025.09.23,14:10:44,1.8397663367920383,1.8619568761096479,1.7776245192416373,1.8479930020275015,100,0,1
2025.09.23,14:11:44,1.870508550271228,1.9302669569548088,1.787973406744759,1.8490710792549558,100,0,1
2025.09.23,14:12:44,1.9522713831812304,1.9909274506157564,1.9493201753595784,1.9566445982826004,100,0,1
2025.09.23,14:13:44,1.9864118879821104,2.033376569674481,1.931334766060366,2.0307515247078944,100,0,1
2025.09.23,14:14:44,1.9759171837458402,2.018271005850586,1.9014404645982013,1.9134895069302893,100,0,1
2025.09.23,14:15:44,2.055630203616109,2.071213538868946,1.9831394785109284,2.0364829899826917,100,0,1
2025.09.23,14:16:44,1.9913724774239638,2.027055448210365,1.9572203742890688,1.9607400188567126,100,0,1
2025.09.23,14:17:44,2.087399020407948,2.135259576855242,1.9620957043129197,2.0940645323338685,100,0,1
2025.09.23,14:18:44,2.0670042539414557,2.099660099709421,2.0273448844109034,2.0683428024088153,100,0,1
2025.09.23,14:19:44,2.0467385510210065,2.095568500685681,1.9953635715385694,2.0370128783986345,100,0,1
2025.09.23,14:20:44,2.0568406679211386,2.1085014990992,1.9855437903780833,2.021525281850111,100,0,1
2025.09.23,14:21:44,2.068853485538087,2.151492874400315,2.0333278045865066,2.0553184577992605,100,0,1
2025.09.23,14:22:44,2.0808135835825423,2.1363755557956003,2.0280744836152964,2.0863040569695923,100,0,1
2025.09.23,14:23:44,2.0490440866517927,2.1357288754464943,2.01725002455382,2.1272286612549896,100,0,1
2025.09.23,14:24:44,2.039705018923105,2.0602738516683634,2.003430421779807,2.015957218364198,100,0,1
2025.09.23,14:25:44,2.0130650131383785,2.045900877044439,1.9697952607504188,1.990564979581424,100,0,1
2025.09.23,14:26:44,1.9856588771380719,2.002369922673439,1.9008569877480561,1.9155748502631702,100,0,1
2025.09.23,14:27:44,1.9415778777786619,1.9856513279032146,1.9329821464350434,1.9627740098520172,100,0,1
2025.09.23,14:28:44,2.005954875748768,2.0638096521600224,1.981034251300331,2.03908566223667,100,0,1
2025.09.23,14:29:44,2.0934219334167397,2.1526481435927987,2.089396378787599,2.144413791226969,100,0,1
2025.09.23,14:30:44,2.0491120819242004,2.0952484691285402,2.006446600226659,2.0692931311288247,100,0,1
2025.09.23,14:31:44,2.058263758496125,2.08843663865847,1.9939328304342434,1.9990026970925499,100,0,1
2025.09.23,14:32:44,2.0717335411994036,2.1151396085468264,2.0162907491850413,2.0282956540658947,100,0,1
2025.09.23,14:33:44,2.09381975861366,2.1619218401430733,2.0643851144161958,2.1031090039386653,100,0,1
2025.09.23,14:34:44,2.2416350015230964,2.298064552058711,2.1821258744312226,2.2023197392026312,100,0,1
2025.09.23,14:35:44,2.2494494250303565,2.3072552839656537,2.2402364233257783,2.2419596270044484,100,0,1
2025.09.23,14:36:44,2.2776204042282067,2.328180316905701,2.205465742544255,2.312251459277956,100,0,1
2025.09.23,14:37:44,2.23384758962231,2.2970573828155536,2.168463781175415,2.2207931223266963,100,0,1
2025.09.23,14:38:44,2.196391273735325,2.212362226615109,2.144980065870711,2.174582063693948,100,0,1
2025.09.23,14:39:44,2.32073695149884,2.3732778967779313,2.268432483094673,2.296580133050061,100,0,1
2025.09.23,14:40:44,2.2307342902518306,2.2833132641933296,2.177939895370415,2.2449109178742694,100,0,1
2025.09.23,14:41:44,2.251144805697514,2.3014223715602937,2.2315336051903065,2.272811666193189,100,0,1
2025.09.23,14:42:44,2.1692318888525377,2.2603118475479076,2.1167482054820366,2.1383678093363017,100,0,1
2025.09.23,14:43:44,2.242121600494452,2.2950424031639773,2.1904909694421164,2.2866955090048164,100,0,1
2025.09.23,14:44:44,2.277760799515808,2.338077391398632,2.1899656095914497,2.3063345053402036,100,0,1
2025.09.23,14:45:44,2.24033194820994,2.290718368607749,2.1939040082077557,2.2238341999761513,100,0,1
2025.09.23,14:46:44,2.268150177043157,2.343436228508845,2.2092512744503163,2.283860283259456,100,0,1
2025.09.23,14:47:44,2.183923734438115,2.2080616891595928,2.130348245185166,2.169739746357542,100,0,1
2025.09.23,14:48:44,2.2248513253815205,2.2710077389435233,2.1446120787033784,2.2216312768659745,100,0,1
2025.09.23,14:49:44,2.198859157912779,2.2582914141575907,2.1648772395307705,2.2220717527175524,100,0,1
2025.09.23,14:50:44,2.2089053312271325,2.264689387844692,2.151451672869029,2.195057512435975,100,0,1
2025.09.23,14:51:44,2.175699825847615,2.2139064866592255,2.1387253235506654,2.1572581891742044,100,0,1
2025.09.23,14:52:44,2.301446377269154,2.3716094010730417,2.2677622963941735,2.3633053443219256,100,0,1
2025.09.23,14:53:44,2.320241803687732,2.3338581370080584,2.262488598253103,2.323729242830396,100,0,1
2025.09.23,14:54:44,2.3048768625237774,2.339424302717934,2.2527509090091478,2.265563676960014,100,0,1
2025.09.23,14:55:44,2.2800442670433134,2.311246605875202,2.2107200865005128,2.3082821938510354,100,0,1
2025.09.23,14:56:44,2.3791559100541235,2.4473577293006263,2.3672851881354933,2.419534079811664,100,0,1
2025.09.23,14:57:44,2.4223798434690567,2.475843184417908,2.3377007032290136,2.4119139180707125,100,0,1
2025.09.23,14:58:44,2.34870014670307,2.4153694481321164,2.306540859363397,2.36177681693542,100,0,1
2025.09.23,14:59:44,2.2848915824002223,2.364248648040097,2.2387424791238884,2.2431995301341674,100,0,1
2025.09.23,15:00:44,2.2223685849550425,2.267212765574174,2.15810737425038,2.248954197532481,100,0,1
2025.09.23,15:01:44,2.259826014499697,2.2812789014246735,2.1949659227186724,2.268774031633049,100,0,1
2025.09.23,15:02:44,2.2305095411717253,2.2736589686995314,2.228452164479459,2.25854228105407,100,0,1
2025.09.23,15:03:44,2.2218720874456177,2.2738544377834855,2.1804216831938064,2.180443840187701,100,0,1
2025.09.23,15:04:44,2.310506285299172,2.365408396737074,2.2447064532055103,2.3296784351976623,100,0,1
2025.09.23,15:05:44,2.247258177702448,2.28056977260437,2.1553970052347404,2.270779044161407,100,0,1
2025.09.23,15:06:44,2.303761035473286,2.354013154566618,2.2955905850062055,2.3410773567673933,100,0,1
2025.09.23,15:07:44,2.185117651347915,2.2184661065659754,2.1482121463064567,2.1762698785919756,100,0,1
2025.09.23,15:08:44,2.1919918534032705,2.2428141992752604,2.1853448220444593,2.2101989734255882,100,0,1
2025.09.23,15:09:44,2.163058566754615,2.2491202531274075,2.0736869240397873,2.2041536027903943,100,0,1
2025.09.23,15:10:44,2.1415305472760764,2.192864796099237,2.099900240478647,2.1555128875704006,100,0,1
2025.09.23,15:11:44,2.1827128068580817,2.2132429974336953,2.1174143297765067,2.147789279494458,100,0,1
2025.09.23,15:12:44,2.209259918170437,2.25132410946363,2.1558216461448856,2.1765805341894158,100,0,1
2025.09.23,15:13:44,2.23031468129546,2.2734248316949457,2.2018067494811566,2.2086098305627684,100,0,1
2025.09.23,15:14:44,2.2388110630458877,2.2970169575811106,2.1994486958266126,2.2385805835106387,100,0,1
2025.09.23,15:15:44,2.2381735733046373,2.294544898552708,2.205451238967923,2.21198288373744,100,0,1
2025.09.23,15:16:44,2.275990460934617,2.345613109405125,2.232891713987658,2.2525902577523214,100,0,1
2025.09.23,15:17:44,2.231161145820948,2.2598751360768135,2.1876076094115224,2.2316013255319045,100,0,1
2025.09.23,15:18:44,2.2669670306313474,2.312573901420373,2.2229932988473426,2.240818872688589,100,0,1
2025.09.23,15:19:44,2.1089124129890098,2.1483931003835632,2.031220941782249,2.135711952414919,100,0,1
2025.09.23,15:20:44,2.149731795922157,2.2043659501287745,2.091286439400818,2.1813413256150254,100,0,1
2025.09.23,15:21:44,2.0506046536977727,2.1144660469180088,1.983720096279471,2.093197150046611,100,0,1
2025.09.23,15:22:44,2.012651631482311,2.01940535980205,1.9707138020495083,2.0056811958030787,100,0,1
2025.09.23,15:23:44,1.9298389932947984,1.9967596231319114,1.853116171454152,1.8772983166694073,100,0,1
2025.09.23,15:24:44,2.0178649751859976,2.066666757020858,1.9536285104092037,1.9853668307708678,100,0,1
2025.09.23,15:25:44,2.0887985118561323,2.1590667901634983,2.042116179746881,2.0630148041311425,100,0,1
2025.09.23,15:26:44,2.1734355686534954,2.1960936018934745,2.125972680391131,2.155985575842197,100,0,1
2025.09.23,15:27:44,2.1519227955159996,2.1684051427696973,2.113850354220558,2.122832180542994,100,0,1
2025.09.23,15:28:44,2.1101694067803614,2.1524554853995737,2.079509507441561,2.1058923320809515,100,0,1
2025.09.23,15:29:44,2.0759188955837344,2.140110732404282,1.9870939494428077,2.10575942543013,100,0,1
2025.09.23,15:30:44,2.036817528338771,2.066299365133449,1.9733620430601453,1.986186802730788,100,0,1
2025.09.23,15:31:44,2.0462254309688257,2.1058132866638815,1.9937706551280892,2.043496664023926,100,0,1
2025.09.23,15:32:44,2.120745548512064,2.1668454737168386,2.0575717605907853,2.149639713245258,100,0,1
2025.09.23,15:33:44,2.0264037387783804,2.059673491999111,2.015786359788969,2.0420895046562655,100,0,1
2025.09.23,15:34:44,1.968730877392696,2.0245772184402577,1.9116322150692904,1.9628719167413948,100,0,1
2025.09.23,15:35:44,1.9030917222951298,1.9273072055060747,1.895480015725551,1.9014783061224414,100,0,1
2025.09.23,15:36:44,1.8833528481252888,1.9342903145891928,1.8159569318970508,1.8280345767702493,100,0,1
2025.09.23,15:37:44,1.8918584558424592,1.919009367998369,1.8638198548726537,1.872223621934521,100,0,1
2025.09.23,15:38:44,1.858530185623541,1.899794243377721,1.8091550560613345,1.824251862115281,100,0,1
2025.09.23,15:39:44,1.9418697616781369,1.994459415606767,1.8667635617034042,1.9621376125301673,100,0,1
2025.09.23,15:40:44,1.9019540454623056,1.942235308384694,1.869268507799734,1.8954255709098113,100,0,1
2025.09.23,15:41:44,1.9267548958200786,1.9475391950985936,1.881048176062958,1.9118459162335872,100,0,1
2025.09.23,15:42:44,1.8908397377374808,1.9081088592583166,1.8546984366853547,1.8616737949081843,100,0,1
2025.09.23,15:43:44,1.8666675197315141,1.8925293989234118,1.792057637894372,1.7996256014839769,100,0,1
2025.09.23,15:44:44,1.8505536439238741,1.8938218069482449,1.814672998678266,1.8161561114289255,100,0,1
2025.09.23,15:45:44,1.8559621337324639,1.8935085245361227,1.8228012946886953,1.8924602048371815,100,0,1
2025.09.23,15:46:44,1.7944253382355453,1.8473590477779125,1.7585218647810377,1.798436651075854,100,0,1
2025.09.23,15:47:44,1.8274601418674459,1.8579304144137065,1.7404780662325263,1.816716610150067,100,0,1
2025.09.23,15:48:44,1.8333417103554812,1.8735051537363385,1.7567237660643904,1.7675426019571228,100,0,1
2025.09.23,15:49:44,1.744585090416567,1.79791832182083,1.7156447249021338,1.7447858880021543,100,0,1
2025.09.23,15:50:44,1.7609297796289516,1.8160220431353509,1.7372915494054157,1.738163512996546,100,0,1
2025.09.23,15:51:44,1.6868886224344246,1.724710887817889,1.631044852384817,1.6812380144147838,100,0,1
2025.09.23,15:52:44,1.608180363709795,1.6492991090104723,1.5344968308313385,1.589723135421617,100,0,1
2025.09.23,15:53:44,1.5849226004534567,1.6312129259539145,1.5276836980011186,1.596067005250712,100,0,1
2025.09.23,15:54:44,1.4469143302326084,1.512963473642615,1.38345152227098,1.4702436100756595,100,0,1
2025.09.23,15:55:44,1.5045863259719099,1.512657126096966,1.4486629359925893,1.480332253275088,100,0,1
2025.09.23,15:56:44,1.5631588628465631,1.5930210612322664,1.4830603239843834,1.55922238555717,100,0,1
2025.09.23,15:57:44,1.5812031002164209,1.6208407306084542,1.538991885705143,1.552912645691619,100,0,1
2025.09.23,15:58:44,1.5400223050214716,1.582336326652781,1.4726254300782768,1.4884559126459855,100,0,1
2025.09.23,15:59:44,1.580283493067512,1.6349120081480115,1.5257397657801652,1.5442416221592363,100,0,1
2025.09.23,16:00:44,1.4550457050630834,1.5139817233560744,1.3956346793806402,1.5117260913572712,100,0,1
2025.09.23,16:01:44,1.4638435266074747,1.5481386111223618,1.3920603217708065,1.4523107707683698,100,0,1
2025.09.23,16:02:44,1.4285655276222051,1.4481272685486535,1.3949652365850385,1.3993735758119066,100,0,1
2025.09.23,16:03:44,1.4385245664403616,1.467434620910071,1.3672844948337841,1.4341468458362847,100,0,1
2025.09.23,16:04:44,1.4057449729033729,1.4407710119316202,1.352787136384697,1.3839830380091345,100,0,1
2025.09.23,16:05:44,1.3050964644118543,1.3618332244379963,1.2665012423375026,1.2864683558615164,100,0,1
2025.09.23,16:06:44,1.3687235613466424,1.4014052841227793,1.335155190822111,1.3426782777913369,100,0,1
2025.09.23,16:07:44,1.4420461898035535,1.5276328615436703,1.4062107534966097,1.5152276787071868,100,0,1
2025.09.23,16:08:44,1.4414683434642843,1.5128614241650458,1.3763705881030575,1.4192872759905915,100,0,1
2025.09.23,16:09:44,1.5282134056630077,1.5692893548742108,1.4684722594687407,1.5655210783740723,100,0,1
2025.09.23,16:10:44,1.5936369680584366,1.6466226360903957,1.56058875119025,1.5784435775212864,100,0,1
2025.09.23,16:11:44,1.6029946310269554,1.6388737556648734,1.5597833415695088,1.6027116276850242,100,0,1
2025.09.23,16:12:44,1.6143974482257963,1.6562031460948659,1.5843319484055185,1.6030485476069007,100,0,1
2025.09.23,16:13:44,1.6218135746384192,1.6607012518805522,1.5625079318058015,1.6329694042673595,100,0,1
2025.09.23,16:14:44,1.5887455007857039,1.6694079143549712,1.532925340241567,1.6118374374543178,100,0,1
2025.09.23,16:15:44,1.5980263626488826,1.6880332227208774,1.546374372990139,1.5547078054541292,100,0,1
2025.09.23,16:16:44,1.6384576465876155,1.6906677033995918,1.6094493940971093,1.6756471466780185,100,0,1
2025.09.23,16:17:44,1.6250855938145394,1.667912896821021,1.5646421149274852,1.5897533299893196,100,0,1
2025.09.23,16:18:44,1.6277194320758628,1.6645019215585604,1.5778531908719575,1.5847402698795479,100,0,1
2025.09.23,16:19:44,1.6647193290732862,1.7226418288089602,1.644173254409265,1.661249948405577,100,0,1
2025.09.23,16:20:44,1.72767397928644,1.749712810735137,1.6801464277070768,1.730673514141086,100,0,1
2025.09.23,16:21:44,1.6876356233969114,1.7198238017628504,1.6402975270360658,1.6497979431383445,100,0,1
2025.09.23,16:22:44,1.6431788603467194,1.6869672054591995,1.592110652421673,1.6841015634515006,100,0,1
2025.09.23,16:23:44,1.6833057599247816,1.7451989376297157,1.6298460484254207,1.7168149090126135,100,0,1
2025.09.23,16:24:44,1.7054055859859492,1.757482960991606,1.6606039192998245,1.6796413567090034,100,0,1
2025.09.23,16:25:44,1.7236306068534248,1.7578250805223015,1.688550973066406,1.7235200610482773,100,0,1
2025.09.23,16:26:44,1.834417225282276,1.9319813055442838,1.7763701588827452,1.8769858757985687,100,0,1
2025.09.23,16:27:44,1.744799908575579,1.773380899574481,1.7129477102376307,1.7684781526506264,100,0,1
2025.09.23,16:28:44,1.7525971107176,1.8085180187566054,1.7144889412981041,1.7211036290780721,100,0,1
2025.09.23,16:29:44,1.7591452900614637,1.7709040023630225,1.708736489350243,1.75902835882937,100,0,1
2025.09.23,16:30:44,1.765601309032921,1.790748296388382,1.7082544176456427,1.7794135881829611,100,0,1
2025.09.23,16:31:44,1.805113164407579,1.864260349604824,1.7334731878123038,1.7673661742501003,100,0,1
2025.09.23,16:32:44,1.7495512090143772,1.8338351999289666,1.7215496045352023,1.8323365382869243,100,0,1
2025.09.23,16:33:44,1.8307320880272295,1.9059385803119226,1.7814271502263972,1.8234416448508584,100,0,1
2025.09.23,16:34:44,1.7668513721268413,1.7867068971708757,1.7181179566512177,1.7441054356165309,100,0,1
2025.09.23,16:35:44,1.776487334958497,1.8209195415356885,1.718888708121055,1.7418426659432322,100,0,1
2025.09.23,16:36:44,1.8101031090224837,1.885897289748382,1.771583989966957,1.8357431149811543,100,0,1
2025.09.23,16:37:44,1.7912969373484424,1.8365106394944484,1.7348105228701616,1.7825838292902842,100,0,1
2025.09.23,16:38:44,1.7402278374684208,1.8009076809590185,1.7096509383405352,1.7802234724302977,100,0,1
2025.09.23,16:39:44,1.71651872400147,1.7284023700777027,1.661072005396272,1.712020743205634,100,0,1
2025.09.23,16:40:44,1.7131425398555584,1.7960109895064928,1.6571867360715185,1.6629164179423501,100,0,1
2025.09.23,16:41:44,1.6556153547640446,1.6974929586967464,1.5900348763990633,1.5982138228316818,100,0,1
2025.09.23,16:42:44,1.5819728097100674,1.622930878645572,1.5291997307631844,1.60142993615751,100,0,1
2025.09.23,16:43:44,1.548033821302559,1.5789489731518112,1.4864569304134159,1.5416571279918705,100,0,1
2025.09.23,16:44:44,1.512785200481186,1.5574821957559253,1.5015100857932238,1.5127113733868989,100,0,1
2025.09.23,16:45:44,1.531575711236252,1.606147447094325,1.4434732409064694,1.4498160543273992,100,0,1
2025.09.23,16:46:44,1.4389454732373368,1.4537294514368522,1.4064317563728552,1.4189493549920384,100,0,1
2025.09.23,16:47:44,1.4763008893545524,1.494701417183403,1.438884753589758,1.4697561613921852,100,0,1
2025.09.23,16:48:44,1.5518316416402314,1.6461473640221063,1.5265424752625987,1.5318574380092165,100,0,1
2025.09.23,16:49:44,1.5662334627679697,1.6071352901636728,1.5409435131603697,1.594743014873905,100,0,1
2025.09.23,16:50:44,1.535312870680902,1.6292972743339351,1.4973292197121488,1.5617571402151298,100,0,1
2025.09.23,16:51:44,1.5608171076593862,1.627212549400774,1.530457629094643,1.5978068699735313,100,0,1
2025.09.23,16:52:44,1.5193532656345394,1.5197936469045241,1.4956139854784867,1.5173540984622447,100,0,1
2025.09.23,16:53:44,1.437386052775043,1.5414794439283466,1.364805070844682,1.504712007657526,100,0,1
2025.09.23,16:54:44,1.3616037621075996,1.3973832308780298,1.3050655487496878,1.374600562899221,100,0,1
2025.09.23,16:55:44,1.4672964248865217,1.515231944720674,1.444145423288765,1.4977721390381276,100,0,1
2025.09.23,16:56:44,1.4687599954320842,1.5220288929492298,1.4118241212157865,1.4693375628876144,100,0,1
2025.09.23,16:57:44,1.485673112094382,1.5041295055699113,1.4290073004908423,1.4370919391667285,100,0,1
2025.09.23,16:58:44,1.5748308951499796,1.60734539931966,1.5393779416074664,1.540841016009312,100,0,1
2025.09.23,16:59:44,1.498238628294098,1.5556966531792296,1.4918387475215404,1.5008508211224996,100,0,1
2025.09.23,17:00:44,1.5152533044491272,1.537886658859985,1.4509130918551887,1.5282115769901976,100,0,1
2025.09.23,17:01:44,1.4441508450600842,1.5199450260257732,1.395849753436605,1.5029794369341265,100,0,1
2025.09.23,17:02:44,1.4152911046264762,1.4468224125578413,1.4150778178217795,1.4454067070610146,100,0,1
2025.09.23,17:03:44,1.4120142336083892,1.461921458733413,1.3482326017667896,1.431406890069073,100,0,1
2025.09.23,17:04:44,1.410682962925489,1.490796502846104,1.3656284554803424,1.4833471033825767,100,0,1
2025.09.23,17:05:44,1.381209137639051,1.4414786803141313,1.3539125756112362,1.4285210143676275,100,0,1
2025.09.23,17:06:44,1.3954376046118098,1.4088330448882365,1.3198310975535112,1.402028453463462,100,0,1
2025.09.23,17:07:44,1.3817956830837572,1.480511816186802,1.3151477332861792,1.3875855502173888,100,0,1
2025.09.23,17:08:44,1.333913988387628,1.3945595497037444,1.3064754850726363,1.375402184068007,100,0,1
2025.09.23,17:09:44,1.3489808679562645,1.4027210473845482,1.315031790315277,1.374737324067445,100,0,1
2025.09.23,17:10:44,1.3087494450677917,1.35405457435245,1.2330708203599343,1.3396887756383407,100,0,1
2025.09.23,17:11:44,1.4063954321184429,1.4628348846300505,1.3871126937059632,1.4172043950406652,100,0,1
2025.09.23,17:12:44,1.3631136454113697,1.4176718962156756,1.3029857225256265,1.3584216077661833,100,0,1
2025.09.23,17:13:44,1.4154668619198516,1.4572608855809936,1.3668551109466611,1.3776615846042282,100,0,1
2025.09.23,17:14:44,1.5412348824319224,1.5863982724535213,1.487834273292999,1.4938284218788656,100,0,1
2025.09.23,17:15:44,1.5328872626480758,1.5575299630601185,1.4621203939463898,1.4645099312046255,100,0,1
2025.09.23,17:16:44,1.6432192151999414,1.6973778987601893,1.62328822464635,1.6729139501760426,100,0,1
2025.09.23,17:17:44,1.6769248290610939,1.732336995783286,1.6258187622043698,1.6848653927780706,100,0,1
2025.09.23,17:18:44,1.6901118616061073,1.7658950698663889,1.6454992291941444,1.6889814277338895,100,0,1
2025.09.23,17:19:44,1.6869136231335549,1.7630834637789503,1.6114312011622933,1.7116825806498897,100,0,1
2025.09.23,17:20:44,1.6519901316058931,1.677922248262191,1.5763825932154885,1.632889646220241,100,0,1
2025.09.23,17:21:44,1.6113729238288792,1.686715183146062,1.56539565370468,1.6835579269052752,100,0,1
2025.09.23,17:22:44,1.5786350300633931,1.5936066087226355,1.5206490232713954,1.5583197774612314,100,0,1
2025.09.23,17:23:44,1.650677734782456,1.7071461140216253,1.5918443864304468,1.5989674304332144,100,0,1
2025.09.23,17:24:44,1.5877717580162476,1.641795739657002,1.5542615829049788,1.6161407470910456,100,0,1
2025.09.23,17:25:44,1.571307707133814,1.6314175252794767,1.5117020622907558,1.6000067508508389,100,0,1
2025.09.23,17:26:44,1.4687133696098573,1.4896155652396197,1.4067625890235247,1.4635865741806877,100,0,1
2025.09.23,17:27:44,1.3932867295223597,1.4391713536581467,1.3364927760767127,1.3575407974779463,100,0,1
2025.09.23,17:28:44,1.4752886663869373,1.5302514060871264,1.4524211308722959,1.499181701398787,100,0,1
2025.09.23,17:29:44,1.4061600374675969,1.4634856342466882,1.3537231718122247,1.4289498314771454,100,0,1
2025.09.23,17:30:44,1.3972565715350784,1.451452368570666,1.3535663809990535,1.4458220433272486,100,0,1
2025.09.23,17:31:44,1.4165143479375832,1.4721805210515981,1.3935845211762323,1.425709658019304,100,0,1
2025.09.23,17:32:44,1.411094898649929,1.4816252718190457,1.3819956949426542,1.4804117471290366,100,0,1
2025.09.23,17:33:44,1.457136539724316,1.4867747737358303,1.4149141115330264,1.4185893585916245,100,0,1
2025.09.23,17:34:44,1.415366457809273,1.4913092523639335,1.332520029584727,1.4258099334483934,100,0,1
2025.09.23,17:35:44,1.3054170225447739,1.3464753281855848,1.2662129726286766,1.2892652566224156,100,0,1
2025.09.23,17:36:44,1.3275090386702197,1.3339012281211586,1.270389980303206,1.2734128141697945,100,0,1
2025.09.23,17:37:44,1.3878938643583634,1.4402426442875083,1.3194878130642658,1.3521665165846448,100,0,1
2025.09.23,17:38:44,1.4225716161822046,1.4954558460976595,1.357162510421979,1.365672623072111,100,0,1
2025.09.23,17:39:44,1.4235385512818104,1.4440581729773478,1.3931234475208065,1.429400203728223,100,0,1
2025.09.23,17:40:44,1.3983939983839713,1.418778692901184,1.3393678328389425,1.34534246878906,100,0,1
2025.09.23,17:41:44,1.4082731891841718,1.448557191306486,1.3834800430338552,1.39300714832362,100,0,1
2025.09.23,17:42:44,1.3808250550206778,1.4226861212509352,1.3120757363186422,1.3192533838498786,100,0,1
2025.09.23,17:43:44,1.364723138263874,1.4428866823703543,1.3000030900878476,1.3358134698497641,100,0,1
2025.09.23,17:44:44,1.4505272540567198,1.5049494610205545,1.3899212131976293,1.5028266353089592,100,0,1
2025.09.23,17:45:44,1.4544831238769138,1.4982832916710025,1.3883850079289803,1.4585316462437419,100,0,1
2025.09.23,17:46:44,1.537450871416127,1.5905847837643707,1.5061941839237458,1.5655506294278374,100,0,1
2025.09.23,17:47:44,1.5909583123837174,1.6403589270625238,1.518305863166018,1.5750685438451337,100,0,1
2025.09.23,17:48:44,1.5525510464650956,1.629459348940938,1.502164854359678,1.602069564713767,100,0,1
2025.09.23,17:49:44,1.5722896702997105,1.6078946308420743,1.5305005452124227,1.592814561034432,100,0,1
2025.09.23,17:50:44,1.5020107345513654,1.5691707446018455,1.4013099341295123,1.4690017482397393,100,0,1
2025.09.23,17:51:44,1.4630070964520874,1.4941892925262152,1.4224986673147533,1.4579971143079196,100,0,1
2025.09.23,17:52:44,1.492974163554768,1.5600399784694219,1.4519419689276563,1.5437490047990865,100,0,1
2025.09.23,17:53:44,1.4169642633207336,1.4218346538114268,1.3881285356605666,1.3951271107575642,100,0,1
2025.09.23,17:54:44,1.4284655848933752,1.492339833809512,1.37996140391003,1.4904989612393933,100,0,1
2025.09.23,17:55:44,1.4209465367014276,1.4738739288283902,1.3698845770104688,1.3701007448719833,100,0,1
2025.09.23,17:56:44,1.4225578192806057,1.4297425968777446,1.351098458451943,1.3731094191876976,100,0,1
2025.09.23,17:57:44,1.399027696574616,1.4593010768586023,1.3168778203658156,1.454202732087596,100,0,1
2025.09.23,17:58:44,1.5553461017848462,1.6383870063405088,1.498447470283889,1.5799348002254687,100,0,1
2025.09.23,17:59:44,1.5999396620821182,1.642780701373252,1.5469611637679286,1.5918065548890308,100,0,1
2025.09.23,18:00:44,1.5702635159794132,1.6035724524617456,1.5023025368952942,1.5893983341820719,100,0,1
2025.09.23,18:01:44,1.6259220940958548,1.7044815462739646,1.5743400100276344,1.5918710813683559,100,0,1
2025.09.23,18:02:44,1.7640941774355832,1.8054983345734223,1.698035706966956,1.7578022220155445,100,0,1
2025.09.23,18:03:44,1.7781663915832175,1.8240000945942465,1.6743575327979174,1.7963675205794105,100,0,1
2025.09.23,18:04:44,1.7369606490572573,1.7909687405200376,1.6809474894117238,1.7641658260584339,100,0,1
2025.09.23,18:05:44,1.8584960121784901,1.9067498699005465,1.7769553367882447,1.8480581914476073,100,0,1
2025.09.23,18:06:44,1.7925433374092345,1.8148509985581334,1.7322683485352228,1.7950460036815064,100,0,1
2025.09.23,18:07:44,1.8378365342354224,1.9012517801854292,1.781770331125884,1.8107996761964118,100,0,1
2025.09.23,18:08:44,1.8303252932901672,1.9078410754986064,1.8039205605939563,1.8242827367632497,100,0,1
2025.09.23,18:09:44,1.8844472825070966,1.904738222463836,1.8346213338317952,1.8459880149337435,100,0,1
2025.09.23,18:10:44,1.8678216406455184,1.8899694199802364,1.8104473204129226,1.8264241694054484,100,0,1
2025.09.23,18:11:44,1.9201051841738965,1.981272020233036,1.8727778967797635,1.9136240908583173,100,0,1
2025.09.23,18:12:44,1.8928256424409036,1.9682317614263312,1.838137736471834,1.9285741533646998,100,0,1
2025.09.23,18:13:44,1.877298646695752,1.9446474263507048,1.8083388440279393,1.8695337646709318,100,0,1
2025.09.23,18:14:44,1.9579961486945288,1.9939167881173945,1.8907673253339654,1.9641182364897907,100,0,1
2025.09.23,18:15:44,1.9361862312471236,1.990562441043776,1.8738342768070115,1.894545853233045,100,0,1
2025.09.23,18:16:44,1.9553713927370662,1.9697727056590728,1.8883266672995092,1.9071744009084726,100,0,1
2025.09.23,18:17:44,1.9967021421160234,2.042042358018918,1.9263548711326501,1.9796392890441772,100,0,1
2025.09.23,18:18:44,2.052317383596004,2.0552461553811816,1.984258766004696,2.0470688072470433,100,0,1
2025.09.23,18:19:44,2.1348586847116526,2.210845728044687,2.0557521976643596,2.091264771013567,100,0,1
2025.09.23,18:20:44,2.0926508753885025,2.165053327579966,2.051563944371502,2.070584914589569,100,0,1
2025.09.23,18:21:44,2.1166705601666367,2.187770431747722,2.0825062268117516,2.1207939230941717,100,0,1
2025.09.23,18:22:44,2.1590591389250156,2.2325702231394926,2.0910242736811657,2.1905221249138602,100,0,1
2025.09.23,18:23:44,2.0814587739594494,2.1037290614784188,2.0037119592436134,2.068342677646502,100,0,1
2025.09.23,18:24:44,2.072842000469498,2.121823863642196,2.030243844146846,2.0512377687257364,100,0,1
2025.09.23,18:25:44,2.0726266413041605,2.1065416250595304,2.0021855124743433,2.018156602194483,100,0,1
2025.09.23,18:26:44,2.046154829496028,2.104954120658383,2.007602290873756,2.0742877326107263,100,0,1
2025.09.23,18:27:44,1.9771779193043875,2.009317321568212,1.9409344322795925,1.9450457464309636,100,0,1
2025.09.23,18:28:44,2.013496216561961,2.0525890351950253,1.9522625304001144,1.9959360711647776,100,0,1
2025.09.23,18:29:44,2.0201615346625834,2.10287108040978,1.9705191329674174,1.9874979097212482,100,0,1
2025.09.23,18:30:44,1.9704607746612641,2.0147350181806853,1.9174483568283869,1.9410608709264876,100,0,1
2025.09.23,18:31:44,2.0412939074614753,2.048468910169094,1.9650943787530317,2.0386388809771927,100,0,1
2025.09.23,18:32:44,2.0613505688325344,2.1198700714083505,2.004301248221943,2.049782279403804,100,0,1
2025.09.23,18:33:44,2.158809595105389,2.2216937654944497,2.1221347724317163,2.172204364309194,100,0,1
2025.09.23,18:34:44,2.1596959543211263,2.2449006254883974,2.1134183772508184,2.2258851905042425,100,0,1
2025.09.23,18:35:44,2.149853792862004,2.1912154766618737,2.0615217704544273,2.089091622176025,100,0,1
2025.09.23,18:36:44,2.108473969273838,2.1378021996833194,2.0741332346770927,2.0913390890929993,100,0,1
2025.09.23,18:37:44,2.137063756676732,2.168342289891954,2.0748439995604326,2.079867451771838,100,0,1
2025.09.23,18:38:44,2.088200906115963,2.146493419722544,2.0559805024329427,2.076718587891429,100,0,1
2025.09.23,18:39:44,2.1323218172677634,2.191778530457935,2.082606162264281,2.1060341028253275,100,0,1
2025.09.23,18:40:44,2.1783456353552877,2.217618793355095,2.107882516347765,2.2151861574442084,100,0,1
2025.09.23,18:41:44,2.2212680400881433,2.3007354231358255,2.162334165905017,2.2965486872343672,100,0,1
2025.09.23,18:42:44,2.207624289834094,2.2675903745540196,2.1321399219442094,2.241069295416749,100,0,1
2025.09.23,18:43:44,2.311142486866221,2.3277147700663283,2.24469063167376,2.2594222757649307,100,0,1
2025.09.23,18:44:44,2.2962109990621276,2.344420044282389,2.2667064208383527,2.341326694372781,100,0,1
2025.09.23,18:45:44,2.203032884313428,2.2225964422455595,2.1942174740078717,2.197999204177141,100,0,1
2025.09.23,18:46:44,2.2153139795426937,2.284736561494168,2.188383534937434,2.2150080526368456,100,0,1
2025.09.23,18:47:44,2.2268491305379774,2.302524878678719,2.2059678292228972,2.302504291613304,100,0,1
2025.09.23,18:48:44,2.176426240126669,2.2283357064856664,2.109478467911382,2.142471261362654,100,0,1
2025.09.23,18:49:44,2.201919974698743,2.2423495905533595,2.129557513074987,2.1499821219670783,100,0,1
2025.09.23,18:50:44,2.1974261779092554,2.253512127608463,2.163041377917297,2.2525218190326837,100,0,1
2025.09.23,18:51:44,2.2182714123429523,2.291159138097045,2.1861731087078806,2.2066947280764864,100,0,1
2025.09.23,18:52:44,2.2407416831872533,2.275867535265163,2.1794213469642645,2.2441091644805,100,0,1
2025.09.23,18:53:44,2.265387685246519,2.3216796751263815,2.2084804313224033,2.2918242342672888,100,0,1
2025.09.23,18:54:44,2.2581329161527486,2.3019123008423152,2.2042891519264707,2.2748947099721333,100,0,1
2025.09.23,18:55:44,2.2424014807960657,2.3041945467984535,2.1629909396582403,2.2987830477465807,100,0,1
2025.09.23,18:56:44,2.335243084485361,2.375118379475388,2.261690582593834,2.322808556218683,100,0,1
2025.09.23,18:57:44,2.3674446847870376,2.3999758729905714,2.3181470573069802,2.334362364419202,100,0,1
2025.09.23,18:58:44,2.4133823219158446,2.476485580383992,2.3253706789101014,2.438405306609274,100,0,1
2025.09.23,18:59:44,2.4684926725467453,2.5052354024410044,2.432235034045167,2.45274877280635,100,0,1
2025.09.23,19:00:44,2.4963679905687233,2.523183358410917,2.4568382742084998,2.467790607350175,100,0,1
2025.09.23,19:01:44,2.4766772271103026,2.536970685273649,2.408255843710163,2.5000361699747176,100,0,1
2025.09.23,19:02:44,2.461473265415219,2.4940383393513623,2.446164147304393,2.487040262333794,100,0,1
2025.09.23,19:03:44,2.473565026463254,2.522603267246058,2.4624408253188625,2.4764161910793376,100,0,1
2025.09.23,19:04:44,2.442068036122145,2.498419581611703,2.35882402061311,2.3752055091214674,100,0,1
2025.09.23,19:05:44,2.427611402566809,2.487531710966458,2.3742679289340782,2.450392732570581,100,0,1
2025.09.23,19:06:44,2.3838763083677397,2.400029855572102,2.3561294750365547,2.389513504733791,100,0,1
2025.09.23,19:07:44,2.440447817840217,2.5094859121208666,2.3663630358748695,2.374946659997307,100,0,1
2025.09.23,19:08:44,2.3593728534856617,2.3976023669999265,2.3045372322138933,2.356112743156952,100,0,1
2025.09.23,19:09:44,2.3925592602559185,2.4207340225757705,2.3603827122344865,2.4007260148428595,100,0,1
2025.09.23,19:10:44,2.425906820437226,2.503027472997423,2.386073613740046,2.4404220843716757,100,0,1
2025.09.23,19:11:44,2.4436603924385496,2.4783301576241987,2.374136491831414,2.381370766956253,100,0,1
2025.09.23,19:12:44,2.4316201321209565,2.4943030445312617,2.360526921449696,2.4438716857447416,100,0,1
2025.09.23,19:13:44,2.4399808995222294,2.5511792425470805,2.38250189193926,2.428723513321084,100,0,1
2025.09.23,19:14:44,2.5337977960857154,2.552283395293537,2.493950818938815,2.507331143597126,100,0,1
2025.09.23,19:15:44,2.6045442854486693,2.6580665070249827,2.576638054922591,2.6526300288344737,100,0,1
2025.09.23,19:16:44,2.552574806930627,2.653429296298238,2.514135023065346,2.590932013163326,100,0,1
2025.09.23,19:17:44,2.4820475495446903,2.5576707216237424,2.4423718594719506,2.4428220298242813,100,0,1
2025.09.23,19:18:44,2.4337738642999005,2.496708999978724,2.3547291619756066,2.4639763129566585,100,0,1
2025.09.23,19:19:44,2.4328216425124176,2.4877120405398694,2.388425347627865,2.392792737447921,100,0,1
2025.09.23,19:20:44,2.405301009735591,2.4665972843025243,2.3740784658496916,2.4093849576855875,100,0,1
2025.09.23,19:21:44,2.4034822364938377,2.4944024612382263,2.3418161830057835,2.362675888564242,100,0,1
2025.09.23,19:22:44,2.4118169777839986,2.4610368019667077,2.3513964123740325,2.3522649898670474,100,0,1
2025.09.23,19:23:44,2.479674867026468,2.528399598200875,2.4321628240605024,2.443483718524642,100,0,1
2025.09.23,19:24:44,2.5029853026946527,2.539612431465239,2.446811223723717,2.4844822567324325,100,0,1
2025.09.23,19:25:44,2.4886568206383477,2.5590450882002598,2.441451527902227,2.5340990041794393,100,0,1
2025.09.23,19:26:44,2.476857923782757,2.511874683749905,2.4263165926216264,2.457522104874348,100,0,1
2025.09.23,19:27:44,2.45763891688372,2.5306446953103494,2.401271606635852,2.4377557663835407,100,0,1
2025.09.23,19:28:44,2.4864588160518806,2.5492982118628738,2.4148728966586694,2.47724710543464,100,0,1
2025.09.23,19:29:44,2.553405646102578,2.6047755758254043,2.5183194749998763,2.5816406693491234,100,0,1
2025.09.23,19:30:44,2.6128894446938062,2.709999639952243,2.610261322456449,2.666443587046147,100,0,1
2025.09.23,19:31:44,2.6785225071016634,2.7652480350433377,2.5967174880440775,2.601799002550612,100,0,1
2025.09.23,19:32:44,2.6882683204928886,2.7368063612221545,2.6352476929973876,2.6504833553175478,100,0,1
2025.09.23,19:33:44,2.6623895587355264,2.677927481368158,2.5880702599873175,2.6067757423268927,100,0,1
2025.09.23,19:34:44,2.6925342585949115,2.7531249030848617,2.6517460304047904,2.7406713739229898,100,0,1
2025.09.23,19:35:44,2.685250891166217,2.7138870433678743,2.648450613146991,2.7059681296897,100,0,1
2025.09.23,19:36:44,2.6486034783178076,2.716688091880876,2.576198843500689,2.6854276636252594,100,0,1
2025.09.23,19:37:44,2.7464466972905064,2.7869529247876286,2.693510757187152,2.698697871768656,100,0,1
2025.09.23,19:38:44,2.7641222520677835,2.793932334185157,2.7412840105584233,2.790738641377812,100,0,1
2025.09.23,19:39:44,2.7558923035622733,2.7884470678591544,2.7043579468034222,2.787987438870352,100,0,1
2025.09.23,19:40:44,2.722412871409043,2.779323853592294,2.6871519906435233,2.6915593206328547,100,0,1
2025.09.23,19:41:44,2.781949633351109,2.8371165152803965,2.757416488603962,2.7800899348919215,100,0,1
2025.09.23,19:42:44,2.79330586306875,2.8105979809488697,2.748972944916369,2.754696376493312,100,0,1
2025.09.23,19:43:44,2.832518052193747,2.890443067762136,2.7834290414267833,2.8507381433262746,100,0,1
2025.09.23,19:44:44,2.7862412534815197,2.859558400545516,2.6946596382533987,2.8207851507214903,100,0,1
2025.09.23,19:45:44,2.8002608325068117,2.808240772124236,2.7499170699212416,2.754695198697453,100,0,1
2025.09.23,19:46:44,2.8603836892349768,2.8980414772442833,2.8035030082505035,2.864109604818089,100,0,1
2025.09.23,19:47:44,2.877543835520164,2.9094493689171745,2.813371712760017,2.8321793435910694,100,0,1
2025.09.23,19:48:44,2.940981414114334,3.004397817638106,2.8703786145667456,2.9920338599057437,100,0,1
2025.09.23,19:49:44,2.9327021149066166,2.9866429688704597,2.9222387061094564,2.93676906874885,100,0,1
2025.09.23,19:50:44,2.885200118725729,2.9326096651776927,2.8351815852528226,2.900836984803316,100,0,1
2025.09.23,19:51:44,2.8330035795957618,2.9181719881150685,2.769007909882461,2.806474608563896,100,0,1
2025.09.23,19:52:44,2.760761329592986,2.8037898271944686,2.6768988101681184,2.677536330742806,100,0,1
2025.09.23,19:53:44,2.7548773446005304,2.7829479094882195,2.740598485202241,2.756082401867471,100,0,1
2025.09.23,19:54:44,2.772545269278255,2.823134905443089,2.765386010811413,2.799224173174783,100,0,1
2025.09.23,19:55:44,2.860586232201289,2.9298329057983117,2.7620935728044853,2.8643259458983255,100,0,1
2025.09.23,19:56:44,2.8748815118670406,2.933857741237253,2.84741260689654,2.86592028168409,100,0,1
2025.09.23,19:57:44,2.818448495898307,2.8738307690324367,2.782120849578871,2.8315000999185904,100,0,1
2025.09.23,19:58:44,2.7951135556413327,2.849282523948442,2.7625609817634977,2.822693366712561,100,0,1
2025.09.23,19:59:44,2.808030077397863,2.8799320374477495,2.7709804699988654,2.8302838388174485,100,0,1
2025.09.23,20:00:44,2.810292856246952,2.8419721762796173,2.7845678810512604,2.7847841927618866,100,0,1
2025.09.23,20:01:44,2.8347223113700086,2.8587504578354994,2.812160470167014,2.82582518892362,100,0,1
2025.09.23,20:02:44,2.9093538189374484,2.9457002910880736,2.8298056082316876,2.8903403990443546,100,0,1
2025.09.23,20:03:44,2.9987068815188946,3.076632017093799,2.9272108389824623,2.983764713374968,100,0,1
2025.09.23,20:04:44,3.0010358347216743,3.068273106518592,2.9386157563363957,2.9643749605302925,100,0,1
2025.09.23,20:05:44,2.9781557465372552,3.0217717736048875,2.959929119435995,3.0039569567960203,100,0,1
2025.09.23,20:06:44,2.971092011165973,3.04378195836613,2.9265130232025824,3.0055035094858127,100,0,1
2025.09.23,20:07:44,2.991423902774842,3.0421439793703513,2.9415062120853457,3.0268123885807485,100,0,1
2025.09.23,20:08:44,3.030022110090201,3.0697777022664097,3.006868025346811,3.0672944611759414,100,0,1
2025.09.23,20:09:44,3.0555309124880603,3.1135182245178745,3.0167891425384,3.0665716842701225,100,0,1
2025.09.23,20:10:44,3.0545558175516807,3.1007674653392923,2.97938063979785,3.0253475749506302,100,0,1
2025.09.23,20:11:44,3.1237622884543765,3.211554865057007,3.0798051959169683,3.1047824026678605,100,0,1
2025.09.23,20:12:44,3.227772645260568,3.2743584001558843,3.213044221090131,3.271271743883691,100,0,1
2025.09.23,20:13:44,3.238333158647711,3.282264148786345,3.1919919322667125,3.2553555746726435,100,0,1
2025.09.23,20:14:44,3.220143055173335,3.266102095492969,3.1815227939251836,3.2021875030124214,100,0,1
2025.09.23,20:15:44,3.303918146184011,3.3368883412713024,3.231397522276473,3.2469930874065436,100,0,1
2025.09.23,20:16:44,3.275815790343506,3.2845189966491275,3.238563310423652,3.2750836488797352,100,0,1
2025.09.23,20:17:44,3.354517575012432,3.3684892482160933,3.2968605484043434,3.3253886701663844,100,0,1
2025.09.23,20:18:44,3.420731968227624,3.472285847358945,3.3626599383245046,3.3803312082773442,100,0,1
2025.09.23,20:19:44,3.4381393401895215,3.476937448661138,3.3612935632944074,3.378313484276748,100,0,1
2025.09.23,20:20:44,3.4194898866823418,3.475128647913528,3.341759148612998,3.373486513787163,100,0,1
2025.09.23,20:21:44,3.4119456529937273,3.4646300665647183,3.36545974304613,3.4058340574917483,100,0,1
2025.09.23,20:22:44,3.344589468488394,3.3915031879896547,3.270847010086775,3.384180852386721,100,0,1
2025.09.23,20:23:44,3.3874664419123137,3.3957035606707016,3.3318875350020027,3.372819607204738,100,0,1
2025.09.23,20:24:44,3.382383770414634,3.4060302394098114,3.334569728348508,3.343433859666667,100,0,1
2025.09.23,20:25:44,3.3803848906094434,3.4403930638195224,3.2968561471445703,3.3683111928901535,100,0,1
2025.09.23,20:26:44,3.390368884383878,3.4205459452536693,3.3842081981910233,3.3965910596346043,100,0,1
2025.09.23,20:27:44,3.4010547099740713,3.4124543694522935,3.3228292747011205,3.3607739002090624,100,0,1
2025.09.23,20:28:44,3.42676288134396,3.445066001463535,3.379423415754044,3.3903534866273564,100,0,1
2025.09.23,20:29:44,3.4009659550943505,3.4390621720456704,3.3554864970768126,3.3905489700612605,100,0,1
2025.09.23,20:30:44,3.402210686291925,3.408705665006054,3.3573046913287246,3.399346530734455,100,0,1
2025.09.23,20:31:44,3.3984493066807637,3.460866285573319,3.3283004208221763,3.341088698454859,100,0,1
2025.09.23,20:32:44,3.4566695783417725,3.4892417788451753,3.405240903807743,3.4429905359275472,100,0,1
2025.09.23,20:33:44,3.5018762944481105,3.5499991837700087,3.4552751150256524,3.466597679216739,100,0,1
2025.09.23,20:34:44,3.441899357707007,3.5140413022421066,3.3658022705921495,3.452267865349737,100,0,1
2025.09.23,20:35:44,3.543167538023289,3.6037816446865127,3.4477045362238625,3.4596131747664303,100,0,1
2025.09.23,20:36:44,3.4441533849317425,3.5181090402025457,3.401995889552922,3.5164522324227327,100,0,1
2025.09.23,20:37:44,3.386425094953309,3.4321024340574904,3.319097526525052,3.370468373271208,100,0,1
2025.09.23,20:38:44,3.3778829370253494,3.4510838486365043,3.323659998034934,3.4399617982710424,100,0,1
2025.09.23,20:39:44,3.407352929379066,3.446683702030688,3.3606721531853494,3.40662529802016,100,0,1
2025.09.23,20:40:44,3.372326198082412,3.4332992705337775,3.2950323244625532,3.379232994644929,100,0,1
2025.09.23,20:41:44,3.3263522539529373,3.367265438753649,3.2637728818064584,3.3310202226201593,100,0,1
2025.09.23,20:42:44,3.318390022321186,3.3692510341834776,3.274826915776033,3.3017430690525447,100,0,1
2025.09.23,20:43:44,3.288015595427528,3.344103680953762,3.2704492610888627,3.2957018530913347,100,0,1
2025.09.23,20:44:44,3.3518890348500903,3.3848822447710485,3.325652740846109,3.3775977562618555,100,0,1
2025.09.23,20:45:44,3.3610435337541813,3.4019090406163297,3.3075319861773917,3.3860253841217913,100,0,1
2025.09.23,20:46:44,3.3667966076591904,3.4707348515222294,3.30608031598653,3.4255419525873516,100,0,1
2025.09.23,20:47:44,3.3285846170772975,3.3576696021581967,3.253401057169575,3.335614779131968,100,0,1
2025.09.23,20:48:44,3.4066497365714095,3.4504027351145643,3.344293079990836,3.4406788363800445,100,0,1
2025.09.23,20:49:44,3.430853157612988,3.477354903804948,3.39579157696716,3.4236335989775712,100,0,1
2025.09.23,20:50:44,3.4232506817814614,3.482423453779521,3.3652014829235832,3.464675502385233,100,0,1
2025.09.23,20:51:44,3.4734526822212213,3.5248781836706056,3.4456224933174706,3.4826992375229695,100,0,1
2025.09.23,20:52:44,3.480145007763876,3.5267660911957575,3.432696672550006,3.447747164166459,100,0,1
2025.09.23,20:53:44,3.3975848342874073,3.458787784298923,3.3591894583128594,3.419906253118008,100,0,1
2025.09.23,20:54:44,3.45291014123669,3.5068461426987043,3.3816127873324593,3.4506042634502374,100,0,1
2025.09.23,20:55:44,3.4977033339024133,3.5524446265175524,3.43597930230553,3.5181155763998966,100,0,1
2025.09.23,20:56:44,3.5582712450335787,3.603985579960161,3.5003734947622034,3.527811387369493,100,0,1
2025.09.23,20:57:44,3.503940941166415,3.5831636164615737,3.4703119142467154,3.5044586987986333,100,0,1
2025.09.23,20:58:44,3.5304308369916995,3.5481104493429005,3.4451158487206985,3.4899678406378563,100,0,1
2025.09.23,20:59:44,3.488620740970302,3.543140728973794,3.4301668927403184,3.4350193019548407,100,0,1
2025.09.23,21:00:44,3.49878937379413,3.5460503865824715,3.4470866487031726,3.535216706539984,100,0,1
2025.09.23,21:01:44,3.578602798528518,3.649773638109571,3.5114017932501453,3.533149486187547,100,0,1
2025.09.23,21:02:44,3.5158771746817488,3.582220813574573,3.4920974362137724,3.56893067026031,100,0,1
2025.09.23,21:03:44,3.5310366342985553,3.5742202283724804,3.514376694776993,3.5275697997841666,100,0,1
2025.09.23,21:04:44,3.525060059728746,3.623942527610157,3.4708861874974373,3.6185843923613086,100,0,1
2025.09.23,21:05:44,3.5601747085392503,3.6353506024244955,3.5374868597510565,3.5602501031756497,100,0,1
2025.09.23,21:06:44,3.522646119618167,3.567682496030813,3.4489319364408395,3.553376705196249,100,0,1
2025.09.23,21:07:44,3.50662945020872,3.621826207624612,3.4405321896721106,3.495971642124687,100,0,1
2025.09.23,21:08:44,3.511360688144776,3.5242680713673016,3.4732040573850163,3.4733814679709174,100,0,1
2025.09.23,21:09:44,3.5865820387485745,3.6718884946928414,3.5156829381480996,3.630531080266604,100,0,1
2025.09.23,21:10:44,3.6156359395610242,3.6622125071832503,3.574553943367729,3.591555729355947,100,0,1
2025.09.23,21:11:44,3.659111953028891,3.711921460116902,3.609019819410283,3.6473649046461682,100,0,1
2025.09.23,21:12:44,3.662819573748236,3.7357714197038856,3.6386829927870576,3.7218572152293348,100,0,1
2025.09.23,21:13:44,3.703586019763665,3.746748710841082,3.652337108518802,3.735667995887083,100,0,1
2025.09.23,21:14:44,3.712220480833653,3.7998469719900676,3.6679671400538125,3.753411877119709,100,0,1
2025.09.23,21:15:44,3.6833434043879167,3.761571703296758,3.6394630038242264,3.7560762724982366,100,0,1
2025.09.23,21:16:44,3.682488100773615,3.743420424219953,3.603742550075283,3.639088183609329,100,0,1
2025.09.23,21:17:44,3.8115390907779836,3.8276556133746666,3.7512808105882867,3.7724919976880584,100,0,1
2025.09.23,21:18:44,3.797751490493901,3.8128841082272458,3.7462093891052293,3.8105532401428666,100,0,1
2025.09.23,21:19:44,3.873613528794673,3.9237368189532424,3.821743891942838,3.8439530191041684,100,0,1
2025.09.23,21:20:44,3.859880458459618,3.922668636077785,3.7897527715029224,3.8133035007974265,100,0,1
2025.09.23,21:21:44,3.799194881337507,3.821243398522216,3.7610783969941415,3.7814056295031087,100,0,1
2025.09.23,21:22:44,3.8511250515525908,3.8934164298576155,3.791134479393135,3.8914522255322757,100,0,1
2025.09.23,21:23:44,3.8057184194391196,3.817853830678441,3.7500327755101726,3.780381547851081,100,0,1
2025.09.23,21:24:44,3.791747069100884,3.8216724789025274,3.7648748689162654,3.7833128509150113,100,0,1
2025.09.23,21:25:44,3.810055377281495,3.8791235940115096,3.7493257883574187,3.7683825792713534,100,0,1
2025.09.23,21:26:44,3.7619281103861235,3.8493240272335023,3.7270283661865786,3.7953465123393872,100,0,1
2025.09.23,21:27:44,3.7923955883858076,3.8301148537333787,3.7165025460624292,3.797057039645107,100,0,1
2025.09.23,21:28:44,3.8613439889296144,3.919479365747708,3.8491357572779767,3.877627576015173,100,0,1
2025.09.23,21:29:44,3.8573294278572807,3.894063417998151,3.8238033346947145,3.8937794670791144,100,0,1
2025.09.23,21:30:44,3.9036916055974906,3.933423476468062,3.846448041089669,3.8992116419822596,100,0,1
2025.09.23,21:31:44,3.8662345064216135,3.9368973219025896,3.8131949831861274,3.9032485484613644,100,0,1
2025.09.23,21:32:44,3.8069222594918113,3.8740827347398077,3.769911372949263,3.871134439901167,100,0,1
2025.09.23,21:33:44,3.7911460994694326,3.8086465904385065,3.7453101336901296,3.7969318237711707,100,0,1
2025.09.23,21:34:44,3.7307160650565674,3.811823960797145,3.6886702089690284,3.691531988164051,100,0,1
2025.09.23,21:35:44,3.6903756533343754,3.731930234290948,3.6661193186154732,3.7293623801267493,100,0,1
2025.09.23,21:36:44,3.737542231148186,3.777377628979923,3.6977824673015585,3.7211663104841373,100,0,1
2025.09.23,21:37:44,3.7790380285181007,3.7975870767428326,3.740763127313947,3.788191325112348,100,0,1
2025.09.23,21:38:44,3.7925630644220285,3.8100681570442205,3.7471339333673845,3.762782585159236,100,0,1
2025.09.23,21:39:44,3.8412390897984485,3.9080039037111356,3.7878471174794766,3.8155018623824573,100,0,1
2025.09.23,21:40:44,3.964695628639296,4.041106917172779,3.9317504616770598,3.97948870564137,100,0,1
2025.09.23,21:41:44,4.064897306520727,4.098919440218474,3.9810338147513695,4.0400477546631235,100,0,1
2025.09.23,21:42:44,4.071130067226403,4.094595764682086,4.015804785676218,4.053778247648926,100,0,1
2025.09.23,21:43:44,4.029999327930407,4.050454409141363,4.008133849784406,4.030482079105871,100,0,1
2025.09.23,21:44:44,4.05395935497688,4.0770419399961,4.050577445702915,4.063560160137084,100,0,1
2025.09.23,21:45:44,3.995229443195667,4.061313609726333,3.9641900496224247,3.9956581414753853,100,0,1
2025.09.23,21:46:44,3.9542339390542605,4.018288812848468,3.902014975052691,4.017998858432841,100,0,1
2025.09.23,21:47:44,4.016749306999006,4.065912123298908,3.9513797411008023,4.030699327028478,100,0,1
2025.09.23,21:48:44,4.032444462531836,4.036655945554614,3.9806252862610187,3.991461751235632,100,0,1
2025.09.23,21:49:44,4.0150264903739235,4.081954808978409,3.9363035792417396,4.034824481137483,100,0,1
2025.09.23,21:50:44,4.111809357834185,4.136415971951394,4.082337725319377,4.131896151041318,100,0,1
2025.09.23,21:51:44,4.0902999567702,4.099637563949956,4.043307086583061,4.078934523773969,100,0,1
2025.09.23,21:52:44,4.0422921892789345,4.055109469997846,4.032866616063462,4.036007684907662,100,0,1
2025.09.23,21:53:44,3.947960000110366,3.995582278426126,3.869776749079971,3.9238479459540887,100,0,1
2025.09.23,21:54:44,3.8801835724017635,3.9121000168106974,3.857074343481446,3.879831376646969,100,0,1
2025.09.23,21:55:44,3.9344728333185883,3.966805703051996,3.8836209262753867,3.937712727459401,100,0,1
2025.09.23,21:56:44,4.002029777342842,4.043742729854138,3.9342039869017356,4.029733989565327,100,0,1
2025.09.23,21:57:44,4.044329596836759,4.094599790323031,3.98680692210511,4.052404962392361,100,0,1
2025.09.23,21:58:44,4.069340575018492,4.149404271966877,3.999234892642765,4.1207088994418,100,0,1
2025.09.23,21:59:44,4.063608554945735,4.096154540764455,3.989259209322945,4.0092090744258755,100,0,1
2025.09.23,22:00:44,4.0157283492175875,4.03040937470577,3.990080375184173,4.02146004899805,100,0,1
2025.09.23,22:01:44,4.010226376368548,4.063043501526128,3.940837655230462,4.0167169918417,100,0,1
2025.09.23,22:02:44,3.914878415860508,3.949172193135247,3.8499186669474197,3.9061884737979606,100,0,1
2025.09.23,22:03:44,3.8840141489429167,3.924237670858731,3.8314125473108196,3.854325092339644,100,0,1
2025.09.23,22:04:44,3.893003739511155,3.962662960718506,3.860248812206114,3.895483703069953,100,0,1
2025.09.23,22:05:44,3.9039783388999862,3.9461870782372137,3.884793055552314,3.9168948054308426,100,0,1
2025.09.23,22:06:44,3.875599376145853,3.94903325500347,3.8487861333997797,3.9196185761878293,100,0,1
2025.09.23,22:07:44,3.850892002764543,3.9075629961898346,3.7927123737168644,3.8887737275778056,100,0,1
2025.09.23,22:08:44,3.901362286896463,3.970136975195845,3.8114233447962804,3.865113892792747,100,0,1
2025.09.23,22:09:44,3.861404560268607,3.9453991105497406,3.7728174984648857,3.809312288808128,100,0,1
2025.09.23,22:10:44,3.8320139678365073,3.8600175763943523,3.7884241660063833,3.836272457949575,100,0,1
2025.09.23,22:11:44,3.7837637267980884,3.8273506122336083,3.7081942804935633,3.826798138214872,100,0,1
2025.09.23,22:12:44,3.840674446736897,3.9018203056458884,3.7892024703130787,3.8239251655483826,100,0,1
2025.09.23,22:13:44,3.9049237342634435,3.9417587308596214,3.871153971623337,3.93274939681272,100,0,1
2025.09.23,22:14:44,3.9280184619361806,3.9703725937978294,3.867297784179432,3.893926359211263,100,0,1
2025.09.23,22:15:44,3.9874198305591024,4.038489497176165,3.95186753281826,3.9822488752950407,100,0,1
2025.09.23,22:16:44,3.884866326810134,3.923019372200411,3.8127007370631163,3.8643557833397546,100,0,1
2025.09.23,22:17:44,3.9385042536360313,3.9526953035155126,3.9365465594805253,3.9377708478418803,100,0,1
2025.09.23,22:18:44,3.9765933956804798,3.9978000340102784,3.9372612227561903,3.975891804347961,100,0,1
2025.09.23,22:19:44,3.999807565359053,4.03302174219747,3.9523000015746406,4.025459163966202,100,0,1
2025.09.23,22:20:44,4.036876322540562,4.102238669577226,4.007597315029691,4.083717679846444,100,0,1
2025.09.23,22:21:44,4.146438903980098,4.211617505067089,4.1219299290396485,4.169827323649022,100,0,1
2025.09.23,22:22:44,4.124546336173089,4.186944677135353,4.060386666448129,4.141556520096585,100,0,1
2025.09.23,22:23:44,4.186707590288536,4.242938538556451,4.1233825602667,4.214402352663147,100,0,1
2025.09.23,22:24:44,4.18503687488925,4.226333683483126,4.15591680026816,4.216763507784623,100,0,1
2025.09.23,22:25:44,4.206307857578919,4.2361357485174755,4.145325918753766,4.199955793114702,100,0,1
2025.09.23,22:26:44,4.180716921755552,4.192653157244354,4.117466688566052,4.11815153019473,100,0,1
2025.09.23,22:27:44,4.14779564833543,4.2343109512031,4.084764289382753,4.225713133995772,100,0,1
2025.09.23,22:28:44,4.227139239139528,4.260434312216433,4.224683937995532,4.250370635127517,100,0,1
2025.09.23,22:29:44,4.2300575251239785,4.288338601434687,4.189494767457528,4.190315386819583,100,0,1
2025.09.23,22:30:44,4.145663432404266,4.204387842126978,4.10513183795262,4.197641676721475,100,0,1
2025.09.23,22:31:44,4.195039569362983,4.233480743613842,4.15551511996259,4.176922145658391,100,0,1
2025.09.23,22:32:44,4.14182130551195,4.154554850060509,4.096678986825181,4.124771675891963,100,0,1
2025.09.23,22:33:44,4.274580675576511,4.312509059938691,4.2067900010396,4.280973848635033,100,0,1
2025.09.23,22:34:44,4.290191298961821,4.343533827315155,4.223192565581362,4.286078742856458,100,0,1
2025.09.23,22:35:44,4.31277969983679,4.367730132786892,4.251378803597213,4.261461131086066,100,0,1
2025.09.23,22:36:44,4.273742321105641,4.309386294550352,4.236964708695143,4.300932836097495,100,0,1
2025.09.23,22:37:44,4.268895630955858,4.330071723833401,4.191737838506653,4.195382200434823,100,0,1
2025.09.23,22:38:44,4.3165494612017365,4.378471429898883,4.268926379246088,4.289954510406955,100,0,1
2025.09.23,22:39:44,4.315539105044926,4.395088043797648,4.277334562554702,4.343106231589317,100,0,1
2025.09.23,22:40:44,4.423868424594485,4.475921005348528,4.36832501625602,4.468882830572393,100,0,1
2025.09.23,22:41:44,4.509347291552259,4.559319487239376,4.456480778495536,4.473427422035513,100,0,1
2025.09.23,22:42:44,4.426392299058093,4.480308170012612,4.382000518254004,4.461916597802616,100,0,1
2025.09.23,22:43:44,4.496568841289675,4.54202438549174,4.446210988947126,4.4681907992748195,100,0,1
2025.09.23,22:44:44,4.501323821299147,4.527011819653443,4.4390261958596415,4.482932706497539,100,0,1
2025.09.23,22:45:44,4.434892718204421,4.53592054738815,4.3892053319310715,4.479485523852135,100,0,1
2025.09.23,22:46:44,4.4905067256838995,4.5281381249916155,4.441538195106523,4.455386615623363,100,0,1
2025.09.23,22:47:44,4.50099504180291,4.5139123887423995,4.485517518769341,4.487474565415098,100,0,1
2025.09.23,22:48:44,4.498600516855229,4.515744066721801,4.447114705140631,4.481977293734563,100,0,1
2025.09.23,22:49:44,4.556113219761255,4.609068988695292,4.528090950315743,4.604825092359496,100,0,1
2025.09.23,22:50:44,4.537608751340964,4.58830125983787,4.519989654297854,4.575975323312596,100,0,1
2025.09.23,22:51:44,4.56165716705926,4.607897782495209,4.519395588247543,4.5308451802157865,100,0,1
2025.09.23,22:52:44,4.607184109960492,4.645468239222361,4.544297263136586,4.58259079205647,100,0,1
2025.09.23,22:53:44,4.5590312187567505,4.635284720710432,4.502655674769367,4.6319601561801855,100,0,1
2025.09.23,22:54:44,4.527008190456386,4.5514055543201595,4.4728276426013265,4.5036073537810895,100,0,1
2025.09.23,22:55:44,4.457975020783725,4.498280630270548,4.390057608997656,4.496491252469246,100,0,1
2025.09.23,22:56:44,4.416149798946802,4.487318376066352,4.356125506049294,4.412776572314977,100,0,1
2025.09.23,22:57:44,4.482635760679739,4.540416343103732,4.42369954874189,4.455202682957131,100,0,1
2025.09.23,22:58:44,4.576256549473146,4.6223888478167385,4.508922401131833,4.542683323472672,100,0,1
2025.09.23,22:59:44,4.606986479085676,4.651916112115415,4.546053932012608,4.563230802619159,100,0,1
2025.09.23,23:00:44,4.571747140035409,4.635659006959886,4.522298103352936,4.5995115521890995,100,0,1
2025.09.23,23:01:44,4.506734869607475,4.5737925064543585,4.440335623669252,4.517084476084648,100,0,1
2025.09.23,23:02:44,4.564412157723328,4.595492264391292,4.532094784322064,4.571329873168426,100,0,1
2025.09.23,23:03:44,4.5364813752023885,4.587488018474008,4.483751153326607,4.56752878495811,100,0,1
2025.09.23,23:04:44,4.557027652145594,4.63485560334883,4.475305930199784,4.600491938699793,100,0,1
2025.09.23,23:05:44,4.5688166086668955,4.628571046892032,4.522082963751794,4.614212211153814,100,0,1
2025.09.23,23:06:44,4.581207725028193,4.638950122614152,4.548763935152031,4.621235696428244,100,0,1
2025.09.23,23:07:44,4.590037605593493,4.643309096093135,4.5530238469371636,4.636424738040307,100,0,1
2025.09.23,23:08:44,4.583779740659017,4.614793145283394,4.563419401963584,4.613572692701212,100,0,1
2025.09.23,23:09:44,4.578324790930118,4.619822994994962,4.534245381277326,4.571923270863996,100,0,1
2025.09.23,23:10:44,4.519771849965177,4.586043805699648,4.4737020808691055,4.474224441888128,100,0,1
2025.09.23,23:11:44,4.490755304755656,4.5494886974561135,4.443179677015849,4.461039046547823,100,0,1
2025.09.23,23:12:44,4.479325521890337,4.518466131390931,4.4471866202287496,4.468666070614496,100,0,1
2025.09.23,23:13:44,4.418617063732855,4.486817127406137,4.35907489167505,4.4589845527742655,100,0,1
2025.09.23,23:14:44,4.335843141783637,4.363521377060945,4.281938230960975,4.316035577909057,100,0,1
2025.09.23,23:15:44,4.424741030648897,4.490023542273841,4.376412669195433,4.398476214456684,100,0,1
2025.09.23,23:16:44,4.388552788753922,4.450630595511149,4.35322817954131,4.4375000144524845,100,0,1
2025.09.23,23:17:44,4.348750721633724,4.393455504238016,4.286339164879872,4.313085868244672,100,0,1
2025.09.23,23:18:44,4.342967180961029,4.35927906393622,4.267914540569076,4.302382555463302,100,0,1
2025.09.23,23:19:44,4.375876693439108,4.395348830634392,4.279251801687388,4.339165906842856,100,0,1
2025.09.23,23:20:44,4.304479394705153,4.364142171817099,4.26189540148734,4.357171512359655,100,0,1
2025.09.23,23:21:44,4.369888523886458,4.425462554098611,4.3081906471641425,4.383491157712095,100,0,1
2025.09.23,23:22:44,4.359447910011754,4.385470813145142,4.303515839655273,4.364093934910036,100,0,1
2025.09.23,23:23:44,4.284860825922073,4.350941723282428,4.250376768153102,4.286961950703588,100,0,1
2025.09.23,23:24:44,4.30070621921712,4.391224238109766,4.255754740580574,4.27735993158023,100,0,1
2025.09.23,23:25:44,4.206097705708381,4.267289244601791,4.174778207454913,4.200007991318564,100,0,1
2025.09.23,23:26:44,4.242124732329351,4.287275811326085,4.206116290373539,4.231539771383175,100,0,1
2025.09.23,23:27:44,4.275344113405128,4.366109044279549,4.216035220942927,4.301390890681978,100,0,1
2025.09.23,23:28:44,4.286120138801892,4.346435560704055,4.2614830698639325,4.265604490055751,100,0,1
2025.09.23,23:29:44,4.234762060966405,4.303839341110346,4.175822397759059,4.22630823831599,100,0,1
2025.09.23,23:30:44,4.267426407871978,4.339686125983084,4.232128420098397,4.287490873480138,100,0,1
2025.09.23,23:31:44,4.209077202259119,4.243684425916112,4.158020487084752,4.205515158601206,100,0,1
2025.09.23,23:32:44,4.149067714194801,4.160043370838197,4.113794999009805,4.119493842221612,100,0,1
2025.09.23,23:33:44,4.093690314145938,4.1781256794896215,4.038324610687443,4.049873851167842,100,0,1
2025.09.23,23:34:44,4.08955090871473,4.140448739213576,4.0391122921310165,4.121588386880576,100,0,1
2025.09.23,23:35:44,4.21291628256835,4.272558632911914,4.18685270654565,4.266603101519034,100,0,1
2025.09.23,23:36:44,4.154477150904123,4.187220134529891,4.101878486869674,4.115378964196629,100,0,1
2025.09.23,23:37:44,4.262718536168053,4.347467760572663,4.181553665236598,4.271651980486859,100,0,1
2025.09.23,23:38:44,4.205433219792311,4.293570348306886,4.170943486242702,4.287863253189162,100,0,1
2025.09.23,23:39:44,4.2529224763667415,4.301133660938973,4.187022797805344,4.25546767773374,100,0,1
2025.09.23,23:40:44,4.202880720485306,4.270785545783637,4.143694422610298,4.217505297040105,100,0,1
2025.09.23,23:41:44,4.1557222324456955,4.229347298074344,4.094224440343265,4.111946751909323,100,0,1
2025.09.23,23:42:44,4.1503528836750725,4.216301924136338,4.123259515476209,4.170614717803572,100,0,1
2025.09.23,23:43:44,4.08873228690829,4.133435443418977,4.06702574412339,4.11923854418573,100,0,1
2025.09.23,23:44:44,4.184783652089359,4.234208324062295,4.125906192180624,4.19582661624022,100,0,1
2025.09.23,23:45:44,4.206503369865632,4.250444244114066,4.12021253223482,4.215010460026122,100,0,1
2025.09.23,23:46:44,4.2278746972734815,4.258163340807679,4.201415074706782,4.209401837686798,100,0,1
2025.09.23,23:47:44,4.262234658847359,4.311212037284693,4.21235968391247,4.281594254019913,100,0,1
2025.09.23,23:48:44,4.1345971603650185,4.183648805963887,4.091391200004942,4.15778484920551,100,0,1
2025.09.23,23:49:44,4.055963806666743,4.131263290548814,4.005241081026963,4.0646183280501855,100,0,1
2025.09.23,23:50:44,4.059762833128425,4.137576890861175,4.0373808024650435,4.108564531590596,100,0,1
2025.09.23,23:51:44,3.9596243943861875,3.980356438540622,3.9122999596939976,3.937974765610609,100,0,1
2025.09.23,23:52:44,3.987192892730239,4.028957869327427,3.9513015462604977,3.993453274592277,100,0,1
2025.09.23,23:53:44,4.022994737865157,4.107062153729338,4.003054214622442,4.03685442536835,100,0,1
2025.09.23,23:54:44,3.977083229632754,4.035934025280396,3.9272781735146376,3.930847936538532,100,0,1
2025.09.23,23:55:44,3.9732322483641824,4.022722357237025,3.9244560066098835,3.9245874129969898,100,0,1
2025.09.23,23:56:44,4.037447811599118,4.106770142752935,3.990663272769142,4.014163395905974,100,0,1
2025.09.23,23:57:44,4.039160817009933,4.104132663939431,4.010187154423477,4.09908261898569,100,0,1
2025.09.23,23:58:44,4.035074156966894,4.075426648273741,4.018261754199328,4.023107492246215,100,0,1
2025.09.23,23:59:44,4.06852858925829,4.10871155266914,4.038943347767823,4.048174611213814,100,0,1
2025.09.24,00:00:44,4.02125574320092,4.099831360639227,3.978957384397742,4.043574205507835,100,0,1
2025.09.24,00:01:44,4.052897163590955,4.113426689960528,3.982672479294651,4.016233378052259,100,0,1
2025.09.24,00:02:44,3.9482784129941964,4.028298542715533,3.9031478809190525,3.9862129837028957,100,0,1
2025.09.24,00:03:44,3.9843217361235705,4.034704694681617,3.953596163985338,3.987188594176752,100,0,1
2025.09.24,00:04:44,3.9823593669624415,4.05083240516353,3.9243420123691037,3.9647707481167767,100,0,1
2025.09.24,00:05:44,3.9624924602194205,4.011670153891473,3.9081805615346403,3.995373978696536,100,0,1
2025.09.24,00:06:44,3.900443793349879,3.9338793783116315,3.8569229566720242,3.881462273599245,100,0,1
2025.09.24,00:07:44,3.8106117583943586,3.846310097900205,3.8016347544715576,3.8135540900357126,100,0,1
2025.09.24,00:08:44,3.9296379069162715,3.9940695822256056,3.8560190143362374,3.9907629774966615,100,0,1
2025.09.24,00:09:44,3.899822445150202,3.9660783890396925,3.851559441160906,3.9001930445550115,100,0,1
2025.09.24,00:10:44,3.8937685225836747,3.9218278835580995,3.85949809000235,3.862637348288927,100,0,1
2025.09.24,00:11:44,3.869075954259902,3.9142602102955526,3.794890583799654,3.858676718338975,100,0,1
2025.09.24,00:12:44,3.855489110996393,3.889979623952618,3.799763186767326,3.837825191841206,100,0,1
2025.09.24,00:13:44,3.875953574469153,3.96919873415633,3.8590848001213485,3.8623158494028966,100,0,1
2025.09.24,00:14:44,3.8329447481584378,3.867413190685698,3.756481831464724,3.8012139675312353,100,0,1
2025.09.24,00:15:44,3.778864293035082,3.8593366045291186,3.738342697587538,3.8542354140505424,100,0,1
2025.09.24,00:16:44,3.7564842196641157,3.795950244186434,3.7504004116476644,3.786470586539571,100,0,1
2025.09.24,00:17:44,3.8067299104781354,3.834824589332675,3.773574670382116,3.783841548111568,100,0,1
2025.09.24,00:18:44,3.7490375203921182,3.7770353352170485,3.6702060687717966,3.7484049152813186,100,0,1
2025.09.24,00:19:44,3.773593790649851,3.811790433680263,3.6999544310109056,3.785256773618709,100,0,1
2025.09.24,00:20:44,3.7678882606399244,3.809626149580767,3.744761767194617,3.7879584847959573,100,0,1
2025.09.24,00:21:44,3.816150516853241,3.876022868457162,3.756381300420532,3.8500659133647606,100,0,1
2025.09.24,00:22:44,3.880239255290563,3.946894747957082,3.833396139791911,3.8849009925229474,100,0,1
2025.09.24,00:23:44,3.86318380237857,3.901720623924967,3.801121725729378,3.841007805170345,100,0,1
2025.09.24,00:24:44,3.8669463541373084,3.9155165090989152,3.8328363859551127,3.835139819460833,100,0,1
2025.09.24,00:25:44,3.8796535688770883,3.904698355532169,3.74673929081356,3.7749610024403557,100,0,1
2025.09.24,00:26:44,3.8675263923732324,3.887433703108032,3.8085886794234125,3.860016255230647,100,0,1
2025.09.24,00:27:44,3.8577594330738605,3.871100926033792,3.7918139301763323,3.8593810347038136,100,0,1
2025.09.24,00:28:44,3.8691392402398255,3.9546183095054035,3.810037630357872,3.943702253884399,100,0,1
2025.09.24,00:29:44,3.818383201934063,3.8481671250092617,3.7586628891776392,3.824723297611824,100,0,1
2025.09.24,00:30:44,3.8486214805865244,3.942017122751902,3.8099911971488947,3.8917053429050283,100,0,1
2025.09.24,00:31:44,3.8862740598947036,3.9624162354060153,3.8148490649498124,3.848092363260764,100,0,1
2025.09.24,00:32:44,3.7941052671263384,3.8543967128365164,3.7503955321874125,3.780060787577821,100,0,1
2025.09.24,00:33:44,3.8321937683714093,3.867941770137192,3.7901956852580154,3.8244491386647024,100,0,1
2025.09.24,00:34:44,3.8267498800401785,3.899785106974687,3.7690707860630246,3.813785586163675,100,0,1
2025.09.24,00:35:44,3.833053601576058,3.8951478952676006,3.7826547134729855,3.783534166732407,100,0,1
2025.09.24,00:36:44,3.772395474424837,3.815283532784605,3.726762211784324,3.7978418413621706,100,0,1
2025.09.24,00:37:44,3.857663690078751,3.924966530433369,3.814288091944076,3.9120025713305027,100,0,1
2025.09.24,00:38:44,3.8398292488562245,3.9090158494041805,3.788618374472583,3.8443014220360263,100,0,1
2025.09.24,00:39:44,3.8923401980548014,3.942073167545548,3.818339188680248,3.9234015131780557,100,0,1
2025.09.24,00:40:44,3.8825239324297804,3.9305946437943025,3.8286627280617327,3.8403700995293892,100,0,1
2025.09.24,00:41:44,3.920780255125109,3.9603191277015077,3.8822696912873838,3.9412177921740876,100,0,1
2025.09.24,00:42:44,3.9119324546564163,3.974367073598153,3.862496813379767,3.8984772751470724,100,0,1
2025.09.24,00:43:44,3.94425713508091,3.986070956282463,3.91825555101692,3.945054431767638,100,0,1
2025.09.24,00:44:44,3.921664170422268,3.9963940226422143,3.879481154658327,3.9702409417072477,100,0,1
2025.09.24,00:45:44,3.9792512589342786,3.9842137429865225,3.9283475118198274,3.951855656882975,100,0,1
2025.09.24,00:46:44,3.9634077255036813,4.02567299864005,3.8977875195947407,4.01595096664627,100,0,1
2025.09.24,00:47:44,3.923049549949412,3.9693656083702136,3.826986622888213,3.9454816575794434,100,0,1
2025.09.24,00:48:44,3.969709996530344,4.007370073819721,3.9026577952977264,3.9991703086611037,100,0,1
2025.09.24,00:49:44,3.930446352543131,3.9444502972859317,3.8734983211321525,3.879486611484745,100,0,1
2025.09.24,00:50:44,3.901028188465614,3.9738199039459428,3.8825530006923525,3.9668568049607034,100,0,1
2025.09.24,00:51:44,3.918118855056018,3.99127688661402,3.8965402324349734,3.9246341717412507,100,0,1
2025.09.24,00:52:44,3.9260692689700756,3.963329200960575,3.879253119447577,3.9254980443459906,100,0,1
2025.09.24,00:53:44,3.903278399460055,3.9364799041815703,3.861098343669507,3.891682349052869,100,0,1
2025.09.24,00:54:44,3.924541713363569,3.9833334898702533,3.8543245731218176,3.9454745251249865,100,0,1
2025.09.24,00:55:44,3.949305194843726,3.98874685442443,3.8792243755516993,3.9040888262444686,100,0,1
2025.09.24,00:56:44,3.892434375790309,3.950348376540108,3.8482601701273036,3.9022910334546266,100,0,1
2025.09.24,00:57:44,3.8781625954495347,3.8992090923224905,3.805459581372151,3.8983139940247664,100,0,1
2025.09.24,00:58:44,3.973090862851161,4.023797517984868,3.946456106846588,3.9555682045912937,100,0,1
2025.09.24,00:59:44,4.037847073696985,4.093500880644294,4.017758229395477,4.039247332533678,100,0,1
2025.09.24,01:00:44,4.0650345646082595,4.123406396507363,4.049600562452999,4.120612539755347,100,0,1
2025.09.24,01:01:44,4.0364354875618105,4.0991298207010525,3.9576797337618963,4.083748431950196,100,0,1
2025.09.24,01:02:44,4.079779692608416,4.1757403910920745,4.022009404373886,4.053221776669591,100,0,1
2025.09.24,01:03:44,4.010212133423819,4.077899168056991,3.924874754201408,3.9476486331378076,100,0,1
2025.09.24,01:04:44,3.9993282116165294,4.036794607328523,3.9403887856130204,4.021246945693009,100,0,1
2025.09.24,01:05:44,3.9376845741065853,3.990352753696732,3.9152783368439126,3.940595218714087,100,0,1
2025.09.24,01:06:44,3.8403622425628705,3.8722312372001126,3.7704850065914792,3.7849663749659954,100,0,1
2025.09.24,01:07:44,3.7742100597677966,3.7866639226458423,3.740092730921824,3.7499696001392957,100,0,1
2025.09.24,01:08:44,3.782022380293705,3.8545677680889034,3.712889307858799,3.7507131173542927,100,0,1
2025.09.24,01:09:44,3.8032997229424637,3.8582597666638043,3.752024341300885,3.8502627034050048,100,0,1
2025.09.24,01:10:44,3.872220235652636,3.9121273435188004,3.8100307287406445,3.84157257869888,100,0,1
2025.09.24,01:11:44,3.8507558998152915,3.908416046535055,3.7568943115831095,3.880593782084276,100,0,1
2025.09.24,01:12:44,3.861018671661144,3.9055527768761213,3.7981906100587945,3.8660605076560386,100,0,1
2025.09.24,01:13:44,3.860522732007953,3.9322810903080057,3.7999087811915353,3.841883987095011,100,0,1
2025.09.24,01:14:44,3.8762563571492104,3.9178238814543027,3.8498917871510603,3.91676678446869,100,0,1
2025.09.24,01:15:44,3.883905768929486,3.930973368743471,3.8399277895172705,3.9063714230101882,100,0,1
2025.09.24,01:16:44,3.8307736239294656,3.8476918785860317,3.811745634112281,3.812349990759828,100,0,1
2025.09.24,01:17:44,3.8212069649871605,3.8777651809285727,3.785728165075465,3.862178284166547,100,0,1
2025.09.24,01:18:44,3.8802759005494516,3.933261769181315,3.8157731662527903,3.9212038805456277,100,0,1
2025.09.24,01:19:44,3.9122768156081036,3.952439856291951,3.853284801506498,3.8800592207280813,100,0,1
2025.09.24,01:20:44,3.8314041811042605,3.891169043561397,3.8033140793985365,3.868810074064517,100,0,1
2025.09.24,01:21:44,3.800588059399287,3.832138599154555,3.7508836025790937,3.7801311772956705,100,0,1
2025.09.24,01:22:44,3.8716620031697597,3.8902004909007037,3.8409184322804912,3.8851795692120623,100,0,1
2025.09.24,01:23:44,3.9463905092597327,3.9892384561168117,3.886312894903377,3.9288195506941803,100,0,1
2025.09.24,01:24:44,3.975543223854089,4.005398851621648,3.9510964049017887,3.99190607113806,100,0,1
2025.09.24,01:25:44,3.8355167670560255,3.8715780402537114,3.7982066569859385,3.832905774585824,100,0,1
2025.09.24,01:26:44,3.8775899471858977,3.8901275983681396,3.8646240857563856,3.8717794483866537,100,0,1
2025.09.24,01:27:44,3.888937607105323,3.9320621971724115,3.817192371180054,3.8365814838232684,100,0,1
2025.09.24,01:28:44,3.909262799836984,3.9660618049900203,3.86072986035882,3.8843571764194427,100,0,1
2025.09.24,01:29:44,3.800049817727693,3.864074555276348,3.7284736837954675,3.834751199057354,100,0,1
2025.09.24,01:30:44,3.8149971253901547,3.862748060776882,3.760040625428831,3.760519636496941,100,0,1
2025.09.24,01:31:44,3.7835313962115555,3.841717238072465,3.7451247177102975,3.8016712223642397,100,0,1
2025.09.24,01:32:44,3.882049441464512,3.967105323992458,3.8176591206364647,3.93100641628663,100,0,1
2025.09.24,01:33:44,3.9121667054346543,3.9470077388346905,3.864596346216988,3.9219071334142837,100,0,1
2025.09.24,01:34:44,3.9490804198084932,3.9708285488263426,3.8960526825825563,3.9506582756727586,100,0,1
2025.09.24,01:35:44,4.010654585804575,4.056964492307663,3.9580589698932105,3.9800459836178272,100,0,1
2025.09.24,01:36:44,4.057705459495501,4.098699929881176,4.019076012711607,4.057417671749021,100,0,1
2025.09.24,01:37:44,4.0700111821213545,4.082115180098004,4.016752385254318,4.043402349694408,100,0,1
2025.09.24,01:38:44,4.039671852100399,4.073896294985099,4.011449860352754,4.046200860975607,100,0,1
2025.09.24,01:39:44,3.937008289338542,3.980791066790868,3.887172411811236,3.9573143917042506,100,0,1
2025.09.24,01:40:44,3.9590787111963275,3.9853039425761994,3.917827638852101,3.9622116900858386,100,0,1
2025.09.24,01:41:44,4.057081664868025,4.110924082897611,4.0346435542236385,4.040068091886316,100,0,1
2025.09.24,01:42:44,4.114987340690383,4.158556473227694,4.087402881804374,4.139712961926308,100,0,1
2025.09.24,01:43:44,4.080622645650511,4.14422835483662,3.9863001978435406,4.052485526504544,100,0,1
2025.09.24,01:44:44,4.081364781881972,4.150422658373026,4.047085843279453,4.071915233884351,100,0,1
2025.09.24,01:45:44,4.082496889022912,4.153730919941675,3.988050559582911,4.022723475073905,100,0,1
2025.09.24,01:46:44,4.071299317177702,4.104242088112727,4.022449459960058,4.088457773617957,100,0,1
2025.09.24,01:47:44,4.04546778347407,4.106177314651535,3.997865261298284,4.05443119171102,100,0,1
2025.09.24,01:48:44,4.021054413927745,4.057370247292238,4.0011368510979946,4.0245617337437505,100,0,1
2025.09.24,01:49:44,3.971209101701961,4.02249483566897,3.903899148486419,3.9942100549029473,100,0,1
2025.09.24,01:50:44,3.9805893749559504,4.009757402080694,3.9799311698421604,3.982518669055253,100,0,1
2025.09.24,01:51:44,3.908813747133527,3.9575690449101466,3.853351591445214,3.9449118777769265,100,0,1
2025.09.24,01:52:44,3.909003546527754,3.9551272956107075,3.8575536158703363,3.9257181669511647,100,0,1
2025.09.24,01:53:44,3.8804984626998915,3.898073426584553,3.8540273220678323,3.864055438621463,100,0,1
2025.09.24,01:54:44,3.9109796552025644,3.956497232371695,3.863735672659291,3.9340927803684655,100,0,1
2025.09.24,01:55:44,3.8767515412810307,3.925853738097615,3.817962378511823,3.87772234712162,100,0,1
2025.09.24,01:56:44,3.955038721909673,4.025460505361883,3.886408528731888,3.8878631934807495,100,0,1
2025.09.24,01:57:44,4.009239787557896,4.0843699493786545,3.983784934077995,4.023114906116401,100,0,1
2025.09.24,01:58:44,4.046827632513214,4.1074157940752185,3.971340009240123,4.035133493245948,100,0,1
2025.09.24,01:59:44,4.070329295468282,4.155531722630343,4.025613240338077,4.0878511148154635,100,0,1
2025.09.24,02:00:44,3.960026273170356,4.0062886425787125,3.925762339271369,3.9449174077168534,100,0,1
2025.09.24,02:01:44,3.9927763358239456,4.035100180294039,3.9261007107648345,3.9763727769408774,100,0,1
2025.09.24,02:02:44,4.017786100488396,4.0643922799058485,3.9935133130948555,4.029621748194372,100,0,1
2025.09.24,02:03:44,3.9695876337557188,4.044954733180064,3.9298193399112025,3.975677225514144,100,0,1
2025.09.24,02:04:44,4.002630637583997,4.060748519166812,3.9673112499328504,4.007793578978572,100,0,1
2025.09.24,02:05:44,3.956855309482564,4.020268474208739,3.9244380094058413,3.9366980332383696,100,0,1
2025.09.24,02:06:44,3.985011273278756,4.0560689149473985,3.957684641606077,4.002696996814928,100,0,1
2025.09.24,02:07:44,4.093087354295468,4.122609963681001,4.041785564642893,4.112538082387252,100,0,1
2025.09.24,02:08:44,4.102787716856182,4.142102244311767,4.068930308793618,4.079933796618203,100,0,1
2025.09.24,02:09:44,4.109046929272939,4.120457739780151,4.08148218904417,4.101740627384869,100,0,1
2025.09.24,02:10:44,4.169956867910203,4.205922597199533,4.135360759296423,4.146916113589495,100,0,1
2025.09.24,02:11:44,4.272621737067751,4.314699995806995,4.2274611723793685,4.236219354792048,100,0,1
2025.09.24,02:12:44,4.229917902727223,4.291913930745358,4.190688485456992,4.239629372541661,100,0,1
2025.09.24,02:13:44,4.337751056653646,4.354243754839835,4.262879215027894,4.311908735829921,100,0,1
2025.09.24,02:14:44,4.436627529531804,4.471493709464089,4.353482515836776,4.402260150951584,100,0,1
2025.09.24,02:15:44,4.347308351941546,4.39128763301475,4.285131969300503,4.344446798706605,100,0,1
2025.09.24,02:16:44,4.405648243759391,4.468148637704822,4.341434666133616,4.356557843993746,100,0,1
2025.09.24,02:17:44,4.400054963650906,4.486303935992158,4.376542668987672,4.4278776689684785,100,0,1
2025.09.24,02:18:44,4.358177698417419,4.449296677431026,4.327611579823345,4.400658730070116,100,0,1
2025.09.24,02:19:44,4.378573873001155,4.436630657625916,4.305218518214035,4.368718328461613,100,0,1
2025.09.24,02:20:44,4.4552416222133395,4.528461658090518,4.439497854311865,4.48558500873352,100,0,1
2025.09.24,02:21:44,4.363595487498693,4.430875611348327,4.334833191672435,4.395139340745391,100,0,1
2025.09.24,02:22:44,4.337003637507445,4.389158149051675,4.314188123696426,4.348741899691687,100,0,1
2025.09.24,02:23:44,4.360968132356049,4.408803744611018,4.302341758623756,4.352002289801508,100,0,1
2025.09.24,02:24:44,4.429205711788774,4.471436061270159,4.410854985122302,4.441054218962688,100,0,1
2025.09.24,02:25:44,4.396764711503649,4.487428160046476,4.347272581650598,4.468733577978498,100,0,1
2025.09.24,02:26:44,4.37545316932526,4.427933276943059,4.347600373776206,4.421980558680528,100,0,1
2025.09.24,02:27:44,4.422670384357977,4.486463144892597,4.360432782077379,4.40591940485312,100,0,1
2025.09.24,02:28:44,4.39075826613119,4.438376807440425,4.3408838648497285,4.426960657202605,100,0,1
2025.09.24,02:29:44,4.289678727619063,4.322872636660668,4.263994459182166,4.280027429523594,100,0,1
2025.09.24,02:30:44,4.171426779634262,4.214592466819583,4.127627551245881,4.128092152281186,100,0,1
2025.09.24,02:31:44,4.128813332357413,4.156769645646333,4.0982951976284,4.109746484406715,100,0,1
2025.09.24,02:32:44,4.060663695287334,4.126357466828633,4.001103024445892,4.088030152265091,100,0,1
2025.09.24,02:33:44,4.036310688346765,4.089613844688103,3.9923204561204018,4.085425523376039,100,0,1
2025.09.24,02:34:44,3.867533240030304,3.895863187252758,3.8250939776183426,3.8816188833097387,100,0,1
2025.09.24,02:35:44,3.973113710121155,4.029488151896566,3.9127054544776567,3.930232288798523,100,0,1
2025.09.24,02:36:44,4.006608502065804,4.041989296809485,3.9650907218223788,3.9827280996379937,100,0,1
2025.09.24,02:37:44,4.01225184461164,4.061043111262781,3.938959926121387,3.986489759875275,100,0,1
2025.09.24,02:38:44,4.050776249571688,4.07969120152367,3.9788011040365387,4.023219385335878,100,0,1
2025.09.24,02:39:44,4.078792223414054,4.149644060424826,4.014146055485881,4.116920236654581,100,0,1
2025.09.24,02:40:44,4.076077884728468,4.120008434845435,4.012930919059626,4.0235133685942435,100,0,1
2025.09.24,02:41:44,4.108931224863905,4.145838741341473,4.015889168302995,4.045510257568698,100,0,1
2025.09.24,02:42:44,4.075731712953149,4.144989540548435,4.039656790588019,4.088533331673919,100,0,1
2025.09.24,02:43:44,4.122078210926166,4.193415631617236,4.081062166360316,4.180053271779119,100,0,1
2025.09.24,02:44:44,4.007877035368793,4.060387089774015,3.968321561057565,4.0101555923309355,100,0,1
2025.09.24,02:45:44,4.006644139162971,4.059798122032522,3.9270407924135338,3.9806558294897156,100,0,1
2025.09.24,02:46:44,3.977092814424243,4.033675424996008,3.893476681213265,3.9357474288706915,100,0,1
2025.09.24,02:47:44,4.01626693213026,4.080375589523253,3.965889032891102,4.028569086945481,100,0,1
2025.09.24,02:48:44,4.037163640194683,4.058553378679228,3.99838683281676,4.033280442413306,100,0,1
2025.09.24,02:49:44,4.046505150110293,4.065825256736317,3.9893136905880566,4.028895656035551,100,0,1
2025.09.24,02:50:44,3.955674711994724,4.013961142416075,3.8989359809389885,3.9180992127377614,100,0,1
2025.09.24,02:51:44,4.003539417994368,4.037290794928617,3.9454575355680923,3.961982025336328,100,0,1
2025.09.24,02:52:44,3.9915516020838986,4.025525230286613,3.9018681085925753,3.924015874140691,100,0,1
2025.09.24,02:53:44,3.9922474220053368,4.075550233844192,3.940417427716847,4.026800636861723,100,0,1
2025.09.24,02:54:44,4.013127710535516,4.086269594048718,3.96347053460274,4.08178204392198,100,0,1
2025.09.24,02:55:44,3.9359775351595627,3.990330106998087,3.8987012282656694,3.951142926651005,100,0,1
2025.09.24,02:56:44,4.009120604047222,4.050422625412731,3.9922944624928753,4.000854885612091,100,0,1
2025.09.24,02:57:44,3.962517818471259,4.0074470067365295,3.9119379475552756,3.980358072910721,100,0,1
2025.09.24,02:58:44,3.970041240715354,3.984751851681717,3.9305256770439585,3.9640183493502343,100,0,1
2025.09.24,02:59:44,4.028208676228686,4.030318459328893,3.9878072410787717,4.000247105789732,100,0,1
2025.09.24,03:00:44,3.9557931539736604,4.0257939500917965,3.905980663056478,3.964319367911316,100,0,1
2025.09.24,03:01:44,3.9701197215128063,4.04809257688962,3.8908490834761005,3.8916342623330564,100,0,1
2025.09.24,03:02:44,3.9734377998936767,3.9800519018743152,3.9382690870797967,3.958558445869487,100,0,1
2025.09.24,03:03:44,3.950730500565428,4.017056430488291,3.940181737468302,3.9903743281390374,100,0,1
2025.09.24,03:04:44,3.98125748779362,4.02088761671717,3.9456954160219517,4.015869549065074,100,0,1
2025.09.24,03:05:44,4.052053777537126,4.108277822359106,3.9919987173791323,4.100621661258371,100,0,1
2025.09.24,03:06:44,4.020517561007763,4.069481116660845,3.9714749169220247,3.9772358691978686,100,0,1
2025.09.24,03:07:44,3.991446893904851,4.039691557096376,3.9338482364747693,3.9745847006311856,100,0,1
2025.09.24,03:08:44,4.060268465883198,4.140008375890731,4.024678902840915,4.106020751909562,100,0,1
2025.09.24,03:09:44,4.117641522306354,4.2014122164768395,4.0592945736988115,4.198466435471987,100,0,1
2025.09.24,03:10:44,4.088932204939552,4.141442233822369,4.042146737497157,4.099206424244896,100,0,1
2025.09.24,03:11:44,4.106631175933041,4.17119793002215,4.03440823412966,4.130813563500711,100,0,1
2025.09.24,03:12:44,4.036666010825578,4.069689095942178,3.983276621818716,3.985461586563212,100,0,1
2025.09.24,03:13:44,3.9725623755984807,4.001656814687771,3.901996719237154,3.967544129808274,100,0,1
2025.09.24,03:14:44,3.960853792130785,3.9789485612158497,3.926960150102708,3.961726690198066,100,0,1
2025.09.24,03:15:44,3.967751758544738,4.049733882055805,3.9114570795618047,4.009919368693376,100,0,1
2025.09.24,03:16:44,3.8955004181399344,3.988975318771304,3.8379684751703382,3.932053834485178,100,0,1
2025.09.24,03:17:44,3.9443370958525823,4.002715197143623,3.8893443267380117,3.891854802391401,100,0,1
2025.09.24,03:18:44,3.965208247265981,4.014803136252108,3.9114441695734223,3.9364927811121224,100,0,1
2025.09.24,03:19:44,3.9555329179888403,4.044224810038949,3.930799001478319,3.9989984200601922,100,0,1
2025.09.24,03:20:44,4.007440462487309,4.063411458181389,3.991911106878436,4.033643846459993,100,0,1
2025.09.24,03:21:44,4.004158516087103,4.051616485828723,3.9125755437634697,4.031407833914324,100,0,1
2025.09.24,03:22:44,3.929192914007782,3.9658808904854226,3.841020030976089,3.950314707644841,100,0,1
2025.09.24,03:23:44,3.8584555949359958,3.8635910909981646,3.8471675546739545,3.853866673003823,100,0,1
2025.09.24,03:24:44,3.7955744232258377,3.833084487518115,3.7547483678359495,3.810318678704569,100,0,1
2025.09.24,03:25:44,3.7952479825298604,3.842507033587304,3.763393263556142,3.7843802393917914,100,0,1
2025.09.24,03:26:44,3.8060876692606205,3.845055370659643,3.799707672886669,3.800316044619268,100,0,1
2025.09.24,03:27:44,3.8137556445032343,3.8572739597329853,3.7367128290153624,3.807625977531737,100,0,1
2025.09.24,03:28:44,3.8731299157345638,3.9749691226659207,3.7761180715703575,3.8718988198570816,100,0,1
2025.09.24,03:29:44,3.820660871356461,3.9031931272777998,3.7595943099864617,3.847414794836123,100,0,1
2025.09.24,03:30:44,3.7933900960262354,3.876844637867732,3.750820766301276,3.8567864297067547,100,0,1
2025.09.24,03:31:44,3.8329280251720337,3.910400363875357,3.7531916095445363,3.817181505064615,100,0,1
2025.09.24,03:32:44,3.859564989457454,3.9328042813096555,3.8360783340939086,3.853899446516997,100,0,1
2025.09.24,03:33:44,3.896346651067978,3.905541342409987,3.8268082021693135,3.866507195903297,100,0,1
2025.09.24,03:34:44,3.9507775720857525,3.9996049014421935,3.8988840700441845,3.9974957292448465,100,0,1
2025.09.24,03:35:44,3.912837242658701,3.954125389462755,3.846459807748225,3.9214665263162587,100,0,1
2025.09.24,03:36:44,3.981104484051984,4.027029361692158,3.9474854908341017,4.011322032987479,100,0,1
2025.09.24,03:37:44,3.977804539819807,4.040893880540116,3.907303052357644,3.9577624270632596,100,0,1
2025.09.24,03:38:44,3.9682065475264157,3.980959965041589,3.9081347424679866,3.968713499494108,100,0,1
2025.09.24,03:39:44,3.8944561922739616,3.9601167865417355,3.8276999364784827,3.8448791859639284,100,0,1
2025.09.24,03:40:44,3.954575672226442,3.986862948715986,3.8808221665436857,3.9012498311386397,100,0,1
2025.09.24,03:41:44,4.013012009813048,4.067805495635367,3.9622557110300796,3.9861763476693133,100,0,1
2025.09.24,03:42:44,4.009504912088281,4.066554716191212,3.959347896686067,4.002440474668636,100,0,1
2025.09.24,03:43:44,3.990683246309063,4.049222116375013,3.956092937215844,4.007933957694087,100,0,1
2025.09.24,03:44:44,3.9740972675782174,4.041932708258101,3.8830958213142925,3.949300275353422,100,0,1
2025.09.24,03:45:44,3.8967253959482746,3.9633174122137866,3.8604010469881906,3.9026680911821447,100,0,1
2025.09.24,03:46:44,3.856786828430108,3.937421832424474,3.8276806881957812,3.839653858676808,100,0,1
2025.09.24,03:47:44,3.7646297914798676,3.7839853596170907,3.687395085631323,3.781723960218889,100,0,1
2025.09.24,03:48:44,3.815161259845423,3.8607539333627074,3.7445961876255303,3.7531802253110484,100,0,1
2025.09.24,03:49:44,3.845455541735315,3.8902472257840564,3.7875346301368964,3.805430721053363,100,0,1
2025.09.24,03:50:44,3.825097694882403,3.8678810884540304,3.7649212458866628,3.8142253978803384,100,0,1
2025.09.24,03:51:44,3.7737535875719748,3.83902230581868,3.6833841585198255,3.7725880256500086,100,0,1
2025.09.24,03:52:44,3.72997151593028,3.785433215840218,3.6794300737281853,3.725829679985662,100,0,1
2025.09.24,03:53:44,3.7721763711541616,3.8767849634313953,3.7514325077563,3.785879521010068,100,0,1
2025.09.24,03:54:44,3.816992151063083,3.8731462101507623,3.781804115196973,3.8351866070236187,100,0,1
2025.09.24,03:55:44,3.83958616719392,3.8924087034092794,3.784433049798886,3.829216850622125,100,0,1
2025.09.24,03:56:44,3.9040746269153943,3.9663857041206474,3.8415698321885943,3.938980161675206,100,0,1
2025.09.24,03:57:44,4.013219563310392,4.077376105448875,3.986002397818316,4.008686660354223,100,0,1
2025.09.24,03:58:44,3.999843937496055,4.0377924772034195,3.947250768018621,4.027604327571925,100,0,1
2025.09.24,03:59:44,4.005125144209926,4.047997731297357,3.935864461041029,4.007688870988653,100,0,1
2025.09.24,04:00:44,3.964946554592145,3.9808054099878025,3.9499236367916373,3.9529022595692083,100,0,1
2025.09.24,04:01:44,3.9976506781771515,4.031879143172711,3.9598352694342966,4.028922877911347,100,0,1
2025.09.24,04:02:44,3.9048299983139616,3.9298365250411673,3.8436133053765356,3.88707147886344,100,0,1
2025.09.24,04:03:44,3.858338672645952,3.9417952796515445,3.7917681841097455,3.8840547015275804,100,0,1
2025.09.24,04:04:44,3.880169847098882,3.9102572800974595,3.824498379266146,3.9088678619810535,100,0,1
2025.09.24,04:05:44,3.886531554436672,3.931833767505223,3.8707691656936456,3.912980334560512,100,0,1
2025.09.24,04:06:44,3.838138862009893,3.8710147966590975,3.7775201313920546,3.8594289063106326,100,0,1
2025.09.24,04:07:44,3.8337990796677968,3.9129168774860865,3.815101376120816,3.8582275643581228,100,0,1
2025.09.24,04:08:44,3.8765269447166646,3.9170493315619015,3.8097015972762405,3.8404702579833225,100,0,1
2025.09.24,04:09:44,3.8263163168960106,3.8705013179624324,3.752422847846322,3.782223366887999,100,0,1
2025.09.24,04:10:44,3.8612725320183365,3.9315929600049033,3.8189346712693193,3.8226797919623885,100,0,1
2025.09.24,04:11:44,3.8977771895970417,3.9425549241206634,3.858618300681007,3.876821178919119,100,0,1
2025.09.24,04:12:44,3.9637538714768383,4.0158329526153445,3.9093352302360627,3.925404296794241,100,0,1
2025.09.24,04:13:44,3.9446044712384793,3.9994308977871986,3.9063652639016357,3.9290646813003702,100,0,1
2025.09.24,04:14:44,4.007772272334232,4.067444097785473,3.967785136637617,3.983891333859325,100,0,1
2025.09.24,04:15:44,3.945283520712077,4.009059392158103,3.9176509597854277,3.924061536046617,100,0,1
2025.09.24,04:16:44,3.954534959352319,4.052468801654584,3.9293942274603078,4.032816817894464,100,0,1
2025.09.24,04:17:44,3.9589512730369596,3.9912860186144403,3.9201781035408927,3.9606166083986527,100,0,1
2025.09.24,04:18:44,4.004905498728907,4.081717845291467,3.913754388886575,3.923274106207742,100,0,1
2025.09.24,04:19:44,3.9965037900520657,4.030490802929281,3.9480949554581057,3.9832683111238953,100,0,1
2025.09.24,04:20:44,3.950278378029849,3.9952800283612615,3.8851509267889583,3.9572503777460684,100,0,1
2025.09.24,04:21:44,3.9409445837867714,4.0178438217290005,3.8547011901200916,3.9940402110127673,100,0,1
2025.09.24,04:22:44,3.932588652038811,4.03032838652412,3.8496572873057633,4.015777698303944,100,0,1
2025.09.24,04:23:44,3.8980311627426825,3.9643122566609947,3.841771011492895,3.943004931484411,100,0,1
2025.09.24,04:24:44,3.926763587186309,3.956581896665466,3.8857016766568164,3.9212993584344638,100,0,1
2025.09.24,04:25:44,3.830050067070248,3.8672190886510793,3.7486490430205897,3.785115681053727,100,0,1
2025.09.24,04:26:44,3.9419144765905734,3.975456565967601,3.90253685324834,3.9597816629300224,100,0,1
2025.09.24,04:27:44,3.955599966036426,4.030129280816949,3.9229104888858877,3.9324135737630446,100,0,1
2025.09.24,04:28:44,3.933260679118018,3.9755837653409927,3.8975647636654562,3.9283279427316415,100,0,1
2025.09.24,04:29:44,3.9180671149358988,3.9565476270055253,3.8753724086406947,3.923356972066586,100,0,1
2025.09.24,04:30:44,3.9388618105931155,4.008275900512487,3.881423936836573,3.9654933607768967,100,0,1
2025.09.24,04:31:44,3.9508989478064502,4.013676754705963,3.880502496238915,3.9786646979031954,100,0,1
2025.09.24,04:32:44,4.035497241141344,4.047793281016953,4.002278816454785,4.028915607950444,100,0,1
2025.09.24,04:33:44,4.002870873494227,4.074455763065859,3.994457279721616,4.030085940204665,100,0,1
2025.09.24,04:34:44,4.014426545017398,4.039966659466331,3.9504586282378424,4.0141695584060235,100,0,1
2025.09.24,04:35:44,4.0553836803985535,4.108669965342278,4.006437352286503,4.081827760591857,100,0,1
2025.09.24,04:36:44,4.017155610278066,4.051362255159769,3.967822805174344,4.0409353216346044,100,0,1
2025.09.24,04:37:44,3.965648893569156,4.002786813175512,3.92185536023465,3.9546080803339287,100,0,1
2025.09.24,04:38:44,3.9869577418042983,4.052734681347434,3.9198831454486656,3.948231000606725,100,0,1
2025.09.24,04:39:44,4.014664981179172,4.076055872042192,3.975841358807887,3.9839174590773654,100,0,1
2025.09.24,04:40:44,3.874901445538514,3.883381906860802,3.82436763745357,3.859038617082841,100,0,1
2025.09.24,04:41:44,3.7804763773846597,3.812700917064361,3.7220536391802024,3.7737214763744076,100,0,1
2025.09.24,04:42:44,3.787104540877911,3.8373952930043513,3.7361999246866797,3.8272543625304687,100,0,1
2025.09.24,04:43:44,3.767845508803116,3.8445605457829166,3.7278020347011283,3.7325834485896294,100,0,1
2025.09.24,04:44:44,3.776071137888678,3.8043164930981237,3.740786785734654,3.7651612254586393,100,0,1
2025.09.24,04:45:44,3.7582545979200668,3.843922435292561,3.72542118965287,3.8335972356137127,100,0,1
2025.09.24,04:46:44,3.7984949304147433,3.8332618839923556,3.7368532923134983,3.8249285079157542,100,0,1
2025.09.24,04:47:44,3.787631204038715,3.810803561968732,3.7307759703150927,3.7608857517739587,100,0,1
2025.09.24,04:48:44,3.7725813566800652,3.8265978620045527,3.715690908128124,3.7302363007236177,100,0,1
2025.09.24,04:49:44,3.5992573533575,3.6131448533416846,3.54868050137158,3.58195872477634,100,0,1
2025.09.24,04:50:44,3.5329807249163188,3.5735558655738835,3.4852545805335535,3.573301956098975,100,0,1
2025.09.24,04:51:44,3.488423925121893,3.514529660150364,3.4537520994180064,3.4726458602934778,100,0,1
2025.09.24,04:52:44,3.5232997452698944,3.5471143277442425,3.458051545345779,3.514385063042582,100,0,1
2025.09.24,04:53:44,3.5261310312992475,3.5643225801773006,3.4702625718317086,3.4742636258516653,100,0,1
2025.09.24,04:54:44,3.4581111077203235,3.466752363145311,3.4544294493998073,3.456932142078992,100,0,1
2025.09.24,04:55:44,3.469555374171932,3.4835110145828265,3.4066042252554642,3.4505873844941037,100,0,1
2025.09.24,04:56:44,3.4222775555831824,3.440698869320782,3.3404203467620692,3.3491912492981295,100,0,1
2025.09.24,04:57:44,3.4088021027055695,3.4578037747177395,3.3557774002938534,3.3740046029965507,100,0,1
2025.09.24,04:58:44,3.350430326451924,3.3804978387991538,3.3140147329871223,3.3272718016128184,100,0,1
2025.09.24,04:59:44,3.3794078874694757,3.406220873163287,3.323822242418628,3.401909142033108,100,0,1
2025.09.24,05:00:44,3.431246334014337,3.454000419982757,3.353426622606751,3.3685127205651497,100,0,1
2025.09.24,05:01:44,3.419292625673501,3.457672843882907,3.3900733642608114,3.4450798868844146,100,0,1
2025.09.24,05:02:44,3.437084065712421,3.477683929426777,3.3781312267721955,3.4441164503189845,100,0,1
2025.09.24,05:03:44,3.4481322025511587,3.516870570254023,3.3897213774130055,3.4070241837120743,100,0,1
2025.09.24,05:04:44,3.4281251384640905,3.5241623999907445,3.3837815301524996,3.476962950479558,100,0,1
2025.09.24,05:05:44,3.4402694384045107,3.4741152496678867,3.433740849289995,3.4678516204343297,100,0,1
2025.09.24,05:06:44,3.467635359865988,3.515617826723755,3.396047804350823,3.4917533926965367,100,0,1
2025.09.24,05:07:44,3.5071259266822365,3.560683645633895,3.473408843087369,3.4764532498681966,100,0,1
2025.09.24,05:08:44,3.5350583173859653,3.5852805674573265,3.4837653678419276,3.5191508284115467,100,0,1
2025.09.24,05:09:44,3.518774194516405,3.5577822427919394,3.4669062992947004,3.53619035885831,100,0,1
2025.09.24,05:10:44,3.5230761576859835,3.570488489115272,3.466855844052814,3.5416072832400043,100,0,1
2025.09.24,05:11:44,3.554422472721652,3.6428373570270827,3.4995989155910547,3.5750885874548897,100,0,1
2025.09.24,05:12:44,3.544411907568552,3.6190418371232838,3.496580223869453,3.6097149762322185,100,0,1
2025.09.24,05:13:44,3.5456873315248902,3.6346099081412757,3.543182743022325,3.5518728085700895,100,0,1
2025.09.24,05:14:44,3.4834705264073738,3.5581831037997445,3.381228221855352,3.389035483076103,100,0,1
2025.09.24,05:15:44,3.581474140917711,3.619816716067698,3.5392128245273002,3.586839684067079,100,0,1
2025.09.24,05:16:44,3.6641914011070544,3.719539901193213,3.610606223109416,3.6602518560713313,100,0,1
2025.09.24,05:17:44,3.66651545713922,3.723859750153314,3.608343895165363,3.6463103212775185,100,0,1
2025.09.24,05:18:44,3.592892305297294,3.660087400790242,3.5359415163799848,3.5819504404175757,100,0,1
2025.09.24,05:19:44,3.5293784492972224,3.544185601757459,3.4317841215338842,3.444075745730108,100,0,1
2025.09.24,05:20:44,3.5033889079500686,3.560935851451006,3.4351492642492816,3.466780031706816,100,0,1
2025.09.24,05:21:44,3.535531358138873,3.5774255481973634,3.458935087390252,3.4649664328839807,100,0,1
2025.09.24,05:22:44,3.5133773672039936,3.5563516713603116,3.466451365037729,3.5196797733950023,100,0,1
2025.09.24,05:23:44,3.4949020743207955,3.5615349955501796,3.4372469938342203,3.5260448387418544,100,0,1
2025.09.24,05:24:44,3.547762213983346,3.6101091290549063,3.458451293198302,3.46331902725292,100,0,1
2025.09.24,05:25:44,3.547557332463081,3.602358236417805,3.4910864077424235,3.5960699364543447,100,0,1
2025.09.24,05:26:44,3.5857132565117262,3.642560765442047,3.5409767810267385,3.577958026321401,100,0,1
2025.09.24,05:27:44,3.60364361811951,3.6092366968070206,3.544599733291029,3.58561791540815,100,0,1
2025.09.24,05:28:44,3.5458770208974073,3.624364536810893,3.507363047962863,3.5886243927742822,100,0,1
2025.09.24,05:29:44,3.462604791075668,3.5354098286371296,3.4124115875242684,3.4277815459039593,100,0,1
2025.09.24,05:30:44,3.4051731949759105,3.4648558235646276,3.39386014396105,3.436169674113359,100,0,1
2025.09.24,05:31:44,3.4297872046981515,3.510021284964755,3.3934337409919992,3.495608928397685,100,0,1
2025.09.24,05:32:44,3.4380901709353444,3.522674301174956,3.3609037241123807,3.453797676164475,100,0,1
2025.09.24,05:33:44,3.423454185974296,3.436181568838319,3.367503675643385,3.4288973646748713,100,0,1
2025.09.24,05:34:44,3.400207224872796,3.4875619749043687,3.362287342683513,3.458550510289585,100,0,1
2025.09.24,05:35:44,3.418826061834908,3.463603435966021,3.3813393667350993,3.382737106259262,100,0,1
2025.09.24,05:36:44,3.332681748378646,3.3852388565261626,3.2726503003123977,3.3344469062549025,100,0,1
2025.09.24,05:37:44,3.2675701139186875,3.26882406240178,3.2255052876460475,3.2592288866635815,100,0,1
2025.09.24,05:38:44,3.386426734789775,3.4289624501940374,3.337331837278039,3.3662222496365257,100,0,1
2025.09.24,05:39:44,3.3408702463818982,3.4080213569374385,3.2757902242718018,3.398276034389745,100,0,1
2025.09.24,05:40:44,3.327069239084428,3.384408141646534,3.2905099790454493,3.3583819287106107,100,0,1
2025.09.24,05:41:44,3.3686282450356906,3.4122560385831604,3.3038418546951314,3.394698490111999,100,0,1
2025.09.24,05:42:44,3.315758171305195,3.3597120028081013,3.270073373591248,3.3190987347836627,100,0,1
2025.09.24,05:43:44,3.3694464429865816,3.442773613577254,3.362905725966059,3.385134370000903,100,0,1
2025.09.24,05:44:44,3.409202589384064,3.4219175493250518,3.364991705267651,3.368399257210789,100,0,1
2025.09.24,05:45:44,3.455248494352926,3.5058504354343536,3.391819204064915,3.401375645509377,100,0,1
2025.09.24,05:46:44,3.3590799102656206,3.3859302554175814,3.310676447530045,3.3757591714054875,100,0,1
2025.09.24,05:47:44,3.349503197966418,3.3901552117085556,3.28190589964135,3.310719558429673,100,0,1
2025.09.24,05:48:44,3.327531676443471,3.364692878835364,3.2843869131815526,3.311242187897029,100,0,1
2025.09.24,05:49:44,3.297210384839171,3.333851515360788,3.208672447411445,3.2710605118135585,100,0,1
2025.09.24,05:50:44,3.3610736053684453,3.443286760411178,3.291246058230701,3.4257373393698924,100,0,1
2025.09.24,05:51:44,3.3943245202904757,3.4186642505846665,3.303592880066827,3.3537477574578602,100,0,1
2025.09.24,05:52:44,3.3696889374790997,3.4162446490618628,3.30812845189714,3.3980840356617574,100,0,1
2025.09.24,05:53:44,3.411777461073573,3.4764254596661237,3.377998262356729,3.4324075166340444,100,0,1
2025.09.24,05:54:44,3.3880519252746364,3.417315680741746,3.3346823157784886,3.3944572397246486,100,0,1
2025.09.24,05:55:44,3.35395203130771,3.41190520822437,3.321896772340862,3.3617201542603476,100,0,1
2025.09.24,05:56:44,3.2708600102126373,3.2928430776462214,3.215653296984767,3.2187831826044673,100,0,1
2025.09.24,05:57:44,3.2491235551917725,3.2867906058342284,3.156211385651517,3.2542369160577946,100,0,1
2025.09.24,05:58:44,3.2788580460319663,3.2893578324340726,3.24154505800507,3.2442384384559184,100,0,1
2025.09.24,05:59:44,3.241989360900513,3.2768039981553176,3.154137446898046,3.274850038453421,100,0,1
2025.09.24,06:00:44,3.2775899916628632,3.3306185847244607,3.192585784508479,3.2154473587812094,100,0,1
2025.09.24,06:01:44,3.266363963313234,3.3192044997902035,3.189942331920344,3.296218914675988,100,0,1
2025.09.24,06:02:44,3.298845544725803,3.35594712176717,3.274329164220828,3.348996985534366,100,0,1
2025.09.24,06:03:44,3.251518477296047,3.303386900869415,3.2081855967971142,3.2765623307402594,100,0,1
2025.09.24,06:04:44,3.184407762611193,3.2529025785838703,3.1228231689098993,3.2510903283750836,100,0,1
2025.09.24,06:05:44,3.164753128096248,3.217455993411827,3.1538760187198123,3.2137925853925293,100,0,1
2025.09.24,06:06:44,3.277706731705566,3.339438166163058,3.231565227327016,3.335269365811024,100,0,1
2025.09.24,06:07:44,3.266059895659871,3.332912420047875,3.214026609280439,3.2320202047366187,100,0,1
2025.09.24,06:08:44,3.253649148174552,3.3027845158808855,3.221705135785523,3.284966354056995,100,0,1
2025.09.24,06:09:44,3.1860606890165473,3.2183142638564552,3.151264482539237,3.1802016954631083,100,0,1
2025.09.24,06:10:44,3.1854780817418282,3.2539780062485657,3.153962326040036,3.1981891387459855,100,0,1
2025.09.24,06:11:44,3.181400102501827,3.2279471749563595,3.145387711679101,3.153777101659294,100,0,1
2025.09.24,06:12:44,3.2347761869173643,3.285783624896973,3.191750020199767,3.2521121098938757,100,0,1
2025.09.24,06:13:44,3.2381281448483756,3.2686172631465853,3.1754280909195454,3.202572736360634,100,0,1
2025.09.24,06:14:44,3.2524487118661645,3.3219342979413358,3.1993133010485795,3.2686298031627867,100,0,1
2025.09.24,06:15:44,3.3767909619843635,3.4091109824025256,3.3683267053270587,3.4083691778653487,100,0,1
2025.09.24,06:16:44,3.322723258596984,3.354863951737714,3.2963601125544453,3.3266594003100964,100,0,1
2025.09.24,06:17:44,3.262475102616778,3.332638364317738,3.203398622120092,3.2238016029903958,100,0,1
2025.09.24,06:18:44,3.239808460158124,3.2407246176953186,3.1939350760317313,3.200083756013514,100,0,1
2025.09.24,06:19:44,3.221259557852924,3.2624388685220156,3.1668160108657784,3.179309670024969,100,0,1
2025.09.24,06:20:44,3.314042850054817,3.3736060608715905,3.2741651555751043,3.304146299279247,100,0,1
2025.09.24,06:21:44,3.2614713482416673,3.3177979060594396,3.2385016530683814,3.2898287339462575,100,0,1
2025.09.24,06:22:44,3.2134467129751103,3.213849017647584,3.15729815052757,3.1790106234511053,100,0,1
2025.09.24,06:23:44,3.1491498217304814,3.199358282820361,3.0944071448217216,3.194556874789825,100,0,1
2025.09.24,06:24:44,3.1133914961530578,3.1501197071746256,3.052318438677167,3.1109964194400184,100,0,1
2025.09.24,06:25:44,3.0431017878576903,3.1102163719274034,3.001829353308413,3.0500804707960962,100,0,1
2025.09.24,06:26:44,3.03130759189138,3.078729511130921,2.9857829151980337,3.0755325707360033,100,0,1
2025.09.24,06:27:44,3.052497509140259,3.0952606762255575,3.0098288833200497,3.070123463928545,100,0,1
2025.09.24,06:28:44,3.0485303449846533,3.132689711339185,3.0111366074311277,3.0920001683742813,100,0,1
2025.09.24,06:29:44,3.0732712855668707,3.1132604440990566,3.038734472458453,3.109567336360376,100,0,1
2025.09.24,06:30:44,3.1134028823535345,3.1595332088264603,3.0853374994706178,3.1461808620112532,100,0,1
2025.09.24,06:31:44,3.132780162235874,3.1511715497071244,3.092035671646938,3.1236105224968718,100,0,1
2025.09.24,06:32:44,3.112909339441293,3.160994160911155,3.0644650630579706,3.088340469970457,100,0,1
2025.09.24,06:33:44,3.0573750141584877,3.086489972020447,3.011568899554278,3.0649138005519543,100,0,1
2025.09.24,06:34:44,3.041555851420469,3.1046971574415805,2.9703212443998988,3.077500904578057,100,0,1
2025.09.24,06:35:44,3.0332544489966966,3.065956328933923,2.990303006971964,3.020563264588774,100,0,1
2025.09.24,06:36:44,3.0572039622407567,3.104426788825774,2.99087332001417,3.0299635730737258,100,0,1
2025.09.24,06:37:44,3.0574477889360896,3.1161970616943413,3.018201339903765,3.069088551267916,100,0,1
2025.09.24,06:38:44,2.986128864151819,3.0727382134829466,2.9469228738207005,2.979654678841859,100,0,1
2025.09.24,06:39:44,2.9939258397555046,3.0408533041128134,2.9356328869650032,2.968672181487921,100,0,1
2025.09.24,06:40:44,2.894555119417425,2.9906545483637315,2.8652399081324167,2.9005380314967644,100,0,1
2025.09.24,06:41:44,3.015369026613684,3.0543133913193454,2.937122303695345,2.945469940171717,100,0,1
2025.09.24,06:42:44,2.9856803132400733,3.041993222456995,2.954168690776373,3.003682288498831,100,0,1
2025.09.24,06:43:44,2.982446919009521,3.0216416796270327,2.936294013872216,2.978421946267736,100,0,1
2025.09.24,06:44:44,3.0502894981882682,3.092720376294741,3.014023622141313,3.049204310795151,100,0,1
2025.09.24,06:45:44,3.0381800933711056,3.0824197714613146,2.94540157740839,3.0403268060466635,100,0,1
2025.09.24,06:46:44,3.028278679708702,3.1105824754835414,2.984563090205408,2.9988720615777784,100,0,1
2025.09.24,06:47:44,3.0532090342485128,3.0937655197729845,3.0099127726824326,3.011903457758404,100,0,1
2025.09.24,06:48:44,3.068752832377392,3.128438785135137,3.025953884127865,3.0685408153684364,100,0,1
2025.09.24,06:49:44,2.9735527333467524,3.008717334076875,2.9002569781423277,2.9276815893432437,100,0,1
2025.09.24,06:50:44,2.885599012857218,2.9480904222397446,2.830847786773314,2.838319626741974,100,0,1
2025.09.24,06:51:44,2.8580671219058105,2.8956828550302935,2.796702090573621,2.8787721177202448,100,0,1
2025.09.24,06:52:44,2.790498863930295,2.8302966685921507,2.738833953956609,2.8090149104892768,100,0,1
2025.09.24,06:53:44,2.7201756662921093,2.763240898621896,2.686342528529286,2.691049904608689,100,0,1
2025.09.24,06:54:44,2.7972861596887935,2.819284964886593,2.7967647377351796,2.7976963912570914,100,0,1
2025.09.24,06:55:44,2.7950326362797724,2.827692468997538,2.7277568615160104,2.7929902845800414,100,0,1
2025.09.24,06:56:44,2.8802588121102577,2.9450797305748226,2.8124920422386723,2.940570996995693,100,0,1
2025.09.24,06:57:44,2.914851618495004,2.977709191837666,2.86011680905855,2.863714883979172,100,0,1
2025.09.24,06:58:44,2.9033762111436245,2.959768490250091,2.866759056110315,2.8919761955187098,100,0,1
2025.09.24,06:59:44,2.8779952158517723,2.957789204249093,2.807616023231926,2.862506774633474,100,0,1
2025.09.24,07:00:44,2.8984266905078844,2.9633990365581946,2.864218654170076,2.8938268828834564,100,0,1
2025.09.24,07:01:44,2.879221545702713,2.9147549382585427,2.8472307634984504,2.8992555205118036,100,0,1
2025.09.24,07:02:44,2.9199240587571285,2.9730580701181473,2.8529288595377813,2.9018815931674187,100,0,1
2025.09.24,07:03:44,2.9004159504209093,2.9310554911345243,2.8418283498120083,2.9044332457161963,100,0,1
2025.09.24,07:04:44,2.921990067635013,2.9717514195263584,2.8877888266212675,2.8975111201670907,100,0,1
2025.09.24,07:05:44,2.902449491726272,2.962007990277651,2.8541472237154646,2.9596477272208355,100,0,1
2025.09.24,07:06:44,2.9099275521259633,2.947667773916014,2.856869893897702,2.8860708980310594,100,0,1
2025.09.24,07:07:44,2.868195535192009,2.932800019090413,2.824399587382768,2.9000855009099573,100,0,1
2025.09.24,07:08:44,2.910988252585088,2.9737233076096374,2.8115619209061706,2.967131024861355,100,0,1
2025.09.24,07:09:44,2.9187511539335063,2.9881654597258356,2.8788896731179663,2.975736860890344,100,0,1
2025.09.24,07:10:44,2.901503504278274,2.958357693968238,2.8742988444518307,2.8753583037320403,100,0,1
2025.09.24,07:11:44,2.8674026773129837,2.904047162694372,2.8648156293031675,2.8984515703754274,100,0,1
2025.09.24,07:12:44,2.81184371722978,2.8731314189953303,2.806185416755973,2.8677663694786775,100,0,1
2025.09.24,07:13:44,2.8202720829618166,2.880248941185669,2.771266029993577,2.816124124493071,100,0,1
2025.09.24,07:14:44,2.7735065210893923,2.819181786058477,2.7210107156566417,2.7856218840542963,100,0,1
2025.09.24,07:15:44,2.8109019960250468,2.838322951207728,2.7720613590688385,2.7978880151710293,100,0,1
2025.09.24,07:16:44,2.823611295871591,2.8428792108617507,2.7745422997229587,2.824997572986832,100,0,1
2025.09.24,07:17:44,2.83666292506993,2.8919219882753118,2.796957024139077,2.859586287119624,100,0,1
2025.09.24,07:18:44,2.856348123087084,2.9202339523998195,2.8118373146459956,2.9186595832187483,100,0,1
2025.09.24,07:19:44,2.804234531580146,2.8781351197050875,2.7621923605925085,2.779793561913139,100,0,1
2025.09.24,07:20:44,2.880712859561527,2.9228281957399758,2.8082970879370754,2.8695949554472495,100,0,1
2025.09.24,07:21:44,2.7940055545625078,2.804021432848541,2.731934265119325,2.7480439169456203,100,0,1
2025.09.24,07:22:44,2.8422119051648425,2.90421691713138,2.7873347318287403,2.891933947873763,100,0,1
2025.09.24,07:23:44,2.854241644915152,2.9192065576479376,2.8224004232867057,2.8766355287137846,100,0,1
2025.09.24,07:24:44,2.7956089122952608,2.825357252485864,2.766515079491542,2.7771625402246403,100,0,1
2025.09.24,07:25:44,2.784221695425314,2.8187893846071512,2.7457795679294703,2.816142652385335,100,0,1
2025.09.24,07:26:44,2.7874851143489345,2.8398799990012282,2.762612328368845,2.7970770607770366,100,0,1
2025.09.24,07:27:44,2.824266412852204,2.8912042813502254,2.739883770847475,2.8114802171243785,100,0,1
2025.09.24,07:28:44,2.797937991694294,2.859366974911565,2.766459790561683,2.8458735724863864,100,0,1
2025.09.24,07:29:44,2.854065047608795,2.923074398765788,2.798299431409542,2.8788878380104834,100,0,1
2025.09.24,07:30:44,2.7982432628885054,2.863206045432048,2.7426404343344526,2.767936648922161,100,0,1
2025.09.24,07:31:44,2.711172686734861,2.744161307576458,2.643474008309614,2.7275028676081767,100,0,1
2025.09.24,07:32:44,2.822370424936667,2.8896300481627915,2.769440273323368,2.8261226483198016,100,0,1
2025.09.24,07:33:44,2.6670129950454076,2.692163350228451,2.6023677328225876,2.6743995478593665,100,0,1
2025.09.24,07:34:44,2.668265541762895,2.706757847971669,2.642726996086163,2.648774891064303,100,0,1
2025.09.24,07:35:44,2.655534869527054,2.7149835524634685,2.605793280273645,2.6191049863296825,100,0,1
2025.09.24,07:36:44,2.700961196337298,2.7331856580596523,2.669357552887956,2.7191861277447216,100,0,1
2025.09.24,07:37:44,2.6629854360779723,2.7050917057646866,2.622793743199503,2.691932575211772,100,0,1
2025.09.24,07:38:44,2.7016372518593985,2.7583388051047644,2.6705452786629644,2.7217899409894537,100,0,1
2025.09.24,07:39:44,2.735796156818318,2.779685717086748,2.6694733816716862,2.7742757356019743,100,0,1
2025.09.24,07:40:44,2.773044419269355,2.809611349090561,2.76942616588442,2.8066133241232745,100,0,1
2025.09.24,07:41:44,2.736355894555652,2.7945310198514006,2.6887898093950175,2.7755871001936088,100,0,1
2025.09.24,07:42:44,2.7953975483538653,2.8484173152697365,2.759703799618725,2.817466682160903,100,0,1
2025.09.24,07:43:44,2.850457635978436,2.8918897298461914,2.8219173946089082,2.8736847370071477,100,0,1
2025.09.24,07:44:44,2.9139109364490863,2.9675337560064454,2.863816927588984,2.9507488368307513,100,0,1
2025.09.24,07:45:44,2.8994578583186295,2.9398051233623526,2.8393123018602138,2.928050197864461,100,0,1
2025.09.24,07:46:44,2.9247485296433373,2.9972357452750926,2.8794036966360497,2.9817387461794707,100,0,1
2025.09.24,07:47:44,2.918565664411848,2.952101958103322,2.9093414569684364,2.930004418571912,100,0,1
2025.09.24,07:48:44,2.9228771343784143,2.962260111980981,2.885872256858132,2.9152763301812232,100,0,1
2025.09.24,07:49:44,2.9388586438634303,2.9823297363315056,2.893377614901356,2.9218712006330367,100,0,1
2025.09.24,07:50:44,2.9280934363635076,2.9837753848149067,2.8656860460217026,2.9171984664276485,100,0,1
2025.09.24,07:51:44,2.8876213815902574,2.9618092328455665,2.840678651513757,2.9456805556822334,100,0,1
2025.09.24,07:52:44,2.8614573724270853,2.9022710314578553,2.804475919751223,2.8359152759076496,100,0,1
2025.09.24,07:53:44,2.745995101701126,2.8051395726364743,2.700901540645762,2.7626959470245267,100,0,1
2025.09.24,07:54:44,2.792044881495592,2.81602057656041,2.7681080807204226,2.803827967202613,100,0,1
2025.09.24,07:55:44,2.7917057924325905,2.8299892289249233,2.7335392048287535,2.7820967064162687,100,0,1
2025.09.24,07:56:44,2.840803623590179,2.8530179629084667,2.771135608979942,2.808424706069301,100,0,1
2025.09.24,07:57:44,2.8133964403618736,2.8736958092405644,2.775366929586904,2.8425549791380837,100,0,1
2025.09.24,07:58:44,2.866626616537119,2.907794944405523,2.821137020180072,2.9050736470736136,100,0,1
2025.09.24,07:59:44,2.8899343819262717,2.9319670868637613,2.850078897102288,2.8511740112571533,100,0,1
2025.09.24,08:00:44,2.920346557479509,2.9812059800249355,2.844840499428924,2.9724645699242798,100,0,1
2025.09.24,08:01:44,2.837846934386767,2.8962146570912664,2.7898871525149533,2.832389607665185,100,0,1
2025.09.24,08:02:44,2.8648188878825778,2.895594546364746,2.8191014969571997,2.891265671526397,100,0,1
2025.09.24,08:03:44,2.9450561977560166,3.019711575262879,2.885262716994091,2.9028732750358763,100,0,1
2025.09.24,08:04:44,2.884376461255659,2.9525670682859064,2.8148803436800653,2.8440294142207323,100,0,1
2025.09.24,08:05:44,2.949541019874876,2.9646307086517893,2.862195485284511,2.9268251558025122,100,0,1
2025.09.24,08:06:44,2.889586331463998,2.93503918202934,2.8836029074614533,2.8931472320606897,100,0,1
2025.09.24,08:07:44,2.8181193277441317,2.896688611792501,2.7871213518783176,2.8414019212258026,100,0,1
2025.09.24,08:08:44,2.8490550722322507,2.9104493532445477,2.783232233210655,2.8829519984101006,100,0,1
2025.09.24,08:09:44,2.777715815107236,2.8016767532110505,2.7431464546062685,2.747439795937331,100,0,1
2025.09.24,08:10:44,2.74226027146337,2.8105936006658414,2.6625280141466905,2.7081907678534503,100,0,1
2025.09.24,08:11:44,2.737166419305819,2.7960832448985573,2.6804240613113826,2.729988109548665,100,0,1
2025.09.24,08:12:44,2.731457564186111,2.802126770958916,2.6653960011464166,2.676049838647682,100,0,1
2025.09.24,08:13:44,2.6960155495107894,2.7719326404442985,2.6485103414101085,2.708492818365268,100,0,1
2025.09.24,08:14:44,2.7713477863186453,2.832384758247797,2.696647067182164,2.7567926249016854,100,0,1
2025.09.24,08:15:44,2.713686505968126,2.746554316431837,2.651402120977552,2.669712718308028,100,0,1
2025.09.24,08:16:44,2.7877085925828493,2.8640811799215355,2.746269198024928,2.836365249919014,100,0,1
2025.09.24,08:17:44,2.7519905211085542,2.7555518207857044,2.7391729041386075,2.7420337256308644,100,0,1
2025.09.24,08:18:44,2.774351786327637,2.796723987897596,2.713787516209088,2.763131347942755,100,0,1
2025.09.24,08:19:44,2.7735745435958568,2.838274278778959,2.7127230471572545,2.7919811132773886,100,0,1
2025.09.24,08:20:44,2.806308182806479,2.8819337116895754,2.743111190994345,2.8474483795382732,100,0,1
2025.09.24,08:21:44,2.75705896950644,2.795438569082537,2.7275351879618244,2.7855713731516785,100,0,1
2025.09.24,08:22:44,2.7653492005481555,2.801430863386617,2.7021319268990673,2.7364414504042074,100,0,1
2025.09.24,08:23:44,2.803556664992753,2.841287653192585,2.792071021079407,2.8022937247856907,100,0,1
2025.09.24,08:24:44,2.751800730524512,2.7823016004107015,2.7256306747213994,2.7486494697599824,100,0,1
2025.09.24,08:25:44,2.7922381423578106,2.831155611668814,2.719328967346853,2.782005316573821,100,0,1
2025.09.24,08:26:44,2.838987425553777,2.917245836398072,2.7746375016606524,2.8345960787486497,100,0,1
2025.09.24,08:27:44,2.8348751135719072,2.898625592629711,2.7735182337476636,2.888782063494423,100,0,1
2025.09.24,08:28:44,2.868190899225581,2.8855174259656993,2.805585186972902,2.8761986757982605,100,0,1
2025.09.24,08:29:44,2.9253694903094267,2.971858087344919,2.9025978148616276,2.968250153884746,100,0,1
2025.09.24,08:30:44,2.9230022354795433,2.969486688679012,2.8727662320471956,2.9569090619528597,100,0,1
2025.09.24,08:31:44,2.98234758583198,3.051792156382047,2.8987369925674127,2.9473070820267853,100,0,1
2025.09.24,08:32:44,2.9813676539571587,3.013006175632786,2.9519508195154707,2.9920506113008427,100,0,1
2025.09.24,08:33:44,2.9543267019523047,3.015012701141926,2.9285169988134214,2.948541475985305,100,0,1
2025.09.24,08:34:44,2.9837370722875742,3.0510133005552476,2.9338193273397843,3.0072539533973726,100,0,1
2025.09.24,08:35:44,2.958500306671664,2.9966366557643793,2.912212700911423,2.9389135302447023,100,0,1
2025.09.24,08:36:44,2.9601831729258694,3.0114373014740456,2.932386761125878,2.9444746742718113,100,0,1
2025.09.24,08:37:44,2.963729335179302,3.039298554612589,2.9260006358599915,3.037550605824278,100,0,1
2025.09.24,08:38:44,2.9840088099027247,3.008885602977066,2.9376658112800182,2.99527352878834,100,0,1
2025.09.24,08:39:44,2.9801330073344188,3.0202305015041295,2.9170444109535127,3.0101842434404853,100,0,1
2025.09.24,08:40:44,3.0029115135668425,3.0443056458278996,2.9492736671224216,2.9838581195968006,100,0,1
2025.09.24,08:41:44,3.0033774596138967,3.0750799290761117,2.95243137743211,2.9526245047090165,100,0,1
2025.09.24,08:42:44,3.0567255076649245,3.1066159803172453,3.0415728453884414,3.048631128265625,100,0,1
2025.09.24,08:43:44,3.0703785693983012,3.1156868924614693,3.0097128616442945,3.101027580400655,100,0,1
2025.09.24,08:44:44,3.0492813403261225,3.083439599747005,3.0093125746090714,3.025733130805402,100,0,1
2025.09.24,08:45:44,3.0554686101452866,3.162819010590197,3.034871273283728,3.0719975531159203,100,0,1
2025.09.24,08:46:44,3.101340411763201,3.1328064623318137,3.024596412250519,3.085413461984713,100,0,1
2025.09.24,08:47:44,3.031332006520461,3.0614552586874804,2.9577396301245544,3.0240547462230953,100,0,1
2025.09.24,08:48:44,3.007128937007403,3.0864088256547317,2.9524687883770553,3.0050821480654726,100,0,1
2025.09.24,08:49:44,3.0889295651240314,3.1641546982087645,3.014318982962356,3.156087369487522,100,0,1
2025.09.24,08:50:44,3.1359104257943136,3.157482547212998,3.0514939123157725,3.052649474035609,100,0,1
2025.09.24,08:51:44,3.137763266535623,3.177763000834646,3.1225177856518864,3.1516624330465977,100,0,1
2025.09.24,08:52:44,3.200049341862508,3.2447998874756627,3.165137325861397,3.1832003308443886,100,0,1
2025.09.24,08:53:44,3.2262825306565257,3.246506186973376,3.198279122587327,3.227683925135401,100,0,1
2025.09.24,08:54:44,3.2186162828247595,3.2635573708694086,3.184184522678555,3.244791741887057,100,0,1
2025.09.24,08:55:44,3.205674513955951,3.225247632787381,3.1369952593250265,3.211506374967608,100,0,1
2025.09.24,08:56:44,3.2471208859577634,3.303408387286821,3.2105821351880905,3.2915092230099057,100,0,1
2025.09.24,08:57:44,3.265502604321801,3.3275162642055682,3.220207593893467,3.2329635733984268,100,0,1
2025.09.24,08:58:44,3.3009271547186474,3.385542466480264,3.2463108575972024,3.3403167959438376,100,0,1
2025.09.24,08:59:44,3.3929260624370494,3.4060319861878097,3.323230818198132,3.333491994180171,100,0,1
2025.09.24,09:00:44,3.42150348802456,3.4861172687245605,3.3753050819650747,3.433586899723087,100,0,1
2025.09.24,09:01:44,3.42392996101647,3.48696825337753,3.3828237324877404,3.4684161412481878,100,0,1
2025.09.24,09:02:44,3.3662475401347525,3.429175988042787,3.3239286422093772,3.341634414674385,100,0,1
2025.09.24,09:03:44,3.4845591572540218,3.5291190368871623,3.40687870919275,3.470861309600035,100,0,1
2025.09.24,09:04:44,3.44549953296755,3.5018280361352665,3.381890399740377,3.477992830863525,100,0,1
2025.09.24,09:05:44,3.417239982752039,3.441495170879638,3.3625210094735927,3.396363916808222,100,0,1
2025.09.24,09:06:44,3.437636083029068,3.4834514215713384,3.4093206074484326,3.420170795005486,100,0,1
2025.09.24,09:07:44,3.460289984909634,3.4982107122166326,3.40814157476801,3.420602188837616,100,0,1
2025.09.24,09:08:44,3.404989179535238,3.4494428419313556,3.3496534099637536,3.3905377158758196,100,0,1
2025.09.24,09:09:44,3.341634768383121,3.3715768813398626,3.312581093083142,3.319192242116274,100,0,1
2025.09.24,09:10:44,3.3631969316917436,3.41638666683727,3.2979600787623196,3.3804330167428085,100,0,1
2025.09.24,09:11:44,3.3714936599523906,3.4002431356101033,3.333353103584997,3.3766779404535123,100,0,1
2025.09.24,09:12:44,3.396037606013904,3.441972270893016,3.328846297104442,3.3789433359280125,100,0,1
2025.09.24,09:13:44,3.3968345055831732,3.462054436683966,3.359197783107751,3.4547165848059467,100,0,1
2025.09.24,09:14:44,3.490864285965827,3.544049333137224,3.4388159865410515,3.5387093761730513,100,0,1
2025.09.24,09:15:44,3.4987711572356237,3.5650656984971314,3.4474165552829223,3.4642453248699043,100,0,1
2025.09.24,09:16:44,3.4883105077518435,3.523232740300294,3.4639313191443755,3.4737836349380133,100,0,1
2025.09.24,09:17:44,3.587721127975605,3.59891656881463,3.5385468445165102,3.5694449689445444,100,0,1
2025.09.24,09:18:44,3.5966100733889754,3.63441184056075,3.528474402556694,3.5558965827258215,100,0,1
2025.09.24,09:19:44,3.65739452842462,3.729418782741721,3.572715483029794,3.6727728726138293,100,0,1
2025.09.24,09:20:44,3.623492825183372,3.6431628221889083,3.5839170036810994,3.6276992869278333,100,0,1
2025.09.24,09:21:44,3.6046004296114287,3.6420381890047238,3.5740734416035966,3.6207046626958426,100,0,1
2025.09.24,09:22:44,3.604930380542462,3.657713615564288,3.54570344873288,3.6023721351388716,100,0,1
2025.09.24,09:23:44,3.649819048809378,3.7150461841619573,3.6310626329112377,3.6865024554921066,100,0,1
2025.09.24,09:24:44,3.6489505625196945,3.6769374047806584,3.6244721978462113,3.63679250747533,100,0,1
2025.09.24,09:25:44,3.6318889709317834,3.6950464637140517,3.5500482064487007,3.586973346820762,100,0,1
2025.09.24,09:26:44,3.685921810820061,3.727307034909034,3.639069240463263,3.71256456596929,100,0,1
2025.09.24,09:27:44,3.518278701525987,3.5423911534518036,3.481109644769581,3.518247325117385,100,0,1
2025.09.24,09:28:44,3.465255631878843,3.5119466171338694,3.4312807094474826,3.4980487397202404,100,0,1
2025.09.24,09:29:44,3.468403064712923,3.5046293049451807,3.412509791096519,3.4428190439895054,100,0,1
2025.09.24,09:30:44,3.4912143572645036,3.5709224248623963,3.4786548591047493,3.4891316338076437,100,0,1
2025.09.24,09:31:44,3.4803890064174916,3.517123421855165,3.4377057896317753,3.479159437786619,100,0,1
2025.09.24,09:32:44,3.421091071774729,3.4910658662952607,3.3608231309067014,3.3718471093737814,100,0,1
2025.09.24,09:33:44,3.3977626058300308,3.412243097654155,3.326840071712929,3.354272689741055,100,0,1
2025.09.24,09:34:44,3.438119881969825,3.477561908390577,3.4252731338980213,3.435605451222282,100,0,1
2025.09.24,09:35:44,3.384668372869306,3.4427660103485698,3.313701128544023,3.3434558257347646,100,0,1
2025.09.24,09:36:44,3.3286353403323123,3.4189703623357715,3.2839989031944876,3.4055563911531195,100,0,1
2025.09.24,09:37:44,3.3208281244201903,3.3674611802441983,3.2358517450193873,3.3170666036613734,100,0,1
2025.09.24,09:38:44,3.242349438263812,3.3242661597956995,3.1561562011048943,3.2905460309277768,100,0,1
2025.09.24,09:39:44,3.1569737355042338,3.2215673156351414,3.1477483261768255,3.1786764541436083,100,0,1
2025.09.24,09:40:44,3.096264955395597,3.1615510787810592,3.0134084084112494,3.1258975046712147,100,0,1
2025.09.24,09:41:44,3.119390953274863,3.201377995938653,3.0435131749866025,3.199189313562787,100,0,1
2025.09.24,09:42:44,3.169782713664759,3.219893555222068,3.117528584873564,3.1520723200953125,100,0,1
2025.09.24,09:43:44,3.1865330967720085,3.263742842645683,3.1111698172793236,3.2476526901927456,100,0,1
2025.09.24,09:44:44,3.2330799356557915,3.2699113455709514,3.2135588941772,3.25716725330184,100,0,1
2025.09.24,09:45:44,3.2227789987886237,3.2968426926090495,3.1919336343701263,3.2573235047362115,100,0,1
2025.09.24,09:46:44,3.2448921566271047,3.300287064631286,3.1764985190492165,3.2421973090530085,100,0,1
2025.09.24,09:47:44,3.267363051418499,3.357924216723042,3.205518197922552,3.3479304211657923,100,0,1
2025.09.24,09:48:44,3.30772802652442,3.3907111331757087,3.2618567937861274,3.2703479313438115,100,0,1
2025.09.24,09:49:44,3.366018416574513,3.426770400693051,3.303554293640332,3.3598869963747897,100,0,1
2025.09.24,09:50:44,3.339776509214393,3.3796454093413075,3.2865853286836013,3.330444415471161,100,0,1
2025.09.24,09:51:44,3.3463263051267296,3.3974472133785594,3.3126051701769916,3.3514075323128014,100,0,1
2025.09.24,09:52:44,3.406818564903207,3.4887759503890687,3.3767234504195134,3.4859794186778315,100,0,1
2025.09.24,09:53:44,3.3918381655498617,3.479442515414782,3.306600175431802,3.4408530188864828,100,0,1
2025.09.24,09:54:44,3.3747605373336227,3.4056621357094263,3.3230625046672433,3.4053955932768196,100,0,1
2025.09.24,09:55:44,3.312278898291576,3.345799406092871,3.244290105877011,3.2679367623569306,100,0,1
2025.09.24,09:56:44,3.2452219896397754,3.3403693620284067,3.1672250366264274,3.245439902976059,100,0,1
2025.09.24,09:57:44,3.2127244322754693,3.2985901597242324,3.1588145415714934,3.2178746300690877,100,0,1
2025.09.24,09:58:44,3.2210837892294353,3.27956065691843,3.156077953121431,3.24159353894414,100,0,1
2025.09.24,09:59:44,3.1573513438137595,3.2070126313677982,3.091723315317607,3.110693870234986,100,0,1
2025.09.24,10:00:44,3.195557074441316,3.2662396097391286,3.10984968041063,3.138713456189482,100,0,1
2025.09.24,10:01:44,3.1529221168422388,3.224226698030079,3.102170739445921,3.2229649045565814,100,0,1
2025.09.24,10:02:44,3.1697536086068645,3.212071931923532,3.1252742020662714,3.1331755049082957,100,0,1
2025.09.24,10:03:44,3.0972415297127096,3.137702027077089,3.0426016940541905,3.0484658782731917,100,0,1
2025.09.24,10:04:44,3.0818973064098905,3.2069657465433608,3.0642738216630865,3.1331065183146305,100,0,1
2025.09.24,10:05:44,3.1591464924388553,3.2193803822925906,3.149012721997215,3.1512312476436826,100,0,1
2025.09.24,10:06:44,3.142273167172852,3.2120023656672005,3.0833514241109525,3.1605824246390726,100,0,1
2025.09.24,10:07:44,3.1035271520238323,3.1727361890937655,3.0715473879099284,3.1029005054905077,100,0,1
2025.09.24,10:08:44,3.0312404936815383,3.089334443421456,2.9618120971778,3.0212925473014,100,0,1
2025.09.24,10:09:44,3.1016290866652745,3.165485257872011,3.0931779523489604,3.148078476542551,100,0,1
2025.09.24,10:10:44,3.1246416369283088,3.187607636058046,3.1051058603037913,3.11262751376196,100,0,1
2025.09.24,10:11:44,3.148348504620587,3.1756603672362607,3.126742090272697,3.1405780148993205,100,0,1
2025.09.24,10:12:44,3.18953703515958,3.242612161118025,3.158904965480946,3.1928423141109707,100,0,1
2025.09.24,10:13:44,3.1160866338348883,3.1536779808168816,3.0894426128675416,3.1288366162256622,100,0,1
2025.09.24,10:14:44,3.0705594943271772,3.1081614840539475,3.020565524824877,3.083167213652312,100,0,1
2025.09.24,10:15:44,3.086858689953405,3.1694510733600607,3.0650290555199784,3.136520257439856,100,0,1
2025.09.24,10:16:44,3.1102800225736016,3.1743842134028157,3.0522002807024706,3.10648012523751,100,0,1
2025.09.24,10:17:44,3.048057396160738,3.062209385829025,2.9935202921486983,3.00950812290044,100,0,1
2025.09.24,10:18:44,2.9849164070487975,2.9957464574252475,2.926880106014292,2.9461897806577255,100,0,1
2025.09.24,10:19:44,2.9961684968364803,3.0622090433299336,2.9660217777019073,3.0175037294630496,100,0,1
2025.09.24,10:20:44,3.0230866910330394,3.047253259841542,2.9531348535790594,3.0371792524415775,100,0,1
2025.09.24,10:21:44,3.045291138714342,3.094767406234735,2.9891920302313446,3.0109649326638803,100,0,1
2025.09.24,10:22:44,2.9925747108223755,3.0629706565450125,2.925019553359214,3.044739104506574,100,0,1
2025.09.24,10:23:44,3.0060270624286773,3.05967640270518,2.9637698362342384,3.058518252925569,100,0,1
2025.09.24,10:24:44,3.0554988834167065,3.095350253844676,2.9941972898143394,3.0448355155496656,100,0,1
2025.09.24,10:25:44,3.08663764810387,3.154244894312067,3.026725351823385,3.1503074950322643,100,0,1
2025.09.24,10:26:44,3.095587196140025,3.1259741665593386,3.051563546761248,3.0837295618525995,100,0,1
2025.09.24,10:27:44,3.1529494936543676,3.2048690914303606,3.1077063921457517,3.2038831145716107,100,0,1
2025.09.24,10:28:44,3.233107787938083,3.279854490857078,3.177475082033198,3.2257164408589936,100,0,1
2025.09.24,10:29:44,3.2502430334567,3.3321961268870433,3.1806799413917073,3.3197090827734606,100,0,1
2025.09.24,10:30:44,3.208980229239116,3.269074510403152,3.1686642890810095,3.1941149221665786,100,0,1
2025.09.24,10:31:44,3.2903695186975703,3.327761126499333,3.2582827309629647,3.2971559151900682,100,0,1
2025.09.24,10:32:44,3.32124336776345,3.4046280388857793,3.291463825007279,3.378383973628808,100,0,1
2025.09.24,10:33:44,3.2743486543663503,3.3225017892917914,3.2516094057818843,3.3162570293665983,100,0,1
2025.09.24,10:34:44,3.31076570556139,3.387822563437171,3.2539708856789495,3.2811282378422444,100,0,1
2025.09.24,10:35:44,3.3404658647140235,3.421298236537201,3.276018341932707,3.3447563728281824,100,0,1
2025.09.24,10:36:44,3.387957090196993,3.427162949558621,3.33349511866419,3.4085077717096777,100,0,1
2025.09.24,10:37:44,3.3649791203778596,3.410387109021961,3.312901038137532,3.3425045246760305,100,0,1
2025.09.24,10:38:44,3.275342836759526,3.3183481444148457,3.2157630802586397,3.234655455136415,100,0,1
2025.09.24,10:39:44,3.35712773215402,3.4196554952105327,3.294067751010469,3.338756161620396,100,0,1
2025.09.24,10:40:44,3.321481252894468,3.343792681776569,3.266655478202319,3.326747822708646,100,0,1
2025.09.24,10:41:44,3.3398182594324264,3.4078808598151595,3.3125472318754423,3.336345298493602,100,0,1
2025.09.24,10:42:44,3.3331140464205102,3.3912307049614308,3.3054902705132565,3.351335784713011,100,0,1
2025.09.24,10:43:44,3.310698100115832,3.346441016185402,3.2609921438739433,3.311420407431468,100,0,1
2025.09.24,10:44:44,3.3193575279328216,3.3884580205269454,3.246083206065623,3.2725063245148096,100,0,1
2025.09.24,10:45:44,3.308347328572992,3.3657306139357366,3.290100167371625,3.358071584294046,100,0,1
2025.09.24,10:46:44,3.2959438300131816,3.3537169327863325,3.254270782110101,3.3220698982678916,100,0,1
2025.09.24,10:47:44,3.3198230243231266,3.371508821519884,3.253117775962675,3.324407333472959,100,0,1
2025.09.24,10:48:44,3.3506844301630143,3.41100864148945,3.32144945246804,3.325032122391084,100,0,1
2025.09.24,10:49:44,3.314259475888847,3.3820495626178046,3.2660791245205902,3.3695182503470753,100,0,1
2025.09.24,10:50:44,3.3913487486903366,3.4479897953026764,3.3668187604709385,3.3947796422690657,100,0,1
2025.09.24,10:51:44,3.3849804524953573,3.4222133991041663,3.334752873831829,3.397740313831359,100,0,1
2025.09.24,10:52:44,3.3750556765040436,3.42340362993805,3.2903206510050524,3.3009828052425654,100,0,1
2025.09.24,10:53:44,3.323568870235388,3.383221909973849,3.291023770474681,3.3090678791774826,100,0,1
2025.09.24,10:54:44,3.365878913487113,3.397945625268251,3.3154199936910835,3.333356517693156,100,0,1
2025.09.24,10:55:44,3.2946266373716684,3.355448523080754,3.257108986856371,3.309299101529027,100,0,1
2025.09.24,10:56:44,3.3157433183440395,3.334602134254604,3.2459017400414214,3.260671587420729,100,0,1
2025.09.24,10:57:44,3.3816819836579035,3.428355008267261,3.3436521002635433,3.4215072752873734,100,0,1
2025.09.24,10:58:44,3.438171790849,3.4485378808981415,3.3713548416276917,3.376637699854131,100,0,1
2025.09.24,10:59:44,3.430346308868264,3.47679692767502,3.4036657276183315,3.4675112001749175,100,0,1
2025.09.24,11:00:44,3.4987729505290996,3.5726222951950324,3.4362069446031187,3.471546597119343,100,0,1
2025.09.24,11:01:44,3.5553639208440937,3.5760440332208896,3.5086717956395357,3.5326351672378635,100,0,1
2025.09.24,11:02:44,3.658393500028071,3.6906824758310983,3.6015037446040115,3.666460021957008,100,0,1
2025.09.24,11:03:44,3.6927453859196113,3.7807303219228685,3.6702897179187457,3.7778432444522045,100,0,1
2025.09.24,11:04:44,3.7377083719744704,3.7826044544097637,3.705280825384247,3.7397907527853826,100,0,1
2025.09.24,11:05:44,3.6920288980307454,3.7608993944079434,3.6384608880423475,3.7246442741639747,100,0,1
2025.09.24,11:06:44,3.6606014841758028,3.7413329258190826,3.590743921864069,3.59456898932221,100,0,1
2025.09.24,11:07:44,3.7146540750882053,3.783921354382649,3.664504250609598,3.708492773220859,100,0,1
2025.09.24,11:08:44,3.6437863646727537,3.7112011763574975,3.6154318123695703,3.6932108625156785,100,0,1
2025.09.24,11:09:44,3.6709412515767434,3.725897904846163,3.6345339768516256,3.715250902559545,100,0,1
2025.09.24,11:10:44,3.6634332601273982,3.6832089357128193,3.6080098738994315,3.671980567867383,100,0,1
2025.09.24,11:11:44,3.697610946611996,3.7761430560179647,3.6620025817549435,3.738048921975515,100,0,1
2025.09.24,11:12:44,3.6523181720739664,3.731455986982649,3.580612391648469,3.6640984545628306,100,0,1
2025.09.24,11:13:44,3.685341321864287,3.741472213426507,3.6157203481956373,3.6692904465255904,100,0,1
2025.09.24,11:14:44,3.669685782276019,3.732564514450022,3.635582071560733,3.6841379100349965,100,0,1
2025.09.24,11:15:44,3.7205871412202627,3.7806501491204942,3.642036069944834,3.674049875424166,100,0,1
2025.09.24,11:16:44,3.672337070572829,3.6807856303409,3.6478574496994813,3.6635931393478938,100,0,1
2025.09.24,11:17:44,3.6957996408153866,3.7456633986596795,3.662196380129832,3.68709044133716,100,0,1
2025.09.24,11:18:44,3.6872730841126176,3.737790213596603,3.620345737960162,3.688447556683598,100,0,1
2025.09.24,11:19:44,3.725792700496682,3.7382858434626587,3.6675118659651798,3.711387867572687,100,0,1
2025.09.24,11:20:44,3.7614431857764528,3.8144748273482962,3.7235518462983053,3.804467117211415,100,0,1
2025.09.24,11:21:44,3.7803322709688474,3.8125837924232235,3.7261491771391015,3.8003915521948888,100,0,1
2025.09.24,11:22:44,3.794893905377434,3.8565879971699077,3.738357725528964,3.794270205527921,100,0,1
2025.09.24,11:23:44,3.8197595943177367,3.8653660270528447,3.7387747590718847,3.7983413748380386,100,0,1
2025.09.24,11:24:44,3.879212858168901,3.9003017627838434,3.858517856360394,3.8902723721938544,100,0,1
2025.09.24,11:25:44,3.811251344046278,3.835489135170035,3.759108900784514,3.8330483004037426,100,0,1
2025.09.24,11:26:44,3.838312921711827,3.8839131482664637,3.791855539070262,3.841634178946898,100,0,1
2025.09.24,11:27:44,3.8866709820689507,3.915410468339404,3.8501326894063475,3.8711908648005426,100,0,1
2025.09.24,11:28:44,3.8890816207743897,3.928830254629105,3.8388199993224714,3.839920579627904,100,0,1
2025.09.24,11:29:44,3.919746338211959,3.9859719842254284,3.91938244714685,3.9498650381444054,100,0,1
2025.09.24,11:30:44,3.9867397999631136,4.067684379588892,3.913532588827649,4.00094763024545,100,0,1
2025.09.24,11:31:44,3.9621307817416773,4.035757633172524,3.903393100872814,3.9310243031857297,100,0,1
2025.09.24,11:32:44,3.9710925661651317,4.048089926061834,3.925512561056605,3.9852544844691424,100,0,1
2025.09.24,11:33:44,3.99918962499309,4.052358117124939,3.9471867916816943,3.9918112319231,100,0,1
2025.09.24,11:34:44,4.016897679755715,4.061986372772013,3.987310062465091,3.997780269834736,100,0,1
2025.09.24,11:35:44,4.017977192256584,4.072034044055652,3.98036552128905,3.9977660499163092,100,0,1
2025.09.24,11:36:44,3.9962514262949407,4.034705180790431,3.966847328863934,3.9689086392303783,100,0,1
2025.09.24,11:37:44,4.00796275122673,4.034345205024481,3.9786035692051187,3.9795864248805755,100,0,1
2025.09.24,11:38:44,3.975774985706126,4.016626257073965,3.9353977215675826,3.9698484915692425,100,0,1
2025.09.24,11:39:44,4.034103649759816,4.050036834784213,3.9751908342489624,4.014595274658277,100,0,1
2025.09.24,11:40:44,4.07116557191269,4.126563226367926,4.0432332805570335,4.065265751634151,100,0,1
2025.09.24,11:41:44,4.0319621401617916,4.066780494259237,4.0063366272712075,4.01538321272409,100,0,1
2025.09.24,11:42:44,3.9547014180795417,3.9637851064790004,3.9081623711781646,3.947847946859729,100,0,1
2025.09.24,11:43:44,3.994726122956019,4.011466341274242,3.9459633845769946,3.984507224470432,100,0,1
2025.09.24,11:44:44,4.087158357157893,4.1327070561221415,4.022612885893054,4.038410995320233,100,0,1
2025.09.24,11:45:44,4.083182301551346,4.131739879243506,4.03938022164684,4.125907427124199,100,0,1
2025.09.24,11:46:44,4.012310958383848,4.065428206653428,3.997872849818782,4.041497125527437,100,0,1
2025.09.24,11:47:44,3.918121295766538,3.958931783209542,3.863741263785876,3.8722675807366107,100,0,1
2025.09.24,11:48:44,3.952979640498165,3.9902800872694373,3.876764900249796,3.989318372487313,100,0,1
2025.09.24,11:49:44,3.8685683331931293,3.8995744248292197,3.790355430855666,3.828951070230217,100,0,1
2025.09.24,11:50:44,3.9113391411928045,3.9655071730812956,3.887012597474272,3.8879902285930585,100,0,1
2025.09.24,11:51:44,3.811125199836647,3.8750935556262145,3.725229563595229,3.8009855176827583,100,0,1
2025.09.24,11:52:44,3.8363493375838145,3.864205968480454,3.778302456795601,3.8450492931405846,100,0,1
2025.09.24,11:53:44,3.8430508427584305,3.9260681419896173,3.7991283298877643,3.863746985727733,100,0,1
2025.09.24,11:54:44,3.8493256280530534,3.877244312337035,3.8063740586684225,3.807695191112551,100,0,1
2025.09.24,11:55:44,3.759048825439261,3.8291979976562924,3.683944980758159,3.8092977988698444,100,0,1
2025.09.24,11:56:44,3.711073360532742,3.7796813329461787,3.6972147970176055,3.732975092921812,100,0,1
2025.09.24,11:57:44,3.7540650378088425,3.7817717818163956,3.694410121645396,3.7541509103591597,100,0,1
2025.09.24,11:58:44,3.7223869008995956,3.787993611455169,3.690735648116489,3.7782934854935006,100,0,1
2025.09.24,11:59:44,3.7442052892661604,3.804580659881946,3.6821722563322474,3.7805862086385043,100,0,1
2025.09.24,12:00:44,3.732600967175209,3.734536336550393,3.6780729154680847,3.7190857434785602,100,0,1
2025.09.24,12:01:44,3.664149284400425,3.66523100794976,3.632483116774187,3.644832813487124,100,0,1
2025.09.24,12:02:44,3.783552447073618,3.825299860123268,3.7373885521000414,3.75685230973934,100,0,1
2025.09.24,12:03:44,3.7585970934108346,3.7747792700182754,3.713629029423972,3.741032913521131,100,0,1
2025.09.24,12:04:44,3.870588724884851,3.9329234259013757,3.836941975421974,3.883933601407621,100,0,1
2025.09.24,12:05:44,3.9292823490197755,4.018245101507657,3.9008049944481424,3.901512351251813,100,0,1
2025.09.24,12:06:44,3.986110383581115,4.046653431368638,3.954483289462509,4.023017110950299,100,0,1
2025.09.24,12:07:44,3.9019095296221145,3.9507931579432722,3.861347417009341,3.8703589922782142,100,0,1
2025.09.24,12:08:44,3.8458366917326097,3.8853112877619003,3.8187804114069634,3.8414242455929517,100,0,1
2025.09.24,12:09:44,3.8759615754196157,3.9183509604622326,3.8032211559805407,3.810654669411233,100,0,1
2025.09.24,12:10:44,3.8169035925581496,3.8671993602245958,3.7659882754426572,3.778848291004984,100,0,1
2025.09.24,12:11:44,3.7881322321822912,3.8120953914479214,3.7245166782696777,3.724827881697139,100,0,1
2025.09.24,12:12:44,3.744524098508213,3.801544486828699,3.7089390250602223,3.7632453045939447,100,0,1
2025.09.24,12:13:44,3.7678564356636537,3.8367528257776597,3.6991299801873776,3.832744499175412,100,0,1
2025.09.24,12:14:44,3.7856845310790255,3.821127921606917,3.7062214508506073,3.73773938510572,100,0,1
2025.09.24,12:15:44,3.7586742300618785,3.7911389624240877,3.6610330283307486,3.6859990570385546,100,0,1
2025.09.24,12:16:44,3.7640670561779004,3.784441773986619,3.707903362567854,3.742388974378542,100,0,1
2025.09.24,12:17:44,3.7659187029871357,3.8190614868274517,3.7251296579738105,3.7507347138093254,100,0,1
2025.09.24,12:18:44,3.7630417933649194,3.8141576425294472,3.717999684375715,3.7952580728782723,100,0,1
2025.09.24,12:19:44,3.7145013420795414,3.772468576593918,3.6399831735623875,3.692831660510667,100,0,1
2025.09.24,12:20:44,3.661558028568989,3.727399819162125,3.595975376821971,3.712651516142825,100,0,1
2025.09.24,12:21:44,3.611432081235229,3.6478662223220626,3.5229400240613833,3.584508841743726,100,0,1
2025.09.24,12:22:44,3.6484538543412417,3.7074417945691636,3.614733629190451,3.6450771818859513,100,0,1
2025.09.24,12:23:44,3.6662468432693474,3.7244689639654496,3.6220045686045594,3.6994495940826324,100,0,1
2025.09.24,12:24:44,3.745036423857651,3.807595777014585,3.7068607168044174,3.7731002008293535,100,0,1
2025.09.24,12:25:44,3.8161439101721175,3.861477077667227,3.7678560018031346,3.827060941060097,100,0,1
2025.09.24,12:26:44,3.7400998361723805,3.7954061811926456,3.693547844158318,3.7825698352030277,100,0,1
2025.09.24,12:27:44,3.799691345506409,3.857170098691079,3.7336571638188794,3.8012404692803714,100,0,1
2025.09.24,12:28:44,3.899104420158468,3.9345995580597477,3.886531213848657,3.9298016445644484,100,0,1
2025.09.24,12:29:44,3.917508236806349,3.9597003832508912,3.8850595426439107,3.9093010012129197,100,0,1
2025.09.24,12:30:44,3.9470303129796998,4.020006565339294,3.901481119381176,3.918186341607648,100,0,1
2025.09.24,12:31:44,3.9604116465720054,4.014417291173994,3.907932679118505,3.942543451409556,100,0,1
2025.09.24,12:32:44,4.039922228952157,4.113171141612602,3.9909566004232846,4.047573810813588,100,0,1
2025.09.24,12:33:44,4.080676679522436,4.130725429780257,4.056546179702405,4.074256191242243,100,0,1
2025.09.24,12:34:44,4.118751507507764,4.171687980060853,4.085050860853143,4.135240738855345,100,0,1
2025.09.24,12:35:44,4.084136039970621,4.174613116720939,4.0120132806090565,4.052507750634293,100,0,1
2025.09.24,12:36:44,4.1289579550417885,4.176787286742439,4.074274472821615,4.168128608874723,100,0,1
2025.09.24,12:37:44,4.118395654283049,4.178049706411012,4.08231911102823,4.175348374370525,100,0,1
2025.09.24,12:38:44,4.179762772881966,4.239008607810091,4.145127106872881,4.210471209173373,100,0,1
2025.09.24,12:39:44,4.161917089693496,4.232185978334862,4.10732334779909,4.207617165269073,100,0,1
2025.09.24,12:40:44,4.167667127012422,4.18626400290695,4.1133256315530655,4.118055675475772,100,0,1
2025.09.24,12:41:44,4.056016170884506,4.109799642145569,4.0366856181135855,4.040305676284596,100,0,1
2025.09.24,12:42:44,4.052203103042029,4.099682052264249,3.9788390947242487,4.0471288299347945,100,0,1
2025.09.24,12:43:44,4.020209005615803,4.0967340131016305,3.982961947342574,4.01994060276051,100,0,1
2025.09.24,12:44:44,4.006275367419187,4.063006529652371,3.934942884974393,3.972835307367029,100,0,1
2025.09.24,12:45:44,3.9627202944892024,4.024489570298534,3.933725727218906,3.992524099788758,100,0,1
2025.09.24,12:46:44,3.935713722002323,3.967279983745388,3.883226200047561,3.9574506969425625,100,0,1
2025.09.24,12:47:44,3.9906974178779167,4.06090894659571,3.9636851656706504,3.9806922741110338,100,0,1
2025.09.24,12:48:44,3.9571569836849703,4.052552570600129,3.8942849720003543,3.9049778676951696,100,0,1
2025.09.24,12:49:44,3.925214623464694,3.987703552074811,3.878846396301367,3.9838100665187337,100,0,1
2025.09.24,12:50:44,3.909724116355458,3.9589027907716154,3.836846374716549,3.9316639231527932,100,0,1
2025.09.24,12:51:44,3.8916028801120466,3.922641235778217,3.8570076550155195,3.90794729735049,100,0,1
2025.09.24,12:52:44,3.9373072649761207,3.9740158360831868,3.915160104937189,3.9200552799175137,100,0,1
2025.09.24,12:53:44,3.927405971607497,3.9525491596644278,3.8904677104243577,3.891153193825213,100,0,1
2025.09.24,12:54:44,3.9666824522021624,4.008253722553845,3.9461800035030823,3.9535869559880843,100,0,1
2025.09.24,12:55:44,3.987576108920848,4.038416119357901,3.940254970647175,3.9636722114308847,100,0,1
2025.09.24,12:56:44,3.8603187307318505,3.931959071719687,3.790783364949416,3.876415485695862,100,0,1
2025.09.24,12:57:44,3.81443785838202,3.868060393563696,3.7461223716156624,3.753504882679232,100,0,1
2025.09.24,12:58:44,3.8525902503827902,3.9260196691573706,3.7652587900036343,3.9039124264255736,100,0,1
2025.09.24,12:59:44,3.8013773560695503,3.8661788293947503,3.7621425345725883,3.836785331025247,100,0,1
2025.09.24,13:00:44,3.8233187781557096,3.8762376086497135,3.7449096167692986,3.8409367077497096,100,0,1
2025.09.24,13:01:44,3.799281542379826,3.84880096790942,3.7641737455283293,3.83257630813149,100,0,1
2025.09.24,13:02:44,3.819794141339293,3.8411915423703227,3.778541247999068,3.7835550758480783,100,0,1
2025.09.24,13:03:44,3.827390843916846,3.893210944079376,3.824431797706056,3.8912092426171068,100,0,1
2025.09.24,13:04:44,3.7714367343404818,3.8257649545150567,3.748121424688334,3.782652596240146,100,0,1
2025.09.24,13:05:44,3.7638318022845048,3.8090687600664563,3.697901935686087,3.8081168244842796,100,0,1
2025.09.24,13:06:44,3.7367793237061067,3.761354150470113,3.7004415220398528,3.7494811297576756,100,0,1
2025.09.24,13:07:44,3.748778612269792,3.7954783752984316,3.725430222217348,3.778654662459913,100,0,1
2025.09.24,13:08:44,3.697960303035152,3.7543166778927546,3.6779218766021153,3.725749391758108,100,0,1
2025.09.24,13:09:44,3.6641371518989,3.7098122853924966,3.6018293551746785,3.669340693098577,100,0,1
2025.09.24,13:10:44,3.647402297962377,3.6879912560808226,3.5892283287173137,3.6874025652767894,100,0,1
2025.09.24,13:11:44,3.681061857716438,3.7485986805735108,3.66020426183867,3.7456767012360483,100,0,1
2025.09.24,13:12:44,3.718030464861751,3.7840548880035185,3.6943110748469787,3.7144449773703814,100,0,1
2025.09.24,13:13:44,3.772396079848231,3.824949471486757,3.754964943914434,3.7822500722496755,100,0,1
2025.09.24,13:14:44,3.7455571204883475,3.793848495953842,3.6818725145492524,3.7037512606067025,100,0,1
2025.09.24,13:15:44,3.768666870185253,3.837569610855445,3.7400935370295483,3.760596604806253,100,0,1
2025.09.24,13:16:44,3.8027261931695997,3.88313614288687,3.7454571777569243,3.777161218083826,100,0,1
2025.09.24,13:17:44,3.758367914630597,3.8119646478237375,3.693052094224513,3.7160266541025475,100,0,1
2025.09.24,13:18:44,3.6955480717556966,3.7724390437499387,3.6367358791030453,3.747035309719858,100,0,1
2025.09.24,13:19:44,3.714797014410757,3.7760888352339954,3.6764911022292726,3.71563207846927,100,0,1
2025.09.24,13:20:44,3.6760187136929856,3.7383197877674355,3.619928758889154,3.6817444576466536,100,0,1
2025.09.24,13:21:44,3.6736145338403197,3.741244846284821,3.611480534076668,3.6889731532167307,100,0,1
2025.09.24,13:22:44,3.6385114780071044,3.6860665719859718,3.5862364095057324,3.621442045263738,100,0,1
2025.09.24,13:23:44,3.673852727568455,3.6951814156556204,3.6022612739452984,3.677971336511816,100,0,1
2025.09.24,13:24:44,3.689089305507202,3.752648367870941,3.617883084749913,3.6512303579557526,100,0,1
2025.09.24,13:25:44,3.632364638813076,3.6838887003329797,3.5846562124272983,3.664928108465534,100,0,1
2025.09.24,13:26:44,3.544691832842664,3.5689776211112485,3.46379527558004,3.522834559054878,100,0,1
2025.09.24,13:27:44,3.580663191599915,3.609682389895729,3.5571956568737675,3.607296073510052,100,0,1
2025.09.24,13:28:44,3.5945674655481494,3.6331405615890193,3.564132243146192,3.585575703591049,100,0,1
2025.09.24,13:29:44,3.5703032025226022,3.6154547932699597,3.542424509659876,3.566180898843395,100,0,1
2025.09.24,13:30:44,3.612282762358622,3.6332361042577266,3.581454532839451,3.6058594920855063,100,0,1
2025.09.24,13:31:44,3.712061134441233,3.763360644081303,3.62592812244381,3.708638441993267,100,0,1
2025.09.24,13:32:44,3.689129355303388,3.7438381691880127,3.610488091751865,3.6200948719023303,100,0,1
2025.09.24,13:33:44,3.670813474031966,3.7135635154520297,3.644371569619972,3.677690505696998,100,0,1
2025.09.24,13:34:44,3.6892121549808286,3.698946467803048,3.6255959100709547,3.673108414554163,100,0,1
2025.09.24,13:35:44,3.7180731269059373,3.7557354314807356,3.6469831578167486,3.6834913558752773,100,0,1
2025.09.24,13:36:44,3.694610863234568,3.749070513524935,3.641730477571857,3.719517378040967,100,0,1
2025.09.24,13:37:44,3.7496337220351954,3.8081080790476856,3.6491902768338584,3.79275842902045,100,0,1
2025.09.24,13:38:44,3.7256651169093273,3.806450495907293,3.6919229498060755,3.769802710995322,100,0,1
2025.09.24,13:39:44,3.7271035565000092,3.7584819831928487,3.6714334449685535,3.717228938505243,100,0,1
2025.09.24,13:40:44,3.726867321930782,3.768147772445002,3.676752440655699,3.7154076114637014,100,0,1
2025.09.24,13:41:44,3.7530131792039523,3.7894581189723753,3.7260573035954607,3.736694023882985,100,0,1
2025.09.24,13:42:44,3.715192768607899,3.7421250159133916,3.6968221315191956,3.7138496284284925,100,0,1
2025.09.24,13:43:44,3.729227962364334,3.770512505422988,3.6512047138780828,3.6967718371540164,100,0,1
2025.09.24,13:44:44,3.740936252384261,3.7770106592174835,3.7062246109744468,3.7499947028124736,100,0,1
2025.09.24,13:45:44,3.762234954780561,3.7936909472971343,3.7029617809319397,3.793604934025907,100,0,1
2025.09.24,13:46:44,3.797044073598176,3.8354238885419756,3.765906487256353,3.818640988087769,100,0,1
2025.09.24,13:47:44,3.799453783556879,3.859762666820591,3.754508534406997,3.7560484005698065,100,0,1
2025.09.24,13:48:44,3.8181647089933333,3.855307277092182,3.771461011655663,3.8064932263529356,100,0,1
2025.09.24,13:49:44,3.802074843730559,3.8624786761631813,3.732915936085854,3.8507689523564372,100,0,1
2025.09.24,13:50:44,3.7852990764953165,3.8483731404980475,3.723606359379581,3.8093300035452824,100,0,1
2025.09.24,13:51:44,3.7528441146394624,3.787392740410981,3.658469921110044,3.7871550788553408,100,0,1
2025.09.24,13:52:44,3.78910075856989,3.8245421115133142,3.729123517960766,3.809710013613751,100,0,1
2025.09.24,13:53:44,3.848061729305305,3.909555818901111,3.815143313333063,3.859064006930312,100,0,1
2025.09.24,13:54:44,3.8253858149098416,3.866956104706264,3.778020674832999,3.832321510854231,100,0,1
2025.09.24,13:55:44,3.8385315450971316,3.8844209087568133,3.83453181308325,3.8803819967102227,100,0,1
2025.09.24,13:56:44,3.85084313039183,3.882041058926053,3.7942039257838505,3.8769351028256227,100,0,1
2025.09.24,13:57:44,3.8715675977403543,3.905847053870148,3.8308262675268048,3.8404761070931386,100,0,1
2025.09.24,13:58:44,3.855934112485554,3.8607715435628425,3.818814002904702,3.8479071240170106,100,0,1
2025.09.24,13:59:44,3.840896385120287,3.8919119109037976,3.8332450918863725,3.8370096595166006,100,0,1
2025.09.24,14:00:44,3.8010119691521123,3.8230874800705688,3.729509773996657,3.7725824434761392,100,0,1
2025.09.24,14:01:44,3.810870107087051,3.837517711277835,3.755148171748285,3.80838901574428,100,0,1
2025.09.24,14:02:44,3.7787420563211422,3.828211635138816,3.714255863700494,3.74784015059392,100,0,1
2025.09.24,14:03:44,3.752188585948413,3.824766943383295,3.6904250480862952,3.6914285706231804,100,0,1
2025.09.24,14:04:44,3.7013966028976415,3.7286688276017697,3.659760897401381,3.725967992812184,100,0,1
2025.09.24,14:05:44,3.7011475394391686,3.752395888598645,3.659513348132235,3.7266815601099985,100,0,1
2025.09.24,14:06:44,3.636541840807889,3.7016588083848214,3.5699837607550524,3.578904519022819,100,0,1
2025.09.24,14:07:44,3.625102480914148,3.6806413850793396,3.565180259294786,3.597101068966407,100,0,1
2025.09.24,14:08:44,3.7192318882178963,3.7768972298957033,3.635851196259578,3.7761696371848825,100,0,1
2025.09.24,14:09:44,3.722011465160071,3.758574884011745,3.705270980326409,3.7525524281051585,100,0,1
2025.09.24,14:10:44,3.7329097694010214,3.7723296423432098,3.71984555680916,3.7682516941551896,100,0,1
2025.09.24,14:11:44,3.820471513191325,3.852184530452322,3.7492947590101795,3.749465489103924,100,0,1
2025.09.24,14:12:44,3.8310623904027974,3.8654298431721332,3.806195825006101,3.8131182424043906,100,0,1
2025.09.24,14:13:44,3.8466036471135694,3.9181465667989057,3.7865492412859183,3.8411022802959334,100,0,1
2025.09.24,14:14:44,3.7860544347029745,3.843004408413146,3.748726186418287,3.750336612721072,100,0,1
2025.09.24,14:15:44,3.758825793800651,3.8410559474414008,3.703946251803429,3.7336230318239734,100,0,1
2025.09.24,14:16:44,3.7294983358562286,3.812031533416432,3.707167661259185,3.71493351705907,100,0,1
2025.09.24,14:17:44,3.7089959776857415,3.7756835458882936,3.658231653663811,3.75365044057208,100,0,1
2025.09.24,14:18:44,3.6484162080520535,3.6778740650167068,3.575809445978562,3.596765951905182,100,0,1
2025.09.24,14:19:44,3.6376447492224537,3.7121180002907113,3.567393749380379,3.6646036996866074,100,0,1
2025.09.24,14:20:44,3.557612719401564,3.606509726722711,3.5104479920687357,3.6038441297470065,100,0,1
2025.09.24,14:21:44,3.4702319983832255,3.4993195638144896,3.4461035231510575,3.4691709723916033,100,0,1
2025.09.24,14:22:44,3.4668519253072865,3.4943336554648665,3.405541042043922,3.45970843807974,100,0,1
2025.09.24,14:23:44,3.508994040042559,3.596340240277172,3.487495082959319,3.5169723461067006,100,0,1
2025.09.24,14:24:44,3.485067259703856,3.565448706063937,3.4156594615587803,3.4361318463092454,100,0,1
2025.09.24,14:25:44,3.4105940732396847,3.4730857239607986,3.352573847241889,3.3615691886159245,100,0,1
2025.09.24,14:26:44,3.4128991659443995,3.479631360622065,3.389517390993228,3.4692190788087673,100,0,1
2025.09.24,14:27:44,3.3807674308815847,3.419585034735935,3.3355249152019044,3.3767106735769046,100,0,1
2025.09.24,14:28:44,3.416499659894744,3.4647772088491977,3.3475941392022697,3.452434671394083,100,0,1
2025.09.24,14:29:44,3.3840145428539987,3.4300323638832464,3.3658224119459956,3.3942701326973963,100,0,1
2025.09.24,14:30:44,3.3686847904178725,3.4069778747953983,3.3128173328330397,3.401299143036901,100,0,1
2025.09.24,14:31:44,3.395862539732762,3.4635486005354275,3.3689349395206487,3.446865463912138,100,0,1
2025.09.24,14:32:44,3.403712040089589,3.476709954898973,3.327912194775809,3.463353008487382,100,0,1
2025.09.24,14:33:44,3.4684668799848977,3.4913390529818416,3.3981502909217105,3.447856174601653,100,0,1
2025.09.24,14:34:44,3.461137510215334,3.519736685857134,3.4383365668284798,3.5161634268493502,100,0,1
2025.09.24,14:35:44,3.522470091393408,3.603639308196956,3.4714884958015415,3.551403025516668,100,0,1
2025.09.24,14:36:44,3.531376890540666,3.574110757575251,3.4734906750806647,3.4990417381409498,100,0,1
2025.09.24,14:37:44,3.587767119236053,3.6348346397967433,3.5418778705320833,3.608993006994277,100,0,1
2025.09.24,14:38:44,3.561500672601138,3.6174504794145963,3.5068321225844947,3.5398875305226443,100,0,1
2025.09.24,14:39:44,3.600473430926291,3.622374904204987,3.5722003550666654,3.6025274404342857,100,0,1
2025.09.24,14:40:44,3.5823736130760544,3.622419792967016,3.5314845433628284,3.609455805462714,100,0,1
2025.09.24,14:41:44,3.5324001414163733,3.5578296646663845,3.510622663251549,3.551871184962776,100,0,1
2025.09.24,14:42:44,3.5095276542028646,3.5525872497973334,3.4403546659551374,3.4704488771915094,100,0,1
2025.09.24,14:43:44,3.5344470198088276,3.57814258828852,3.456559243195528,3.4767410834550407,100,0,1
2025.09.24,14:44:44,3.55121812821334,3.5911845788152865,3.510673341744713,3.5891070822351954,100,0,1
2025.09.24,14:45:44,3.5852056649228046,3.6133291527544733,3.5543850421184318,3.5570126878440806,100,0,1
2025.09.24,14:46:44,3.614799724982831,3.651804632127646,3.5810084050687325,3.599024993967328,100,0,1
2025.09.24,14:47:44,3.667949270518658,3.7263338882739876,3.6119876708247096,3.6747087184889433,100,0,1
2025.09.24,14:48:44,3.672966692812204,3.758540297899787,3.6298844355569893,3.639157521651894,100,0,1
2025.09.24,14:49:44,3.587779388686349,3.64547224989926,3.5794133121364804,3.6385074329440603,100,0,1
2025.09.24,14:50:44,3.601312803493799,3.613618897836728,3.5326300059700957,3.5483673572760033,100,0,1
2025.09.24,14:51:44,3.5412663846507466,3.60716298923974,3.49103129965537,3.550547095266131,100,0,1
2025.09.24,14:52:44,3.568401596722144,3.6321388336068745,3.534689191717055,3.6091058387189667,100,0,1
2025.09.24,14:53:44,3.5425048473439413,3.6118941033357714,3.460926822481503,3.4746278454817197,100,0,1
2025.09.24,14:54:44,3.5736937418466157,3.612794982792528,3.5373728419151975,3.6052174536882236,100,0,1
2025.09.24,14:55:44,3.5299357516575585,3.6009578024944715,3.527610779120022,3.558017598866787,100,0,1
2025.09.24,14:56:44,3.489757385087606,3.5435205596391923,3.478648113012282,3.499665248206797,100,0,1
2025.09.24,14:57:44,3.5138614707033047,3.5887062068666093,3.448334885447502,3.448503365519217,100,0,1
2025.09.24,14:58:44,3.5247238812795434,3.5772922315241393,3.4674289128944213,3.558637262707082,100,0,1
2025.09.24,14:59:44,3.5020184630108195,3.543312596727057,3.45303599494589,3.537651929290365,100,0,1
2025.09.24,15:00:44,3.553738095388989,3.6173982818605737,3.519561503995783,3.5821075780467755,100,0,1
2025.09.24,15:01:44,3.579914579686776,3.6323365604974422,3.538768811087493,3.631157880713699,100,0,1
2025.09.24,15:02:44,3.552983048727122,3.5907396427177254,3.5054739010071962,3.557167975777505,100,0,1
2025.09.24,15:03:44,3.5479417151621577,3.624463601001676,3.4780006429013945,3.5315592978140176,100,0,1
2025.09.24,15:04:44,3.5393926465429772,3.570747720648063,3.5068945872633073,3.510437801142453,100,0,1
2025.09.24,15:05:44,3.4795323737965727,3.541328546791594,3.42493704633231,3.4599267387491257,100,0,1
2025.09.24,15:06:44,3.4332198462652554,3.465954562365868,3.391829073409485,3.445538310310337,100,0,1
2025.09.24,15:07:44,3.419308821687217,3.4674036174380403,3.3657298404142226,3.425753590868789,100,0,1
2025.09.24,15:08:44,3.432351678745526,3.4736259447926456,3.4009676494126273,3.461254056950909,100,0,1
2025.09.24,15:09:44,3.3857128511798344,3.3948878592953307,3.298757171756491,3.3520558435856422,100,0,1
2025.09.24,15:10:44,3.3768923953549344,3.3987984626370786,3.35865813656404,3.3621975048350325,100,0,1
2025.09.24,15:11:44,3.3858408528427635,3.4211732634600382,3.3331845383392458,3.4097157791908117,100,0,1
2025.09.24,15:12:44,3.3704868672263912,3.39989122108138,3.323113071882329,3.3321621963178605,100,0,1
2025.09.24,15:13:44,3.311859419346466,3.355295203581853,3.2506812817241926,3.3440605162171,100,0,1
2025.09.24,15:14:44,3.273114035294307,3.3157904061648997,3.2446235236597487,3.2886296879860932,100,0,1
2025.09.24,15:15:44,3.2676174813244976,3.2937340027657602,3.2348090585176297,3.28048650289118,100,0,1
2025.09.24,15:16:44,3.278751168632786,3.3421829962771157,3.248882981902184,3.3168290247688192,100,0,1
2025.09.24,15:17:44,3.270735960751963,3.2940459984284756,3.220115348145092,3.2515654579985034,100,0,1
2025.09.24,15:18:44,3.2920867072621993,3.341594877744819,3.201776399063192,3.296827635621596,100,0,1
2025.09.24,15:19:44,3.3489502630230437,3.3838003864707713,3.3423914010911315,3.351382052488857,100,0,1
2025.09.24,15:20:44,3.3498781690454877,3.351591078659933,3.284525974026709,3.3487735646855956,100,0,1
2025.09.24,15:21:44,3.2778393062309026,3.334285302110187,3.1651889703125895,3.187131466120213,100,0,1
2025.09.24,15:22:44,3.274693173663533,3.300741980684629,3.204401412383205,3.272569927927479,100,0,1
2025.09.24,15:23:44,3.3521025355621124,3.4013977385081917,3.3013357567862704,3.3434247717556795,100,0,1
2025.09.24,15:24:44,3.3428399934326305,3.3827813934804345,3.265697937471129,3.322116491626478,100,0,1
2025.09.24,15:25:44,3.3338736927181145,3.362531235214633,3.2915541554430154,3.3124320795673388,100,0,1
2025.09.24,15:26:44,3.3062270432998377,3.3439516810592926,3.2745680164755475,3.2805217149847725,100,0,1
2025.09.24,15:27:44,3.306691786451349,3.378245718365598,3.2662802451097246,3.3543010103156314,100,0,1
2025.09.24,15:28:44,3.2595094326137475,3.3425443070726932,3.193729716001604,3.2929332994126406,100,0,1
2025.09.24,15:29:44,3.2558203492697078,3.3161095195283723,3.1572831831445303,3.211921519344675,100,0,1
2025.09.24,15:30:44,3.2415718374925855,3.2918448071766675,3.1949295919429925,3.202515081165584,100,0,1
2025.09.24,15:31:44,3.305760366472572,3.3518474571754213,3.2087481906365882,3.2609041341021183,100,0,1
2025.09.24,15:32:44,3.314765379585096,3.3707161220366637,3.2732116965117988,3.356284648452793,100,0,1
2025.09.24,15:33:44,3.3399224900376794,3.391879237202838,3.276824177321003,3.2975872961873067,100,0,1
2025.09.24,15:34:44,3.3688335532292304,3.445476429780673,3.333487816572793,3.3752598297757346,100,0,1
2025.09.24,15:35:44,3.3791919011723888,3.4620625538253904,3.336913388748877,3.438881425555738,100,0,1
2025.09.24,15:36:44,3.3912639327846623,3.4257940221655936,3.3100041737206953,3.310765807989654,100,0,1
2025.09.24,15:37:44,3.3445156652043395,3.394325044019036,3.294497085288241,3.316748336660169,100,0,1
2025.09.24,15:38:44,3.2740267798065092,3.3269412218617584,3.2003890744565076,3.268409984945394,100,0,1
2025.09.24,15:39:44,3.2775521118433955,3.3480667183457173,3.237895992190063,3.2611703583425884,100,0,1
2025.09.24,15:40:44,3.3133872761224956,3.382036151105392,3.2807895262839963,3.2827482652981526,100,0,1
2025.09.24,15:41:44,3.315561033336094,3.365979635738822,3.2686396090578995,3.295124375608998,100,0,1
2025.09.24,15:42:44,3.280614688559696,3.2964564033997243,3.2790354707374703,3.280486803515875,100,0,1
2025.09.24,15:43:44,3.4205528184426255,3.463012298594703,3.374648532272402,3.397510842691412,100,0,1
2025.09.24,15:44:44,3.309865965863651,3.3623203105892046,3.252179107891546,3.3287613631218234,100,0,1
2025.09.24,15:45:44,3.33495882279157,3.3591802110514224,3.2838871037710597,3.341783984721897,100,0,1
2025.09.24,15:46:44,3.376183321124279,3.4527686277015017,3.330706815795273,3.33295929385748,100,0,1
2025.09.24,15:47:44,3.3162821789442685,3.3614842802901883,3.269982209174729,3.2882779985209276,100,0,1
2025.09.24,15:48:44,3.3457073733799167,3.3765135674027547,3.272267160703301,3.302558470648092,100,0,1
2025.09.24,15:49:44,3.3627954472386934,3.3938665528544227,3.326677298865787,3.355693844755837,100,0,1
2025.09.24,15:50:44,3.345039213291298,3.361046454029444,3.321800805149007,3.335253285998835,100,0,1
2025.09.24,15:51:44,3.469872943147648,3.4995258431217615,3.44608895085778,3.4832100739733174,100,0,1
2025.09.24,15:52:44,3.4805524633991016,3.5219035524124496,3.464870325224538,3.5135993419977303,100,0,1
2025.09.24,15:53:44,3.4387317657497194,3.5105368584125016,3.372781274653687,3.4574611935121866,100,0,1
2025.09.24,15:54:44,3.3552924001808417,3.3720051937624214,3.30401435972873,3.3609979453231937,100,0,1
2025.09.24,15:55:44,3.4730725158665208,3.5413357035364537,3.394937200971489,3.4447960788236953,100,0,1
2025.09.24,15:56:44,3.469614023598494,3.523124761729811,3.4336102220340186,3.4861344002067076,100,0,1
2025.09.24,15:57:44,3.5123647190533736,3.576408505035768,3.4401331549281515,3.467035307153095,100,0,1
2025.09.24,15:58:44,3.5235177838171547,3.5704409128732335,3.486125254691713,3.5658831648811695,100,0,1
2025.09.24,15:59:44,3.5020779119545313,3.56025818616683,3.4236412616021883,3.500197476052021,100,0,1
2025.09.24,16:00:44,3.461858515731401,3.5170726812087993,3.4237725340267167,3.5050656790247374,100,0,1
2025.09.24,16:01:44,3.5106186390758434,3.589477941581261,3.4528566397562352,3.5628244272983958,100,0,1
2025.09.24,16:02:44,3.5199628663369404,3.5238330799357596,3.475899613203136,3.5098683984030687,100,0,1
2025.09.24,16:03:44,3.5207043153313053,3.6128155257257326,3.467353570343638,3.51215845026382,100,0,1
2025.09.24,16:04:44,3.483315907533294,3.5794518463204796,3.4063920737551068,3.4822066092714232,100,0,1
2025.09.24,16:05:44,3.4807370834710296,3.5494449071614573,3.4267549104506676,3.5301899209039043,100,0,1
2025.09.24,16:06:44,3.5566316773903113,3.6090594740371684,3.500589456832425,3.5813219085881625,100,0,1
2025.09.24,16:07:44,3.4982101475767857,3.56859910085116,3.456036049109562,3.524453964051524,100,0,1
2025.09.24,16:08:44,3.5684316831954224,3.603917133857988,3.5270551171009092,3.561426994956464,100,0,1
2025.09.24,16:09:44,3.6601025899497976,3.7040856128641675,3.6100306223375784,3.649379394149187,100,0,1
2025.09.24,16:10:44,3.661518507593035,3.694229806315153,3.6130940480244615,3.667032311271951,100,0,1
2025.09.24,16:11:44,3.6687596191946406,3.766614938436251,3.5982395384100183,3.728974688536865,100,0,1
2025.09.24,16:12:44,3.7055081914608152,3.75442088878148,3.7053663693743633,3.7119655986912306,100,0,1
2025.09.24,16:13:44,3.7709113307930284,3.7881777687607956,3.7281542393022264,3.7652660413057917,100,0,1
2025.09.24,16:14:44,3.7306173921087282,3.7613768347665304,3.708321835396575,3.7495309391635403,100,0,1
2025.09.24,16:15:44,3.768161457949331,3.810563486087983,3.730981490988508,3.7705194310360843,100,0,1
2025.09.24,16:16:44,3.8182417091059655,3.9031741039174097,3.7676591646139266,3.8866359590237485,100,0,1
2025.09.24,16:17:44,3.84619520950924,3.870712128255435,3.802211552189367,3.8535796323719076,100,0,1
2025.09.24,16:18:44,3.863419516458528,3.89799153558422,3.8079220236740174,3.897975645558467,100,0,1
2025.09.24,16:19:44,3.832129883075928,3.890736265228632,3.8161002337951615,3.853284437344223,100,0,1
2025.09.24,16:20:44,3.8787882645076555,3.90284652120143,3.826087472296523,3.886830728594711,100,0,1
2025.09.24,16:21:44,3.913454585759751,3.974328036945598,3.8829744536546333,3.9507277970335353,100,0,1
2025.09.24,16:22:44,4.030739611236441,4.096201894543353,3.960379568453847,3.9775016140787396,100,0,1
2025.09.24,16:23:44,4.070705102343761,4.129690189204361,4.025456742241554,4.060331384704124,100,0,1
2025.09.24,16:24:44,4.111199628037287,4.169975166425136,4.059745492814753,4.100439304457413,100,0,1
2025.09.24,16:25:44,4.142490906582992,4.16734274695103,4.11206078397318,4.122524781024801,100,0,1
2025.09.24,16:26:44,4.253928389904187,4.28427246515296,4.189892180472549,4.256909128097457,100,0,1
2025.09.24,16:27:44,4.243496680480852,4.287418119718623,4.170251810917892,4.170606025664405,100,0,1
2025.09.24,16:28:44,4.297555957897892,4.348220813434934,4.225207716862933,4.323635606161959,100,0,1
2025.09.24,16:29:44,4.300673302890755,4.372193491221109,4.2529692893876625,4.267355419998761,100,0,1
2025.09.24,16:30:44,4.328507459414912,4.370462568237398,4.291508047880166,4.362909991677193,100,0,1
2025.09.24,16:31:44,4.274409580008397,4.318664755555342,4.211506129548553,4.237651452102902,100,0,1
2025.09.24,16:32:44,4.293564385726087,4.368323793183423,4.245404358101549,4.274194557090177,100,0,1
2025.09.24,16:33:44,4.322293802521257,4.36531267122806,4.269650620190626,4.3062393653783415,100,0,1
2025.09.24,16:34:44,4.301612689462774,4.379242274404796,4.2493790053147436,4.359534405251856,100,0,1
2025.09.24,16:35:44,4.305236996689949,4.338620350345244,4.258678121883043,4.309577042635266,100,0,1
2025.09.24,16:36:44,4.277427699244013,4.326483779460404,4.245614131362686,4.3126494805131115,100,0,1
2025.09.24,16:37:44,4.3091740796527525,4.3613425177834015,4.2658067842006835,4.331936788721899,100,0,1
2025.09.24,16:38:44,4.339142597755539,4.407012577465089,4.289780463560906,4.310811995877554,100,0,1
2025.09.24,16:39:44,4.379498037277508,4.396991167556606,4.343546767797004,4.382238166651754,100,0,1
2025.09.24,16:40:44,4.316274338568075,4.353348929965052,4.257267550619084,4.2937414185037746,100,0,1
2025.09.24,16:41:44,4.316292205847318,4.360499485496528,4.299633239923434,4.328684964372581,100,0,1
2025.09.24,16:42:44,4.329566599951519,4.384053829606148,4.271069968823238,4.343440139930386,100,0,1
2025.09.24,16:43:44,4.341019301932638,4.396202871518622,4.296976772058321,4.3916957507516825,100,0,1
2025.09.24,16:44:44,4.349567972819052,4.415899451092608,4.288317578451401,4.311368048631156,100,0,1
2025.09.24,16:45:44,4.432377215333132,4.476916167621941,4.395740462347863,4.402614145711111,100,0,1
2025.09.24,16:46:44,4.35108412805721,4.408002666318168,4.277762286985111,4.396127855650194,100,0,1
2025.09.24,16:47:44,4.386162896940817,4.433962412272786,4.32290967854162,4.424118964241765,100,0,1
2025.09.24,16:48:44,4.3242181369417,4.388003358618719,4.302065758410756,4.323038977814285,100,0,1
2025.09.24,16:49:44,4.297554470664143,4.368639840151422,4.264104837934151,4.304596884457921,100,0,1
2025.09.24,16:50:44,4.309294643091098,4.361448550760926,4.27372421887209,4.309902967228353,100,0,1
2025.09.24,16:51:44,4.2630372901238465,4.316348288519666,4.239681109236906,4.248887755826646,100,0,1
2025.09.24,16:52:44,4.2337085468395115,4.287320195986585,4.1725630530051125,4.180770640629156,100,0,1
2025.09.24,16:53:44,4.214010241753067,4.255997234432175,4.144872444410952,4.209844766537613,100,0,1
2025.09.24,16:54:44,4.201202028179477,4.243175365236727,4.161427369743085,4.22397596166546,100,0,1
2025.09.24,16:55:44,4.081592435347901,4.091008307538336,4.0337412260121255,4.074995361556449,100,0,1
2025.09.24,16:56:44,4.1402368394632285,4.185792395311267,4.0957892771037825,4.112589682660363,100,0,1
2025.09.24,16:57:44,4.146962361727218,4.187801271774982,4.093430401188739,4.1057392592575805,100,0,1
2025.09.24,16:58:44,4.135677933067176,4.165769449823011,4.066637375042833,4.135692448659064,100,0,1
2025.09.24,16:59:44,4.142904025004866,4.2169676310875905,4.107476993105344,4.1221535004363234,100,0,1
2025.09.24,17:00:44,4.131123848343878,4.207646984836421,4.0962968353743,4.196889387271885,100,0,1
2025.09.24,17:01:44,4.164665889975154,4.2313391480969145,4.134240856757173,4.180785766277921,100,0,1
2025.09.24,17:02:44,4.155216092335303,4.221901845526513,4.110778613437945,4.181901579234144,100,0,1
2025.09.24,17:03:44,4.184735862605314,4.273254762765175,4.144982576348679,4.2597416183493975,100,0,1
2025.09.24,17:04:44,4.165965415746361,4.2171096940712225,4.127304028117927,4.1974000988393225,100,0,1
2025.09.24,17:05:44,4.1733993113687,4.223478624680981,4.097576604237958,4.125574009678024,100,0,1
2025.09.24,17:06:44,4.176479032991102,4.211524589105088,4.134248296860805,4.143484164310815,100,0,1
2025.09.24,17:07:44,4.09749146728564,4.155474862465524,4.0350069875348575,4.047479791297187,100,0,1
2025.09.24,17:08:44,4.020989835735164,4.0346517493248975,3.9928520389498114,3.995129399064787,100,0,1
2025.09.24,17:09:44,3.946208645636427,3.99376856008669,3.8785949190663693,3.8854648491347263,100,0,1
2025.09.24,17:10:44,3.8964253354336837,3.9148926416401015,3.8382702862086044,3.879994789296359,100,0,1
2025.09.24,17:11:44,3.9232092718707623,3.967695309217158,3.8766508664093133,3.9402035342784765,100,0,1
2025.09.24,17:12:44,3.868494464109252,3.889135578008279,3.8395738973374685,3.883845568178244,100,0,1
2025.09.24,17:13:44,3.9411047365029113,4.0082374562839025,3.8541443336491548,3.9664720581330304,100,0,1
2025.09.24,17:14:44,3.9015615511086996,3.950427343012325,3.8428788384657957,3.886546726313768,100,0,1
2025.09.24,17:15:44,3.8583002880990485,3.925255565060889,3.7904318916618105,3.887247763274334,100,0,1
2025.09.24,17:16:44,3.919228157687171,3.9670564107487354,3.8369506586074054,3.851087426569911,100,0,1
2025.09.24,17:17:44,3.9130469602521023,3.987872631723285,3.889342023808279,3.908438366406663,100,0,1
2025.09.24,17:18:44,3.9960350806689036,4.04982136908273,3.9302564251788015,4.008345719636715,100,0,1
2025.09.24,17:19:44,3.971879639482243,3.990852873101976,3.9186873111265164,3.9490243645996546,100,0,1
2025.09.24,17:20:44,4.0664864146843644,4.0799230109432765,4.026369069879176,4.064360069142938,100,0,1
2025.09.24,17:21:44,4.004350583486938,4.070661382821072,3.950772629259264,4.069740158834932,100,0,1
2025.09.24,17:22:44,3.914819725205442,3.9782427878591586,3.8604230606763124,3.937817971812294,100,0,1
2025.09.24,17:23:44,4.034346076622914,4.074285512695589,3.9623761710409036,3.963187343240413,100,0,1
2025.09.24,17:24:44,4.063269309998285,4.124930517390861,4.02458497770475,4.0829142093843585,100,0,1
2025.09.24,17:25:44,4.104809410113372,4.176937316575625,4.063856474677117,4.173750708708798,100,0,1
2025.09.24,17:26:44,4.09090674852908,4.1738915696234296,4.037204817214774,4.06628338312812,100,0,1
2025.09.24,17:27:44,4.036234549108588,4.09117415653286,3.9632824301666227,4.063517115852643,100,0,1
2025.09.24,17:28:44,4.055656694531062,4.099323028260708,4.004422626437983,4.023417691100829,100,0,1
2025.09.24,17:29:44,4.088644316945395,4.155051271831431,4.079165722373498,4.106190963217499,100,0,1
2025.09.24,17:30:44,4.1664460091652264,4.206156728713654,4.118877000700276,4.130078488043822,100,0,1
2025.09.24,17:31:44,4.128835067255213,4.190170235849397,4.104010766856253,4.1756763541372175,100,0,1
2025.09.24,17:32:44,4.17599965337632,4.235093696588367,4.12716213996219,4.1782770272798535,100,0,1
2025.09.24,17:33:44,4.33729091038338,4.389436133440445,4.259369774679283,4.319628699634109,100,0,1
2025.09.24,17:34:44,4.326992644570277,4.416993870191374,4.2760071510819015,4.360424262470009,100,0,1
2025.09.24,17:35:44,4.254428948289034,4.323098629081471,4.21104588980195,4.31871079397652,100,0,1
2025.09.24,17:36:44,4.223318440324118,4.2751549021728685,4.18710653115071,4.219179326529074,100,0,1
2025.09.24,17:37:44,4.171052684116654,4.224616023154307,4.125507263804571,4.191027912736086,100,0,1
2025.09.24,17:38:44,4.176011224060423,4.211670832850741,4.112465533859956,4.126823814803111,100,0,1
2025.09.24,17:39:44,4.1548316835856305,4.216861465433277,4.102368034518571,4.103081842080576,100,0,1
2025.09.24,17:40:44,4.171475669456244,4.225765462046816,4.12910709486735,4.21439459204424,100,0,1
2025.09.24,17:41:44,4.010644334611691,4.069505725004736,3.9676548163381056,3.9743796158224165,100,0,1
2025.09.24,17:42:44,3.982494593929373,4.046974606912365,3.962539717564533,4.0452291307777575,100,0,1
2025.09.24,17:43:44,3.947348001098437,4.033149027365353,3.901320025057426,3.925868153087953,100,0,1
2025.09.24,17:44:44,3.9501221799353483,4.021804795972509,3.9222267597933977,4.011195735183049,100,0,1
2025.09.24,17:45:44,3.970141725829844,4.0006774133965814,3.9021959218436324,3.9453221665805533,100,0,1
2025.09.24,17:46:44,4.030052627458707,4.05889563595044,3.9535464604766255,3.9895690554876038,100,0,1
2025.09.24,17:47:44,3.9628897145941346,3.994764170752517,3.9043411529206318,3.9781291641442693,100,0,1
2025.09.24,17:48:44,3.9708953658403083,4.005301418719234,3.901632686015707,3.9667956995289577,100,0,1
2025.09.24,17:49:44,3.9915253275978344,4.039026945754745,3.9033314806335118,3.9427074290335935,100,0,1
2025.09.24,17:50:44,3.9933396870135995,4.07686491179007,3.9443051893384378,4.0238146160693296,100,0,1
2025.09.24,17:51:44,4.011706563692712,4.015215884112763,3.9476539995498836,3.998209142447915,100,0,1
2025.09.24,17:52:44,3.966114471751417,4.043535670828355,3.95050587240051,3.9720625474257614,100,0,1
2025.09.24,17:53:44,3.859030598808235,3.9043416291571824,3.84800053374898,3.848859497546305,100,0,1
2025.09.24,17:54:44,3.882374675175034,3.9218821518738256,3.8203981990296834,3.8950182045937285,100,0,1
2025.09.24,17:55:44,3.8976089905304634,3.9646186604062694,3.8229828350728465,3.8681735981216616,100,0,1
2025.09.24,17:56:44,3.8812988776261994,3.9466652473234314,3.823259187656856,3.830079967140199,100,0,1
2025.09.24,17:57:44,3.854408251292113,3.903190272417706,3.806160173326907,3.8324661553563657,100,0,1
2025.09.24,17:58:44,3.9572051670373014,3.9870930718533666,3.913694590545049,3.9371695910196998,100,0,1
2025.09.24,17:59:44,3.951155947043865,3.981893491165517,3.9014223595494104,3.9809644891089273,100,0,1
2025.09.24,18:00:44,3.91543424574358,3.975764361760467,3.8743953218835903,3.968682882432545,100,0,1
2025.09.24,18:01:44,4.028713780382933,4.081035818195143,3.97881693692194,4.074559912679644,100,0,1
2025.09.24,18:02:44,4.057232520530715,4.110240316786284,4.016688059669162,4.085586423561553,100,0,1
2025.09.24,18:03:44,3.9405682769174994,3.99091396048173,3.910206686766272,3.9782404872290535,100,0,1
2025.09.24,18:04:44,3.921851969590187,3.9632949691853208,3.836337368132952,3.863320844381343,100,0,1
2025.09.24,18:05:44,3.8109517206239416,3.8831057584152564,3.7442204607695406,3.819463300778805,100,0,1
2025.09.24,18:06:44,3.844133416446253,3.8958304989588157,3.817805718917615,3.8253540299563626,100,0,1
2025.09.24,18:07:44,3.922894357831016,3.986956807255002,3.8395674152932213,3.8786892292614437,100,0,1
2025.09.24,18:08:44,3.9207840106097325,3.9611653143868724,3.864973747259225,3.8666514367617455,100,0,1
2025.09.24,18:09:44,3.9401059359738597,4.003704582798247,3.861949550172969,3.86538898859873,100,0,1
2025.09.24,18:10:44,3.994686303520714,4.031024781627465,3.956640646595914,4.0218049299269385,100,0,1
2025.09.24,18:11:44,3.9124594821172636,3.9502728444131097,3.8598840409181214,3.9035677145091148,100,0,1
2025.09.24,18:12:44,3.851866115450894,3.886072797809477,3.796130421253665,3.8465658971405596,100,0,1
2025.09.24,18:13:44,3.783523313358473,3.8695721388750126,3.729041297286994,3.826959806527353,100,0,1
2025.09.24,18:14:44,3.7327006474819413,3.80612734388419,3.670462859352067,3.6805827366555164,100,0,1
2025.09.24,18:15:44,3.652025955435107,3.7115249940363637,3.599321224521808,3.616937481247114,100,0,1
2025.09.24,18:16:44,3.627898906081916,3.7106821913129773,3.6081623028661753,3.7028069801302257,100,0,1
2025.09.24,18:17:44,3.5470870376707677,3.598267976041193,3.509778675386928,3.529794675819661,100,0,1
2025.09.24,18:18:44,3.6022598266632744,3.634441059907365,3.5266922242037677,3.577799329451786,100,0,1
2025.09.24,18:19:44,3.5915476557769157,3.6765825084042776,3.545687473275654,3.558460362022917,100,0,1
2025.09.24,18:20:44,3.565732162057756,3.5944393646175787,3.4883082671185615,3.489144589370712,100,0,1
2025.09.24,18:21:44,3.567365429163382,3.592227218444045,3.5469237473178925,3.550076999438235,100,0,1
2025.09.24,18:22:44,3.589377307775978,3.6457512899622873,3.530864294610977,3.6109602727733794,100,0,1
2025.09.24,18:23:44,3.6429991515804026,3.6755087807784093,3.5610842926578883,3.6107588996896274,100,0,1
2025.09.24,18:24:44,3.6466612587102767,3.687359702701312,3.6104810555059497,3.620785587043493,100,0,1
2025.09.24,18:25:44,3.5941211715950043,3.6254746814854837,3.5559571107642025,3.6094396369398036,100,0,1
2025.09.24,18:26:44,3.5341384591080875,3.560617815675359,3.47722663281347,3.525388906809937,100,0,1
2025.09.24,18:27:44,3.478781080791786,3.4997925078632033,3.4577056865966473,3.4590017465218414,100,0,1
2025.09.24,18:28:44,3.5045543439055926,3.523665338909967,3.453993657748101,3.5203893063190224,100,0,1
2025.09.24,18:29:44,3.5009167799319454,3.5231113454810843,3.4821846600100343,3.499737422936353,100,0,1
2025.09.24,18:30:44,3.468013343813607,3.508960786399975,3.42157675869345,3.4937564398187178,100,0,1
2025.09.24,18:31:44,3.576360937261293,3.612788737307103,3.5300272299074407,3.559425687084452,100,0,1
2025.09.24,18:32:44,3.536756194113119,3.5783653117616843,3.51459563147534,3.554332436919023,100,0,1
2025.09.24,18:33:44,3.597707670029783,3.651706788194625,3.569590322413497,3.58130328926644,100,0,1
2025.09.24,18:34:44,3.573817407424828,3.6073622714003655,3.4911784492196247,3.5572722611584644,100,0,1
2025.09.24,18:35:44,3.631719888563493,3.7114829905332805,3.5795428203286126,3.618391954373409,100,0,1
2025.09.24,18:36:44,3.578108552879591,3.631110243742844,3.5581079772985653,3.6294138240899727,100,0,1
2025.09.24,18:37:44,3.5747446824677276,3.6179353567224166,3.4769971064438394,3.612159975665697,100,0,1
2025.09.24,18:38:44,3.6515757046358552,3.7195233413579945,3.580325673935834,3.6613520162407385,100,0,1
2025.09.24,18:39:44,3.6693202245443843,3.7027212313638698,3.658228882512573,3.6970153058705773,100,0,1
2025.09.24,18:40:44,3.593086503375431,3.6551538774387797,3.5877310483918414,3.6185276898949796,100,0,1
2025.09.24,18:41:44,3.5962846874350585,3.644911828132653,3.5577754344842303,3.59709127226208,100,0,1
2025.09.24,18:42:44,3.6109995120594953,3.6543803152843086,3.5602697363054037,3.5975464958304606,100,0,1
2025.09.24,18:43:44,3.5955677309763248,3.648764462851862,3.521048637889473,3.5992707196582074,100,0,1
2025.09.24,18:44:44,3.5528850204143763,3.6136498773250385,3.4868825035100266,3.492872348226587,100,0,1
2025.09.24,18:45:44,3.584085896599053,3.6205753865910797,3.497906543587187,3.547401413031506,100,0,1
2025.09.24,18:46:44,3.5987408454312013,3.6470754711432445,3.557251591074846,3.5807938353860096,100,0,1
2025.09.24,18:47:44,3.489303561304238,3.5682214017651277,3.4439158650209616,3.5484268948333737,100,0,1
2025.09.24,18:48:44,3.4208805320446403,3.460834957738525,3.412651781053022,3.45474194707296,100,0,1
2025.09.24,18:49:44,3.5449679899783213,3.5491985005932403,3.479492011106423,3.5002623503642147,100,0,1
2025.09.24,18:50:44,3.458774317949687,3.487106508696239,3.4151786620933304,3.4591154863419473,100,0,1
2025.09.24,18:51:44,3.4471956765291427,3.5138951825949585,3.416173143820898,3.4562097012729547,100,0,1
2025.09.24,18:52:44,3.4385405821176445,3.5056402703429375,3.4349012351645234,3.470633702343587,100,0,1
2025.09.24,18:53:44,3.473421452331246,3.5284266656689276,3.4348086688425137,3.4628101172007457,100,0,1
2025.09.24,18:54:44,3.4384804896730383,3.4833309172921463,3.3646340719431596,3.4268491321663235,100,0,1
2025.09.24,18:55:44,3.352891053071263,3.3825760006692693,3.308441049908149,3.323627678396452,100,0,1
2025.09.24,18:56:44,3.188671935711664,3.256937268926637,3.0896788545048497,3.113937615891479,100,0,1
2025.09.24,18:57:44,3.154988554301735,3.1948582626912443,3.0797868202070315,3.117840289458897,100,0,1
2025.09.24,18:58:44,3.1319561221890093,3.178990758745335,3.0892316632306827,3.121201013190627,100,0,1
2025.09.24,18:59:44,3.1779557936539202,3.267568888422578,3.111812789335301,3.1882348098357967,100,0,1
2025.09.24,19:00:44,3.189606358563168,3.249838978274406,3.127881719832954,3.1935249009589035,100,0,1
2025.09.24,19:01:44,3.2849605838341156,3.381502436069547,3.264483285506018,3.3258918878476202,100,0,1
2025.09.24,19:02:44,3.2755380303386805,3.328903642808212,3.2255521176943924,3.3176502926752605,100,0,1
2025.09.24,19:03:44,3.2454872203445095,3.307767864198152,3.2278411302328402,3.2891068383536517,100,0,1
2025.09.24,19:04:44,3.3483076395434783,3.3965642591651872,3.314793337492491,3.3742539358933366,100,0,1
2025.09.24,19:05:44,3.342748706074621,3.431633561693727,3.3215479717462446,3.398656650685976,100,0,1
2025.09.24,19:06:44,3.3136664676715286,3.330719054332481,3.301832080834398,3.3131947347618103,100,0,1
2025.09.24,19:07:44,3.271472138061735,3.3036206549810836,3.229261715657217,3.2575222705301483,100,0,1
2025.09.24,19:08:44,3.206751507242681,3.2636279183143304,3.161773579288407,3.239241909227223,100,0,1
2025.09.24,19:09:44,3.1824766563817297,3.2349265619269842,3.131890692590422,3.144454795907847,100,0,1
2025.09.24,19:10:44,3.098002781793968,3.13201689938822,3.047710121742569,3.0606023615060574,100,0,1
2025.09.24,19:11:44,3.1094550443815527,3.168012847392356,3.0332253936422973,3.0437284985663986,100,0,1
2025.09.24,19:12:44,3.1383553275849403,3.2049848652341857,3.0845563579937396,3.089259608978085,100,0,1
2025.09.24,19:13:44,3.1142787025382628,3.178799419095324,3.0293655672996462,3.083741898275341,100,0,1
2025.09.24,19:14:44,3.178640249862327,3.2295767753331095,3.119226732655329,3.1551415220030536,100,0,1
2025.09.24,19:15:44,3.13504709548104,3.164548943964284,3.102857306776281,3.1242964685155745,100,0,1
2025.09.24,19:16:44,3.0492011079020505,3.0887761354419845,3.010201491425192,3.0320778420634245,100,0,1
2025.09.24,19:17:44,3.044939757457152,3.0459388270321557,2.9948265926508064,3.0027679175201767,100,0,1
2025.09.24,19:18:44,2.98707786204637,2.996904639091403,2.9522996039072185,2.9690389667158508,100,0,1
2025.09.24,19:19:44,2.9712344618599396,3.0563883564133283,2.887682648788598,3.05198926888516,100,0,1
2025.09.24,19:20:44,2.9141386121918815,2.973287437604754,2.8461764946869295,2.9358848416490706,100,0,1
2025.09.24,19:21:44,2.9756989776934177,3.0332768298689303,2.914801644108242,3.0115697310435676,100,0,1
2025.09.24,19:22:44,2.9428004778128765,2.9970391117893667,2.9050584834474797,2.906755620278606,100,0,1
2025.09.24,19:23:44,3.0288464590582587,3.0696899027404507,3.0256617702550828,3.061999852494072,100,0,1
2025.09.24,19:24:44,3.0713513820564673,3.1070909229681907,3.0236278215286805,3.0951637547601485,100,0,1
2025.09.24,19:25:44,2.9913613293959096,3.049759298503954,2.9067271647583652,2.999403624443872,100,0,1
2025.09.24,19:26:44,3.0428974786511103,3.0876215873118524,2.9576992980572627,3.042574060411379,100,0,1
2025.09.24,19:27:44,3.103758355775973,3.1300344759483605,3.0668895293079883,3.1227227637043975,100,0,1
2025.09.24,19:28:44,3.0987721315883037,3.178367502812894,3.0699173216472726,3.0974436565839856,100,0,1
2025.09.24,19:29:44,3.1316158793856372,3.208811162435645,3.0620143155896247,3.1759152525603462,100,0,1
2025.09.24,19:30:44,3.0037688273729146,3.075564679771982,2.942989431176104,3.0455541368380286,100,0,1
2025.09.24,19:31:44,3.014246889341749,3.0830338799836974,2.9317622118720097,3.001572393264265,100,0,1
2025.09.24,19:32:44,2.924160806383312,2.945699264164193,2.894128021933214,2.9084706491523122,100,0,1
2025.09.24,19:33:44,2.834165839751551,2.8870844714639023,2.8036475036026247,2.8182590088291324,100,0,1
2025.09.24,19:34:44,2.833862308407722,2.884738653295084,2.8006422332852985,2.812618809959742,100,0,1
2025.09.24,19:35:44,2.8286100994010606,2.889261155497334,2.8110689761242735,2.8483655811414543,100,0,1
2025.09.24,19:36:44,2.832665629578299,2.873104487518114,2.76857704352004,2.871454681596104,100,0,1
2025.09.24,19:37:44,2.8583517173386683,2.8758534494810615,2.8148617189150302,2.838027457747674,100,0,1
2025.09.24,19:38:44,2.8610874561779127,2.8859303757997528,2.8600345951505046,2.8610162962139944,100,0,1
2025.09.24,19:39:44,2.8445508367904333,2.8676188545767167,2.779125017368385,2.818878016838365,100,0,1
2025.09.24,19:40:44,2.918171649877102,2.96741369100129,2.872530949174887,2.874480210790704,100,0,1
2025.09.24,19:41:44,2.979751333133971,3.05990953592644,2.9600762818914053,3.0451760426770504,100,0,1
2025.09.24,19:42:44,3.0114041025104177,3.0513252073957235,2.9305080917350965,2.9396891492686983,100,0,1
2025.09.24,19:43:44,3.0637787234110414,3.1531211269748467,3.0346911477929637,3.0913947865301106,100,0,1
2025.09.24,19:44:44,3.0996744528237694,3.1317157565928304,3.0806026101992305,3.0920945059542504,100,0,1
2025.09.24,19:45:44,3.0563799974671912,3.116578772352013,3.036103462695841,3.077563207019969,100,0,1
2025.09.24,19:46:44,3.029401791577477,3.1307852456445424,2.993863716904901,3.061149281399594,100,0,1
2025.09.24,19:47:44,2.979222745334419,2.9865747327758654,2.8990130841758677,2.951041504790221,100,0,1
2025.09.24,19:48:44,2.902168352820407,2.9532787461134147,2.8577886847282254,2.91515406318919,100,0,1
2025.09.24,19:49:44,2.9066929009370757,2.9722239581433847,2.856351896656076,2.910236338662712,100,0,1
2025.09.24,19:50:44,2.8012738445258516,2.839099743239292,2.713908200269916,2.7369990469470813,100,0,1
2025.09.24,19:51:44,2.8276848343144065,2.8828993791622546,2.7674414531534772,2.825925607306339,100,0,1
2025.09.24,19:52:44,2.845069174370984,2.930636925368401,2.8065117162651765,2.824073507265658,100,0,1
2025.09.24,19:53:44,2.878523015462082,2.9304875135912707,2.805687206362899,2.8212513787111386,100,0,1
2025.09.24,19:54:44,2.8032260279288153,2.8682445228677045,2.788591018637964,2.79658539261231,100,0,1
2025.09.24,19:55:44,2.8073152004359887,2.85356282078119,2.7436683616096604,2.7524036489398553,100,0,1
2025.09.24,19:56:44,2.7140155839888367,2.7579843180489747,2.664717672743583,2.756962444360831,100,0,1
2025.09.24,19:57:44,2.6743296595993065,2.718587423576099,2.6468195042182217,2.7056328467152797,100,0,1
2025.09.24,19:58:44,2.706860067318259,2.765020044185054,2.639483784604063,2.7541988662298262,100,0,1
2025.09.24,19:59:44,2.7192560240062473,2.784187308886695,2.6575235381083413,2.7743461655131947,100,0,1
2025.09.24,20:00:44,2.7238125405461164,2.7581799237072504,2.6758562516689737,2.721089286773889,100,0,1
2025.09.24,20:01:44,2.681863763597478,2.7284177941153307,2.6391404194095873,2.7130158237753474,100,0,1
2025.09.24,20:02:44,2.489928715059962,2.535196750061778,2.4098705623445102,2.4174924352475573,100,0,1
2025.09.24,20:03:44,2.4812536048659934,2.5268356106749996,2.443278982825037,2.507012138445845,100,0,1
2025.09.24,20:04:44,2.4854947463187615,2.5252290447844117,2.4162580069978765,2.4586972830259466,100,0,1
2025.09.24,20:05:44,2.4696206602542996,2.484387183546683,2.406752129900934,2.442435322929022,100,0,1
2025.09.24,20:06:44,2.540499089113107,2.600331163816434,2.5060272939621204,2.5924429046191806,100,0,1
2025.09.24,20:07:44,2.5665517203142643,2.613409407526511,2.5123013683920634,2.584696434953718,100,0,1
2025.09.24,20:08:44,2.5782182449986615,2.663741248453093,2.5471915926953135,2.586248908950754,100,0,1
2025.09.24,20:09:44,2.5251875970833306,2.559903625952402,2.455732312695571,2.5121699509497155,100,0,1
2025.09.24,20:10:44,2.546798683087747,2.5839737834763463,2.4931558731567725,2.530856843238296,100,0,1
2025.09.24,20:11:44,2.4303014477842853,2.51467025210048,2.3703774818286627,2.388822381355302,100,0,1
2025.09.24,20:12:44,2.382365316928897,2.4225666926422833,2.328938883336288,2.3603969138955936,100,0,1
2025.09.24,20:13:44,2.4083777871381735,2.4665491845926617,2.341054985881408,2.3923570070747426,100,0,1
2025.09.24,20:14:44,2.3037334796557474,2.385028306454467,2.207330170131841,2.349486965249657,100,0,1
2025.09.24,20:15:44,2.3748517201903456,2.43356690803682,2.3181653206972337,2.394935282051601,100,0,1
2025.09.24,20:16:44,2.3237486282705384,2.3700955370296204,2.2561423720566043,2.2829663317193316,100,0,1
2025.09.24,20:17:44,2.3159557734970404,2.341870017666294,2.2777537992937527,2.3019446773627905,100,0,1
2025.09.24,20:18:44,2.2992013680020644,2.3481083202232194,2.2533631233010643,2.2722302670609746,100,0,1
2025.09.24,20:19:44,2.289680331337458,2.327792845205682,2.250261369190732,2.2526289194983877,100,0,1
2025.09.24,20:20:44,2.2993579642507096,2.3212148862251,2.2349043338116275,2.27914286597232,100,0,1
2025.09.24,20:21:44,2.2947139486122223,2.327996924636997,2.225890398277097,2.273125894985421,100,0,1
2025.09.24,20:22:44,2.3686582034554693,2.4429267492897453,2.2954690838185834,2.33186557194882,100,0,1
2025.09.24,20:23:44,2.378956628402567,2.4206813542777588,2.311481809121989,2.391404017707442,100,0,1
2025.09.24,20:24:44,2.424682097838259,2.4852620369463505,2.3754458455758134,2.474018523239874,100,0,1
2025.09.24,20:25:44,2.529494840986052,2.5864798478410873,2.5021607593032082,2.5305260403444096,100,0,1
2025.09.24,20:26:44,2.5640197027338445,2.5941806523318873,2.4862235913320907,2.4872429635797686,100,0,1
2025.09.24,20:27:44,2.584976230205044,2.6214407894965617,2.531126912810143,2.599741467627764,100,0,1
2025.09.24,20:28:44,2.543328119031932,2.6108043935739267,2.507205944001384,2.5355409407963045,100,0,1
2025.09.24,20:29:44,2.51176102655716,2.5992928529440626,2.4587628468513936,2.5958129628309012,100,0,1
2025.09.24,20:30:44,2.502706628409925,2.5446424590719294,2.4283538599784342,2.5385472357230427,100,0,1
2025.09.24,20:31:44,2.5360660479907113,2.603238483108678,2.490631011101909,2.524824830761576,100,0,1
2025.09.24,20:32:44,2.589228144028178,2.622901703896511,2.5163751002596224,2.5575364298888483,100,0,1
2025.09.24,20:33:44,2.5774585405089887,2.6207382688010616,2.5212626647606498,2.567195829383291,100,0,1
2025.09.24,20:34:44,2.5013262765493205,2.5336087540718064,2.412742763801228,2.4769712911250017,100,0,1
2025.09.24,20:35:44,2.4799943031804363,2.51805739489758,2.383569801140543,2.5086141369889106,100,0,1
2025.09.24,20:36:44,2.4982718934794894,2.5993862246442307,2.4736865380685806,2.502274334376981,100,0,1
2025.09.24,20:37:44,2.45901667464788,2.507932827749117,2.3992979231221057,2.45235288635482,100,0,1
2025.09.24,20:38:44,2.401918890753197,2.4436514335477835,2.371073462617338,2.3733852635407886,100,0,1
2025.09.24,20:39:44,2.3202677746799374,2.3826528346263656,2.257826978035226,2.286678658919529,100,0,1
2025.09.24,20:40:44,2.2741166468017666,2.3459383522104096,2.1999366242023504,2.211195567500309,100,0,1
2025.09.24,20:41:44,2.3897350101137684,2.4397074072500398,2.3311424021228273,2.4254352588759454,100,0,1
2025.09.24,20:42:44,2.3647903425730252,2.3811921424505718,2.3356704005892714,2.3464329191804576,100,0,1
2025.09.24,20:43:44,2.2905656897830498,2.324504012960923,2.2411782145778187,2.2525355276587264,100,0,1
2025.09.24,20:44:44,2.2762479121899717,2.31475536965636,2.1913238620044497,2.3084087176307047,100,0,1
2025.09.24,20:45:44,2.298613882690556,2.3229258473888215,2.247530856428726,2.268543287082837,100,0,1
2025.09.24,20:46:44,2.2943049193269704,2.3429124897846982,2.2033144940292892,2.212202474599532,100,0,1
2025.09.24,20:47:44,2.2939794789576586,2.3587980386296388,2.2388818853389902,2.3339603367658133,100,0,1
2025.09.24,20:48:44,2.2617138111959187,2.313627705923209,2.2005953875611324,2.266603189859304,100,0,1
2025.09.24,20:49:44,2.2990273192953885,2.3532550241021366,2.2175025148095058,2.2482987521575875,100,0,1
2025.09.24,20:50:44,2.223715348085587,2.267171833529751,2.123195785511323,2.1286236193578567,100,0,1
2025.09.24,20:51:44,2.3316009427384725,2.4193708524040654,2.3012307970824266,2.345054029019603,100,0,1
2025.09.24,20:52:44,2.2646995348340737,2.288810503336148,2.189480932526681,2.286759901461676,100,0,1
2025.09.24,20:53:44,2.1861966575435647,2.2318793973024333,2.1483556634271603,2.1667031164591473,100,0,1
2025.09.24,20:54:44,2.1798918495034516,2.241612238944749,2.1176507480637965,2.195340315299401,100,0,1
2025.09.24,20:55:44,2.193761797851573,2.250466261081113,2.154295139414975,2.217668896510985,100,0,1
2025.09.24,20:56:44,2.180076332427741,2.220582581289595,2.1378829669080073,2.144031298086463,100,0,1
2025.09.24,20:57:44,2.177175676600458,2.2276535447903747,2.1023543121582167,2.122534886641972,100,0,1
2025.09.24,20:58:44,2.2749825772442533,2.3339953919880507,2.230277457053846,2.2636163984505373,100,0,1
2025.09.24,20:59:44,2.151832655457883,2.2056625430881662,2.1344453562375962,2.1529478288417048,100,0,1
2025.09.24,21:00:44,2.0920264185398216,2.1327340146092166,2.0623367392445484,2.0943849870472304,100,0,1
2025.09.24,21:01:44,2.0336186403340704,2.0799706578414123,1.9903503450105988,2.0789982279781904,100,0,1
2025.09.24,21:02:44,2.055899771307856,2.1207977610887103,2.0295070648683047,2.106342796385971,100,0,1
2025.09.24,21:03:44,1.9283965916215589,1.9961715524940382,1.904405950015885,1.9869075923466037,100,0,1
2025.09.24,21:04:44,1.8997346330872154,1.965870179787625,1.8168427784636696,1.8895018779573893,100,0,1
2025.09.24,21:05:44,1.9299992490473166,1.9524848680565239,1.8899685748104442,1.9447173430446765,100,0,1
2025.09.24,21:06:44,1.9764938343556586,2.0138899074803684,1.9314084628300963,2.0019106667557036,100,0,1
2025.09.24,21:07:44,2.006533551860738,2.0700545517585676,1.93487676097976,1.9467588168761598,100,0,1
2025.09.24,21:08:44,2.029121720004828,2.061801671491208,1.9805432988720624,1.9888748477009646,100,0,1
2025.09.24,21:09:44,1.9784323976457916,2.048972008130841,1.9337704957763378,1.953554750158635,100,0,1
2025.09.24,21:10:44,2.038813912172785,2.113450833327849,2.0042698914081596,2.096767066003016,100,0,1
2025.09.24,21:11:44,1.9915803327864368,2.0112940404883086,1.9163446163739615,1.9887352233716251,100,0,1
2025.09.24,21:12:44,1.9217393540072858,1.9573403875855155,1.871990498120795,1.9474389080428711,100,0,1
2025.09.24,21:13:44,2.016671637388926,2.077651048962452,1.9593691853097583,2.0615955022076293,100,0,1
2025.09.24,21:14:44,1.9676752619346791,2.0082735023736413,1.917966979177272,1.9720511326878893,100,0,1
2025.09.24,21:15:44,1.9433549310835998,1.9791121012051098,1.8840910802181823,1.9390024464606364,100,0,1
2025.09.24,21:16:44,1.947278199952158,2.0036110715581152,1.876994393501079,1.9662237029268939,100,0,1
2025.09.24,21:17:44,1.8995838313141005,1.977846640344537,1.8414768484003143,1.9013431616513226,100,0,1
2025.09.24,21:18:44,1.8675227325578754,1.953558697025839,1.808552775838425,1.810711723444482,100,0,1
2025.09.24,21:19:44,1.7797552716573988,1.8077233522176104,1.7330181817471992,1.7923803996906043,100,0,1
2025.09.24,21:20:44,1.701637822688579,1.7470832657825186,1.6490031816045851,1.6813814309178416,100,0,1
2025.09.24,21:21:44,1.7850601726306097,1.8235998850075008,1.6555092983347386,1.7252844727552787,100,0,1
2025.09.24,21:22:44,1.6668622567696447,1.7157910945866162,1.6017138329949736,1.6794805968702786,100,0,1
2025.09.24,21:23:44,1.7226842224012082,1.7523765803562976,1.6704627443343505,1.6720438173236294,100,0,1
2025.09.24,21:24:44,1.6394566006669977,1.7008499888589943,1.5832200234163945,1.6307247185500968,100,0,1
2025.09.24,21:25:44,1.6178650988407515,1.6572278800402942,1.5778282425671524,1.5910900357063187,100,0,1
2025.09.24,21:26:44,1.5069896917982488,1.5555535493556258,1.4882186173991654,1.5364895945470352,100,0,1
2025.09.24,21:27:44,1.4545515736291095,1.4895514239023115,1.3778348209472886,1.4005594881031305,100,0,1
2025.09.24,21:28:44,1.5076628384853261,1.5688410685973266,1.4875241589286032,1.5204754863197367,100,0,1
2025.09.24,21:29:44,1.5066739125930972,1.5613134746663873,1.4160052126532585,1.4387472955170666,100,0,1
2025.09.24,21:30:44,1.4618197616629653,1.521367967453248,1.4183396801352242,1.4369751234250832,100,0,1
2025.09.24,21:31:44,1.5696276993577651,1.6129063615159123,1.495309977354286,1.5724787341817044,100,0,1
2025.09.24,21:32:44,1.4969655563467728,1.5511729372910892,1.4355769174789597,1.4979852732707808,100,0,1
2025.09.24,21:33:44,1.4699884427539744,1.5206434710821464,1.4257585871023346,1.4611914100635899,100,0,1
2025.09.24,21:34:44,1.516877859650422,1.5721915269683224,1.4698134874987252,1.5485916569528009,100,0,1
2025.09.24,21:35:44,1.508360845718938,1.5680770469989782,1.4739829592871976,1.5071884656625294,100,0,1
2025.09.24,21:36:44,1.4975331971104835,1.5493784082207367,1.4385923402749374,1.4635088769433304,100,0,1
2025.09.24,21:37:44,1.4027981144705381,1.4646406691887424,1.3937181728942096,1.4267445206369824,100,0,1
2025.09.24,21:38:44,1.4945274211031911,1.5463891242082388,1.4259561780981729,1.4562628377633442,100,0,1
2025.09.24,21:39:44,1.5271324888207252,1.5721128995605056,1.4980973853888828,1.5377501073744848,100,0,1
2025.09.24,21:40:44,1.5203282924833998,1.5533775311903637,1.484842741849614,1.5447289668397208,100,0,1
2025.09.24,21:41:44,1.5766432165975346,1.6188356983937586,1.478568733384843,1.618143902920457,100,0,1
2025.09.24,21:42:44,1.6520331956762309,1.704698158125284,1.5726065111017602,1.6772569216759032,100,0,1
2025.09.24,21:43:44,1.6705149002774817,1.7433751633222452,1.6455726273598965,1.7331737895761041,100,0,1
2025.09.24,21:44:44,1.7751248029503373,1.867001824401056,1.7379885902745427,1.8265367293039079,100,0,1
2025.09.24,21:45:44,1.8891177993504358,1.9190617929237501,1.838689255483162,1.8503438287728053,100,0,1
2025.09.24,21:46:44,1.8354924764870324,1.9193673415533152,1.8010118637143702,1.8742765272704276,100,0,1
2025.09.24,21:47:44,1.8520385163120945,1.8540532207113434,1.790561951414167,1.8519882969066517,100,0,1
2025.09.24,21:48:44,1.8143892604249054,1.891535062818521,1.7704692811540061,1.8079944114925688,100,0,1
2025.09.24,21:49:44,1.7736873040242556,1.8020487206853475,1.75472923349659,1.7740091203405675,100,0,1
2025.09.24,21:50:44,1.8394575975297114,1.8906195709651952,1.8131762351723855,1.8423748901815153,100,0,1
2025.09.24,21:51:44,1.8453015164821276,1.8656592776619478,1.7871831025692833,1.7880410459340543,100,0,1
2025.09.24,21:52:44,1.821192875150081,1.910256826641745,1.8099351635901642,1.85534295310667,100,0,1
2025.09.24,21:53:44,1.8835078863141883,1.9713306311334227,1.8276467002141925,1.9126024623146312,100,0,1
2025.09.24,21:54:44,1.8707391042948014,1.9419164047501383,1.8440197277549004,1.85186540998957,100,0,1
2025.09.24,21:55:44,1.819608276816739,1.8781746698075974,1.7387734414468852,1.7636562296009801,100,0,1
2025.09.24,21:56:44,1.847884462962048,1.898586425715763,1.810510421643185,1.8530341484445432,100,0,1
2025.09.24,21:57:44,1.9184456686786893,1.939469787225822,1.8628954264768356,1.9150249509620165,100,0,1
2025.09.24,21:58:44,1.965660973954032,2.004243914954041,1.8920507866541871,1.9957747312289902,100,0,1
2025.09.24,21:59:44,1.918230665836248,1.944866861175583,1.8323145932119755,1.9297600266933623,100,0,1
2025.09.24,22:00:44,1.9176522209620417,1.9573133375382092,1.8631163181383616,1.920123234312598,100,0,1
2025.09.24,22:01:44,1.899839804284136,1.9245596341494726,1.8230418256702985,1.9177671558614084,100,0,1
2025.09.24,22:02:44,1.8930933581567169,1.9821509432341524,1.8576591503476885,1.9255537094543842,100,0,1
2025.09.24,22:03:44,1.8413550702847539,1.90194116537463,1.7847213291588881,1.8889541649508128,100,0,1
2025.09.24,22:04:44,1.7619493324872078,1.8101704545201063,1.722225705112366,1.7788679938712417,100,0,1
2025.09.24,22:05:44,1.8270568097124802,1.8730838962273362,1.7659369890520389,1.861472443007386,100,0,1
2025.09.24,22:06:44,1.8762700982190867,1.9289822331261,1.8286938035406297,1.8648728522299092,100,0,1
2025.09.24,22:07:44,1.7560213144693888,1.842179302712337,1.713884024129189,1.7942914363949731,100,0,1
2025.09.24,22:08:44,1.8172470065764506,1.8678874949300635,1.766914362601724,1.8237168313959518,100,0,1
2025.09.24,22:09:44,1.9221561974436212,1.9376169805191243,1.8416961946555845,1.8871050300662697,100,0,1
2025.09.24,22:10:44,1.8223547004845786,1.8385061466764543,1.7769865463305328,1.8231067491667092,100,0,1
2025.09.24,22:11:44,1.7796903480945796,1.83561164835317,1.737093738430615,1.8162550827154786,100,0,1
2025.09.24,22:12:44,1.7381017864612323,1.8072581245694272,1.6984086778874556,1.7226590237885386,100,0,1
2025.09.24,22:13:44,1.622545802745333,1.692558154123734,1.5474201880662022,1.5982557779042903,100,0,1
2025.09.24,22:14:44,1.682870896851869,1.7412988464911092,1.628360834740631,1.6466983285891699,100,0,1
2025.09.24,22:15:44,1.6427502658352775,1.6850544229814908,1.6084482996984386,1.6425839516448655,100,0,1
2025.09.24,22:16:44,1.661355133794247,1.693908610989535,1.6011901214807622,1.6884570784351007,100,0,1
2025.09.24,22:17:44,1.569165818773804,1.6313299610355811,1.5240412011647189,1.6234866014633702,100,0,1
2025.09.24,22:18:44,1.626469313292508,1.6827199126819126,1.572307218896267,1.6565611250799446,100,0,1
2025.09.24,22:19:44,1.6839579401978444,1.70860360556652,1.6407969268360039,1.6863479371477235,100,0,1
2025.09.24,22:20:44,1.702098174215664,1.7373278627269744,1.6894936224014816,1.7239939930823507,100,0,1
2025.09.24,22:21:44,1.6892032365568725,1.7609949615621225,1.6450968181142052,1.660816555681273,100,0,1
2025.09.24,22:22:44,1.6441896449971363,1.698752537853996,1.6081106420802131,1.618388554522789,100,0,1
2025.09.24,22:23:44,1.6230799339644435,1.6752015183057931,1.5869629962682748,1.6543149095654996,100,0,1
2025.09.24,22:24:44,1.4980187417605308,1.5406287901004379,1.4684552618045918,1.5324419824544384,100,0,1
2025.09.24,22:25:44,1.5020505694813138,1.5339061905606908,1.4586996757992878,1.4623493875363587,100,0,1
2025.09.24,22:26:44,1.4306482120524033,1.4909233773023014,1.3808169715591114,1.436680879188697,100,0,1
2025.09.24,22:27:44,1.3905926128030228,1.4151886589646614,1.3139267632809,1.3710241305082984,100,0,1
2025.09.24,22:28:44,1.4439906343167292,1.468809236023344,1.3765398146085541,1.433034870719206,100,0,1
2025.09.24,22:29:44,1.3647375686969607,1.4439433370204044,1.3410056666067407,1.3922473976029552,100,0,1
2025.09.24,22:30:44,1.383026199481097,1.3868425619217895,1.3215170773047415,1.3619773377947861,100,0,1
2025.09.24,22:31:44,1.433191710214297,1.4496034300834386,1.3790678464016883,1.448039045492629,100,0,1
2025.09.24,22:32:44,1.4271059946111335,1.467976317523693,1.3919747234455602,1.4076026449717713,100,0,1
2025.09.24,22:33:44,1.444168745769557,1.5246013307345123,1.3731736364559408,1.5126136494708418,100,0,1
2025.09.24,22:34:44,1.4161020950152912,1.4307237153428076,1.3457561164041252,1.3670358791203912,100,0,1
2025.09.24,22:35:44,1.4321793486396166,1.4729629233430577,1.3995112389475537,1.4586706384083075,100,0,1
2025.09.24,22:36:44,1.3746850382056193,1.4376704396035302,1.3030849161737499,1.3740136049026626,100,0,1
2025.09.24,22:37:44,1.365022395739789,1.4104401243383875,1.3293114731988485,1.4093386396521206,100,0,1
2025.09.24,22:38:44,1.3770204546204443,1.464600614923042,1.3217756869175932,1.4545271598121665,100,0,1
2025.09.24,22:39:44,1.4328689951365425,1.5000212405249826,1.4125826277726412,1.4250636991791925,100,0,1
2025.09.24,22:40:44,1.3578170147639825,1.413648686540961,1.3105539273814597,1.3923915521612185,100,0,1
2025.09.24,22:41:44,1.4121196620266183,1.4449979919028773,1.3696052020301024,1.43483249226771,100,0,1
2025.09.24,22:42:44,1.3843616552049232,1.4185028668207234,1.3058360466625425,1.3495888160073093,100,0,1
2025.09.24,22:43:44,1.4070740604829008,1.4664133213405959,1.3630683310256122,1.4446383545853407,100,0,1
2025.09.24,22:44:44,1.4289707112270646,1.4972034310270226,1.3472139770800586,1.3759160910828023,100,0,1
2025.09.24,22:45:44,1.3628789945155404,1.4257384532341,1.3071494331514573,1.310441072128686,100,0,1
2025.09.24,22:46:44,1.4160339534529864,1.4689916282890367,1.3358450704395475,1.4659900495552105,100,0,1
2025.09.24,22:47:44,1.3928960772373953,1.4535889430854791,1.361584773082562,1.4487437147922966,100,0,1
2025.09.24,22:48:44,1.3134754975659233,1.3744539894864873,1.2689787422202055,1.2828998070510873,100,0,1
2025.09.24,22:49:44,1.2747549679534775,1.317105153934024,1.2215819221778839,1.2849922941197311,100,0,1
2025.09.24,22:50:44,1.2674165720032058,1.3343679559207906,1.198889569962921,1.3074726601163915,100,0,1
2025.09.24,22:51:44,1.2472141954051224,1.3038844893473003,1.2239968656130402,1.2424062868123835,100,0,1
2025.09.24,22:52:44,1.2013472827907095,1.2756183471484974,1.1390435346925443,1.1858251659740366,100,0,1
2025.09.24,22:53:44,1.2264379862973274,1.2692232795918232,1.1611148198108403,1.1663902446204262,100,0,1
2025.09.24,22:54:44,1.3358929871782568,1.4122132839884913,1.294213527142446,1.4058240310363526,100,0,1
2025.09.24,22:55:44,1.2357958645825027,1.311264074343949,1.147018189617629,1.1846008406021826,100,0,1
2025.09.24,22:56:44,1.3064894132681881,1.307642025304053,1.2332827058330065,1.288549878142268,100,0,1
2025.09.24,22:57:44,1.31555047198538,1.3632808048041523,1.2428714905074745,1.2938950089842387,100,0,1
2025.09.24,22:58:44,1.3808936800138825,1.4487323970171488,1.357789719024933,1.3713491944410703,100,0,1
2025.09.24,22:59:44,1.3707044131693211,1.4325262179995997,1.3317996655388322,1.3981569671360539,100,0,1
2025.09.24,23:00:44,1.3188162695495877,1.3773939037345886,1.2538388782503027,1.2827113177671328,100,0,1
2025.09.24,23:01:44,1.3762111670520412,1.4482668096267188,1.3448692078877633,1.4160178423000078,100,0,1
2025.09.24,23:02:44,1.3508510017912019,1.3991667276590658,1.257482695224304,1.2772980264629072,100,0,1
2025.09.24,23:03:44,1.3200143930812973,1.359562451807108,1.2736484288362926,1.3097212482252418,100,0,1
2025.09.24,23:04:44,1.2887043524617317,1.3752552257040704,1.2522688196194145,1.304512129186309,100,0,1
2025.09.24,23:05:44,1.3353498941159354,1.3908018084941893,1.3214633756271756,1.3776692969445454,100,0,1
2025.09.24,23:06:44,1.3431630666127907,1.3939844361430618,1.3012728654715333,1.3291921077656261,100,0,1
2025.09.24,23:07:44,1.3324190529459872,1.3512551343641215,1.2912075088223,1.3167025861128951,100,0,1
2025.09.24,23:08:44,1.3324115013416906,1.3856512068259645,1.2983450858966574,1.3695122801832065,100,0,1
2025.09.24,23:09:44,1.3786039006448978,1.429631511618234,1.319895714127383,1.428979792051399,100,0,1
2025.09.24,23:10:44,1.3366551963090731,1.3714955484576699,1.28465333563397,1.314028615481922,100,0,1
2025.09.24,23:11:44,1.3692168184530835,1.4502652485909877,1.2856633759281695,1.4484169326881984,100,0,1
2025.09.24,23:12:44,1.3298975702344202,1.3704742363971536,1.2577249893942315,1.315825221292485,100,0,1
2025.09.24,23:13:44,1.3644610709554843,1.427334962021828,1.3148649979259632,1.3403501850840998,100,0,1
2025.09.24,23:14:44,1.4158072910823134,1.4820989929502977,1.3685939400537057,1.4300669335717366,100,0,1
2025.09.24,23:15:44,1.4137173032181551,1.4624555141284006,1.338250721604032,1.3579751632376145,100,0,1
2025.09.24,23:16:44,1.3299249382072431,1.3715509270368247,1.2356987965380637,1.279834075644055,100,0,1
2025.09.24,23:17:44,1.2965451248068751,1.325655891703134,1.2392369187326053,1.2915053364200115,100,0,1
2025.09.24,23:18:44,1.3656134336624297,1.405460311154021,1.305913925033818,1.3848716069278906,100,0,1
2025.09.24,23:19:44,1.3463159987633397,1.3952144002300009,1.2827826617994975,1.333325685593707,100,0,1
2025.09.24,23:20:44,1.3032973649487132,1.3572016884215792,1.2450031194174387,1.344348277331446,100,0,1
2025.09.24,23:21:44,1.3633245874308544,1.4240455967181127,1.311160548947549,1.3960914855328608,100,0,1
2025.09.24,23:22:44,1.3649511115241522,1.431339825776771,1.3031583829613962,1.3273132660161377,100,0,1
2025.09.24,23:23:44,1.3586460418186488,1.3853516227578244,1.2989698187175478,1.346646432286,100,0,1
2025.09.24,23:24:44,1.313837103253556,1.3639233354215734,1.278746668231484,1.2827825346294872,100,0,1
2025.09.24,23:25:44,1.3343190779920142,1.3590748210041115,1.3026117406576665,1.3372850739082764,100,0,1
2025.09.24,23:26:44,1.268569039935893,1.3178574487910313,1.2016062156823852,1.227928159169016,100,0,1
2025.09.24,23:27:44,1.241919820703002,1.2860160082991994,1.180334197382296,1.2099822989320523,100,0,1
2025.09.24,23:28:44,1.1817570184514077,1.2349149452991974,1.092291458007148,1.1902249775109144,100,0,1
2025.09.24,23:29:44,1.1747404915573527,1.2299411044741186,1.0961038720716472,1.1208840505309172,100,0,1
2025.09.24,23:30:44,1.1172752884203019,1.1787723353779422,1.085343200076194,1.1731276888442406,100,0,1
2025.09.24,23:31:44,1.1079060207447582,1.1819603429792198,1.0417612970113685,1.156571490046898,100,0,1
2025.09.24,23:32:44,1.0438892030504192,1.081998625008215,0.9904837911021654,1.0038383208771888,100,0,1
2025.09.24,23:33:44,1.0906368945160332,1.1180019111044859,1.0543069369524487,1.07660087879742,100,0,1
2025.09.24,23:34:44,1.154807912803796,1.1699193354581383,1.1232124176288143,1.1281447048014392,100,0,1
2025.09.24,23:35:44,1.1319565799951772,1.1992583453673487,1.0592107419713592,1.151444288103542,100,0,1
2025.09.24,23:36:44,1.1869736370204529,1.2198459643364052,1.1318872207632062,1.1950175276870447,100,0,1
2025.09.24,23:37:44,1.1525311114877337,1.2092325883897015,1.1095076569212525,1.1823252819925354,100,0,1
2025.09.24,23:38:44,1.0785174805192383,1.1010323335007044,1.0090942511044205,1.033134696705259,100,0,1
2025.09.24,23:39:44,1.0042638789726996,1.0798445683985576,0.9469844694557467,1.0034079091410937,100,0,1
2025.09.24,23:40:44,1.0102003113226021,1.0562049237978577,0.9801808385240455,1.022117787109751,100,0,1
2025.09.24,23:41:44,0.9618096700490193,0.9977921792293412,0.9248244912049448,0.9861518561653928,100,0,1
2025.09.24,23:42:44,0.8605047950914178,0.9182744288538462,0.7860412923853989,0.8727758709433181,100,0,1
2025.09.24,23:43:44,0.8728390027548761,0.9143232617732202,0.8157933184456412,0.8729685189994869,100,0,1
2025.09.24,23:44:44,0.8176987278963768,0.8478343975081206,0.7502487335266669,0.759677829204692,100,0,1
2025.09.24,23:45:44,0.8170072114366921,0.8835800463826975,0.7213691789579117,0.754364839126084,100,0,1
2025.09.24,23:46:44,0.7941385040374607,0.8177855270258212,0.7640651504221174,0.7773607216251996,100,0,1
2025.09.24,23:47:44,0.7783800075789655,0.8671140554491426,0.7032107396339158,0.8139603994878786,100,0,1
2025.09.24,23:48:44,0.7416320868372087,0.7943001248169343,0.6919897365413957,0.7588228680400224,100,0,1
2025.09.24,23:49:44,0.7338035146295736,0.7633300118928431,0.6655864138837946,0.672656025731454,100,0,1
2025.09.24,23:50:44,0.7835571131630384,0.8466692389061151,0.7102308042985651,0.7817014899157644,100,0,1
2025.09.24,23:51:44,0.7316720738576891,0.7436923732049096,0.6473746033328782,0.6902973791943355,100,0,1
2025.09.24,23:52:44,0.7767523556118685,0.8282055510793963,0.7722983922166972,0.7726358651032712,100,0,1
2025.09.24,23:53:44,0.7203378001927682,0.7778177661634837,0.6740532984631356,0.7617627754574716,100,0,1
2025.09.24,23:54:44,0.7116080584612805,0.748385836155007,0.6422439548050608,0.6496552484942537,100,0,1
2025.09.24,23:55:44,0.7864863275279611,0.834648792951987,0.7170268676204586,0.7589848909455935,100,0,1
2025.09.24,23:56:44,0.7321399090072362,0.7984397365501349,0.7088338997515753,0.7924051250425271,100,0,1
2025.09.24,23:57:44,0.6307172538215607,0.7178571334808704,0.599151275511482,0.6517890392028209,100,0,1
2025.09.24,23:58:44,0.6591929790758128,0.6708665416295693,0.5817594616127019,0.6515594340483982,100,0,1
2025.09.24,23:59:44,0.5870143698371847,0.6373025798492163,0.5819221414592688,0.591262730346099,100,0,1
2025.09.25,00:00:44,0.5792853869263987,0.664535250818585,0.5125501540461859,0.5958875031941347,100,0,1
2025.09.25,00:01:44,0.5746063206316664,0.6252692601322586,0.5474580520097391,0.5942906895512516,100,0,1
2025.09.25,00:02:44,0.5969542587888609,0.6177625494197349,0.5358303625543368,0.5501166159827201,100,0,1
2025.09.25,00:03:44,0.49576171723525786,0.5682458476819161,0.45788607635669704,0.5072150812731111,100,0,1
2025.09.25,00:04:44,0.5017968699790615,0.5433510884037479,0.48532174927822236,0.52367578168984,100,0,1
2025.09.25,00:05:44,0.4092697501884318,0.46698558217349256,0.3157729696758263,0.3240972435694369,100,0,1
2025.09.25,00:06:44,0.3693378197219333,0.4225138504000178,0.32837248036852124,0.3304592545011135,100,0,1
2025.09.25,00:07:44,0.32885064305738243,0.37924026322486354,0.26159281173047516,0.3651974715621414,100,0,1
2025.09.25,00:08:44,0.389806448784301,0.4524773436052696,0.3175787652477829,0.39355905137582536,100,0,1
2025.09.25,00:09:44,0.3974895327489991,0.4704990211217964,0.35473669240149247,0.3691422051560932,100,0,1
2025.09.25,00:10:44,0.4847808107732479,0.5158558152526415,0.4280968035112782,0.5086502047884428,100,0,1
2025.09.25,00:11:44,0.535593003977784,0.5653882712727437,0.46374663718769243,0.48871157942418714,100,0,1
2025.09.25,00:12:44,0.49416045682547005,0.539166968631073,0.4466584455648143,0.5279404554504664,100,0,1
2025.09.25,00:13:44,0.46242565550896964,0.5003318279472294,0.4415282973860905,0.4573166204513628,100,0,1
2025.09.25,00:14:44,0.470811402334628,0.4984445234744653,0.3888894089142684,0.4649139304961856,100,0,1
2025.09.25,00:15:44,0.3908384595234128,0.4499122105836044,0.34990220513559067,0.37885851207635135,100,0,1
2025.09.25,00:16:44,0.39900931875394025,0.45738023600829597,0.36102365364012157,0.3953056080897934,100,0,1
2025.09.25,00:17:44,0.3025657199836697,0.3214708124181322,0.20804018437981275,0.27777684800077496,100,0,1
2025.09.25,00:18:44,0.3321919485833614,0.3918737854175388,0.2973096949814722,0.3433109047672992,100,0,1
2025.09.25,00:19:44,0.2880806821824106,0.32458935925606053,0.24577357403166156,0.3152956409012947,100,0,1
2025.09.25,00:20:44,0.2024126625049866,0.2622216574604497,0.1249866878528487,0.18319848484100087,100,0,1
2025.09.25,00:21:44,0.2493958690354126,0.2661377668375771,0.18792907475844278,0.23493743111840937,100,0,1
2025.09.25,00:22:44,0.27241002386222013,0.33069040115008086,0.22885921787566774,0.30215297530225643,100,0,1
2025.09.25,00:23:44,0.255356626376346,0.2983829908914047,0.2045986914095962,0.27516328376858434,100,0,1
2025.09.25,00:24:44,0.1867765456530092,0.24368082731315463,0.13501060209434768,0.14960992811741392,100,0,1
2025.09.25,00:25:44,0.2663905002608456,0.30699001874216325,0.17009062420700538,0.18244971078898042,100,0,1
2025.09.25,00:26:44,0.1570637675822211,0.19556423156671005,0.12337994248029713,0.19316405163134298,100,0,1
2025.09.25,00:27:44,0.05711999125753813,0.08677777629504138,-0.02272361794587375,0.03487043526343807,100,0,1
2025.09.25,00:28:44,0.20389408063577652,0.23043211287807505,0.173591131627247,0.22322484235946619,100,0,1
2025.09.25,00:29:44,0.2291157867090145,0.30537059913983133,0.16689554444916466,0.16959081057152572,100,0,1
2025.09.25,00:30:44,0.17695040950850727,0.20905233207070348,0.10301164489228246,0.19453545827029628,100,0,1
2025.09.25,00:31:44,0.18912128455988816,0.222207403918517,0.12750111404755599,0.13624759881549886,100,0,1
2025.09.25,00:32:44,0.22121259186707484,0.26305938095493175,0.15125036651770862,0.16995847713552023,100,0,1
2025.09.25,00:33:44,0.13336672306276356,0.1703206138683832,0.10399761091765712,0.10463564152685874,100,0,1
2025.09.25,00:34:44,0.13816746400672508,0.187349995555827,0.07938608326372504,0.16305563963349093,100,0,1
2025.09.25,00:35:44,0.13461782995511307,0.17160696698079708,0.08441913040970409,0.1146063049557117,100,0,1
2025.09.25,00:36:44,0.1621232731751694,0.18220466231681176,0.08533951460312503,0.1719843179607079,100,0,1
2025.09.25,00:37:44,0.1597844328250722,0.24988568413032836,0.10296674763249777,0.18695890329849224,100,0,1
2025.09.25,00:38:44,0.12869113262830617,0.17901257401233156,0.10069851619357362,0.16717310304137392,100,0,1
2025.09.25,00:39:44,0.10022804133913292,0.13069243613348844,0.0877731199708144,0.12547871336849808,100,0,1
2025.09.25,00:40:44,0.14865962682534117,0.18457353140740043,0.11826037701488123,0.15531911684170482,100,0,1
2025.09.25,00:41:44,0.11194596192419262,0.17695600889031943,0.06674368274100981,0.1588258818837307,100,0,1
2025.09.25,00:42:44,0.08435015170046191,0.16155172615866142,0.054692925950980235,0.13322406246544358,100,0,1
2025.09.25,00:43:44,0.05681015427223018,0.09926313063271547,-0.007817615255715928,-0.006794661254335375,100,0,1
2025.09.25,00:44:44,0.005992614240170474,0.06907957646303169,-0.057149367228996384,-0.04288934640581972,100,0,1
2025.09.25,00:45:44,-0.01653356166407876,0.02283647640597348,-0.04937877623535633,-0.04183620977773417,100,0,1
2025.09.25,00:46:44,-0.007366981965676837,0.013577866833889335,-0.03500345564886326,0.005450212816236158,100,0,1
2025.09.25,00:47:44,-0.048869530120128735,-0.004651932791828975,-0.07572092321474377,-0.04135141967398727,100,0,1
2025.09.25,00:48:44,-0.013796909038242747,0.040931137098861446,-0.07148048435243733,-0.04165566608802179,100,0,1
2025.09.25,00:49:44,-0.06269524548293093,-0.04307334556127475,-0.12343460959690539,-0.09627668289849939,100,0,1
2025.09.25,00:50:44,-0.12059274282537272,-0.07069719629985255,-0.18990423215260832,-0.14474918760340483,100,0,1
2025.09.25,00:51:44,-0.06780724662293856,-0.020210398838649474,-0.12331870792491195,-0.056028991614479176,100,0,1
2025.09.25,00:52:44,0.08448666475270053,0.11749400765061573,0.028710819493329237,0.07509826689056373,100,0,1
2025.09.25,00:53:44,0.08109352354602674,0.15322461090981504,0.0317450138763615,0.08066665073415014,100,0,1
2025.09.25,00:54:44,0.07525176387046155,0.12403003688887478,0.04906503517481581,0.09008065215254188,100,0,1
2025.09.25,00:55:44,0.10531291815949624,0.18765039612690498,0.03601597604701752,0.057544372805973285,100,0,1
2025.09.25,00:56:44,0.09185619329735986,0.1463776848856225,0.06703133743878723,0.11137655188068343,100,0,1
2025.09.25,00:57:44,0.04747362109581445,0.09254493150242002,-0.013483802283516227,0.07704389738677564,100,0,1
2025.09.25,00:58:44,0.0893063876841594,0.12442841940146535,0.023496238022054555,0.07271606390387844,100,0,1
2025.09.25,00:59:44,0.0574846199159463,0.1014491707358354,-0.0031326573405548175,0.001905585890894749,100,0,1
2025.09.25,01:00:44,0.12786985977131674,0.17213686875759526,0.08171753315174557,0.16128579796481954,100,0,1
2025.09.25,01:01:44,0.10863983614864464,0.15933621352617688,0.07905016146543489,0.1321198412334781,100,0,1
2025.09.25,01:02:44,0.15370346860865552,0.18267802671192027,0.09510528134756471,0.1023671187939819,100,0,1
2025.09.25,01:03:44,0.14396668287927095,0.18914735222749163,0.07559964814704556,0.1884808841385992,100,0,1
2025.09.25,01:04:44,0.15969579125039077,0.20976904508196878,0.10595047084004947,0.12312146834081178,100,0,1
2025.09.25,01:05:44,0.10993623635090112,0.16210124383303218,0.05662237988029305,0.12053238651835768,100,0,1
2025.09.25,01:06:44,0.05609337096518944,0.09673910086643105,0.010992025202542575,0.016940752098006964,100,0,1
2025.09.25,01:07:44,-0.012216802086115858,0.025045691913697272,-0.05108671643684811,-0.03828901665039973,100,0,1
2025.09.25,01:08:44,-0.018751096617504973,0.05737297006376155,-0.0852465154895313,-0.05795534862372048,100,0,1
2025.09.25,01:09:44,-0.025972221314628525,0.008826940613910036,-0.09003638077721586,-0.07188447983294101,100,0,1
2025.09.25,01:10:44,-0.07080865178752392,-0.044175625522238735,-0.12962484058644733,-0.09212051896064506,100,0,1
2025.09.25,01:11:44,-0.07229887959859785,-0.00856033619418567,-0.10226770312050609,-0.039005195100578344,100,0,1
2025.09.25,01:12:44,-0.13711599123948418,-0.09608006191837659,-0.1594347481194715,-0.12451448305997605,100,0,1
2025.09.25,01:13:44,-0.16941089710300897,-0.13956556402385722,-0.2194174376364002,-0.1989518370479271,100,0,1
2025.09.25,01:14:44,-0.1507357336498458,-0.07967346009748766,-0.2255768664558837,-0.17412917407688416,100,0,1
2025.09.25,01:15:44,-0.1543235128441567,-0.09202870122245363,-0.19976388890629543,-0.0985731451988281,100,0,1
2025.09.25,01:16:44,-0.1875596080720984,-0.12465373025656583,-0.2507990414435372,-0.24519858334669492,100,0,1
2025.09.25,01:17:44,-0.18539218005557961,-0.12373143027213826,-0.2585601665512469,-0.13846863274492793,100,0,1
2025.09.25,01:18:44,-0.14153357760500848,-0.12865131121945647,-0.1434619602979232,-0.13582269686379123,100,0,1
2025.09.25,01:19:44,-0.2178219797027469,-0.20888282580184583,-0.2554438787822584,-0.2404302085523528,100,0,1
2025.09.25,01:20:44,-0.22243934036506186,-0.15741089000755798,-0.27811010966219096,-0.22256854951590374,100,0,1
2025.09.25,01:21:44,-0.25407049690545136,-0.18575977498054003,-0.2928965970491908,-0.29134391935852366,100,0,1
2025.09.25,01:22:44,-0.25629226050737963,-0.20523311062862865,-0.2802911167304227,-0.2767237513372473,100,0,1
2025.09.25,01:23:44,-0.23492864622052254,-0.22395638997743214,-0.2512901519202184,-0.24140886536967426,100,0,1
2025.09.25,01:24:44,-0.29501578553887453,-0.24341731620526316,-0.32615867969534473,-0.29369792919955795,100,0,1
2025.09.25,01:25:44,-0.2943272157734659,-0.26305452576931576,-0.37537373292454856,-0.327176108158821,100,0,1
2025.09.25,01:26:44,-0.3467872568549452,-0.29611390726374354,-0.41100653533183706,-0.3973066396893167,100,0,1
2025.09.25,01:27:44,-0.3018306107847745,-0.24422810180224305,-0.3702913215796699,-0.3678854082705374,100,0,1
2025.09.25,01:28:44,-0.2559584861390221,-0.2046318829957707,-0.2976252524495023,-0.2403415311815182,100,0,1
2025.09.25,01:29:44,-0.21627619425836345,-0.16477722290372046,-0.2929114741050839,-0.2691319677214231,100,0,1
2025.09.25,01:30:44,-0.274687371380737,-0.26138682201187846,-0.3318290085826603,-0.284096975243999,100,0,1
2025.09.25,01:31:44,-0.24453569099190892,-0.15807528943249077,-0.2841130818552743,-0.19416972694185322,100,0,1
2025.09.25,01:32:44,-0.28996203200120607,-0.18028541200592182,-0.33625968841900106,-0.26898632983825627,100,0,1
2025.09.25,01:33:44,-0.2618393515387265,-0.16925723488259234,-0.3076863983662502,-0.2311775102312888,100,0,1
2025.09.25,01:34:44,-0.29720180295245374,-0.25614376677676887,-0.33579947444473357,-0.2877349899058158,100,0,1
2025.09.25,01:35:44,-0.3009175984390358,-0.22304678543262269,-0.35578034423105703,-0.24455354413235242,100,0,1
2025.09.25,01:36:44,-0.26287543491560594,-0.21368703866962163,-0.2746970303241581,-0.23098588082368027,100,0,1
2025.09.25,01:37:44,-0.2514563768191204,-0.21304886744616913,-0.30907718992164285,-0.30416558563335233,100,0,1
2025.09.25,01:38:44,-0.17002470061562514,-0.15956274025757317,-0.22951871177525676,-0.19316532421791607,100,0,1
2025.09.25,01:39:44,-0.21457266483170573,-0.1376393913861782,-0.2586949615978017,-0.1656870973765573,100,0,1
2025.09.25,01:40:44,-0.1938840005611996,-0.15027913926323871,-0.2342833931121205,-0.22535764176437123,100,0,1
2025.09.25,01:41:44,-0.13736331606509714,-0.09081179844354426,-0.2198750708552927,-0.18026937938530574,100,0,1
2025.09.25,01:42:44,-0.22822005260759787,-0.16288774826477892,-0.28780044236107244,-0.23213180596914293,100,0,1
2025.09.25,01:43:44,-0.21119994136438686,-0.17608036881490632,-0.2726551659813565,-0.2474941051272786,100,0,1
2025.09.25,01:44:44,-0.2099764121533091,-0.16497132815683999,-0.3069059014544797,-0.19582377245638774,100,0,1
2025.09.25,01:45:44,-0.24286669186142734,-0.2299953993708618,-0.2802633374706096,-0.259338185439283,100,0,1
2025.09.25,01:46:44,-0.2649568740322744,-0.1969188531301011,-0.3381284522247903,-0.3101178008783024,100,0,1
2025.09.25,01:47:44,-0.32187300320617773,-0.27179680057348765,-0.3758144779497365,-0.36772736898585695,100,0,1
2025.09.25,01:48:44,-0.33234874668627795,-0.2749581521923131,-0.3763946082671439,-0.31101096071372447,100,0,1
2025.09.25,01:49:44,-0.42590787081581866,-0.37817392218288376,-0.48856889827197847,-0.435813349590436,100,0,1
2025.09.25,01:50:44,-0.31869189969845213,-0.25556581923554894,-0.3945729059859424,-0.3776859602808005,100,0,1
2025.09.25,01:51:44,-0.2920254731516899,-0.26572734810268767,-0.36624804406816003,-0.34214048747283754,100,0,1
2025.09.25,01:52:44,-0.3646044954878799,-0.3203942944105105,-0.42357329732205584,-0.32811518604147166,100,0,1
2025.09.25,01:53:44,-0.31278448587859226,-0.22539482597460764,-0.336252449948681,-0.30132948722762615,100,0,1
2025.09.25,01:54:44,-0.3755540479776251,-0.3128589737726812,-0.4159017352805658,-0.3927350884595446,100,0,1
2025.09.25,01:55:44,-0.4455799182540693,-0.40676685299726467,-0.49976476704654177,-0.44416110843504225,100,0,1
2025.09.25,01:56:44,-0.4151568589943993,-0.3841870166709837,-0.4683582255401302,-0.46681364718077306,100,0,1
2025.09.25,01:57:44,-0.42299293173964436,-0.3857022361832484,-0.4639953581635436,-0.4568097034265981,100,0,1
2025.09.25,01:58:44,-0.4779831900919444,-0.4210898737765225,-0.5605482793435771,-0.5278915386650115,100,0,1
2025.09.25,01:59:44,-0.4638932727182322,-0.39217469520662634,-0.5078305315015363,-0.5008162103222841,100,0,1
2025.09.25,02:00:44,-0.5225882754464953,-0.4700243049550154,-0.5727574062622627,-0.5353406580080866,100,0,1
2025.09.25,02:01:44,-0.49001572214323114,-0.4368358616460896,-0.6003349932397951,-0.47545409406418776,100,0,1
2025.09.25,02:02:44,-0.5050991786092247,-0.48334955452763956,-0.5723507205975835,-0.5362308330581891,100,0,1
2025.09.25,02:03:44,-0.4514305266053152,-0.42967027834287774,-0.4865359933641334,-0.43234126853968197,100,0,1
2025.09.25,02:04:44,-0.48031783963138636,-0.43111580878831096,-0.5429692885989724,-0.485096135519299,100,0,1
2025.09.25,02:05:44,-0.4734390698013788,-0.43778371311484426,-0.5432393723959428,-0.4508262232081955,100,0,1
2025.09.25,02:06:44,-0.5690791657467572,-0.5342667411066323,-0.610733193248713,-0.5963165313201645,100,0,1
2025.09.25,02:07:44,-0.47929140566637357,-0.42284493542934976,-0.5688183692079593,-0.4377920682065368,100,0,1
2025.09.25,02:08:44,-0.4599295846860666,-0.41450713936012834,-0.48893002674423625,-0.4168785594684435,100,0,1
2025.09.25,02:09:44,-0.4635942563482851,-0.3853046697911796,-0.5252149375035668,-0.39898149053530396,100,0,1
2025.09.25,02:10:44,-0.441757841213269,-0.39383989349246484,-0.48809451742906235,-0.42020764467782606,100,0,1
2025.09.25,02:11:44,-0.4064533198231478,-0.3678721016866411,-0.45882106513481913,-0.3774411247271779,100,0,1
2025.09.25,02:12:44,-0.31681509704503424,-0.22667601515634528,-0.3886127635921346,-0.3049417857062119,100,0,1
2025.09.25,02:13:44,-0.3806884880090413,-0.28873950180048047,-0.45670656169541546,-0.3509817685387764,100,0,1
2025.09.25,02:14:44,-0.46699254026554293,-0.4026514289819684,-0.5274051451118683,-0.4138842906664162,100,0,1
2025.09.25,02:15:44,-0.5409560374167534,-0.4807902553360299,-0.5718186672235706,-0.48401835907060836,100,0,1
2025.09.25,02:16:44,-0.475516042865684,-0.41654901580120596,-0.52036882739545,-0.4704722674637821,100,0,1
2025.09.25,02:17:44,-0.4709273414931929,-0.4123293881097503,-0.5488806906728986,-0.42727011911289714,100,0,1
2025.09.25,02:18:44,-0.4799826863936926,-0.40578716305455287,-0.4962233774489019,-0.49413764407635435,100,0,1
2025.09.25,02:19:44,-0.43060883390473587,-0.40711518716472694,-0.4712249551760421,-0.43753386848052345,100,0,1
2025.09.25,02:20:44,-0.38747080052822946,-0.30794552798756336,-0.4398869389616149,-0.378391200572701,100,0,1
2025.09.25,02:21:44,-0.4465455795663973,-0.3946907655978057,-0.5213479261688638,-0.5072629689783286,100,0,1
2025.09.25,02:22:44,-0.3644127358564472,-0.3341895165146599,-0.4021642457476466,-0.38618829249138337,100,0,1
2025.09.25,02:23:44,-0.41635654759059854,-0.3334374008374727,-0.4658516342215041,-0.38522865018067637,100,0,1
2025.09.25,02:24:44,-0.45204283392730327,-0.39623840570511276,-0.524124859457672,-0.480729903727644,100,0,1
2025.09.25,02:25:44,-0.4639916129225685,-0.3814910472110858,-0.5330339851608413,-0.4811160900421154,100,0,1
2025.09.25,02:26:44,-0.44543513900629045,-0.4084032906733518,-0.51681472570517,-0.41767671743956214,100,0,1
2025.09.25,02:27:44,-0.4743059868351362,-0.449731406930751,-0.5073966801786977,-0.45992742962660366,100,0,1
2025.09.25,02:28:44,-0.47166563090435015,-0.39905921575751124,-0.49063663797196766,-0.40623127134950154,100,0,1
2025.09.25,02:29:44,-0.4860885237460708,-0.44864630672444716,-0.536296315858543,-0.5252600873391859,100,0,1
2025.09.25,02:30:44,-0.4952421988654177,-0.4596587502595969,-0.5130685982885387,-0.47265094126205076,100,0,1
2025.09.25,02:31:44,-0.47855481257941024,-0.4305887501063426,-0.5360433245619377,-0.45575296918402575,100,0,1
2025.09.25,02:32:44,-0.47008249697510507,-0.39886614379941476,-0.5197912872225394,-0.43945666285759927,100,0,1
2025.09.25,02:33:44,-0.4915593103010425,-0.4427194967857916,-0.5244513821179146,-0.4674701838143091,100,0,1
2025.09.25,02:34:44,-0.475444181630567,-0.4094892892017609,-0.5311916607953334,-0.48852819288915755,100,0,1
2025.09.25,02:35:44,-0.48981336539694276,-0.4406855323704669,-0.5036541951349601,-0.4706985236424287,100,0,1
2025.09.25,02:36:44,-0.532186191017559,-0.49127995337749525,-0.5635160003489584,-0.5361349791015405,100,0,1
2025.09.25,02:37:44,-0.5223088474109883,-0.47939514209191675,-0.6197720277353378,-0.4795777969078192,100,0,1
2025.09.25,02:38:44,-0.5281801281428299,-0.46999301151984285,-0.5694089459250627,-0.5181651117738073,100,0,1
2025.09.25,02:39:44,-0.5301018622517367,-0.5089571151313433,-0.5802947840448236,-0.5104371017818607,100,0,1
2025.09.25,02:40:44,-0.44680163592757705,-0.4102515415992406,-0.5047175883922304,-0.5025059547845947,100,0,1
2025.09.25,02:41:44,-0.4691789592320637,-0.4026019911365255,-0.4914809778411016,-0.48660887311038936,100,0,1
2025.09.25,02:42:44,-0.5294008443376769,-0.4599470971700448,-0.5312898611461716,-0.480615421195912,100,0,1
2025.09.25,02:43:44,-0.5588867986523589,-0.5288155279164047,-0.5961398458182237,-0.543917800837617,100,0,1
2025.09.25,02:44:44,-0.5338929098568654,-0.47964341507316877,-0.5586876849570034,-0.48688300184233346,100,0,1
2025.09.25,02:45:44,-0.6774593986761642,-0.6184308977529218,-0.7216416127285217,-0.693640123044357,100,0,1
2025.09.25,02:46:44,-0.6984163183398868,-0.6541762426725595,-0.7529659004986285,-0.752199610946872,100,0,1
2025.09.25,02:47:44,-0.7339815122983612,-0.690698822603122,-0.7746388444221731,-0.731680185273995,100,0,1
2025.09.25,02:48:44,-0.6800901797321813,-0.6464319600912736,-0.7044621683871711,-0.6688928744751385,100,0,1
2025.09.25,02:49:44,-0.6739103689324353,-0.6008514961828566,-0.737437558719582,-0.7190512605807194,100,0,1
2025.09.25,02:50:44,-0.7307456588315746,-0.6955352281582228,-0.7720254829733273,-0.7033407723224769,100,0,1
2025.09.25,02:51:44,-0.6502739127064352,-0.5911512722209112,-0.6979486763425827,-0.6769318597363456,100,0,1
2025.09.25,02:52:44,-0.6651585062186803,-0.5959559783486138,-0.7385489695378273,-0.7319220998544893,100,0,1
2025.09.25,02:53:44,-0.6303480045118646,-0.576713494328105,-0.6765681531741143,-0.6445977777719201,100,0,1
2025.09.25,02:54:44,-0.8039554760206232,-0.7441788364945482,-0.8188140565169504,-0.7718538472987022,100,0,1
2025.09.25,02:55:44,-0.7901914987903751,-0.7828633028057901,-0.8217077192659986,-0.8193468179890743,100,0,1
2025.09.25,02:56:44,-0.8031081562651308,-0.7147292512347175,-0.8540801092357488,-0.7320204088410242,100,0,1
2025.09.25,02:57:44,-0.8019753247855347,-0.7738742036495804,-0.8703550661364716,-0.8260848572800139,100,0,1
2025.09.25,02:58:44,-0.8448748169996996,-0.7963728631586017,-0.8900041536814591,-0.8520052565982145,100,0,1
2025.09.25,02:59:44,-0.8561945757593828,-0.8055363374849717,-0.889571769112161,-0.8782754038199643,100,0,1
2025.09.25,03:00:44,-0.8051328441696916,-0.7495509611810467,-0.8150249685059328,-0.7501627850144339,100,0,1
2025.09.25,03:01:44,-0.8557777246767213,-0.7882890935227665,-0.9090015891162587,-0.8737043654392924,100,0,1
2025.09.25,03:02:44,-0.8747920453869571,-0.8112749530811841,-0.9088076526785499,-0.8767453841430575,100,0,1
2025.09.25,03:03:44,-0.9284206105958874,-0.888328495040749,-1.008182742993628,-0.9868654612456478,100,0,1
2025.09.25,03:04:44,-0.9487523863260542,-0.9023487550736061,-1.0015707550920578,-0.9635929424977003,100,0,1
2025.09.25,03:05:44,-1.044589425464539,-1.0017429202717423,-1.099632183165162,-1.057104746124948,100,0,1
2025.09.25,03:06:44,-1.026503813258601,-0.9504614151944709,-1.0842262707986174,-1.0325517569450127,100,0,1
2025.09.25,03:07:44,-1.0166252891580274,-0.9172161063200498,-1.0771621704738572,-0.9801506319623117,100,0,1
2025.09.25,03:08:44,-1.0006948957991206,-0.9737326658831421,-1.0406376524018617,-1.0149743809177902,100,0,1
2025.09.25,03:09:44,-0.9876259812733134,-0.9322731244782156,-1.039160368999823,-0.9886966738396996,100,0,1
2025.09.25,03:10:44,-1.01482853860282,-0.990608868151897,-1.085300644837447,-1.0032867885855068,100,0,1
2025.09.25,03:11:44,-1.065015739509541,-1.0040770121659743,-1.0935549760852674,-1.0090941491240013,100,0,1
2025.09.25,03:12:44,-1.1181604038515278,-1.0714430301506508,-1.164533672449323,-1.1332781853654283,100,0,1
2025.09.25,03:13:44,-1.159202741965173,-1.1044224408161105,-1.202462763631582,-1.1519707739377305,100,0,1
2025.09.25,03:14:44,-1.124191528376896,-1.055302985734699,-1.171572958501599,-1.1193025582347689,100,0,1
2025.09.25,03:15:44,-1.1472705116563324,-1.1073493861418,-1.2154272928044783,-1.1631694624192102,100,0,1
2025.09.25,03:16:44,-1.1401578525678147,-1.0903411722576442,-1.2114234383502662,-1.1923613377783506,100,0,1
2025.09.25,03:17:44,-1.1422273517916968,-1.113495798035848,-1.215633042578913,-1.2018451492895796,100,0,1
2025.09.25,03:18:44,-0.9897849336909721,-0.9347119073796216,-1.059932530396296,-1.0201349620146156,100,0,1
2025.09.25,03:19:44,-1.0024518103635933,-0.9689547848393308,-1.0239470776024273,-1.0209132521908248,100,0,1
2025.09.25,03:20:44,-0.901714788656736,-0.8497605943467237,-0.9754759184670319,-0.9038535009686539,100,0,1
2025.09.25,03:21:44,-0.9654428421602785,-0.9151034131752745,-1.0176862316021253,-0.9505055392787991,100,0,1
2025.09.25,03:22:44,-0.9150210978081091,-0.8749463865254675,-0.9259127305130374,-0.8993924917066662,100,0,1
2025.09.25,03:23:44,-0.9973760801200761,-0.9647876355154018,-1.036415265829173,-0.9694481766713918,100,0,1
2025.09.25,03:24:44,-1.0405979415386915,-0.9849400860087117,-1.078092980194591,-1.0446274435674017,100,0,1
2025.09.25,03:25:44,-1.1185611863840357,-1.0888920622253664,-1.1630992681926786,-1.1414761726704743,100,0,1
2025.09.25,03:26:44,-1.129907158512616,-1.0535707108072303,-1.184961194643176,-1.0801083989975688,100,0,1
2025.09.25,03:27:44,-1.1545234363870338,-1.0466611531732903,-1.1828771085222989,-1.1673442391376048,100,0,1
2025.09.25,03:28:44,-1.0326675986463016,-0.9797989112643207,-1.0743764676371166,-0.9967546364673259,100,0,1
2025.09.25,03:29:44,-1.0140010476125727,-0.9607977271444242,-1.0660848248162555,-0.9795618009826988,100,0,1
2025.09.25,03:30:44,-1.0439251953081472,-0.9962236509308833,-1.0989979161368366,-0.9995840802396458,100,0,1
2025.09.25,03:31:44,-0.9540383803692588,-0.8685410853916428,-0.9664439924042685,-0.8711350993213719,100,0,1
2025.09.25,03:32:44,-1.0207787620182354,-0.9645349735860158,-1.042308306544757,-1.0298430862088215,100,0,1
2025.09.25,03:33:44,-0.9739197495142605,-0.9071636040698405,-1.0104655146476484,-0.949515739560523,100,0,1
2025.09.25,03:34:44,-0.9685977756051976,-0.8914690610113496,-1.0319322469728294,-0.9427100145055355,100,0,1
2025.09.25,03:35:44,-0.9566548699850851,-0.9188086708690745,-1.0432828421756968,-0.950864304774655,100,0,1
2025.09.25,03:36:44,-1.0194387942810397,-0.9360461179751292,-1.053832046507188,-1.0225059786079636,100,0,1
2025.09.25,03:37:44,-0.991787383392188,-0.9493411047963403,-1.0457033312066748,-0.9663647676445557,100,0,1
2025.09.25,03:38:44,-1.0532002386125614,-0.9793274616759677,-1.1122476415806857,-1.0112552428757358,100,0,1
2025.09.25,03:39:44,-1.0270921895643355,-0.9636962818071297,-1.0749727020048654,-0.9957842655417964,100,0,1
2025.09.25,03:40:44,-1.0928497474467516,-1.0145817397393762,-1.1066005639625884,-1.0219587246213278,100,0,1
2025.09.25,03:41:44,-1.0036340846920833,-0.9609503972758072,-1.0438897000609104,-1.041907395509223,100,0,1
2025.09.25,03:42:44,-1.0654717007660732,-1.0030660880859776,-1.1008524857857918,-1.0870218214224914,100,0,1
2025.09.25,03:43:44,-0.9874300244743756,-0.9605118071874708,-1.0393400847453278,-1.026801410992522,100,0,1
2025.09.25,03:44:44,-0.9966064310875759,-0.9199343481563493,-1.086106563511194,-1.0084880132430276,100,0,1
2025.09.25,03:45:44,-0.8261689054077682,-0.767029535358572,-0.8677051413676748,-0.7924107208725945,100,0,1
2025.09.25,03:46:44,-0.8432847559876366,-0.7961155326023007,-0.9089359650743853,-0.8647167800599458,100,0,1
2025.09.25,03:47:44,-0.7715080477590313,-0.7463482968200641,-0.8584901149693549,-0.8353123364982066,100,0,1
2025.09.25,03:48:44,-0.7922348257605499,-0.7762559102162727,-0.8400644086839459,-0.807111325372352,100,0,1
2025.09.25,03:49:44,-0.7756606756357581,-0.725813634202039,-0.8140843294338055,-0.7957125191154429,100,0,1
2025.09.25,03:50:44,-0.7379352499338744,-0.6701644211123806,-0.7717975621576455,-0.7650796363340875,100,0,1
2025.09.25,03:51:44,-0.778314999705947,-0.7371463449615587,-0.8264638725678204,-0.8168224239501701,100,0,1
2025.09.25,03:52:44,-0.8818881206141806,-0.8399389772120139,-0.9245399739377644,-0.9173344069103877,100,0,1
2025.09.25,03:53:44,-0.8769142531683267,-0.8450090586978735,-0.9145429133785559,-0.8647516721178656,100,0,1
2025.09.25,03:54:44,-0.8945532779227102,-0.815478527381153,-0.9753236466113978,-0.9107968732024858,100,0,1
2025.09.25,03:55:44,-0.8394295832045204,-0.8042068610876782,-0.8758204584350506,-0.8188386302370653,100,0,1
2025.09.25,03:56:44,-0.8943990213138445,-0.8248650668575505,-0.9506274061360983,-0.8255285930005203,100,0,1
2025.09.25,03:57:44,-0.9129658249467537,-0.8486451886804451,-0.9849949790635015,-0.882647106743082,100,0,1
2025.09.25,03:58:44,-0.881347210821282,-0.860497666161306,-0.9299598853157348,-0.8661058876193317,100,0,1
2025.09.25,03:59:44,-0.9361727123595239,-0.9194590587208493,-0.9835480715832982,-0.9605244136892617,100,0,1
2025.09.25,04:00:44,-0.9298816346743098,-0.8958262359865024,-0.9881510105148378,-0.9440826693518455,100,0,1
2025.09.25,04:01:44,-0.8324445610535006,-0.8066697849801934,-0.8886100719083476,-0.8785559949128903,100,0,1
2025.09.25,04:02:44,-0.8590995476011215,-0.7768582569226227,-0.9326604214797349,-0.8975153217715389,100,0,1
2025.09.25,04:03:44,-0.8580306903720525,-0.8306817731069456,-0.9271768329472244,-0.888403268595667,100,0,1
2025.09.25,04:04:44,-0.9006510733549145,-0.8650578289374897,-0.9658593248762976,-0.8844321945463782,100,0,1
2025.09.25,04:05:44,-0.8727628404411839,-0.8612029615149036,-0.9123054877086734,-0.8678268985670118,100,0,1
2025.09.25,04:06:44,-0.8813429438468242,-0.8470545803789167,-0.9253797881343246,-0.8676364545645447,100,0,1
2025.09.25,04:07:44,-0.8769228773090899,-0.867308295542946,-0.9068072849231509,-0.8805104349414095,100,0,1
2025.09.25,04:08:44,-0.8337206682226558,-0.7894961350078507,-0.8985977685381092,-0.8116557318631479,100,0,1
2025.09.25,04:09:44,-0.8103026893542075,-0.7584084134334852,-0.9211926142494157,-0.9103902738875492,100,0,1
2025.09.25,04:10:44,-0.8455781622837446,-0.7919552368581648,-0.9000514831132074,-0.8879074912421621,100,0,1
2025.09.25,04:11:44,-0.8833150885242869,-0.838184450604157,-0.9317280185320433,-0.9299965946895006,100,0,1
2025.09.25,04:12:44,-0.8380113316995854,-0.7785546798901011,-0.8482578070685081,-0.8022300620483074,100,0,1
2025.09.25,04:13:44,-0.7492260144766965,-0.707137813712579,-0.79051548278123,-0.780167398421736,100,0,1
2025.09.25,04:14:44,-0.774592005444254,-0.7251035632003046,-0.8396274019076818,-0.8059958020233056,100,0,1
2025.09.25,04:15:44,-0.7477049041705854,-0.6997605304455283,-0.8353514278855676,-0.7710837217161035,100,0,1
2025.09.25,04:16:44,-0.7564792494493195,-0.6934024155560756,-0.8000943085452784,-0.7108731827962591,100,0,1
2025.09.25,04:17:44,-0.7444884276502081,-0.7118352238708858,-0.8140656494377044,-0.7321441066393539,100,0,1
2025.09.25,04:18:44,-0.7537347766166707,-0.7066104223357537,-0.7698060929684154,-0.751736127046447,100,0,1
2025.09.25,04:19:44,-0.7348117326715085,-0.6855981711027787,-0.7751737415605646,-0.68856868646801,100,0,1
2025.09.25,04:20:44,-0.7848454140271823,-0.7539549335842511,-0.8616525692212611,-0.8011667821806209,100,0,1
2025.09.25,04:21:44,-0.8361566446232988,-0.7661864930172004,-0.85429988790885,-0.8424964077013484,100,0,1
2025.09.25,04:22:44,-0.9052337285247335,-0.8626002727462059,-0.9573632087626036,-0.9224431899118053,100,0,1
2025.09.25,04:23:44,-0.9196228833535908,-0.8825502652089355,-0.9745424876687793,-0.9575213704233121,100,0,1
2025.09.25,04:24:44,-0.9027802308497146,-0.8691250240215477,-0.9450115522678337,-0.872409367208659,100,0,1
2025.09.25,04:25:44,-0.9017446595833887,-0.853969012395552,-0.925131350445764,-0.8950408718331272,100,0,1
2025.09.25,04:26:44,-0.8194264431339401,-0.7843057866906931,-0.8233386377468966,-0.8033947796755471,100,0,1
2025.09.25,04:27:44,-0.7573321859667637,-0.7150862030883267,-0.8298034845691695,-0.8241904034376658,100,0,1
2025.09.25,04:28:44,-0.7328167702796285,-0.6830902786079981,-0.8061399626593654,-0.7447035485482812,100,0,1
2025.09.25,04:29:44,-0.6973669147615497,-0.6576366209862186,-0.7280051814427055,-0.6923795868005738,100,0,1
2025.09.25,04:30:44,-0.7236244413067785,-0.664014912539518,-0.7422022320409846,-0.7196240859291618,100,0,1
2025.09.25,04:31:44,-0.6231459975411567,-0.5503937448905772,-0.6570495894028494,-0.5645567158886681,100,0,1
2025.09.25,04:32:44,-0.6136358510084154,-0.5450224357828635,-0.7220241449706878,-0.5843348277421054,100,0,1
2025.09.25,04:33:44,-0.6129077337499392,-0.5625810617019483,-0.6761212167419635,-0.6546170223357342,100,0,1
2025.09.25,04:34:44,-0.6262752286102872,-0.5813329828622171,-0.6692116187901964,-0.5906850105221125,100,0,1
2025.09.25,04:35:44,-0.6073497123215881,-0.5652130373832046,-0.6708808000897856,-0.6313761530610327,100,0,1
2025.09.25,04:36:44,-0.5520392964479346,-0.48587586583212816,-0.598882657247012,-0.5623659002712997,100,0,1
2025.09.25,04:37:44,-0.5283644531199526,-0.4382848936576335,-0.5643178593783144,-0.5437492018854472,100,0,1
2025.09.25,04:38:44,-0.6022742438839755,-0.5246810543158663,-0.6220088626173826,-0.5757709125872137,100,0,1
2025.09.25,04:39:44,-0.6146061969617451,-0.5747244222121826,-0.6358777018416346,-0.5851472752997894,100,0,1
2025.09.25,04:40:44,-0.6693837892242318,-0.6427796240828765,-0.7161581387719126,-0.6442554847134847,100,0,1
2025.09.25,04:41:44,-0.6969198348368728,-0.6150327986829665,-0.7359129218785961,-0.6723717626533351,100,0,1
2025.09.25,04:42:44,-0.7690134438381868,-0.7190507625387264,-0.8369786248929068,-0.7328184385548768,100,0,1
2025.09.25,04:43:44,-0.7429940664828969,-0.6769343619057298,-0.7687589452079345,-0.6787863040137387,100,0,1
2025.09.25,04:44:44,-0.7463275015033801,-0.6748014565496079,-0.7968305977313825,-0.7709631249139384,100,0,1
2025.09.25,04:45:44,-0.7645455162022703,-0.6804966198467641,-0.846601001924868,-0.8191803673631802,100,0,1
2025.09.25,04:46:44,-0.723629544576726,-0.6973401474162833,-0.7664279121771839,-0.7504033087101616,100,0,1
2025.09.25,04:47:44,-0.5883616599001703,-0.5095626736009697,-0.6358562537544,-0.6096612566559743,100,0,1
2025.09.25,04:48:44,-0.654983208168514,-0.6044956392262179,-0.6846996060843379,-0.671435387516734,100,0,1
2025.09.25,04:49:44,-0.6615480018803976,-0.5895230314377155,-0.6846485656190828,-0.6122564173835177,100,0,1
2025.09.25,04:50:44,-0.724168183123507,-0.6713353199331438,-0.7738789531869924,-0.713773879571191,100,0,1
2025.09.25,04:51:44,-0.7845600028069879,-0.7217955437550315,-0.8433530911890985,-0.7949814759747448,100,0,1
2025.09.25,04:52:44,-0.8140826948955807,-0.7425285439457273,-0.868834496598779,-0.841330188084996,100,0,1
2025.09.25,04:53:44,-0.7877523049808586,-0.7438003617696013,-0.8288270612939647,-0.8104337002835292,100,0,1
2025.09.25,04:54:44,-0.8153400367630188,-0.7812052178110617,-0.8619540429311865,-0.8245073430653553,100,0,1
2025.09.25,04:55:44,-0.7362727155266267,-0.6751725986007568,-0.7780983452773352,-0.7276846834022609,100,0,1
2025.09.25,04:56:44,-0.6552988536274247,-0.6144747254563656,-0.7263456402794929,-0.7025648653534233,100,0,1
2025.09.25,04:57:44,-0.6223890284159631,-0.580894032983162,-0.6926599935882294,-0.5944868341535509,100,0,1
2025.09.25,04:58:44,-0.6149875759930731,-0.5476987553465822,-0.6526094539352836,-0.6252951892339937,100,0,1
2025.09.25,04:59:44,-0.6632958372572095,-0.6182930500384483,-0.7040370594563831,-0.653757479297403,100,0,1
2025.09.25,05:00:44,-0.6924871225209809,-0.6342707426436159,-0.7318708865582957,-0.6713652973416886,100,0,1
2025.09.25,05:01:44,-0.6467026307502342,-0.5770705350659608,-0.7087049995330582,-0.596669241792745,100,0,1
2025.09.25,05:02:44,-0.5837040751334753,-0.5262263881731319,-0.6534479872777498,-0.5760230054282409,100,0,1
2025.09.25,05:03:44,-0.5676499161725391,-0.5379640420117936,-0.6279572087996087,-0.5452462742084122,100,0,1
2025.09.25,05:04:44,-0.4979087114866236,-0.4066781704099663,-0.5452409637375719,-0.4818497049567263,100,0,1
2025.09.25,05:05:44,-0.4877286199906957,-0.41956866201695864,-0.5620764206022264,-0.5125751521535956,100,0,1
2025.09.25,05:06:44,-0.4975563071809871,-0.41240511983460487,-0.5419402694583075,-0.5171922838166486,100,0,1
2025.09.25,05:07:44,-0.4713302526131532,-0.4243713689003635,-0.5480484891492452,-0.5461565143925315,100,0,1
2025.09.25,05:08:44,-0.5047570002657148,-0.4390891371535803,-0.5804145214301948,-0.541483207512999,100,0,1
2025.09.25,05:09:44,-0.5216004013599767,-0.4715699317728875,-0.5489242310380564,-0.49799541275132736,100,0,1
2025.09.25,05:10:44,-0.527365570792364,-0.4653839946929918,-0.5789406975921307,-0.5650078204740638,100,0,1
2025.09.25,05:11:44,-0.4867237757016471,-0.44684934286255906,-0.5320529253105357,-0.4480693377326275,100,0,1
2025.09.25,05:12:44,-0.44432468861802504,-0.41031552536851,-0.45667351704176046,-0.42944055770071543,100,0,1
2025.09.25,05:13:44,-0.46919495486885526,-0.4235557402141849,-0.5387278970473608,-0.4244388826248038,100,0,1
2025.09.25,05:14:44,-0.40966006276215383,-0.35293470253573855,-0.4549491710630141,-0.38535547652524654,100,0,1
2025.09.25,05:15:44,-0.3649897557328069,-0.28640308426494,-0.4041696611031853,-0.3303754510429112,100,0,1
2025.09.25,05:16:44,-0.37850683019790765,-0.31581321067083423,-0.438572793514243,-0.40531605884981187,100,0,1
2025.09.25,05:17:44,-0.40459279855385727,-0.3484216207036927,-0.4522557096209381,-0.35670048617877825,100,0,1
2025.09.25,05:18:44,-0.40978388896932444,-0.3593514881361506,-0.4676539298232885,-0.36054340869692714,100,0,1
2025.09.25,05:19:44,-0.42337539418135955,-0.3921524426638199,-0.44949261641883326,-0.44074646483032914,100,0,1
2025.09.25,05:20:44,-0.3391333588642921,-0.2877169526570873,-0.39659446498423095,-0.39451078679646806,100,0,1
2025.09.25,05:21:44,-0.36977491975994076,-0.31918782719061867,-0.4408579829648775,-0.32350868887453554,100,0,1
2025.09.25,05:22:44,-0.32910310370623247,-0.3064469698204631,-0.4310005519822792,-0.34614070129942526,100,0,1
2025.09.25,05:23:44,-0.3969881918369771,-0.3801700953762584,-0.44833041448220734,-0.4109312467994518,100,0,1
2025.09.25,05:24:44,-0.39541893099248754,-0.3460183600266092,-0.44655103117242456,-0.39999302530881714,100,0,1
2025.09.25,05:25:44,-0.3990679114419702,-0.36971228074466045,-0.433469430945195,-0.3893901908175028,100,0,1
2025.09.25,05:26:44,-0.313944236548574,-0.24833396229033006,-0.35966648193834483,-0.2972106037324253,100,0,1
2025.09.25,05:27:44,-0.3556160289129517,-0.2693252953504947,-0.4096182086226828,-0.2892983925826952,100,0,1
2025.09.25,05:28:44,-0.29379373418010796,-0.23567154295088372,-0.3681098541888075,-0.34267629298544233,100,0,1
2025.09.25,05:29:44,-0.2628365622939843,-0.2237686394983062,-0.30437366326388643,-0.26604527165596903,100,0,1
2025.09.25,05:30:44,-0.23765583735248472,-0.1729283254245124,-0.2833359828039454,-0.2610695440823407,100,0,1
2025.09.25,05:31:44,-0.2453725092230255,-0.17060391837104083,-0.283786140654655,-0.19628531819102257,100,0,1
2025.09.25,05:32:44,-0.20965547302719942,-0.1739442569831906,-0.2916470971421787,-0.2747250572933296,100,0,1
2025.09.25,05:33:44,-0.26614480903706605,-0.1909400474915885,-0.3221912400147524,-0.2053049542677829,100,0,1
2025.09.25,05:34:44,-0.24245521703716547,-0.15578566557584012,-0.28756802450013097,-0.26939724669896076,100,0,1
2025.09.25,05:35:44,-0.36335325949471886,-0.3122053529995762,-0.4201650286859326,-0.3223635903022278,100,0,1
2025.09.25,05:36:44,-0.32047564153977354,-0.24752771067753804,-0.36781589555015043,-0.35361037321071276,100,0,1
2025.09.25,05:37:44,-0.2644579911056095,-0.1927800402062374,-0.34663079291023674,-0.2634967852069707,100,0,1
2025.09.25,05:38:44,-0.32186116482614996,-0.3139683886628301,-0.37857203487744284,-0.34793903568710727,100,0,1
2025.09.25,05:39:44,-0.2838406051491212,-0.22964967372280487,-0.3217473956444593,-0.31222396080693426,100,0,1
2025.09.25,05:40:44,-0.2491858626520402,-0.19206120871576884,-0.2934517949708585,-0.26987115273177714,100,0,1
2025.09.25,05:41:44,-0.293547805890686,-0.25057222601473084,-0.37447177802898485,-0.2833047555918074,100,0,1
2025.09.25,05:42:44,-0.3412062077056615,-0.2965852095042187,-0.38709210870834254,-0.37160848246775546,100,0,1
2025.09.25,05:43:44,-0.37884137348866564,-0.31881849338611207,-0.432568903823976,-0.3614473512469998,100,0,1
2025.09.25,05:44:44,-0.39217400259720464,-0.3071879580723446,-0.4449412137024211,-0.38918222936663616,100,0,1
2025.09.25,05:45:44,-0.3856762401871451,-0.3190993036440117,-0.4816580804807029,-0.36708792311459204,100,0,1
2025.09.25,05:46:44,-0.4072863124107249,-0.35105796040826465,-0.4890180349572066,-0.39222738090469333,100,0,1
2025.09.25,05:47:44,-0.4911359680940335,-0.44675978128262606,-0.5409844780640805,-0.5130802548125357,100,0,1
2025.09.25,05:48:44,-0.4905707726521699,-0.4403635467588345,-0.5234486408057937,-0.44742248460347894,100,0,1
2025.09.25,05:49:44,-0.49644698099749773,-0.4074982577130825,-0.5312990262217853,-0.4643016945090074,100,0,1
2025.09.25,05:50:44,-0.5581819863563572,-0.5062242650346334,-0.5706277567695639,-0.5667625770602217,100,0,1
2025.09.25,05:51:44,-0.5738242645488948,-0.4953344270138579,-0.6266329413355421,-0.5943692565121067,100,0,1
2025.09.25,05:52:44,-0.6046124377157607,-0.556527751412529,-0.6450556238571545,-0.6407712940282113,100,0,1
2025.09.25,05:53:44,-0.5314345942220937,-0.5181489386949825,-0.5766325401976022,-0.5474499814655542,100,0,1
2025.09.25,05:54:44,-0.5777793433217155,-0.5347423314341277,-0.6572235066800348,-0.6323003595588742,100,0,1
2025.09.25,05:55:44,-0.6416696181412793,-0.569540948970352,-0.7245468236200182,-0.6255758567864331,100,0,1
2025.09.25,05:56:44,-0.6003301529129281,-0.554091274150353,-0.6553920372448605,-0.5665940097943923,100,0,1
2025.09.25,05:57:44,-0.6115046010486774,-0.5812385108304264,-0.6808254191987224,-0.5997099979038418,100,0,1
2025.09.25,05:58:44,-0.5893228147613885,-0.5236106276148176,-0.6716335739840923,-0.5753581536010186,100,0,1
2025.09.25,05:59:44,-0.5135193096796693,-0.4687949722644218,-0.5633687955903247,-0.5006057383770065,100,0,1
2025.09.25,06:00:44,-0.5518582392308103,-0.5229482305583246,-0.5887887228064463,-0.5525517335130883,100,0,1
2025.09.25,06:01:44,-0.5784665124744797,-0.5257238201422645,-0.6156482063965643,-0.5883424533132088,100,0,1
2025.09.25,06:02:44,-0.5318675208577924,-0.4519126823214984,-0.5610338724176308,-0.48093907349138704,100,0,1
2025.09.25,06:03:44,-0.4785794663608605,-0.44500885206651597,-0.5399666668136565,-0.5330207979787004,100,0,1
2025.09.25,06:04:44,-0.5234769034891422,-0.427094107772923,-0.5903730148712854,-0.5424980459030457,100,0,1
2025.09.25,06:05:44,-0.5580219372387744,-0.46984921210053365,-0.5964736392229408,-0.515339887540871,100,0,1
2025.09.25,06:06:44,-0.5800847154437796,-0.48447671939806314,-0.670855345961128,-0.6534977854522357,100,0,1
2025.09.25,06:07:44,-0.5666773871475528,-0.5226361454941884,-0.6430161944197631,-0.5615622228251225,100,0,1
2025.09.25,06:08:44,-0.5317624501404581,-0.4653677964152412,-0.6221126219161537,-0.5393600943173458,100,0,1
2025.09.25,06:09:44,-0.5377214873922174,-0.5055908555051601,-0.5639199837919799,-0.5085456614075698,100,0,1
2025.09.25,06:10:44,-0.5267154392666581,-0.4899018731588927,-0.5477888959964662,-0.5095524081649149,100,0,1
2025.09.25,06:11:44,-0.5120758190308374,-0.4794688998568027,-0.5539407900153404,-0.4801439421916799,100,0,1
2025.09.25,06:12:44,-0.5367847232380115,-0.5179137807849842,-0.6096108816664961,-0.6001296282475331,100,0,1
2025.09.25,06:13:44,-0.5632041203661595,-0.49063169985874266,-0.5679616615897433,-0.49100290572980576,100,0,1
2025.09.25,06:14:44,-0.5946560320505175,-0.5574761542449049,-0.6543558627599404,-0.6417802301697839,100,0,1
2025.09.25,06:15:44,-0.7400289932419862,-0.6877041046010952,-0.7877733449666819,-0.7786399201505401,100,0,1
2025.09.25,06:16:44,-0.6999136972773822,-0.6562509486909532,-0.7222167140855623,-0.7067229670080878,100,0,1
2025.09.25,06:17:44,-0.718647277615857,-0.6714504445700693,-0.7294171805805721,-0.6864097497795066,100,0,1
2025.09.25,06:18:44,-0.6754651906431223,-0.5830218111332004,-0.71217538839322,-0.6724024419834228,100,0,1
2025.09.25,06:19:44,-0.6619392238964489,-0.5859444634739445,-0.7247011497515374,-0.7066819601550378,100,0,1
2025.09.25,06:20:44,-0.7258019206069549,-0.653667324970822,-0.8207447370160174,-0.8141786138988442,100,0,1
2025.09.25,06:21:44,-0.784731871584385,-0.7664568756936765,-0.8440164294802381,-0.8097181683686591,100,0,1
2025.09.25,06:22:44,-0.696374170217091,-0.6564813585042367,-0.743687278975403,-0.6635158519672609,100,0,1
2025.09.25,06:23:44,-0.7404002411286891,-0.6889481211229936,-0.7889332052006743,-0.7240318437149643,100,0,1
2025.09.25,06:24:44,-0.7013623104795962,-0.6717211452827224,-0.7610966493869666,-0.6965936896415864,100,0,1
2025.09.25,06:25:44,-0.7682361376999085,-0.7570210683874227,-0.8337274569797009,-0.8165310886206366,100,0,1
2025.09.25,06:26:44,-0.7788879522151243,-0.7227819278163983,-0.8049578815976756,-0.7787910755243808,100,0,1
2025.09.25,06:27:44,-0.7088718747701414,-0.680255778279097,-0.7378082815848216,-0.7341497336555285,100,0,1
2025.09.25,06:28:44,-0.6495345174660587,-0.6089391720727674,-0.672209380805313,-0.6108068918878039,100,0,1
2025.09.25,06:29:44,-0.649216539226776,-0.6079332130125344,-0.7070563874173241,-0.7027985351395383,100,0,1
2025.09.25,06:30:44,-0.6827074442135994,-0.6229220713975019,-0.7003228941639392,-0.6677215253780545,100,0,1
2025.09.25,06:31:44,-0.643525349530747,-0.6007244713817681,-0.7017197236181512,-0.6420011848342654,100,0,1
2025.09.25,06:32:44,-0.6646902307283874,-0.6065547253329715,-0.7483883541720593,-0.6174744016612039,100,0,1
2025.09.25,06:33:44,-0.673710465424803,-0.6309981765950299,-0.7459615595819444,-0.649743131860238,100,0,1
2025.09.25,06:34:44,-0.6306547067046211,-0.5634799074444408,-0.6733058323962161,-0.580359195704617,100,0,1
2025.09.25,06:35:44,-0.5852306776298505,-0.5400351417804384,-0.6637258042204992,-0.6464661645118063,100,0,1
2025.09.25,06:36:44,-0.5029793268618846,-0.46877059733518883,-0.5597524679738544,-0.5485157606302624,100,0,1
2025.09.25,06:37:44,-0.4574258656018263,-0.38448639811411245,-0.5018388498898768,-0.49345650376678446,100,0,1
2025.09.25,06:38:44,-0.4478025926780287,-0.3723404078579258,-0.5015915978846631,-0.3732696727903403,100,0,1
2025.09.25,06:39:44,-0.39884533247259596,-0.3377755575836117,-0.46277760309218907,-0.3942570156610592,100,0,1
2025.09.25,06:40:44,-0.47804567647047935,-0.4593885997632154,-0.4925070078225886,-0.48330053081593194,100,0,1
2025.09.25,06:41:44,-0.4631936213115667,-0.4247034800027776,-0.5128600027423693,-0.4693025804962951,100,0,1
2025.09.25,06:42:44,-0.4318495183486661,-0.3641866924810061,-0.5023638170377571,-0.4741854610653984,100,0,1
2025.09.25,06:43:44,-0.5191313968793192,-0.5027843817384843,-0.5727078676177435,-0.525002579215017,100,0,1
2025.09.25,06:44:44,-0.6038578645544982,-0.5625814361021199,-0.6402446649847107,-0.5729876510442057,100,0,1
2025.09.25,06:45:44,-0.5928235318593292,-0.5552762637336155,-0.6460590584633412,-0.588847861980011,100,0,1
2025.09.25,06:46:44,-0.5788783479639071,-0.5396779747307032,-0.6638994365394955,-0.5448568708068593,100,0,1
2025.09.25,06:47:44,-0.5387442185199406,-0.4734902619361344,-0.5913695063576532,-0.5213026530546032,100,0,1
2025.09.25,06:48:44,-0.5706017080513361,-0.5422410880732623,-0.6501393179671828,-0.5691585534944144,100,0,1
2025.09.25,06:49:44,-0.5947757775323866,-0.5452254186085977,-0.6351357459969625,-0.5646008487775889,100,0,1
2025.09.25,06:50:44,-0.5901362490307515,-0.5248855632366731,-0.6615359642779,-0.5581375266289231,100,0,1
2025.09.25,06:51:44,-0.6160508127809858,-0.564453707921166,-0.6792583366539853,-0.6482261930520333,100,0,1
2025.09.25,06:52:44,-0.6340083316921025,-0.5821199100343222,-0.7177782422053274,-0.6498846868326784,100,0,1
2025.09.25,06:53:44,-0.627305351422722,-0.5691786459146637,-0.6963175489886886,-0.667867233432336,100,0,1
2025.09.25,06:54:44,-0.6145734469491763,-0.5717925148624172,-0.6937460045240014,-0.5894487013951919,100,0,1
2025.09.25,06:55:44,-0.5445898107219256,-0.5092532117308017,-0.577797120817169,-0.5537796334987135,100,0,1
2025.09.25,06:56:44,-0.571429374910692,-0.5201145169043838,-0.6096050542950014,-0.5839849909526715,100,0,1
2025.09.25,06:57:44,-0.5711243674597343,-0.503846376476901,-0.6325850717311056,-0.6127135712565156,100,0,1
2025.09.25,06:58:44,-0.5597732783504238,-0.5183576813166407,-0.5863343604365352,-0.5374361402812703,100,0,1
2025.09.25,06:59:44,-0.563263167443823,-0.49340125559920606,-0.6195954622515911,-0.5639338393472786,100,0,1
2025.09.25,07:00:44,-0.60356396487331,-0.5510530553604832,-0.6526015035338238,-0.579181573895108,100,0,1
2025.09.25,07:01:44,-0.5682650906917662,-0.5275235741248943,-0.5870623417897785,-0.5557076037828246,100,0,1
2025.09.25,07:02:44,-0.5516814504169814,-0.5179356267655156,-0.601775185733014,-0.5518798185616485,100,0,1
2025.09.25,07:03:44,-0.5466717935770575,-0.4713259754678656,-0.6008893769729351,-0.5428879815412393,100,0,1
2025.09.25,07:04:44,-0.507015005764472,-0.42576156753630545,-0.5667319730265254,-0.49429855126222166,100,0,1
2025.09.25,07:05:44,-0.44077304281147317,-0.36919575553543776,-0.5055448040185583,-0.4551085211112747,100,0,1
2025.09.25,07:06:44,-0.43080273443478145,-0.36250791591561726,-0.4700279524631271,-0.40248525266398477,100,0,1
2025.09.25,07:07:44,-0.4925053795940968,-0.4452390468387439,-0.5559702737877105,-0.4612583064569099,100,0,1
2025.09.25,07:08:44,-0.45344280632745343,-0.38867520767505515,-0.5141429837703023,-0.41040195403905244,100,0,1
2025.09.25,07:09:44,-0.441576151115176,-0.356930025478368,-0.49890853636683613,-0.45969844774257895,100,0,1
2025.09.25,07:10:44,-0.43155316388112297,-0.384812751161899,-0.4432188886878588,-0.4058744414076663,100,0,1
2025.09.25,07:11:44,-0.46790763983641676,-0.44132034658170316,-0.5341076140330832,-0.4427893105649786,100,0,1
2025.09.25,07:12:44,-0.5119265016690578,-0.4412676932324144,-0.5788036745661332,-0.4515131867283759,100,0,1
2025.09.25,07:13:44,-0.4810705056736295,-0.39903480809454794,-0.5397510250908437,-0.48194121168936394,100,0,1
2025.09.25,07:14:44,-0.4511018752942027,-0.3902630731880611,-0.48474274719098953,-0.44330013536355517,100,0,1
2025.09.25,07:15:44,-0.5157694715691574,-0.5047554959847091,-0.5747430498824938,-0.5521457831541687,100,0,1
2025.09.25,07:16:44,-0.5576511156865076,-0.47901792268240784,-0.6011390816193729,-0.4929245351882588,100,0,1
2025.09.25,07:17:44,-0.5441341625010752,-0.5020584157069639,-0.5979334759674159,-0.5125944034592729,100,0,1
2025.09.25,07:18:44,-0.4817167370901371,-0.4558722138455236,-0.5058670573622972,-0.48755352607085706,100,0,1
2025.09.25,07:19:44,-0.4371607857806951,-0.3934109257833417,-0.5000747745949103,-0.40819217571744093,100,0,1
2025.09.25,07:20:44,-0.46935060444691057,-0.42317123730260875,-0.5485939137672877,-0.4883209651117571,100,0,1
2025.09.25,07:21:44,-0.4946242106655636,-0.44638706522520316,-0.5585162220389387,-0.5006661302215509,100,0,1
2025.09.25,07:22:44,-0.5628107803828275,-0.5412011262592185,-0.6456287554346749,-0.6297497641035306,100,0,1
2025.09.25,07:23:44,-0.5614539136470853,-0.5212542020045371,-0.6422673691363829,-0.5585803001683518,100,0,1
2025.09.25,07:24:44,-0.5482051799732864,-0.5220763361548161,-0.5961684721769941,-0.5566470299245274,100,0,1
2025.09.25,07:25:44,-0.5818308905407803,-0.5050026929199569,-0.6163309434483315,-0.5197442410870572,100,0,1
2025.09.25,07:26:44,-0.476617858837741,-0.404517030023533,-0.5035422823906611,-0.48362560487556044,100,0,1
2025.09.25,07:27:44,-0.41495786888262315,-0.3434176287377528,-0.4531983339926686,-0.4497673652293992,100,0,1
2025.09.25,07:28:44,-0.4989666998406702,-0.4264364786724396,-0.5997910021270408,-0.5519561874404061,100,0,1
2025.09.25,07:29:44,-0.6038204248126682,-0.5332050739719566,-0.6388420154701979,-0.5731591893382808,100,0,1
2025.09.25,07:30:44,-0.5420112288947202,-0.5213993270986659,-0.5877866771561455,-0.5669076905825583,100,0,1
2025.09.25,07:31:44,-0.5129947306946411,-0.49815607912821674,-0.5517660946853494,-0.5150123690485278,100,0,1
2025.09.25,07:32:44,-0.5398563271127238,-0.49095989608686325,-0.5827526902604058,-0.503667423384234,100,0,1
2025.09.25,07:33:44,-0.5749072894882004,-0.5521400267373042,-0.5986394715551185,-0.5581693048595612,100,0,1
2025.09.25,07:34:44,-0.5822566551305645,-0.5279156101348111,-0.6175113935108165,-0.5564042999846459,100,0,1
2025.09.25,07:35:44,-0.5976833391833462,-0.504096565259886,-0.6451786341666743,-0.6446751842885818,100,0,1
2025.09.25,07:36:44,-0.6681463951417338,-0.6201471589463844,-0.7156714639543452,-0.6246020610708094,100,0,1
2025.09.25,07:37:44,-0.7481520610702715,-0.7071801194878456,-0.812479897890295,-0.760919049583985,100,0,1
2025.09.25,07:38:44,-0.7959285880222304,-0.7343848159382289,-0.8386745839918154,-0.7454089001144731,100,0,1
2025.09.25,07:39:44,-0.8565374621667217,-0.7747006638369246,-0.9044305147530854,-0.8474902313073122,100,0,1
2025.09.25,07:40:44,-0.8820393740257433,-0.8334067166042151,-0.9471859356880081,-0.9396757518241322,100,0,1
2025.09.25,07:41:44,-0.9222336363064527,-0.90466277077391,-0.9617585032946548,-0.9212634588004458,100,0,1
2025.09.25,07:42:44,-0.8977705205079346,-0.8645490916426248,-0.9481210766647323,-0.9282614950728437,100,0,1
2025.09.25,07:43:44,-0.9210992501383736,-0.8598640358313714,-1.0039457106336496,-0.9766633853131019,100,0,1
2025.09.25,07:44:44,-0.8891859696426154,-0.8287350607043166,-0.9320873551056668,-0.8998797920038359,100,0,1
2025.09.25,07:45:44,-0.9090337058948288,-0.8264592747979193,-0.9623683776946153,-0.9319442923840172,100,0,1
2025.09.25,07:46:44,-0.8900636705454956,-0.8250602946112231,-0.9217929881255648,-0.8371700482629735,100,0,1
2025.09.25,07:47:44,-0.8721594164059783,-0.8339305159578526,-0.933675796633127,-0.839646591876495,100,0,1
2025.09.25,07:48:44,-0.8571022441046734,-0.8120162470071839,-0.9099605512568714,-0.8814272442704955,100,0,1
2025.09.25,07:49:44,-0.9338811103429563,-0.8614095735910028,-1.0026634224559532,-0.9355290117769122,100,0,1
2025.09.25,07:50:44,-0.8917687106343304,-0.8556429319704711,-0.9498892317008154,-0.9262727563172475,100,0,1
2025.09.25,07:51:44,-0.8353270729432927,-0.7809490865173371,-0.8824054288139709,-0.8120401595757283,100,0,1
2025.09.25,07:52:44,-0.8307661320680358,-0.7910937615450935,-0.8978200289442283,-0.8791540258896059,100,0,1
2025.09.25,07:53:44,-0.889937842866151,-0.8234629026436433,-0.9427602242449715,-0.9175998336548036,100,0,1
2025.09.25,07:54:44,-0.8860742997669729,-0.8015771129114119,-0.9328750135546391,-0.8251598158246672,100,0,1
2025.09.25,07:55:44,-0.8780713394178492,-0.8213528929604799,-0.9303894274349652,-0.855785010091163,100,0,1
2025.09.25,07:56:44,-0.9255139578874675,-0.8701412877884659,-0.9742853398141293,-0.8939519823829476,100,0,1
2025.09.25,07:57:44,-0.8954487608686104,-0.8691542345358629,-0.9514777388126574,-0.9140637564103828,100,0,1
2025.09.25,07:58:44,-0.9181322009764787,-0.8711915888556243,-0.9475935260678866,-0.9277144513210556,100,0,1
2025.09.25,07:59:44,-0.8635590589591523,-0.8083138098990361,-0.9129233361904925,-0.8718999458323639,100,0,1
2025.09.25,08:00:44,-0.8858196204979523,-0.8254012442302858,-0.937407210969042,-0.8613562019062426,100,0,1
2025.09.25,08:01:44,-0.885011974776532,-0.8406715533667217,-0.9270064938572563,-0.8930349209937327,100,0,1
2025.09.25,08:02:44,-0.8483509362347889,-0.8174836186141011,-0.8945826435987047,-0.8209709804699722,100,0,1
2025.09.25,08:03:44,-0.7897971479695284,-0.7467153893186299,-0.8344403219471407,-0.8327052078638475,100,0,1
2025.09.25,08:04:44,-0.8581324157391463,-0.8155618155499712,-0.8906862976186783,-0.8706833713279947,100,0,1
2025.09.25,08:05:44,-0.8310424507951008,-0.8076040238998009,-0.8522688593282997,-0.8081805620757043,100,0,1
2025.09.25,08:06:44,-0.8326018394665812,-0.8192763556267104,-0.8830987227737049,-0.8820451576274502,100,0,1
2025.09.25,08:07:44,-0.8348211955671744,-0.8047602537342584,-0.8681589441817954,-0.8453148467148588,100,0,1
2025.09.25,08:08:44,-0.8046876492854683,-0.7833566033468964,-0.8679482605912868,-0.8374132352632228,100,0,1
2025.09.25,08:09:44,-0.7045646727003253,-0.6667705008017701,-0.768431137179285,-0.7115142019949007,100,0,1
2025.09.25,08:10:44,-0.6877920304876743,-0.6581130462955174,-0.7713007217196806,-0.7594579215509593,100,0,1
2025.09.25,08:11:44,-0.7018835989011797,-0.6551821913765363,-0.7586516978083804,-0.7234815937081833,100,0,1
2025.09.25,08:12:44,-0.7382346889539557,-0.6761809681095294,-0.8138779300218342,-0.682058560899869,100,0,1
2025.09.25,08:13:44,-0.7305808971979871,-0.6717514227156851,-0.7874169440118745,-0.6966342777629448,100,0,1
2025.09.25,08:14:44,-0.6769830180668321,-0.6324766837911976,-0.7161168905505381,-0.6368914882706703,100,0,1
2025.09.25,08:15:44,-0.6722694941069617,-0.6104731510096857,-0.7258454716845772,-0.7002021497289646,100,0,1
2025.09.25,08:16:44,-0.660464903723976,-0.598332659725619,-0.6907542176349516,-0.6693475344040305,100,0,1
2025.09.25,08:17:44,-0.6836964665992488,-0.648035577382544,-0.7201821952377385,-0.6811124447326166,100,0,1
2025.09.25,08:18:44,-0.7029863141649292,-0.642111303773522,-0.7278304054974677,-0.6946386317934781,100,0,1
2025.09.25,08:19:44,-0.6775941265546065,-0.6255712671448735,-0.7561849234879136,-0.654536622380967,100,0,1
2025.09.25,08:20:44,-0.5978782510836782,-0.5735546791708864,-0.6208910414499624,-0.5995046562731213,100,0,1
2025.09.25,08:21:44,-0.6509164207639774,-0.5964341277290955,-0.6936251429802562,-0.6554304231642407,100,0,1
2025.09.25,08:22:44,-0.6848796531474468,-0.5924596276502114,-0.7094507364299607,-0.6925933609441793,100,0,1
2025.09.25,08:23:44,-0.6644111378484422,-0.600759594024051,-0.6876599101098887,-0.6691297901529094,100,0,1
2025.09.25,08:24:44,-0.5789463536427977,-0.5328422146049061,-0.6000079851543966,-0.5997373900415528,100,0,1
2025.09.25,08:25:44,-0.5992470763838577,-0.5622847246899182,-0.6396949662698057,-0.6146971663625472,100,0,1
2025.09.25,08:26:44,-0.5922255727453476,-0.5165074014722827,-0.6486042213717436,-0.5610264082970982,100,0,1
2025.09.25,08:27:44,-0.6031582175066466,-0.5632952555059333,-0.6498308051342256,-0.6161632501510814,100,0,1
2025.09.25,08:28:44,-0.5449065163522862,-0.4888073610829249,-0.6380241928335177,-0.5128404708128985,100,0,1
2025.09.25,08:29:44,-0.5457957194514403,-0.5055217290473413,-0.6015451442984057,-0.5573955728992107,100,0,1
2025.09.25,08:30:44,-0.5332590853203888,-0.4953219589940041,-0.5891848686439446,-0.49935635505340575,100,0,1
2025.09.25,08:31:44,-0.5557419683393158,-0.5189229187225654,-0.5825430458400627,-0.5317903132400562,100,0,1
2025.09.25,08:32:44,-0.5189066700589338,-0.44282106601086885,-0.5525857106602984,-0.4656087336421958,100,0,1
2025.09.25,08:33:44,-0.4306217455887078,-0.3565930439874181,-0.4874437405204651,-0.36917235140003946,100,0,1
2025.09.25,08:34:44,-0.408166889517482,-0.3615921804588997,-0.47814162421421497,-0.4294726497157844,100,0,1
2025.09.25,08:35:44,-0.4352335856795232,-0.3828620935454702,-0.5048788218489988,-0.4680945049716438,100,0,1
2025.09.25,08:36:44,-0.285176568064318,-0.22632042818161133,-0.33075345160192526,-0.2826375850481912,100,0,1
2025.09.25,08:37:44,-0.38697442739633475,-0.3534278305230605,-0.46452942748217835,-0.42791570673818763,100,0,1
2025.09.25,08:38:44,-0.3878772858320727,-0.3761279598506371,-0.42266558474745086,-0.3861326152875248,100,0,1
2025.09.25,08:39:44,-0.37880906234103795,-0.32501132755747153,-0.43425008939873205,-0.39886262484861945,100,0,1
2025.09.25,08:40:44,-0.30082591466045594,-0.2712454292352726,-0.3532663550708085,-0.32781603926217423,100,0,1
2025.09.25,08:41:44,-0.38604710018183774,-0.3372117673608479,-0.4441436257283472,-0.42118568993961253,100,0,1
2025.09.25,08:42:44,-0.40570408433691924,-0.3514880209284561,-0.4583288212950342,-0.4091811733176302,100,0,1
2025.09.25,08:43:44,-0.4302109483841789,-0.37372798039401767,-0.4644771348369976,-0.3778137711275972,100,0,1
2025.09.25,08:44:44,-0.35620569242373634,-0.3147616082958534,-0.4109537434059056,-0.3483818516384808,100,0,1
2025.09.25,08:45:44,-0.3540531945758738,-0.30457915248574746,-0.40051978488601514,-0.34521853127444757,100,0,1
2025.09.25,08:46:44,-0.31709215174848504,-0.24972114106807222,-0.34322571390141215,-0.2605467159817335,100,0,1
2025.09.25,08:47:44,-0.31915200449835407,-0.2997270312453674,-0.3572538647954993,-0.31061579713944615,100,0,1
2025.09.25,08:48:44,-0.28594876340222,-0.26462272982392254,-0.345897983994533,-0.31172605143320137,100,0,1
2025.09.25,08:49:44,-0.31448336641052316,-0.23980239595568986,-0.317342753328116,-0.2968650110192905,100,0,1
2025.09.25,08:50:44,-0.3311889101761421,-0.25976726753660895,-0.38265198207488105,-0.3500868944025188,100,0,1
2025.09.25,08:51:44,-0.27987702553435745,-0.2025914084902375,-0.33625021110574105,-0.23089590351139685,100,0,1
2025.09.25,08:52:44,-0.17849612333657144,-0.1270344077348451,-0.21127349717620753,-0.1620347116063163,100,0,1
2025.09.25,08:53:44,-0.12747686868774194,-0.04966681479498214,-0.19647788478654205,-0.12539616683927612,100,0,1
2025.09.25,08:54:44,-0.0775696243776213,-0.0028425348967943964,-0.1335054605173518,-0.11856810754644062,100,0,1
2025.09.25,08:55:44,-0.06353149844056387,-0.01853359807845739,-0.15354525932643748,-0.06773840811779867,100,0,1
2025.09.25,08:56:44,-0.025576059172020736,0.011404146402370613,-0.05899690509409085,-0.04967952637370093,100,0,1
2025.09.25,08:57:44,-0.0379549226464061,0.028623614527547914,-0.08422359711848523,-0.05038000655928411,100,0,1
2025.09.25,08:58:44,-0.0893254205453143,-0.02801813497867077,-0.13810279421861263,-0.07188255786336387,100,0,1
2025.09.25,08:59:44,-0.1373099961798396,-0.08945802846967212,-0.20284914735773826,-0.1529509958442291,100,0,1
2025.09.25,09:00:44,-0.030268634334057697,0.017769930181018228,-0.11821106050995701,-0.04621879249869698,100,0,1
2025.09.25,09:01:44,-0.13442673669819838,-0.051905460559952155,-0.16322453581316104,-0.07749411944250384,100,0,1
2025.09.25,09:02:44,-0.13103504938584953,-0.07461889057283774,-0.1900687984826752,-0.11595035861684769,100,0,1
2025.09.25,09:03:44,-0.11056445938455899,-0.0887113774238743,-0.17471522496613473,-0.17426406947293474,100,0,1
2025.09.25,09:04:44,-0.2109801280585699,-0.15006723966593188,-0.2832856240392891,-0.21869303368247006,100,0,1
2025.09.25,09:05:44,-0.129210995471026,-0.08242336919973223,-0.21290783389719845,-0.15402384159866242,100,0,1
2025.09.25,09:06:44,-0.0882848558714415,-0.010171294608974396,-0.11870390074639786,-0.035007540653052935,100,0,1
2025.09.25,09:07:44,-0.15216391390612985,-0.13449291991132534,-0.22820861049800273,-0.1835304989577924,100,0,1
2025.09.25,09:08:44,-0.15404590094671305,-0.10374456375435409,-0.20253490475752803,-0.19355848612415216,100,0,1
2025.09.25,09:09:44,-0.17689366689151345,-0.13339710871092683,-0.22736511740414841,-0.18472064118404466,100,0,1
2025.09.25,09:10:44,-0.13195478358979007,-0.06227903868684517,-0.15092092337683305,-0.077611259437865,100,0,1
2025.09.25,09:11:44,-0.1381681129006578,-0.05917636827740072,-0.21584408930257487,-0.09690224119666561,100,0,1
2025.09.25,09:12:44,-0.17519798093592698,-0.1529671322163401,-0.22845095277845026,-0.16296745167163762,100,0,1
2025.09.25,09:13:44,-0.13393958523745372,-0.07517597534675304,-0.16858393976687444,-0.1616488414638087,100,0,1
2025.09.25,09:14:44,-0.1287926420776472,-0.09328009467439269,-0.17230936088614857,-0.15445140638535756,100,0,1
2025.09.25,09:15:44,-0.14312877117553355,-0.07174332592193003,-0.17574259853249552,-0.12058352403487108,100,0,1
2025.09.25,09:16:44,-0.16773398280381235,-0.12097529132935622,-0.20554919200418936,-0.13283753132222892,100,0,1
2025.09.25,09:17:44,-0.2501450385992098,-0.18807906920906065,-0.300641567116675,-0.28220742592832976,100,0,1
2025.09.25,09:18:44,-0.34538293738882614,-0.2713254700272344,-0.36133015213615916,-0.3441646087440877,100,0,1
2025.09.25,09:19:44,-0.29537550300010923,-0.25075149830687665,-0.37286137867095204,-0.2742863238780275,100,0,1
2025.09.25,09:20:44,-0.2889050044925027,-0.22306667761240306,-0.33674522294154385,-0.29762960027950824,100,0,1
2025.09.25,09:21:44,-0.23493706537587788,-0.18567502508095346,-0.29130698537042793,-0.2258856960622287,100,0,1
2025.09.25,09:22:44,-0.25381068014042224,-0.21020571974304286,-0.29317734588580846,-0.22403910078408484,100,0,1
2025.09.25,09:23:44,-0.2961569134884194,-0.2441262831297078,-0.3486180436102273,-0.3443679107747387,100,0,1
2025.09.25,09:24:44,-0.2578631181585159,-0.161023302492885,-0.30024186357945204,-0.16482208045393779,100,0,1
2025.09.25,09:25:44,-0.1954142009358507,-0.12610766725542477,-0.23494381573059792,-0.21051333802791516,100,0,1
2025.09.25,09:26:44,-0.2472297738397826,-0.17442548277451786,-0.31825522623917546,-0.22940957766037806,100,0,1
2025.09.25,09:27:44,-0.24524839603174164,-0.16510198935890014,-0.32186344508897924,-0.19809823049456016,100,0,1
2025.09.25,09:28:44,-0.33571939711371557,-0.26918176460831794,-0.38483935630484645,-0.2982211867735474,100,0,1
2025.09.25,09:29:44,-0.36583367169295455,-0.3424992310620052,-0.4170904198267705,-0.3735716690966279,100,0,1
2025.09.25,09:30:44,-0.40947222637350883,-0.3516288526985455,-0.4642290744015694,-0.36672174676890673,100,0,1
2025.09.25,09:31:44,-0.3305788155297745,-0.2955127942425455,-0.37877030473497303,-0.3105990252057824,100,0,1
2025.09.25,09:32:44,-0.34467120262832673,-0.2663302686833934,-0.4127047086316824,-0.38944113143975445,100,0,1
2025.09.25,09:33:44,-0.2948409358448783,-0.2639021615121408,-0.3327082637382595,-0.3061466682484392,100,0,1
2025.09.25,09:34:44,-0.20411078325227622,-0.14265806598698616,-0.26631444086840933,-0.21754568191238546,100,0,1
2025.09.25,09:35:44,-0.21099390814994512,-0.16547758198781579,-0.2832761257579427,-0.18283423530608595,100,0,1
2025.09.25,09:36:44,-0.20263832047239455,-0.1690414296178614,-0.26764620748839346,-0.19782613936520776,100,0,1
2025.09.25,09:37:44,-0.1961697377750829,-0.16308076739444466,-0.2313405235014961,-0.22090504381168838,100,0,1
2025.09.25,09:38:44,-0.2621050050642018,-0.16869543395866976,-0.3310487718605367,-0.2830902184197922,100,0,1
2025.09.25,09:39:44,-0.2548765353531437,-0.22482528935322865,-0.261977865732461,-0.23494235315902764,100,0,1
2025.09.25,09:40:44,-0.31873010375863475,-0.25049882027394677,-0.36186793814438845,-0.29337091610421356,100,0,1
2025.09.25,09:41:44,-0.34498013806345823,-0.3037512383433046,-0.3877912803491766,-0.34583438998185323,100,0,1
2025.09.25,09:42:44,-0.3658234973561651,-0.31920700871201424,-0.4130366237931074,-0.38315263313992465,100,0,1
2025.09.25,09:43:44,-0.33889313097415796,-0.2625586065317326,-0.39831153500271477,-0.37123172183330305,100,0,1
2025.09.25,09:44:44,-0.2687102601260323,-0.20372113256353763,-0.278899044368393,-0.25891762629116466,100,0,1
2025.09.25,09:45:44,-0.2777045869325677,-0.21953365722867996,-0.29994968528435956,-0.2333719422870619,100,0,1
2025.09.25,09:46:44,-0.24792795274321391,-0.20284282524947456,-0.27692218419729764,-0.24369752348889429,100,0,1
2025.09.25,09:47:44,-0.18789789402909815,-0.1341867017050369,-0.21714055113467917,-0.14812707138144582,100,0,1
2025.09.25,09:48:44,-0.1881120471755013,-0.15897836201718965,-0.2152455495227103,-0.2080983847433615,100,0,1
2025.09.25,09:49:44,-0.2229950199076708,-0.19266012048744935,-0.2750211349338064,-0.20110266059916476,100,0,1
2025.09.25,09:50:44,-0.18901934911930784,-0.14422645275666585,-0.24290706709251378,-0.1999568393535599,100,0,1
2025.09.25,09:51:44,-0.1587282597347885,-0.06243402122374489,-0.24175212688208383,-0.1920980747431537,100,0,1
2025.09.25,09:52:44,-0.12649526725720933,-0.06476643234389345,-0.17867395150890197,-0.13845110180965903,100,0,1
2025.09.25,09:53:44,-0.14564533415667683,-0.07082420972800652,-0.2065926626489073,-0.10034406766531002,100,0,1
2025.09.25,09:54:44,-0.14956617253552143,-0.10515528116957071,-0.20892230657852218,-0.1752580118248365,100,0,1
2025.09.25,09:55:44,-0.17586399885862683,-0.14555406265153487,-0.2455744059042473,-0.22789497218697324,100,0,1
2025.09.25,09:56:44,-0.22266942927920363,-0.15455108060514255,-0.29319185590973224,-0.16178276189309526,100,0,1
2025.09.25,09:57:44,-0.24680989696780678,-0.19596014887540553,-0.27957187071755013,-0.24002199400667912,100,0,1
2025.09.25,09:58:44,-0.19957025190342684,-0.14104489489013602,-0.24629718568013168,-0.1520707169249023,100,0,1
2025.09.25,09:59:44,-0.1836356499130311,-0.1245957202634343,-0.21840425826611434,-0.13260478042874507,100,0,1
2025.09.25,10:00:44,-0.2448129441357822,-0.21734804789175574,-0.2761323531686699,-0.2507083913229289,100,0,1
2025.09.25,10:01:44,-0.15743123235434017,-0.13107657039824322,-0.23182680447939769,-0.1845433714168957,100,0,1
2025.09.25,10:02:44,-0.23220994774069792,-0.1856886245835362,-0.2904417987353061,-0.2818835145256795,100,0,1
2025.09.25,10:03:44,-0.18373872634867816,-0.1511119686857762,-0.22809581764960649,-0.20375454861344852,100,0,1
2025.09.25,10:04:44,-0.20268446106105234,-0.14482996235756054,-0.2513034954826899,-0.22057154800848108,100,0,1
2025.09.25,10:05:44,-0.2558276408830507,-0.18544371442753532,-0.2931121799873463,-0.2358456433688224,100,0,1
2025.09.25,10:06:44,-0.27231860887420367,-0.2267163942945289,-0.3003296121924151,-0.23852314858403395,100,0,1
2025.09.25,10:07:44,-0.32180858136032864,-0.2545314059268331,-0.3686493647003773,-0.3095300605835605,100,0,1
2025.09.25,10:08:44,-0.31562666218633495,-0.264649090162265,-0.3931080229931854,-0.37173282640154054,100,0,1
2025.09.25,10:09:44,-0.22433314963430553,-0.14081446172631407,-0.2577605477298426,-0.22920064735127202,100,0,1
2025.09.25,10:10:44,-0.3216365510678165,-0.28526626260482735,-0.348801611576765,-0.30432303783105075,100,0,1
2025.09.25,10:11:44,-0.2714396356299353,-0.20697411482242728,-0.3158614391339554,-0.29589647345750736,100,0,1
2025.09.25,10:12:44,-0.264929137317655,-0.20060258425316035,-0.3231685015086514,-0.25064649987302007,100,0,1
2025.09.25,10:13:44,-0.23466332379185817,-0.1742526257236262,-0.2685205031582265,-0.21962573974448968,100,0,1
2025.09.25,10:14:44,-0.23785868158767873,-0.17066844755502397,-0.30640293548372155,-0.17690008167143975,100,0,1
2025.09.25,10:15:44,-0.278890317622445,-0.21033792271957982,-0.32569194099596893,-0.2408796997687948,100,0,1
2025.09.25,10:16:44,-0.2661247311593073,-0.18989144861111917,-0.30879245651278153,-0.19148700589932127,100,0,1
2025.09.25,10:17:44,-0.20485960319854565,-0.15104783108297776,-0.25622811995370537,-0.24585677612597065,100,0,1
2025.09.25,10:18:44,-0.32789261005392983,-0.2904323729962562,-0.3722998208991709,-0.30069095632287046,100,0,1
2025.09.25,10:19:44,-0.27675993537855187,-0.22655173607062523,-0.3315948337316223,-0.3265871120532437,100,0,1
2025.09.25,10:20:44,-0.2956360825055341,-0.23448658003452377,-0.36948901212394986,-0.24397024226421773,100,0,1
2025.09.25,10:21:44,-0.44267344021198535,-0.35984572094657397,-0.46050972906059917,-0.4194589082274671,100,0,1
2025.09.25,10:22:44,-0.46522143338606015,-0.43888001357892265,-0.5249227080520715,-0.4884301140207739,100,0,1
2025.09.25,10:23:44,-0.4835911536172418,-0.41249176215030015,-0.5434967162729939,-0.4415885788789814,100,0,1
2025.09.25,10:24:44,-0.49489753344069176,-0.45460296192475896,-0.5007542322376055,-0.46530186841973475,100,0,1
2025.09.25,10:25:44,-0.5208937672507588,-0.4562491121334436,-0.5759310822593579,-0.505139177821678,100,0,1
2025.09.25,10:26:44,-0.5212566943253288,-0.427620339990639,-0.5948065779387676,-0.4317548261639289,100,0,1
2025.09.25,10:27:44,-0.4689825453258953,-0.4194002080950094,-0.5074127716228118,-0.4834940707980847,100,0,1
2025.09.25,10:28:44,-0.44938706308284804,-0.4077405425154464,-0.5012816308828822,-0.4624807164275876,100,0,1
2025.09.25,10:29:44,-0.45314352131701,-0.4065333440826555,-0.4946195318580139,-0.44149154408229907,100,0,1
2025.09.25,10:30:44,-0.44071149122817277,-0.39493490085810284,-0.45338505214261504,-0.42448594723110705,100,0,1
2025.09.25,10:31:44,-0.40427937326129665,-0.3351514786020885,-0.4711754514227254,-0.4626897249091309,100,0,1
2025.09.25,10:32:44,-0.3938577472275724,-0.33200605516535425,-0.4085145949538734,-0.332932807075343,100,0,1
2025.09.25,10:33:44,-0.32334497914665294,-0.2549221075807081,-0.3598034613220863,-0.35322912175636734,100,0,1
2025.09.25,10:34:44,-0.3381858272497727,-0.2920714372030971,-0.35990695394880823,-0.3276890050224115,100,0,1
2025.09.25,10:35:44,-0.19176500631185914,-0.14809477650407882,-0.19850644040889612,-0.1922527342222384,100,0,1
2025.09.25,10:36:44,-0.2650428414035044,-0.17767965292237603,-0.3199224081011749,-0.2163259977112688,100,0,1
2025.09.25,10:37:44,-0.2234705172606145,-0.19781274219334763,-0.2656638993349578,-0.22047671354241516,100,0,1
2025.09.25,10:38:44,-0.18369402150944614,-0.1307556277320697,-0.2269531852559044,-0.20784048247359363,100,0,1
2025.09.25,10:39:44,-0.10914261520206057,-0.07592983648184784,-0.16757778058332223,-0.07912077072507369,100,0,1
2025.09.25,10:40:44,-0.11638717446771453,-0.07622458715807971,-0.1784090792222173,-0.11140582583279833,100,0,1
2025.09.25,10:41:44,-0.07960516037310769,-0.021890627062468707,-0.11818152245750924,-0.08713459512938283,100,0,1
2025.09.25,10:42:44,-0.17907456205155847,-0.1123466168357936,-0.21834478664464646,-0.13611238585409846,100,0,1
2025.09.25,10:43:44,-0.1655890362695683,-0.1092665936344703,-0.21918517012624011,-0.11164155004928338,100,0,1
2025.09.25,10:44:44,-0.17333487811197212,-0.12132461607740169,-0.2027473848702486,-0.1577482260188564,100,0,1
2025.09.25,10:45:44,-0.17622988972359632,-0.12499787157518291,-0.2025252305228183,-0.15018274976632592,100,0,1
2025.09.25,10:46:44,-0.2416480209815968,-0.18996531184776153,-0.27381113721520484,-0.23263460508528125,100,0,1
2025.09.25,10:47:44,-0.2850932721187238,-0.2469455782489179,-0.32864237733086626,-0.2685891974006184,100,0,1
2025.09.25,10:48:44,-0.28499143692313117,-0.21879527438525398,-0.35657672009583385,-0.35632036469210354,100,0,1
2025.09.25,10:49:44,-0.2833177426789085,-0.24416084702528348,-0.3354350889532019,-0.25862039705712775,100,0,1
2025.09.25,10:50:44,-0.3270514881105314,-0.29183875756625743,-0.36188872292283025,-0.3322654103999568,100,0,1
2025.09.25,10:51:44,-0.2533613932960306,-0.2432966547257066,-0.27589186028493534,-0.25571661339178764,100,0,1
2025.09.25,10:52:44,-0.18236109040920745,-0.1324640625773531,-0.2758301868908598,-0.18346805753462306,100,0,1
2025.09.25,10:53:44,-0.23475912848302255,-0.19918707294157764,-0.2640747690390372,-0.20076648545428094,100,0,1
2025.09.25,10:54:44,-0.2547480063065369,-0.17807972896353036,-0.29877288704438903,-0.2703788285787765,100,0,1
2025.09.25,10:55:44,-0.22251374737045476,-0.16285868417167734,-0.3101487908322687,-0.19789162229413143,100,0,1
2025.09.25,10:56:44,-0.2499619513488658,-0.2044506030829685,-0.33008690174337346,-0.2812105062907051,100,0,1
2025.09.25,10:57:44,-0.19754416067040362,-0.1532849108302012,-0.24098223387720122,-0.23735919016771967,100,0,1
2025.09.25,10:58:44,-0.14696123152632107,-0.05726827235629087,-0.2215959991743275,-0.17243331293685493,100,0,1
2025.09.25,10:59:44,-0.08846383876835028,-0.08437265967389007,-0.16197687344571218,-0.12450349656527003,100,0,1
2025.09.25,11:00:44,-0.05931643337521235,-0.0068438324249707055,-0.10345566221177172,-0.026828234661219058,100,0,1
2025.09.25,11:01:44,-0.030709001224338377,0.030197562035663445,-0.07232728257546915,-0.0480517868469331,100,0,1
2025.09.25,11:02:44,-0.00802580997744063,0.03694909771484481,-0.059824414695492115,-0.038663548218387016,100,0,1
2025.09.25,11:03:44,-0.03159335521893375,0.009710423706086144,-0.08766451396157543,-0.05317378882037208,100,0,1
2025.09.25,11:04:44,-0.07575941322450937,-0.013992116699373065,-0.12992563032888801,-0.09773832697455478,100,0,1
2025.09.25,11:05:44,-0.07544070285361318,-0.0260760526015298,-0.1295614241872861,-0.10346376024627063,100,0,1
2025.09.25,11:06:44,-0.005915624655765132,0.040640248022272375,-0.08364622565510599,-0.07973420329199653,100,0,1
2025.09.25,11:07:44,0.002054625722820228,0.03802408620946829,-0.07537099811029374,-0.04794610384115318,100,0,1
2025.09.25,11:08:44,0.04117095842315357,0.11248342440934561,-0.015845411060188636,0.06692524906825094,100,0,1
2025.09.25,11:09:44,0.01999592355626134,0.07764159741223073,-0.019017838916414648,-0.0037963601233093596,100,0,1
2025.09.25,11:10:44,0.15746913401465534,0.195018312418692,0.08258159566625406,0.09478669420693221,100,0,1
2025.09.25,11:11:44,0.17042335969442843,0.2170431554444197,0.11816498196741931,0.16625865982738416,100,0,1
2025.09.25,11:12:44,0.12524861647599264,0.205435255216334,0.05297668353622366,0.17310546102848723,100,0,1
2025.09.25,11:13:44,0.09134941055039247,0.13890209700021583,0.033176333062010996,0.07402331916262922,100,0,1
2025.09.25,11:14:44,0.12433757625885802,0.1883086421727806,0.09280521399820545,0.15569132659105728,100,0,1
2025.09.25,11:15:44,0.17637783529004195,0.2601203942129509,0.14321247225493375,0.1990705496372701,100,0,1
2025.09.25,11:16:44,0.1779066536900647,0.26478459366085855,0.1256903257305603,0.19763354701681796,100,0,1
2025.09.25,11:17:44,0.24320289804234319,0.25281773109830263,0.19889910950852308,0.23676494686541127,100,0,1
2025.09.25,11:18:44,0.25282396766460763,0.2710921754727019,0.23028173921394474,0.23733084339380253,100,0,1
2025.09.25,11:19:44,0.2513385966879836,0.2921701920474597,0.20066207677166387,0.2920043877687477,100,0,1
2025.09.25,11:20:44,0.184043376010118,0.25617725711652684,0.12543134521778018,0.24990249296501982,100,0,1
2025.09.25,11:21:44,0.10709613519518565,0.16013397586519038,0.029602539551429843,0.04965753170910529,100,0,1
2025.09.25,11:22:44,0.022897480964910438,0.06730473104202608,-0.04395854944591669,0.004375966667374623,100,0,1
2025.09.25,11:23:44,0.04094868932037227,0.09773334443272988,-0.008049187655801426,0.04104940980024324,100,0,1
2025.09.25,11:24:44,-0.04127246486964158,-0.015657675177023992,-0.08170418158270515,-0.06112881603811465,100,0,1
2025.09.25,11:25:44,-0.03311356348410092,0.010338712680840537,-0.0711419913106273,-0.01787825085597828,100,0,1
2025.09.25,11:26:44,-0.13611616886258848,-0.07543272295809558,-0.17295719490188,-0.1391135990245616,100,0,1
2025.09.25,11:27:44,-0.13237609305161838,-0.07356275366240357,-0.2170004728617551,-0.13974648032449735,100,0,1
2025.09.25,11:28:44,-0.1264397955613254,-0.06434471492127049,-0.17232507930182936,-0.15008733307253116,100,0,1
2025.09.25,11:29:44,-0.2825541274456036,-0.24624705559522375,-0.3154496941991022,-0.30461276928616055,100,0,1
2025.09.25,11:30:44,-0.19666351749784086,-0.13970129076513013,-0.23098029009339163,-0.19410170360411863,100,0,1
2025.09.25,11:31:44,-0.23756091702512486,-0.17149198622956946,-0.27365459886543614,-0.23810282453391932,100,0,1
2025.09.25,11:32:44,-0.2531894182033465,-0.21194805456556928,-0.30301094597165246,-0.29090021588438064,100,0,1
2025.09.25,11:33:44,-0.2913294382329118,-0.26213550714974143,-0.32399299852150254,-0.3043143729887093,100,0,1
2025.09.25,11:34:44,-0.3122910241130803,-0.3091888779172792,-0.36627839489837843,-0.3155443632965873,100,0,1
2025.09.25,11:35:44,-0.3848272046188273,-0.32474135356827516,-0.43622659003225595,-0.40044183189737514,100,0,1
2025.09.25,11:36:44,-0.37156832688210023,-0.32971581284759194,-0.4263310323884401,-0.4125624919106784,100,0,1
2025.09.25,11:37:44,-0.3784054818916584,-0.3336668565318964,-0.434819660691939,-0.37143534885106755,100,0,1
2025.09.25,11:38:44,-0.46626976352688015,-0.3911424099965519,-0.514224742845124,-0.453923201261176,100,0,1
2025.09.25,11:39:44,-0.4810762519472619,-0.45971974075311717,-0.5497221683278535,-0.48149052962711325,100,0,1
2025.09.25,11:40:44,-0.524548985936851,-0.523318637521751,-0.5586630523017084,-0.5395763518302933,100,0,1
2025.09.25,11:41:44,-0.5459979548819549,-0.4997831796776104,-0.5588782085263134,-0.5115695527036409,100,0,1
2025.09.25,11:42:44,-0.5593296678732101,-0.5267246316342835,-0.6001308876503759,-0.5929885190806222,100,0,1
2025.09.25,11:43:44,-0.5529497096016527,-0.5268839894126035,-0.612580784212132,-0.5327188223698258,100,0,1
2025.09.25,11:44:44,-0.4749999805332113,-0.44049621358631574,-0.5463007337942265,-0.4447940472871911,100,0,1
2025.09.25,11:45:44,-0.4777987608929119,-0.39381253179081976,-0.5502362704171864,-0.5378780590343113,100,0,1
2025.09.25,11:46:44,-0.4361042415271589,-0.3644693354882349,-0.4806626419590094,-0.4216530157821635,100,0,1
2025.09.25,11:47:44,-0.395045897661745,-0.3595031555149683,-0.4815821920967438,-0.4695900187035094,100,0,1
2025.09.25,11:48:44,-0.3667953945600392,-0.3041507012351453,-0.4127075925161416,-0.3247920283779561,100,0,1
2025.09.25,11:49:44,-0.4655822463887317,-0.43623062668738866,-0.5197831188217125,-0.4753322865472903,100,0,1
2025.09.25,11:50:44,-0.46714614553526634,-0.4071585838814496,-0.5250405705146376,-0.5168247626636453,100,0,1
2025.09.25,11:51:44,-0.4331686144752273,-0.39164691057575457,-0.47951605483410736,-0.40043108919301906,100,0,1
2025.09.25,11:52:44,-0.3873104179973436,-0.35179157932872546,-0.4077368087302547,-0.3604211765474214,100,0,1
2025.09.25,11:53:44,-0.35778829539683205,-0.29680012648586185,-0.4102464492132326,-0.3332559016369692,100,0,1
2025.09.25,11:54:44,-0.37745360827536395,-0.30235975301126694,-0.45972534198168596,-0.40634622362749295,100,0,1
2025.09.25,11:55:44,-0.27231768506069426,-0.2321860284364206,-0.3194460295213808,-0.2780095235547398,100,0,1
2025.09.25,11:56:44,-0.2370547161226692,-0.1857481137895424,-0.30033267716254386,-0.2855052080210564,100,0,1
2025.09.25,11:57:44,-0.2692595077295123,-0.2046863519533792,-0.32542452995201143,-0.24839300408201548,100,0,1
2025.09.25,11:58:44,-0.23703092631560707,-0.19104921570675432,-0.27527334008933335,-0.22082007903057252,100,0,1
2025.09.25,11:59:44,-0.21829256722552293,-0.20924968553007087,-0.27741756378665866,-0.2399424634843163,100,0,1
2025.09.25,12:00:44,-0.28705305305962414,-0.25085785589469983,-0.3633007139765371,-0.3280203538811867,100,0,1
2025.09.25,12:01:44,-0.3244305351792396,-0.2992838607913485,-0.3562439520054832,-0.3532657774248784,100,0,1
2025.09.25,12:02:44,-0.3685522491851632,-0.31813664187779456,-0.4100037168171092,-0.3279156262018936,100,0,1
2025.09.25,12:03:44,-0.39224534474497796,-0.36154542243905147,-0.44074381166923526,-0.39101690033408426,100,0,1
2025.09.25,12:04:44,-0.4152112172131468,-0.3375827070493313,-0.42534666872253735,-0.364982280237521,100,0,1
2025.09.25,12:05:44,-0.4145724242544186,-0.34829939801338483,-0.4688020069177774,-0.4379846328451388,100,0,1
2025.09.25,12:06:44,-0.46916037210501277,-0.40799674325062807,-0.5423922111716313,-0.5229029721626878,100,0,1
2025.09.25,12:07:44,-0.5195107067433672,-0.44937660090800585,-0.5792579302484058,-0.542179543207353,100,0,1
2025.09.25,12:08:44,-0.5881716105900298,-0.5455461302646912,-0.6595259491396225,-0.5768987755948625,100,0,1
2025.09.25,12:09:44,-0.6280264317124581,-0.5817732877030152,-0.7083139918451552,-0.5935696174108334,100,0,1
2025.09.25,12:10:44,-0.5294560283195666,-0.5043335572014759,-0.5578887958926122,-0.5455602135828211,100,0,1
2025.09.25,12:11:44,-0.6868503746947453,-0.6072908496058322,-0.7419678745301752,-0.645090712280276,100,0,1
2025.09.25,12:12:44,-0.6725570488751372,-0.659010615655693,-0.7449723097635881,-0.6944418866928646,100,0,1
2025.09.25,12:13:44,-0.6735912874249499,-0.6003037290475587,-0.7276865451400354,-0.6870439558701347,100,0,1
2025.09.25,12:14:44,-0.6185714156848109,-0.5791271949624395,-0.6830238229565518,-0.6274767642957768,100,0,1
2025.09.25,12:15:44,-0.6615969248571946,-0.6342457861897898,-0.7275767279201437,-0.7121583410060456,100,0,1
2025.09.25,12:16:44,-0.6459839625121464,-0.6088444379117223,-0.6738932206819278,-0.6331455551341328,100,0,1
2025.09.25,12:17:44,-0.6407428091183257,-0.6120725088614384,-0.6587053921013728,-0.6227945168411843,100,0,1
2025.09.25,12:18:44,-0.6790893085165572,-0.6786366292431939,-0.7389832512659159,-0.6798769262362563,100,0,1
2025.09.25,12:19:44,-0.7598713257908025,-0.7225945874877568,-0.8127400440955919,-0.7416301984438819,100,0,1
2025.09.25,12:20:44,-0.742649441205034,-0.6750137803878097,-0.8037303551303774,-0.7724365548802357,100,0,1
2025.09.25,12:21:44,-0.8040473488483918,-0.7531600476456147,-0.8400820394385179,-0.807484455326971,100,0,1
2025.09.25,12:22:44,-0.7203877426344936,-0.6654006661837724,-0.7992557738760788,-0.7447429228641502,100,0,1
2025.09.25,12:23:44,-0.7050099988674818,-0.6514572551638311,-0.7271713403009255,-0.689936808425792,100,0,1
2025.09.25,12:24:44,-0.727049177050076,-0.6402545503791394,-0.7949836266441063,-0.6591529911350568,100,0,1
2025.09.25,12:25:44,-0.812537509206852,-0.7546987728691144,-0.8697868589536407,-0.8408044524938783,100,0,1
2025.09.25,12:26:44,-0.7596681023838008,-0.7172986565774527,-0.8012533703477468,-0.7765963001108677,100,0,1
2025.09.25,12:27:44,-0.7064013223053446,-0.6955040575780049,-0.769944515015302,-0.7009482050547892,100,0,1
2025.09.25,12:28:44,-0.5330519245131017,-0.4895727042654908,-0.6033615417494593,-0.5612473399289039,100,0,1
2025.09.25,12:29:44,-0.5669072535864057,-0.5015078997661997,-0.6430946502539701,-0.5076824394630889,100,0,1
2025.09.25,12:30:44,-0.6254834313156727,-0.5518232511553618,-0.663125875136733,-0.6198036265481826,100,0,1
2025.09.25,12:31:44,-0.568092148986185,-0.4900559702831253,-0.6236750993528068,-0.6073337131454692,100,0,1
2025.09.25,12:32:44,-0.5884801669682745,-0.5325041639467114,-0.6479785826788808,-0.5355790937068092,100,0,1
2025.09.25,12:33:44,-0.5299972065851786,-0.4722072459463107,-0.572591021639129,-0.5709078228145232,100,0,1
2025.09.25,12:34:44,-0.5502347097460258,-0.4678303568062333,-0.628110396154012,-0.5639152259199114,100,0,1
2025.09.25,12:35:44,-0.5932024305622977,-0.5540868019142617,-0.660850514882377,-0.5581079390037353,100,0,1
2025.09.25,12:36:44,-0.5599990921278745,-0.4830640758972279,-0.6044460743969404,-0.5924370558093766,100,0,1
2025.09.25,12:37:44,-0.46889071559262696,-0.41313705332670186,-0.5359088320162175,-0.5018940684891524,100,0,1
2025.09.25,12:38:44,-0.49563875060714113,-0.4323523923995384,-0.5225170879630371,-0.4430308916990827,100,0,1
2025.09.25,12:39:44,-0.44916106615214446,-0.4030813731066826,-0.4774868207906026,-0.40932768214541615,100,0,1
2025.09.25,12:40:44,-0.42207929611921924,-0.3693134594034717,-0.44865726016529683,-0.4098371907689094,100,0,1
2025.09.25,12:41:44,-0.3677290345596175,-0.3123546835240354,-0.4029743059067047,-0.36863992152566466,100,0,1
2025.09.25,12:42:44,-0.4377546886071799,-0.38992267406277065,-0.48642903034291873,-0.45229565396120225,100,0,1
2025.09.25,12:43:44,-0.5387377235599365,-0.49678894459174683,-0.5925634065956508,-0.5820704128712715,100,0,1
2025.09.25,12:44:44,-0.5838705103368398,-0.5297809670383827,-0.6500721504756788,-0.5485994134951945,100,0,1
2025.09.25,12:45:44,-0.4861915965427399,-0.45151297579373323,-0.5121075793782925,-0.5117024869500558,100,0,1
2025.09.25,12:46:44,-0.5170628881473928,-0.4709080353561509,-0.5472873592108729,-0.5165505236920238,100,0,1
2025.09.25,12:47:44,-0.4811075088251687,-0.43239371371699165,-0.5199387099296996,-0.4331257305883047,100,0,1
2025.09.25,12:48:44,-0.4024874533134838,-0.3358386803487896,-0.472210150172301,-0.42776899117594347,100,0,1
2025.09.25,12:49:44,-0.5110787895766276,-0.450959254886079,-0.5462257633421193,-0.4927870404337575,100,0,1
2025.09.25,12:50:44,-0.5214046257395898,-0.505053622852045,-0.5595987137526652,-0.5386704853907759,100,0,1
2025.09.25,12:51:44,-0.538850923873316,-0.4759794409225574,-0.550481228478597,-0.5134347716287712,100,0,1
2025.09.25,12:52:44,-0.5447933924474327,-0.4820417002454966,-0.5928009799146656,-0.5115586898477473,100,0,1
2025.09.25,12:53:44,-0.5912858090835481,-0.5228975936880735,-0.6330022888874078,-0.5880049595584114,100,0,1
2025.09.25,12:54:44,-0.5153169275496217,-0.48045140026994665,-0.5667446357559659,-0.5426873854466284,100,0,1
2025.09.25,12:55:44,-0.5205142586216077,-0.49605847148651394,-0.557439089067346,-0.5230238718925275,100,0,1
2025.09.25,12:56:44,-0.5327913198322423,-0.5013665390627606,-0.5838780411371487,-0.5413523572758125,100,0,1
2025.09.25,12:57:44,-0.529039073156964,-0.46989394986449007,-0.5616226741879957,-0.4868872035195929,100,0,1
2025.09.25,12:58:44,-0.531817843078743,-0.49583353561037435,-0.6062232643508149,-0.5054090021848825,100,0,1
2025.09.25,12:59:44,-0.6274394510255961,-0.5619705039826433,-0.7038497934043135,-0.6509872276184001,100,0,1
2025.09.25,13:00:44,-0.5946506924886318,-0.5400327804171103,-0.6686391815536389,-0.5764812264448949,100,0,1
2025.09.25,13:01:44,-0.6401751511703795,-0.6139823955666576,-0.6737295823450186,-0.6716906560858801,100,0,1
2025.09.25,13:02:44,-0.6136682216341716,-0.5769839228007623,-0.64502438828772,-0.5957491479613165,100,0,1
2025.09.25,13:03:44,-0.5867586265199245,-0.5344815321128149,-0.6220427350424609,-0.6009786373746849,100,0,1
2025.09.25,13:04:44,-0.6285586984052245,-0.5852265793833423,-0.6998228909089126,-0.5940493063244056,100,0,1
2025.09.25,13:05:44,-0.5668829951228724,-0.49372319582360186,-0.6252554465781068,-0.5442695927767196,100,0,1
2025.09.25,13:06:44,-0.5242156269915768,-0.4932291806494278,-0.5573800655439594,-0.501711989194986,100,0,1
2025.09.25,13:07:44,-0.6342331792698487,-0.5596786894858121,-0.7145110877487497,-0.703184418553967,100,0,1
2025.09.25,13:08:44,-0.6357590468325163,-0.6041943937322308,-0.6601035292649194,-0.6541117879050496,100,0,1
2025.09.25,13:09:44,-0.6085301047801824,-0.5447564963136322,-0.6611405525841694,-0.5889505347143201,100,0,1
2025.09.25,13:10:44,-0.5978305184315381,-0.5496597633532377,-0.6943045083201308,-0.5850684044994228,100,0,1
2025.09.25,13:11:44,-0.6389689443609933,-0.604882288660685,-0.7117477568768747,-0.6223741840353343,100,0,1
2025.09.25,13:12:44,-0.6377241985521923,-0.5548591224546652,-0.70569367822185,-0.6567278507921979,100,0,1
2025.09.25,13:13:44,-0.6688401791848774,-0.6265793431833659,-0.6976714932628733,-0.6595327416287603,100,0,1
2025.09.25,13:14:44,-0.6393255575904273,-0.56815774779273,-0.7078651318586453,-0.6354466520098012,100,0,1
2025.09.25,13:15:44,-0.5621826659392238,-0.5464528089610056,-0.5972768586657765,-0.5695833702791694,100,0,1
2025.09.25,13:16:44,-0.6028614408310168,-0.5577985477547563,-0.6211792260144685,-0.6026392228220936,100,0,1
2025.09.25,13:17:44,-0.6479955594830642,-0.57691824796097,-0.6967959305398677,-0.639978623569474,100,0,1
2025.09.25,13:18:44,-0.6389038716936299,-0.6105688866381355,-0.7091673558787165,-0.6699040798198747,100,0,1
2025.09.25,13:19:44,-0.6532963811051097,-0.5827603273152474,-0.6850901372551423,-0.6173526559472662,100,0,1
2025.09.25,13:20:44,-0.7045067773341632,-0.6665486171301594,-0.7948214587051066,-0.6914236687704661,100,0,1
2025.09.25,13:21:44,-0.6099890598139861,-0.563278199422829,-0.6684399431872048,-0.6537813617970692,100,0,1
2025.09.25,13:22:44,-0.5524775683782946,-0.4849081976541044,-0.5713013145579459,-0.5275458820701977,100,0,1
2025.09.25,13:23:44,-0.5124374927421691,-0.45065398161669357,-0.5817413669733782,-0.5745516472648674,100,0,1
2025.09.25,13:24:44,-0.4467140260583928,-0.37592104670914384,-0.4782273295735351,-0.4673622025689655,100,0,1
2025.09.25,13:25:44,-0.3199751909162244,-0.2809897346556406,-0.37933062840057097,-0.37372095657148574,100,0,1
2025.09.25,13:26:44,-0.3252407319452251,-0.2982253548746632,-0.3775976559689431,-0.33255919947693124,100,0,1
2025.09.25,13:27:44,-0.22515800569976913,-0.1634193582226569,-0.2666801075784598,-0.1883922724017954,100,0,1
2025.09.25,13:28:44,-0.22414748034662121,-0.18940818690474942,-0.2697145764528331,-0.21877650705396928,100,0,1
2025.09.25,13:29:44,-0.19333026361786368,-0.13631359163253623,-0.21896005046565872,-0.1615124919669094,100,0,1
2025.09.25,13:30:44,-0.17217743745328654,-0.11895756055545108,-0.22834716686669107,-0.14672327010409758,100,0,1
2025.09.25,13:31:44,-0.1546147451545517,-0.13709305139699118,-0.21820631742763785,-0.1577963655973242,100,0,1
2025.09.25,13:32:44,-0.18150193702550318,-0.1351428655979481,-0.22261248652002077,-0.1942945052670512,100,0,1
2025.09.25,13:33:44,-0.1950618717412974,-0.15648564975118207,-0.2575966937296613,-0.2453831979349011,100,0,1
2025.09.25,13:34:44,-0.30992440323911696,-0.2739571175176366,-0.3899526367313735,-0.2972059415884903,100,0,1
2025.09.25,13:35:44,-0.27273525696422884,-0.2124387803432653,-0.3126994593041165,-0.25053978830149676,100,0,1
2025.09.25,13:36:44,-0.27959482716813855,-0.26649202437148417,-0.32271022257796567,-0.27351966311127807,100,0,1
2025.09.25,13:37:44,-0.3090611736300836,-0.26161550924468446,-0.3845576482439611,-0.3237044575530859,100,0,1
2025.09.25,13:38:44,-0.24447522975125652,-0.22468660203347357,-0.2839383028967436,-0.23915439738376898,100,0,1
2025.09.25,13:39:44,-0.23828296988457323,-0.1611079826082377,-0.28450461392534676,-0.22288087193931683,100,0,1
2025.09.25,13:40:44,-0.16125322090896366,-0.13119308875799057,-0.18860368051771823,-0.17898836370641488,100,0,1
2025.09.25,13:41:44,-0.1942194515352624,-0.1496435131507362,-0.23195306396242074,-0.21239123513795757,100,0,1
2025.09.25,13:42:44,-0.23576292962203838,-0.15753939867331268,-0.3108325880674263,-0.17165800791084043,100,0,1
2025.09.25,13:43:44,-0.1050605610543946,-0.08179483055151779,-0.17764661834502402,-0.09910807967542401,100,0,1
2025.09.25,13:44:44,-0.06468857361832862,-0.03841281959114838,-0.1730735775862821,-0.16686997598460654,100,0,1
2025.09.25,13:45:44,-0.03367985436845698,-0.019699201457373777,-0.0938266696588386,-0.0922644242066828,100,0,1
2025.09.25,13:46:44,0.024255092760678634,0.09006869962657349,-0.053038315331926475,0.0844309665498525,100,0,1
2025.09.25,13:47:44,-0.11275597880310462,-0.054953732941829,-0.13493819064428342,-0.05920196532342428,100,0,1
2025.09.25,13:48:44,-0.09268999240830243,-0.058898567711839156,-0.14198160370882557,-0.06832823262708183,100,0,1
2025.09.25,13:49:44,-0.037135747772616585,0.04305789027395795,-0.05769004840177078,0.01693030069555214,100,0,1
2025.09.25,13:50:44,-0.12085350609169765,-0.03804232311416994,-0.18943699469971528,-0.17078689020784338,100,0,1
2025.09.25,13:51:44,-0.10775203356401684,-0.07042466304182911,-0.14175285847860458,-0.08178278976962741,100,0,1
2025.09.25,13:52:44,-0.16883150365450494,-0.13202669063347494,-0.1949146577581171,-0.13689452606412794,100,0,1
2025.09.25,13:53:44,-0.19825361542601008,-0.11989498797746044,-0.24565040801315027,-0.16354029833503853,100,0,1
2025.09.25,13:54:44,-0.2711947355957835,-0.21653050486025271,-0.32679359782628514,-0.2738325213673258,100,0,1
2025.09.25,13:55:44,-0.2557953139568964,-0.21625984559386563,-0.330206695732898,-0.23648016953799023,100,0,1
2025.09.25,13:56:44,-0.1704785224502825,-0.1417137332573445,-0.20120496347070663,-0.1844119147877043,100,0,1
2025.09.25,13:57:44,-0.14886779929206537,-0.08828815512244105,-0.1572092077094059,-0.0961206601028846,100,0,1
2025.09.25,13:58:44,-0.2178577453501526,-0.17672607061905893,-0.25738810904253573,-0.2420406869813278,100,0,1
2025.09.25,13:59:44,-0.13405911199633597,-0.1121164414001054,-0.177833865568841,-0.1342894054806358,100,0,1
2025.09.25,14:00:44,-0.04903711421830995,-0.005103766968511211,-0.10268305469624586,-0.038318388543025175,100,0,1
2025.09.25,14:01:44,0.017822798874542696,0.08376730541922478,-0.03222449977614514,-0.028724005717316706,100,0,1
2025.09.25,14:02:44,-0.002028178470739238,0.05755490598133147,-0.059674625061581346,-0.04610264600962844,100,0,1
2025.09.25,14:03:44,0.014526629190717275,0.07738126367770679,-0.06285170857011815,-0.04999117370504074,100,0,1
2025.09.25,14:04:44,0.04762593387679041,0.07456813999802268,0.04019040710485578,0.05510856427962279,100,0,1
2025.09.25,14:05:44,-0.021616214670063506,0.03648943350128491,-0.0811264502079517,0.008594789208739823,100,0,1
2025.09.25,14:06:44,0.013127731119513536,0.06434183683226899,-0.06133925242307293,0.03420261532001718,100,0,1
2025.09.25,14:07:44,-0.0009940890588622103,0.05099153862436752,-0.027703957315653602,0.03804454433055525,100,0,1
2025.09.25,14:08:44,-0.021510846209307967,0.008783090962239892,-0.059287646748828186,0.00793554695783353,100,0,1
2025.09.25,14:09:44,-0.005960554659833483,0.03826516549092947,-0.060728761388755506,0.0114984824743352,100,0,1
2025.09.25,14:10:44,-0.0061573561255651495,0.05514336092392858,-0.0539910408175486,-0.016852311544307733,100,0,1
2025.09.25,14:11:44,0.05574848719387292,0.11216138311511023,0.0248626009330292,0.1107438403396171,100,0,1
2025.09.25,14:12:44,0.047756276675379045,0.13448901649011946,0.04373919134158134,0.043983249471886476,100,0,1
2025.09.25,14:13:44,0.02030649913859411,0.06667015277389979,-0.03514327123956798,-0.004596442190914148,100,0,1
2025.09.25,14:14:44,-0.0036537785289293898,0.03418648920760283,-0.02858628353281184,-0.016798899269361213,100,0,1
2025.09.25,14:15:44,0.031576095416292284,0.07888465522667884,-0.012970533990451526,-0.0038326684855864487,100,0,1
2025.09.25,14:16:44,-0.04531443649002654,-0.0187665064074624,-0.12990496823994366,-0.03775188987987958,100,0,1
2025.09.25,14:17:44,-8.137974000502722e-05,0.04878273168720218,-0.045022401350212904,-0.001098279683073168,100,0,1
2025.09.25,14:18:44,-0.001951887338500824,0.07275422419596468,-0.04317234230394758,-0.033140798858666026,100,0,1
2025.09.25,14:19:44,0.019104159489747762,0.05579112260008151,-0.041888271683034814,0.04469372551624293,100,0,1
2025.09.25,14:20:44,-0.05681266096279579,-0.018174941412563636,-0.13435073822500104,-0.03486731472829535,100,0,1
2025.09.25,14:21:44,-0.06361452676844433,-0.001387676331107257,-0.10578872141201554,-0.04802803641921086,100,0,1
2025.09.25,14:22:44,-0.10369235513025657,-0.06545207520243598,-0.20771587442214146,-0.14586737741842273,100,0,1
2025.09.25,14:23:44,-0.053560907840669546,-0.011787496438718702,-0.12500110669156475,-0.02959339558841441,100,0,1
2025.09.25,14:24:44,0.04472125542575528,0.09765299576997233,-0.022713761212907455,0.048303243430221104,100,0,1
2025.09.25,14:25:44,0.015590928667509713,0.05965658338366171,-0.04101299732248156,0.034328897845298655,100,0,1
2025.09.25,14:26:44,-0.08509420093137036,-0.02415336750282439,-0.1705325370628939,-0.08751959424997804,100,0,1
2025.09.25,14:27:44,-0.10517606924937672,-0.05019875935148417,-0.13501029610198792,-0.10317482959595586,100,0,1
2025.09.25,14:28:44,-0.21788333964234105,-0.19089690085069705,-0.2518297343538689,-0.21323666833858296,100,0,1
2025.09.25,14:29:44,-0.18722843296559655,-0.1421583826535316,-0.24793286346186183,-0.15416842195797786,100,0,1
2025.09.25,14:30:44,-0.1508324174943524,-0.09441477811894974,-0.20309744988544148,-0.19236678767918833,100,0,1
2025.09.25,14:31:44,-0.21373310195569137,-0.15750280409348055,-0.26816020391014994,-0.22622628472701592,100,0,1
2025.09.25,14:32:44,-0.2642372190131958,-0.22239834036370332,-0.3371425397824258,-0.33623860771080827,100,0,1
2025.09.25,14:33:44,-0.31343881758156444,-0.24289715518987998,-0.3671953249377325,-0.33354537236047427,100,0,1
2025.09.25,14:34:44,-0.2586299236504992,-0.17620285580174866,-0.3186260357950657,-0.21470974407364257,100,0,1
2025.09.25,14:35:44,-0.1419953071967438,-0.10379840992894113,-0.18556507749438927,-0.16170860799194622,100,0,1
2025.09.25,14:36:44,-0.14801721845529447,-0.10830227059414427,-0.22954320161896233,-0.2082769375630234,100,0,1
2025.09.25,14:37:44,-0.1848972287740108,-0.16065118014737653,-0.21822852831620354,-0.20866604628759866,100,0,1
2025.09.25,14:38:44,-0.14019716672472485,-0.07374848219320984,-0.20773039788133835,-0.12190067046396441,100,0,1
2025.09.25,14:39:44,-0.23389588650661358,-0.20099938913740617,-0.3048212137285282,-0.3010380183990391,100,0,1
2025.09.25,14:40:44,-0.2136695608715933,-0.20746911272174634,-0.2587400921623234,-0.24594026645400946,100,0,1
2025.09.25,14:41:44,-0.24978716063078782,-0.227644483457215,-0.3027370720075665,-0.24792311567747702,100,0,1
2025.09.25,14:42:44,-0.33425413756123745,-0.26462195301979796,-0.40277320831656166,-0.32962075960655884,100,0,1
2025.09.25,14:43:44,-0.38739590207912916,-0.34187394907122526,-0.4166984268955729,-0.38280135904915163,100,0,1
2025.09.25,14:44:44,-0.3952271298655952,-0.34244756418951605,-0.4304960088557542,-0.40673736425423845,100,0,1
2025.09.25,14:45:44,-0.3632699282527003,-0.33445510725500793,-0.42632381859422375,-0.36778093929491046,100,0,1
2025.09.25,14:46:44,-0.42313575120172275,-0.37812812222377007,-0.4844870885701784,-0.37967927565899307,100,0,1
2025.09.25,14:47:44,-0.4106042926050329,-0.36641597051848396,-0.44952181579616185,-0.4360500051921766,100,0,1
2025.09.25,14:48:44,-0.42772957423036134,-0.4272912826868249,-0.4768218199295661,-0.44360653994415594,100,0,1
2025.09.25,14:49:44,-0.3119091493287113,-0.23978139993889608,-0.3236803445974889,-0.2787249521823396,100,0,1
2025.09.25,14:50:44,-0.2714653862288818,-0.17034427345773986,-0.2734998443610219,-0.2646907337441539,100,0,1
2025.09.25,14:51:44,-0.25924370835635774,-0.2110070331490771,-0.32750255072336293,-0.31235836857534066,100,0,1
2025.09.25,14:52:44,-0.3608028546712161,-0.2934393640820836,-0.421319136262391,-0.39747922969791327,100,0,1
2025.09.25,14:53:44,-0.3383823470985402,-0.2700793428866139,-0.3807314730522093,-0.31446604993917887,100,0,1
2025.09.25,14:54:44,-0.4113044635494983,-0.38148131901274857,-0.4445321694729566,-0.40454573538144634,100,0,1
2025.09.25,14:55:44,-0.3882496603723278,-0.37536320864012346,-0.43768563646155095,-0.3757842495852979,100,0,1
2025.09.25,14:56:44,-0.4086072876493281,-0.32868942346272967,-0.43480805623626045,-0.38042312722054067,100,0,1
2025.09.25,14:57:44,-0.4498211445654623,-0.38140931823782,-0.5250146536200262,-0.5054954133531725,100,0,1
2025.09.25,14:58:44,-0.4377594402776582,-0.39623938240927226,-0.4811100226712506,-0.43782330808595826,100,0,1
2025.09.25,14:59:44,-0.4625608540245905,-0.3869753315077259,-0.527171473373349,-0.44678060182168666,100,0,1
2025.09.25,15:00:44,-0.2986874357751318,-0.25646672139544036,-0.3266519918959579,-0.3070635286765654,100,0,1
2025.09.25,15:01:44,-0.2787822376199619,-0.21994709418200742,-0.3051466174611213,-0.2507347718243114,100,0,1
2025.09.25,15:02:44,-0.24829059116225152,-0.18369370184509098,-0.3146311584630918,-0.24356590966696295,100,0,1
2025.09.25,15:03:44,-0.19373026188880677,-0.18218214356868312,-0.26628337032066574,-0.19342943411872376,100,0,1
2025.09.25,15:04:44,-0.12641733375767658,-0.07197757979313638,-0.14839006427347531,-0.1394770262423486,100,0,1
2025.09.25,15:05:44,-0.11630794848382794,-0.07238897766155937,-0.1535401560997679,-0.14468494928545042,100,0,1
2025.09.25,15:06:44,-0.10166935864032563,-0.042682434124758445,-0.14793318678699202,-0.09583378800855508,100,0,1
2025.09.25,15:07:44,-0.07223566426757179,-0.031625838711403696,-0.11995089877070657,-0.04732346054206567,100,0,1
2025.09.25,15:08:44,0.06518707045633725,0.12961612342437587,0.012535773037760926,0.10622190834152287,100,0,1
2025.09.25,15:09:44,-0.01413974065688,0.07231549509046459,-0.059743759737764246,0.02969442696595108,100,0,1
2025.09.25,15:10:44,-0.010633680034157494,0.06548909666332321,-0.02558886363135783,-0.008241416072938736,100,0,1
2025.09.25,15:11:44,-0.06830979193580897,-0.008404919985794998,-0.08912001108673764,-0.0677141269811036,100,0,1
2025.09.25,15:12:44,-0.04935385678569144,0.026993046801282693,-0.08398180897116876,0.007788406391509475,100,0,1
2025.09.25,15:13:44,0.03429876259829377,0.08994520219106875,0.001507877789381766,0.05556510621048582,100,0,1
2025.09.25,15:14:44,-0.07992860297088264,-0.03857517912127752,-0.13516345163278348,-0.04338560853439356,100,0,1
2025.09.25,15:15:44,-0.08049011566619371,-0.0001502104114428221,-0.1432740149538826,-0.08443336381212793,100,0,1
2025.09.25,15:16:44,-0.009198847807032364,0.017566255806372676,-0.06117644993559673,0.017306262016014762,100,0,1
2025.09.25,15:17:44,0.005121112745332954,0.04447664870159611,-0.019433288107717064,-0.0018147167662278495,100,0,1
2025.09.25,15:18:44,0.03227900901987232,0.05554509434319867,-0.006574211303305537,0.002281659485913523,100,0,1
2025.09.25,15:19:44,0.020441364428779966,0.06361387143081298,-0.02320996021325783,-0.018884694077457156,100,0,1
2025.09.25,15:20:44,-0.08320883498623946,-0.05428012421207297,-0.12496428356064776,-0.10097406212375411,100,0,1
2025.09.25,15:21:44,-0.09281945395827965,-0.066124101977971,-0.15044594589390786,-0.11865196775393688,100,0,1
2025.09.25,15:22:44,-0.06314297835556676,-0.018581846202045997,-0.1137409541472395,-0.08270229407441922,100,0,1
2025.09.25,15:23:44,-0.12374272784097015,-0.052018394833448,-0.17335438681289428,-0.07240382648517621,100,0,1
2025.09.25,15:24:44,-0.1527302091521837,-0.12036632597067354,-0.20409512813818456,-0.13856955478177096,100,0,1
2025.09.25,15:25:44,-0.11219041098998875,-0.04319085149564972,-0.16747391390140948,-0.10683295482164913,100,0,1
2025.09.25,15:26:44,-0.13344208998275958,-0.07344712808471651,-0.15695367970270047,-0.14346053166682676,100,0,1
2025.09.25,15:27:44,-0.16533628809697318,-0.14041809177750914,-0.21932640146560592,-0.21642591391927504,100,0,1
2025.09.25,15:28:44,-0.2269131611883372,-0.17603314514112992,-0.28832623926484474,-0.19615404735350056,100,0,1
2025.09.25,15:29:44,-0.24166833249671502,-0.16577480683487153,-0.26787980303299175,-0.24768390562628217,100,0,1
2025.09.25,15:30:44,-0.1429748870265719,-0.07598183919698863,-0.17894566453506067,-0.11196136106512239,100,0,1
2025.09.25,15:31:44,-0.10491889863864583,-0.06918799744168407,-0.1755457000910674,-0.13962056919386157,100,0,1
2025.09.25,15:32:44,-0.122555654376239,-0.07572388421314272,-0.1530231772868187,-0.1384893240112678,100,0,1
2025.09.25,15:33:44,-0.11423233493022686,-0.07348309714428368,-0.18967165087527066,-0.1025137906268753,100,0,1
2025.09.25,15:34:44,-0.08445824375004574,0.004383530930770485,-0.15117037106261544,-0.06656161368116423,100,0,1
2025.09.25,15:35:44,-0.12533348873642025,-0.035641592966613914,-0.17171045202991736,-0.06987037462189095,100,0,1
2025.09.25,15:36:44,-0.05304769970175042,0.003195460424469193,-0.0777767952607602,-0.019867720131700142,100,0,1
2025.09.25,15:37:44,-0.03890237159136067,0.02693666555707363,-0.10007351086577851,0.017120359207111427,100,0,1
2025.09.25,15:38:44,-0.023166353190606736,0.008843536247191992,-0.06830013495600745,-0.0536106817019335,100,0,1
2025.09.25,15:39:44,0.024828471842623087,0.07705883677909073,-0.04495645384846658,-0.016834432756725217,100,0,1
2025.09.25,15:40:44,0.10222725469361263,0.1110929683215075,0.03255911051106007,0.0765101681841032,100,0,1
2025.09.25,15:41:44,0.14281862602265885,0.1967867365301173,0.08478544273912127,0.12892168700098025,100,0,1
2025.09.25,15:42:44,0.1021941894206518,0.1595891372397532,0.042736113584950025,0.15920168903183068,100,0,1
2025.09.25,15:43:44,0.14502553205268245,0.2204572109594956,0.12524410129911748,0.17430362607353997,100,0,1
2025.09.25,15:44:44,0.10018137416545209,0.17097122188489136,0.05688967961034323,0.15187209862078466,100,0,1
2025.09.25,15:45:44,0.11385442156042838,0.15170409371266222,0.06021130819654206,0.07837726169206055,100,0,1
2025.09.25,15:46:44,0.10786467660028605,0.17348433195413496,0.0648338237397037,0.101284768050207,100,0,1
2025.09.25,15:47:44,0.19172214531837944,0.23565124645385738,0.12970871502786957,0.19044653763579822,100,0,1
2025.09.25,15:48:44,0.18184608812230346,0.22565791472698182,0.15880466784965414,0.20262606391492663,100,0,1
2025.09.25,15:49:44,0.23845942602863898,0.30874301751407773,0.21029508108353542,0.26308657491101545,100,0,1
2025.09.25,15:50:44,0.23174457893577113,0.27858879054912816,0.16089055256508344,0.24654215761105958,100,0,1
2025.09.25,15:51:44,0.2476035865441519,0.29444513319124843,0.18760926032359415,0.1969570669754283,100,0,1
2025.09.25,15:52:44,0.1889378570923983,0.24673065747418652,0.1611676718841493,0.17280048935418266,100,0,1
2025.09.25,15:53:44,0.20027825118502476,0.25905247610284377,0.11219450078369772,0.12203879224800906,100,0,1
2025.09.25,15:54:44,0.2606970184117105,0.3146440330724718,0.20191500455978895,0.20640123827998452,100,0,1
2025.09.25,15:55:44,0.2561880005833654,0.2883968268624243,0.238479547327097,0.25246342577525654,100,0,1
2025.09.25,15:56:44,0.2356712296553595,0.302736414851016,0.17032216977699116,0.28506625806673586,100,0,1
2025.09.25,15:57:44,0.28671578089925515,0.32842627052670853,0.2582208275581331,0.3048383990453908,100,0,1
2025.09.25,15:58:44,0.26651516210879883,0.301693942725214,0.2162858182690884,0.2698797095406144,100,0,1
2025.09.25,15:59:44,0.3656170613262696,0.39091055483152715,0.3359640660664223,0.37094242352975065,100,0,1
2025.09.25,16:00:44,0.33240186920665254,0.4124469198254904,0.3126724181794445,0.3163239395405675,100,0,1
2025.09.25,16:01:44,0.3345306134868486,0.4191685423201416,0.2846466483393223,0.40763294806756234,100,0,1
2025.09.25,16:02:44,0.30660613369160433,0.3688619696795645,0.2525512364424051,0.30215323362144997,100,0,1
2025.09.25,16:03:44,0.29748627957102386,0.33243997092764577,0.2392408271110586,0.24129199038282356,100,0,1
2025.09.25,16:04:44,0.24298114164206439,0.29009326259471246,0.19858601320893296,0.20404941106456165,100,0,1
2025.09.25,16:05:44,0.22837028902770862,0.2796045137144166,0.18987319530711888,0.26002195396677247,100,0,1
2025.09.25,16:06:44,0.3512591151667848,0.3988630309115865,0.29437178395102637,0.34952475081184603,100,0,1
2025.09.25,16:07:44,0.3106151533137769,0.37297881956363865,0.23264311113331337,0.31709232383288777,100,0,1
2025.09.25,16:08:44,0.3244258700744883,0.38126491295138754,0.28842239826396115,0.33349461686223747,100,0,1
2025.09.25,16:09:44,0.266180654884125,0.33115655418259254,0.20485934081150506,0.2576874210458419,100,0,1
2025.09.25,16:10:44,0.15223798916550074,0.21406078120577715,0.09375651761435709,0.11143458622025605,100,0,1
2025.09.25,16:11:44,0.16404961204630752,0.22338309786248473,0.10906662598961023,0.15159974272276772,100,0,1
2025.09.25,16:12:44,0.2586101218486706,0.3043067720448409,0.1798709349199083,0.2940415203525055,100,0,1
2025.09.25,16:13:44,0.2720235128397924,0.3490037166161112,0.25052571039188587,0.298562773400674,100,0,1
2025.09.25,16:14:44,0.37810366793589145,0.4294408607234469,0.3270403942520096,0.37052832411519204,100,0,1
2025.09.25,16:15:44,0.30062996322883356,0.34369299730801367,0.2667286595369004,0.34121414450321064,100,0,1
2025.09.25,16:16:44,0.38415806024004845,0.4439767398233795,0.34629419633594116,0.39292584715744033,100,0,1
2025.09.25,16:17:44,0.42250888376928375,0.4642023347420457,0.36365493974779795,0.4384826294567967,100,0,1
2025.09.25,16:18:44,0.40602816534015523,0.4420143298860443,0.36079430502131044,0.43078326307352294,100,0,1
2025.09.25,16:19:44,0.4410094856011561,0.5139909599975888,0.3649980118440923,0.5021879794034736,100,0,1
2025.09.25,16:20:44,0.4753296271829164,0.530953695275248,0.40714785533059267,0.5168368405766137,100,0,1
2025.09.25,16:21:44,0.4667542559073226,0.4890423326190343,0.4218449949303819,0.4405098946383472,100,0,1
2025.09.25,16:22:44,0.5250751795130488,0.5732213343894988,0.5086497734468703,0.5629437862439499,100,0,1
2025.09.25,16:23:44,0.5821872221801536,0.624413981582239,0.5513188728654405,0.5960371478870117,100,0,1
2025.09.25,16:24:44,0.6985808448841478,0.7407362218506484,0.6016610560672112,0.6504102840539835,100,0,1
2025.09.25,16:25:44,0.652026511964352,0.7258110122271587,0.5804579842928452,0.5932247920258147,100,0,1
2025.09.25,16:26:44,0.6577676606819107,0.6785447048820792,0.5965003494715374,0.5997183710323514,100,0,1
2025.09.25,16:27:44,0.720291431418254,0.7710202515641406,0.6570317187243047,0.7680241150428297,100,0,1
2025.09.25,16:28:44,0.8042526753490713,0.8558574502275235,0.7869308817111202,0.8140666766328427,100,0,1
2025.09.25,16:29:44,0.7980763717404581,0.8417172660934894,0.7458206743618214,0.81336949788542,100,0,1
2025.09.25,16:30:44,0.7509192084465983,0.7643001249044302,0.7187383104758397,0.7535419282697494,100,0,1
2025.09.25,16:31:44,0.8073806107635889,0.8516518340663647,0.7385031535781049,0.7967810111337136,100,0,1
2025.09.25,16:32:44,0.892049940552562,0.9772598698329564,0.8715613995499564,0.9096957989520066,100,0,1
2025.09.25,16:33:44,0.9094053623561725,0.9837601119529757,0.8591652008878881,0.877293480496495,100,0,1
2025.09.25,16:34:44,0.8070995295049305,0.8552447408816313,0.7934289368641546,0.8462238569647206,100,0,1
2025.09.25,16:35:44,0.8718153428924308,0.9005652397922991,0.8356907864069673,0.8506374720320544,100,0,1
2025.09.25,16:36:44,0.867320638111313,0.9408074880956258,0.8365057436025473,0.8768277376985866,100,0,1
2025.09.25,16:37:44,0.8497345951630908,0.8872249681719068,0.8215455738055677,0.8381932699590029,100,0,1
2025.09.25,16:38:44,0.863371175941586,0.9361492334932013,0.8114535475456145,0.8856399139452041,100,0,1
2025.09.25,16:39:44,0.8455700681616143,0.889744519241981,0.8405782374800261,0.8801550450830913,100,0,1
2025.09.25,16:40:44,0.8426865730700726,0.87321497339423,0.7661785153684704,0.8457962923654042,100,0,1
2025.09.25,16:41:44,0.8038439518144851,0.8689001030366875,0.7515095074562131,0.7761395623632722,100,0,1
2025.09.25,16:42:44,0.7701113012985733,0.8140621833299218,0.7226371708463695,0.7340186951864216,100,0,1
2025.09.25,16:43:44,0.7985084609016616,0.8952068891357859,0.7473471115605025,0.7739263103571326,100,0,1
2025.09.25,16:44:44,0.8013225421010518,0.8417889795129144,0.7281515691246802,0.7583563301867775,100,0,1
2025.09.25,16:45:44,0.8523347059442181,0.9103814528092058,0.8197725162528053,0.8683377577816976,100,0,1
2025.09.25,16:46:44,0.7699186642627526,0.8451718627325642,0.6958210267272436,0.7647426699165258,100,0,1
2025.09.25,16:47:44,0.800900564991594,0.8709008093991327,0.7816602936506118,0.8527610131703802,100,0,1
2025.09.25,16:48:44,0.6989305547650262,0.755320824208066,0.6153041828536967,0.6759764222795832,100,0,1
2025.09.25,16:49:44,0.717959825467753,0.7562532461321791,0.7080544532586767,0.71269390697826,100,0,1
2025.09.25,16:50:44,0.6523514921237614,0.6802393438403589,0.6051544354048166,0.6351080485855308,100,0,1
2025.09.25,16:51:44,0.7287554943336936,0.8071878958248674,0.6855100112344196,0.7676641866545184,100,0,1
2025.09.25,16:52:44,0.7169217554116947,0.7456758884474317,0.667667332175798,0.7234883811444328,100,0,1
2025.09.25,16:53:44,0.6988651422914309,0.7500469794699296,0.6307170298052813,0.6421942567167414,100,0,1
2025.09.25,16:54:44,0.6700302324029137,0.7400448163209867,0.6114781164917447,0.6705366740515232,100,0,1
2025.09.25,16:55:44,0.6221496495255788,0.6983420874250106,0.526501294081903,0.6187070781593176,100,0,1
2025.09.25,16:56:44,0.6034507947096959,0.6362725464478376,0.533729480608923,0.5765446000359647,100,0,1
2025.09.25,16:57:44,0.641182453089496,0.7020851590633074,0.5850063606315745,0.6811351663536696,100,0,1
2025.09.25,16:58:44,0.7037826498805907,0.7925927639040072,0.6829049780161198,0.7686974549259054,100,0,1
2025.09.25,16:59:44,0.7290863731069248,0.7740479733028601,0.6888239386385018,0.7225952607629398,100,0,1
2025.09.25,17:00:44,0.8143242070363341,0.882312197315342,0.7569002429298339,0.759613759125875,100,0,1
2025.09.25,17:01:44,0.8128165564188377,0.8886142116637493,0.7408222987929661,0.8832960969341525,100,0,1
2025.09.25,17:02:44,0.7779404726168143,0.801531234810362,0.6916050907819056,0.7645851700856401,100,0,1
2025.09.25,17:03:44,0.8373682465799449,0.8871544698862988,0.7613137186947334,0.8786423700433904,100,0,1
2025.09.25,17:04:44,0.8683782827747292,0.927057859925042,0.8296937301591081,0.9011226684166014,100,0,1
2025.09.25,17:05:44,0.735676606083983,0.799854052269234,0.6816398098409906,0.7271349050582684,100,0,1
2025.09.25,17:06:44,0.7067911298381092,0.7859649867260551,0.6316063070547661,0.775945080614372,100,0,1
2025.09.25,17:07:44,0.6551365904307381,0.7179818642088355,0.6096922624964578,0.6915604713662553,100,0,1
2025.09.25,17:08:44,0.5320457008724967,0.598962522835622,0.4844738951645123,0.5724948072210743,100,0,1
2025.09.25,17:09:44,0.5636945780687743,0.5909663986316119,0.5069071848446227,0.5139160302536445,100,0,1
2025.09.25,17:10:44,0.5756221411545434,0.6525852461445577,0.5343867757022621,0.5448887198698693,100,0,1
2025.09.25,17:11:44,0.6628192942913673,0.7212982091124782,0.6117463695801837,0.7136310059312199,100,0,1
2025.09.25,17:12:44,0.7669177414400469,0.7878166301963331,0.7067071608143641,0.7876179911098009,100,0,1
2025.09.25,17:13:44,0.8317719077571295,0.8878110097280998,0.7925374204884562,0.8368760553795046,100,0,1
2025.09.25,17:14:44,0.7541551804692262,0.794381044357898,0.7013819641605602,0.7445907223467286,100,0,1
2025.09.25,17:15:44,0.8524791701103124,0.8885538648039691,0.8203161152903881,0.8234337441794233,100,0,1
2025.09.25,17:16:44,0.8120398805642847,0.8731575315247448,0.7524891422579933,0.8039588942693372,100,0,1
2025.09.25,17:17:44,0.8785919188557122,0.8823736327136722,0.8143614080212266,0.8783058229150087,100,0,1
2025.09.25,17:18:44,0.8376357059809415,0.8704017469401026,0.7918768276960302,0.7933156799991717,100,0,1
2025.09.25,17:19:44,0.9263119542904734,0.9823678689975707,0.9036663391593353,0.9218332085967693,100,0,1
2025.09.25,17:20:44,0.9477258942143703,1.0077003117850367,0.879223237931605,0.9671068542121196,100,0,1
2025.09.25,17:21:44,0.9588325545989926,0.9877921327876824,0.9023305297433223,0.9810806341934838,100,0,1
2025.09.25,17:22:44,0.9738441111381462,1.004725015226278,0.9058928472165473,0.9293628899815521,100,0,1
2025.09.25,17:23:44,0.9941902909781825,1.0151513714034934,0.9309877164840727,1.0043171373988435,100,0,1
2025.09.25,17:24:44,0.9447002430756656,1.000964714507305,0.8644342677306363,0.8714214751949129,100,0,1
2025.09.25,17:25:44,0.8959429393669516,0.9190049287471989,0.8590796869867358,0.9026863149488903,100,0,1
2025.09.25,17:26:44,0.9162862759353126,0.9738348796975728,0.8934392114521158,0.9016438199130457,100,0,1
2025.09.25,17:27:44,0.9313331379238982,0.9838372353582834,0.8701339985062232,0.9302486332256434,100,0,1
2025.09.25,17:28:44,0.8571303361161288,0.904313563528703,0.7928786585567741,0.7968335258547072,100,0,1
2025.09.25,17:29:44,0.8403459153753221,0.882176213485921,0.8115356604970289,0.8550556370933131,100,0,1
2025.09.25,17:30:44,0.8599157712047457,0.89516165760809,0.8211882766757678,0.8867134272856294,100,0,1
2025.09.25,17:31:44,0.7637527194838187,0.8164074585990333,0.7143684532897441,0.7856545510588512,100,0,1
2025.09.25,17:32:44,0.7660241463262938,0.7882391337160796,0.7039957851340767,0.7784520770678838,100,0,1
2025.09.25,17:33:44,0.7248257667649453,0.7985328601758989,0.6611820291640934,0.7840826019459733,100,0,1
2025.09.25,17:34:44,0.7456230412932177,0.827278779508483,0.7257058758067444,0.7303280389211955,100,0,1
2025.09.25,17:35:44,0.7766297623053503,0.8308398044202485,0.7232977674731309,0.7984620744724075,100,0,1
2025.09.25,17:36:44,0.91018593912369,0.9548346970497323,0.8748569084147289,0.8845032745675875,100,0,1
2025.09.25,17:37:44,0.9813365513056138,1.0202166804148027,0.9201943105452662,1.0179004042252267,100,0,1
2025.09.25,17:38:44,0.9872454913598467,1.0684702948068714,0.9282649142166758,0.9366247531625217,100,0,1
2025.09.25,17:39:44,1.0992857858736695,1.1269951251426145,1.083227883666935,1.116076676662633,100,0,1
2025.09.25,17:40:44,1.1159218911891784,1.1520368121713138,1.1079941609371173,1.1460897333963738,100,0,1
2025.09.25,17:41:44,1.095113333831065,1.1439063115304906,1.023734251940039,1.1188478265855886,100,0,1
2025.09.25,17:42:44,1.0269064365963525,1.0476097871392984,0.9637509878778276,1.023529379231221,100,0,1
2025.09.25,17:43:44,1.035053265664257,1.083572904380567,1.012137086101181,1.0722482024462745,100,0,1
2025.09.25,17:44:44,0.9778398976981871,1.0673793876475441,0.9535865255886229,0.979292042573074,100,0,1
2025.09.25,17:45:44,0.9090006068608613,0.9478534040635092,0.8408211936555211,0.8751260866781706,100,0,1
2025.09.25,17:46:44,0.9378974707260402,1.0058992703943517,0.8703307939807156,0.9541982107183506,100,0,1
2025.09.25,17:47:44,0.8286590991806949,0.905083509785112,0.7608748532878561,0.8854122256505895,100,0,1
2025.09.25,17:48:44,0.7645878736112708,0.7963473061686465,0.7134480604462632,0.7191134649301997,100,0,1
2025.09.25,17:49:44,0.8241219357168933,0.9197990165753999,0.7527802285817027,0.8109042575093571,100,0,1
2025.09.25,17:50:44,0.7162922347132294,0.7655663162101696,0.6567911792881306,0.7131733857841331,100,0,1
2025.09.25,17:51:44,0.7157040069878738,0.7535200969035601,0.6639793644084373,0.7530383720712942,100,0,1
2025.09.25,17:52:44,0.7670147921087154,0.7975545883639671,0.7370739586660577,0.7394877537945914,100,0,1
2025.09.25,17:53:44,0.7474689341481641,0.8031560973404617,0.7078206412476118,0.728822969745899,100,0,1
2025.09.25,17:54:44,0.7996006840791455,0.8641270360990732,0.7409094118594176,0.7733863269495863,100,0,1
2025.09.25,17:55:44,0.8186566812756294,0.8579032273484262,0.7573255178228561,0.8074669568566486,100,0,1
2025.09.25,17:56:44,0.8829840676498472,0.9194120580733917,0.8015703948041968,0.8835483734313972,100,0,1
2025.09.25,17:57:44,0.8310247942998492,0.8594665948379799,0.7950488463513042,0.842906194628237,100,0,1
2025.09.25,17:58:44,0.816510799659918,0.8729910523653667,0.7610590728960369,0.8198256502984027,100,0,1
2025.09.25,17:59:44,0.8190088544292186,0.8879862562336549,0.7329816246676599,0.7369376118222344,100,0,1
2025.09.25,18:00:44,0.7729082739825279,0.8208869611069202,0.7128754675943925,0.806376387102861,100,0,1
2025.09.25,18:01:44,0.8093950203383605,0.8756417034088848,0.7604744378434611,0.7968070543565899,100,0,1
2025.09.25,18:02:44,0.7909294177758339,0.803674333309184,0.7494474073210238,0.7693101971869503,100,0,1
2025.09.25,18:03:44,0.7707549713654472,0.8084446116576295,0.7378256958283866,0.7464765724261538,100,0,1
2025.09.25,18:04:44,0.7462915333562611,0.7992968728717169,0.6966934338382594,0.7883486500472389,100,0,1
2025.09.25,18:05:44,0.7172147900868654,0.7555682941125013,0.6494185288621491,0.7393177820029003,100,0,1
2025.09.25,18:06:44,0.7174846505804743,0.7834282426414223,0.6477967853460598,0.7232342042368457,100,0,1
2025.09.25,18:07:44,0.7643350329465475,0.8036838767903455,0.7117314920292568,0.76948730259474,100,0,1
2025.09.25,18:08:44,0.7786454018173714,0.8109487883747528,0.7204872510398854,0.7509316421383709,100,0,1
2025.09.25,18:09:44,0.8246263832957572,0.8686205265554487,0.8117218513807047,0.8259991132915133,100,0,1
2025.09.25,18:10:44,0.8485906335308468,0.9349278463370008,0.8360632366563772,0.8764489084408078,100,0,1
2025.09.25,18:11:44,0.8596893005245181,0.914517630261648,0.8152998158607362,0.8666548232907945,100,0,1
2025.09.25,18:12:44,0.7762460947483991,0.8514595608082615,0.724750917664539,0.8237363362212137,100,0,1
2025.09.25,18:13:44,0.7176107092782602,0.7769484281132399,0.7104207682214295,0.7473518363985011,100,0,1
2025.09.25,18:14:44,0.7194389085737211,0.7544390869297342,0.6352781074765442,0.721136179002761,100,0,1
2025.09.25,18:15:44,0.8499895660164952,0.893962818087655,0.8134664218042047,0.8342479574531098,100,0,1
2025.09.25,18:16:44,0.8417955418326722,0.8802021843319587,0.8057254100019018,0.8319846412585405,100,0,1
2025.09.25,18:17:44,0.8480509809127305,0.8921863444843241,0.782036434633846,0.7999137554175124,100,0,1
2025.09.25,18:18:44,0.851626915532437,0.9208533721067008,0.8043761014957951,0.8141577518769421,100,0,1
2025.09.25,18:19:44,0.8335485428034395,0.9223741487864379,0.776065588182757,0.8963209650354604,100,0,1
2025.09.25,18:20:44,0.8546745098472486,0.9154474205654598,0.7950370735152875,0.877191309159428,100,0,1
2025.09.25,18:21:44,0.8424922669441065,0.903110695303102,0.8146922217973172,0.8563297367875454,100,0,1
2025.09.25,18:22:44,0.8597863197566129,0.9064124992502715,0.8153655062046457,0.8416556403281443,100,0,1
2025.09.25,18:23:44,0.8990846402788523,0.9457816913959539,0.8371709607277426,0.9277679534342984,100,0,1
2025.09.25,18:24:44,0.8988585126897461,0.9328977552724936,0.8162617560356531,0.8798146399915064,100,0,1
2025.09.25,18:25:44,0.9148230739867412,0.9295945362713566,0.8788562676503042,0.9235994491693764,100,0,1
2025.09.25,18:26:44,0.8227239253282548,0.839208352450785,0.7871873046803863,0.8166016800609619,100,0,1
2025.09.25,18:27:44,0.8195270382477944,0.852855364724521,0.7640623110163535,0.8479839920722834,100,0,1
2025.09.25,18:28:44,0.8369403209348351,0.8954216864988265,0.7800012998004591,0.8244404017815878,100,0,1
2025.09.25,18:29:44,0.8269490289731307,0.8542773752629801,0.7388631702068426,0.839848147203086,100,0,1
2025.09.25,18:30:44,0.7112696597862865,0.7927724227694608,0.6564519391192253,0.7583138167991204,100,0,1
2025.09.25,18:31:44,0.7877719747337166,0.8566665400392687,0.703925140026509,0.8069449517280014,100,0,1
2025.09.25,18:32:44,0.7413171395994503,0.7774806318282758,0.6413961313221991,0.660293694559235,100,0,1
2025.09.25,18:33:44,0.7456615488024121,0.7925997819778307,0.7207871212681483,0.7624283270988772,100,0,1
2025.09.25,18:34:44,0.7318189025013148,0.7956203692182928,0.7054554673967577,0.7511306346670766,100,0,1
2025.09.25,18:35:44,0.7668379103460273,0.8318549353495843,0.705574359437924,0.7227199109589038,100,0,1
2025.09.25,18:36:44,0.7632573553801844,0.8220227787956903,0.7246891405931103,0.7830670757474595,100,0,1
2025.09.25,18:37:44,0.7131214124507163,0.7928230995816558,0.6592486805280533,0.7630846724523414,100,0,1
2025.09.25,18:38:44,0.7583842533543729,0.8262667313209457,0.7118092780070946,0.7815754325988571,100,0,1
2025.09.25,18:39:44,0.7336435988920158,0.7619616157539271,0.6616969190055169,0.6699180316749297,100,0,1
2025.09.25,18:40:44,0.718378174276173,0.7577090524392671,0.6836133321730193,0.691364084124199,100,0,1
2025.09.25,18:41:44,0.686662903300645,0.7516771857946684,0.6622363870981433,0.6750848510181663,100,0,1
2025.09.25,18:42:44,0.7418744727720673,0.8063668778632951,0.7064282877874427,0.7834634302326078,100,0,1
2025.09.25,18:43:44,0.673241933683903,0.7210430800775773,0.6332986989673833,0.7018095309231932,100,0,1
2025.09.25,18:44:44,0.6960320539785203,0.7579019571406508,0.6328076016479571,0.7429152167530756,100,0,1
2025.09.25,18:45:44,0.6626512694436193,0.7452945992768338,0.6479378370904224,0.6877219321502342,100,0,1
2025.09.25,18:46:44,0.7026665181941304,0.7498040894647069,0.6642057441212105,0.7172929606649053,100,0,1
2025.09.25,18:47:44,0.6082348391095903,0.6917261988405242,0.5264981010455863,0.6211171616338759,100,0,1
2025.09.25,18:48:44,0.605035827843617,0.6516444351751639,0.5405553731974686,0.600288440337853,100,0,1
2025.09.25,18:49:44,0.6437440836217788,0.6880888129511715,0.6009592905942418,0.6507289691284521,100,0,1
2025.09.25,18:50:44,0.633741322597955,0.6887333062177753,0.5691959238099686,0.6134851617108821,100,0,1
2025.09.25,18:51:44,0.6940660037195286,0.7632583016266606,0.6241244588624235,0.7627054528357853,100,0,1
2025.09.25,18:52:44,0.6870785494242229,0.6956221556945817,0.6201447897425315,0.6642260131446347,100,0,1
2025.09.25,18:53:44,0.6170308966400424,0.6573763780616412,0.5860971591723294,0.6474351670146815,100,0,1
2025.09.25,18:54:44,0.6535250401361271,0.6852451252575932,0.5906762473008207,0.6015575915941388,100,0,1
2025.09.25,18:55:44,0.7324070694647912,0.7955234487504792,0.6632367641170989,0.7314057297669152,100,0,1
2025.09.25,18:56:44,0.7980600286081779,0.879574351721998,0.742937753135032,0.8767586557143332,100,0,1
2025.09.25,18:57:44,0.7938804049932392,0.830534782679388,0.7416741986224723,0.7553359084949364,100,0,1
2025.09.25,18:58:44,0.8776521700842149,0.9413655793402784,0.818558682132354,0.8794712792479256,100,0,1
2025.09.25,18:59:44,0.9388505152864836,1.0067817982421177,0.8842265744778277,1.0064144922423401,100,0,1
2025.09.25,19:00:44,0.9250335895654448,0.9693499131716159,0.888317294467695,0.9165132558983147,100,0,1
2025.09.25,19:01:44,0.9578689056796506,1.0146904548807103,0.9118072866694173,0.9174835060041577,100,0,1
2025.09.25,19:02:44,0.8972325830213755,0.9474511664781233,0.8248007131885349,0.898993645495305,100,0,1
2025.09.25,19:03:44,0.8844893926110412,0.943971026432173,0.8486672093354,0.880914071746204,100,0,1
2025.09.25,19:04:44,0.8303232664088486,0.876175292754967,0.7694244470952041,0.8141229643864752,100,0,1
2025.09.25,19:05:44,0.888895561696276,0.9529125319239333,0.8365018435322386,0.883954436518128,100,0,1
2025.09.25,19:06:44,0.8413650244940953,0.931039799974499,0.7947072006969083,0.8441662989178712,100,0,1
2025.09.25,19:07:44,0.8735359130085569,0.9202248510086902,0.8689749524567261,0.8693679089565226,100,0,1
2025.09.25,19:08:44,0.8802359926673593,0.93454928843939,0.8175499382922112,0.8931939843197838,100,0,1
2025.09.25,19:09:44,0.8206292633355761,0.871732898343897,0.7577132908636428,0.8213680177962204,100,0,1
2025.09.25,19:10:44,0.823794298711693,0.903978355611899,0.7565642140651289,0.8673275621497484,100,0,1
2025.09.25,19:11:44,0.7669442600866146,0.8271899215793099,0.7516203459125977,0.7985199009400892,100,0,1
2025.09.25,19:12:44,0.7958624654558083,0.8795645713581168,0.7737874432539393,0.8129989674132863,100,0,1
2025.09.25,19:13:44,0.8282497214011302,0.91684518022447,0.7871415605506286,0.9160802825656563,100,0,1
2025.09.25,19:14:44,0.8475886808845432,0.8953446900954591,0.7814819425743569,0.793506185762245,100,0,1
2025.09.25,19:15:44,0.9181732119217,0.9612776041337523,0.8835075603502476,0.9571150648584794,100,0,1
2025.09.25,19:16:44,0.9450446501271141,1.030268089489098,0.91080515070654,0.9913257850556485,100,0,1
2025.09.25,19:17:44,0.9885755015394625,1.0028153354523222,0.9333394024240719,0.9730691481189748,100,0,1
2025.09.25,19:18:44,1.0162902709579482,1.073264969213192,0.9642347728335902,0.9727644110181731,100,0,1
2025.09.25,19:19:44,1.0539466108496682,1.0799817140635002,1.0231948162212376,1.058055462980488,100,0,1
2025.09.25,19:20:44,1.0529298245062213,1.0745619130767503,1.0401942881409103,1.052688635093019,100,0,1
2025.09.25,19:21:44,1.0319776384130186,1.0714722036711835,0.9802297025312825,1.0619130785928121,100,0,1
2025.09.25,19:22:44,0.9904936332206516,1.0199060607369395,0.9397526403408425,0.9963649371108815,100,0,1
2025.09.25,19:23:44,0.9781052694040487,0.9991190727622322,0.9571372211930828,0.9878942793137813,100,0,1
2025.09.25,19:24:44,1.0676223988948008,1.1196298207554989,1.0147983329423096,1.0369653392095275,100,0,1
2025.09.25,19:25:44,1.0380820795148993,1.0433405123279833,0.9649613537544622,0.9720887977532604,100,0,1
2025.09.25,19:26:44,1.0988473040037154,1.1127619647678493,1.052086506757608,1.1091337893403688,100,0,1
2025.09.25,19:27:44,1.0781584643161832,1.1299696914634167,1.0225385540894292,1.0970398145941667,100,0,1
2025.09.25,19:28:44,1.1092494463621774,1.1731999968711821,1.0745217947429881,1.163686734852158,100,0,1
2025.09.25,19:29:44,1.0865061123345687,1.138185684554425,1.0601001508282684,1.113891213149803,100,0,1
2025.09.25,19:30:44,1.0601021335858385,1.1174045625181501,1.0193530606127064,1.0772830670301698,100,0,1
2025.09.25,19:31:44,1.056524467432725,1.1244859551354263,1.0173757954541964,1.0804573883396547,100,0,1
2025.09.25,19:32:44,1.0480280739827552,1.0883551109179952,0.9865534012493791,1.030296259651963,100,0,1
2025.09.25,19:33:44,0.9997343972976143,1.0419788366261833,0.9304710433103109,0.9704630422549958,100,0,1
2025.09.25,19:34:44,1.016054434231424,1.0608700767121693,0.9436045935582418,0.964132085878765,100,0,1
2025.09.25,19:35:44,1.0190970468968776,1.0453677216164237,0.9801439762909844,0.9822396658417386,100,0,1
2025.09.25,19:36:44,0.9576576830370008,1.001019355068427,0.9134609752969838,0.9216706544352585,100,0,1
2025.09.25,19:37:44,0.9547383611563888,0.9820655473700489,0.8757245095470017,0.9295185645353656,100,0,1
2025.09.25,19:38:44,1.0133562014328183,1.0232271460977087,0.9363572089471355,1.0102314911978043,100,0,1
2025.09.25,19:39:44,0.9809972427567946,1.0551551698757835,0.911418990522017,1.0394407660182539,100,0,1
2025.09.25,19:40:44,0.9446321966618022,0.9907909658521947,0.9327905251614161,0.9649171329804762,100,0,1
2025.09.25,19:41:44,0.9561868236947991,0.9961951768572345,0.9288520211808187,0.9628031197683826,100,0,1
2025.09.25,19:42:44,0.9150596561060721,0.9721927258547589,0.8573335360326665,0.9185856794385129,100,0,1
2025.09.25,19:43:44,0.86427533312785,0.9227619537627998,0.8221412723750179,0.8940232481914594,100,0,1
2025.09.25,19:44:44,0.8919737238144947,0.9225773644973683,0.8572239373583083,0.8920257927731612,100,0,1
2025.09.25,19:45:44,0.8910235200817054,0.9420724142617326,0.869796848991055,0.9102014619376501,100,0,1
2025.09.25,19:46:44,0.9861902846252598,1.004211199809178,0.945045270481536,0.9712371817312814,100,0,1
2025.09.25,19:47:44,1.052022482329295,1.1161103084934516,0.971903950706342,1.061693472395546,100,0,1
2025.09.25,19:48:44,1.0261389766891342,1.082562509381634,0.985776348570816,1.0800976078227247,100,0,1
2025.09.25,19:49:44,0.9368051264343806,0.9733741802402177,0.9011207456116977,0.9075973575150178,100,0,1
2025.09.25,19:50:44,0.8777189901731531,0.9204996982864353,0.8293376040080893,0.9089526048497666,100,0,1
2025.09.25,19:51:44,0.8347342497990814,0.8442443286249182,0.8325955508051383,0.8418700615238721,100,0,1
2025.09.25,19:52:44,0.9132735558334389,0.9667186799526815,0.8592576531885668,0.963625840544485,100,0,1
2025.09.25,19:53:44,0.8497561268323888,0.8835054421609191,0.7943378990356299,0.8063837063861785,100,0,1
2025.09.25,19:54:44,0.875621096080533,0.9309306684625159,0.8391023090114235,0.8778599133985785,100,0,1
2025.09.25,19:55:44,0.8239044005040408,0.889281269780582,0.7398162285188745,0.8266057317158088,100,0,1
2025.09.25,19:56:44,0.8280148893084912,0.8802158018616709,0.7937346582098576,0.8258816021409918,100,0,1
2025.09.25,19:57:44,0.7657192791554596,0.7770021966975125,0.7235473344813311,0.7359118838828809,100,0,1
2025.09.25,19:58:44,0.8342899998008897,0.8872101881933951,0.76713968922657,0.8439007756324267,100,0,1
2025.09.25,19:59:44,0.8276520834523575,0.8629131393618565,0.8191301674062686,0.8624168117307005,100,0,1
2025.09.25,20:00:44,0.8814249233466168,0.9562426510643225,0.8179577421619296,0.9249159141192048,100,0,1
2025.09.25,20:01:44,0.901465783938595,0.9168012862906345,0.8392954444286866,0.8543980174077174,100,0,1
2025.09.25,20:02:44,0.9121102966816823,0.9605979329519105,0.8528270675960492,0.95139728383584,100,0,1
2025.09.25,20:03:44,0.824525307702142,0.8625736593642769,0.7474674338366057,0.791660877025808,100,0,1
2025.09.25,20:04:44,0.8463224467353861,0.8864238957903166,0.802178665164232,0.874450260586801,100,0,1
2025.09.25,20:05:44,0.8056258350776696,0.8574224905548806,0.7137514590522722,0.7529173244833814,100,0,1
2025.09.25,20:06:44,0.7904952381118826,0.8617481466829234,0.7755965959327417,0.7847787812487965,100,0,1
2025.09.25,20:07:44,0.8030687032616817,0.8392418711983638,0.7455747058635382,0.7962336341509748,100,0,1
2025.09.25,20:08:44,0.8257776750841666,0.8828592820472178,0.7538716320459675,0.7949984038565849,100,0,1
2025.09.25,20:09:44,0.7810002644268674,0.7824238995074002,0.7422763324123579,0.7716616999618382,100,0,1
2025.09.25,20:10:44,0.7330287027360983,0.7483260375626557,0.677402266997473,0.745001802392536,100,0,1
2025.09.25,20:11:44,0.6884527281900777,0.7512066023766626,0.6477323745927531,0.7176594135291439,100,0,1
2025.09.25,20:12:44,0.7209387781414928,0.799665395292346,0.669910437624075,0.6710541025140077,100,0,1
2025.09.25,20:13:44,0.7384147101855176,0.7752536952385619,0.7046779791286877,0.7729608537391536,100,0,1
2025.09.25,20:14:44,0.7872858686481993,0.819128250377513,0.7482117839844958,0.8167280726254962,100,0,1
2025.09.25,20:15:44,0.8013635072944665,0.8691755392467855,0.7405437017481636,0.7939192636971772,100,0,1
2025.09.25,20:16:44,0.8365293552272215,0.8678103453406193,0.7521741647315078,0.7676172550937563,100,0,1
2025.09.25,20:17:44,0.8555868270625544,0.8694275719855763,0.827933723115194,0.8642189209468092,100,0,1
2025.09.25,20:18:44,0.9346566618556785,0.9684135335891697,0.8730787612041985,0.935682784558547,100,0,1
2025.09.25,20:19:44,0.9162362005769712,0.954304009718083,0.8676291848502939,0.8886817293989336,100,0,1
2025.09.25,20:20:44,0.8216370339567683,0.8832073268234875,0.7688473868189962,0.8425193280695087,100,0,1
2025.09.25,20:21:44,0.7931914210110976,0.8164123108511132,0.7747523140162524,0.7860109630005163,100,0,1
2025.09.25,20:22:44,0.868880002927535,0.905787502796386,0.8135154910112903,0.8181592135014236,100,0,1
2025.09.25,20:23:44,0.8747358912499665,0.9057049765450309,0.8183799869635208,0.8399844212686509,100,0,1
2025.09.25,20:24:44,0.9309316720821996,0.9706571860203657,0.8710105874483732,0.9620554211764709,100,0,1
2025.09.25,20:25:44,0.8479664461375979,0.8558763884008254,0.8134434707009384,0.8191111466884696,100,0,1
2025.09.25,20:26:44,0.866038453679588,0.9018979276674247,0.8237640394766308,0.873443996412096,100,0,1
2025.09.25,20:27:44,0.8452923602550413,0.8896444489357621,0.805900856677194,0.8114830071287811,100,0,1
2025.09.25,20:28:44,0.8747878824726192,0.9250390728548695,0.8072443047920265,0.8139900018884708,100,0,1
2025.09.25,20:29:44,0.8501102294957273,0.9069775283653582,0.7563710308296239,0.7732811377215325,100,0,1
2025.09.25,20:30:44,0.9706283591856325,1.0272639456822166,0.9173216197051481,0.9537461134738088,100,0,1
2025.09.25,20:31:44,0.9159641160758399,0.97320324393099,0.8533076310690886,0.8782975309180227,100,0,1
2025.09.25,20:32:44,0.8710004622826346,0.9127466844948898,0.8169480819002081,0.8824402190254947,100,0,1
2025.09.25,20:33:44,0.8563168112822372,0.9055712288160305,0.803041944649647,0.8501887746814384,100,0,1
2025.09.25,20:34:44,0.8964614304170565,0.955136574641977,0.8691787001873846,0.9118276468879559,100,0,1
2025.09.25,20:35:44,0.9036745836154394,0.9245261116833838,0.8647333228864618,0.8851069904647448,100,0,1
2025.09.25,20:36:44,0.9342797085129193,0.9615929924857005,0.8524464776673857,0.8554082009193139,100,0,1
2025.09.25,20:37:44,0.9358005664381794,0.9901888872761524,0.9005680277177502,0.9293027691414393,100,0,1
2025.09.25,20:38:44,0.879706700571049,0.9525214437589693,0.8482029536629158,0.9312899503202869,100,0,1
2025.09.25,20:39:44,0.8800686005921632,0.9128097120462915,0.8242377449468026,0.8961704764468115,100,0,1
2025.09.25,20:40:44,1.0197985576486832,1.0827698553170308,0.9613609088350029,0.9763300755892693,100,0,1
2025.09.25,20:41:44,1.0625435335091207,1.111015241938181,1.0196701463065712,1.0300398096819394,100,0,1
2025.09.25,20:42:44,1.122313158384463,1.1757557460568848,1.096146588053733,1.1524904792722572,100,0,1
2025.09.25,20:43:44,1.117583366422703,1.1342417113999126,1.0669726060171858,1.0995190145765783,100,0,1
2025.09.25,20:44:44,1.040200496413583,1.0663160348332388,0.9970541025012354,1.0070710229039455,100,0,1
2025.09.25,20:45:44,1.0100512474759928,1.028432050872412,0.9415516967136971,0.9964826268397702,100,0,1
2025.09.25,20:46:44,0.995373529726261,1.057230111438335,0.9642849676334381,1.0361991855751849,100,0,1
2025.09.25,20:47:44,0.8933555634620329,0.9114519549442723,0.860674302124302,0.8792409106663558,100,0,1
2025.09.25,20:48:44,0.8922750047493626,0.9352698863163449,0.8330588142689038,0.8528758176248196,100,0,1
2025.09.25,20:49:44,0.9090948624332184,0.9652566040202328,0.8395470341583039,0.8883394075457406,100,0,1
2025.09.25,20:50:44,0.8912569202795396,0.9312283801354754,0.8366309414464952,0.917208670199517,100,0,1
2025.09.25,20:51:44,0.9757621929242289,1.0174787860665846,0.8779886105428335,0.9377061673470137,100,0,1
2025.09.25,20:52:44,1.010096556335807,1.078194938298721,0.9633502071460316,1.0029791602970857,100,0,1
2025.09.25,20:53:44,1.0244188229934095,1.105131595222833,0.9420517580005425,1.0645492375509749,100,0,1
2025.09.25,20:54:44,0.9479961025970571,0.9996850240017647,0.8418421076598379,0.8534125483797482,100,0,1
2025.09.25,20:55:44,0.9963562963944782,1.0489333194915553,0.948692795715497,0.9847079102546639,100,0,1
2025.09.25,20:56:44,1.0035321083226043,1.0882470870614196,0.9550154648715516,1.0329260633626252,100,0,1
2025.09.25,20:57:44,0.9905978958945538,1.0291763099088795,0.9724088806406264,1.0261066675271544,100,0,1
2025.09.25,20:58:44,0.9685898822444738,1.061896774736276,0.9238884196757499,0.9727782396099082,100,0,1
2025.09.25,20:59:44,0.9467686044505966,1.0218904721982671,0.9124746211871588,1.000686424391293,100,0,1
2025.09.25,21:00:44,0.9841360086702509,1.0214282513052761,0.9243388971810704,0.9325856285098291,100,0,1
2025.09.25,21:01:44,1.0050517797503071,1.067558227877581,0.9138815414441066,0.919109970990531,100,0,1
2025.09.25,21:02:44,1.0301272477700456,1.0874560399624977,0.9937068464652736,1.085910880772481,100,0,1
2025.09.25,21:03:44,1.0325323445241354,1.1088380896503867,0.9561876677658447,1.0114279676018798,100,0,1
2025.09.25,21:04:44,0.9602304841814108,0.9960819526465935,0.9124496069779447,0.9930858525548174,100,0,1
2025.09.25,21:05:44,0.9736739818129895,1.0119431339496399,0.9101526578216675,0.9523652913022991,100,0,1
2025.09.25,21:06:44,0.9631462769622662,0.994323855615512,0.9423189562723896,0.9822255175281992,100,0,1
2025.09.25,21:07:44,1.0040914564215555,1.0406771768548022,0.9463849324750886,0.9916425007007366,100,0,1
2025.09.25,21:08:44,0.9611572681766483,0.9992943898153062,0.8908071146767168,0.9037700311156163,100,0,1
2025.09.25,21:09:44,0.9440549123733282,1.0041784186478946,0.8952739749232335,0.9453279123891548,100,0,1
2025.09.25,21:10:44,0.9822540635839738,1.037498504678968,0.9637946776567403,0.9656423434834693,100,0,1
2025.09.25,21:11:44,0.9120385242051545,0.955819340152072,0.8616538745840646,0.8789381577479504,100,0,1
2025.09.25,21:12:44,0.8818695703251463,0.905876826743592,0.8593751902945167,0.8944222545038057,100,0,1
2025.09.25,21:13:44,0.8388881780561241,0.8908040079817138,0.802166578724106,0.8392855131784366,100,0,1
2025.09.25,21:14:44,0.7746317225735726,0.8397058462488859,0.7477280133608134,0.8287896349038666,100,0,1
2025.09.25,21:15:44,0.7117348890588756,0.7536897719751434,0.6685491486544436,0.7302985532183887,100,0,1
2025.09.25,21:16:44,0.6395020540388822,0.6920949138180678,0.5629972471636899,0.6566181449777202,100,0,1
2025.09.25,21:17:44,0.7732686133401998,0.811009047318745,0.7289064478611745,0.7955004476846144,100,0,1
2025.09.25,21:18:44,0.8802664947706035,0.9077533426679831,0.8219557837649599,0.864963651431611,100,0,1
2025.09.25,21:19:44,0.8619988723765027,0.9460876753124509,0.781979574944215,0.8598669230214571,100,0,1
2025.09.25,21:20:44,0.8012595435752071,0.8604395657144353,0.7479094841187575,0.8157879452561753,100,0,1
2025.09.25,21:21:44,0.8388786093667243,0.8789933646477568,0.7836975133757054,0.817639295806797,100,0,1
2025.09.25,21:22:44,0.9256867960720915,0.9726956887323797,0.8384201438702267,0.8828575265988309,100,0,1
2025.09.25,21:23:44,0.9869141745015114,1.03263406537075,0.9334188017186471,0.9413991494811078,100,0,1
2025.09.25,21:24:44,0.9705944859604088,1.0107156174420953,0.9522436145840589,1.005473465815642,100,0,1
2025.09.25,21:25:44,0.9998053482538722,1.0801830149436606,0.9497839910405665,1.0140764777216456,100,0,1
2025.09.25,21:26:44,1.0250125034404032,1.0888137952398256,0.9857754166107843,0.9910523855066108,100,0,1
2025.09.25,21:27:44,0.9555215902277138,0.9877807875768756,0.923260714348206,0.9413599947424744,100,0,1
2025.09.25,21:28:44,0.9979161616656075,1.0375183628298574,0.9267509812294776,1.031531850652572,100,0,1
2025.09.25,21:29:44,1.0220390517635425,1.1007754861479067,0.992351827638902,1.0145294298401324,100,0,1
2025.09.25,21:30:44,1.0323768466549337,1.097409662198621,1.0019827564261745,1.09537298257664,100,0,1
2025.09.25,21:31:44,1.0579359166127744,1.0990297809831784,1.0004708537183238,1.0420577282137506,100,0,1
2025.09.25,21:32:44,1.084290611098246,1.1324693922054698,1.0453983470598622,1.1139342043855902,100,0,1
2025.09.25,21:33:44,1.166552368629722,1.2343317253086439,1.092115234690557,1.2047440971591057,100,0,1
2025.09.25,21:34:44,1.1488325906305432,1.1781059292143807,1.1146242089745106,1.1581838833500335,100,0,1
2025.09.25,21:35:44,1.2377117419667407,1.2793875767194,1.1596634938760564,1.2471406949062633,100,0,1
2025.09.25,21:36:44,1.3315580466409445,1.3631751250200492,1.2691142873116608,1.3500100192498214,100,0,1
2025.09.25,21:37:44,1.3386946155515653,1.3773497020602796,1.30799790523484,1.3234387048260512,100,0,1
2025.09.25,21:38:44,1.22859437480414,1.3151115043250623,1.1661568422567776,1.2106306004194418,100,0,1
2025.09.25,21:39:44,1.2232801760393328,1.313063686436669,1.188572444181191,1.2694284516142504,100,0,1
2025.09.25,21:40:44,1.1807846638402288,1.2128327578251683,1.1517124826310663,1.1910193832933573,100,0,1
2025.09.25,21:41:44,1.2225339267415603,1.281289394260487,1.1450569490775375,1.1462833860586794,100,0,1
2025.09.25,21:42:44,1.1946607814388903,1.2101440129072703,1.1583177713790254,1.1829414501936821,100,0,1
2025.09.25,21:43:44,1.2073033191435085,1.2714560665563295,1.1693789235244443,1.1892379283644758,100,0,1
2025.09.25,21:44:44,1.1782214850220283,1.2386737248460253,1.1189884468858209,1.1949903187440787,100,0,1
2025.09.25,21:45:44,1.065691114747192,1.1218317510351135,1.020527419228784,1.0551024952278638,100,0,1
2025.09.25,21:46:44,1.073169476238431,1.1446120860362363,1.0560368642643114,1.1286468500485534,100,0,1
2025.09.25,21:47:44,1.0455629303488594,1.1162690070986239,1.0156350205397164,1.0348698496080582,100,0,1
2025.09.25,21:48:44,1.0722439944897275,1.1292291963587482,1.0417783081661414,1.086301440571788,100,0,1
2025.09.25,21:49:44,1.052499206614824,1.0970307018388976,1.0032756507936829,1.0515551102891694,100,0,1
2025.09.25,21:50:44,1.0224406260183807,1.0791112195034276,0.9662181947071897,1.0123434637295878,100,0,1
2025.09.25,21:51:44,0.9669249784182171,1.0035066587446346,0.9113726621949965,0.9238230654059078,100,0,1
2025.09.25,21:52:44,0.9459589930878798,1.0117950554879314,0.8684348904319213,0.9616890725635505,100,0,1
2025.09.25,21:53:44,0.9085753794707154,0.9807088148522584,0.8677137187122663,0.9558304257095105,100,0,1
2025.09.25,21:54:44,0.8920406998769007,0.9292898607704404,0.8294977400324646,0.9163572260581251,100,0,1
2025.09.25,21:55:44,0.9240112189280991,0.9780094485987189,0.8634063900385571,0.9418691558644827,100,0,1
2025.09.25,21:56:44,0.9222383085255433,0.9666203583952152,0.8757653168159222,0.9092227109422617,100,0,1
2025.09.25,21:57:44,1.0063850422677962,1.0660101192964042,0.942823699248815,0.9974099674693224,100,0,1
2025.09.25,21:58:44,1.0343207873807643,1.1325992106915164,0.9788164148970542,0.9968890049393624,100,0,1
2025.09.25,21:59:44,1.054408950623019,1.1231859199937388,0.9849457759245914,1.0406379409293012,100,0,1
2025.09.25,22:00:44,1.0245385906215883,1.0630159605634395,0.9457414572307078,0.9749008079399499,100,0,1
2025.09.25,22:01:44,1.0753431689559143,1.1029130642959577,1.0376168242797421,1.0416408758772127,100,0,1
2025.09.25,22:02:44,1.0977185098372388,1.1722246707684945,1.0614125314425853,1.0763451040956267,100,0,1
2025.09.25,22:03:44,1.1001532577493722,1.126016182097389,1.03198820807746,1.0617836467529513,100,0,1
2025.09.25,22:04:44,1.1066227949416876,1.1689142341573586,1.0320496667550814,1.0414502408581692,100,0,1
2025.09.25,22:05:44,1.1708069035995667,1.252657076301376,1.1429123116340596,1.2205973726137647,100,0,1
2025.09.25,22:06:44,1.2151380245787977,1.2605123639215459,1.1203771015500026,1.140201131146154,100,0,1
2025.09.25,22:07:44,1.2654184287823917,1.3210254951821316,1.2087869164557985,1.2131080614524252,100,0,1
2025.09.25,22:08:44,1.299693622089583,1.341890722518266,1.263643443418259,1.3074029317951597,100,0,1
2025.09.25,22:09:44,1.2397514396848295,1.3023556066107003,1.2228769811508504,1.2945103029679903,100,0,1
2025.09.25,22:10:44,1.1786358247347308,1.1883158532587217,1.12467705269374,1.1247171028828455,100,0,1
2025.09.25,22:11:44,1.113403838704161,1.1472664392372907,1.0706665442418242,1.0777523988394717,100,0,1
2025.09.25,22:12:44,1.183897713796161,1.2326187344159665,1.1289165782378268,1.1298485779269805,100,0,1
2025.09.25,22:13:44,1.2126436378858496,1.247678790595892,1.177393140208969,1.2184504204466515,100,0,1
2025.09.25,22:14:44,1.2169752316091222,1.2220774818308855,1.1768627730245738,1.2024818261708798,100,0,1
2025.09.25,22:15:44,1.1499181193784398,1.2017525073714954,1.0707138057611336,1.1480481939935547,100,0,1
2025.09.25,22:16:44,1.1532544188768044,1.187085130459239,1.1158808184035627,1.132992485095666,100,0,1
2025.09.25,22:17:44,1.1410651262106808,1.1954808090559155,1.0683634833563678,1.1625236978347497,100,0,1
2025.09.25,22:18:44,1.1556897349841015,1.2374145371108884,1.1164918009533193,1.174625380138313,100,0,1
2025.09.25,22:19:44,1.0404906771395985,1.100185787419279,0.9972653879513955,1.0645328722373004,100,0,1
2025.09.25,22:20:44,1.0420466717684946,1.074083111491207,0.9987313306972049,1.0700410445843345,100,0,1
2025.09.25,22:21:44,1.121459905051602,1.1904422610335443,1.0592257269384553,1.0707404427572913,100,0,1
2025.09.25,22:22:44,1.1874347526951199,1.2711495879092496,1.1604737253427153,1.188198454399807,100,0,1
2025.09.25,22:23:44,1.1795965301599254,1.2458773835294132,1.1238064346426568,1.1499569271642487,100,0,1
2025.09.25,22:24:44,1.191452059378609,1.2098060433106022,1.146305232066276,1.1492767480426955,100,0,1
2025.09.25,22:25:44,1.2712860480472021,1.3436902211726274,1.2256037072947414,1.2624899120669455,100,0,1
2025.09.25,22:26:44,1.2396581847458152,1.2694967994709792,1.1732690359779436,1.2311447269192721,100,0,1
2025.09.25,22:27:44,1.3166304360124579,1.3689036208663934,1.253526254061514,1.3491343656227925,100,0,1
2025.09.25,22:28:44,1.333361659037374,1.3612492980276287,1.2640014280667837,1.32535232771552,100,0,1
2025.09.25,22:29:44,1.342152892006201,1.3823176594422417,1.3112351516540144,1.38112226836991,100,0,1
2025.09.25,22:30:44,1.338214816825977,1.3862686200719307,1.284435524913761,1.369723752321065,100,0,1
2025.09.25,22:31:44,1.4027270587022271,1.430149250268553,1.3332266938697235,1.3928364199943855,100,0,1
2025.09.25,22:32:44,1.2849051369071962,1.3182866492480365,1.2491840022101968,1.2695722073616211,100,0,1
2025.09.25,22:33:44,1.3216241474631811,1.367566285830423,1.263944830124766,1.3045304267508133,100,0,1
2025.09.25,22:34:44,1.353713869941312,1.3825650654641404,1.300810849260326,1.3713756783312954,100,0,1
2025.09.25,22:35:44,1.3573482106672585,1.4236943889347207,1.2936863840674793,1.423153545694188,100,0,1
2025.09.25,22:36:44,1.3839058737271352,1.431596995112553,1.3387008412193753,1.4201472997947406,100,0,1
2025.09.25,22:37:44,1.3309850653062723,1.3757891664800672,1.2696950196825896,1.2765333700898602,100,0,1
2025.09.25,22:38:44,1.3317731478956671,1.3758146975144083,1.2588599709884034,1.2625363978589166,100,0,1
2025.09.25,22:39:44,1.3359683938808364,1.3877269609841374,1.2801964390064116,1.3196990799183816,100,0,1
2025.09.25,22:40:44,1.3607971079765613,1.3994389425849287,1.3245433675029004,1.3788258749091695,100,0,1
2025.09.25,22:41:44,1.3585605358500663,1.3860132244326708,1.2864448693245882,1.3012179241008246,100,0,1
2025.09.25,22:42:44,1.3415028494307943,1.3463759065042775,1.2830850788616068,1.3164937411335194,100,0,1
2025.09.25,22:43:44,1.374125920197352,1.384094480642284,1.3545638532917905,1.3563721419784722,100,0,1
2025.09.25,22:44:44,1.3841201901710363,1.441891145153174,1.3026974999515175,1.4312806432984706,100,0,1
2025.09.25,22:45:44,1.374139864824237,1.4024405515246285,1.277764689564551,1.3413644993467961,100,0,1
2025.09.25,22:46:44,1.4400823078963296,1.462866741616007,1.4041660840017767,1.4084810928684082,100,0,1
2025.09.25,22:47:44,1.485846303811022,1.5454404850711523,1.4406560857796884,1.500452002200229,100,0,1
2025.09.25,22:48:44,1.4887248828461177,1.5769635980605754,1.42347388191125,1.4355538280898175,100,0,1
2025.09.25,22:49:44,1.4151487245447218,1.4790606160581234,1.3739001123606776,1.3989018178633268,100,0,1
2025.09.25,22:50:44,1.4176070776084198,1.4870278737173948,1.3825410140907775,1.461836174686375,100,0,1
2025.09.25,22:51:44,1.4063493527653748,1.4469515235783683,1.316655531078473,1.407981484145544,100,0,1
2025.09.25,22:52:44,1.5276873949872174,1.5481652999822346,1.4863935975848406,1.5307838788067702,100,0,1
2025.09.25,22:53:44,1.5670325083583325,1.599691781320475,1.5174963908612544,1.5178906957008846,100,0,1
2025.09.25,22:54:44,1.6380794445867757,1.6809139463066092,1.603047914858017,1.6439555999132394,100,0,1
2025.09.25,22:55:44,1.654629317193994,1.6881818011316954,1.598076716205708,1.6097295253654005,100,0,1
2025.09.25,22:56:44,1.6303708504160364,1.6688276345671806,1.5886044788337872,1.5893806906576495,100,0,1
2025.09.25,22:57:44,1.6236705863416565,1.686803775788701,1.5635169057104843,1.6234710755338004,100,0,1
2025.09.25,22:58:44,1.6147419798418627,1.6816724926191515,1.5190798609694878,1.5514299029763148,100,0,1
2025.09.25,22:59:44,1.6438301780657483,1.7133108474832415,1.5838869213212365,1.6019958446148483,100,0,1
2025.09.25,23:00:44,1.6682193356826818,1.7071200941630051,1.601532850343551,1.6571794446953034,100,0,1
2025.09.25,23:01:44,1.64010680818628,1.6898784485806022,1.5781402222508079,1.6711371225720981,100,0,1
2025.09.25,23:02:44,1.630869254348731,1.674567819690422,1.5729107257929236,1.5975404777361175,100,0,1
2025.09.25,23:03:44,1.6235672821343399,1.6384445089947095,1.5490302654642591,1.5702708807079262,100,0,1
2025.09.25,23:04:44,1.5647757660808383,1.6302813970118724,1.5195312235201017,1.6272671239863004,100,0,1
2025.09.25,23:05:44,1.5330374429749174,1.5448503737336274,1.4610950642768317,1.477051097333611,100,0,1
2025.09.25,23:06:44,1.5724462208784395,1.608290340350106,1.536799235072575,1.587901038012378,100,0,1
2025.09.25,23:07:44,1.471421107856745,1.5080918265399386,1.4122471442473024,1.4128651390912148,100,0,1
2025.09.25,23:08:44,1.4863606320222837,1.532312059142303,1.4393156394981343,1.4727194918793622,100,0,1
2025.09.25,23:09:44,1.5651483228531151,1.636362514245206,1.5300706034595457,1.5614078512578764,100,0,1
2025.09.25,23:10:44,1.603602587404751,1.6428262709743013,1.5284811557617315,1.5955478295871386,100,0,1
2025.09.25,23:11:44,1.5912767884788654,1.6652119741141933,1.534796367657013,1.5581006159696706,100,0,1
2025.09.25,23:12:44,1.5347780658537822,1.5671851508846109,1.475367659368376,1.5122666979388442,100,0,1
2025.09.25,23:13:44,1.5327735079935876,1.5704256939213486,1.4800962651747067,1.5105399158037696,100,0,1
2025.09.25,23:14:44,1.633455605798012,1.6980052654857767,1.5656015160626477,1.6149598356693202,100,0,1
2025.09.25,23:15:44,1.701785055824072,1.7371105176877562,1.6203040015176122,1.702205477923362,100,0,1
2025.09.25,23:16:44,1.7446642780937593,1.779499595696453,1.6590745286230852,1.7232213664677063,100,0,1
2025.09.25,23:17:44,1.642341343555008,1.6623619336922457,1.5699979512594027,1.62379005704311,100,0,1
2025.09.25,23:18:44,1.6991144187515226,1.7056619590725657,1.6765924496206743,1.6811069343206613,100,0,1
2025.09.25,23:19:44,1.7926332475809745,1.8774614298935277,1.778977957934634,1.8352088065387533,100,0,1
2025.09.25,23:20:44,1.7738640409111905,1.8175142022021924,1.7142262203964111,1.753271754151294,100,0,1
2025.09.25,23:21:44,1.8836545203333876,1.947693702940704,1.8521457440247873,1.9095011156740702,100,0,1
2025.09.25,23:22:44,1.9063513176998468,1.9554190458155118,1.8675467726779718,1.9160161823161148,100,0,1
2025.09.25,23:23:44,1.9282498747637207,1.986143100582869,1.9277612849631902,1.959794373542898,100,0,1
2025.09.25,23:24:44,1.8994906492030075,1.934161206913528,1.830104577198941,1.8724047833732402,100,0,1
2025.09.25,23:25:44,1.8952832377279922,1.9423728432921388,1.8521350239735266,1.853752325556865,100,0,1
2025.09.25,23:26:44,1.9050986279266064,1.9490126180112637,1.8384613024508754,1.9145007060449195,100,0,1
2025.09.25,23:27:44,1.9728160005428645,2.0011773422624395,1.8755940218651557,1.898343671474317,100,0,1
2025.09.25,23:28:44,1.8774951528233625,1.9345632688376642,1.841017085207006,1.8664418266645977,100,0,1
2025.09.25,23:29:44,1.9580694767374187,1.998793313855454,1.9031984230079029,1.9709665622862544,100,0,1
2025.09.25,23:30:44,1.9717467712302188,2.0057829836355485,1.9380908176770988,1.9384906605612058,100,0,1
2025.09.25,23:31:44,1.9899307540909061,2.053038719517468,1.9582688790927156,2.0238451271842544,100,0,1
2025.09.25,23:32:44,1.9262707285955643,2.0001955039923818,1.8959349052863819,1.9603697970424332,100,0,1
2025.09.25,23:33:44,1.8580745250932875,1.8955527997424646,1.8346164652886028,1.885422080673716,100,0,1
2025.09.25,23:34:44,1.862821254242762,1.883568045697759,1.80209466530466,1.8351975198610755,100,0,1
2025.09.25,23:35:44,1.9832459038548578,2.0657010778338907,1.9341910172613308,1.9755448250553873,100,0,1
2025.09.25,23:36:44,1.9466174329749935,2.015990377971865,1.897904391390007,1.9543593366451661,100,0,1
2025.09.25,23:37:44,1.9583401360520472,2.0285733534774244,1.9374998425292997,1.9547577982388933,100,0,1
2025.09.25,23:38:44,1.971847626830742,1.975026484358973,1.9529605580344669,1.9692899061733036,100,0,1
2025.09.25,23:39:44,1.9536142514590713,2.0030449652714144,1.9257697627914447,1.9400471849281455,100,0,1
2025.09.25,23:40:44,1.9270478282035737,1.9491476334560045,1.8627251502810287,1.8824549142472498,100,0,1
2025.09.25,23:41:44,1.9536395716959924,1.992779230233328,1.8864180168710043,1.9363064884689405,100,0,1
2025.09.25,23:42:44,1.9356097646725396,2.0036355634665584,1.9108354694687157,1.918211487677027,100,0,1
2025.09.25,23:43:44,1.8628034121165065,1.887568436528606,1.81134762967283,1.8590834376832723,100,0,1
2025.09.25,23:44:44,1.8467457434831167,1.9191922659431162,1.788869111865102,1.8472745797999108,100,0,1
2025.09.25,23:45:44,1.7896656955845087,1.8239000174058606,1.7628327373659347,1.8064087500488715,100,0,1
2025.09.25,23:46:44,1.8437962082823616,1.911915099502609,1.8242571070388263,1.8874138290161862,100,0,1
2025.09.25,23:47:44,1.8588741036164151,1.889019017868989,1.8265495070940128,1.8331944160505071,100,0,1
2025.09.25,23:48:44,1.8400169469860572,1.8979967911946354,1.8003870773173882,1.8452388847517591,100,0,1
2025.09.25,23:49:44,1.8419828027430944,1.8572209646619107,1.7770806491555258,1.8034013516683014,100,0,1
2025.09.25,23:50:44,1.7356699208569166,1.7667917543105585,1.6765111930524474,1.7392071052136033,100,0,1
2025.09.25,23:51:44,1.7103181115265684,1.785990714267736,1.6350814260138633,1.7261786425121695,100,0,1
2025.09.25,23:52:44,1.8155156673443877,1.896098249317599,1.8044848706352434,1.8238081492228513,100,0,1
2025.09.25,23:53:44,1.8200720187972232,1.8667286826963851,1.7821422417051411,1.819093234168077,100,0,1
2025.09.25,23:54:44,1.8335736695295282,1.8390818981086647,1.772735915715292,1.8016142013373495,100,0,1
2025.09.25,23:55:44,1.858993776545123,1.9046495424883894,1.8206323316711803,1.8652174974441813,100,0,1
2025.09.25,23:56:44,1.9172787437603733,1.9661379976587823,1.7993621252199155,1.8686211559944033,100,0,1
2025.09.25,23:57:44,1.9279806266770552,1.9781603316660221,1.877342791472169,1.8903882114638444,100,0,1
2025.09.25,23:58:44,1.8816936289311286,1.9099045832489587,1.8242045223445373,1.844851169076559,100,0,1
2025.09.25,23:59:44,1.940561826547873,1.9918041158087165,1.875725406721253,1.954610128900732,100,0,1
2025.09.26,00:00:44,1.9862233574379222,2.0382235541107234,1.9358183954765484,1.9685512115586334,100,0,1
2025.09.26,00:01:44,2.006207916995459,2.039205827004776,1.938485997791397,2.025459915023232,100,0,1
2025.09.26,00:02:44,2.016257668775568,2.036084942615205,1.9742798050900021,1.9964734600801919,100,0,1
2025.09.26,00:03:44,2.0075809258522233,2.0088426988746355,1.9634780307839788,1.9862279512755512,100,0,1
2025.09.26,00:04:44,1.9750048086673186,2.0577594201560863,1.8943602026102568,2.0359824284857333,100,0,1
2025.09.26,00:05:44,1.8959737392023608,1.924771472159665,1.860513042913688,1.897658768544149,100,0,1
2025.09.26,00:06:44,1.8582470165529128,1.9184891774163986,1.8209980166782167,1.845942014922532,100,0,1
2025.09.26,00:07:44,1.7898004232307416,1.8584971989220198,1.7551524065453097,1.7959975627299387,100,0,1
2025.09.26,00:08:44,1.7076522254715627,1.7980806777383338,1.6588193157528222,1.679452951463652,100,0,1
2025.09.26,00:09:44,1.8026817265057435,1.8782041323936156,1.7735137640633534,1.785977408585495,100,0,1
2025.09.26,00:10:44,1.7811906065885181,1.8126415939833025,1.730093971959114,1.8022484819240505,100,0,1
2025.09.26,00:11:44,1.8072819163033087,1.8759299599914994,1.7717029527371235,1.8553003494153302,100,0,1
2025.09.26,00:12:44,1.8304345413885927,1.894957717023226,1.7618587242328578,1.8701386202265478,100,0,1
2025.09.26,00:13:44,1.8394447159994143,1.8627150077857748,1.7964274207390147,1.82242463447049,100,0,1
2025.09.26,00:14:44,1.8877428678545554,1.8889491834290495,1.875914497792421,1.8816925402977192,100,0,1
2025.09.26,00:15:44,1.9367681913479686,1.962429080956537,1.9081385200403878,1.9480497267318118,100,0,1
2025.09.26,00:16:44,1.9541033731915403,2.006482190897599,1.9530414421640223,1.9827707310207732,100,0,1
2025.09.26,00:17:44,1.9435371716678917,2.033960458213153,1.9042985449893093,2.0321808084775945,100,0,1
2025.09.26,00:18:44,2.0214021958517434,2.062313028046959,1.922327533765067,1.9963520344820764,100,0,1
2025.09.26,00:19:44,1.9754626433890825,2.031266094007016,1.9115742350671416,2.026042415674688,100,0,1
2025.09.26,00:20:44,1.925816506527996,2.0118188154963685,1.8329811277443748,1.8574648462196957,100,0,1
2025.09.26,00:21:44,1.877195654289279,1.9365586982142535,1.8654007291880348,1.8797316904657446,100,0,1
2025.09.26,00:22:44,1.8678909181104464,1.893818501176589,1.773519099402829,1.7952429364786593,100,0,1
2025.09.26,00:23:44,1.8207935440035958,1.8992951984093078,1.7853097277153558,1.8852208670632167,100,0,1
2025.09.26,00:24:44,1.81679648408139,1.874257317095012,1.7846799810964413,1.7889701285187756,100,0,1
2025.09.26,00:25:44,1.927987099265596,1.9905108164015477,1.8893999284924612,1.9849649338246318,100,0,1
2025.09.26,00:26:44,1.992424548275192,2.0617318974812364,1.906317338614271,2.029487641001987,100,0,1
2025.09.26,00:27:44,2.070431823077149,2.130689775225429,2.0155906048722247,2.1152925198956667,100,0,1
2025.09.26,00:28:44,2.0671704021753565,2.111773138013544,2.0201091155095607,2.0778900646070033,100,0,1
2025.09.26,00:29:44,2.116942098312362,2.1550964982833603,2.061867647096381,2.088310340951323,100,0,1
2025.09.26,00:30:44,2.0919215657157997,2.157380482245499,2.0418147176993635,2.1545577373889606,100,0,1
2025.09.26,00:31:44,2.0890562601646363,2.1208367162735895,2.036791844250265,2.115067408166025,100,0,1
2025.09.26,00:32:44,2.1114091038387293,2.146689370487483,2.075347834499314,2.144595110916749,100,0,1
2025.09.26,00:33:44,2.124585138796254,2.1710132448028316,2.063339538343185,2.15143786041733,100,0,1
2025.09.26,00:34:44,2.039216507920257,2.119788443352297,2.0110772246736537,2.0539564359886526,100,0,1
2025.09.26,00:35:44,2.0715060912753476,2.1277623821777785,2.022368063868627,2.1032185338193146,100,0,1
2025.09.26,00:36:44,2.0190784479338535,2.0399103200911433,1.986926009487982,1.9898025670480994,100,0,1
2025.09.26,00:37:44,2.004451744136009,2.0866109464556692,1.9354157197633368,1.961171040526472,100,0,1
2025.09.26,00:38:44,1.9006300511251617,1.951997493613413,1.8290013702719912,1.8943755346673965,100,0,1
2025.09.26,00:39:44,1.8919022359393842,1.953853360732954,1.8307617108355967,1.857290022116741,100,0,1
2025.09.26,00:40:44,1.9215693044018523,1.9543152367145247,1.834383313063486,1.8908389906512788,100,0,1
2025.09.26,00:41:44,1.8771768723889224,1.934623297553905,1.83111918719822,1.8409195099468827,100,0,1
2025.09.26,00:42:44,1.9462544589026014,1.977449154957626,1.8935750727448055,1.9156729137390112,100,0,1
2025.09.26,00:43:44,1.9968783193648376,2.0980444457225444,1.9411565992809876,2.000665473884382,100,0,1
2025.09.26,00:44:44,2.0404717242320087,2.075054043589356,2.013607864541975,2.0555447545076153,100,0,1
2025.09.26,00:45:44,2.0114594901591896,2.018115748987852,1.9706959371052915,2.0180988887762656,100,0,1
2025.09.26,00:46:44,2.0333840419789677,2.068388985443456,1.9824244489554494,1.9860825653414038,100,0,1
2025.09.26,00:47:44,1.9360325240925982,1.9916256550967193,1.895709496814431,1.9797573547866751,100,0,1
2025.09.26,00:48:44,1.9544281314931358,1.9858425330702514,1.8498417819502235,1.8928582265996017,100,0,1
2025.09.26,00:49:44,1.977381193683918,2.009507360479236,1.9475521075509576,2.002270430014518,100,0,1
2025.09.26,00:50:44,1.9064885078151106,1.984294276841178,1.8379637012891468,1.8706545543257846,100,0,1
2025.09.26,00:51:44,1.8901995394845457,1.9417115438780994,1.8518442107585513,1.898635667198817,100,0,1
2025.09.26,00:52:44,1.9315104389030724,1.9539704730416139,1.8999788688371841,1.91244855866799,100,0,1
2025.09.26,00:53:44,1.965143157596175,2.061310743893033,1.8911453667081932,1.9738283362321878,100,0,1
2025.09.26,00:54:44,2.010497601667175,2.050975249806574,1.984976822936346,2.0038295540300637,100,0,1
2025.09.26,00:55:44,2.0534516803688585,2.1289841524907516,2.007862292614525,2.0485194835739824,100,0,1
2025.09.26,00:56:44,2.0132294116287675,2.0581593424060616,1.977335470723722,2.0574353973618824,100,0,1
2025.09.26,00:57:44,2.0299592283958896,2.0702518579626368,1.982968293219662,2.038061639362425,100,0,1
2025.09.26,00:58:44,2.015018659324306,2.021872522447122,1.966403071643676,1.9858212549820213,100,0,1
2025.09.26,00:59:44,2.020286737607254,2.089000774496478,2.0020349347649335,2.053586766506784,100,0,1
2025.09.26,01:00:44,2.0618116579398427,2.085423875785752,2.017693639532994,2.082640721006561,100,0,1
2025.09.26,01:01:44,2.1133229655180026,2.1833844322648823,2.073224960595417,2.1134493099309695,100,0,1
2025.09.26,01:02:44,2.06008759341464,2.093774186359004,2.022515304300968,2.0356445587018164,100,0,1
2025.09.26,01:03:44,2.080417405004972,2.1221551854295946,2.0502498336817863,2.0627325275664727,100,0,1
2025.09.26,01:04:44,2.155232868313484,2.180449614619413,2.0985398964356428,2.11233017340093,100,0,1
2025.09.26,01:05:44,2.096979900176442,2.1388786299434837,2.0175981978260307,2.083292282041072,100,0,1
2025.09.26,01:06:44,2.0361371778123996,2.0757516862840495,1.9675087324240061,1.9969610835227405,100,0,1
2025.09.26,01:07:44,1.9995058128781134,2.070067377875479,1.9468082311612493,2.0293408832767117,100,0,1
2025.09.26,01:08:44,2.061441135270506,2.117435475908107,2.001302527176497,2.094805657464596,100,0,1
2025.09.26,01:09:44,2.070842422682036,2.086236935108977,2.025931793192642,2.071165628441502,100,0,1
2025.09.26,01:10:44,2.015096657395308,2.083059738207781,1.9601462819854967,2.0093252533086123,100,0,1
2025.09.26,01:11:44,1.9188176834206596,1.9757861502865897,1.863439242113313,1.868752720428785,100,0,1
2025.09.26,01:12:44,1.8868587719830734,1.948141398419796,1.8462271703383486,1.8582975759179465,100,0,1
2025.09.26,01:13:44,1.9560588028634938,2.034414406960609,1.9012728622277326,1.9857425958225146,100,0,1
2025.09.26,01:14:44,1.9473708012651967,2.0109737702860326,1.8845869937697144,1.9431546904851276,100,0,1
2025.09.26,01:15:44,1.970137965956962,2.024609723997603,1.914163437859459,1.924806135019916,100,0,1
2025.09.26,01:16:44,1.9260304743747434,1.97090917216926,1.8897294540235643,1.8929845799794234,100,0,1
2025.09.26,01:17:44,1.9133647716751245,1.9618040364117708,1.846161599918881,1.9097252573032204,100,0,1
2025.09.26,01:18:44,1.8398195286302945,1.8879683689347257,1.7944124504715453,1.8418441046548661,100,0,1
2025.09.26,01:19:44,1.913994983636097,1.9868293786227011,1.8492784093522239,1.8782922296284164,100,0,1
2025.09.26,01:20:44,1.8827270143529657,1.891272799314586,1.8602040112882428,1.8864969359696315,100,0,1
2025.09.26,01:21:44,1.831311119965405,1.844101819894449,1.8312309315373496,1.837018414107131,100,0,1
2025.09.26,01:22:44,1.7694528513019714,1.8399597188604169,1.7218438765144368,1.795888113292492,100,0,1
2025.09.26,01:23:44,1.8268487686363601,1.8551354965070885,1.7631856017955783,1.825871829712228,100,0,1
2025.09.26,01:24:44,1.818088874029309,1.8514767165560433,1.7476643312934963,1.771235474881854,100,0,1
2025.09.26,01:25:44,1.840358191618959,1.881197555391327,1.7741985029892375,1.8616521410338156,100,0,1
2025.09.26,01:26:44,1.77177275180438,1.7966267556777697,1.7463269381248514,1.7927866324124806,100,0,1
2025.09.26,01:27:44,1.739036141094412,1.7958681393375864,1.707890048823145,1.765497741907639,100,0,1
2025.09.26,01:28:44,1.6368448238187583,1.6784851339663078,1.5970234066460203,1.6714035171533497,100,0,1
2025.09.26,01:29:44,1.6812017554748604,1.6878406094703586,1.6326900761143115,1.6841447040443036,100,0,1
2025.09.26,01:30:44,1.6724282788801152,1.7155771591242714,1.612355866849588,1.7097502220470895,100,0,1
2025.09.26,01:31:44,1.6831641800336705,1.7333277228731323,1.6431867672204374,1.6461001660880767,100,0,1
2025.09.26,01:32:44,1.665421261178062,1.7243572073311424,1.6309425404850697,1.719447656099846,100,0,1
2025.09.26,01:33:44,1.6669114125723228,1.7345090393142875,1.6129672672556195,1.6903160074472323,100,0,1
2025.09.26,01:34:44,1.7245058332065133,1.7954548404856863,1.621659130389043,1.7244452211359658,100,0,1
