date,time,open,high,low,close,tickvol,vol,spread
2025.09.12,04:15:44,1.392074816425859,1.4276722129417063,1.3558021265869813,1.3935357157101345,100,0,1
2025.09.12,04:20:44,1.3162236387624568,1.3787884760619533,1.2416628191267507,1.3755358148546866,100,0,1
2025.09.12,04:25:44,1.2548242217246086,1.3052481894112884,1.198956087586533,1.2100246241050285,100,0,1
2025.09.12,04:30:44,1.28617466613133,1.3108385598900443,1.2627192714735058,1.3010637725355103,100,0,1
2025.09.12,04:35:44,1.302585834552349,1.3444917757774788,1.2471758713899055,1.2915722509092578,100,0,1
2025.09.12,04:40:44,1.2946435891495203,1.3725257918698284,1.263649916324153,1.2704899974973123,100,0,1
2025.09.12,04:45:44,1.2743161180437907,1.31590917698047,1.2529370907361876,1.3101649900287187,100,0,1
2025.09.12,04:50:44,1.239486229625673,1.2923550248574909,1.220816644985735,1.2515555124826165,100,0,1
2025.09.12,04:55:44,1.2390458624862544,1.2873566916843993,1.1996111718240463,1.2636527916141094,100,0,1
2025.09.12,05:00:44,1.2342136002967112,1.2991927602977082,1.160387494315117,1.2805860817671861,100,0,1
2025.09.12,05:05:44,1.2163965395529082,1.2831481346653586,1.165110288554182,1.2287610048043052,100,0,1
2025.09.12,05:10:44,1.2829718269782193,1.2835705770814374,1.2249898556899939,1.2479013717482996,100,0,1
2025.09.12,05:15:44,1.302925098852502,1.3655833248220681,1.2606231246788384,1.3449729033027298,100,0,1
2025.09.12,05:20:44,1.3490986265551321,1.4108630305225025,1.2737579678372006,1.2776554837477188,100,0,1
2025.09.12,05:25:44,1.3057267847809015,1.3507682366756415,1.2503614609920215,1.3367619738410588,100,0,1
2025.09.12,05:30:44,1.3217486410376325,1.3649381916284091,1.2716289797179865,1.3622700859710877,100,0,1
2025.09.12,05:35:44,1.2673837308746467,1.311739235903037,1.2111027399174423,1.2810859125054435,100,0,1
2025.09.12,05:40:44,1.2453211790475862,1.3080409200957641,1.2213682539395172,1.2436911023081303,100,0,1
2025.09.12,05:45:44,1.292087494093284,1.3356017303252885,1.2499365482632145,1.2880790760080425,100,0,1
2025.09.12,05:50:44,1.4071126182551086,1.4545634227079507,1.352124617796328,1.419120716150145,100,0,1
2025.09.12,05:55:44,1.3471262054767315,1.4262419248474363,1.2935953855253266,1.4109389301235464,100,0,1
2025.09.12,06:00:44,1.3263100944695791,1.3702114736740074,1.2748823714514765,1.3566455216612268,100,0,1
2025.09.12,06:05:44,1.4052430609250626,1.4441912342815426,1.3263309190001993,1.387610007512718,100,0,1
2025.09.12,06:10:44,1.356440288286452,1.3912350504624633,1.2809662754763262,1.381058759483524,100,0,1
2025.09.12,06:15:44,1.3318321405384328,1.3609473647530097,1.2775583575199294,1.3313516334246447,100,0,1
2025.09.12,06:20:44,1.4775012265879173,1.5280705336887104,1.4285527218677223,1.4964078052858467,100,0,1
2025.09.12,06:25:44,1.45899966962765,1.5149595084349525,1.360671834037907,1.3923083971048922,100,0,1
2025.09.12,06:30:44,1.422179196592705,1.481222277868311,1.3784921188574977,1.4050400080986623,100,0,1
2025.09.12,06:35:44,1.3447753412123857,1.4172245503072822,1.2966134162191763,1.3224395960191473,100,0,1
2025.09.12,06:40:44,1.291501900553477,1.339951986504193,1.1911995724435316,1.191984344837231,100,0,1
2025.09.12,06:45:44,1.2676278705423922,1.3268082653229651,1.2126225118855607,1.2350348391688994,100,0,1
2025.09.12,06:50:44,1.3181767575898042,1.3783497865242196,1.253760263394611,1.269278016904216,100,0,1
2025.09.12,06:55:44,1.2780655702988992,1.3103533811309542,1.1890749635416262,1.2264414625948463,100,0,1
2025.09.12,07:00:44,1.2433556506823416,1.3065176547760426,1.20174805487604,1.2268264751095543,100,0,1
2025.09.12,07:05:44,1.2501019696903213,1.2904928659858603,1.2036183118998895,1.2083613492605403,100,0,1
2025.09.12,07:10:44,1.2980920521480726,1.3528838574967357,1.26392331319887,1.287808822609123,100,0,1
2025.09.12,07:15:44,1.2190923542601344,1.248069331500586,1.1573957454074248,1.23638939865335,100,0,1
2025.09.12,07:20:44,1.2208624162244557,1.3253780783146696,1.179445639317378,1.3010636384794714,100,0,1
2025.09.12,07:25:44,1.21541269763135,1.2637890407478536,1.173476986161279,1.224933080358269,100,0,1
2025.09.12,07:30:44,1.1488287904135335,1.190218536990908,1.0737033874308428,1.1491172651007915,100,0,1
2025.09.12,07:35:44,1.1591774469894132,1.192208120379521,1.0995280661274465,1.1335219571950506,100,0,1
2025.09.12,07:40:44,1.2086763544620793,1.257788123534164,1.192798968527778,1.2153745941154344,100,0,1
2025.09.12,07:45:44,1.1863468027088904,1.2541679817169746,1.1456734643124955,1.175739317682919,100,0,1
2025.09.12,07:50:44,1.240889385347142,1.2977827924234047,1.191499857111306,1.2372637166987808,100,0,1
2025.09.12,07:55:44,1.2009247711886013,1.2828919141676078,1.1554492879297602,1.2783330934986497,100,0,1
2025.09.12,08:00:44,1.2300576724082455,1.2546710784507993,1.1682541364460446,1.199755600588186,100,0,1
2025.09.12,08:05:44,1.1497713914221415,1.171292293656598,1.0680260437443558,1.0748195066664026,100,0,1
2025.09.12,08:10:44,1.194332658007461,1.2558257641260846,1.121694471474505,1.151574706992263,100,0,1
2025.09.12,08:15:44,1.2494411478284597,1.2916133035723625,1.1886158368559787,1.244520136925024,100,0,1
2025.09.12,08:20:44,1.177783806288988,1.2043098867919289,1.135808038599575,1.1557713439585156,100,0,1
2025.09.12,08:25:44,1.1644142855363455,1.1941813740023346,1.156882016236276,1.1629889246453926,100,0,1
2025.09.12,08:30:44,1.1194743475980278,1.1766796863473816,1.0954502360417617,1.1418526400123248,100,0,1
2025.09.12,08:35:44,1.0523081496196967,1.0929955038623682,0.9559365403197113,0.9950535846956442,100,0,1
2025.09.12,08:40:44,1.0587175058243525,1.1170433359606908,1.0136861497116618,1.077165770154856,100,0,1
2025.09.12,08:45:44,1.059663108550347,1.1313799493651715,0.9864767728108436,1.1186998596669162,100,0,1
2025.09.12,08:50:44,1.0490599218242849,1.113470314428113,1.0192177047385933,1.0702485689108927,100,0,1
2025.09.12,08:55:44,0.9202842777987752,0.9860888761730409,0.870542290575105,0.9063868226299674,100,0,1
2025.09.12,09:00:44,0.9192007318178529,0.9465714091837076,0.8564656077371895,0.9355384864392259,100,0,1
2025.09.12,09:05:44,0.9313496972620523,0.9946884215358879,0.8836849081406858,0.8982138643352714,100,0,1
2025.09.12,09:10:44,0.9322883754528767,0.9666188347742216,0.872235927083267,0.9376896242817873,100,0,1
2025.09.12,09:15:44,0.9170521957550143,0.9700827753398286,0.850543307852982,0.938900496470309,100,0,1
2025.09.12,09:20:44,0.8892425016367524,0.926844644268168,0.8313968077541761,0.8834430635182798,100,0,1
2025.09.12,09:25:44,1.0233815670693116,1.0422126058448125,0.9609775707904541,1.0105322496075502,100,0,1
2025.09.12,09:30:44,0.9824073933781473,0.9945025026759595,0.912633426400632,0.9314223876180074,100,0,1
2025.09.12,09:35:44,0.9952488704555483,1.039595950822931,0.9467304177768097,1.032590143849871,100,0,1
2025.09.12,09:40:44,1.0514887422692074,1.126030169806175,0.9977578231261965,1.0251707153886291,100,0,1
2025.09.12,09:45:44,1.1345041983318032,1.209141131644513,1.0600774762725027,1.1242307196303594,100,0,1
2025.09.12,09:50:44,1.1468438431041315,1.194259748413399,1.101551627369224,1.1824193792776043,100,0,1
2025.09.12,09:55:44,1.189664555356705,1.2105918627053587,1.1202694130793944,1.2053323352529357,100,0,1
2025.09.12,10:00:44,1.1430395662857031,1.2254595894848157,1.1123172568944426,1.1589546592213555,100,0,1
2025.09.12,10:05:44,1.1675871283129986,1.2028344080143785,1.1087512841757758,1.1397588477751879,100,0,1
2025.09.12,10:10:44,1.143700484516305,1.1764204255814623,1.1193780432405442,1.1469373910916085,100,0,1
2025.09.12,10:15:44,1.1481632051086805,1.1800983842277384,1.119380065188715,1.1641554230197309,100,0,1
2025.09.12,10:20:44,1.176045947659998,1.1815031679014212,1.1260253102500117,1.1482373547305413,100,0,1
2025.09.12,10:25:44,1.2071469774117305,1.2296235470078531,1.1356824859528531,1.1476878155973504,100,0,1
2025.09.12,10:30:44,1.2994359839825944,1.323180526501438,1.251493901686704,1.2985664943401105,100,0,1
2025.09.12,10:35:44,1.3120604727345844,1.3664794060570682,1.2642658603176924,1.3241966123011664,100,0,1
2025.09.12,10:40:44,1.3227522742076379,1.345355513954846,1.254849520900467,1.3238535720067364,100,0,1
2025.09.12,10:45:44,1.35334460498856,1.4292191444643392,1.3409363866148492,1.3911821376901972,100,0,1
2025.09.12,10:50:44,1.367597714843379,1.419935403181658,1.308401144639214,1.3531696544134233,100,0,1
2025.09.12,10:55:44,1.3323919258729588,1.3844061219681176,1.2542000681172536,1.3330956984703992,100,0,1
2025.09.12,11:00:44,1.3456471150578588,1.4238497048471215,1.2960758289958312,1.3754739900267376,100,0,1
2025.09.12,11:05:44,1.4438889114872444,1.4999203419022566,1.4081449236688213,1.4757103484787737,100,0,1
2025.09.12,11:10:44,1.4515460618085276,1.4708917920059879,1.4190914007481983,1.4298150787522745,100,0,1
2025.09.12,11:15:44,1.4012346032231726,1.4501362887203948,1.3077001208791512,1.4033560746109868,100,0,1
2025.09.12,11:20:44,1.4805242605902877,1.5105446185596723,1.396137344416497,1.4880302990794005,100,0,1
2025.09.12,11:25:44,1.3696616269828514,1.4056084056863367,1.3333611351392116,1.340278115874981,100,0,1
2025.09.12,11:30:44,1.3655578084423745,1.4191741728136094,1.3188996407768836,1.324204690965683,100,0,1
2025.09.12,11:35:44,1.3692212398905121,1.3805460507082425,1.3149920107978195,1.3741383293575504,100,0,1
2025.09.12,11:40:44,1.2796545344557806,1.3034841333609428,1.1900382017945805,1.1908353195719934,100,0,1
2025.09.12,11:45:44,1.4169559060037817,1.4782216860616597,1.3567561888407833,1.3827417553727406,100,0,1
2025.09.12,11:50:44,1.4336580257347453,1.473111974781878,1.3743647471004292,1.3999941821368187,100,0,1
2025.09.12,11:55:44,1.5310095522285954,1.565084764342871,1.4951052463903234,1.5187596548535776,100,0,1
2025.09.12,12:00:44,1.6041743742120635,1.6642917877023187,1.5262282232552211,1.6294695358575293,100,0,1
2025.09.12,12:05:44,1.5824353677335485,1.6059259777585724,1.4923138853193445,1.5741013020463497,100,0,1
2025.09.12,12:10:44,1.6083553329772784,1.7229504760654841,1.5418124871619825,1.6618596806847699,100,0,1
2025.09.12,12:15:44,1.639124201535656,1.7192756472560438,1.571891695953255,1.6960432049505634,100,0,1
2025.09.12,12:20:44,1.5868943799410775,1.6232066679823371,1.55422786868451,1.6123681265580552,100,0,1
2025.09.12,12:25:44,1.5748698778822792,1.619818210962664,1.5108817351779722,1.5263485104998091,100,0,1
2025.09.12,12:30:44,1.5039194295688587,1.513499423718369,1.478305961054951,1.503514106274924,100,0,1
2025.09.12,12:35:44,1.5306885184218106,1.571101594335205,1.4799141899549035,1.4849494690276486,100,0,1
2025.09.12,12:40:44,1.5548109050898435,1.6237476343870854,1.5239738077831402,1.607791173836552,100,0,1
2025.09.12,12:45:44,1.566920475875894,1.6263133029477894,1.505548085204346,1.5735414587228462,100,0,1
2025.09.12,12:50:44,1.65805651751067,1.69747895002396,1.6458482922812145,1.6836158780334192,100,0,1
2025.09.12,12:55:44,1.584099592222499,1.6275352280306283,1.5364281333350889,1.6034609641062565,100,0,1
2025.09.12,13:00:44,1.6598153298199332,1.7035817491046144,1.6143331921769803,1.6917081649396686,100,0,1
2025.09.12,13:05:44,1.5806656761577187,1.638013117305871,1.5478969280002353,1.622010884274462,100,0,1
2025.09.12,13:10:44,1.6276323155291268,1.6977430243130018,1.5861329516945593,1.6558145270837952,100,0,1
2025.09.12,13:15:44,1.6293335438137009,1.687720014081899,1.5716969070812636,1.5824757984887883,100,0,1
2025.09.12,13:20:44,1.5905385668431211,1.6680115094237302,1.5722085450111618,1.658656453262987,100,0,1
2025.09.12,13:25:44,1.6614454027056915,1.741650117547324,1.6037558150374296,1.7353669441466792,100,0,1
2025.09.12,13:30:44,1.7156794325982478,1.7554319189819727,1.643659555286387,1.6451757958248028,100,0,1
2025.09.12,13:35:44,1.806962679223585,1.8827156106160783,1.7632825742686877,1.7663478763001117,100,0,1
2025.09.12,13:40:44,1.8798316401121797,1.9356076806367755,1.8399295789290615,1.897648445891388,100,0,1
2025.09.12,13:45:44,1.7866935020721793,1.8347862751818897,1.7498131535263532,1.7631311613012977,100,0,1
2025.09.12,13:50:44,1.8384297308914792,1.8830435175126,1.8079011927704187,1.810660685135033,100,0,1
2025.09.12,13:55:44,1.826034236842135,1.8587517438019223,1.7945983305015731,1.8337782620143561,100,0,1
2025.09.12,14:00:44,1.8087529535393163,1.8603034903768731,1.7527949706930903,1.7651867844671623,100,0,1
2025.09.12,14:05:44,1.8108199857452534,1.8409333075031487,1.7479255270986942,1.8076156214405734,100,0,1
2025.09.12,14:10:44,1.823018997717522,1.8825346060253803,1.7765130766621537,1.8817386296407645,100,0,1
2025.09.12,14:15:44,1.7541484606082662,1.7954993981856973,1.6949488258333492,1.7708353354890793,100,0,1
2025.09.12,14:20:44,1.7409222408068943,1.807147280217793,1.685545663149017,1.7029930134206077,100,0,1
2025.09.12,14:25:44,1.789422472336155,1.7990615117997126,1.739011238511773,1.7858523245710063,100,0,1
2025.09.12,14:30:44,1.882826739945373,1.9434334290253341,1.8169186926217493,1.912658824596072,100,0,1
2025.09.12,14:35:44,1.884059813614678,1.930216441576274,1.8497561744420656,1.8863556575316986,100,0,1
2025.09.12,14:40:44,1.8225283768354348,1.858169462928148,1.7989897000525938,1.804992273995656,100,0,1
2025.09.12,14:45:44,1.7648259750190984,1.8056520858114666,1.7338632738626978,1.7730701261490531,100,0,1
2025.09.12,14:50:44,1.8338667671028879,1.8692651493591397,1.7626475547804905,1.7733686169493112,100,0,1
2025.09.12,14:55:44,1.839555621475555,1.8952885375186088,1.7748499047656656,1.7905997850480313,100,0,1
2025.09.12,15:00:44,1.8234872375654296,1.8662900702526048,1.780927219523038,1.7847008748661541,100,0,1
2025.09.12,15:05:44,1.8766189317313264,1.9222905124255203,1.8624684844111021,1.8637966783900144,100,0,1
2025.09.12,15:10:44,1.8730124744006966,1.9202755153059632,1.8268683814573647,1.877701042691422,100,0,1
2025.09.12,15:15:44,1.8783357762273254,1.9097924913077275,1.8353227797903084,1.8793822230296529,100,0,1
2025.09.12,15:20:44,1.9367966155378549,1.9942799913613682,1.8985668234350797,1.925497468043866,100,0,1
2025.09.12,15:25:44,1.8387292518052518,1.88298754828161,1.789847053448138,1.8411810443232837,100,0,1
2025.09.12,15:30:44,1.8229881794940261,1.886371603502029,1.7972750947263665,1.835867395519239,100,0,1
2025.09.12,15:35:44,1.8574474664890857,1.9102118541753952,1.7868651488119287,1.8787741213871951,100,0,1
2025.09.12,15:40:44,1.874671603942998,1.964050972526071,1.7949776418091368,1.8486383581202093,100,0,1
2025.09.12,15:45:44,1.8807266396257731,1.9222651817107366,1.8572023184656123,1.917204870457037,100,0,1
2025.09.12,15:50:44,1.9159856769477532,2.011159721176075,1.899768389424955,1.9097782432464767,100,0,1
2025.09.12,15:55:44,1.8728870023103767,1.8757620596953795,1.7967879598095235,1.8725401398841273,100,0,1
2025.09.12,16:00:44,1.8890599796954106,1.949004738944977,1.8400596368147106,1.8876182097358276,100,0,1
2025.09.12,16:05:44,1.8858648589566618,1.9586876212529776,1.8274828577847422,1.9221374780205065,100,0,1
2025.09.12,16:10:44,1.8165334064901433,1.843152354084195,1.7727300490978313,1.7902439175935154,100,0,1
2025.09.12,16:15:44,1.7569562722291936,1.7981986781042691,1.732507331326456,1.7450463596695098,100,0,1
2025.09.12,16:20:44,1.7856439268458975,1.8371469344694633,1.7317263816463433,1.7701242447667962,100,0,1
2025.09.12,16:25:44,1.7429715657959204,1.7831096594704927,1.7317595420853797,1.7728895216691571,100,0,1
2025.09.12,16:30:44,1.7232737266872937,1.7617933073236642,1.6463744378633691,1.7583901294305957,100,0,1
2025.09.12,16:35:44,1.718876360322883,1.7687611020691867,1.6264915627415737,1.7124250623934096,100,0,1
2025.09.12,16:40:44,1.6246693896262252,1.6636101395685354,1.5800759237578503,1.5869252309334776,100,0,1
2025.09.12,16:45:44,1.6231333879704806,1.695681217907558,1.5739501775809621,1.597670163121952,100,0,1
2025.09.12,16:50:44,1.5578620504768603,1.588582287618915,1.513988093497779,1.5613853335664325,100,0,1
2025.09.12,16:55:44,1.5419838705245466,1.600037273012575,1.4714217464646382,1.5489175378189899,100,0,1
2025.09.12,17:00:44,1.5755165134882587,1.6029240870226746,1.54307083503527,1.5882688133031777,100,0,1
2025.09.12,17:05:44,1.5799862439576366,1.6184678943500233,1.5252465658174745,1.611085160112084,100,0,1
2025.09.12,17:10:44,1.5548550339111442,1.6386248996705461,1.4779610860416654,1.529000420406625,100,0,1
2025.09.12,17:15:44,1.5682929090343563,1.6220500215505638,1.5226536970264821,1.6213461126428526,100,0,1
2025.09.12,17:20:44,1.5410372059812367,1.5852021955561,1.4799851067161944,1.486502604352219,100,0,1
2025.09.12,17:25:44,1.6256955412574925,1.6375938639166339,1.5924073098270424,1.5959931062287003,100,0,1
2025.09.12,17:30:44,1.625186481913187,1.6503788301103903,1.5632791325000766,1.649495478561668,100,0,1
2025.09.12,17:35:44,1.5314333069364015,1.6039403359457516,1.4888461909886626,1.5416246420420068,100,0,1
2025.09.12,17:40:44,1.4473728545075097,1.500593592557172,1.3913325039105544,1.4478223023413543,100,0,1
2025.09.12,17:45:44,1.4028275793987044,1.4499219449765057,1.3419958191425123,1.3753130251518022,100,0,1
2025.09.12,17:50:44,1.438812566350175,1.4518890584052526,1.4081797231908164,1.4501575420574833,100,0,1
2025.09.12,17:55:44,1.3957467636347065,1.4548889020605273,1.355954358135634,1.3640996648756063,100,0,1
2025.09.12,18:00:44,1.4353929287424032,1.463516603620714,1.412510517898407,1.4533251468606725,100,0,1
2025.09.12,18:05:44,1.3997546367634495,1.4277020922219508,1.3499466998813838,1.4034001096068738,100,0,1
2025.09.12,18:10:44,1.3727223715472938,1.4247254835137908,1.328363080402774,1.417937450510241,100,0,1
2025.09.12,18:15:44,1.4219598302970493,1.460275060621746,1.3507828280314567,1.3995043672191978,100,0,1
2025.09.12,18:20:44,1.446916679464581,1.5273461816374057,1.4035894484259877,1.4299587122465849,100,0,1
2025.09.12,18:25:44,1.3685704113591273,1.3916089212962173,1.334613195364051,1.3471952001224023,100,0,1
2025.09.12,18:30:44,1.343007201008968,1.4219451791366648,1.2936140326153267,1.4072388698157945,100,0,1
2025.09.12,18:35:44,1.345602784347561,1.3821884427933613,1.272617703997052,1.3076224865362136,100,0,1
2025.09.12,18:40:44,1.4226392949848095,1.4596069310065198,1.3577436100317177,1.4456707149611487,100,0,1
2025.09.12,18:45:44,1.3442870797956634,1.381230833581419,1.2870471023413494,1.3706384687648092,100,0,1
2025.09.12,18:50:44,1.3802120112587999,1.464861121342394,1.3162224801552753,1.3476361620284751,100,0,1
2025.09.12,18:55:44,1.2807801167003439,1.3174424073945445,1.2176020152383877,1.2934248572437255,100,0,1
2025.09.12,19:00:44,1.3108185951103781,1.3292447925329507,1.2853463182622162,1.3073989306496756,100,0,1
2025.09.12,19:05:44,1.2684750026659621,1.3186571735505617,1.2414628129859473,1.2654802457069871,100,0,1
2025.09.12,19:10:44,1.2922981929825004,1.3786525181050138,1.233909902568424,1.276638536074876,100,0,1
2025.09.12,19:15:44,1.363508238683192,1.4333629248672488,1.3206116249109463,1.3929086948791891,100,0,1
2025.09.12,19:20:44,1.3168665303284575,1.3844292581504027,1.2660235883598703,1.3046231323119577,100,0,1
2025.09.12,19:25:44,1.2271523649522302,1.3155854313877093,1.1468295476195287,1.1948670587778036,100,0,1
2025.09.12,19:30:44,1.2571914893005518,1.3161333223366645,1.2281860823494937,1.279923545509399,100,0,1
2025.09.12,19:35:44,1.1875385348616014,1.1923201265127612,1.1855577106161501,1.186871912664189,100,0,1
2025.09.12,19:40:44,1.2449892507214513,1.3310123732502464,1.190153211207918,1.268465509270028,100,0,1
2025.09.12,19:45:44,1.2077710884185826,1.2930224348342851,1.174999152437482,1.2341929113424062,100,0,1
2025.09.12,19:50:44,1.153636582151511,1.193589647868501,1.1211749976850796,1.1415876895396149,100,0,1
2025.09.12,19:55:44,1.2020879354101381,1.24108477089522,1.1655894041110846,1.2063417159288878,100,0,1
2025.09.12,20:00:44,1.2281770536502714,1.271941421106271,1.167757906398407,1.2106294045388897,100,0,1
2025.09.12,20:05:44,1.2572163373709677,1.3309836442734366,1.2154319249303007,1.2621475761860923,100,0,1
2025.09.12,20:10:44,1.2448042063860076,1.3128605279930936,1.1979816118939535,1.2651686327046774,100,0,1
2025.09.12,20:15:44,1.226867155905762,1.282237299263861,1.2039231752643853,1.2615298109413482,100,0,1
2025.09.12,20:20:44,1.213979032543636,1.2498430536777707,1.140948794104501,1.1610493679400737,100,0,1
2025.09.12,20:25:44,1.2523016210933382,1.296898348743873,1.1845358769173124,1.2455577212734357,100,0,1
2025.09.12,20:30:44,1.3034547036691533,1.3913453960195437,1.2670802870239521,1.3425424243322235,100,0,1
2025.09.12,20:35:44,1.3025782111535367,1.3646867947463055,1.2276166397610526,1.2301796216784793,100,0,1
2025.09.12,20:40:44,1.30710867572469,1.3416486013084605,1.257342526277049,1.2976934189455938,100,0,1
2025.09.12,20:45:44,1.320099063888751,1.3793701238740064,1.2686871608195243,1.3173063703215797,100,0,1
2025.09.12,20:50:44,1.3655024228355224,1.4204015366929088,1.3118308989738048,1.3751529308806942,100,0,1
2025.09.12,20:55:44,1.3814304250555538,1.42934109744591,1.339402023739103,1.3575177173061406,100,0,1
2025.09.12,21:00:44,1.429488983918476,1.475346691645879,1.3790679686277039,1.4376903401133148,100,0,1
2025.09.12,21:05:44,1.440514288240927,1.4792088103968797,1.401883842558789,1.409515166417835,100,0,1
2025.09.12,21:10:44,1.4628095313090288,1.5161079257137677,1.378711271492879,1.4816989822781845,100,0,1
2025.09.12,21:15:44,1.4963371576233302,1.5569786190608166,1.4097891291426252,1.4846749981502523,100,0,1
2025.09.12,21:20:44,1.4611557848110077,1.4947843030339507,1.4437445025954614,1.4793244141413033,100,0,1
2025.09.12,21:25:44,1.5490515765672284,1.5886643704575556,1.5233696952669036,1.5489120458785368,100,0,1
2025.09.12,21:30:44,1.4980750681895478,1.5429362403310867,1.4365217176499825,1.462349588781928,100,0,1
2025.09.12,21:35:44,1.4817869230347758,1.5186900376624393,1.4344476981697827,1.5180704995551972,100,0,1
2025.09.12,21:40:44,1.4374604817315166,1.5284953441622136,1.3653106279475116,1.4188833764087263,100,0,1
2025.09.12,21:45:44,1.4822294800899405,1.509608656836326,1.4385958270878327,1.452719740355633,100,0,1
2025.09.12,21:50:44,1.5325060569550988,1.5804607470790115,1.4735983701393303,1.484593951925711,100,0,1
2025.09.12,21:55:44,1.5981197025208849,1.651914778604664,1.5665934357265052,1.600616721020242,100,0,1
2025.09.12,22:00:44,1.6222761012323343,1.7102407045039025,1.5775995225405055,1.6485148138372478,100,0,1
2025.09.12,22:05:44,1.6065032183270884,1.6195801114615933,1.559717475474224,1.6148408009368083,100,0,1
2025.09.12,22:10:44,1.6079537832219424,1.6650629749571335,1.5422163055613327,1.627149947624408,100,0,1
2025.09.12,22:15:44,1.5541001459814914,1.6068789341218985,1.5109014007137944,1.524694930722043,100,0,1
2025.09.12,22:20:44,1.535048647106622,1.6043456891364476,1.471445575335842,1.5307316735358671,100,0,1
2025.09.12,22:25:44,1.5425045823657626,1.596448822220069,1.477339053203771,1.5722986322117614,100,0,1
2025.09.12,22:30:44,1.5363149310203648,1.5766656486800383,1.5165594503425017,1.5336466084453027,100,0,1
2025.09.12,22:35:44,1.5790304029704019,1.6321710608731845,1.5295803433153004,1.5805256897547695,100,0,1
2025.09.12,22:40:44,1.5212524988281477,1.617065096163954,1.4665908467086748,1.5320699510878049,100,0,1
2025.09.12,22:45:44,1.4683124144126902,1.4814496320145374,1.4359801579150175,1.477836996149252,100,0,1
2025.09.12,22:50:44,1.4129654740924547,1.471553220053957,1.3698128099303402,1.422518623240267,100,0,1
2025.09.12,22:55:44,1.5201892639171226,1.5917920715081124,1.4570427661701348,1.5132460346145897,100,0,1
2025.09.12,23:00:44,1.4901553730513135,1.5235697073708268,1.4654476111924788,1.496844178528512,100,0,1
2025.09.12,23:05:44,1.5206112821399285,1.5814690801875244,1.4956351162043433,1.5662094952344103,100,0,1
2025.09.12,23:10:44,1.4534098028849007,1.4877239825771964,1.408508554929785,1.428344230264448,100,0,1
2025.09.12,23:15:44,1.4727315223966668,1.5283308152877992,1.4306549655136866,1.5221041331032308,100,0,1
2025.09.12,23:20:44,1.419178936842469,1.490358572996355,1.3702289541274846,1.4850288323358416,100,0,1
2025.09.12,23:25:44,1.4187964311289805,1.4697537654250383,1.378089993101236,1.422398056936721,100,0,1
2025.09.12,23:30:44,1.307693914564695,1.3286983429518628,1.2219864764160013,1.2340452523117762,100,0,1
2025.09.12,23:35:44,1.3626599676004627,1.4032464996834222,1.3229059144242175,1.3307773361145727,100,0,1
2025.09.12,23:40:44,1.323218214214657,1.3605140263339188,1.272643421467483,1.3573735964711495,100,0,1
2025.09.12,23:45:44,1.292608871510829,1.3496219862132666,1.2138389339423235,1.327197100762363,100,0,1
2025.09.12,23:50:44,1.2883785669677645,1.3530693780381504,1.2091389854250938,1.3078614640762731,100,0,1
2025.09.12,23:55:44,1.3019233646802353,1.3192777525968302,1.2430185670009264,1.279254302301775,100,0,1
2025.09.13,00:00:44,1.3415372343956482,1.4179732562169622,1.304498684194438,1.384895013460466,100,0,1
2025.09.13,00:05:44,1.315713114672493,1.384419228111134,1.2382153820639454,1.3373893907394854,100,0,1
2025.09.13,00:10:44,1.3197854204367814,1.4021409796499447,1.2684892760747393,1.3775966420234227,100,0,1
2025.09.13,00:15:44,1.3115815303414933,1.339427846452325,1.2593501053221492,1.271409300307178,100,0,1
2025.09.13,00:20:44,1.3599420702923213,1.4121966014546894,1.3059023600742967,1.3262872389063836,100,0,1
2025.09.13,00:25:44,1.3225370132609047,1.3919620338010574,1.2892658599979556,1.3749768777926772,100,0,1
2025.09.13,00:30:44,1.321241424211742,1.4136988402772679,1.283361793339886,1.4063151858617737,100,0,1
2025.09.13,00:35:44,1.2959702334272096,1.3099865114251388,1.2405805725316872,1.2498407661383766,100,0,1
2025.09.13,00:40:44,1.3358756257098068,1.4146414705494177,1.2897720245269495,1.3372434110719882,100,0,1
2025.09.13,00:45:44,1.278793849669782,1.2835224133434038,1.2089617787944495,1.2110800138788735,100,0,1
2025.09.13,00:50:44,1.2665407882853894,1.3087883159793925,1.2215383967418143,1.2777931528551592,100,0,1
2025.09.13,00:55:44,1.2745451395268612,1.325105846463191,1.1945985382599453,1.2153128801709752,100,0,1
2025.09.13,01:00:44,1.2798532893643737,1.3393076193367872,1.239019757755032,1.3364118859677052,100,0,1
2025.09.13,01:05:44,1.2708240907476949,1.3058504465611351,1.2296399308063601,1.2805209451187367,100,0,1
2025.09.13,01:10:44,1.2439236914297434,1.2936752721567402,1.1891468862914558,1.293208908494699,100,0,1
2025.09.13,01:15:44,1.3050137610539552,1.3547862211071293,1.220703324505746,1.3397862963441816,100,0,1
2025.09.13,01:20:44,1.2606440039745894,1.2898866843635404,1.2018313217782597,1.2029782256239034,100,0,1
2025.09.13,01:25:44,1.2008057524929803,1.2638401649188176,1.1520604868037927,1.1873118615292857,100,0,1
2025.09.13,01:30:44,1.1611790279438967,1.194341045280627,1.1470498919959595,1.1510130423034843,100,0,1
2025.09.13,01:35:44,1.169047807196912,1.21829209373611,1.1240369222224866,1.185818940001524,100,0,1
2025.09.13,01:40:44,1.0910540212081816,1.1176110013216491,1.0378316275515713,1.0688582115777763,100,0,1
2025.09.13,01:45:44,0.9951164541211954,1.0410472939097895,0.9427145781626702,0.9517132813024743,100,0,1
2025.09.13,01:50:44,1.0105261218337072,1.0634640083269078,0.9795273886995967,1.04305353404285,100,0,1
2025.09.13,01:55:44,1.0389941131912173,1.0786072000785136,1.0172690927316617,1.0382550386193783,100,0,1
2025.09.13,02:00:44,1.0503318226012917,1.1033569755040844,0.9662075492494043,1.045603475422541,100,0,1
2025.09.13,02:05:44,1.0374671950482077,1.0809579825115878,1.007818292777911,1.0444992479216613,100,0,1
2025.09.13,02:10:44,0.9940562058194508,1.0315929987660022,0.9336146814696571,0.9980216287984037,100,0,1
2025.09.13,02:15:44,1.0640615751923377,1.083436562159737,1.0091646237145404,1.0211607997829095,100,0,1
2025.09.13,02:20:44,1.07938341061079,1.0841864744487524,1.0077680378962075,1.0816332628852892,100,0,1
2025.09.13,02:25:44,1.1040827191319627,1.1199109811110164,1.047712321834872,1.0738264388495926,100,0,1
2025.09.13,02:30:44,1.169843017436436,1.2533659620954127,1.0962268051880342,1.1316966376285267,100,0,1
2025.09.13,02:35:44,1.213259556287075,1.2739176627939628,1.1720249552636108,1.2651248536393647,100,0,1
2025.09.13,02:40:44,1.22731134788979,1.2597438437079749,1.1616464123230583,1.2333642637516116,100,0,1
2025.09.13,02:45:44,1.2000334036106692,1.2441664208058032,1.139432841191815,1.1865055642634672,100,0,1
2025.09.13,02:50:44,1.2154866351260862,1.2377083885402707,1.1632962980925665,1.206376034023261,100,0,1
2025.09.13,02:55:44,1.3114102524920765,1.3519686137649625,1.2490945490419396,1.2917826392963558,100,0,1
2025.09.13,03:00:44,1.287002765382476,1.3196006018813182,1.1937182450130823,1.2108350589398338,100,0,1
2025.09.13,03:05:44,1.2884360806255104,1.3531213072011055,1.2635692986371185,1.3030713116949728,100,0,1
2025.09.13,03:10:44,1.3170844264718695,1.3781489114314402,1.2416392025285008,1.248163322944709,100,0,1
2025.09.13,03:15:44,1.244028979183469,1.2596865481064026,1.198337362553924,1.2392268606171009,100,0,1
2025.09.13,03:20:44,1.2285551165481126,1.284004004241144,1.2064002126437294,1.257742647223159,100,0,1
2025.09.13,03:25:44,1.165225761648852,1.2172403141649386,1.125340808940318,1.1362451227998165,100,0,1
2025.09.13,03:30:44,1.2213624149541495,1.2624092695827227,1.1719469992736984,1.2329121166984034,100,0,1
2025.09.13,03:35:44,1.2224287964042972,1.3093593722851278,1.179794034841901,1.187342278954699,100,0,1
2025.09.13,03:40:44,1.242135827703363,1.2839983723339103,1.1710834763283744,1.1803588696786178,100,0,1
2025.09.13,03:45:44,1.3161820531029904,1.3691702841409166,1.2966118207270125,1.3332087103746528,100,0,1
2025.09.13,03:50:44,1.2987151571515714,1.3471194555927495,1.2456187646737948,1.327482878647084,100,0,1
2025.09.13,03:55:44,1.343318518945262,1.383256941280659,1.3249215095543307,1.3814045938838284,100,0,1
2025.09.13,04:00:44,1.3453902670763276,1.4096088752165095,1.2683064371664252,1.3404572216568558,100,0,1
2025.09.13,04:05:44,1.3172639935639188,1.3655424577388098,1.2784102231474288,1.3593010868922353,100,0,1
2025.09.13,04:10:44,1.3843451490780585,1.448819270460807,1.3491140426886274,1.377513349480126,100,0,1
2025.09.13,04:15:44,1.3388964917948651,1.3989974800474387,1.320664920225828,1.3806821671146334,100,0,1
2025.09.13,04:20:44,1.3337280194714574,1.3647816627938174,1.3187801210395749,1.3271114080098416,100,0,1
2025.09.13,04:25:44,1.36694515072196,1.4370403165862768,1.3053496255198944,1.3513579850817317,100,0,1
2025.09.13,04:30:44,1.3442115168715718,1.3793972191982267,1.3364777227778135,1.3482819990541839,100,0,1
2025.09.13,04:35:44,1.343902170477071,1.3814267310818589,1.318143843990411,1.3276069619246627,100,0,1
2025.09.13,04:40:44,1.3646881222401328,1.4030386237534236,1.2984715889681986,1.3358242146301151,100,0,1
2025.09.13,04:45:44,1.3139169972434894,1.3501644763169196,1.2860572116211153,1.3190820997562318,100,0,1
2025.09.13,04:50:44,1.3229203678586108,1.3579558209892337,1.263310398353772,1.279890459417508,100,0,1
2025.09.13,04:55:44,1.298494141803409,1.3451797587912988,1.28167246795434,1.3324442258678284,100,0,1
2025.09.13,05:00:44,1.3339902384613227,1.384755210036597,1.265762333195134,1.3727601320730909,100,0,1
2025.09.13,05:05:44,1.292020856704919,1.3270338414876026,1.2430351214500859,1.3241155813334184,100,0,1
2025.09.13,05:10:44,1.3444044880777972,1.3824217385409843,1.3105243340640917,1.3798003217017965,100,0,1
2025.09.13,05:15:44,1.3722024997803637,1.4163599256141766,1.3275184587422784,1.370818110047362,100,0,1
2025.09.13,05:20:44,1.396324681603493,1.444453090040949,1.345322772743876,1.3756048909276088,100,0,1
2025.09.13,05:25:44,1.4618840945266296,1.4954747958262793,1.394554997725502,1.4422553939999059,100,0,1
2025.09.13,05:30:44,1.4103326987702602,1.488161100390689,1.3461531698019265,1.3622858101234439,100,0,1
2025.09.13,05:35:44,1.3886579039293825,1.4334667503741112,1.3051405501302467,1.4170219659926901,100,0,1
2025.09.13,05:40:44,1.3226855085518106,1.3639372999530375,1.2875619465961328,1.3574391912939878,100,0,1
2025.09.13,05:45:44,1.24771648130402,1.2873895870891692,1.2190034014034044,1.242317263201451,100,0,1
2025.09.13,05:50:44,1.2681293163126575,1.3059609595412767,1.2404180548314918,1.303148090188362,100,0,1
2025.09.13,05:55:44,1.2706134935165756,1.3226394021883758,1.2156616828156461,1.2664666510322233,100,0,1
2025.09.13,06:00:44,1.2509420078695448,1.2834213307634754,1.2153092582421459,1.2431473200467398,100,0,1
2025.09.13,06:05:44,1.3066811082499497,1.3752332819776392,1.262091041200593,1.359097636741603,100,0,1
2025.09.13,06:10:44,1.2804350501464936,1.3450549682377027,1.2225384857984396,1.3170886024883688,100,0,1
2025.09.13,06:15:44,1.2825380481398176,1.320043986285222,1.222188769728632,1.2711638068674627,100,0,1
2025.09.13,06:20:44,1.3089312382913745,1.3598717419188076,1.2977388818084865,1.3319489434197007,100,0,1
2025.09.13,06:25:44,1.2763796458588506,1.34506888939755,1.2054735793204632,1.2855123736860752,100,0,1
2025.09.13,06:30:44,1.3333112020787024,1.3920214196077727,1.256176203634984,1.3736199424324143,100,0,1
2025.09.13,06:35:44,1.352535102477786,1.3664508279314824,1.3342427351729402,1.3639215719022824,100,0,1
2025.09.13,06:40:44,1.3314897188580532,1.3584201473202806,1.2834167360737772,1.312820151098552,100,0,1
2025.09.13,06:45:44,1.3719388089785787,1.4060199298825347,1.354564687369372,1.3827146257725926,100,0,1
2025.09.13,06:50:44,1.4129365329885615,1.4237685026702347,1.366258370062284,1.3932595692404435,100,0,1
2025.09.13,06:55:44,1.3736616684110483,1.4112296475473616,1.3241658169519848,1.3709114204310862,100,0,1
2025.09.13,07:00:44,1.4154830948139652,1.445489343331532,1.371329703516586,1.4396340814638071,100,0,1
2025.09.13,07:05:44,1.4729792354375242,1.5560809726408222,1.4340673811676177,1.4821145886582,100,0,1
2025.09.13,07:10:44,1.40976515336222,1.4453134986765703,1.4000587701678235,1.4313996372589632,100,0,1
2025.09.13,07:15:44,1.416876827113233,1.4560054737132768,1.370991693704502,1.3864863490487953,100,0,1
2025.09.13,07:20:44,1.3861656522750787,1.448277168430296,1.3225774274514845,1.4178270849600159,100,0,1
2025.09.13,07:25:44,1.3386546985870018,1.3719987305723185,1.2560122648461582,1.3333634469869577,100,0,1
2025.09.13,07:30:44,1.365293890559478,1.3866128930849937,1.3284411800198823,1.382482846045023,100,0,1
2025.09.13,07:35:44,1.3780866779919876,1.421547291445112,1.3535887526578023,1.3703848919269594,100,0,1
2025.09.13,07:40:44,1.4511561946678138,1.501945617718557,1.4039894142019733,1.4918058546506527,100,0,1
2025.09.13,07:45:44,1.4234650245902496,1.4630971140908011,1.3491173665583216,1.4432914092623308,100,0,1
2025.09.13,07:50:44,1.4905223726578471,1.5007292722111076,1.436644416315781,1.4854244906109864,100,0,1
2025.09.13,07:55:44,1.4904024688886637,1.5439998576441876,1.429998354335387,1.4364377847758707,100,0,1
2025.09.13,08:00:44,1.5162368873915855,1.554036431730151,1.479856613626289,1.4962682997531085,100,0,1
2025.09.13,08:05:44,1.5785641674486979,1.6411908401037472,1.516714440958327,1.5982830745179812,100,0,1
2025.09.13,08:10:44,1.5235724241547175,1.5571775264074001,1.496064277830624,1.5018900160740365,100,0,1
2025.09.13,08:15:44,1.6401997177347287,1.7478527754186233,1.5709343622557799,1.6393233813957881,100,0,1
2025.09.13,08:20:44,1.6284998129230446,1.6897212136538977,1.5565223028063948,1.6389336353862256,100,0,1
2025.09.13,08:25:44,1.616264327774428,1.6782192130744211,1.5299539817822043,1.6140052606971005,100,0,1
2025.09.13,08:30:44,1.5587633387824893,1.59447268585328,1.53923972245865,1.5442519191773245,100,0,1
2025.09.13,08:35:44,1.5907252459312184,1.6562247517032087,1.5254064588960174,1.564302554618275,100,0,1
2025.09.13,08:40:44,1.608277319210339,1.699578491775874,1.5375667063367002,1.6600184618723306,100,0,1
2025.09.13,08:45:44,1.585753950486829,1.6447237407926432,1.5529684726553943,1.628566202608607,100,0,1
2025.09.13,08:50:44,1.5524851190909625,1.6011097335918916,1.5000209644026326,1.5508561727015655,100,0,1
2025.09.13,08:55:44,1.4889154389876644,1.5285454508434029,1.4430739360787717,1.4472004190541499,100,0,1
2025.09.13,09:00:44,1.4581904734451816,1.5409523578636382,1.417065051326327,1.5371786249215824,100,0,1
2025.09.13,09:05:44,1.4077124974856297,1.4264981615907575,1.367749896929448,1.4166213059040385,100,0,1
2025.09.13,09:10:44,1.3915131090727229,1.4528699258046056,1.3074422986780758,1.3289939075456223,100,0,1
2025.09.13,09:15:44,1.4108900340607353,1.492718126781893,1.3632515321187118,1.4825006369848304,100,0,1
2025.09.13,09:20:44,1.4315659157834029,1.4891420546357765,1.407794199504245,1.4191535975289045,100,0,1
2025.09.13,09:25:44,1.4565517754360697,1.4932626934911621,1.440701140203285,1.4919955775423959,100,0,1
2025.09.13,09:30:44,1.4305888433059737,1.5141983782054211,1.3678660894862364,1.4842861875151239,100,0,1
2025.09.13,09:35:44,1.4898195100253597,1.5683227512210884,1.4091357902115764,1.424694061906281,100,0,1
2025.09.13,09:40:44,1.4557075970027948,1.5026634366369447,1.3755928859492066,1.4100925469195353,100,0,1
2025.09.13,09:45:44,1.5059428450773489,1.5946214117895845,1.4727089332794796,1.50588899620762,100,0,1
2025.09.13,09:50:44,1.491192537682846,1.572915606971637,1.4311240073225535,1.4747969806258157,100,0,1
2025.09.13,09:55:44,1.4960185435993245,1.5622742104218887,1.445390403274658,1.4868563468032003,100,0,1
2025.09.13,10:00:44,1.5307964131773184,1.6148850080099915,1.4431681240944079,1.4988610100099464,100,0,1
2025.09.13,10:05:44,1.6072572617401286,1.6601035898135648,1.5356692057687336,1.6074027117078926,100,0,1
2025.09.13,10:10:44,1.7064398693060476,1.7716006754782383,1.636321658952853,1.7399875632309871,100,0,1
2025.09.13,10:15:44,1.8093824360523054,1.8502159498576276,1.7342867843016507,1.8157268963859392,100,0,1
2025.09.13,10:20:44,1.8256398159476679,1.8626502681320165,1.7789782262353218,1.841160553958334,100,0,1
2025.09.13,10:25:44,1.8093612751916757,1.8386474185985573,1.7303967966534612,1.7458139431429143,100,0,1
2025.09.13,10:30:44,1.7762888147974218,1.80073956437452,1.7047088726772932,1.7962101563228015,100,0,1
2025.09.13,10:35:44,1.7578037876935488,1.8161710851689825,1.719045156031737,1.7228639916293547,100,0,1
2025.09.13,10:40:44,1.7601979874112847,1.8325468376063974,1.7041654370566826,1.8038595825629455,100,0,1
2025.09.13,10:45:44,1.8064088832939977,1.871884013134995,1.766738790709615,1.845003328275544,100,0,1
2025.09.13,10:50:44,1.8396203698775964,1.8819747118052317,1.8235911892015424,1.8415790039793831,100,0,1
2025.09.13,10:55:44,1.7910737405344153,1.8309785483818977,1.724984498550195,1.7251902524196314,100,0,1
2025.09.13,11:00:44,1.8213979514263552,1.8809284486108766,1.7766780777087774,1.7899934154869992,100,0,1
2025.09.13,11:05:44,1.7111388072390203,1.7754503164726452,1.6974836508667837,1.734294614776698,100,0,1
2025.09.13,11:10:44,1.74482646668808,1.7970839290928131,1.7004375583610667,1.778243365705726,100,0,1
2025.09.13,11:15:44,1.7005164049963017,1.7421338832001052,1.6514477105310381,1.6785565480238267,100,0,1
2025.09.13,11:20:44,1.6333936539234948,1.7151570942994152,1.569445962811229,1.659349855009524,100,0,1
2025.09.13,11:25:44,1.627160877648599,1.681848675234013,1.5568463050794887,1.5646898026213623,100,0,1
2025.09.13,11:30:44,1.565940004542641,1.6004617694773844,1.4947339396310577,1.5497297082803234,100,0,1
2025.09.13,11:35:44,1.6117179350433626,1.6487787512276355,1.5721185261060626,1.6251580961862653,100,0,1
2025.09.13,11:40:44,1.6119007295352021,1.6586836550529953,1.5905824359997782,1.5948776195350491,100,0,1
2025.09.13,11:45:44,1.561626428122939,1.6304674436999804,1.5195247894426924,1.5386519635861131,100,0,1
2025.09.13,11:50:44,1.5501863371150848,1.587431337453426,1.4795313597409776,1.5435055484759577,100,0,1
2025.09.13,11:55:44,1.5106863562746493,1.5526461176301516,1.4515704196740997,1.500519045922661,100,0,1
2025.09.13,12:00:44,1.5361710957434245,1.571001262251319,1.4765200903068172,1.4803405470874458,100,0,1
2025.09.13,12:05:44,1.5659416709532792,1.6268683468177838,1.525221869684162,1.5299245326557258,100,0,1
2025.09.13,12:10:44,1.5308704909322792,1.5889831565651575,1.4916219587739519,1.5484743192529664,100,0,1
2025.09.13,12:15:44,1.5560394138840055,1.5890870161587964,1.495363022517009,1.5386409297329122,100,0,1
2025.09.13,12:20:44,1.5898690216873788,1.6460382695031264,1.5260519908857562,1.6085417402686613,100,0,1
2025.09.13,12:25:44,1.564122914250819,1.6058675089136791,1.5106322491103266,1.5366933436202264,100,0,1
2025.09.13,12:30:44,1.524895179092376,1.5513295401817893,1.442509267989177,1.5068953957157107,100,0,1
2025.09.13,12:35:44,1.4709948596984748,1.5425579939848875,1.4138797690950926,1.4797188338196356,100,0,1
2025.09.13,12:40:44,1.4023015627559865,1.4536359284084703,1.3599387957190334,1.3631245177064126,100,0,1
2025.09.13,12:45:44,1.4065393867230231,1.4516259716023658,1.3643016901398375,1.377278072444825,100,0,1
2025.09.13,12:50:44,1.4137283356609058,1.4858058056931642,1.3552886646435927,1.431746869591508,100,0,1
2025.09.13,12:55:44,1.443899010517787,1.5214441636132643,1.3838557152520454,1.455417562131244,100,0,1
2025.09.13,13:00:44,1.4836317178663605,1.5032796016977763,1.4389416146622844,1.454877788248269,100,0,1
2025.09.13,13:05:44,1.431733491723737,1.4644346156683499,1.3746754699087915,1.4639067729358946,100,0,1
2025.09.13,13:10:44,1.4722147041557967,1.5015100677860163,1.4121577754840402,1.4780185458227835,100,0,1
2025.09.13,13:15:44,1.5102684809408897,1.586857496512014,1.4630391943301302,1.4937062742901746,100,0,1
2025.09.13,13:20:44,1.494499660850901,1.5165594305629762,1.4460972955974072,1.4822066608671625,100,0,1
2025.09.13,13:25:44,1.4668741990752119,1.5105785681668953,1.3788140324579787,1.4842093750823973,100,0,1
2025.09.13,13:30:44,1.4465745837583739,1.5043508674262926,1.404658111045499,1.501911251887499,100,0,1
2025.09.13,13:35:44,1.459587611593793,1.5220565810105642,1.4020077676840133,1.480868059853559,100,0,1
2025.09.13,13:40:44,1.4398946981116931,1.4730071706149637,1.4001901735044964,1.4202371972833798,100,0,1
2025.09.13,13:45:44,1.465698487411093,1.5073038689993663,1.4213187157770821,1.4518034494091971,100,0,1
2025.09.13,13:50:44,1.4567037023779523,1.4950452809309558,1.4265550891722176,1.4284557211800835,100,0,1
2025.09.13,13:55:44,1.4368404700622197,1.4440446378622698,1.368209394298355,1.4151831719401498,100,0,1
2025.09.13,14:00:44,1.4998089965037391,1.5387760375700397,1.472083287076994,1.4992933643366124,100,0,1
2025.09.13,14:05:44,1.5441991388696366,1.5930263596252976,1.5026857905125486,1.544082393948683,100,0,1
2025.09.13,14:10:44,1.5812724654072887,1.6563816010731274,1.52513937877082,1.5655972683161992,100,0,1
2025.09.13,14:15:44,1.502224771548726,1.515374332690329,1.4829155133448686,1.493771555453067,100,0,1
2025.09.13,14:20:44,1.4892143072739135,1.5237993418348463,1.4402058554892374,1.490892922098395,100,0,1
2025.09.13,14:25:44,1.496322457466561,1.534606774157997,1.431906701918024,1.5308818484424251,100,0,1
2025.09.13,14:30:44,1.514777087846701,1.5582455413811251,1.4650016334563845,1.5023287409090156,100,0,1
2025.09.13,14:35:44,1.478790478506413,1.5664242226500382,1.426277995978909,1.4475556791676516,100,0,1
2025.09.13,14:40:44,1.4793953150892145,1.5572886933672276,1.46817691894827,1.5170197984335028,100,0,1
2025.09.13,14:45:44,1.5608049894504052,1.5855089881256341,1.5139165962179586,1.583606783312551,100,0,1
2025.09.13,14:50:44,1.4930772114129665,1.541322872681884,1.4529204689478474,1.5082469579966553,100,0,1
2025.09.13,14:55:44,1.4844464333728715,1.5462518008329387,1.4109772138026295,1.4582040172224289,100,0,1
2025.09.13,15:00:44,1.4775288258980126,1.534682155950631,1.4155355578970652,1.4443312855442145,100,0,1
2025.09.13,15:05:44,1.3471626145125084,1.370621175358892,1.3150174089821762,1.3210763539449937,100,0,1
2025.09.13,15:10:44,1.346415836437249,1.3814617308285748,1.2778485369075805,1.3386143342697836,100,0,1
2025.09.13,15:15:44,1.392387202651095,1.4600469939788008,1.3652876404049996,1.4158087091649316,100,0,1
2025.09.13,15:20:44,1.4370074296439508,1.497720080219803,1.3843294251679608,1.3925118680787367,100,0,1
2025.09.13,15:25:44,1.3743614906828434,1.4189743145315026,1.3331533499946369,1.3517227475183193,100,0,1
2025.09.13,15:30:44,1.3994509088213094,1.4112554293000021,1.3571483979421406,1.3908325107736685,100,0,1
2025.09.13,15:35:44,1.501072042695773,1.5404487312995214,1.485728573320412,1.4877549269582908,100,0,1
2025.09.13,15:40:44,1.463690222855215,1.5362915631625451,1.4236610507505372,1.4282987795751214,100,0,1
2025.09.13,15:45:44,1.4820357073465198,1.5291056352556283,1.4096193288662233,1.4610723881085228,100,0,1
2025.09.13,15:50:44,1.431479593811522,1.5068425089011876,1.3951531738354828,1.4030609176805484,100,0,1
2025.09.13,15:55:44,1.4495799442426134,1.5027967913531917,1.3788014721043247,1.4647417303124588,100,0,1
2025.09.13,16:00:44,1.4324513335182183,1.5148490120303721,1.3869735183146408,1.5110412597131666,100,0,1
2025.09.13,16:05:44,1.3649778365695853,1.4545688773503125,1.313447294674867,1.4088881459658769,100,0,1
2025.09.13,16:10:44,1.3289820382612065,1.3817076700720274,1.2645465038476096,1.291082862086854,100,0,1
2025.09.13,16:15:44,1.3338387428816472,1.365701981041188,1.3136020010830864,1.3635302147991846,100,0,1
2025.09.13,16:20:44,1.3175160903732304,1.3612425992978159,1.271789542402673,1.2874970050242038,100,0,1
2025.09.13,16:25:44,1.3400805680250696,1.3943936223709787,1.2862820921427862,1.3478746661306655,100,0,1
2025.09.13,16:30:44,1.332444776803495,1.3659697267616453,1.286058888489893,1.3440177409643417,100,0,1
2025.09.13,16:35:44,1.3360912200562887,1.3956735906883444,1.296846260912607,1.3406565187585742,100,0,1
2025.09.13,16:40:44,1.4333822870508284,1.4768218302892355,1.340054226805589,1.4108200194245224,100,0,1
2025.09.13,16:45:44,1.4790685224401467,1.5136553998598616,1.4427319933484453,1.4765694013850996,100,0,1
2025.09.13,16:50:44,1.4634477228664415,1.4729902837675355,1.4134536651008647,1.4254612866381704,100,0,1
2025.09.13,16:55:44,1.4587397447108073,1.5320719359406785,1.4105996660688038,1.4687069743388004,100,0,1
2025.09.13,17:00:44,1.4165171358227255,1.4908361814463151,1.3572136956620902,1.3638230624878678,100,0,1
2025.09.13,17:05:44,1.5026185836367467,1.5557488957069359,1.4497508027644013,1.5217468545805968,100,0,1
2025.09.13,17:10:44,1.5189041665342795,1.5958547334163324,1.465362457203282,1.5015940393568559,100,0,1
2025.09.13,17:15:44,1.5728750756783045,1.6266358183515683,1.5215608016715092,1.6166205433299061,100,0,1
2025.09.13,17:20:44,1.6196167178937064,1.6826230990601667,1.571957560577209,1.5826997554271551,100,0,1
2025.09.13,17:25:44,1.713981358065245,1.7626952213983642,1.6338502052916657,1.6862041976752595,100,0,1
2025.09.13,17:30:44,1.734972406871817,1.8121174720211495,1.6749537470841185,1.7330671216070654,100,0,1
2025.09.13,17:35:44,1.6203823415272716,1.6648534172636027,1.580021711060754,1.6454911168594681,100,0,1
2025.09.13,17:40:44,1.657024967635951,1.7183667849216369,1.6039473438749907,1.7095237332786133,100,0,1
2025.09.13,17:45:44,1.7118445759832621,1.7554289420618345,1.6632648932568348,1.6740773522660366,100,0,1
2025.09.13,17:50:44,1.630890692591435,1.6560408558919586,1.5877880911953974,1.5894224056665474,100,0,1
2025.09.13,17:55:44,1.6342257794017376,1.666303250340243,1.5861664590252174,1.6243551511287122,100,0,1
2025.09.13,18:00:44,1.5682877281559604,1.6074490856131445,1.4916784306280566,1.5385907115694577,100,0,1
2025.09.13,18:05:44,1.6498482775202605,1.6973115477279679,1.6003351267957375,1.678633137498375,100,0,1
2025.09.13,18:10:44,1.678945392098795,1.7145241680583045,1.6678020990561524,1.6979263192044274,100,0,1
2025.09.13,18:15:44,1.7821303599345637,1.845693569441967,1.7018454577720112,1.7936043265593795,100,0,1
2025.09.13,18:20:44,1.7584738565635352,1.8183873668018338,1.6744054614786568,1.7373820015819537,100,0,1
2025.09.13,18:25:44,1.8009736871845665,1.8683289000568648,1.765695024082396,1.7825813017343162,100,0,1
2025.09.13,18:30:44,1.763244514258733,1.8500108949804352,1.7044631463439286,1.7474617328583915,100,0,1
2025.09.13,18:35:44,1.6558820922438218,1.7034612115244034,1.548008921189466,1.5884761070399804,100,0,1
2025.09.13,18:40:44,1.7265687864264814,1.753299377262646,1.6638735957504693,1.6959738838987162,100,0,1
2025.09.13,18:45:44,1.71675094444157,1.7707493528245697,1.664071798439857,1.6866270029597177,100,0,1
2025.09.13,18:50:44,1.6506781276375897,1.7143840143096576,1.594724918422861,1.6877594899896813,100,0,1
2025.09.13,18:55:44,1.5889438887189815,1.6533898770625357,1.5233553838490779,1.5235918197090583,100,0,1
2025.09.13,19:00:44,1.6699849408234082,1.7173878806675904,1.6325786121629007,1.6924607848644742,100,0,1
2025.09.13,19:05:44,1.6964880491865486,1.7398235836623697,1.6922199422727586,1.7020210695965508,100,0,1
2025.09.13,19:10:44,1.7234622332269152,1.7303006231480398,1.7024620428779231,1.7032835158268562,100,0,1
2025.09.13,19:15:44,1.7579059616662023,1.7988992141199431,1.6881207204144884,1.7178248856568035,100,0,1
2025.09.13,19:20:44,1.7517762599531566,1.8119805359939498,1.7103208236568292,1.7455073133056198,100,0,1
2025.09.13,19:25:44,1.8431643774216493,1.879140323192604,1.770054706723367,1.7970776772237846,100,0,1
2025.09.13,19:30:44,1.7974408884641004,1.8553204890035175,1.7354954410894143,1.8232922875405082,100,0,1
2025.09.13,19:35:44,1.847348224164365,1.8926600640019149,1.7821193069558054,1.789006644215004,100,0,1
2025.09.13,19:40:44,1.887270974013992,1.9349017547118987,1.8220123235825536,1.889496936754671,100,0,1
2025.09.13,19:45:44,1.8458804196035346,1.897263884237148,1.8100832696597877,1.8855711714994443,100,0,1
2025.09.13,19:50:44,1.8338440833671685,1.8868266127329598,1.7682063205411462,1.879147906379177,100,0,1
2025.09.13,19:55:44,1.8347470503409156,1.8642445093122075,1.7787227211950416,1.8609834657934177,100,0,1
2025.09.13,20:00:44,1.8572249732432922,1.9016848909964135,1.8483085762050542,1.8519598509643713,100,0,1
2025.09.13,20:05:44,1.9075028359150108,1.941316085918722,1.8390113359161173,1.853954173275803,100,0,1
2025.09.13,20:10:44,1.8733361144502307,1.919262343140697,1.8105728282273243,1.9176053830038862,100,0,1
2025.09.13,20:15:44,2.0059502023757587,2.066702840301071,1.9654263370984277,1.9990588971417982,100,0,1
2025.09.13,20:20:44,1.9699699823013128,2.0216483460934893,1.904516509003666,1.914641690233687,100,0,1
2025.09.13,20:25:44,1.9838571760449695,2.031571960565474,1.9291438952627507,1.933261891650941,100,0,1
2025.09.13,20:30:44,2.0032547286199787,2.0759571109161343,1.9155515633327116,2.0230188872545196,100,0,1
2025.09.13,20:35:44,2.0471758959436657,2.0958147861667094,2.031642331419108,2.037122952985493,100,0,1
2025.09.13,20:40:44,1.9712097213946758,2.009415526039401,1.9315555246827056,2.005481034564873,100,0,1
2025.09.13,20:45:44,1.9950236799562342,2.0344418429923947,1.9554012907443865,1.9843037327059323,100,0,1
2025.09.13,20:50:44,1.9747947164877866,2.047729788632521,1.9075902516752208,1.949112678668058,100,0,1
2025.09.13,20:55:44,2.0522482586056636,2.084712321471536,1.9857998980631466,2.00238825920861,100,0,1
2025.09.13,21:00:44,1.9796562710169592,2.0289747677592267,1.9159239440610498,1.9429572429200899,100,0,1
2025.09.13,21:05:44,1.99924660350335,2.0485149725074874,1.9579027447992494,2.022644567706996,100,0,1
2025.09.13,21:10:44,2.0217088605656643,2.0842263185669485,1.9979083005175657,2.028423911345186,100,0,1
2025.09.13,21:15:44,2.036908294032382,2.099831777753171,1.9718328766254256,2.016385346351233,100,0,1
2025.09.13,21:20:44,1.987521310144935,2.0154969693419833,1.9185237931230519,1.9824208381030524,100,0,1
2025.09.13,21:25:44,1.910073934551781,1.9531273039117771,1.8579010203526556,1.9290062148388631,100,0,1
2025.09.13,21:30:44,1.791678699182819,1.8354912065604905,1.73418233273113,1.769794408106437,100,0,1
2025.09.13,21:35:44,1.8826970469441404,1.9191198818901003,1.8502922256353125,1.8577429338366307,100,0,1
2025.09.13,21:40:44,1.8891214260274105,1.8974802542037834,1.8322502901795032,1.8775876014874155,100,0,1
2025.09.13,21:45:44,1.9304701904962782,2.010254398478653,1.8561249656622045,1.9690682446566232,100,0,1
2025.09.13,21:50:44,1.9913233774612913,2.0216497437920644,1.94229031393056,1.9461982345527606,100,0,1
2025.09.13,21:55:44,2.0518798975688246,2.117671562795145,2.020165228924972,2.1141650692592755,100,0,1
2025.09.13,22:00:44,1.9641948811667231,2.039801942495807,1.9216459719684336,2.0078154102730092,100,0,1
2025.09.13,22:05:44,1.901590009916766,1.9792482817457377,1.88420431472148,1.9694565769403953,100,0,1
2025.09.13,22:10:44,1.862712081356143,1.8825764034697177,1.7923178938284252,1.8009569122136009,100,0,1
2025.09.13,22:15:44,1.9242796442663677,1.9934523199185392,1.8520125196696349,1.8538354473888894,100,0,1
2025.09.13,22:20:44,1.8520888399200115,1.8953959983498272,1.84588741883685,1.8563030122890514,100,0,1
2025.09.13,22:25:44,1.7964776925054888,1.8466575114695676,1.7464448814530291,1.81837237160962,100,0,1
2025.09.13,22:30:44,1.776589084731607,1.8144828672794444,1.7370243718544685,1.7405838584926403,100,0,1
2025.09.13,22:35:44,1.7671201220335708,1.8246464649324854,1.6798864516903727,1.702955361687098,100,0,1
2025.09.13,22:40:44,1.7648570798332106,1.8101504620258415,1.7521321966417118,1.7589920609782903,100,0,1
2025.09.13,22:45:44,1.7371662147578713,1.7737272337634158,1.661916307058355,1.6754873256597451,100,0,1
2025.09.13,22:50:44,1.8179359965052466,1.8714816310031053,1.7576382048925336,1.7740497374335924,100,0,1
2025.09.13,22:55:44,1.8193886252759464,1.8431896360899733,1.7830601829569872,1.802454730616835,100,0,1
2025.09.13,23:00:44,1.7732123663735258,1.8610093522467492,1.7367335569994646,1.7695663467156417,100,0,1
2025.09.13,23:05:44,1.7676769959283705,1.7917690521016123,1.6882244267815723,1.7567752187516388,100,0,1
2025.09.13,23:10:44,1.8777524359930375,1.9415138780688799,1.8596999447722289,1.915324320434909,100,0,1
2025.09.13,23:15:44,1.841446072548474,1.881283536826851,1.7650209722421184,1.857471332436825,100,0,1
2025.09.13,23:20:44,1.8752887683106116,1.9520072148122491,1.7935880507975217,1.924893832321774,100,0,1
2025.09.13,23:25:44,1.8486044664362888,1.9245972174661834,1.7989189434402146,1.8701620354450994,100,0,1
2025.09.13,23:30:44,1.8827229341796787,1.939096192342551,1.8286434278948471,1.875609653854335,100,0,1
2025.09.13,23:35:44,1.9848151666804774,2.0467648707624813,1.8877429499522778,1.9942229532741034,100,0,1
2025.09.13,23:40:44,1.864211859463969,1.8923877531875484,1.8068526872628348,1.8522478057177274,100,0,1
2025.09.13,23:45:44,1.8702542622095668,1.912980295396331,1.8195399165258201,1.863605653739615,100,0,1
2025.09.13,23:50:44,1.8420795784774324,1.9127927946916845,1.818441475391741,1.8569696835321192,100,0,1
2025.09.13,23:55:44,1.7753532558630956,1.831410090876516,1.7249889421813183,1.7819324373230103,100,0,1
2025.09.14,00:00:44,1.7490037671019063,1.7793545964024438,1.712860973453886,1.7774799797811383,100,0,1
2025.09.14,00:05:44,1.8054745141075368,1.851023984363928,1.710290604578944,1.796222490655309,100,0,1
2025.09.14,00:10:44,1.7839193118975492,1.791410062615669,1.7463751597615726,1.789309054777475,100,0,1
2025.09.14,00:15:44,1.8263380128407425,1.8958081017415012,1.7528537076278754,1.8011236715031163,100,0,1
2025.09.14,00:20:44,1.7910443956773052,1.8285716647311447,1.7492049383316977,1.7966514278832957,100,0,1
2025.09.14,00:25:44,1.7749557444983133,1.8349204583601955,1.7248381566768203,1.8001913197860424,100,0,1
2025.09.14,00:30:44,1.7367071869684085,1.7808567677739084,1.6871269384450263,1.7575498047521279,100,0,1
2025.09.14,00:35:44,1.7786919569524762,1.822756831558558,1.7202261343964642,1.7988657930957102,100,0,1
2025.09.14,00:40:44,1.8256077673651232,1.8526172178743276,1.7798393991734884,1.8224760147376373,100,0,1
2025.09.14,00:45:44,1.8428756771271708,1.8445212292439424,1.7783675902376364,1.7819925125101532,100,0,1
2025.09.14,00:50:44,1.865448085785676,1.908451164967252,1.8055176851214496,1.806187984074553,100,0,1
2025.09.14,00:55:44,1.9083080991178714,1.953299503958071,1.839256156906584,1.892012695818472,100,0,1
2025.09.14,01:00:44,1.8761969527131261,1.951064604162344,1.8334971170104795,1.9075580583184264,100,0,1
2025.09.14,01:05:44,1.8644274941519876,1.9257918881673861,1.8359084070633171,1.8868393760305175,100,0,1
2025.09.14,01:10:44,1.8490410956169976,1.910002995022971,1.7991771068111355,1.8522120735121794,100,0,1
2025.09.14,01:15:44,1.8771931721323316,1.9330532978375874,1.8405403662645536,1.8828375364894103,100,0,1
2025.09.14,01:20:44,1.876179686072452,1.9062965979766684,1.8278621534569257,1.867228252801703,100,0,1
2025.09.14,01:25:44,1.8217258628029163,1.8971552986751932,1.7768469924951165,1.8020200843552736,100,0,1
2025.09.14,01:30:44,1.8490061584345348,1.9022901582207281,1.7471769932165835,1.7516593558423643,100,0,1
2025.09.14,01:35:44,1.8173803213315676,1.8745865144366816,1.7266594692365456,1.7358598618135699,100,0,1
2025.09.14,01:40:44,1.8488204503668784,1.8705143825939885,1.795666143413983,1.8593085615166964,100,0,1
2025.09.14,01:45:44,1.8205723377572771,1.8555667449360864,1.7398426456980771,1.7621292371203696,100,0,1
2025.09.14,01:50:44,1.7897937301459925,1.8251537975692074,1.7239307760716966,1.7889513389447425,100,0,1
2025.09.14,01:55:44,1.8474399746295307,1.8830744060467335,1.7940529941751473,1.8661605705760425,100,0,1
2025.09.14,02:00:44,1.8618230150200332,1.9185760566324999,1.8538292521649578,1.8783366739775256,100,0,1
2025.09.14,02:05:44,1.9265276211009228,1.976482781851196,1.902632662993443,1.9686669063563331,100,0,1
2025.09.14,02:10:44,1.9344431704985676,1.9542357927558318,1.8469218846164839,1.879975278468213,100,0,1
2025.09.14,02:15:44,1.908737899311848,1.9253015069658976,1.8647071972865272,1.8849948547235398,100,0,1
2025.09.14,02:20:44,1.8547884585178034,1.888216490455659,1.7941252623586594,1.7950882604014566,100,0,1
2025.09.14,02:25:44,1.82243771990696,1.8708307565367843,1.760232707221288,1.810259297302369,100,0,1
2025.09.14,02:30:44,1.8044643355189156,1.8410669444991008,1.7355856408008825,1.8013488571644798,100,0,1
2025.09.14,02:35:44,1.8723846771861417,1.9273311106222835,1.8243500533863635,1.9158907617365752,100,0,1
2025.09.14,02:40:44,1.9639768135536142,2.014595864579327,1.8755755880718203,1.9413502218865504,100,0,1
2025.09.14,02:45:44,1.9783981851336527,2.0083504797875467,1.9255956319377192,1.9365488427125561,100,0,1
2025.09.14,02:50:44,1.9907520255547315,2.0388317898294646,1.9450995832068227,1.9867655936533188,100,0,1
2025.09.14,02:55:44,2.0152892922202468,2.0967104447432123,1.957250365598238,2.095266069119568,100,0,1
2025.09.14,03:00:44,2.0115896716871213,2.03032302038582,1.9409110715708566,1.9722482213467563,100,0,1
2025.09.14,03:05:44,2.047087455499044,2.094117419511886,2.0064781387260857,2.0867751931258827,100,0,1
2025.09.14,03:10:44,2.0710641444800557,2.121921838978834,1.9919892729968443,2.0017689021804275,100,0,1
2025.09.14,03:15:44,1.9573321699228,2.030354201963432,1.9253697732047572,1.9539174451858887,100,0,1
2025.09.14,03:20:44,1.8685963578414297,1.9336600233008796,1.79155987837803,1.8598198590874997,100,0,1
2025.09.14,03:25:44,1.9304258498069602,1.9718918129897336,1.8573183103018402,1.911120956608403,100,0,1
2025.09.14,03:30:44,1.8878739512995992,1.9104514249195235,1.7985089568131585,1.9014122657818562,100,0,1
2025.09.14,03:35:44,1.8834775009557823,1.9367369425550882,1.7936112820753263,1.8926683845729828,100,0,1
2025.09.14,03:40:44,1.9069949170575238,1.9608127644415814,1.8790578277253742,1.9309135278463843,100,0,1
2025.09.14,03:45:44,1.888206227865025,1.9501053961222365,1.8060034184666078,1.8553763007399937,100,0,1
2025.09.14,03:50:44,1.8538650418027183,1.9260437110461504,1.811372403590328,1.9106621867479656,100,0,1
2025.09.14,03:55:44,1.8780258878355767,1.9270827704897493,1.8481202563362926,1.8779165852355115,100,0,1
2025.09.14,04:00:44,1.8208511685083413,1.8987466498281729,1.7793513497154618,1.853571534466226,100,0,1
2025.09.14,04:05:44,1.7778984937559779,1.8535846766873358,1.7213055937312205,1.776236845514735,100,0,1
2025.09.14,04:10:44,1.8396899296232303,1.909698778743714,1.7911069697974409,1.846264897821899,100,0,1
2025.09.14,04:15:44,1.844544145343585,1.8868162068116572,1.8007533877980522,1.84504473310948,100,0,1
2025.09.14,04:20:44,1.8655609384855156,1.946160585944722,1.814029829622631,1.8911675567214945,100,0,1
2025.09.14,04:25:44,1.8088035611102742,1.8661822221669218,1.7317248533772236,1.8094675122978892,100,0,1
2025.09.14,04:30:44,1.869385774360671,1.9011542619661779,1.8236342998837929,1.8241302747980461,100,0,1
2025.09.14,04:35:44,1.9037631633914447,1.9436651810924395,1.8426645351903517,1.8845097664260364,100,0,1
2025.09.14,04:40:44,1.8957342751662187,1.9214346593542375,1.8365120027530393,1.9046633217898528,100,0,1
2025.09.14,04:45:44,1.8832485661090521,1.9759254298204303,1.8279719230785931,1.834140874479132,100,0,1
2025.09.14,04:50:44,1.773469880360091,1.8157456401547312,1.6877470462670716,1.7999663698729258,100,0,1
2025.09.14,04:55:44,1.666990852265241,1.7119452655145067,1.6076759073929765,1.6318743533385858,100,0,1
2025.09.14,05:00:44,1.7028980892727592,1.77764013645308,1.6672043249245119,1.701757401288216,100,0,1
2025.09.14,05:05:44,1.7445550825948275,1.8024185547740177,1.6669395961944298,1.7247776624917532,100,0,1
2025.09.14,05:10:44,1.8765679752463278,1.913171521688704,1.8243266510975857,1.8915514172654877,100,0,1
2025.09.14,05:15:44,1.9379480666235063,1.9886699744219294,1.9191751827228065,1.932999563325124,100,0,1
2025.09.14,05:20:44,1.9970314404752554,2.039336791025277,1.956260952314104,1.9750001384275395,100,0,1
2025.09.14,05:25:44,1.9153987879748327,1.9592092521318518,1.8664488480672485,1.9415847774551918,100,0,1
2025.09.14,05:30:44,1.8961253584735493,1.9611571503952852,1.8277478531448337,1.8550432827194312,100,0,1
2025.09.14,05:35:44,1.8656708315240793,1.9216733171157812,1.8360281156848417,1.8788438094044677,100,0,1
2025.09.14,05:40:44,1.9093486103274846,1.9588933696270958,1.855098616151207,1.876963030761793,100,0,1
2025.09.14,05:45:44,1.9412066198580993,1.9552720447324037,1.8970650453708726,1.9067683625339,100,0,1
2025.09.14,05:50:44,1.866737564263549,1.8901782076500928,1.8194876008910608,1.8308814966060047,100,0,1
2025.09.14,05:55:44,1.9429593065382313,1.9509325801293473,1.9287672141169971,1.9374940537054197,100,0,1
2025.09.14,06:00:44,1.9396691525306995,2.026170985698664,1.876155837552034,1.9297246472312752,100,0,1
2025.09.14,06:05:44,1.9379442378533829,2.045115957410943,1.8744172405984287,1.921785981869966,100,0,1
2025.09.14,06:10:44,1.9945172562721223,2.0392566284943574,1.9537617312108877,2.037655655348306,100,0,1
2025.09.14,06:15:44,2.043669265245728,2.0880977077793417,2.0082557022977907,2.080104351091929,100,0,1
2025.09.14,06:20:44,1.9512727549185105,1.9967989856630965,1.9045072098833224,1.9350083843844346,100,0,1
2025.09.14,06:25:44,1.8985266942678896,1.961326491676641,1.8481729022294036,1.8671060030490076,100,0,1
2025.09.14,06:30:44,1.9540398947593554,2.0167558795940788,1.880165633319861,1.9903138403034706,100,0,1
2025.09.14,06:35:44,2.003364922311977,2.0629097537481593,1.939228484272784,1.9493950818132812,100,0,1
2025.09.14,06:40:44,2.0204568956106557,2.056088119367698,1.9696747840605413,2.053207695703519,100,0,1
2025.09.14,06:45:44,2.0154503927579963,2.051127980454685,1.9289979745637873,1.9447602560278,100,0,1
2025.09.14,06:50:44,1.9659970938235478,2.0326884875214755,1.8956927828394543,1.9334305992824627,100,0,1
2025.09.14,06:55:44,1.9706768328266377,2.056515585817658,1.9383289123283973,2.016646264140465,100,0,1
2025.09.14,07:00:44,1.8363439428419626,1.8820411187146973,1.7923453281174655,1.8032691917960404,100,0,1
2025.09.14,07:05:44,1.9308572285626988,1.964666861264635,1.891145900786015,1.9550614808717752,100,0,1
2025.09.14,07:10:44,1.896332240813504,1.9301383971729278,1.8542950523007113,1.8738794489264592,100,0,1
2025.09.14,07:15:44,1.8009082902573024,1.8095203703495184,1.7305941593929455,1.7852305126973016,100,0,1
2025.09.14,07:20:44,1.8479562187322813,1.9064668566620528,1.7814761647371413,1.8678532952147178,100,0,1
2025.09.14,07:25:44,1.8905494934495528,1.947472662032382,1.8292366491422205,1.8503952251081048,100,0,1
2025.09.14,07:30:44,1.9476130440428268,1.9940705943851977,1.8990752714222627,1.9909038221205009,100,0,1
2025.09.14,07:35:44,1.8335335748743489,1.897538782383418,1.7691965820530169,1.858440495994682,100,0,1
2025.09.14,07:40:44,1.856126479689952,1.8653110965260176,1.774349430992472,1.8303142561574641,100,0,1
2025.09.14,07:45:44,1.8385262673313156,1.9096667095519515,1.789896150968657,1.8941374650283418,100,0,1
2025.09.14,07:50:44,1.859117864799181,1.9101275460789553,1.7940224831868907,1.8839069541675346,100,0,1
2025.09.14,07:55:44,1.7707229081461224,1.825541937440767,1.718533437666798,1.8149341109761743,100,0,1
2025.09.14,08:00:44,1.782672559474331,1.8352834810537773,1.7253848049347018,1.7815556459539832,100,0,1
2025.09.14,08:05:44,1.7251420938528355,1.7908902595016922,1.6609110011786283,1.6968590662037404,100,0,1
2025.09.14,08:10:44,1.7362461318412195,1.7830494907287313,1.6522680302417816,1.7824806204388923,100,0,1
2025.09.14,08:15:44,1.7466534530588143,1.820188022923615,1.679044729712235,1.7761585599059233,100,0,1
2025.09.14,08:20:44,1.7906564166198686,1.8464572340025753,1.751679307518946,1.8373402549921138,100,0,1
2025.09.14,08:25:44,1.8296439520950478,1.871064605955083,1.775318475750089,1.7873376100959426,100,0,1
2025.09.14,08:30:44,1.725675939681406,1.7558123445944012,1.6814363473725822,1.6876938988576486,100,0,1
2025.09.14,08:35:44,1.766850340132491,1.8117547441087913,1.7192374087054538,1.7284704653198841,100,0,1
2025.09.14,08:40:44,1.746027419799752,1.8045118466346175,1.6962026367968899,1.763466650615876,100,0,1
2025.09.14,08:45:44,1.7454130485676016,1.8188611096509022,1.7094329978816454,1.7748275306887789,100,0,1
2025.09.14,08:50:44,1.7609708338920447,1.8497057327414663,1.6608766206511285,1.7352788586469012,100,0,1
2025.09.14,08:55:44,1.695623371609663,1.7278303960968873,1.6617264034726558,1.7083070817982502,100,0,1
2025.09.14,09:00:44,1.6273845896221304,1.7113039011092017,1.593600382123124,1.6180388952418456,100,0,1
2025.09.14,09:05:44,1.6112256152439484,1.6674521083615774,1.576441058359559,1.5847980386154545,100,0,1
2025.09.14,09:10:44,1.6142711748771743,1.670050688170598,1.5716343761370408,1.6337937858463956,100,0,1
2025.09.14,09:15:44,1.6756027114938925,1.7045241266557485,1.6009185176647522,1.606430828412249,100,0,1
2025.09.14,09:20:44,1.6550871357031627,1.7066318442624577,1.6097070873770005,1.6664288069070425,100,0,1
2025.09.14,09:25:44,1.6095450010066796,1.67736547172687,1.5249730434006106,1.6469812336872747,100,0,1
2025.09.14,09:30:44,1.6297819605880197,1.653444295891285,1.5770871087502534,1.5969985950723322,100,0,1
2025.09.14,09:35:44,1.641498860371335,1.6983441561691506,1.5910383635857286,1.5987599404816604,100,0,1
2025.09.14,09:40:44,1.5627684818967433,1.6068453947220944,1.4919335713010433,1.5403277427849094,100,0,1
2025.09.14,09:45:44,1.5286659099345246,1.572707917615546,1.500532523668234,1.505079153324923,100,0,1
2025.09.14,09:50:44,1.54862921926218,1.5573515170419872,1.5299521575043085,1.5500651858448877,100,0,1
2025.09.14,09:55:44,1.5471121563831212,1.587444081196111,1.5143110431182882,1.5441896792969545,100,0,1
2025.09.14,10:00:44,1.508132756431246,1.524660828283177,1.4615859392753645,1.5123132125128875,100,0,1
2025.09.14,10:05:44,1.513962218447527,1.595508121612984,1.4600820416375786,1.5841570664185547,100,0,1
2025.09.14,10:10:44,1.508948170669045,1.5830962538683038,1.483883948450073,1.4857059424287815,100,0,1
2025.09.14,10:15:44,1.4452109650140927,1.4785766845624164,1.405524089290095,1.419595225107763,100,0,1
2025.09.14,10:20:44,1.4434651840263022,1.463573229880935,1.362034053431059,1.392328791497984,100,0,1
2025.09.14,10:25:44,1.3947848925161688,1.434000760151137,1.3537314882598377,1.409874408842714,100,0,1
2025.09.14,10:30:44,1.4330477608795886,1.4739694928359859,1.3763542411748446,1.4010905384982282,100,0,1
2025.09.14,10:35:44,1.3596720719821793,1.402523493446573,1.3359950303795871,1.3780210473869499,100,0,1
2025.09.14,10:40:44,1.3290179395605548,1.3730972422758625,1.2758454274709412,1.308750101499951,100,0,1
2025.09.14,10:45:44,1.3890521275830614,1.4837384009013215,1.3114463379879209,1.4392149448534381,100,0,1
2025.09.14,10:50:44,1.448433188420894,1.487404598486585,1.4121124597728993,1.4431293223212398,100,0,1
2025.09.14,10:55:44,1.497737235145478,1.5295899784871334,1.4370038906868865,1.4763644886833054,100,0,1
2025.09.14,11:00:44,1.4595724422840437,1.5247200162430112,1.3735983956779882,1.3829737679117184,100,0,1
2025.09.14,11:05:44,1.4050648272454493,1.5100347408258974,1.33703416848353,1.4611656737017285,100,0,1
2025.09.14,11:10:44,1.445735077707676,1.4487553789147682,1.3930158571296671,1.404768620805505,100,0,1
2025.09.14,11:15:44,1.5194789648482694,1.5781287314254653,1.4951884948595027,1.5155082937673174,100,0,1
2025.09.14,11:20:44,1.3457340234898099,1.409187091227691,1.275691436880783,1.3740613989627501,100,0,1
2025.09.14,11:25:44,1.217259355041634,1.2327958005155053,1.1798928880806139,1.1956448924476935,100,0,1
2025.09.14,11:30:44,1.3120566039462727,1.3684015055675438,1.2698065347810237,1.2800356092448675,100,0,1
2025.09.14,11:35:44,1.247432853463888,1.3133444238839025,1.1807420413599705,1.2110036229484098,100,0,1
2025.09.14,11:40:44,1.2152733596466172,1.2524345846250564,1.1438135976783619,1.2143890501826176,100,0,1
2025.09.14,11:45:44,1.2279355577450008,1.2952623827107292,1.1558493355326545,1.1607636736079248,100,0,1
2025.09.14,11:50:44,1.2926835921147863,1.3612056639998473,1.2506605620098483,1.3320586738341107,100,0,1
2025.09.14,11:55:44,1.2732045177216176,1.3006132923440397,1.2495816832120097,1.2920352328278102,100,0,1
2025.09.14,12:00:44,1.399610713522309,1.4720435546500552,1.3913469792379078,1.4691588272652147,100,0,1
2025.09.14,12:05:44,1.3461765117055369,1.3696971647011853,1.2900241605765779,1.294224468156468,100,0,1
2025.09.14,12:10:44,1.382542140848046,1.4485094701585155,1.3181420651351798,1.3974144186985984,100,0,1
2025.09.14,12:15:44,1.3322294005837287,1.3852401343396887,1.3118936708265883,1.3741608789635975,100,0,1
2025.09.14,12:20:44,1.276537923344634,1.3182957831822013,1.2160435578907904,1.3068810911850566,100,0,1
2025.09.14,12:25:44,1.3205853995966796,1.3579474544739312,1.2656342103466343,1.2979941185047512,100,0,1
2025.09.14,12:30:44,1.3251114875211525,1.3929492325848494,1.2567132792725404,1.3133505251499622,100,0,1
2025.09.14,12:35:44,1.363315488557475,1.4132082744158971,1.3351849550481527,1.3812997998259111,100,0,1
2025.09.14,12:40:44,1.3240928389332418,1.3337607482358949,1.2650284925795305,1.3166119930661926,100,0,1
2025.09.14,12:45:44,1.4440389929717694,1.4984982902009463,1.3724882389139363,1.4399007654767695,100,0,1
2025.09.14,12:50:44,1.4076857164440648,1.4590336943438957,1.364036627192867,1.435384273964316,100,0,1
2025.09.14,12:55:44,1.3250370693147908,1.3863900947737087,1.2630385936410575,1.3790059468448312,100,0,1
2025.09.14,13:00:44,1.3906513054627136,1.4334294730154054,1.3499550080431795,1.3540873132502949,100,0,1
2025.09.14,13:05:44,1.3222577298022686,1.4161938239628986,1.2674061869314965,1.29694326902638,100,0,1
2025.09.14,13:10:44,1.2961263387741038,1.3149855429255326,1.2493721945148153,1.2773830283705476,100,0,1
2025.09.14,13:15:44,1.2862959585650573,1.3275915577293653,1.2264878917181403,1.3200316638759753,100,0,1
2025.09.14,13:20:44,1.2203910448545692,1.2606157048356728,1.1837959785976793,1.1929349808011112,100,0,1
2025.09.14,13:25:44,1.2899191838914728,1.355490975426664,1.2123209824123427,1.3250088529579942,100,0,1
2025.09.14,13:30:44,1.2547782684045066,1.282292161262112,1.2297428867025926,1.2742193097923005,100,0,1
2025.09.14,13:35:44,1.390759164714755,1.444971726103573,1.3319959619633797,1.4214694824155982,100,0,1
2025.09.14,13:40:44,1.3272396250688243,1.3720050308913552,1.2953104387026193,1.3336245064009573,100,0,1
2025.09.14,13:45:44,1.3519376577824243,1.4210233693522665,1.2897858192236047,1.3140616136643102,100,0,1
2025.09.14,13:50:44,1.3789501722550466,1.427913387822506,1.3614597795480734,1.368652160000951,100,0,1
2025.09.14,13:55:44,1.365268541233242,1.4237912401729491,1.2965127101688436,1.3469661433457916,100,0,1
2025.09.14,14:00:44,1.346576467288094,1.4001888188018812,1.2984562161977524,1.336273942869522,100,0,1
2025.09.14,14:05:44,1.4834472967143755,1.5491576663390263,1.4441389034337013,1.450794124206743,100,0,1
2025.09.14,14:10:44,1.5218254788384469,1.6071643745379187,1.4956018744356876,1.5949561923015447,100,0,1
2025.09.14,14:15:44,1.516354520317263,1.5893440769391105,1.4593777558777519,1.5584731123312754,100,0,1
2025.09.14,14:20:44,1.4818615132409905,1.5408264025396374,1.4330802409977548,1.5305929996249328,100,0,1
2025.09.14,14:25:44,1.491896048498141,1.549396471176699,1.436888004948659,1.4520439597476624,100,0,1
2025.09.14,14:30:44,1.5101464254662833,1.5479296039342372,1.4079608876511436,1.4120747790720374,100,0,1
2025.09.14,14:35:44,1.4571590465382578,1.5461381059588002,1.3946840753522978,1.4168377828294962,100,0,1
2025.09.14,14:40:44,1.4683109991741303,1.4709354948837787,1.4420919993434127,1.452365450046045,100,0,1
2025.09.14,14:45:44,1.4451491474765046,1.4944018928873517,1.4125935939805099,1.4518066829404737,100,0,1
2025.09.14,14:50:44,1.429101434555798,1.4507174212969185,1.3678477120807009,1.3704783306765438,100,0,1
2025.09.14,14:55:44,1.394341825221143,1.4477967612289047,1.3579495182625076,1.4222233401582474,100,0,1
2025.09.14,15:00:44,1.4019334285214662,1.4439617076731306,1.3299752854638098,1.3484617398680985,100,0,1
2025.09.14,15:05:44,1.4042882128237717,1.4501422748887103,1.338217267970433,1.4043724069565517,100,0,1
2025.09.14,15:10:44,1.4083839363692872,1.4577515096087215,1.3423103544277528,1.3923772511737489,100,0,1
2025.09.14,15:15:44,1.468828680339369,1.5117430026558099,1.45191811385698,1.4637781713757392,100,0,1
2025.09.14,15:20:44,1.421261103791656,1.4367692670981453,1.3840155218543517,1.3936362142585441,100,0,1
2025.09.14,15:25:44,1.3444693010561786,1.402339510275542,1.2796925246963833,1.3866087695163742,100,0,1
2025.09.14,15:30:44,1.250659169356751,1.286729944758466,1.1963962959469192,1.2542282588299365,100,0,1
2025.09.14,15:35:44,1.1810365079232648,1.2009986812679299,1.1449274677346708,1.1887348175856587,100,0,1
2025.09.14,15:40:44,1.147415797836752,1.1972465428523298,1.1125738539553331,1.1904721281843615,100,0,1
2025.09.14,15:45:44,1.2299565683498868,1.2751090020119331,1.1912107344334932,1.2635148762025692,100,0,1
2025.09.14,15:50:44,1.1513657500930885,1.1997493787720324,1.1081750285989767,1.1812587715472411,100,0,1
2025.09.14,15:55:44,1.1725817561244105,1.2317295430709874,1.0817191380937512,1.163480468194866,100,0,1
2025.09.14,16:00:44,1.1232491395418533,1.1877231808875008,1.056823014736294,1.1038927167889037,100,0,1
2025.09.14,16:05:44,1.186955016478035,1.2466158709698976,1.1324118546840876,1.214699009737798,100,0,1
2025.09.14,16:10:44,1.239913528704527,1.2783026119256744,1.1977595355944386,1.2079604885717607,100,0,1
2025.09.14,16:15:44,1.209888613873066,1.2566290530058737,1.1351273305669969,1.1632091684094428,100,0,1
2025.09.14,16:20:44,1.216804805568675,1.309764600620405,1.2011042868241562,1.2728345822132523,100,0,1
2025.09.14,16:25:44,1.280352169838037,1.3271403553583263,1.212895333152219,1.2954760928241849,100,0,1
2025.09.14,16:30:44,1.3214398024623655,1.3900917761923957,1.2858495417243492,1.387776058787151,100,0,1
2025.09.14,16:35:44,1.2285321957121702,1.2794347928810745,1.1898286102878168,1.2012624250159525,100,0,1
2025.09.14,16:40:44,1.1913495846781046,1.2688612553818255,1.1490350619843195,1.1526291706068452,100,0,1
2025.09.14,16:45:44,1.170288388595026,1.260036429786124,1.1225584494236092,1.1448642067618848,100,0,1
2025.09.14,16:50:44,1.2064208006189554,1.2349523401811666,1.1545971848542689,1.2136997483016312,100,0,1
2025.09.14,16:55:44,1.3263372795000943,1.3804624720756364,1.2651936024486714,1.3741740293251845,100,0,1
2025.09.14,17:00:44,1.2985243352778042,1.3630381393626365,1.2376034651874055,1.2506196565317986,100,0,1
2025.09.14,17:05:44,1.2661506829486404,1.314792827810945,1.2559390352332918,1.2858720372037964,100,0,1
2025.09.14,17:10:44,1.3711065521686643,1.4390117353640641,1.3150175488745928,1.3349675569175183,100,0,1
2025.09.14,17:15:44,1.4058421536445416,1.4853432725941533,1.3824355774382744,1.3837569250146795,100,0,1
2025.09.14,17:20:44,1.334901268972608,1.3580616116297524,1.3127578817046839,1.3179103022561691,100,0,1
2025.09.14,17:25:44,1.3893497235289274,1.446777600173938,1.3611556218246508,1.3869193272462095,100,0,1
2025.09.14,17:30:44,1.384355492124293,1.4671853984629484,1.2981180935434988,1.3480160459407398,100,0,1
2025.09.14,17:35:44,1.4585348831306557,1.4972019230793874,1.4079591743275077,1.4387684077256526,100,0,1
2025.09.14,17:40:44,1.402576212815492,1.4462534198650885,1.3389091672344273,1.3721997161215282,100,0,1
2025.09.14,17:45:44,1.360376566167899,1.4312943177881055,1.2933006828837603,1.3205402938339044,100,0,1
2025.09.14,17:50:44,1.3214756823353422,1.3237606766813388,1.2898355384116467,1.3204299566714885,100,0,1
2025.09.14,17:55:44,1.1930560421594607,1.259830804409296,1.1636356843454778,1.1734411365670099,100,0,1
2025.09.14,18:00:44,1.1418331280806757,1.2202682593794685,1.0907580915207298,1.1612757564784415,100,0,1
2025.09.14,18:05:44,1.2505979802994192,1.323744391306193,1.2249840881627787,1.2876934746948514,100,0,1
2025.09.14,18:10:44,1.1979534990173561,1.2443075367685654,1.151840357501792,1.2347412276914016,100,0,1
2025.09.14,18:15:44,1.2871099798708738,1.3220193668939955,1.2534955890047315,1.3205284810210358,100,0,1
2025.09.14,18:20:44,1.2905507596162877,1.3075193333229047,1.2574468485243608,1.296618317768344,100,0,1
2025.09.14,18:25:44,1.382127218508848,1.4294728175615434,1.3253575968551017,1.3300822659024707,100,0,1
2025.09.14,18:30:44,1.4407730133226966,1.4820254945604865,1.4109729781920588,1.4497117683127307,100,0,1
2025.09.14,18:35:44,1.3749679110416952,1.435365309064411,1.3206635585017918,1.4264689795829237,100,0,1
2025.09.14,18:40:44,1.3534783760378066,1.4226112961705841,1.2704743772268867,1.3794519745347438,100,0,1
2025.09.14,18:45:44,1.414791116944764,1.4645166534688272,1.3929293004662036,1.4313191763586257,100,0,1
2025.09.14,18:50:44,1.4614862472527141,1.5220970931618452,1.4125167816130715,1.4391209084601646,100,0,1
2025.09.14,18:55:44,1.448324367395197,1.5042500481582033,1.4165065159624362,1.4957103172692492,100,0,1
2025.09.14,19:00:44,1.4208073751891117,1.4711620718490277,1.3610437139156792,1.4640412415166164,100,0,1
2025.09.14,19:05:44,1.4672330424802542,1.4855931948241237,1.3987415737687556,1.4181173018981263,100,0,1
2025.09.14,19:10:44,1.5239368141353051,1.5911256640865994,1.494297096620721,1.5324330557272166,100,0,1
2025.09.14,19:15:44,1.4374519392605145,1.5094482918780423,1.3869933852395677,1.4316585390340106,100,0,1
2025.09.14,19:20:44,1.4794019453597442,1.4914059911117596,1.425081826442315,1.4603763065539928,100,0,1
2025.09.14,19:25:44,1.5214280459109355,1.5333901804616847,1.457972722044062,1.5106121221732622,100,0,1
2025.09.14,19:30:44,1.4251554797858272,1.4740271302663348,1.407082526895933,1.44905986735922,100,0,1
2025.09.14,19:35:44,1.3976237118668604,1.4698010315947396,1.3277247311256524,1.3300065469811178,100,0,1
2025.09.14,19:40:44,1.4365069671888049,1.4787301031129332,1.3695685235678605,1.4714556957220917,100,0,1
2025.09.14,19:45:44,1.43512502949008,1.4750725223689143,1.3702264775630912,1.4717664498570422,100,0,1
2025.09.14,19:50:44,1.4988586259367487,1.5444351912169079,1.4534639058298156,1.519741269266456,100,0,1
2025.09.14,19:55:44,1.413714538284941,1.4911830567414728,1.3536483230900542,1.380479291974768,100,0,1
2025.09.14,20:00:44,1.4272166692376782,1.4688168343124424,1.3755831295286245,1.4076151523934974,100,0,1
2025.09.14,20:05:44,1.435929046640994,1.491500080834731,1.3696062904547714,1.4811737228158837,100,0,1
2025.09.14,20:10:44,1.4601611761918494,1.4994590043269442,1.404280667933803,1.4902558974560878,100,0,1
2025.09.14,20:15:44,1.4164421127564861,1.4404571374974273,1.393547819183126,1.4351602278941686,100,0,1
2025.09.14,20:20:44,1.3420679697558973,1.37490871333452,1.2934407940255301,1.349096696655831,100,0,1
2025.09.14,20:25:44,1.3386089434861193,1.3799505492713076,1.3026775303966627,1.3436030584673275,100,0,1
2025.09.14,20:30:44,1.230022574092767,1.2796193725368383,1.1677147669589807,1.2572410312781441,100,0,1
2025.09.14,20:35:44,1.2711445562551544,1.3531000540468343,1.2334284074521449,1.3077058088754614,100,0,1
2025.09.14,20:40:44,1.2192472837690347,1.2821288576051517,1.174579698878563,1.227208806784957,100,0,1
2025.09.14,20:45:44,1.2116158355488467,1.2704607698535686,1.1165730646142387,1.1461117243980088,100,0,1
2025.09.14,20:50:44,1.1879456318588084,1.230357325912274,1.154821059552268,1.165968458014829,100,0,1
2025.09.14,20:55:44,1.180426614473189,1.2203082997010715,1.1402609358916604,1.1869857432199487,100,0,1
2025.09.14,21:00:44,1.1705714239315403,1.1869729409092709,1.1311334537415616,1.1408775089547152,100,0,1
2025.09.14,21:05:44,1.20012489937249,1.2680969988713862,1.147176988449817,1.2185238842341728,100,0,1
2025.09.14,21:10:44,1.1433033623443007,1.1944499627202232,1.1388453816649362,1.1809904259861077,100,0,1
2025.09.14,21:15:44,1.156022839251764,1.2190832702469807,1.0875241541087393,1.1032726823887584,100,0,1
2025.09.14,21:20:44,1.1694115095801156,1.2148524198713804,1.1028543814916596,1.1620940086753624,100,0,1
2025.09.14,21:25:44,1.164089884738271,1.22785191114498,1.117183934385118,1.2173141208508078,100,0,1
2025.09.14,21:30:44,1.1129032096438956,1.193700555727904,1.0556382791483463,1.1127575757430668,100,0,1
2025.09.14,21:35:44,1.0497814791649758,1.1140904782533338,1.0105199947139143,1.0268914152022326,100,0,1
2025.09.14,21:40:44,1.1300504172242265,1.1714647297524874,1.0439882014472934,1.1611225741912687,100,0,1
2025.09.14,21:45:44,1.0763381406133867,1.1523775696862804,1.0151955541555095,1.041894870147505,100,0,1
2025.09.14,21:50:44,1.0391416108452902,1.130074911869259,0.9758571656110754,1.098956517899968,100,0,1
2025.09.14,21:55:44,1.0700857115949958,1.09996357133854,1.0034117761645631,1.0921761025215546,100,0,1
2025.09.14,22:00:44,1.094048639001138,1.145364835010508,1.0356628873680143,1.1173255568053355,100,0,1
2025.09.14,22:05:44,1.0494225921562816,1.0926842794482294,1.0060686575297813,1.0529892294028322,100,0,1
2025.09.14,22:10:44,1.063628408495164,1.150485089603277,1.026759004248705,1.0368176530317843,100,0,1
2025.09.14,22:15:44,1.0415446894658777,1.0924398954233143,1.016599872822597,1.0676774382027752,100,0,1
2025.09.14,22:20:44,1.0211159570896715,1.0910981850006398,0.9730363464812215,1.0708565356009827,100,0,1
2025.09.14,22:25:44,1.0027203081558627,1.0772989975663883,0.9576865576293273,1.0578455347195912,100,0,1
2025.09.14,22:30:44,1.0266812539129433,1.094839446417084,0.9696814287423744,1.0324634361712763,100,0,1
2025.09.14,22:35:44,1.039097454361909,1.0850256652562247,0.9882923599708016,1.053093454322452,100,0,1
2025.09.14,22:40:44,1.0172100850729853,1.042052115856833,0.9913294434513433,1.0159935560301077,100,0,1
2025.09.14,22:45:44,1.0735260146229222,1.1526452223852468,1.0393431070561099,1.0609266554364944,100,0,1
2025.09.14,22:50:44,1.060221671015329,1.1064081044188636,1.0023647268590743,1.0526249377062906,100,0,1
2025.09.14,22:55:44,1.0566700063478127,1.1451243584422954,1.0032171011686233,1.13756999231095,100,0,1
2025.09.14,23:00:44,1.0954080727085997,1.1643021052786133,1.0319943880617306,1.0609607299696222,100,0,1
2025.09.14,23:05:44,0.9804126997546552,1.0191025245464649,0.9412585524016902,1.0176306502898418,100,0,1
2025.09.14,23:10:44,0.9141590774858755,0.9451985766871994,0.8966595396800872,0.9451483450999781,100,0,1
2025.09.14,23:15:44,0.8748448760111988,0.9122370586054697,0.8330034418920808,0.848349882973472,100,0,1
2025.09.14,23:20:44,0.8131564028947544,0.8418325537440328,0.720743013134573,0.8342508715066685,100,0,1
2025.09.14,23:25:44,0.8389659381201023,0.8807547705728133,0.7801868158054179,0.8372572027202545,100,0,1
2025.09.14,23:30:44,0.8559671122905577,0.8904270355767766,0.8071777314808954,0.8468378647540861,100,0,1
2025.09.14,23:35:44,0.9464967006979026,0.9893024851436623,0.8641182245093061,0.9078614038963126,100,0,1
2025.09.14,23:40:44,0.827419658032707,0.8788162718617007,0.7520730439428585,0.7963383613547562,100,0,1
2025.09.14,23:45:44,0.855080904631062,0.8916944510647715,0.8050583020583589,0.8178150880691275,100,0,1
2025.09.14,23:50:44,0.8933695025168221,0.9267044793317367,0.841117671822236,0.8481300103024404,100,0,1
2025.09.14,23:55:44,0.8382969041008693,0.9186317832117644,0.798162024562941,0.8679973651934574,100,0,1
2025.09.15,00:00:44,0.8452146918021355,0.9040726723558895,0.7707927424180355,0.8977925204511958,100,0,1
2025.09.15,00:05:44,0.9572518153592782,1.0037117003700424,0.9161413766664553,0.924358211726987,100,0,1
2025.09.15,00:10:44,1.0201073019775788,1.0407706352430846,0.9712851471414442,0.9906122231192243,100,0,1
2025.09.15,00:15:44,1.0392311322685532,1.0749469524000668,0.97098545740548,1.0017499506153764,100,0,1
2025.09.15,00:20:44,1.116108536604962,1.1665521423587204,1.0893501499858937,1.131252427585353,100,0,1
2025.09.15,00:25:44,1.125505089426519,1.1451649779963604,1.0635243270026822,1.0865476084336714,100,0,1
2025.09.15,00:30:44,1.1103058527510332,1.1214264750360463,1.044626067914895,1.0865106139322318,100,0,1
2025.09.15,00:35:44,1.0302253865731419,1.066753777078155,0.9918974779807368,1.0109238155407685,100,0,1
2025.09.15,00:40:44,1.0711760818043528,1.1115757671103879,1.0410088102513095,1.0775128701520946,100,0,1
2025.09.15,00:45:44,1.1246378902404632,1.1615010628804066,1.0902875988813832,1.127244587914418,100,0,1
2025.09.15,00:50:44,1.1367673100977926,1.1403487639707544,1.119433969798781,1.1290102615558983,100,0,1
2025.09.15,00:55:44,1.118214189582055,1.137827520085218,1.0620003325107994,1.12347825399677,100,0,1
2025.09.15,01:00:44,1.0876477644291862,1.1326310202467784,1.0367524309598493,1.047546867000933,100,0,1
2025.09.15,01:05:44,1.1833187045543643,1.2446603785145174,1.141288168143746,1.2405602193519925,100,0,1
2025.09.15,01:10:44,1.2241314276418804,1.284928677530625,1.1842393918930607,1.2145973655958602,100,0,1
2025.09.15,01:15:44,1.0945306306872096,1.1502321723821598,1.0373782379856498,1.140568087061575,100,0,1
2025.09.15,01:20:44,1.1637524387186422,1.219493086627508,1.1298778581962134,1.1986594473224301,100,0,1
2025.09.15,01:25:44,1.1512669046364814,1.2043740117454032,1.09658149983324,1.1220751188249416,100,0,1
2025.09.15,01:30:44,1.078647470812171,1.1152095606635772,1.0600067398665136,1.0978786444157906,100,0,1
2025.09.15,01:35:44,1.1085000897353496,1.1606548623751927,1.0652451526407005,1.11640565911791,100,0,1
2025.09.15,01:40:44,1.1130687971006552,1.1837137936668374,1.0667807862870806,1.0924946882096367,100,0,1
2025.09.15,01:45:44,1.166265204664027,1.207419464120845,1.1066820374898594,1.1812819307879514,100,0,1
2025.09.15,01:50:44,1.155411293804123,1.2206831324808396,1.0977062250295464,1.1279610757414575,100,0,1
2025.09.15,01:55:44,1.1434501079577193,1.1786703662153701,1.0853611744145315,1.0949774158500674,100,0,1
2025.09.15,02:00:44,1.0787182456018436,1.1420701672962736,1.0488680824865537,1.1121981752543693,100,0,1
2025.09.15,02:05:44,1.0583424795365612,1.1086583806777293,1.0042599053203967,1.0880943430097345,100,0,1
2025.09.15,02:10:44,1.1185064545251893,1.1614448985238437,1.0687003030354587,1.1264171985890488,100,0,1
2025.09.15,02:15:44,1.073692594713185,1.1171553072824358,1.0103660599111777,1.0431644259239325,100,0,1
2025.09.15,02:20:44,1.0460229638081515,1.1291891949012485,0.9851789095141992,1.1068302949130864,100,0,1
2025.09.15,02:25:44,1.0277077773089711,1.0734178783929733,0.9507626837371942,1.0172481835314386,100,0,1
2025.09.15,02:30:44,1.0998962616273225,1.1096689918613276,1.0411932981002439,1.0762226678798394,100,0,1
2025.09.15,02:35:44,1.1475857395359952,1.1908307592084526,1.1365150367626318,1.1533275631156792,100,0,1
2025.09.15,02:40:44,1.1576091890805396,1.2188494268448906,1.1009176864121228,1.2069959347833132,100,0,1
2025.09.15,02:45:44,1.1547229851737146,1.219876960807127,1.0901169697194142,1.2016863372496123,100,0,1
2025.09.15,02:50:44,1.1074590419324999,1.157424494268663,1.0576801137506062,1.0969864400260665,100,0,1
2025.09.15,02:55:44,1.1035738611666273,1.1611121398212583,1.0561770005985402,1.0641569636062516,100,0,1
2025.09.15,03:00:44,1.0864115453479084,1.1427991501185324,1.0295776595331747,1.0584998789529847,100,0,1
2025.09.15,03:05:44,1.1514605981649295,1.2200160229374437,1.1271423314220164,1.1276321051229994,100,0,1
2025.09.15,03:10:44,1.1314042336660481,1.154496122690815,1.0993225333740304,1.1499827231249047,100,0,1
2025.09.15,03:15:44,1.1352103844316748,1.2163862715078306,1.0678928962529004,1.1212226501396891,100,0,1
2025.09.15,03:20:44,1.0734636495638292,1.142529069612743,0.9936246398666905,1.053287060845631,100,0,1
2025.09.15,03:25:44,0.9781669062935373,1.0591225795252044,0.9193732488245034,0.9487847243590533,100,0,1
2025.09.15,03:30:44,1.0008910180319754,1.0563923499659469,0.957587053695235,1.0046821219636972,100,0,1
2025.09.15,03:35:44,1.0290081514533072,1.0757794114427834,0.9703631085357449,0.973232418983344,100,0,1
2025.09.15,03:40:44,1.0583108681741569,1.131820394090304,1.0093482384385264,1.102526851755837,100,0,1
2025.09.15,03:45:44,1.149603569701353,1.2062958388929061,1.1206227957802737,1.1236602273589358,100,0,1
2025.09.15,03:50:44,1.1078983398223126,1.150545844785414,1.086229320486034,1.1204724906292967,100,0,1
2025.09.15,03:55:44,1.1144830244793755,1.1399039397465576,1.0668282298194747,1.1014817082394357,100,0,1
2025.09.15,04:00:44,1.1399845521929282,1.1461986656169625,1.0792605930873855,1.083796250291559,100,0,1
2025.09.15,04:05:44,1.177796070482952,1.1927295121345094,1.1770057545791575,1.1789132506619118,100,0,1
2025.09.15,04:10:44,1.1250458957376541,1.171530530689838,1.0610561763064164,1.1290383724309214,100,0,1
2025.09.15,04:15:44,1.0939774011852257,1.1364102125604056,1.020047165135452,1.1226865274847928,100,0,1
2025.09.15,04:20:44,1.1084566377470009,1.1758959053563423,1.0381690644622945,1.0608310844982547,100,0,1
2025.09.15,04:25:44,1.1170438047769482,1.1495514923267551,1.049627639978573,1.072045839166866,100,0,1
2025.09.15,04:30:44,1.2283484417102626,1.2986632986758222,1.1937892076704133,1.2496814454297025,100,0,1
2025.09.15,04:35:44,1.2275365882317308,1.2845504674286043,1.156436345055958,1.239950169009108,100,0,1
2025.09.15,04:40:44,1.2254550423318222,1.2769644852654705,1.1530883672654393,1.2019279496662276,100,0,1
2025.09.15,04:45:44,1.2265245428261715,1.279860774326324,1.1368914981517444,1.2657813110398919,100,0,1
2025.09.15,04:50:44,1.2523401230683733,1.2871447606186988,1.2362675592888994,1.2863787649038605,100,0,1
2025.09.15,04:55:44,1.2799846163917685,1.3100928339326927,1.2222300220971463,1.2350341893151833,100,0,1
2025.09.15,05:00:44,1.1913554690120782,1.2500757214039473,1.123463639542169,1.212678031287614,100,0,1
2025.09.15,05:05:44,1.1296158439373971,1.1841822872781542,1.1186876450585717,1.1678221827949808,100,0,1
2025.09.15,05:10:44,1.0817750261421675,1.124222575993815,1.0430840073061451,1.0501964885578063,100,0,1
2025.09.15,05:15:44,1.0498124301096512,1.1271915969041328,0.965451773901345,1.0709243926105712,100,0,1
2025.09.15,05:20:44,1.0608163529809678,1.1307722373299856,1.0567210866617514,1.081325279575281,100,0,1
2025.09.15,05:25:44,1.112955023656677,1.1856268887061228,1.0543987963734158,1.1430913475214952,100,0,1
2025.09.15,05:30:44,1.0129022709031512,1.057255660531552,0.9418643347220892,0.9719551909977554,100,0,1
2025.09.15,05:35:44,1.0300674416326017,1.0781336100935355,0.9611429219558724,1.027989012354631,100,0,1
2025.09.15,05:40:44,1.104849343437858,1.1198937474164414,1.020414285824029,1.036733517267818,100,0,1
2025.09.15,05:45:44,1.0566859768064716,1.0902989491432378,1.0104043136046104,1.0147999347597578,100,0,1
2025.09.15,05:50:44,1.003632036831797,1.0472375658772413,0.9889689112667671,1.0367411937228155,100,0,1
2025.09.15,05:55:44,0.9741951042702044,1.0205835127787901,0.9197125695212411,0.9459145785254279,100,0,1
2025.09.15,06:00:44,0.992569916885504,1.065114433591408,0.9355000834160849,1.0480167440401367,100,0,1
2025.09.15,06:05:44,1.0523150459347692,1.1099864035970382,0.9766831115809477,1.105128213391792,100,0,1
2025.09.15,06:10:44,1.004285010091449,1.0637591608842984,0.94490586729687,0.9956862876243733,100,0,1
2025.09.15,06:15:44,1.0745533147141406,1.1529473543041555,1.017195074024504,1.0326378779012064,100,0,1
2025.09.15,06:20:44,1.0864329186104165,1.1735848482168998,1.0555860611391341,1.1362343202635898,100,0,1
2025.09.15,06:25:44,1.1265151103940687,1.1817019151312027,1.055740074436106,1.1212532862207196,100,0,1
2025.09.15,06:30:44,1.134650140404033,1.1728384971481451,1.0947946132891848,1.15013391777136,100,0,1
2025.09.15,06:35:44,1.023472424282089,1.1072314616799885,0.9470859341787494,1.0031139366227557,100,0,1
2025.09.15,06:40:44,1.0471290227503995,1.0860306552010561,1.0143631768960955,1.066042356392632,100,0,1
2025.09.15,06:45:44,1.0267528829363375,1.1058415026214194,0.9858857306873533,1.0004871465881182,100,0,1
2025.09.15,06:50:44,1.00473039274018,1.0386165049273448,0.9555186898776552,0.9942041843136555,100,0,1
2025.09.15,06:55:44,1.0311567517168736,1.0803761061573423,1.0159366030340733,1.0311600963478376,100,0,1
2025.09.15,07:00:44,1.0507766147056428,1.0974464646976703,0.9858012730691151,0.9859099067514102,100,0,1
2025.09.15,07:05:44,1.1399082263256417,1.1801604559232426,1.08215270026852,1.170250641603726,100,0,1
2025.09.15,07:10:44,1.2058289298658476,1.2624889131634862,1.1547165463685605,1.1569118937503153,100,0,1
2025.09.15,07:15:44,1.2301907987167056,1.2620715836903118,1.1473266149907615,1.2473985703957433,100,0,1
2025.09.15,07:20:44,1.1897445660938828,1.2320095295853541,1.18283128448286,1.1885355419280559,100,0,1
2025.09.15,07:25:44,1.1585433517892436,1.1870593421576094,1.1444222509495017,1.1700609882419466,100,0,1
2025.09.15,07:30:44,1.1874407671163778,1.2444819890691732,1.144036568861174,1.155351137690595,100,0,1
2025.09.15,07:35:44,1.1578894836362272,1.1961234146682138,1.0695608773974252,1.1699181110706298,100,0,1
2025.09.15,07:40:44,1.1329100378670665,1.1359989425952934,1.0998789900504273,1.1273050139665401,100,0,1
2025.09.15,07:45:44,1.1111917759964716,1.1729526540013773,1.0449424954546234,1.0593568386677468,100,0,1
2025.09.15,07:50:44,1.1675286149444732,1.2502754540794692,1.1174316078926108,1.1879803035972292,100,0,1
2025.09.15,07:55:44,1.250680607724811,1.3029226273619847,1.2414261277604894,1.2625960720173393,100,0,1
2025.09.15,08:00:44,1.2565346955556989,1.3118776859157946,1.1990799421809195,1.2600365602578865,100,0,1
2025.09.15,08:05:44,1.2399089662013287,1.2946398737021063,1.1771778697297113,1.2487823545973822,100,0,1
2025.09.15,08:10:44,1.1375151931417902,1.209561397174528,1.0944363352605893,1.184335841714588,100,0,1
2025.09.15,08:15:44,1.1693025583679562,1.217354066479818,1.1142920891687544,1.197546717285101,100,0,1
2025.09.15,08:20:44,1.1277945774190117,1.1461208467778585,1.0619435104395172,1.1120031542705981,100,0,1
2025.09.15,08:25:44,1.239909486739236,1.2911361503340333,1.180310196376125,1.2248839263469682,100,0,1
2025.09.15,08:30:44,1.2540453476822404,1.302059805507314,1.2073081471964822,1.241240467928063,100,0,1
2025.09.15,08:35:44,1.1585560134684474,1.2204172999160587,1.1036334553316762,1.1644123218935116,100,0,1
2025.09.15,08:40:44,1.133690096372557,1.2041501252920923,1.0657028238099233,1.0809664386309925,100,0,1
2025.09.15,08:45:44,1.1139755404577747,1.1426498602414217,1.0654816097868096,1.0804999518246927,100,0,1
2025.09.15,08:50:44,1.1895293730662129,1.2523521121189307,1.142226423169149,1.1776022760242157,100,0,1
2025.09.15,08:55:44,1.0909508085420192,1.1409855529816877,1.0251858196861456,1.082519562411203,100,0,1
2025.09.15,09:00:44,1.0423717550138574,1.120169471844434,0.9981843194192621,1.0745039119104358,100,0,1
2025.09.15,09:05:44,1.0774007580873168,1.1389201065312773,1.0303086333749512,1.0702390613911286,100,0,1
2025.09.15,09:10:44,1.061236496545224,1.1288834614166101,1.0120033270238076,1.1058563260995928,100,0,1
2025.09.15,09:15:44,1.098474516501541,1.1768074902589563,1.0548801576834033,1.1001649213709264,100,0,1
2025.09.15,09:20:44,1.1221071173851689,1.193950653149833,1.0647595025638348,1.0837004062246327,100,0,1
2025.09.15,09:25:44,1.1854622916189284,1.2326620438314573,1.1506035702393305,1.161836164647795,100,0,1
2025.09.15,09:30:44,1.0507242279795816,1.0715920625164066,1.0099829386755552,1.0349191224763648,100,0,1
2025.09.15,09:35:44,1.0175880778156496,1.0562429223807066,0.9399149075068879,1.0477110807968277,100,0,1
2025.09.15,09:40:44,1.002292836232251,1.0449835009589372,0.9420401924583343,1.0414378239014304,100,0,1
2025.09.15,09:45:44,1.0543735917800379,1.107642526069997,0.9895183742383367,1.0983304453531335,100,0,1
2025.09.15,09:50:44,1.0076664988539472,1.083925598341868,0.9386836535590031,1.060371932091339,100,0,1
2025.09.15,09:55:44,1.0201582459924694,1.0821890410877224,0.9402076979580469,1.0247101097089883,100,0,1
2025.09.15,10:00:44,0.965771778454783,1.0170521690126735,0.9039799059528375,0.9635813074146509,100,0,1
2025.09.15,10:05:44,0.933035711970391,0.99884655462697,0.8898125891167923,0.9907752013121347,100,0,1
2025.09.15,10:10:44,0.9299232497535723,0.9770228720484264,0.8817922845385167,0.9679280358009758,100,0,1
2025.09.15,10:15:44,0.9560646354357684,0.9789505129320069,0.8992791662432881,0.9586549802432701,100,0,1
2025.09.15,10:20:44,0.9771020459632915,1.047599791050344,0.9271411921768826,0.9543223907661705,100,0,1
2025.09.15,10:25:44,1.0563346672097849,1.13826355849794,1.0090944337942036,1.034828094806495,100,0,1
2025.09.15,10:30:44,1.1251726889227924,1.1760253468638928,1.112456752385145,1.1591277324847076,100,0,1
2025.09.15,10:35:44,1.0688179703858902,1.0776576490891083,1.016108343158555,1.0361573603069276,100,0,1
2025.09.15,10:40:44,1.072811325250978,1.1171550182933339,1.0422135631718685,1.0946554790833491,100,0,1
2025.09.15,10:45:44,1.0154235562267095,1.0699721857161781,0.9626716755563179,1.0581977457339484,100,0,1
2025.09.15,10:50:44,1.1052881526522722,1.182081472790008,1.0755871988750259,1.0898178412550694,100,0,1
2025.09.15,10:55:44,1.034258194129214,1.0822942312723862,1.0103936810151095,1.0377141451156526,100,0,1
2025.09.15,11:00:44,1.0219480080665724,1.079593742425053,0.9807886076089227,1.0360925653639603,100,0,1
2025.09.15,11:05:44,1.0309082839992256,1.092255183222797,0.9682491625813066,1.0497172183770147,100,0,1
2025.09.15,11:10:44,0.9858624438858579,1.0040928014857424,0.9653372020137493,1.0022022321586963,100,0,1
2025.09.15,11:15:44,0.9390710773902682,0.9842313485483937,0.8925215214938443,0.9473204176057475,100,0,1
2025.09.15,11:20:44,0.9847203100920731,1.0127051496710768,0.9057866054639729,0.9436189677414148,100,0,1
2025.09.15,11:25:44,1.048485908643606,1.0819729208576059,1.0443229063878765,1.0583721517471658,100,0,1
2025.09.15,11:30:44,1.0884597222684556,1.107077149898624,1.0600783297574647,1.0977906713872188,100,0,1
2025.09.15,11:35:44,1.0406970517083116,1.0568341229646783,0.9817665501835585,1.0180926709697191,100,0,1
2025.09.15,11:40:44,0.9796801621857151,1.0302546638709256,0.9444435146097191,0.9930695540805146,100,0,1
2025.09.15,11:45:44,1.0457763142752516,1.1013394960465623,0.981216549541843,1.0801392310690954,100,0,1
2025.09.15,11:50:44,1.0517399635365032,1.0924471110579936,1.0015032003630608,1.0820165407079545,100,0,1
2025.09.15,11:55:44,1.061133899508761,1.1022850855205109,1.0344824143056814,1.0582267891873423,100,0,1
2025.09.15,12:00:44,1.0325363757132653,1.0847783538205422,0.9441142485092413,1.0757487900402407,100,0,1
2025.09.15,12:05:44,1.0810355958030076,1.1525486477052207,1.0525894207723236,1.1035063265622238,100,0,1
2025.09.15,12:10:44,1.1539833383414888,1.2104198978078828,1.0990313498471067,1.209335127710548,100,0,1
2025.09.15,12:15:44,1.1396064009606248,1.2008505027030958,1.0765031960667144,1.109598982035869,100,0,1
2025.09.15,12:20:44,1.1373177672464891,1.189262261631728,1.130915047273497,1.1431002853938603,100,0,1
2025.09.15,12:25:44,1.133608974325054,1.1797001366130881,1.080472617814486,1.0924412880618637,100,0,1
2025.09.15,12:30:44,1.080300568347176,1.1686602795215746,1.0261282786376436,1.1242345974623233,100,0,1
2025.09.15,12:35:44,1.1035921400300812,1.1309734336283055,1.0449430516642741,1.1258710647208359,100,0,1
2025.09.15,12:40:44,1.1071370118687445,1.1399623839854915,1.0699996783837527,1.125908643163701,100,0,1
2025.09.15,12:45:44,1.1774887302813155,1.2333456323739527,1.1033897652506806,1.1290887323527,100,0,1
2025.09.15,12:50:44,1.112162338109213,1.1649593460496375,1.031332491717988,1.0449595724844971,100,0,1
2025.09.15,12:55:44,1.134570444692667,1.175210014544575,1.0653592324226107,1.1252573163506472,100,0,1
2025.09.15,13:00:44,1.140811514727748,1.1899619898842384,1.0999602616907007,1.167188227216999,100,0,1
2025.09.15,13:05:44,1.164144312328993,1.2149308989647847,1.0887352017055605,1.1928432193300582,100,0,1
2025.09.15,13:10:44,1.2011418298143783,1.261827820063418,1.1547148971720558,1.2471699502228462,100,0,1
2025.09.15,13:15:44,1.1246845591775283,1.1594112929677851,1.088620392282917,1.0915430378739985,100,0,1
2025.09.15,13:20:44,1.1711522794796447,1.239996560779456,1.1152921001053642,1.1656216275040296,100,0,1
2025.09.15,13:25:44,1.1082976693186053,1.168411470703611,1.0460035849460123,1.0493051153103523,100,0,1
2025.09.15,13:30:44,1.1986358991531747,1.2607878487132231,1.1359016438624767,1.1699779715512162,100,0,1
2025.09.15,13:35:44,1.211786156346759,1.2566375208446798,1.171428364013889,1.2507588011377488,100,0,1
2025.09.15,13:40:44,1.2394458790339966,1.3041586243592207,1.1860818003066327,1.2117838572646766,100,0,1
2025.09.15,13:45:44,1.1564723729119462,1.1681108480222173,1.11552662042827,1.1476818211631719,100,0,1
2025.09.15,13:50:44,1.1065841552202849,1.1617635763572802,1.0467358599147023,1.050784002879727,100,0,1
2025.09.15,13:55:44,1.1174968632149838,1.1667155529013047,1.0496224323026826,1.1071780735056378,100,0,1
2025.09.15,14:00:44,1.1855437388768086,1.2393590734518793,1.1301387248656491,1.1372516853202053,100,0,1
2025.09.15,14:05:44,1.20105468140529,1.232023583285908,1.198483779579758,1.227893113626076,100,0,1
2025.09.15,14:10:44,1.158166652267516,1.192509682748528,1.1010877393813043,1.1177333370838523,100,0,1
2025.09.15,14:15:44,1.155332242766409,1.2126343088091291,1.1468788349351113,1.1646894651726785,100,0,1
2025.09.15,14:20:44,1.219865288348329,1.2515413801180986,1.1604987376165299,1.1802795417492926,100,0,1
2025.09.15,14:25:44,1.2212982250472295,1.257733076943627,1.1695844200020447,1.2362008182817354,100,0,1
2025.09.15,14:30:44,1.184053001520932,1.2361508878671938,1.1786359615775275,1.2126926997778134,100,0,1
2025.09.15,14:35:44,1.2272258754266538,1.2771641162363865,1.176662118110058,1.236570906524877,100,0,1
2025.09.15,14:40:44,1.258937026743935,1.33917323775804,1.1914018506905275,1.3114002327539758,100,0,1
2025.09.15,14:45:44,1.2150750197599223,1.2531142455079112,1.1329347894222883,1.1992093366206085,100,0,1
2025.09.15,14:50:44,1.1684768042487834,1.2280239680881342,1.1509195486962063,1.220223589545915,100,0,1
2025.09.15,14:55:44,1.1726847448042976,1.2258832973216116,1.1438787921598075,1.158010407631581,100,0,1
2025.09.15,15:00:44,1.1376250409594495,1.1769692773603138,1.0940052497374395,1.105209839776611,100,0,1
2025.09.15,15:05:44,1.1531864933628375,1.1912605061597759,1.0655970615023744,1.1193552321985805,100,0,1
2025.09.15,15:10:44,1.2094630117198273,1.2114257919959763,1.1478140067718037,1.1685205221754287,100,0,1
2025.09.15,15:15:44,1.2619492352600954,1.3253025536638472,1.235153182496762,1.2482077045052744,100,0,1
2025.09.15,15:20:44,1.1406795619956571,1.2148011531655185,1.0536175412562039,1.1340825951048543,100,0,1
2025.09.15,15:25:44,1.0633209887068942,1.1435933869838124,1.0150118622693263,1.1179917855172274,100,0,1
2025.09.15,15:30:44,1.047749544706153,1.1166362813492174,0.96784137397855,0.9917210127233678,100,0,1
2025.09.15,15:35:44,0.9092894940596424,0.989528318967142,0.8761883751384747,0.9138202257853157,100,0,1
2025.09.15,15:40:44,0.9342079402579784,1.0252613512530853,0.882581042718765,0.9196384059878662,100,0,1
2025.09.15,15:45:44,0.9216173243096326,0.9746940557432087,0.8462244655158018,0.915336355034245,100,0,1
2025.09.15,15:50:44,1.0314440922083286,1.108589600623097,0.9979538132843168,1.0494714195848183,100,0,1
2025.09.15,15:55:44,0.9341613505005988,0.979074940343594,0.868582493905122,0.9428434433918883,100,0,1
2025.09.15,16:00:44,0.9006297321112295,0.9526843429789569,0.8427747878139125,0.9238463129735698,100,0,1
2025.09.15,16:05:44,0.872426232008832,0.9244305338800267,0.8577156449497787,0.8933427158329154,100,0,1
2025.09.15,16:10:44,0.9150567919318644,0.955299827232045,0.8750903103760808,0.9113584351677444,100,0,1
2025.09.15,16:15:44,0.8789123302940778,0.9655705951100594,0.817833881049521,0.9113651573134055,100,0,1
2025.09.15,16:20:44,0.8221536944575761,0.873787697627335,0.7688394024049168,0.8154000221992997,100,0,1
2025.09.15,16:25:44,0.8161544252534346,0.8351207235788859,0.7689956642548418,0.8277512935048893,100,0,1
2025.09.15,16:30:44,0.8243247340043562,0.8793691861817412,0.7619797920550452,0.8562047412375091,100,0,1
2025.09.15,16:35:44,0.7642160653804022,0.8098812633245126,0.6923678227257806,0.79970406050853,100,0,1
2025.09.15,16:40:44,0.7795931893935878,0.8135656261272145,0.7038433920607301,0.7990869993428609,100,0,1
2025.09.15,16:45:44,0.8753782044826344,0.9488877138442203,0.842629841835242,0.8889446296055846,100,0,1
2025.09.15,16:50:44,0.85714019786401,0.9212729472713799,0.7831165990856478,0.8437772780637053,100,0,1
2025.09.15,16:55:44,0.9387570320501789,0.983231192535303,0.8998559579552978,0.957731956389276,100,0,1
2025.09.15,17:00:44,0.9026609414030113,0.9410764270522196,0.8228987285820092,0.8648842269650172,100,0,1
2025.09.15,17:05:44,0.8936238401094128,0.9273581515796275,0.8572476923406052,0.8746425114668082,100,0,1
2025.09.15,17:10:44,0.8859852436589107,0.9297918472367288,0.8478885876884465,0.9150095682774687,100,0,1
2025.09.15,17:15:44,0.9219219820860282,0.9659261647288568,0.8225105168446986,0.9644825731363647,100,0,1
2025.09.15,17:20:44,0.9168406897219143,0.9855203458680326,0.8478895011526951,0.9577196931286153,100,0,1
2025.09.15,17:25:44,0.9676322068057271,0.997657135538243,0.8897959065040794,0.9692272195010224,100,0,1
2025.09.15,17:30:44,0.9806953941828749,1.0310853271711022,0.9243336009178891,1.003170087350626,100,0,1
2025.09.15,17:35:44,0.9390057377895497,0.9947470024266111,0.9171338652572353,0.9326838296212578,100,0,1
2025.09.15,17:40:44,0.9069256020805534,0.9723299418861475,0.8803363730969119,0.9051443923313213,100,0,1
2025.09.15,17:45:44,0.8988182972175482,0.9723793685366624,0.8767390567446804,0.8979512306107743,100,0,1
2025.09.15,17:50:44,0.9426179830825822,0.9947289520100212,0.9081917872415963,0.9692285505811555,100,0,1
2025.09.15,17:55:44,0.96719579489697,1.0490576672399834,0.8929998235462032,0.9045154072199659,100,0,1
2025.09.15,18:00:44,1.00864482277399,1.0799610959724744,0.9482480075392677,0.9855181851759084,100,0,1
2025.09.15,18:05:44,0.9784508037414658,1.0370459210083676,0.9298496481958046,1.004930882542421,100,0,1
2025.09.15,18:10:44,0.9168338131653871,0.9423769949559221,0.8550051885780264,0.9358080045965245,100,0,1
2025.09.15,18:15:44,0.8878354868290617,0.951519405094027,0.8167897145356331,0.8264606441219053,100,0,1
2025.09.15,18:20:44,0.8375757115483959,0.8436767778385927,0.7747876788843008,0.8317614712575597,100,0,1
2025.09.15,18:25:44,0.8089662204651278,0.882927750860365,0.7726468298570119,0.8498976131216583,100,0,1
2025.09.15,18:30:44,0.8106086994267033,0.8558909115023704,0.7657252972051743,0.7956630528414311,100,0,1
2025.09.15,18:35:44,0.7759644583568882,0.8265231670321131,0.7046165316642539,0.8250024968498847,100,0,1
2025.09.15,18:40:44,0.7622090846746323,0.8223632959661455,0.706307921650132,0.7088655480546648,100,0,1
2025.09.15,18:45:44,0.7332464620434036,0.7769813302865376,0.6602955431886158,0.6914156317845433,100,0,1
2025.09.15,18:50:44,0.6176272454559363,0.656853017271686,0.5541972018850319,0.6133623546399607,100,0,1
2025.09.15,18:55:44,0.6276064836474031,0.653124622447177,0.545626456173294,0.56618204689219,100,0,1
2025.09.15,19:00:44,0.5690697105287995,0.5842907746730367,0.4901710253565556,0.49483177635187636,100,0,1
2025.09.15,19:05:44,0.6576780650492927,0.6979156798778157,0.6153525789279998,0.6615688335159504,100,0,1
2025.09.15,19:10:44,0.6055953300318113,0.6631616699468703,0.5152613221941736,0.5432638408929699,100,0,1
2025.09.15,19:15:44,0.5631157665777978,0.639717354726482,0.5214206780717512,0.6197324318499805,100,0,1
2025.09.15,19:20:44,0.4901751694837739,0.5552397340987659,0.4487832082969892,0.5455276403959313,100,0,1
2025.09.15,19:25:44,0.474377646540272,0.5287252869066165,0.4555212435220385,0.5082073766967139,100,0,1
2025.09.15,19:30:44,0.44035264547487074,0.47796154153752657,0.37880270143745653,0.4587458314857156,100,0,1
2025.09.15,19:35:44,0.4163326618913103,0.46057353098877074,0.3648173764853474,0.41363667038508595,100,0,1
2025.09.15,19:40:44,0.3870079675250893,0.44489913944620996,0.3747569332233927,0.4351917367993044,100,0,1
2025.09.15,19:45:44,0.3368190274090705,0.3581531465612304,0.2824351963215363,0.34901937500092445,100,0,1
2025.09.15,19:50:44,0.19547879434400614,0.26854100441147766,0.13809257453349616,0.24061316302407687,100,0,1
2025.09.15,19:55:44,0.19810919704163088,0.24379516720867822,0.15332829719319577,0.166215475000902,100,0,1
2025.09.15,20:00:44,0.27132606557189204,0.32334179308342986,0.23080417596500247,0.30852499969382974,100,0,1
2025.09.15,20:05:44,0.16525897424479274,0.22429405189000917,0.12391460799640369,0.14894593651942406,100,0,1
2025.09.15,20:10:44,0.15613585347188177,0.23165092329890424,0.10934231729393445,0.15805188211734236,100,0,1
2025.09.15,20:15:44,0.13259554849447794,0.14425323058593392,0.05867401567695456,0.0621707741967171,100,0,1
2025.09.15,20:20:44,0.11771580648906493,0.16884462091898514,0.05762413937237583,0.07232476687273841,100,0,1
2025.09.15,20:25:44,0.11091580639623842,0.12487067620416473,0.08711021489260219,0.11095213315943259,100,0,1
2025.09.15,20:30:44,0.01840243350647198,0.07858494302699083,-0.029954098745349978,0.042439978401985545,100,0,1
2025.09.15,20:35:44,-0.04042114670027309,0.03256712615268397,-0.08220446866596684,0.029888494062179582,100,0,1
2025.09.15,20:40:44,0.05066867590024031,0.07560291449598602,3.5124728705780706e-05,0.04221819111798541,100,0,1
2025.09.15,20:45:44,0.033769481025647585,0.06751621857912815,-0.016016215774658622,0.05994049603539225,100,0,1
2025.09.15,20:50:44,0.04074129043113982,0.08258216361571133,-0.0029423557045683488,0.00021068621094251679,100,0,1
2025.09.15,20:55:44,0.13143018876102797,0.17834991517015653,0.0708598068077104,0.11612887576668854,100,0,1
2025.09.15,21:00:44,0.22818097441627067,0.2689242785634886,0.1874704197311311,0.2578705657769826,100,0,1
2025.09.15,21:05:44,0.15943178433773617,0.21205937895028754,0.1252942620242142,0.17541986227679196,100,0,1
2025.09.15,21:10:44,0.07687501132303706,0.1277506066106656,0.018388525449758997,0.07080031555223038,100,0,1
2025.09.15,21:15:44,0.12419126848212404,0.18192345603812285,0.06507271354853128,0.07544926975565144,100,0,1
2025.09.15,21:20:44,0.13864657584858486,0.15130282567257985,0.1029860315592204,0.13473698474555248,100,0,1
2025.09.15,21:25:44,0.22186815156054646,0.23839587273132437,0.16884606099554367,0.22292643241215446,100,0,1
2025.09.15,21:30:44,0.3194943894948118,0.36677317639731344,0.2602201084681575,0.3513469313668812,100,0,1
2025.09.15,21:35:44,0.2936196026906841,0.34662665681667726,0.26159294389580284,0.3440223600325869,100,0,1
2025.09.15,21:40:44,0.3026114397915422,0.3382468595150596,0.27124276252186347,0.3001166183583619,100,0,1
2025.09.15,21:45:44,0.2919075708256251,0.32162736267933867,0.24203905637602613,0.255212204044348,100,0,1
2025.09.15,21:50:44,0.24308046573600067,0.2969190864907846,0.17661570798618387,0.2698557291904469,100,0,1
2025.09.15,21:55:44,0.23091910220248898,0.24873830001835356,0.17430824872221307,0.20919792558067266,100,0,1
2025.09.15,22:00:44,0.2509094937299588,0.30010383620459435,0.22649901538471312,0.2743621774698056,100,0,1
2025.09.15,22:05:44,0.26054434288808787,0.2825336826032749,0.22430090575007555,0.2547019943499942,100,0,1
2025.09.15,22:10:44,0.14028215838203195,0.2017235490831178,0.04278391735273451,0.1147091799762672,100,0,1
2025.09.15,22:15:44,0.12355813966445785,0.12377501142780598,0.07138129293669207,0.08515508958933764,100,0,1
2025.09.15,22:20:44,0.10847260928578581,0.17149249533657918,0.06589890623599226,0.15378869955407715,100,0,1
2025.09.15,22:25:44,0.16070353101380136,0.19903462257064589,0.11363672717424128,0.19611229715955797,100,0,1
2025.09.15,22:30:44,0.20511501768191778,0.27357413650948703,0.1806104455105781,0.2684809133453837,100,0,1
2025.09.15,22:35:44,0.21120277649283456,0.2662255459058814,0.14809246403492293,0.2246573575820504,100,0,1
2025.09.15,22:40:44,0.19823232129584475,0.234754171931746,0.16360834231646848,0.217402183099427,100,0,1
2025.09.15,22:45:44,0.27289135434355055,0.31081438203346035,0.2180261596352731,0.26109207258053624,100,0,1
2025.09.15,22:50:44,0.14406088805782902,0.19091567063975348,0.08492639963638263,0.09525069309865716,100,0,1
2025.09.15,22:55:44,0.27055460521418284,0.32150095185277155,0.25631094563650586,0.2834243671406338,100,0,1
2025.09.15,23:00:44,0.31290347585264855,0.37133134403877716,0.2602634839522067,0.2782644220189819,100,0,1
2025.09.15,23:05:44,0.23379109458438635,0.26912850281326983,0.1983465471701176,0.2024325129484072,100,0,1
2025.09.15,23:10:44,0.321169008864235,0.3633324080224619,0.27710421197815344,0.28999353166636577,100,0,1
2025.09.15,23:15:44,0.349508937194543,0.3965630556046003,0.30112293043261146,0.3955694203352996,100,0,1
2025.09.15,23:20:44,0.4266252989559079,0.47041789103295073,0.3924222366902532,0.40442878859431247,100,0,1
2025.09.15,23:25:44,0.3353089417126447,0.3935729832266844,0.2860266649990136,0.36702043539210083,100,0,1
2025.09.15,23:30:44,0.361680181161991,0.4275694336936111,0.32327680463812286,0.35385808513254574,100,0,1
2025.09.15,23:35:44,0.36888722863475065,0.41568646962858535,0.32905258035292817,0.3429616157782214,100,0,1
2025.09.15,23:40:44,0.34140396242626675,0.40370674589365796,0.29218337777486597,0.3264880527571526,100,0,1
2025.09.15,23:45:44,0.26881003993456176,0.31084610109415145,0.22046057101888614,0.2555961796077569,100,0,1
2025.09.15,23:50:44,0.3082205924820071,0.3686926690945997,0.26094658377634955,0.3167073344683479,100,0,1
2025.09.15,23:55:44,0.25247412822746335,0.303090014470521,0.20534571975299104,0.25772608544521086,100,0,1
2025.09.16,00:00:44,0.32860122728979313,0.359187772199596,0.2840749959282279,0.2975453418763488,100,0,1
2025.09.16,00:05:44,0.3151742684387965,0.3565972466707018,0.25869324023042184,0.3547151229727662,100,0,1
2025.09.16,00:10:44,0.22596308562871745,0.2812219998656908,0.15699725409057008,0.20543403080340977,100,0,1
2025.09.16,00:15:44,0.27177098882547657,0.3461101379881084,0.1999534210693989,0.2602305680492517,100,0,1
2025.09.16,00:20:44,0.25795429400661707,0.3456092972931333,0.19572929087552404,0.30397904758571714,100,0,1
2025.09.16,00:25:44,0.3035693749401812,0.35123941225821914,0.2899687276910103,0.29757871337422653,100,0,1
2025.09.16,00:30:44,0.34958711049440583,0.38971787332561436,0.3002028257270219,0.31945108277909295,100,0,1
2025.09.16,00:35:44,0.3771701742835493,0.4005051431356158,0.32201777437281986,0.32917375407046906,100,0,1
2025.09.16,00:40:44,0.3283044058036482,0.37636491322882404,0.27028040652430224,0.37150755454545714,100,0,1
2025.09.16,00:45:44,0.41182817482006445,0.45725941285378136,0.39396156976513846,0.4058236935547254,100,0,1
2025.09.16,00:50:44,0.41788827380938587,0.48166006439310766,0.3389914113309429,0.40084211053451885,100,0,1
2025.09.16,00:55:44,0.3780024743762122,0.4114212595601816,0.30180672664876396,0.3517224647026426,100,0,1
2025.09.16,01:00:44,0.3865895116094298,0.4412257546468674,0.2967401106655434,0.39909611521439237,100,0,1
2025.09.16,01:05:44,0.38566051956675584,0.4471963018665462,0.3410594274515607,0.3870317132158103,100,0,1
2025.09.16,01:10:44,0.39790251555509193,0.4320938955535204,0.3414462594879414,0.40711970494133054,100,0,1
2025.09.16,01:15:44,0.38754058131853614,0.4661457766197486,0.3519767191712022,0.3568979627719456,100,0,1
2025.09.16,01:20:44,0.4023537772203422,0.4302356952080669,0.3262262860068099,0.3601381697269458,100,0,1
2025.09.16,01:25:44,0.4137489712950709,0.4302332391942013,0.3801405457858985,0.418821190046205,100,0,1
2025.09.16,01:30:44,0.35639139422334426,0.41541230776698473,0.31021864323638887,0.3656639236398851,100,0,1
2025.09.16,01:35:44,0.35379340735876713,0.4439888738481754,0.29524813734856276,0.40742560331099853,100,0,1
2025.09.16,01:40:44,0.3982279353666198,0.42044849949547275,0.347835015361871,0.4202308762073801,100,0,1
2025.09.16,01:45:44,0.43374274243914795,0.5096600659886574,0.3735114943921163,0.4129243950616467,100,0,1
2025.09.16,01:50:44,0.4582803560387538,0.47459869274808114,0.4081749121735988,0.4724876518321791,100,0,1
2025.09.16,01:55:44,0.5309614659367103,0.5646421949363498,0.47536578389773265,0.5411311083465223,100,0,1
2025.09.16,02:00:44,0.5115420014220547,0.5529942628992734,0.4565537631818592,0.5447044727783739,100,0,1
2025.09.16,02:05:44,0.5844326149975755,0.6404709792149613,0.5228746790717725,0.5318309885112812,100,0,1
2025.09.16,02:10:44,0.6095384661142422,0.6628524469707219,0.557659691531071,0.5694320225424222,100,0,1
2025.09.16,02:15:44,0.6421945219125784,0.7140592994471954,0.6344014942938724,0.7095354798821853,100,0,1
2025.09.16,02:20:44,0.5974431134812798,0.6691463344497196,0.5257765985738485,0.5576536224221543,100,0,1
2025.09.16,02:25:44,0.5493814506292939,0.6110295037436873,0.490705068031677,0.5280453643913272,100,0,1
2025.09.16,02:30:44,0.5044891285902395,0.5536687925320808,0.4524920637989238,0.5326799950485847,100,0,1
2025.09.16,02:35:44,0.43736283923479263,0.5086199616555451,0.3789086111725638,0.47948928236262933,100,0,1
2025.09.16,02:40:44,0.510153316261941,0.5679687004646615,0.46948232841608006,0.5037645840181986,100,0,1
2025.09.16,02:45:44,0.5161183513024211,0.5704769461996927,0.4562705079694737,0.5260714085223178,100,0,1
2025.09.16,02:50:44,0.5747811724114213,0.6589622614481416,0.5724947115292255,0.5736192669670743,100,0,1
2025.09.16,02:55:44,0.5765878262447217,0.6032410879516352,0.5447003381506579,0.5584491829373516,100,0,1
2025.09.16,03:00:44,0.653605677318003,0.7160065407565763,0.6208665449158451,0.7122649512517543,100,0,1
2025.09.16,03:05:44,0.643546231236177,0.6910867064730928,0.5775982901322272,0.5884078592314267,100,0,1
2025.09.16,03:10:44,0.6092536757394588,0.6615923533646653,0.5558943432248845,0.6266251032601315,100,0,1
2025.09.16,03:15:44,0.5955526109973369,0.6191301196546556,0.5530911928732436,0.5742123036105309,100,0,1
2025.09.16,03:20:44,0.5418174507332375,0.5838752512401035,0.48630902730523967,0.533332448277026,100,0,1
2025.09.16,03:25:44,0.6577422609984881,0.6914948372195536,0.6077118294912653,0.6272076506127847,100,0,1
2025.09.16,03:30:44,0.6571138266716474,0.6706283487851713,0.6008313325656762,0.6222536498512541,100,0,1
2025.09.16,03:35:44,0.5776593741336301,0.6459630358529005,0.5252024778549558,0.5689352436155518,100,0,1
2025.09.16,03:40:44,0.535836247370754,0.6031524503427966,0.4695947260213416,0.5928339449489105,100,0,1
2025.09.16,03:45:44,0.5223087183235405,0.5547734287251169,0.4711231364202485,0.5239901071249945,100,0,1
2025.09.16,03:50:44,0.4812914818446858,0.5159718672519276,0.46263283665802013,0.4874917597612886,100,0,1
2025.09.16,03:55:44,0.4430261917997467,0.5029611590155767,0.3624756077224949,0.40052412443718255,100,0,1
2025.09.16,04:00:44,0.48195098844319145,0.5161942100221031,0.4151989703889995,0.4560940685319048,100,0,1
2025.09.16,04:05:44,0.48538397100077063,0.5353790480070558,0.4564837877733492,0.5051475735960778,100,0,1
2025.09.16,04:10:44,0.4878222625887715,0.5169965993469884,0.4393849174158372,0.4490753402465089,100,0,1
2025.09.16,04:15:44,0.45926888785042863,0.494690730119641,0.40656721574343196,0.4304958838343753,100,0,1
2025.09.16,04:20:44,0.47595489085259035,0.5261174546138957,0.43110171151510096,0.44347807103551173,100,0,1
2025.09.16,04:25:44,0.4590412101555992,0.4743195692600037,0.4169349936695689,0.4244932507682987,100,0,1
2025.09.16,04:30:44,0.4644812810509902,0.49752727227825594,0.39071509706021657,0.48648023528634143,100,0,1
2025.09.16,04:35:44,0.4398934092845139,0.4772407891761681,0.393372966379536,0.4125230817441641,100,0,1
2025.09.16,04:40:44,0.47193145153434485,0.5257271187321533,0.40971117193906664,0.41935712470734127,100,0,1
2025.09.16,04:45:44,0.4172705018296196,0.47265402393614114,0.39229244887251624,0.4438897766516314,100,0,1
2025.09.16,04:50:44,0.4428900598775752,0.4948721463470979,0.3901203985990592,0.48339265776069296,100,0,1
2025.09.16,04:55:44,0.3795301813965843,0.41914847553529466,0.33416897595446504,0.3654498252338873,100,0,1
2025.09.16,05:00:44,0.4157593587042553,0.5073030921554587,0.3307035639150083,0.3321317260041667,100,0,1
2025.09.16,05:05:44,0.38197456542459973,0.47321213934322415,0.3450193904873856,0.3619677699796539,100,0,1
2025.09.16,05:10:44,0.49666019400622674,0.5308443791936645,0.40452672772486997,0.45711387612878235,100,0,1
2025.09.16,05:15:44,0.4379216101916371,0.48072940436053463,0.39391746364408137,0.4279880181467201,100,0,1
2025.09.16,05:20:44,0.473311092778602,0.5116768565618005,0.4164492357339483,0.4551870722776623,100,0,1
2025.09.16,05:25:44,0.4154773192503569,0.4377015863657133,0.36565407051368837,0.4256161552583051,100,0,1
2025.09.16,05:30:44,0.4221349401235314,0.42263616339605903,0.38611611668929746,0.4185710172584405,100,0,1
2025.09.16,05:35:44,0.2881797431417483,0.3270236849576746,0.2669497295876103,0.27677179660512113,100,0,1
2025.09.16,05:40:44,0.2673080582863529,0.2994132608880367,0.25010651799010736,0.28290804856933516,100,0,1
2025.09.16,05:45:44,0.25420907552979954,0.31362999613596354,0.21051450072028285,0.23597350414525226,100,0,1
2025.09.16,05:50:44,0.29708818022462846,0.36448378027944434,0.23288589935500376,0.23921679677255067,100,0,1
2025.09.16,05:55:44,0.3196097647317355,0.34492236905775336,0.25397568028208584,0.2592100600533294,100,0,1
2025.09.16,06:00:44,0.3247408143337707,0.38201594941265565,0.2855708547711388,0.3647415888179386,100,0,1
2025.09.16,06:05:44,0.323833856647232,0.37902601153161986,0.30998229494660445,0.37429959056096984,100,0,1
2025.09.16,06:10:44,0.3517494572429134,0.3820050189554516,0.2547968073750827,0.2563172950003537,100,0,1
2025.09.16,06:15:44,0.36894932412537157,0.4241005381131481,0.3290289567524785,0.37234665883010015,100,0,1
2025.09.16,06:20:44,0.38186467173795513,0.4263915200529793,0.32910182945822186,0.33944398572479334,100,0,1
2025.09.16,06:25:44,0.4779235718637563,0.5102452814810069,0.4388975821097548,0.4509869502326047,100,0,1
2025.09.16,06:30:44,0.4386623633332396,0.4728467768815641,0.3871996765664126,0.40136148162610347,100,0,1
2025.09.16,06:35:44,0.531161708258913,0.5768622147060094,0.45757033567865746,0.499891390782149,100,0,1
2025.09.16,06:40:44,0.4162210307290048,0.4726676706901563,0.3439885937307788,0.37655417347762926,100,0,1
2025.09.16,06:45:44,0.4173841862234238,0.4723255480653328,0.3935044500624535,0.4634949647910218,100,0,1
2025.09.16,06:50:44,0.4621589949380648,0.5164259211346742,0.4178840859404055,0.48140815695629674,100,0,1
2025.09.16,06:55:44,0.5288995731500034,0.5437643193478966,0.5011636102558018,0.5028458591662239,100,0,1
2025.09.16,07:00:44,0.5387005598373826,0.5810981800003835,0.5087108907133676,0.5562617042369565,100,0,1
2025.09.16,07:05:44,0.5701211793170251,0.6222311856089588,0.523829494075343,0.6134537784620764,100,0,1
2025.09.16,07:10:44,0.523277124675652,0.5596730727592261,0.4753992801180195,0.5219678935444682,100,0,1
2025.09.16,07:15:44,0.5016695857451897,0.5294962850479881,0.4260439867159492,0.49715234790884855,100,0,1
2025.09.16,07:20:44,0.46860034755321767,0.48148442752052856,0.4091944987537462,0.4721491698056692,100,0,1
2025.09.16,07:25:44,0.4808335904349445,0.5427080511097003,0.4724513382619922,0.5095787087019238,100,0,1
2025.09.16,07:30:44,0.44969002965476684,0.534549533804648,0.4011792334527433,0.435247343832468,100,0,1
2025.09.16,07:35:44,0.39895174587541893,0.43366317101786056,0.33855573008820605,0.4137928918484979,100,0,1
2025.09.16,07:40:44,0.3657412092419411,0.41717051714620335,0.29835656852484593,0.4022615143143079,100,0,1
2025.09.16,07:45:44,0.34616197791596426,0.38312786985558195,0.28295156030590574,0.38046773077443946,100,0,1
2025.09.16,07:50:44,0.3978616012201308,0.40987853948993713,0.3224583602317342,0.3791369666407119,100,0,1
2025.09.16,07:55:44,0.43246540028140895,0.511056375244662,0.4062502864736335,0.49037326587027497,100,0,1
2025.09.16,08:00:44,0.49156252244639603,0.5312528787178341,0.42076094347807524,0.49696071715155193,100,0,1
2025.09.16,08:05:44,0.42356075633927504,0.4893400079768696,0.3706147658311845,0.43695701255204056,100,0,1
2025.09.16,08:10:44,0.49642570787104334,0.5349168970640019,0.4237829830669012,0.48347320275664635,100,0,1
2025.09.16,08:15:44,0.44714881672367446,0.47084964426250486,0.40300543850022746,0.4404878576163125,100,0,1
2025.09.16,08:20:44,0.39681060802664453,0.44582816171006934,0.3088210320653577,0.35604661819169825,100,0,1
2025.09.16,08:25:44,0.4279572754176759,0.4904547858626104,0.37299597976225346,0.43206808989232853,100,0,1
2025.09.16,08:30:44,0.47788649413240153,0.5355323570709971,0.41994225125810014,0.5192377204962721,100,0,1
2025.09.16,08:35:44,0.4870222783290522,0.5653049589077189,0.44030751891568176,0.5397463199336556,100,0,1
2025.09.16,08:40:44,0.5049111504397374,0.5607883257867612,0.43556768873368823,0.4652505635207446,100,0,1
2025.09.16,08:45:44,0.40665315447956396,0.4364845491117471,0.40515650957417354,0.4173699034664815,100,0,1
2025.09.16,08:50:44,0.4189494158910852,0.4877962688968719,0.40775807323667057,0.4206590207376353,100,0,1
2025.09.16,08:55:44,0.4465112973360355,0.4968120680524356,0.4215572241733453,0.4786277428338855,100,0,1
2025.09.16,09:00:44,0.4335557529195233,0.4930276270107811,0.36356789915377397,0.4672232992149369,100,0,1
2025.09.16,09:05:44,0.4374649769132746,0.5226458756024706,0.3718795075203677,0.5110859071346533,100,0,1
2025.09.16,09:10:44,0.3704548342534107,0.37565895090358437,0.29694526936279064,0.34661572020549536,100,0,1
2025.09.16,09:15:44,0.40898642025489984,0.4696390369114052,0.3478755072637757,0.38161341566992013,100,0,1
2025.09.16,09:20:44,0.3672436490533919,0.4176734533656978,0.35052792498540875,0.3955915782375767,100,0,1
2025.09.16,09:25:44,0.377542300630075,0.44045017299256545,0.34762513386807004,0.3758094361456939,100,0,1
2025.09.16,09:30:44,0.3419331091940208,0.42346224590494524,0.30563713922005953,0.3363512822294535,100,0,1
2025.09.16,09:35:44,0.3576063400674842,0.39560111754944394,0.305420119059293,0.3643964038261276,100,0,1
2025.09.16,09:40:44,0.35160503846772934,0.382868300815232,0.3249045655892874,0.3662304706608104,100,0,1
2025.09.16,09:45:44,0.3209675115409956,0.389035036622257,0.2693076053155254,0.2853405982943989,100,0,1
2025.09.16,09:50:44,0.3657398761689714,0.39994953769080216,0.2981001413497213,0.34996491726313106,100,0,1
2025.09.16,09:55:44,0.25075214944391777,0.30336768354712773,0.18922592126353138,0.2783420920453671,100,0,1
2025.09.16,10:00:44,0.18499063145310485,0.23674700007964644,0.13814469031937948,0.23512407609015928,100,0,1
2025.09.16,10:05:44,0.15486301306280795,0.20190101416359818,0.11662103234216725,0.12867267055209775,100,0,1
2025.09.16,10:10:44,0.1434261601524784,0.21014070005362673,0.08942830127626678,0.13438590389232163,100,0,1
2025.09.16,10:15:44,0.11777512694769239,0.1469734035721261,0.04062406240559591,0.11506852915020417,100,0,1
2025.09.16,10:20:44,0.1282146815445806,0.16365549050628495,0.07787822950149711,0.10011973517825246,100,0,1
2025.09.16,10:25:44,0.13239698000541886,0.20842058543038336,0.058845350789483344,0.19730111603853023,100,0,1
2025.09.16,10:30:44,0.08158586013648138,0.18618613991407074,0.05529864659718492,0.12689272461044082,100,0,1
2025.09.16,10:35:44,-0.01810033470325045,0.029689494464047627,-0.05478192250216317,-0.007473935419078349,100,0,1
2025.09.16,10:40:44,-0.07915081645925742,0.002945273811432156,-0.11922852928153983,-0.0673746381877434,100,0,1
2025.09.16,10:45:44,-0.04431171444721108,0.006537856659371087,-0.14696850305695447,-0.006785978231265782,100,0,1
2025.09.16,10:50:44,-0.0351608751617912,0.008593681844546779,-0.06670071551061067,-0.04216085939550657,100,0,1
2025.09.16,10:55:44,-0.022426604780373185,0.023582168933721462,-0.0718231627742438,-0.013465437643664119,100,0,1
2025.09.16,11:00:44,-0.06243112207465364,-0.025470770321369546,-0.06973000405344258,-0.04544947963003275,100,0,1
2025.09.16,11:05:44,-0.05349339875969268,-0.00326267831874074,-0.10803985103266092,-0.06100619128394953,100,0,1
2025.09.16,11:10:44,-0.06519605666546965,-0.0066901505187149796,-0.11378302825137854,-0.08657542780235011,100,0,1
2025.09.16,11:15:44,-0.027061685737488957,0.0002970954365906567,-0.09064035471362969,-0.06352836229569275,100,0,1
2025.09.16,11:20:44,-0.008580357546763385,0.08603980640076993,-0.07123778466609708,-0.07006007054797994,100,0,1
2025.09.16,11:25:44,0.01019564526577173,0.07535951357998535,-0.0381132090023749,0.022621219464185757,100,0,1
2025.09.16,11:30:44,0.029126503497856237,0.07351019712537239,-0.015264762668403358,0.07104634652669177,100,0,1
2025.09.16,11:35:44,0.024495114923760403,0.0760186557696255,-0.05250036831211659,0.02491259055419702,100,0,1
2025.09.16,11:40:44,-0.024019925438852455,0.06012526514381661,-0.07711391057977235,0.044934274892915765,100,0,1
2025.09.16,11:45:44,-0.019725765578978212,0.016432489151346208,-0.06935930529498013,-0.0064982706416775865,100,0,1
2025.09.16,11:50:44,-0.031449334724918766,0.026971928913319794,-0.10662777718581362,-0.02858688326038067,100,0,1
2025.09.16,11:55:44,0.04665043910245945,0.12003690211376097,0.014531502751545085,0.08945142277573126,100,0,1
2025.09.16,12:00:44,0.03872264288056184,0.11532891198801173,-0.012982606380778597,0.07528293718323886,100,0,1
2025.09.16,12:05:44,0.11315716086752933,0.13168004965814512,0.06078813854277522,0.09105405012905399,100,0,1
2025.09.16,12:10:44,0.0785515713826393,0.11261290147441763,0.05582160676722424,0.059963042965993155,100,0,1
2025.09.16,12:15:44,0.05633642243771465,0.12212319503479228,0.009348892580550737,0.06162394594189964,100,0,1
2025.09.16,12:20:44,0.05118750958288727,0.08000288108095677,-0.007683628962642741,0.017696511370834462,100,0,1
2025.09.16,12:25:44,0.16244328588555357,0.17605269140394886,0.11001086378127506,0.1332625372537819,100,0,1
2025.09.16,12:30:44,0.18403776939930266,0.24577985024080629,0.12113629043332255,0.18756752252650394,100,0,1
2025.09.16,12:35:44,0.20987951622415021,0.2800700662359902,0.16642159892762184,0.2404623631132997,100,0,1
2025.09.16,12:40:44,0.22013478033414893,0.3204186096077941,0.16322825546520642,0.24829261643612047,100,0,1
2025.09.16,12:45:44,0.1780527049892751,0.2039152890794332,0.1387425608776026,0.18671733799200863,100,0,1
2025.09.16,12:50:44,0.2120331151753549,0.24941298880222232,0.16361926537123747,0.23610473914223523,100,0,1
2025.09.16,12:55:44,0.2389883247019941,0.2975711691190277,0.1987660307303762,0.21338416249334635,100,0,1
2025.09.16,13:00:44,0.17905747383235696,0.22285934864765844,0.15151564931019745,0.16321432470566516,100,0,1
2025.09.16,13:05:44,0.18853082631791077,0.2345632563612126,0.12192147534987735,0.21860554920286518,100,0,1
2025.09.16,13:10:44,0.15648074762909567,0.20992457262558853,0.13215510252033916,0.19170168878025465,100,0,1
2025.09.16,13:15:44,0.02362913863002508,0.07760814583307696,-0.0319619872293148,-0.005087412974909868,100,0,1
2025.09.16,13:20:44,-0.04320731380972143,0.012965888161315713,-0.09424307400451892,-0.07975576693914865,100,0,1
2025.09.16,13:25:44,0.006293141660789239,0.04263756422223005,-0.042918813746219815,0.020043150219387802,100,0,1
2025.09.16,13:30:44,0.07099392150965911,0.13805144239592743,-0.013526871507187593,0.09597037355643272,100,0,1
2025.09.16,13:35:44,0.016882282792905115,0.09223390067815602,-0.06090068203455494,-0.011420650528021527,100,0,1
2025.09.16,13:40:44,-0.0008005064826731466,0.0712005806939426,-0.07465795916652132,-0.027618889465205902,100,0,1
2025.09.16,13:45:44,0.03765331033781542,0.0821314492878166,0.03262126228126938,0.07932272601334008,100,0,1
2025.09.16,13:50:44,0.06544590100537385,0.09300544988119971,0.05411632653540785,0.08050628953149343,100,0,1
2025.09.16,13:55:44,0.0014963476803913113,0.074489170128509,-0.019965728985785226,0.07311684358081896,100,0,1
2025.09.16,14:00:44,-0.009131331190653484,0.016195585587128747,-0.07345985725635543,-0.06335274884618403,100,0,1
2025.09.16,14:05:44,-0.06266374265826621,-0.014444818622922607,-0.09351997260435807,-0.06933828778635466,100,0,1
2025.09.16,14:10:44,-0.06452026098791142,-0.034870263002205075,-0.09374865359340759,-0.03644476431917546,100,0,1
2025.09.16,14:15:44,-0.12155084366882407,-0.0489560197393757,-0.18905240629345857,-0.15883713733708232,100,0,1
2025.09.16,14:20:44,-0.07340947520486585,-0.03436489677255638,-0.12061764163505473,-0.0672970229998999,100,0,1
2025.09.16,14:25:44,-0.06023489209100773,-0.02898749057148108,-0.10620536745899915,-0.038543482650729224,100,0,1
2025.09.16,14:30:44,-0.11875343505297523,-0.0055991027184161685,-0.17378861488710023,-0.07110014005247896,100,0,1
2025.09.16,14:35:44,-0.08523002265164284,0.003227234095759174,-0.1634082740244145,-0.03831287358641883,100,0,1
2025.09.16,14:40:44,-0.17304551762677622,-0.11593793919213036,-0.2586297026095775,-0.16053800739023566,100,0,1
2025.09.16,14:45:44,-0.20861240777668552,-0.15303348982353088,-0.28063524546645313,-0.21284749586193707,100,0,1
2025.09.16,14:50:44,-0.18561181681926361,-0.12662044524984267,-0.24657512054038316,-0.1353005828820339,100,0,1
2025.09.16,14:55:44,-0.27123406000870415,-0.22259843876179408,-0.3053820844299479,-0.22842054921828767,100,0,1
2025.09.16,15:00:44,-0.27867794204977436,-0.22914203473827466,-0.33973689212104785,-0.23846361168147068,100,0,1
2025.09.16,15:05:44,-0.32961616043190745,-0.29583416046674454,-0.41250033790046436,-0.3097206020548009,100,0,1
2025.09.16,15:10:44,-0.34873533319265765,-0.28775837554717776,-0.4001031525273294,-0.39475642445561604,100,0,1
2025.09.16,15:15:44,-0.3472843509516017,-0.276042625382179,-0.3798193049401014,-0.30256801262120014,100,0,1
2025.09.16,15:20:44,-0.32200500002932847,-0.307563360308045,-0.36763284360693005,-0.32128455956005764,100,0,1
2025.09.16,15:25:44,-0.2864838984032661,-0.215359918784029,-0.34723074509322505,-0.22710561527935078,100,0,1
2025.09.16,15:30:44,-0.23296166877761923,-0.17590086719909762,-0.298813819915807,-0.19895223252643346,100,0,1
2025.09.16,15:35:44,-0.24381757806463444,-0.20006609560949684,-0.2786535494958683,-0.233938775312464,100,0,1
2025.09.16,15:40:44,-0.23467755584731825,-0.15024471228860575,-0.3265588335131604,-0.2064246100782378,100,0,1
2025.09.16,15:45:44,-0.18702443132773158,-0.13222730047980974,-0.24655818375898075,-0.13410365040457806,100,0,1
2025.09.16,15:50:44,-0.16876514503678966,-0.1263206896137209,-0.2305348108114052,-0.13745409840898548,100,0,1
2025.09.16,15:55:44,-0.21652147579763573,-0.149471539346873,-0.27666909160757824,-0.1735172079878622,100,0,1
2025.09.16,16:00:44,-0.20191346856324988,-0.17137484990411755,-0.2736631921108812,-0.24475870013057566,100,0,1
2025.09.16,16:05:44,-0.10025453379733437,-0.06208510033444786,-0.13080484137790255,-0.12033538160391208,100,0,1
2025.09.16,16:10:44,-0.14093242336428902,-0.1165787511360481,-0.19240449809294335,-0.17796517991266025,100,0,1
2025.09.16,16:15:44,-0.24466449952074984,-0.20071370819237358,-0.3046497918264499,-0.2982369737391917,100,0,1
2025.09.16,16:20:44,-0.2129436233055764,-0.1842979674951533,-0.2626694601166118,-0.20203992416751002,100,0,1
2025.09.16,16:25:44,-0.16411174438655965,-0.13192992791002517,-0.22448285095880363,-0.1876625711130271,100,0,1
2025.09.16,16:30:44,-0.1473868603435521,-0.1241032943977815,-0.2004717626399667,-0.13546190219271553,100,0,1
2025.09.16,16:35:44,-0.1969598348759214,-0.11278429078313923,-0.24066460670991424,-0.2216559904245537,100,0,1
2025.09.16,16:40:44,-0.14238759705149853,-0.1308526267479795,-0.2180592961533728,-0.18545590450058946,100,0,1
2025.09.16,16:45:44,-0.11738644101600021,-0.06114073124080467,-0.16921470310093767,-0.09593434393059046,100,0,1
2025.09.16,16:50:44,-0.013743783148358078,0.0444695122640384,-0.06231703777129103,-0.02942219401131605,100,0,1
2025.09.16,16:55:44,0.06432259461978931,0.09711491302146942,0.054367292827303515,0.08710827682075895,100,0,1
2025.09.16,17:00:44,0.11211772342444769,0.12608196332037988,0.08720912554143476,0.11271608199052208,100,0,1
2025.09.16,17:05:44,0.11489852039024391,0.17853431480058418,0.0564535784513826,0.057138324852173336,100,0,1
2025.09.16,17:10:44,0.09359275945688604,0.1497220787575088,0.051647282182200965,0.13909057875806824,100,0,1
2025.09.16,17:15:44,0.1721239510556617,0.22332334319583566,0.14530506989267092,0.20181582406314405,100,0,1
2025.09.16,17:20:44,0.17072281270047623,0.21942128628562543,0.12517049175493788,0.16106508368108816,100,0,1
2025.09.16,17:25:44,0.285537749374173,0.35122754466501815,0.25988490910357204,0.34414326583450533,100,0,1
2025.09.16,17:30:44,0.21987347022112447,0.254721183135317,0.14828601138985817,0.16668024511168913,100,0,1
2025.09.16,17:35:44,0.355980965839343,0.3920082550412689,0.32104621322924437,0.37391862723651076,100,0,1
2025.09.16,17:40:44,0.2603641776947362,0.30871840169428905,0.19742350317538968,0.20795078682024032,100,0,1
2025.09.16,17:45:44,0.24326346135948632,0.2997845266604561,0.1819293283986405,0.18621353035954383,100,0,1
2025.09.16,17:50:44,0.20311149297320324,0.2456122059697387,0.13470923311920938,0.2179241248127478,100,0,1
2025.09.16,17:55:44,0.2628086914520329,0.33322021323983697,0.19730246582361527,0.31743852494409996,100,0,1
2025.09.16,18:00:44,0.31873238145644334,0.3506300652213904,0.2652034490826942,0.3423166622242675,100,0,1
2025.09.16,18:05:44,0.3038280275069235,0.36444622763243306,0.26645151514356535,0.3036168815979048,100,0,1
2025.09.16,18:10:44,0.2865623896731355,0.3712123971280896,0.22661971292481337,0.31786260980759345,100,0,1
2025.09.16,18:15:44,0.3580790771966389,0.4066745239994655,0.30810337003372484,0.3891325783153309,100,0,1
2025.09.16,18:20:44,0.32540458692609014,0.37389268711293355,0.2782656539698602,0.30920100810545476,100,0,1
2025.09.16,18:25:44,0.27362602309205764,0.30127837925640627,0.25320222676983795,0.29016125363200396,100,0,1
2025.09.16,18:30:44,0.3558786413801104,0.396057547239684,0.30869680520485354,0.3514171761640343,100,0,1
2025.09.16,18:35:44,0.3625795356071965,0.41152665745149275,0.3297416422954662,0.4037070214386208,100,0,1
2025.09.16,18:40:44,0.26860911720699265,0.329833097962138,0.2157596884687626,0.3292480750143454,100,0,1
2025.09.16,18:45:44,0.29413591036673065,0.31858842787766867,0.2474847351962648,0.2491846649234618,100,0,1
2025.09.16,18:50:44,0.2535012047588163,0.3208002443462054,0.20545801325941132,0.2783872661037678,100,0,1
2025.09.16,18:55:44,0.25823228347434307,0.3045029613606496,0.22115997804688442,0.2874100850393897,100,0,1
2025.09.16,19:00:44,0.1843245565925484,0.24930265065337315,0.12321714585053063,0.20109574394514296,100,0,1
2025.09.16,19:05:44,0.2392113273374772,0.26950028501766,0.20116802900789615,0.21855486821005227,100,0,1
2025.09.16,19:10:44,0.191836360327926,0.2645103736494739,0.13211137826369362,0.19202334993867676,100,0,1
2025.09.16,19:15:44,0.3125345775037733,0.40219990528264427,0.28297689536650594,0.3645153322026928,100,0,1
2025.09.16,19:20:44,0.27859140455879305,0.3290712588243804,0.24564106505455124,0.31921122701369764,100,0,1
2025.09.16,19:25:44,0.3560224931740553,0.3846861988545066,0.3206670902871229,0.3267002429502379,100,0,1
2025.09.16,19:30:44,0.31447342497214886,0.38862654968781585,0.30456973801124193,0.38426872105734233,100,0,1
2025.09.16,19:35:44,0.19419262316356128,0.22502636964588152,0.16182786088962603,0.2081307345525215,100,0,1
2025.09.16,19:40:44,0.10781834597645254,0.18434597467195424,0.05551016977304256,0.13407449082710915,100,0,1
2025.09.16,19:45:44,0.18699202631382772,0.23705167336407568,0.12822308331073162,0.18335005410192096,100,0,1
2025.09.16,19:50:44,0.19580011882339143,0.25356514748910886,0.13805418657574153,0.21333867772015908,100,0,1
2025.09.16,19:55:44,0.1829690728199032,0.2230797032581569,0.11662530457477686,0.1905369825742747,100,0,1
2025.09.16,20:00:44,0.17016137497766867,0.24599909213409565,0.14398630631078893,0.21673298699856164,100,0,1
2025.09.16,20:05:44,0.1792733532785711,0.23138025349924204,0.12836637441043933,0.18127668585221343,100,0,1
2025.09.16,20:10:44,0.14138227366757466,0.1625538914889784,0.08767307477143375,0.1160259218009327,100,0,1
2025.09.16,20:15:44,0.12198786957890115,0.15706035739010293,0.07241010824413417,0.13615254651096212,100,0,1
2025.09.16,20:20:44,0.08135061782616682,0.10344642024114162,0.037326979086956744,0.07994005865907691,100,0,1
2025.09.16,20:25:44,0.06463542045120989,0.14037600641888015,0.018834631372291653,0.04764117022355138,100,0,1
2025.09.16,20:30:44,0.12108907983098983,0.20709447111760965,0.08073592497207867,0.1327823033818304,100,0,1
2025.09.16,20:35:44,0.10783146633224513,0.16541653475143653,0.051220094700642003,0.14889580913935,100,0,1
2025.09.16,20:40:44,0.14973563730655584,0.19224343912524558,0.13618070903055168,0.1622027661340727,100,0,1
2025.09.16,20:45:44,0.1201483731533412,0.18887860334484752,0.060458877471625934,0.09907756467632915,100,0,1
2025.09.16,20:50:44,0.14489132364784735,0.18402012685789884,0.1207067524943988,0.13740064807765284,100,0,1
2025.09.16,20:55:44,0.22694302394303223,0.2767686297750498,0.18845543282551563,0.19087932967072768,100,0,1
2025.09.16,21:00:44,0.21783236579254972,0.26959927687020163,0.1677814053721752,0.2523845068680258,100,0,1
2025.09.16,21:05:44,0.24123491880229134,0.2659047205919965,0.2011994754558628,0.2577829915564447,100,0,1
2025.09.16,21:10:44,0.20023761214096478,0.23742432218122328,0.15915949104871552,0.2107278445742145,100,0,1
2025.09.16,21:15:44,0.3578813345416896,0.42346724147466996,0.30324876453766136,0.34564026399203895,100,0,1
2025.09.16,21:20:44,0.2911367723880701,0.36623891516594237,0.21987776934524025,0.31797586994667004,100,0,1
2025.09.16,21:25:44,0.31606280977603746,0.36427139268504566,0.2321567100288677,0.24361357165030692,100,0,1
2025.09.16,21:30:44,0.38431748271637123,0.42642542630202285,0.3304237724425856,0.3402179151173612,100,0,1
2025.09.16,21:35:44,0.3570889850828392,0.3734142399343779,0.3148059612866421,0.3581514316401264,100,0,1
2025.09.16,21:40:44,0.29476158420991666,0.36264432801637414,0.23662521943775064,0.31172549830292573,100,0,1
2025.09.16,21:45:44,0.2844643110142796,0.3154705624002827,0.23919883679777437,0.2537008264279898,100,0,1
2025.09.16,21:50:44,0.33226457363977335,0.3844025014675174,0.2653873472832894,0.3096627799907645,100,0,1
2025.09.16,21:55:44,0.3017749948867354,0.3334059264824131,0.22867833924323838,0.31371698340554066,100,0,1
2025.09.16,22:00:44,0.3224209608949804,0.39751345997030507,0.3016201362841053,0.38944064419596913,100,0,1
2025.09.16,22:05:44,0.3391576773585877,0.384066837074155,0.2925440032279504,0.3170553552631924,100,0,1
2025.09.16,22:10:44,0.2678564656361756,0.32047925755409545,0.23086938916966332,0.24129750571029734,100,0,1
2025.09.16,22:15:44,0.22790574108918776,0.31522979141339136,0.1798195643435211,0.22775978887107054,100,0,1
2025.09.16,22:20:44,0.24963657732181915,0.2878898386205489,0.2261904477777995,0.2869839219637317,100,0,1
2025.09.16,22:25:44,0.19715323443877697,0.24845488131824184,0.15049117200997025,0.24324357377226882,100,0,1
2025.09.16,22:30:44,0.2450477214096422,0.2925241769046491,0.2100508925799059,0.2830103303992948,100,0,1
2025.09.16,22:35:44,0.28654963699200975,0.3671574209513745,0.24905432749608603,0.34643109985594,100,0,1
2025.09.16,22:40:44,0.2848677293805559,0.33250020767323163,0.2182533313140625,0.2992225784089567,100,0,1
2025.09.16,22:45:44,0.2599388122384765,0.30834210934943174,0.19647215421256728,0.2854566187766252,100,0,1
2025.09.16,22:50:44,0.3209873485193001,0.37387595673465435,0.2656223820897904,0.3269459589744856,100,0,1
2025.09.16,22:55:44,0.3277353741887938,0.36883110605714803,0.28072279669029415,0.31330244387798045,100,0,1
2025.09.16,23:00:44,0.30632955956166474,0.335235578749079,0.24813603213101865,0.26043721340583853,100,0,1
2025.09.16,23:05:44,0.3042684963593241,0.3417444493523873,0.2912808235867808,0.30878225015961924,100,0,1
2025.09.16,23:10:44,0.3266752131082192,0.3858361253675067,0.2539137812481071,0.3275211376086062,100,0,1
2025.09.16,23:15:44,0.3073044879555373,0.3873015902440422,0.2270764840815006,0.23838444124835242,100,0,1
2025.09.16,23:20:44,0.23989069455679043,0.26573443291248844,0.17986852348274862,0.23322726105632133,100,0,1
2025.09.16,23:25:44,0.280093876641368,0.2964398036188157,0.1993425090569364,0.21557737713997857,100,0,1
2025.09.16,23:30:44,0.26511012843947473,0.2967351766202843,0.21517797512349945,0.24323683376271144,100,0,1
2025.09.16,23:35:44,0.30892464752941584,0.3239301830439009,0.28175735245493205,0.2956522983667007,100,0,1
2025.09.16,23:40:44,0.25519164657925714,0.34097268705421324,0.2092121955909721,0.22212416457031406,100,0,1
2025.09.16,23:45:44,0.21843078141202552,0.30465076281968556,0.1503253867351695,0.2550431478774358,100,0,1
2025.09.16,23:50:44,0.3100844007580309,0.3671080209840071,0.2445714937464697,0.3133923967116667,100,0,1
2025.09.16,23:55:44,0.28257359038978447,0.36408784112755144,0.23404820241400331,0.32502911239521504,100,0,1
2025.09.17,00:00:44,0.24986897641514885,0.30357065997683713,0.19673090264528145,0.25682850889610553,100,0,1
2025.09.17,00:05:44,0.2309632965254088,0.2826889253214488,0.1747742431822968,0.20818962021408605,100,0,1
2025.09.17,00:10:44,0.3060002662469308,0.36999463658572557,0.2698629393674548,0.2875505138602529,100,0,1
2025.09.17,00:15:44,0.2825087675720728,0.30015898602065133,0.2507342819178379,0.28321167386122215,100,0,1
2025.09.17,00:20:44,0.24657610273769692,0.2889012097107073,0.22304214266567005,0.2775593768780986,100,0,1
2025.09.17,00:25:44,0.34241814994455533,0.4167729239383329,0.27105032041803856,0.39879465576324885,100,0,1
2025.09.17,00:30:44,0.30674549891831754,0.3670247353652376,0.25226319171527783,0.2706835664552159,100,0,1
2025.09.17,00:35:44,0.28808167046671335,0.3704435730507035,0.24075653650687778,0.32643206049670875,100,0,1
2025.09.17,00:40:44,0.24795557974987756,0.30084388309547466,0.17567893358332948,0.29660967075417805,100,0,1
2025.09.17,00:45:44,0.2221812663236442,0.3218833611789294,0.22092669110742105,0.26655748581318095,100,0,1
2025.09.17,00:50:44,0.20074776331993868,0.27580711439723493,0.19663641409802826,0.26969896134603305,100,0,1
2025.09.17,00:55:44,0.17719708479842075,0.23513206001882958,0.11354952465187303,0.21912696708283885,100,0,1
2025.09.17,01:00:44,0.1516585099479079,0.18228612833405425,0.10746073148889894,0.18194175821268072,100,0,1
2025.09.17,01:05:44,0.12631562668192423,0.1891810410341585,0.08298551671015618,0.18599768098928515,100,0,1
2025.09.17,01:10:44,0.15146754746365726,0.20533959758672865,0.09077157194956459,0.13210587704940743,100,0,1
2025.09.17,01:15:44,0.09494524546889262,0.16984305286827722,0.06990293007352412,0.11146125723342537,100,0,1
2025.09.17,01:20:44,0.1306872971405752,0.2011668723898813,0.07190217186536758,0.16042566919606993,100,0,1
2025.09.17,01:25:44,0.06207102954484634,0.1340488774870388,0.01663757468508411,0.11235026940113596,100,0,1
2025.09.17,01:30:44,0.006968205127418064,0.06853219784695799,-0.01623198469806532,0.049238909216974894,100,0,1
2025.09.17,01:35:44,-0.08382916311670308,-0.020633784919982648,-0.12450247131675697,-0.06371293500481487,100,0,1
2025.09.17,01:40:44,-0.0882107329540275,-0.023536224687269916,-0.1789306874504651,-0.0942119165770381,100,0,1
2025.09.17,01:45:44,-0.19220889346026487,-0.15118332387381364,-0.23257878303609142,-0.17308476223382688,100,0,1
2025.09.17,01:50:44,-0.1337841312533524,-0.04160857788626253,-0.20445031336689412,-0.057929048465048816,100,0,1
2025.09.17,01:55:44,-0.19645738422253292,-0.13408216814383306,-0.21343728077586804,-0.20605906785357786,100,0,1
2025.09.17,02:00:44,-0.2919592016981534,-0.23324330551988157,-0.3336410279197545,-0.2990247571438975,100,0,1
2025.09.17,02:05:44,-0.2624738763771557,-0.21757185898833098,-0.3421978184898906,-0.29821882944679556,100,0,1
2025.09.17,02:10:44,-0.26116261901606563,-0.23349479977844373,-0.29346601489184804,-0.2440662919953698,100,0,1
2025.09.17,02:15:44,-0.27359244943999744,-0.2329113532837303,-0.3281865574399018,-0.2981237584943382,100,0,1
2025.09.17,02:20:44,-0.27216353464216003,-0.16973475584176437,-0.3554713218112683,-0.1893988282083831,100,0,1
2025.09.17,02:25:44,-0.24035409835441252,-0.20881544696405763,-0.28480485328810906,-0.21497709074540555,100,0,1
2025.09.17,02:30:44,-0.2948440113441661,-0.269400635972622,-0.3652550179457122,-0.27227401731854994,100,0,1
2025.09.17,02:35:44,-0.33618369957202,-0.26448050465998313,-0.35946081909372585,-0.2874299542856549,100,0,1
2025.09.17,02:40:44,-0.35487395207475736,-0.3363081945849356,-0.36885746824912824,-0.33985850411734614,100,0,1
2025.09.17,02:45:44,-0.36822088452160795,-0.3151753093304898,-0.43197985401519745,-0.34620722106031687,100,0,1
2025.09.17,02:50:44,-0.39923654517398033,-0.31906424269285116,-0.46840655300577555,-0.35525306194449435,100,0,1
2025.09.17,02:55:44,-0.44562201163975135,-0.38398719872619397,-0.504310706764951,-0.3976875378023733,100,0,1
2025.09.17,03:00:44,-0.4239351841244473,-0.341419813796796,-0.473446405505287,-0.444669904239022,100,0,1
2025.09.17,03:05:44,-0.3344364184410029,-0.24638201118625475,-0.39464449233296284,-0.3755495774344794,100,0,1
2025.09.17,03:10:44,-0.2975282505748362,-0.20111228139300855,-0.3136595939381454,-0.2763932744498615,100,0,1
2025.09.17,03:15:44,-0.23770380880176067,-0.19527390824758623,-0.2955814552570494,-0.26721712366225453,100,0,1
2025.09.17,03:20:44,-0.28550049108638176,-0.22605783335056642,-0.3695092487943672,-0.35062005406903896,100,0,1
2025.09.17,03:25:44,-0.2836965171069603,-0.25777130487167216,-0.32496485859689817,-0.2795035133079882,100,0,1
2025.09.17,03:30:44,-0.3060763714438474,-0.23865358643679574,-0.37289225527035125,-0.27885044064881803,100,0,1
2025.09.17,03:35:44,-0.35695600058765276,-0.2898250707143122,-0.4076817402574221,-0.330688241286396,100,0,1
2025.09.17,03:40:44,-0.40580152377347156,-0.33390883834997565,-0.4613209020736394,-0.36737915538075483,100,0,1
2025.09.17,03:45:44,-0.4722393533550395,-0.4093688840448153,-0.5288097719180398,-0.5142093164564124,100,0,1
2025.09.17,03:50:44,-0.424323645809478,-0.35623994594043784,-0.45956738287573445,-0.3855897307666104,100,0,1
2025.09.17,03:55:44,-0.49758838259931226,-0.43551887055285776,-0.583428498405523,-0.4942049298622011,100,0,1
2025.09.17,04:00:44,-0.5266485046034824,-0.46463617273451446,-0.5730476440868146,-0.47038626418359053,100,0,1
2025.09.17,04:05:44,-0.503730227095291,-0.41744186730489746,-0.5457054501389312,-0.5237428544888854,100,0,1
2025.09.17,04:10:44,-0.49463320568879504,-0.4558952292744759,-0.5549011265154387,-0.5420877730306847,100,0,1
2025.09.17,04:15:44,-0.5573994549951033,-0.5148218715246514,-0.5969721350918772,-0.5206285824475507,100,0,1
2025.09.17,04:20:44,-0.542954173655325,-0.46008655344239896,-0.5908651063760011,-0.5008249232632438,100,0,1
2025.09.17,04:25:44,-0.5724151164367015,-0.5235225833474781,-0.6168973267729609,-0.6154103700235014,100,0,1
2025.09.17,04:30:44,-0.6004643468053851,-0.5367625785197729,-0.6846788527807859,-0.6748354825202082,100,0,1
2025.09.17,04:35:44,-0.6221727258483197,-0.5865835176025356,-0.6540909179669899,-0.6124276502352438,100,0,1
2025.09.17,04:40:44,-0.5805165625802042,-0.5091286184489061,-0.6402444938709397,-0.5882417042237164,100,0,1
2025.09.17,04:45:44,-0.4980875683559231,-0.48539115142333017,-0.5922549974309324,-0.5584185041952795,100,0,1
2025.09.17,04:50:44,-0.5282097478938775,-0.502308128481028,-0.567797244232272,-0.5676140894696914,100,0,1
2025.09.17,04:55:44,-0.5133059458989078,-0.4752976248737763,-0.5626957194902057,-0.5068899158717908,100,0,1
2025.09.17,05:00:44,-0.5894702605280537,-0.516510943291732,-0.6935017444253514,-0.689826757628826,100,0,1
2025.09.17,05:05:44,-0.556168390420417,-0.5196892548495269,-0.5871697099625003,-0.5806195578298821,100,0,1
2025.09.17,05:10:44,-0.5426029623985612,-0.5035679332126967,-0.5531613078693032,-0.5172991780276701,100,0,1
2025.09.17,05:15:44,-0.5840408483237325,-0.5369639417624879,-0.660658054854379,-0.5669015244207267,100,0,1
2025.09.17,05:20:44,-0.5019000239219902,-0.4777498119594691,-0.5649201003807958,-0.49928914169338806,100,0,1
2025.09.17,05:25:44,-0.4862042215035196,-0.41517960878021576,-0.5024810656176362,-0.468633580087908,100,0,1
2025.09.17,05:30:44,-0.5864024746279332,-0.5398925604819438,-0.6364411658686845,-0.6246723270827512,100,0,1
2025.09.17,05:35:44,-0.5634420660548201,-0.5246941037539395,-0.6227871063966985,-0.583392266251538,100,0,1
2025.09.17,05:40:44,-0.5284115985315593,-0.49267406762429306,-0.6046328248968352,-0.571685659567875,100,0,1
2025.09.17,05:45:44,-0.4895862140414402,-0.4091725146234745,-0.5175921960797556,-0.4232897474769497,100,0,1
2025.09.17,05:50:44,-0.49510312577677856,-0.43906520035290586,-0.5502172418847022,-0.5103989387026301,100,0,1
2025.09.17,05:55:44,-0.5687766934442832,-0.5231014223650159,-0.6036564574306549,-0.550025269922736,100,0,1
2025.09.17,06:00:44,-0.6516007100032153,-0.5936879677644746,-0.7243054136479915,-0.6149195656128846,100,0,1
2025.09.17,06:05:44,-0.7196132061853086,-0.6723757985235727,-0.8009301890262229,-0.734306127051611,100,0,1
2025.09.17,06:10:44,-0.7042341381179649,-0.662889415132875,-0.7750228935010532,-0.7459340691365578,100,0,1
2025.09.17,06:15:44,-0.7417156698613994,-0.6991453218911071,-0.800552775243836,-0.7115053870451952,100,0,1
2025.09.17,06:20:44,-0.7034212820737334,-0.64408324485144,-0.7453118269433607,-0.6862678249758628,100,0,1
2025.09.17,06:25:44,-0.6520789546275576,-0.6084826584794696,-0.6918037386942562,-0.666822943386494,100,0,1
2025.09.17,06:30:44,-0.6031626114782492,-0.569525278603722,-0.6991128408605288,-0.6501926081192844,100,0,1
2025.09.17,06:35:44,-0.5840734203613407,-0.5161663226219759,-0.6500378509241638,-0.6078960322245649,100,0,1
2025.09.17,06:40:44,-0.5365524210143546,-0.49695204416985866,-0.597146919372212,-0.5809192919155971,100,0,1
2025.09.17,06:45:44,-0.532557747084741,-0.4383839790918048,-0.5901386275733536,-0.45478814977107385,100,0,1
2025.09.17,06:50:44,-0.5951418639240175,-0.5405805855470398,-0.6585549563463382,-0.60880798180533,100,0,1
2025.09.17,06:55:44,-0.5856414534177188,-0.5209624923352288,-0.6463889546875159,-0.5657392480629919,100,0,1
2025.09.17,07:00:44,-0.494806569127775,-0.47253928556213165,-0.5085414472036153,-0.48654983573423133,100,0,1
2025.09.17,07:05:44,-0.5463858426073919,-0.46944497302501415,-0.6187064057075701,-0.5836398627614581,100,0,1
2025.09.17,07:10:44,-0.5691005523581304,-0.5449960892559109,-0.6059077562717177,-0.5893364347171492,100,0,1
2025.09.17,07:15:44,-0.6129621775283622,-0.5924461400135541,-0.6882218424779835,-0.6865877848770755,100,0,1
2025.09.17,07:20:44,-0.6101480642734882,-0.5366563935592428,-0.6397635335571583,-0.574493853862876,100,0,1
2025.09.17,07:25:44,-0.55235976838691,-0.5213193847952489,-0.6034468169030055,-0.5885123795383442,100,0,1
2025.09.17,07:30:44,-0.5393712560548187,-0.4545992411938069,-0.6384156008458111,-0.5450672843334698,100,0,1
2025.09.17,07:35:44,-0.5802563918060812,-0.5256405830447156,-0.6144825290170078,-0.6138379974820712,100,0,1
2025.09.17,07:40:44,-0.5485890147446356,-0.510284387495329,-0.5976231110276546,-0.5690365882195566,100,0,1
2025.09.17,07:45:44,-0.468220890057816,-0.4210738994435719,-0.5184206874454156,-0.47690813432296414,100,0,1
2025.09.17,07:50:44,-0.43023131959910754,-0.39176023752373634,-0.45098970729189947,-0.446706778679314,100,0,1
2025.09.17,07:55:44,-0.3886202438715468,-0.3425323599697031,-0.4191239167795049,-0.34482876009268437,100,0,1
2025.09.17,08:00:44,-0.3906119548617968,-0.3592567973196784,-0.47676679567588465,-0.41615569789042217,100,0,1
2025.09.17,08:05:44,-0.48637265898079407,-0.4251023624274519,-0.5346421847081068,-0.4448185722418269,100,0,1
2025.09.17,08:10:44,-0.43925337674500026,-0.4163245131608961,-0.48717667785606855,-0.4400610937326884,100,0,1
2025.09.17,08:15:44,-0.4741092131265142,-0.41855167861004067,-0.49424946503079303,-0.42917190413550577,100,0,1
2025.09.17,08:20:44,-0.47628144755784996,-0.4435637089616893,-0.5070094383338011,-0.450870007447435,100,0,1
2025.09.17,08:25:44,-0.45427924605546144,-0.43322523583750316,-0.46139154432860363,-0.4386393468446051,100,0,1
2025.09.17,08:30:44,-0.46878909550341846,-0.3580053066844723,-0.5485183435420851,-0.4766047950834143,100,0,1
2025.09.17,08:35:44,-0.4723153911488585,-0.45259093559786784,-0.518569655364086,-0.4764763669620723,100,0,1
2025.09.17,08:40:44,-0.4497613838233503,-0.42032515054377095,-0.5159812492343907,-0.43341302706985446,100,0,1
2025.09.17,08:45:44,-0.480013344281758,-0.4497661111055461,-0.5259853934283458,-0.4966270665414456,100,0,1
2025.09.17,08:50:44,-0.49646426013044287,-0.4603626645251727,-0.5585803836163238,-0.4941509241355861,100,0,1
2025.09.17,08:55:44,-0.44647428723437815,-0.4177703940809364,-0.48060952513176486,-0.4559717828343519,100,0,1
2025.09.17,09:00:44,-0.46359921568265217,-0.41153883435763916,-0.49080551551055973,-0.4720956086853308,100,0,1
2025.09.17,09:05:44,-0.48506920510398965,-0.4249136655794784,-0.5156372026438804,-0.45572953663167165,100,0,1
2025.09.17,09:10:44,-0.5479413898324859,-0.504068262782659,-0.6108180907182289,-0.5749411490355849,100,0,1
2025.09.17,09:15:44,-0.6180634454856713,-0.5552991980834974,-0.6808059740125668,-0.6229553276045872,100,0,1
2025.09.17,09:20:44,-0.6185913158689235,-0.5617867961114115,-0.6728374272769632,-0.6004479448833548,100,0,1
2025.09.17,09:25:44,-0.5894032206256953,-0.5301642997936113,-0.649688781126227,-0.5789102590293163,100,0,1
2025.09.17,09:30:44,-0.5632757264096173,-0.5278188539739661,-0.642720791274058,-0.5693216238174404,100,0,1
2025.09.17,09:35:44,-0.5388967695528001,-0.4783101324004417,-0.6271713888983599,-0.4936052645106438,100,0,1
2025.09.17,09:40:44,-0.5572784844339578,-0.525174197561507,-0.6080582110872027,-0.5309174993236258,100,0,1
2025.09.17,09:45:44,-0.5023576705274675,-0.42532439365705543,-0.5752916322434882,-0.4684228721815148,100,0,1
2025.09.17,09:50:44,-0.5118707668496232,-0.4591029658807957,-0.5797568041131426,-0.5060783933294739,100,0,1
2025.09.17,09:55:44,-0.48673173079633164,-0.41723472261041633,-0.5567213695541688,-0.502193899521283,100,0,1
2025.09.17,10:00:44,-0.45590266394952184,-0.44720205244441397,-0.5372529343488509,-0.48045092692770897,100,0,1
2025.09.17,10:05:44,-0.4501487487734016,-0.3738034181560431,-0.47028988230688024,-0.3743778144614363,100,0,1
2025.09.17,10:10:44,-0.4453352146241285,-0.3627363215975235,-0.5107978505633526,-0.462332963082926,100,0,1
2025.09.17,10:15:44,-0.4791284652007836,-0.43293076843451067,-0.5095970161887583,-0.49500890309835344,100,0,1
2025.09.17,10:20:44,-0.41941660575856693,-0.38393375980582833,-0.46270720453623465,-0.38470567798132205,100,0,1
2025.09.17,10:25:44,-0.3637427156450477,-0.3146338782494541,-0.41724805771402435,-0.4125244072657218,100,0,1
2025.09.17,10:30:44,-0.3413799810652764,-0.2989656252950396,-0.367290632958231,-0.30868339092087804,100,0,1
2025.09.17,10:35:44,-0.3694194006397599,-0.31515903467468054,-0.37190557781484956,-0.33588305791534395,100,0,1
2025.09.17,10:40:44,-0.36911295151716056,-0.33592233986595615,-0.4400603334621718,-0.40892975637518103,100,0,1
2025.09.17,10:45:44,-0.41060825283135977,-0.34904589035269074,-0.44789319025989716,-0.40780828585573353,100,0,1
2025.09.17,10:50:44,-0.3347451920197926,-0.2823967863567307,-0.4282898041277366,-0.31711239954071085,100,0,1
2025.09.17,10:55:44,-0.30443602227986766,-0.23778487839521523,-0.3423295267525983,-0.32534443026989024,100,0,1
2025.09.17,11:00:44,-0.28667691629199693,-0.19101592415820093,-0.3439543932670912,-0.22346924021383757,100,0,1
2025.09.17,11:05:44,-0.2743505277424048,-0.21292802416418627,-0.32184397379581997,-0.2721791716068165,100,0,1
2025.09.17,11:10:44,-0.2445752879140433,-0.19556835973880066,-0.26292485061411053,-0.25809050835644326,100,0,1
2025.09.17,11:15:44,-0.2524151144822512,-0.20549149591093932,-0.3104355020216836,-0.2354525741537853,100,0,1
2025.09.17,11:20:44,-0.23451982420209752,-0.1971486066814984,-0.273310971669556,-0.2688053600607438,100,0,1
2025.09.17,11:25:44,-0.2879140217946145,-0.23303191456340905,-0.36234239115811484,-0.33648323390060164,100,0,1
2025.09.17,11:30:44,-0.2877069492699393,-0.2547265125058009,-0.34047613073150684,-0.26870299695864136,100,0,1
2025.09.17,11:35:44,-0.3466099833460127,-0.3104011920903271,-0.42027343730135946,-0.31847525872406407,100,0,1
2025.09.17,11:40:44,-0.29440543392813406,-0.20437934225003837,-0.3634125194174687,-0.3457079120176341,100,0,1
2025.09.17,11:45:44,-0.27164682852947786,-0.2350042479439998,-0.3619741862265975,-0.26406073488506887,100,0,1
2025.09.17,11:50:44,-0.2726774919342221,-0.20175475354705855,-0.28178021596139413,-0.24792341893361225,100,0,1
2025.09.17,11:55:44,-0.25739757781249195,-0.19449357707636117,-0.30904546426202917,-0.27895906461589687,100,0,1
2025.09.17,12:00:44,-0.197752024546148,-0.1827095024025252,-0.23710314279084288,-0.21836058805914252,100,0,1
2025.09.17,12:05:44,-0.13748722771210198,-0.08170257282594676,-0.21809715149248096,-0.08555942580048104,100,0,1
2025.09.17,12:10:44,-0.22243461406671164,-0.15168031649046287,-0.27611919202903096,-0.24209475766766325,100,0,1
2025.09.17,12:15:44,-0.2019354106946727,-0.13635515616196636,-0.2473526273357241,-0.2358440770912911,100,0,1
2025.09.17,12:20:44,-0.3264616952251615,-0.2628082292565277,-0.3849422453724699,-0.3048348336255989,100,0,1
2025.09.17,12:25:44,-0.29661851315769067,-0.2448835805033596,-0.36194285973954293,-0.2724146112667171,100,0,1
2025.09.17,12:30:44,-0.1869031804569926,-0.11217552106868783,-0.2495475580615536,-0.2483907124876583,100,0,1
2025.09.17,12:35:44,-0.18346037292296055,-0.13618482505746032,-0.20870199637304013,-0.20420880261461466,100,0,1
2025.09.17,12:40:44,-0.14921249711924595,-0.07196123481356265,-0.18071608178229762,-0.13409913357944397,100,0,1
2025.09.17,12:45:44,-0.07966352456086183,-0.03395639030591502,-0.13721167337832554,-0.061613905255183454,100,0,1
2025.09.17,12:50:44,-0.03528618571259727,0.02669786724945053,-0.0359925702652726,0.024369573022435503,100,0,1
2025.09.17,12:55:44,0.017779567306013253,0.0727448010899603,-0.04821144093024987,-0.006926719948468711,100,0,1
2025.09.17,13:00:44,0.08701475740916985,0.13678329179100393,0.043631768474419394,0.07859412935056784,100,0,1
2025.09.17,13:05:44,0.04997131574220827,0.06542343901986858,0.004077034875735831,0.019694332585694762,100,0,1
2025.09.17,13:10:44,0.02562824019988958,0.07586398102281283,-0.006558065444314774,0.0018268804190350284,100,0,1
2025.09.17,13:15:44,-0.016654835693671252,0.04633794384251523,-0.04990017585007575,0.009731381196313095,100,0,1
2025.09.17,13:20:44,-0.06781577797754611,-0.04184019889203468,-0.08826715796441728,-0.0717383327066701,100,0,1
2025.09.17,13:25:44,-0.07218088887383159,-0.03126952757938646,-0.12209261456593125,-0.05406522517391531,100,0,1
2025.09.17,13:30:44,-0.05328132937448278,-0.03900864436970135,-0.09363067405705902,-0.07219635893024932,100,0,1
2025.09.17,13:35:44,-0.038139776639077624,-0.004745931939064994,-0.05928007878508408,-0.015377133721364684,100,0,1
2025.09.17,13:40:44,-0.0035272125743846016,0.07893627637948764,-0.046937183433941584,-0.0009768864383887521,100,0,1
2025.09.17,13:45:44,0.02915722310298441,0.06014218703712515,-0.012466575384467174,0.013817018033412735,100,0,1
2025.09.17,13:50:44,-0.004157002639666579,0.07059679905248514,-0.07844852833448969,-0.034495968814721154,100,0,1
2025.09.17,13:55:44,-0.06019831766911698,0.01274482265879346,-0.09548665412975403,-0.05728910838069292,100,0,1
2025.09.17,14:00:44,-0.11939387464442448,-0.07714688023743779,-0.14777108854283857,-0.09075654410270263,100,0,1
2025.09.17,14:05:44,-0.1351492628869019,-0.07197091671779382,-0.18286434287055725,-0.18192536750137747,100,0,1
2025.09.17,14:10:44,-0.12169214002597821,-0.06524773842051909,-0.15231006765909716,-0.08052826755751762,100,0,1
2025.09.17,14:15:44,-0.12999731320851451,-0.06920579354540589,-0.20405843455670258,-0.13537106873797178,100,0,1
2025.09.17,14:20:44,-0.169958145882588,-0.10469855929596639,-0.2368117364879168,-0.18063075075938356,100,0,1
2025.09.17,14:25:44,-0.1693625920847622,-0.1336724529360786,-0.21430000968996374,-0.18727334430078652,100,0,1
2025.09.17,14:30:44,-0.15488125788517995,-0.11507733076934923,-0.22873989246646126,-0.15941541679556928,100,0,1
2025.09.17,14:35:44,-0.09163646760962704,-0.05180254877011477,-0.15999920236410187,-0.10720368216364026,100,0,1
2025.09.17,14:40:44,-0.03449829461456392,0.03477473758433031,-0.07627944912087498,-0.029698405407042293,100,0,1
2025.09.17,14:45:44,0.015503743590264043,0.036785352253147593,-0.03667231464380674,-0.03451312990134968,100,0,1
2025.09.17,14:50:44,0.055388004563605604,0.06144124742542773,0.009528220870731414,0.0335408704944713,100,0,1
2025.09.17,14:55:44,0.12267439312662898,0.1763640090317479,0.05146826876025638,0.11593443318204334,100,0,1
2025.09.17,15:00:44,0.15508309219059682,0.20287088739866432,0.03724552329790522,0.18461240486859687,100,0,1
2025.09.17,15:05:44,0.18313986747049493,0.19844711010456392,0.10131531230643354,0.1695928231829008,100,0,1
2025.09.17,15:10:44,0.17146108646085706,0.22962582912682822,0.15176451444241942,0.18449356098477063,100,0,1
2025.09.17,15:15:44,0.17612249938362434,0.2470937300331169,0.14796173975006185,0.2184373020525337,100,0,1
2025.09.17,15:20:44,0.08718872946277051,0.15834803524528202,0.039784291142605926,0.11302026074110082,100,0,1
2025.09.17,15:25:44,0.10906651341516294,0.16830714894828125,0.06937404587326751,0.08526570928540124,100,0,1
2025.09.17,15:30:44,-0.011997275933096614,0.024398240944627225,-0.022094122939250303,-0.012268404405867067,100,0,1
2025.09.17,15:35:44,0.016482942373454816,0.054483731952552295,-0.014450667512229065,0.013771216881828866,100,0,1
2025.09.17,15:40:44,-0.07217785532909074,-0.06747709012682368,-0.11771400046536226,-0.1102038021693033,100,0,1
2025.09.17,15:45:44,-0.10553262949120877,-0.05484288583058224,-0.17189157356343937,-0.06246577379652575,100,0,1
2025.09.17,15:50:44,-0.07908075066069743,-0.005264852816782031,-0.1256294549015885,-0.0659869695342396,100,0,1
2025.09.17,15:55:44,-0.09974348513899534,-0.044812210307753036,-0.13419199404094562,-0.11506954414092366,100,0,1
2025.09.17,16:00:44,-0.07306740710139685,-0.022046849122015523,-0.09252318865907252,-0.055049782529512536,100,0,1
2025.09.17,16:05:44,-0.12132452365861875,-0.06477206768670951,-0.15147866463908438,-0.08966533636145654,100,0,1
2025.09.17,16:10:44,-0.10305926639344963,-0.06537080326515621,-0.16257744097303617,-0.15039373783259166,100,0,1
2025.09.17,16:15:44,-0.041314654138515566,-0.0038979714264220575,-0.09397587655532255,-0.05879082336139335,100,0,1
2025.09.17,16:20:44,-0.07253099270905106,-0.009573410251449768,-0.12952958438231402,-0.09816393829881165,100,0,1
2025.09.17,16:25:44,0.045377379909998516,0.07717595468993996,0.012267457012982125,0.06101064545036286,100,0,1
2025.09.17,16:30:44,0.11059934941770516,0.1385687894259014,0.08311188717315582,0.11451925077656774,100,0,1
2025.09.17,16:35:44,-0.015938682762130018,0.052525634128445006,-0.07322445056109217,-0.07036509998580259,100,0,1
2025.09.17,16:40:44,-0.05064970995695368,0.013468787176565154,-0.12113579529468405,-0.06533016268919713,100,0,1
2025.09.17,16:45:44,-0.13918439102639066,-0.11517924241824337,-0.20632682312137685,-0.14681572881998983,100,0,1
2025.09.17,16:50:44,-0.2025339134127975,-0.17648067086930308,-0.26912586491167273,-0.22202955193460625,100,0,1
2025.09.17,16:55:44,-0.250079281087858,-0.18741731242742002,-0.2510600568627267,-0.21634389407690868,100,0,1
2025.09.17,17:00:44,-0.16112918703574922,-0.1137223232993237,-0.18245415141860466,-0.11976707948775667,100,0,1
2025.09.17,17:05:44,-0.1834566093912657,-0.1226570686743406,-0.27297128385743485,-0.21130254877810678,100,0,1
2025.09.17,17:10:44,-0.15730429174119817,-0.07773824586346872,-0.19471048803135632,-0.14399198649856418,100,0,1
2025.09.17,17:15:44,-0.15163720868367023,-0.09068090701035111,-0.24519843874656477,-0.12937008124693056,100,0,1
2025.09.17,17:20:44,-0.17304364697940183,-0.17102225058836867,-0.22214605791773168,-0.1890117569880715,100,0,1
2025.09.17,17:25:44,-0.243094649467768,-0.18868185711363422,-0.28742146881255337,-0.21941224405948562,100,0,1
2025.09.17,17:30:44,-0.22707405588118168,-0.19788838410799128,-0.2708532806599754,-0.2313483783073114,100,0,1
2025.09.17,17:35:44,-0.22609894461021132,-0.156874832841027,-0.2684349647201152,-0.24541223762658018,100,0,1
2025.09.17,17:40:44,-0.16165444968090936,-0.08996341365357699,-0.21422704253868552,-0.09966360307975139,100,0,1
2025.09.17,17:45:44,-0.1540586045665832,-0.09537773065618044,-0.1988630046255196,-0.13446108377654054,100,0,1
2025.09.17,17:50:44,-0.10952579159264138,-0.07798018979602274,-0.1681793448444776,-0.09285861427225486,100,0,1
2025.09.17,17:55:44,-0.15763939762515317,-0.13210724501052598,-0.21564489380646815,-0.15891764428013883,100,0,1
2025.09.17,18:00:44,-0.09313016351888123,-0.057707123606859284,-0.12454850033651867,-0.060676310317308704,100,0,1
2025.09.17,18:05:44,-0.06058830604360158,-0.03148836514650266,-0.09582829736372571,-0.03713293417915314,100,0,1
2025.09.17,18:10:44,-0.07404225190964892,0.007769655891108285,-0.1004600405749181,-0.03753578129768981,100,0,1
2025.09.17,18:15:44,-0.08087533933471655,-0.020639103387801797,-0.10279874300337563,-0.024984604253329004,100,0,1
2025.09.17,18:20:44,-0.08088192620418602,-0.0005578332035449662,-0.12382282762694743,-0.10042701990184903,100,0,1
2025.09.17,18:25:44,-0.17982852543927336,-0.15193685991147665,-0.20911960612565653,-0.18724575729594006,100,0,1
2025.09.17,18:30:44,-0.1695054249327556,-0.15006554658717816,-0.211372125138845,-0.2056169406829273,100,0,1
2025.09.17,18:35:44,-0.08267799655725146,-0.03656301048631367,-0.11004774944461203,-0.049968299517681544,100,0,1
2025.09.17,18:40:44,-0.15129121105668897,-0.09894856730083618,-0.2132028697151455,-0.18661928058787633,100,0,1
2025.09.17,18:45:44,-0.06072165569005816,-0.033634357373911766,-0.06760953973563563,-0.03480798314082063,100,0,1
2025.09.17,18:50:44,-0.09586076157744304,-0.024483901303489194,-0.1372680947047918,-0.136922975915527,100,0,1
2025.09.17,18:55:44,-0.0648669051024198,-0.009174446124183715,-0.130396396065491,-0.08681753548194299,100,0,1
2025.09.17,19:00:44,-0.060843609343075665,0.0016566824434890229,-0.1107966250561675,-0.06856521951302026,100,0,1
2025.09.17,19:05:44,-0.09100381794422491,0.000436473525659703,-0.11900985881729506,-0.008257500219312486,100,0,1
2025.09.17,19:10:44,-0.0742978056621082,-0.039519385631164146,-0.13137140691288238,-0.10977997685668772,100,0,1
2025.09.17,19:15:44,-0.09596037006946254,-0.02907670680429557,-0.13970673442480186,-0.07114355084227969,100,0,1
2025.09.17,19:20:44,-0.19058913029343763,-0.14128627272722818,-0.23806371088552974,-0.16232105197782448,100,0,1
2025.09.17,19:25:44,-0.0777010567063734,-0.05066388264937514,-0.14523483690158429,-0.09437933680802334,100,0,1
2025.09.17,19:30:44,-0.1794904448663176,-0.14631275496575813,-0.25955173781403557,-0.17619615488589338,100,0,1
2025.09.17,19:35:44,-0.177969991754898,-0.11201628497158041,-0.20628010067051192,-0.12608664420227336,100,0,1
2025.09.17,19:40:44,-0.12171679113288583,-0.08996465264898182,-0.16975000394802786,-0.1163975873179655,100,0,1
2025.09.17,19:45:44,-0.23347237611691385,-0.1419138577919174,-0.2763139460932988,-0.16556978066263198,100,0,1
2025.09.17,19:50:44,-0.2298546081732445,-0.16675200242084243,-0.2719677929478349,-0.18675885278632426,100,0,1
2025.09.17,19:55:44,-0.30948499463514173,-0.23746567227267423,-0.34041827309319606,-0.2825921029166115,100,0,1
2025.09.17,20:00:44,-0.29178437469439295,-0.22805031179339802,-0.3640183420109564,-0.285783618787483,100,0,1
2025.09.17,20:05:44,-0.218452986450777,-0.15896984226332267,-0.2553454789888137,-0.2307552295130202,100,0,1
2025.09.17,20:10:44,-0.20085793311037572,-0.11537529191188836,-0.22930381388579998,-0.1665930845050938,100,0,1
2025.09.17,20:15:44,-0.17572644306399812,-0.13620014060952307,-0.22840309133697115,-0.1878448905934898,100,0,1
2025.09.17,20:20:44,-0.1493240821333253,-0.14081219456298152,-0.21318781145753962,-0.1832674365219826,100,0,1
2025.09.17,20:25:44,-0.12025106766415439,-0.05386898891693112,-0.1561423329239477,-0.07383574270031373,100,0,1
2025.09.17,20:30:44,-0.08735577093459115,-0.018126771080019075,-0.13492417044189528,-0.039622174953047415,100,0,1
2025.09.17,20:35:44,-0.08331644607019612,-0.04758839287939383,-0.16877572936572358,-0.11914879693328755,100,0,1
2025.09.17,20:40:44,-0.11561688978230343,-0.0440816606115743,-0.19033742714330262,-0.04925482826747957,100,0,1
2025.09.17,20:45:44,-0.042075743794449054,0.015410864821550553,-0.10272469388733727,-0.08655671035802766,100,0,1
2025.09.17,20:50:44,0.0033271279884206453,0.05705968400851972,-0.0640037727596728,0.027182783909290312,100,0,1
2025.09.17,20:55:44,-0.08984880471406588,-0.016308637960333508,-0.1248256188208905,-0.016564330054462284,100,0,1
2025.09.17,21:00:44,-0.10687774959900641,-0.057952769898212554,-0.16405660504622835,-0.062056506515920706,100,0,1
2025.09.17,21:05:44,-0.045022743804570296,-0.0009608733630751612,-0.0992169544358114,-0.056205825794487095,100,0,1
2025.09.17,21:10:44,0.002871313051272896,0.0625774264610397,-0.02324230881415394,0.016762037733582386,100,0,1
2025.09.17,21:15:44,-0.11064503799299444,-0.03640686817503225,-0.18326613722137225,-0.18288852426932403,100,0,1
2025.09.17,21:20:44,-0.06495681980189456,0.005137745593493004,-0.13500557377143102,-0.03221680014414198,100,0,1
2025.09.17,21:25:44,-0.10198440751974712,-0.05039537693504457,-0.1439352135208948,-0.13156133570918618,100,0,1
2025.09.17,21:30:44,-0.05070334907005111,-0.02752405937475056,-0.1152260944474997,-0.09862235881087118,100,0,1
2025.09.17,21:35:44,0.10181643466369947,0.18343671368729328,0.04432806224454808,0.12454208191153683,100,0,1
2025.09.17,21:40:44,0.14717936352892988,0.15287114826260464,0.09031899513302212,0.14871978560296464,100,0,1
2025.09.17,21:45:44,0.14240307697812618,0.21102507728599912,0.07822778886725512,0.13739211160328474,100,0,1
2025.09.17,21:50:44,0.1885949011703793,0.23230483460874085,0.1497451936525804,0.22672035183108086,100,0,1
2025.09.17,21:55:44,0.3288738172763219,0.39115721186945407,0.30103335627024574,0.37136848793041427,100,0,1
2025.09.17,22:00:44,0.36443429587203285,0.4132184563185101,0.31784629198021386,0.35449620702605406,100,0,1
2025.09.17,22:05:44,0.2174422939400059,0.2995492562473006,0.17806868519046265,0.22975383165455493,100,0,1
2025.09.17,22:10:44,0.28586514769518434,0.3230467824965755,0.22374496181327896,0.24795542057747885,100,0,1
2025.09.17,22:15:44,0.3127386295733934,0.38404325825982316,0.2802394805526974,0.3319631749729323,100,0,1
2025.09.17,22:20:44,0.26742088768515676,0.33281915045611543,0.22441948202375894,0.301884709193691,100,0,1
2025.09.17,22:25:44,0.18712020512259184,0.23556653201885008,0.13131695586999287,0.23015105057765742,100,0,1
2025.09.17,22:30:44,0.2038229842107132,0.2398381549131658,0.15001984203775667,0.19558759919847513,100,0,1
2025.09.17,22:35:44,0.26719167440630953,0.3127482413379538,0.23721917638286732,0.2757204945598033,100,0,1
2025.09.17,22:40:44,0.30766753270785285,0.32700275803870904,0.23148806197101707,0.310724089506526,100,0,1
2025.09.17,22:45:44,0.3377777335593904,0.38483096180148363,0.3275395749091739,0.3809934157771011,100,0,1
2025.09.17,22:50:44,0.45992267475761855,0.5397200928124114,0.39703241186909677,0.5096817568983076,100,0,1
2025.09.17,22:55:44,0.4585875488127889,0.5371518205028883,0.41935500851570745,0.5227818576769873,100,0,1
2025.09.17,23:00:44,0.5158732410703777,0.5953060322315699,0.48033501664254774,0.529494790009015,100,0,1
2025.09.17,23:05:44,0.41276470764703216,0.477576257589546,0.367271566511446,0.4113148662850283,100,0,1
2025.09.17,23:10:44,0.362528368686175,0.3999685130800682,0.31350311921724544,0.31637705377654934,100,0,1
2025.09.17,23:15:44,0.37825170466684616,0.4565253609220242,0.3222934285003701,0.32541432195711584,100,0,1
2025.09.17,23:20:44,0.3903361425797123,0.4011675600148384,0.34679398871246175,0.39188435818144984,100,0,1
2025.09.17,23:25:44,0.4353304157047567,0.48499647802060175,0.3826375988669138,0.3896594902816563,100,0,1
2025.09.17,23:30:44,0.519854198959903,0.5704176343249528,0.44346053211072817,0.5554930140522604,100,0,1
2025.09.17,23:35:44,0.5602569944293158,0.5775514477661301,0.505419178392356,0.5299389093848581,100,0,1
2025.09.17,23:40:44,0.5516718385972811,0.5913828136542927,0.5085623018277892,0.5503579785178053,100,0,1
2025.09.17,23:45:44,0.5966955090441981,0.6337613852707543,0.5436236224537107,0.584506562741491,100,0,1
2025.09.17,23:50:44,0.6154657205559455,0.6916457302972981,0.5344544199724456,0.5936339642772043,100,0,1
2025.09.17,23:55:44,0.692315879421901,0.7353487253175213,0.6505369288442507,0.7351554102892784,100,0,1
2025.09.18,00:00:44,0.6053307804946243,0.6788490440434791,0.5701755888322197,0.674391224816018,100,0,1
2025.09.18,00:05:44,0.6105842052070654,0.6581565959958363,0.5526426218956969,0.6238016384944013,100,0,1
2025.09.18,00:10:44,0.6740369938656459,0.7658211141610052,0.6145433008724311,0.6164727776809101,100,0,1
2025.09.18,00:15:44,0.6007930727730392,0.6538778624786198,0.5858566692398134,0.6411921268522687,100,0,1
2025.09.18,00:20:44,0.652760903940031,0.6843747553424796,0.6109057945584165,0.6740860097139806,100,0,1
2025.09.18,00:25:44,0.6879082513625225,0.7585574491473919,0.6763450586556375,0.7513447283056903,100,0,1
2025.09.18,00:30:44,0.6796679373479545,0.7360382084027796,0.6286006778135839,0.6368678018328202,100,0,1
2025.09.18,00:35:44,0.6674119675503463,0.7275683214734616,0.6430724518680297,0.6995347045061963,100,0,1
2025.09.18,00:40:44,0.6845845169208542,0.7775313647363413,0.600384059586991,0.7226122026695033,100,0,1
2025.09.18,00:45:44,0.6412572940880019,0.6824478629443299,0.6000554491526522,0.6732112117757054,100,0,1
2025.09.18,00:50:44,0.7498199765849582,0.8060068356949577,0.7045596754838375,0.7531371498149348,100,0,1
2025.09.18,00:55:44,0.7398747611188583,0.7948358834835828,0.7133574163397682,0.7561698893640213,100,0,1
2025.09.18,01:00:44,0.7626179043885908,0.7945285503056293,0.721072490648375,0.7859668007114534,100,0,1
2025.09.18,01:05:44,0.6521715544199304,0.6824005469109232,0.6042655152217551,0.6272717496038537,100,0,1
2025.09.18,01:10:44,0.6789189499615452,0.7521939897736063,0.5969777409889503,0.7017606117115734,100,0,1
2025.09.18,01:15:44,0.6934413311159072,0.7599260421967204,0.6421170839074056,0.7534319141973435,100,0,1
2025.09.18,01:20:44,0.6767344979730733,0.6795627732628072,0.6095439015835595,0.6544317475376489,100,0,1
2025.09.18,01:25:44,0.7393219621943005,0.8118270339764158,0.6860529839591593,0.7270915267176427,100,0,1
2025.09.18,01:30:44,0.8543302788988191,0.9096114529226137,0.7974768457416873,0.8673801207915337,100,0,1
2025.09.18,01:35:44,0.8313707087469715,0.9213328848014484,0.7686282918803093,0.8689360212375645,100,0,1
2025.09.18,01:40:44,0.8180594950130382,0.8894810132631086,0.7788845820457737,0.8155581775464671,100,0,1
2025.09.18,01:45:44,0.8594467709898963,0.8877026557556631,0.8027426775137286,0.8312054821126038,100,0,1
2025.09.18,01:50:44,0.9070552968911141,0.9860854425701252,0.8573116999919879,0.8923590708698544,100,0,1
2025.09.18,01:55:44,0.831344748060281,0.8585475325193582,0.8050048834480338,0.8515645327143423,100,0,1
2025.09.18,02:00:44,0.7776265443729448,0.8506242858943126,0.7439156173925142,0.7646964642505882,100,0,1
2025.09.18,02:05:44,0.72979983392754,0.7783909774898848,0.6813414621546391,0.7722381578479504,100,0,1
2025.09.18,02:10:44,0.7251051608959551,0.7804640121225145,0.6893147526975677,0.7102927238132565,100,0,1
2025.09.18,02:15:44,0.7079169656408911,0.7498647897975244,0.6574851022960303,0.7472814076787575,100,0,1
2025.09.18,02:20:44,0.6859487894332729,0.7302042712092536,0.632073426202102,0.6771735730623817,100,0,1
2025.09.18,02:25:44,0.6298730832706465,0.639162802593402,0.5855871745348179,0.6142870939165644,100,0,1
2025.09.18,02:30:44,0.7021955388068886,0.7577441475380672,0.6721736497657668,0.7510512077110322,100,0,1
2025.09.18,02:35:44,0.7197227378993255,0.7817120550898781,0.6463502340263548,0.769074478139874,100,0,1
2025.09.18,02:40:44,0.7764098774868575,0.8357692322740132,0.6992560740130984,0.8085003686739411,100,0,1
2025.09.18,02:45:44,0.7691519226582672,0.8447038809012334,0.7120681240965708,0.7356963436776833,100,0,1
2025.09.18,02:50:44,0.7585398390662154,0.8409543768212835,0.6883807492591703,0.7899977586829244,100,0,1
2025.09.18,02:55:44,0.8032441399041899,0.8807368687892813,0.7487855142130919,0.8011483512973047,100,0,1
2025.09.18,03:00:44,0.7940657056024142,0.8527679653025386,0.741476540286449,0.7704490201611479,100,0,1
2025.09.18,03:05:44,0.8676968347113427,0.9028007435399391,0.8074343354402685,0.8386777342444717,100,0,1
2025.09.18,03:10:44,0.8313588501927422,0.8631024142550329,0.7533077130187041,0.7551792997739918,100,0,1
2025.09.18,03:15:44,0.8569420536273162,0.8877926833180976,0.7717255773856859,0.8415706824431477,100,0,1
2025.09.18,03:20:44,0.8516522601157285,0.9236777876840098,0.8060179513568047,0.8643890877852658,100,0,1
2025.09.18,03:25:44,0.8609436850142554,0.9009994012036127,0.785246917912911,0.8738408042420771,100,0,1
2025.09.18,03:30:44,0.8187787112273278,0.8666722111282665,0.7693444548545009,0.8363273603046008,100,0,1
2025.09.18,03:35:44,0.8662236217435954,0.9245628821190528,0.8148360720447874,0.8572309753161472,100,0,1
2025.09.18,03:40:44,0.9011810747769372,0.9478984103805281,0.864692230915867,0.9273480828371691,100,0,1
2025.09.18,03:45:44,0.9138703166012138,0.9281728673482894,0.8553302136291099,0.8633892120535414,100,0,1
2025.09.18,03:50:44,0.9769565626494294,1.0008846649794916,0.9431486574769263,0.9938638867315583,100,0,1
2025.09.18,03:55:44,0.9917544846725864,1.0589757808352034,0.979348353161769,0.9977285865855624,100,0,1
2025.09.18,04:00:44,1.0150368252884474,1.1054896469530433,0.9330670009554922,1.0010109007870154,100,0,1
2025.09.18,04:05:44,1.0315700466124715,1.0515174351570342,0.978577808312123,1.0408796511838168,100,0,1
2025.09.18,04:10:44,1.0198559193121217,1.0507563346809206,0.9667913714020525,0.998228987019508,100,0,1
2025.09.18,04:15:44,0.9915224527232184,1.0241654901020658,0.944049149095239,0.9619768028267802,100,0,1
2025.09.18,04:20:44,1.0023466985349323,1.0727548997648464,0.9533685870920237,1.044533269013892,100,0,1
2025.09.18,04:25:44,1.0509749032409066,1.1186632026299625,0.9910508387024048,1.0643644629548834,100,0,1
2025.09.18,04:30:44,1.0268473274000636,1.0738386974477412,0.9707561791736661,1.0697566784566794,100,0,1
2025.09.18,04:35:44,1.065412187254745,1.1218170289695437,1.0338995840448706,1.1023795009854143,100,0,1
2025.09.18,04:40:44,1.093360424815277,1.1415050198043057,1.0165888940263796,1.0983663545985107,100,0,1
2025.09.18,04:45:44,0.9683211784284548,1.0516866262380962,0.933045715682544,0.9827674072314027,100,0,1
2025.09.18,04:50:44,1.0004938204834457,1.0496381792804188,0.931874501636731,1.0066473815617076,100,0,1
2025.09.18,04:55:44,1.0287228046077301,1.0811122521881618,0.9680633902553698,0.9963088450212823,100,0,1
2025.09.18,05:00:44,1.0277787791573694,1.0580287041892982,0.9796481471585685,1.0354060149397952,100,0,1
2025.09.18,05:05:44,1.0952345633798721,1.1196547191589585,1.0687612529826434,1.0807181831852142,100,0,1
2025.09.18,05:10:44,1.089671813982349,1.1129573631240406,1.0250544760963218,1.093992738943671,100,0,1
2025.09.18,05:15:44,1.0902277953121253,1.176603591624665,1.021907990018501,1.1080857019818227,100,0,1
2025.09.18,05:20:44,1.0835356201802422,1.1114156953991259,1.0600755510068087,1.0959130355569913,100,0,1
2025.09.18,05:25:44,1.1399784573613811,1.2307826849880645,1.0905312051506664,1.1364152964347034,100,0,1
2025.09.18,05:30:44,1.0850690649126493,1.121887794257803,1.0102067022927788,1.0353986407220255,100,0,1
2025.09.18,05:35:44,1.1153998326851358,1.2024104849788766,1.0870400004466534,1.094423894429686,100,0,1
2025.09.18,05:40:44,1.1002641864387717,1.1481574264021996,1.0741406794750257,1.133452746115623,100,0,1
2025.09.18,05:45:44,1.101047706068226,1.144979855940955,1.041385841922004,1.0615825936646635,100,0,1
2025.09.18,05:50:44,1.2216691731298528,1.302623843468402,1.186077600875893,1.261462902195186,100,0,1
2025.09.18,05:55:44,1.2957448816615236,1.370243611594102,1.2486777490253096,1.3438722645233774,100,0,1
2025.09.18,06:00:44,1.255289403114048,1.2787911138128063,1.2129398244011251,1.2347260580841326,100,0,1
2025.09.18,06:05:44,1.2726806050184585,1.3171303570192154,1.208263051752091,1.2406364688762075,100,0,1
2025.09.18,06:10:44,1.2537514867056105,1.325243599415361,1.2108996436214094,1.2306834064430883,100,0,1
2025.09.18,06:15:44,1.22211899505566,1.2990930949194552,1.184317895349769,1.2936140893213937,100,0,1
2025.09.18,06:20:44,1.2206183621661333,1.2732492804207856,1.15764096499833,1.1952278876488156,100,0,1
2025.09.18,06:25:44,1.1675600965035369,1.202284425529577,1.1287193389735515,1.1599248121500745,100,0,1
2025.09.18,06:30:44,1.1699388118052276,1.226450518145618,1.0786708956623063,1.1405797561700037,100,0,1
2025.09.18,06:35:44,1.1251033856225716,1.1584626569308536,1.041340045735884,1.157177208343994,100,0,1
2025.09.18,06:40:44,1.079307363610945,1.0976446724450264,1.0092487860822072,1.0959177373228364,100,0,1
2025.09.18,06:45:44,1.0956905885832056,1.16058388079383,1.0833690402474527,1.1267426223121373,100,0,1
2025.09.18,06:50:44,1.1749898314098106,1.2263392158841597,1.1704350226561844,1.1997312454371893,100,0,1
2025.09.18,06:55:44,1.1156098435683268,1.1970918133048556,1.1018529973477835,1.1106258216652307,100,0,1
2025.09.18,07:00:44,1.075456361435122,1.105604797522078,1.0242814775585227,1.090813657320412,100,0,1
2025.09.18,07:05:44,1.124478590130898,1.19289697324769,1.051972481472759,1.1491540532823399,100,0,1
2025.09.18,07:10:44,1.0969379945223987,1.1465354753683845,1.0040442098067623,1.0721800325983053,100,0,1
2025.09.18,07:15:44,1.0393061174175837,1.1033294953692083,0.979298330094375,1.0428192933076492,100,0,1
2025.09.18,07:20:44,1.0242246462209685,1.045967834978975,0.987462845684962,0.9927168422099492,100,0,1
2025.09.18,07:25:44,0.9774989939202844,1.0276828138263434,0.9437857740757724,1.0263200720203183,100,0,1
2025.09.18,07:30:44,1.0388095610883712,1.0673444470536477,0.9873789235173128,1.029321110625441,100,0,1
2025.09.18,07:35:44,1.0826308962801356,1.166336280405924,1.025003082596103,1.0448621627680126,100,0,1
2025.09.18,07:40:44,1.033133314480785,1.083644430825972,0.9514772219168648,0.9719994510589053,100,0,1
2025.09.18,07:45:44,1.0855798343437815,1.1270363320948853,1.049036734762358,1.1195835716307814,100,0,1
2025.09.18,07:50:44,1.0196301939117016,1.0927340739810902,1.0137037033174248,1.0388661280459601,100,0,1
2025.09.18,07:55:44,1.015997213037173,1.064641226586407,0.9964346375060037,1.01420035785779,100,0,1
2025.09.18,08:00:44,1.0111823715902188,1.0693223368439855,0.9688765818544908,0.9927486693213537,100,0,1
2025.09.18,08:05:44,1.0522126500265039,1.1147041566779543,1.0013626922636838,1.0934199751953475,100,0,1
2025.09.18,08:10:44,1.0642196449305088,1.0979576183394404,1.017357067070072,1.096026756998525,100,0,1
2025.09.18,08:15:44,1.0945189382963552,1.175129930881611,1.028354844713708,1.0703480896793702,100,0,1
2025.09.18,08:20:44,1.1286338340666895,1.1666429830577885,1.0933895963873954,1.116211798465361,100,0,1
2025.09.18,08:25:44,1.1599691325289871,1.2248968453992246,1.1028185660087921,1.1882406230687994,100,0,1
2025.09.18,08:30:44,1.152049507159325,1.1944499348892006,1.0848199518587318,1.1057957329631423,100,0,1
2025.09.18,08:35:44,1.1765246489490333,1.1976302295136603,1.1485901097628115,1.1592937261353085,100,0,1
2025.09.18,08:40:44,1.2335345359047165,1.301797271167745,1.1524603529754416,1.2780342910224851,100,0,1
2025.09.18,08:45:44,1.266669674053572,1.2967304215806748,1.2393482178904127,1.2695778162825582,100,0,1
2025.09.18,08:50:44,1.2588258169311661,1.3124166606790006,1.2186205009208122,1.2265965725096828,100,0,1
2025.09.18,08:55:44,1.334672633708306,1.3935229410506014,1.3153593348664046,1.3910384532304871,100,0,1
2025.09.18,09:00:44,1.4250316222913857,1.4962109202138547,1.3646147464464229,1.4601811911961502,100,0,1
2025.09.18,09:05:44,1.4496259757848615,1.5006967755548803,1.3940674900937873,1.414965047499706,100,0,1
2025.09.18,09:10:44,1.3473420595056935,1.4071116545250744,1.3059441436697883,1.402050980385893,100,0,1
2025.09.18,09:15:44,1.377278151444249,1.3952396952432962,1.3078413556807165,1.3408163363035777,100,0,1
2025.09.18,09:20:44,1.470218775819426,1.5024454396812164,1.4073369063917591,1.4303656677411665,100,0,1
2025.09.18,09:25:44,1.58031670811919,1.6320329374340572,1.5670910805987501,1.5905518182153067,100,0,1
2025.09.18,09:30:44,1.6360242945987524,1.7032887700840986,1.5820782694032747,1.6499996203570322,100,0,1
2025.09.18,09:35:44,1.6752026526525954,1.7167474666108475,1.6403383440459598,1.670908756596918,100,0,1
2025.09.18,09:40:44,1.6782462145625543,1.73752626047669,1.592026852252298,1.6481997914314586,100,0,1
2025.09.18,09:45:44,1.756669436609589,1.791624735135723,1.6880202727916618,1.7303599836747807,100,0,1
2025.09.18,09:50:44,1.8124370964800292,1.8868842922932758,1.728380779309342,1.8426805913384037,100,0,1
2025.09.18,09:55:44,1.783652898308936,1.8195812954110122,1.7464797853780702,1.800691245395968,100,0,1
2025.09.18,10:00:44,1.8473092274314127,1.8910607953071978,1.8219607258464274,1.886025102184781,100,0,1
2025.09.18,10:05:44,1.864392554601761,1.9134534510824712,1.8026226022050995,1.857427132881932,100,0,1
2025.09.18,10:10:44,1.885630455026065,1.933384287646435,1.8582692815921509,1.9223058460255795,100,0,1
2025.09.18,10:15:44,1.8756134569697993,1.9269573231199038,1.8571235895606184,1.9232631918276484,100,0,1
2025.09.18,10:20:44,1.913415076631881,1.9415565683993499,1.866095189904053,1.8897092910641153,100,0,1
2025.09.18,10:25:44,1.8750535809458482,1.9475522806610628,1.8537245496583432,1.8901140009657735,100,0,1
2025.09.18,10:30:44,1.8754205106168902,1.9238122920686642,1.8146104038088215,1.8951916132385034,100,0,1
2025.09.18,10:35:44,1.8274717701973429,1.9010299612385662,1.7760912958383412,1.7929566210920946,100,0,1
2025.09.18,10:40:44,1.8095943837329032,1.858570453679168,1.7531577736118955,1.8166931741890535,100,0,1
2025.09.18,10:45:44,1.8571076851426775,1.8761022867275765,1.775080560911583,1.7826092395395605,100,0,1
2025.09.18,10:50:44,1.7474916711009412,1.839380340559018,1.702234289473153,1.7701941810248631,100,0,1
2025.09.18,10:55:44,1.7200787075733246,1.7859461752216024,1.6697363712287512,1.7771638969082977,100,0,1
2025.09.18,11:00:44,1.7689261357313952,1.8427567273024903,1.7079180188182972,1.8305796794724203,100,0,1
2025.09.18,11:05:44,1.680126161314455,1.7508424030857537,1.6399041714961309,1.6399329303629826,100,0,1
2025.09.18,11:10:44,1.6235866076925571,1.6761089690440407,1.5856314026536598,1.660694813502169,100,0,1
2025.09.18,11:15:44,1.6087601143218837,1.6651307605835095,1.5672106169615982,1.5797747560980944,100,0,1
2025.09.18,11:20:44,1.6544471460985684,1.6799653076405823,1.597953883285862,1.6282856918167499,100,0,1
2025.09.18,11:25:44,1.6574794767600114,1.674276879969396,1.6131547894169485,1.6302428655020162,100,0,1
2025.09.18,11:30:44,1.6362388881876357,1.6607602553345906,1.5772873162163907,1.617035319419429,100,0,1
2025.09.18,11:35:44,1.6860887588513154,1.7511116749777456,1.6622445444315743,1.725109263449391,100,0,1
2025.09.18,11:40:44,1.6959564692087785,1.7385356490683974,1.6405873699194389,1.7208223425570472,100,0,1
2025.09.18,11:45:44,1.6463851893378807,1.7191658638843035,1.5747347170235517,1.6158566537741479,100,0,1
2025.09.18,11:50:44,1.6802256588563664,1.6944525330526465,1.6293826497507526,1.6352497548214435,100,0,1
2025.09.18,11:55:44,1.6964494329390605,1.7129151751409835,1.6536843890215247,1.662933715276715,100,0,1
2025.09.18,12:00:44,1.6435836806938786,1.6617000416274272,1.6398107955215042,1.6481795361136808,100,0,1
2025.09.18,12:05:44,1.6241062861400108,1.690078615570939,1.5758081342349948,1.66997858320568,100,0,1
2025.09.18,12:10:44,1.570132299397927,1.6069585615706887,1.5281311436449068,1.5765321928126268,100,0,1
2025.09.18,12:15:44,1.5080281258270016,1.5780402722468807,1.4480688733157154,1.5092454854287585,100,0,1
2025.09.18,12:20:44,1.463712665163303,1.5452107108500601,1.3699754096620909,1.5373245681269616,100,0,1
2025.09.18,12:25:44,1.3965343650650892,1.4430501855900975,1.3722940904048209,1.4021659863776033,100,0,1
2025.09.18,12:30:44,1.3005371945022526,1.3890465465826793,1.243614844710332,1.2644706671014962,100,0,1
2025.09.18,12:35:44,1.3614115595490694,1.4035951545538787,1.3250977918441067,1.3476308597163789,100,0,1
2025.09.18,12:40:44,1.3016387410524382,1.36224925526149,1.2813001450079882,1.3441674212460928,100,0,1
2025.09.18,12:45:44,1.2594372862285428,1.3194525231107217,1.2135800714428364,1.2606120269833068,100,0,1
2025.09.18,12:50:44,1.2447265769360005,1.2768474785086057,1.1901837866908422,1.205999693141966,100,0,1
2025.09.18,12:55:44,1.2436311476273376,1.2952819322074898,1.1788642067729376,1.2321554055420865,100,0,1
2025.09.18,13:00:44,1.1524993453549939,1.2090824395053918,1.1054204891803097,1.1244384735875872,100,0,1
2025.09.18,13:05:44,1.1866693187431232,1.2072789759968627,1.1343513038817954,1.166309855563703,100,0,1
2025.09.18,13:10:44,1.1118639550737262,1.1296992770577385,1.0723824536009556,1.1170958996995322,100,0,1
2025.09.18,13:15:44,1.1580469025275792,1.2025533012071488,1.1307076110668006,1.1628450945313213,100,0,1
2025.09.18,13:20:44,1.2868829068286223,1.325735154987374,1.2390023653155378,1.3132828824954543,100,0,1
2025.09.18,13:25:44,1.2510815348315447,1.2811594529633181,1.234378666246703,1.24820843304443,100,0,1
2025.09.18,13:30:44,1.292237508948351,1.3280954971606458,1.2543205877471686,1.2621083771793065,100,0,1
2025.09.18,13:35:44,1.3250991753833161,1.3702235397418416,1.2861244477936846,1.35083492036679,100,0,1
2025.09.18,13:40:44,1.3781953698274596,1.4560083102422487,1.3266647641100244,1.3564744898925252,100,0,1
2025.09.18,13:45:44,1.3855064781443804,1.4555219523098453,1.3356308430126789,1.3805148844391337,100,0,1
2025.09.18,13:50:44,1.2936665476746816,1.3489210383075032,1.23378241810761,1.2953526642791946,100,0,1
2025.09.18,13:55:44,1.3004813665285107,1.3537778428423453,1.2333745955170474,1.290018027699958,100,0,1
2025.09.18,14:00:44,1.2915661464453119,1.338471458138713,1.262209838598172,1.328062796286096,100,0,1
2025.09.18,14:05:44,1.284456921774028,1.3748013176196012,1.2372879224107547,1.3319451263636615,100,0,1
2025.09.18,14:10:44,1.3242326445013484,1.4198559991151474,1.280632398750709,1.4054087263981456,100,0,1
2025.09.18,14:15:44,1.3143704615758305,1.3633088054937397,1.291337297683928,1.3139018468898493,100,0,1
2025.09.18,14:20:44,1.2262840231033851,1.292479015563609,1.1873466837847295,1.2487964615498057,100,0,1
2025.09.18,14:25:44,1.1713580936504224,1.2100771805862038,1.1250086314772727,1.1768357739306838,100,0,1
2025.09.18,14:30:44,1.2329138472551064,1.2683025998385922,1.1956345401338,1.2556272772367074,100,0,1
2025.09.18,14:35:44,1.1605964662029293,1.2200565241200143,1.1191642048765482,1.1240861473960926,100,0,1
2025.09.18,14:40:44,1.0730235895691391,1.1137238188133658,1.0222184481637906,1.0892302725788503,100,0,1
2025.09.18,14:45:44,1.1874483217590266,1.2479744704796416,1.151127208147756,1.2313877653926073,100,0,1
2025.09.18,14:50:44,1.1216221343085457,1.1735822672950909,1.0248147859902041,1.081009293430438,100,0,1
2025.09.18,14:55:44,1.1909909992687486,1.2440024606089104,1.1335243068442202,1.2306506568060678,100,0,1
2025.09.18,15:00:44,1.1413849778586294,1.1556020100232178,1.1041754209383356,1.131094704419296,100,0,1
2025.09.18,15:05:44,1.0953738688262236,1.1617576055640293,1.0477235178913797,1.0804734923051633,100,0,1
2025.09.18,15:10:44,1.182261394458051,1.2446520480729197,1.105571400180995,1.1603568185755715,100,0,1
2025.09.18,15:15:44,1.141502454185216,1.221408418051897,1.0901664590211038,1.1214293874889052,100,0,1
2025.09.18,15:20:44,1.1297070713998578,1.2160988607397474,1.0527098277154046,1.1450691360728185,100,0,1
2025.09.18,15:25:44,1.1109732514646196,1.1695211990408338,1.048718987138905,1.0617130575791913,100,0,1
2025.09.18,15:30:44,1.0844117123696273,1.1902382649700054,1.012680891969663,1.1196237221210075,100,0,1
2025.09.18,15:35:44,1.0460669563900369,1.1102035277218356,1.007458821027696,1.0993381728519784,100,0,1
2025.09.18,15:40:44,0.9429113353283285,1.0155688759160155,0.8830746206722472,1.0144242857820203,100,0,1
2025.09.18,15:45:44,0.8928432203490224,0.9723490370149109,0.8541336239126496,0.8843159756198187,100,0,1
2025.09.18,15:50:44,0.88843721057832,0.9268422577015316,0.8504619872904484,0.9176051157807131,100,0,1
2025.09.18,15:55:44,0.9155163495092138,0.9574134724544139,0.8616920911852551,0.9129162571074175,100,0,1
2025.09.18,16:00:44,0.885955243683076,0.9449739853129477,0.8522498123183168,0.8646168388670611,100,0,1
2025.09.18,16:05:44,0.8846335577956977,0.9571790178353362,0.842404526106626,0.9065954006512071,100,0,1
2025.09.18,16:10:44,0.9085968889853887,0.9668284161977704,0.8245753107793343,0.8429104701488459,100,0,1
2025.09.18,16:15:44,0.8297304639784002,0.8824193091103714,0.7850662831877189,0.8104345445306974,100,0,1
2025.09.18,16:20:44,0.8629098092609253,0.8927115217653384,0.8035760516554504,0.8897800969283199,100,0,1
2025.09.18,16:25:44,0.8759989809395252,0.9599314664900418,0.83931965679446,0.84147097346905,100,0,1
2025.09.18,16:30:44,0.8339783047920849,0.9155590364794569,0.7910772043916138,0.848160722014895,100,0,1
2025.09.18,16:35:44,0.8309408476930376,0.8768606169973119,0.7923931420715383,0.8706403523077528,100,0,1
2025.09.18,16:40:44,0.8299377311318952,0.8842611672002179,0.7714224860533423,0.7843924319014551,100,0,1
2025.09.18,16:45:44,0.6977090522615879,0.748774422913537,0.6610283142704325,0.7234060911413952,100,0,1
2025.09.18,16:50:44,0.7314880227397909,0.7927109511882635,0.6822682251606,0.7282204652536574,100,0,1
2025.09.18,16:55:44,0.7192010266465093,0.745658894499501,0.6804225676581255,0.718545221874778,100,0,1
2025.09.18,17:00:44,0.7745439843949277,0.8381746335614274,0.7187220169835481,0.8175237856762854,100,0,1
2025.09.18,17:05:44,0.7842166803322679,0.7960894263096451,0.7325100797380429,0.7407623071182597,100,0,1
2025.09.18,17:10:44,0.7363457608666506,0.7828549074417503,0.696113487179698,0.7274916377362478,100,0,1
2025.09.18,17:15:44,0.7320074684889103,0.7635066250275693,0.6855466932483775,0.7198152690706231,100,0,1
2025.09.18,17:20:44,0.7163575874476218,0.7407440600406174,0.6784100633263244,0.7291206212008046,100,0,1
2025.09.18,17:25:44,0.759492267754152,0.8484380375917031,0.7590467941362651,0.8331037555577847,100,0,1
2025.09.18,17:30:44,0.6958889759403861,0.7605939363700833,0.627027104218707,0.7347138460988207,100,0,1
2025.09.18,17:35:44,0.661966740562662,0.7109202856277926,0.6195466914282235,0.6817051225315537,100,0,1
2025.09.18,17:40:44,0.6253447675350725,0.6929223325888092,0.5798075302614006,0.5992665833803661,100,0,1
2025.09.18,17:45:44,0.61274335307387,0.6636020779049359,0.5623695638757009,0.6355911290620629,100,0,1
2025.09.18,17:50:44,0.6388470508395268,0.6797900182923255,0.6284616343194792,0.6483741835688257,100,0,1
2025.09.18,17:55:44,0.6721850494904626,0.7069111245609075,0.6047125377154394,0.6819198339222137,100,0,1
2025.09.18,18:00:44,0.7514326546646329,0.8250675285071084,0.7154482929744734,0.7478911041962777,100,0,1
2025.09.18,18:05:44,0.7211047388921338,0.8018701130920012,0.6699039366792157,0.7524782400269222,100,0,1
2025.09.18,18:10:44,0.7942703348689615,0.8228200246419123,0.7297529191646521,0.8167747499161842,100,0,1
2025.09.18,18:15:44,0.7878058495386884,0.8196982171097085,0.7020119746361304,0.7808968461919508,100,0,1
2025.09.18,18:20:44,0.7795267536460762,0.8303745774654757,0.7530616225115188,0.8014085761397285,100,0,1
2025.09.18,18:25:44,0.7328461732133896,0.7722595095396146,0.7174177247080108,0.731566022262498,100,0,1
2025.09.18,18:30:44,0.8320238948934442,0.870877792961025,0.7736545390067731,0.8265151957636488,100,0,1
2025.09.18,18:35:44,0.7120714823996517,0.7741524038840518,0.6825631886244289,0.7297023906358109,100,0,1
2025.09.18,18:40:44,0.6238913404660228,0.6813107075726903,0.5738614961480528,0.6437803097927947,100,0,1
2025.09.18,18:45:44,0.5838236854254741,0.6691726966922089,0.5131902260392448,0.5619924170090334,100,0,1
2025.09.18,18:50:44,0.6554183876037851,0.7038704633737686,0.6087661514838054,0.6283770709819935,100,0,1
2025.09.18,18:55:44,0.6497760770798643,0.6981312541321665,0.6054107058720088,0.654493354998412,100,0,1
2025.09.18,19:00:44,0.6828699908749201,0.7177073128594305,0.6401295751261789,0.7070138689666335,100,0,1
2025.09.18,19:05:44,0.6488898914018962,0.7048897385691406,0.6159563969147229,0.663161788881327,100,0,1
2025.09.18,19:10:44,0.6152730957464883,0.6855904588641206,0.5695161605198048,0.6602830354857536,100,0,1
2025.09.18,19:15:44,0.629066420221499,0.6797382175253794,0.5882929145191009,0.6473043591283675,100,0,1
2025.09.18,19:20:44,0.6981058035105777,0.7839145421821171,0.632687528778918,0.6550153986677122,100,0,1
2025.09.18,19:25:44,0.516039007383831,0.5370869599350324,0.4530647801458675,0.4761866286080252,100,0,1
2025.09.18,19:30:44,0.5565453600831729,0.5970764112792002,0.5013180019022834,0.579658543924126,100,0,1
2025.09.18,19:35:44,0.6238118276395886,0.6618572825400179,0.5629702128460234,0.5810288769794336,100,0,1
2025.09.18,19:40:44,0.6881192466133436,0.762468084795652,0.6533465262569275,0.7094950137263206,100,0,1
2025.09.18,19:45:44,0.6982787306094916,0.7437504161749959,0.653846298060005,0.7273190860913632,100,0,1
2025.09.18,19:50:44,0.646621231252591,0.6979076206241013,0.5830531842361568,0.6088906472401383,100,0,1
2025.09.18,19:55:44,0.5837979878629267,0.6322022051750157,0.545160388865091,0.6261972714437248,100,0,1
2025.09.18,20:00:44,0.5582046914826199,0.6023005535258332,0.49480344793607856,0.5848758238624854,100,0,1
2025.09.18,20:05:44,0.49197891936272414,0.5749600523738818,0.4395976535867102,0.493449223670185,100,0,1
2025.09.18,20:10:44,0.4082200458278382,0.43831839027838077,0.37370064491043625,0.40766117156251624,100,0,1
2025.09.18,20:15:44,0.3671999366685943,0.4192990172308834,0.33133451853161516,0.3895978733511612,100,0,1
2025.09.18,20:20:44,0.3433421701282015,0.40446526433219787,0.29752471750568626,0.3027529609514697,100,0,1
2025.09.18,20:25:44,0.2962596992753137,0.3428411535432151,0.23517583773395986,0.2962168296291543,100,0,1
2025.09.18,20:30:44,0.2562121458452498,0.3106901951741527,0.1852903326797438,0.3090805576875514,100,0,1
2025.09.18,20:35:44,0.23743949574719034,0.2683564544477261,0.1623600620197678,0.2333025345747903,100,0,1
2025.09.18,20:40:44,0.25164490325468714,0.3252525840417314,0.20158429912545395,0.22984621205785213,100,0,1
2025.09.18,20:45:44,0.2399651438345489,0.3094254940559136,0.21756290811894913,0.3020972973902901,100,0,1
2025.09.18,20:50:44,0.22676978152248964,0.26674759876694154,0.1790099542040333,0.2515949666430173,100,0,1
2025.09.18,20:55:44,0.29225431714403444,0.35797529094402014,0.2027547033507036,0.3486600864432907,100,0,1
2025.09.18,21:00:44,0.2921535011921158,0.3298820765798409,0.2568055465123482,0.3114497694864162,100,0,1
2025.09.18,21:05:44,0.22083999907212515,0.2624150901389746,0.16044447529467976,0.21693374223422796,100,0,1
2025.09.18,21:10:44,0.1820961864513575,0.21917696647781507,0.15068415513854932,0.19489574754539246,100,0,1
2025.09.18,21:15:44,0.23508526831930748,0.2841006561803119,0.17472042993668832,0.18302998553676386,100,0,1
2025.09.18,21:20:44,0.22432171328313763,0.2821175696922972,0.13888045497668433,0.2143489351797187,100,0,1
2025.09.18,21:25:44,0.20374399904856677,0.26061077142945277,0.13399684628290587,0.2033204172272603,100,0,1
2025.09.18,21:30:44,0.17928745908923427,0.22685431923861324,0.14900404205002737,0.1699843470006228,100,0,1
2025.09.18,21:35:44,0.198613204371755,0.2293879155687836,0.15510779383478598,0.20017803499193992,100,0,1
2025.09.18,21:40:44,0.16290694383675158,0.1988753256024903,0.11364728502625765,0.15206149915991893,100,0,1
2025.09.18,21:45:44,0.12380836102932494,0.17198184257970672,0.06330793266226646,0.13675813715995286,100,0,1
2025.09.18,21:50:44,0.127984281104369,0.19072522896187222,0.10472796177945018,0.11098744342295434,100,0,1
2025.09.18,21:55:44,0.11523689186465415,0.19434645923981095,0.065657513723399,0.10886515874001995,100,0,1
2025.09.18,22:00:44,0.10957726080974067,0.127311379753365,0.04197158055745509,0.048270889920938226,100,0,1
2025.09.18,22:05:44,0.13039149038210304,0.1439457693385635,0.08649271139028149,0.13879828063058774,100,0,1
2025.09.18,22:10:44,0.19502466280810088,0.24140938718859256,0.14208992067384457,0.21675965308734266,100,0,1
2025.09.18,22:15:44,0.22894695848568003,0.2962600573094972,0.20847873480213824,0.26327306420313085,100,0,1
2025.09.18,22:20:44,0.20839803845164087,0.23468827050720595,0.1468904368342514,0.16776600664732483,100,0,1
2025.09.18,22:25:44,0.23116611404480067,0.2557081422478391,0.20809723293286783,0.2550894313900255,100,0,1
2025.09.18,22:30:44,0.23966877928057306,0.32252672902209356,0.17767278492099933,0.2966240144333451,100,0,1
2025.09.18,22:35:44,0.27809460030647654,0.3134700032937654,0.20180558844214203,0.31227630424229375,100,0,1
2025.09.18,22:40:44,0.2944435318642744,0.33039724704222384,0.24228777037724092,0.24982928603106064,100,0,1
2025.09.18,22:45:44,0.2619715616510486,0.32941214866123036,0.24742987287632212,0.29621316551290366,100,0,1
2025.09.18,22:50:44,0.31112256181382325,0.3719487313805654,0.25173214866213706,0.29096787746500663,100,0,1
2025.09.18,22:55:44,0.2981914827258632,0.32177886405089323,0.23429640452495765,0.2902639011747433,100,0,1
2025.09.18,23:00:44,0.3062663347409375,0.36414375132325827,0.24466149953155114,0.2813252206103445,100,0,1
2025.09.18,23:05:44,0.21068417641897763,0.27194164970776596,0.12603283886403555,0.23059879989947785,100,0,1
2025.09.18,23:10:44,0.23169978150202294,0.3109702431289947,0.17316038813958207,0.23763530249266768,100,0,1
2025.09.18,23:15:44,0.22735401504372205,0.2686634130409961,0.16678836160441918,0.22731994128463617,100,0,1
2025.09.18,23:20:44,0.26707390579342094,0.3186702667992327,0.21926294825729306,0.2307892171356083,100,0,1
2025.09.18,23:25:44,0.23355919595256835,0.2702803715500336,0.19878142262042817,0.2152204168672425,100,0,1
2025.09.18,23:30:44,0.2577063648743091,0.2875834259697982,0.18729528291840836,0.24536236469214665,100,0,1
2025.09.18,23:35:44,0.27313752690921994,0.314661763256071,0.22464274452269892,0.23998421436810966,100,0,1
2025.09.18,23:40:44,0.2638441315482992,0.32121335198166856,0.2062453218627467,0.22697676801170005,100,0,1
2025.09.18,23:45:44,0.2715633619045848,0.28909774606332417,0.22354376038558516,0.23326395876605655,100,0,1
2025.09.18,23:50:44,0.17715923649706616,0.21096496574381698,0.12105065149944744,0.13794955543067913,100,0,1
2025.09.18,23:55:44,0.1732179977822161,0.1857265278190875,0.13256845478165813,0.14234811029518768,100,0,1
2025.09.19,00:00:44,0.2365924535718853,0.29309719317004945,0.19135832578243217,0.19809216450564138,100,0,1
2025.09.19,00:05:44,0.09737905513813358,0.1650249587113316,0.03912397123791729,0.07958461265450226,100,0,1
2025.09.19,00:10:44,0.10234020550879017,0.17359039201961995,0.0533959299595765,0.069482763401738,100,0,1
2025.09.19,00:15:44,0.07434520591990147,0.15638522273932365,0.02683939165316708,0.15629346253883153,100,0,1
2025.09.19,00:20:44,0.0353912257642488,0.10110333104637952,0.0014963076782208429,0.07116998203637477,100,0,1
2025.09.19,00:25:44,0.06287578532288951,0.12693975489266962,-0.006800524527333887,0.033756832859250525,100,0,1
2025.09.19,00:30:44,0.11285710229604598,0.17298371888210734,0.037540764910617,0.16078917129061776,100,0,1
2025.09.19,00:35:44,0.04576656465636888,0.09093926662583929,-0.021957969637883802,0.008491290867821261,100,0,1
2025.09.19,00:40:44,0.045388253556329715,0.10546928048919205,-0.0005999122348422856,0.040843383123354844,100,0,1
2025.09.19,00:45:44,0.07941264571924649,0.15279614591713178,0.049054384086524544,0.11309324929132432,100,0,1
2025.09.19,00:50:44,-0.013217696264463489,0.03038975154293247,-0.05932932560031322,-0.03558087347368814,100,0,1
2025.09.19,00:55:44,-0.1378617608889648,-0.08751717755476235,-0.18684147792418307,-0.12958375228125676,100,0,1
2025.09.19,01:00:44,-0.1258230424141803,-0.07599237282063559,-0.17909220847914234,-0.08927722048709077,100,0,1
2025.09.19,01:05:44,-0.1676630431158957,-0.12098954372451196,-0.2080066427904882,-0.1791019305052058,100,0,1
2025.09.19,01:10:44,-0.11511255871759879,-0.06116541423020299,-0.14758380249103847,-0.08285727460090278,100,0,1
2025.09.19,01:15:44,-0.17068207170453895,-0.12156211747188558,-0.22612441047287885,-0.12594654515581127,100,0,1
2025.09.19,01:20:44,-0.1717710456193829,-0.14908717445710523,-0.22710610726975233,-0.161531387752051,100,0,1
2025.09.19,01:25:44,-0.18732511250819467,-0.1530883182111111,-0.2426233020219585,-0.1690862605651705,100,0,1
2025.09.19,01:30:44,-0.18601733818210828,-0.14999555551791327,-0.24795418565968588,-0.21525432455921392,100,0,1
2025.09.19,01:35:44,-0.15696546518941704,-0.12056984370120916,-0.20508303616202622,-0.14997934936543084,100,0,1
2025.09.19,01:40:44,-0.18472960719987475,-0.17403804770321696,-0.23274940031734898,-0.17985673166985638,100,0,1
2025.09.19,01:45:44,-0.11538864080700259,-0.043280596586126444,-0.14462998787513223,-0.10717099686689863,100,0,1
2025.09.19,01:50:44,-0.03488330000178545,0.044450333528493424,-0.09765588574297772,-0.09386856595423873,100,0,1
2025.09.19,01:55:44,-0.039415654651566503,0.013664198730865905,-0.05864935229255053,-0.03273524616575114,100,0,1
2025.09.19,02:00:44,-0.049997123848026674,-0.017180823793877024,-0.08156833591775735,-0.06844672256152579,100,0,1
2025.09.19,02:05:44,-0.07413056791043854,-0.026014836361723512,-0.15423424547620398,-0.04914331281092689,100,0,1
2025.09.19,02:10:44,-0.01691428847715036,0.04439164448444989,-0.07006861974720699,0.019915286162530327,100,0,1
2025.09.19,02:15:44,-0.07272496342990364,0.009925368860152634,-0.12069077259372028,-0.028120512343573545,100,0,1
2025.09.19,02:20:44,-0.08111242946856512,-0.009003916615751645,-0.12764962388347312,-0.03493029728879668,100,0,1
2025.09.19,02:25:44,-0.07475102620418005,0.0018662821132209156,-0.1229994045151404,-0.055121399966470586,100,0,1
2025.09.19,02:30:44,-0.07098717781724018,0.016476100621025697,-0.119932555977398,-0.022167914936914113,100,0,1
2025.09.19,02:35:44,-0.08745286343187568,-0.04777628162775958,-0.13026156765968633,-0.09122035493246204,100,0,1
2025.09.19,02:40:44,0.012098009878599637,0.06608804263228166,-0.0313326444769791,0.031132208704347304,100,0,1
2025.09.19,02:45:44,0.12137758719524018,0.18269498206525764,0.08033207123103188,0.12836324781049888,100,0,1
2025.09.19,02:50:44,0.08317986904598097,0.13387352931044882,0.0372771493283493,0.04664225125330984,100,0,1
2025.09.19,02:55:44,0.11015329253924074,0.16484006663102913,0.06496377617771279,0.1556940258559963,100,0,1
2025.09.19,03:00:44,0.0902800338202574,0.14773986425603408,0.04439271399117847,0.13136620159398238,100,0,1
2025.09.19,03:05:44,0.09166335728359351,0.12025828021769104,0.03888798763037325,0.04480860340290781,100,0,1
2025.09.19,03:10:44,0.033058507611379975,0.04802600949782232,-0.026446481275243378,0.014599473015503468,100,0,1
2025.09.19,03:15:44,0.08309898101410182,0.12968392865845954,0.04958664427919618,0.06100048962226835,100,0,1
2025.09.19,03:20:44,0.11567813166436441,0.17143353074876722,0.018913105156994584,0.045369737537601054,100,0,1
2025.09.19,03:25:44,0.1599047415614304,0.18669940515126077,0.1271416826585609,0.15761113876045602,100,0,1
2025.09.19,03:30:44,0.19364074180218527,0.2865169126223984,0.1758957931557294,0.27617759469884684,100,0,1
2025.09.19,03:35:44,0.22378170455404203,0.2651025273122245,0.160970550963706,0.1679445160701982,100,0,1
2025.09.19,03:40:44,0.2684434495312944,0.31427780178303916,0.22721108038238721,0.24846577291392163,100,0,1
2025.09.19,03:45:44,0.21775188202871387,0.2612511602990262,0.15497549498687388,0.20715841220748576,100,0,1
2025.09.19,03:50:44,0.14489876795119958,0.22386776221813945,0.10747560861139274,0.1631692689497462,100,0,1
2025.09.19,03:55:44,0.14170342119925625,0.20055446970645713,0.08419195107009207,0.15862076639075007,100,0,1
2025.09.19,04:00:44,0.1356140285635942,0.18383855817840816,0.09052989216433668,0.1740577568311149,100,0,1
2025.09.19,04:05:44,0.15439502408884803,0.1981900913638352,0.09276898389095362,0.14939066100363488,100,0,1
2025.09.19,04:10:44,0.23240879416082103,0.27628905404650994,0.1729295290749459,0.26525073343701655,100,0,1
2025.09.19,04:15:44,0.2924856205300532,0.3535128404738146,0.21590711934326234,0.3282725822391,100,0,1
2025.09.19,04:20:44,0.264936972762881,0.31681214622186116,0.2089504006497367,0.29600909730806146,100,0,1
2025.09.19,04:25:44,0.20928276554875183,0.24381289375788723,0.177595966782866,0.18957140509806225,100,0,1
2025.09.19,04:30:44,0.2439845898784117,0.2881298362398577,0.16655526604852822,0.2236794996938157,100,0,1
2025.09.19,04:35:44,0.25209925962205154,0.2964614945628382,0.19282827670521782,0.28947481725210544,100,0,1
2025.09.19,04:40:44,0.16245584725001036,0.2118697844230373,0.1324308586525999,0.1389336910516461,100,0,1
2025.09.19,04:45:44,0.09089596774891577,0.12650977832226126,0.024613717879491015,0.04593987773321075,100,0,1
2025.09.19,04:50:44,0.07753312337249024,0.11056198247612663,-0.003246030379837145,0.10490571916475017,100,0,1
2025.09.19,04:55:44,0.028134925744348217,0.06656162855205397,-0.0537835408949222,0.04235807926060724,100,0,1
2025.09.19,05:00:44,0.016274235495174455,0.04183251253872515,-0.009402994891843812,0.021594629720813246,100,0,1
2025.09.19,05:05:44,-0.06909926607173303,-0.06633678766998351,-0.1352546110825023,-0.09848161781981077,100,0,1
2025.09.19,05:10:44,-0.1262901740513126,-0.08039345653899682,-0.19754436978354695,-0.09359869516471367,100,0,1
2025.09.19,05:15:44,-0.05664265972625687,-0.0074373562523923215,-0.14876074139008244,-0.03711357530208316,100,0,1
2025.09.19,05:20:44,-0.11415533056344411,-0.05340758089465554,-0.15743905049061588,-0.15630978113843916,100,0,1
2025.09.19,05:25:44,-0.004136253085027483,0.08032232370525226,-0.09950565844477811,0.03126289826305832,100,0,1
2025.09.19,05:30:44,-0.0006810732528327191,0.05399475004975242,-0.05780512868000595,0.0022813155336931096,100,0,1
2025.09.19,05:35:44,-0.004936634662236103,0.051606697261296956,-0.05308650576424501,0.006210099970558797,100,0,1
2025.09.19,05:40:44,-0.021572522567019883,0.0207723630040697,-0.06859980822423116,0.01919866865038164,100,0,1
2025.09.19,05:45:44,-0.06445842221905353,-0.01044882795600964,-0.11364146268796647,-0.030948799124876164,100,0,1
2025.09.19,05:50:44,-0.08463601250752784,-0.009666945693488846,-0.09655781618795442,-0.05867013791376076,100,0,1
2025.09.19,05:55:44,-0.19051439901737996,-0.16316580686307047,-0.23495271753944963,-0.23015201379773084,100,0,1
2025.09.19,06:00:44,-0.10191223198884744,-0.04314623700855677,-0.11840116285509647,-0.07359061669814962,100,0,1
2025.09.19,06:05:44,-0.16837208578299723,-0.100786374214419,-0.1992789993331339,-0.10247091685572209,100,0,1
2025.09.19,06:10:44,-0.2164046037836888,-0.17084276349183455,-0.26075858613357633,-0.19994380052269473,100,0,1
2025.09.19,06:15:44,-0.13383676653659082,-0.1142224855327961,-0.22478698886788961,-0.2063364584363033,100,0,1
2025.09.19,06:20:44,-0.0346070206054193,0.01211411986718302,-0.06916471260068457,-0.05913018820580129,100,0,1
2025.09.19,06:25:44,-0.10781622434862534,-0.06907133452045211,-0.143431669069342,-0.12381839973287452,100,0,1
2025.09.19,06:30:44,-0.09715854573580367,-0.03903985044624235,-0.1485241675179429,-0.07015374396515868,100,0,1
2025.09.19,06:35:44,-0.15875375019309873,-0.13996858033116572,-0.16588668271653376,-0.14148331922461996,100,0,1
2025.09.19,06:40:44,-0.09119715362493878,-0.088476162097085,-0.1164850659343446,-0.09046274676157194,100,0,1
2025.09.19,06:45:44,-0.023905941955230152,-0.002443350513407442,-0.07325586959470229,-0.056028279341313214,100,0,1
2025.09.19,06:50:44,-0.02009420386068452,0.025905177166578246,-0.0819421090113963,-0.016380834016453988,100,0,1
2025.09.19,06:55:44,0.032737184650644444,0.10613381611502888,-0.02092883604643865,-0.014443849627408495,100,0,1
2025.09.19,07:00:44,0.0019675567996875268,0.015259068141001232,-0.05906034687526634,-0.018757649725610816,100,0,1
2025.09.19,07:05:44,-0.08080037494183895,-0.03824732070107402,-0.1437804009147426,-0.10501336849776698,100,0,1
2025.09.19,07:10:44,-0.025253960325220405,0.014455911784772638,-0.0691052176973692,-0.05811277017012447,100,0,1
2025.09.19,07:15:44,0.05677377558053336,0.14143835329229645,0.013039368400794608,0.03889882682511361,100,0,1
2025.09.19,07:20:44,0.1652180686886096,0.18773337339422533,0.12031414944670604,0.17999142491844933,100,0,1
2025.09.19,07:25:44,0.2417779363617964,0.2986170482538749,0.1769680608670166,0.2278560623977362,100,0,1
2025.09.19,07:30:44,0.14304801705560005,0.1989013863316576,0.06811757485489793,0.1117702031419177,100,0,1
2025.09.19,07:35:44,0.1652915183321912,0.2008396194151056,0.1172870198790866,0.13525329202272374,100,0,1
2025.09.19,07:40:44,0.20266571116450688,0.30347099806213196,0.15916916356892072,0.2381684584183999,100,0,1
2025.09.19,07:45:44,0.2837429800315347,0.3459671197439438,0.22917478196887217,0.25484930348454526,100,0,1
2025.09.19,07:50:44,0.35024359100036356,0.4310610874275129,0.30940717353075353,0.3985602210697641,100,0,1
2025.09.19,07:55:44,0.3488497802258925,0.40111907310992967,0.26736210672465205,0.3350819495930486,100,0,1
2025.09.19,08:00:44,0.36185093233398846,0.40693670256228626,0.254870965515302,0.3114586296525577,100,0,1
2025.09.19,08:05:44,0.3926904801513603,0.4352799615259037,0.3877404853885622,0.40242582107169333,100,0,1
2025.09.19,08:10:44,0.33996953376578404,0.3793813160029945,0.28482579246511125,0.3097385454884001,100,0,1
2025.09.19,08:15:44,0.3629784990441158,0.4184723455020799,0.3173730788937925,0.3951689627690309,100,0,1
2025.09.19,08:20:44,0.3406786612136165,0.35850260378656007,0.2743042227809521,0.34932585103398517,100,0,1
2025.09.19,08:25:44,0.28408238738265246,0.34990229114623117,0.23262437507345987,0.24381703607906463,100,0,1
2025.09.19,08:30:44,0.2611673530800043,0.3054700172069776,0.21681434424937146,0.2749408184628079,100,0,1
2025.09.19,08:35:44,0.2713104492269874,0.34529365337866885,0.2174037533393838,0.33472911662891575,100,0,1
2025.09.19,08:40:44,0.27668791441178603,0.31291273712538553,0.21788385346538525,0.22987203639230525,100,0,1
2025.09.19,08:45:44,0.29702920580437164,0.34340893928447197,0.24447166195771652,0.33895664218725674,100,0,1
2025.09.19,08:50:44,0.34380795201342945,0.3817165557059682,0.2827373134805534,0.2839096977990226,100,0,1
2025.09.19,08:55:44,0.35640546281716795,0.4099407862443664,0.3062207728709778,0.34230378654664045,100,0,1
2025.09.19,09:00:44,0.31417347661798556,0.36075357536365865,0.26640804771167514,0.33923445350540676,100,0,1
2025.09.19,09:05:44,0.27629221158607603,0.32358669580332455,0.22961642790193143,0.32208565759049473,100,0,1
2025.09.19,09:10:44,0.234087543374674,0.27325392005455884,0.17937988015437387,0.22301901363393517,100,0,1
2025.09.19,09:15:44,0.19832555846572736,0.2531202735163379,0.15835665417174827,0.22261041183774488,100,0,1
2025.09.19,09:20:44,0.2687227034372783,0.3514936000477401,0.23032747922918256,0.30977178803233785,100,0,1
2025.09.19,09:25:44,0.21217370741597757,0.26321571634544927,0.14665037965600486,0.23806364074684372,100,0,1
2025.09.19,09:30:44,0.2224528395372422,0.26302916224961825,0.19831874134811697,0.26263176279258027,100,0,1
2025.09.19,09:35:44,0.10888941600677995,0.16102481615178857,0.051873093759752326,0.135988185381842,100,0,1
2025.09.19,09:40:44,0.14115119985128272,0.18326706308991308,0.11722177705276587,0.12991088255988611,100,0,1
2025.09.19,09:45:44,0.12859987221702263,0.1787517965386008,0.08749871123093061,0.15115888290755616,100,0,1
2025.09.19,09:50:44,0.09574582398460925,0.10038792310961116,-0.001680419565470423,0.0378173939467969,100,0,1
2025.09.19,09:55:44,0.1585252632243743,0.19342176411123763,0.1359987853931469,0.18004892877341078,100,0,1
2025.09.19,10:00:44,0.08308930104606696,0.11961477525614872,0.012856974801666254,0.11366840965313678,100,0,1
2025.09.19,10:05:44,0.16161602577196682,0.23090575996198393,0.08844384455545504,0.09507367595518917,100,0,1
2025.09.19,10:10:44,0.13429317489946052,0.1794017923026554,0.08805815969158398,0.14594250668280265,100,0,1
2025.09.19,10:15:44,0.006137553129359187,0.06968161422884295,-0.02997460265629876,0.05156536176075479,100,0,1
2025.09.19,10:20:44,0.04957021175623454,0.09865256241355999,0.0012848484389431508,0.009786755350389243,100,0,1
2025.09.19,10:25:44,-0.03327806931724019,-0.028344974503530816,-0.09059726876074814,-0.07343606530708602,100,0,1
2025.09.19,10:30:44,0.0011568912659263566,0.05988198911862548,-0.060126551588772545,-0.014523670916935752,100,0,1
2025.09.19,10:35:44,0.0056870427930482935,0.043084524679568845,-0.06613968652895798,-0.0300806796301335,100,0,1
2025.09.19,10:40:44,-0.06648104262086313,0.00710183142018514,-0.11642923270768174,-0.054460724987286456,100,0,1
2025.09.19,10:45:44,-0.03586291621466722,0.0033298496591296217,-0.07004951197760395,-0.0022882153774636954,100,0,1
2025.09.19,10:50:44,-0.06857365595008719,-0.0105248386598999,-0.13102335364899284,-0.04618984909841582,100,0,1
2025.09.19,10:55:44,-0.17781993521877795,-0.14249277181955713,-0.20955911027738328,-0.19206715195927215,100,0,1
2025.09.19,11:00:44,-0.17462820995266412,-0.115767590589259,-0.2341062892162084,-0.11756250241559393,100,0,1
2025.09.19,11:05:44,-0.12966516711997053,-0.10106972118272897,-0.19394281815950057,-0.19269135311177268,100,0,1
2025.09.19,11:10:44,-0.08738499713457239,-0.037999527264590854,-0.1205165634052574,-0.07618296615000003,100,0,1
2025.09.19,11:15:44,-0.05877464649888629,-0.024820219405740737,-0.1101454280970535,-0.046961175236078026,100,0,1
2025.09.19,11:20:44,-0.04929980749326076,0.010768686799974864,-0.09316697616034247,-0.08201276004921423,100,0,1
2025.09.19,11:25:44,0.04613448752335965,0.12711896728813027,-0.02631841759720857,0.08969240160012282,100,0,1
2025.09.19,11:30:44,0.02576338066798599,0.08980219678201191,-0.03706633937752428,0.06535629874645597,100,0,1
2025.09.19,11:35:44,0.06489960566221531,0.10830868146666175,0.018773063223164806,0.0979757295643478,100,0,1
2025.09.19,11:40:44,0.03717779203901516,0.05004633651011847,-0.00028387181862826044,0.005981598082356819,100,0,1
2025.09.19,11:45:44,-0.014668452487004909,0.04460136979267153,-0.03916697665852857,-0.015425131321870952,100,0,1
2025.09.19,11:50:44,-0.052528820188477016,-0.005820439569999683,-0.10026931335086706,-0.018238228291412015,100,0,1
2025.09.19,11:55:44,-0.0075475097134107254,0.06199049168022423,-0.07102419438214445,-0.019265708547496624,100,0,1
2025.09.19,12:00:44,0.0693313702869095,0.12493994390683978,-0.011073353475178793,0.11414449760094922,100,0,1
2025.09.19,12:05:44,0.030173832173999285,0.08995599035821908,0.017587774023856487,0.041536170079522095,100,0,1
2025.09.19,12:10:44,0.025752070738970907,0.05758620310323947,-0.04323361444648497,0.005384316921177162,100,0,1
2025.09.19,12:15:44,-0.007725842791213572,0.07950505064312,-0.060879216766827005,-0.05482690351995557,100,0,1
2025.09.19,12:20:44,-0.02360944907520908,0.019270360524065236,-0.07614983657154989,-0.059915977037750826,100,0,1
2025.09.19,12:25:44,0.009924994062614398,0.0822818064051732,-0.030308224380416172,-0.014187415220071092,100,0,1
2025.09.19,12:30:44,-0.03573282322079102,0.050325745581598996,-0.07647501833298129,0.017988141846228475,100,0,1
2025.09.19,12:35:44,0.01788970732698666,0.09742483446980287,-0.031385040867414754,-0.018733066391158737,100,0,1
2025.09.19,12:40:44,0.025957428387143367,0.05537179387257839,-0.03644633201540941,-2.5644884740883e-05,100,0,1
2025.09.19,12:45:44,-0.053575970874824054,-0.015036651537623673,-0.11466615955735107,-0.01843008887696168,100,0,1
2025.09.19,12:50:44,-0.11307827120614675,-0.06062618325471228,-0.15350810793592803,-0.13612044969236917,100,0,1
2025.09.19,12:55:44,-0.1571888950949999,-0.09751935991281022,-0.20424329072315225,-0.13334437499771085,100,0,1
2025.09.19,13:00:44,-0.1113790245120304,-0.058602057684509136,-0.19390915090040473,-0.08067123750284558,100,0,1
2025.09.19,13:05:44,-0.24705499779955553,-0.18368096147051105,-0.29935803697197383,-0.24378880107391282,100,0,1
2025.09.19,13:10:44,-0.3654144665927297,-0.3208647744591587,-0.4207368074236615,-0.3279668526960464,100,0,1
2025.09.19,13:15:44,-0.32829159288105136,-0.26989953681026224,-0.41649834023556465,-0.39499217792996405,100,0,1
2025.09.19,13:20:44,-0.34843411208630715,-0.29279356603571005,-0.36103288828674424,-0.3191951384223173,100,0,1
2025.09.19,13:25:44,-0.4278441063279707,-0.39482324748359526,-0.497803833496355,-0.4189716556332854,100,0,1
2025.09.19,13:30:44,-0.47293456916305876,-0.44583954691167793,-0.5082305063087522,-0.4758837795919786,100,0,1
2025.09.19,13:35:44,-0.5274502066166517,-0.4698796825676812,-0.6042107812867454,-0.5744643685951477,100,0,1
2025.09.19,13:40:44,-0.5918923956702044,-0.5418058210876968,-0.6455446991035815,-0.5799929859978101,100,0,1
2025.09.19,13:45:44,-0.6411212870048675,-0.5945781216345167,-0.7265665977015302,-0.6155588629171487,100,0,1
2025.09.19,13:50:44,-0.5959444129485142,-0.5692324304184786,-0.6659546541339642,-0.642859786342402,100,0,1
2025.09.19,13:55:44,-0.6774244743127028,-0.6460773859826283,-0.7230916157351893,-0.6577291913134801,100,0,1
2025.09.19,14:00:44,-0.6854076570691952,-0.6260762437095023,-0.7740923900763271,-0.6385794689374844,100,0,1
2025.09.19,14:05:44,-0.6325861960785992,-0.5704745932291134,-0.6941899868324913,-0.5880944270615678,100,0,1
2025.09.19,14:10:44,-0.6283850004993683,-0.5913458030583233,-0.663007747582711,-0.6190387014050956,100,0,1
2025.09.19,14:15:44,-0.6370165977769651,-0.5655183740408859,-0.6787268537648816,-0.6720677791517653,100,0,1
2025.09.19,14:20:44,-0.6640071293111739,-0.571148574440683,-0.7251148953844274,-0.5857417425129363,100,0,1
2025.09.19,14:25:44,-0.6470750225649559,-0.60927048119383,-0.6889401010754402,-0.611464025134359,100,0,1
2025.09.19,14:30:44,-0.6710697868234797,-0.6219132927890648,-0.7473206136556321,-0.7459593732091317,100,0,1
2025.09.19,14:35:44,-0.6414622236757359,-0.6356339315362262,-0.718448594257454,-0.6781688236507182,100,0,1
2025.09.19,14:40:44,-0.6587265271344783,-0.610677952717588,-0.7171392353854833,-0.7077694938554412,100,0,1
2025.09.19,14:45:44,-0.5957966584912296,-0.5811623028082987,-0.652740313755463,-0.5914042759845735,100,0,1
2025.09.19,14:50:44,-0.5942111311741461,-0.5600683368319446,-0.6328769005854655,-0.6324874656564238,100,0,1
2025.09.19,14:55:44,-0.5688699801437799,-0.532700971820701,-0.6190782251368204,-0.5574054814651723,100,0,1
2025.09.19,15:00:44,-0.6360619540838999,-0.5745186366716282,-0.7070569066670729,-0.6656600883267114,100,0,1
2025.09.19,15:05:44,-0.5510354974160625,-0.5010295929204208,-0.6034446954610138,-0.5337536867403476,100,0,1
2025.09.19,15:10:44,-0.45177447772844515,-0.38027796274524067,-0.5191268757795768,-0.4068609160216787,100,0,1
2025.09.19,15:15:44,-0.4367646843352943,-0.38982879307487206,-0.48539690718172923,-0.4041501205327134,100,0,1
2025.09.19,15:20:44,-0.3848835428630881,-0.3502641246827249,-0.4787931017137884,-0.45023768264845315,100,0,1
2025.09.19,15:25:44,-0.3371538867844071,-0.3180586847835319,-0.3709076321581807,-0.3397059355428667,100,0,1
2025.09.19,15:30:44,-0.35431036305715685,-0.27716687185712063,-0.361282667621755,-0.3519156457514272,100,0,1
2025.09.19,15:35:44,-0.3946944912061555,-0.348064335701019,-0.43539120889196825,-0.3802294299520961,100,0,1
2025.09.19,15:40:44,-0.3595170375272681,-0.3154646713009851,-0.4065272581245811,-0.32366353812065446,100,0,1
2025.09.19,15:45:44,-0.3151401732652089,-0.2748225173202894,-0.32954401048843557,-0.28921428642419245,100,0,1
2025.09.19,15:50:44,-0.29064873541266606,-0.24256426133193115,-0.3253130504311274,-0.31648298395755625,100,0,1
2025.09.19,15:55:44,-0.26705858305105,-0.24282535868889576,-0.3261933689376805,-0.2761955044177394,100,0,1
2025.09.19,16:00:44,-0.20073102708238916,-0.14905662537611167,-0.24935748814945868,-0.18936088133264997,100,0,1
2025.09.19,16:05:44,-0.1432674019981854,-0.08365149032616066,-0.1893406126846044,-0.1022393466254412,100,0,1
2025.09.19,16:10:44,-0.1961486895868748,-0.11522727207502478,-0.254108588062932,-0.1538045619916355,100,0,1
2025.09.19,16:15:44,-0.14132611718042862,-0.10187905586009711,-0.1861147802810161,-0.16342806151189165,100,0,1
2025.09.19,16:20:44,-0.06206461086224366,0.024380766884839367,-0.07334287745842648,-0.04061568823512569,100,0,1
2025.09.19,16:25:44,-0.08694032958363292,-0.0449144996111249,-0.12721886782738348,-0.09906004718601771,100,0,1
2025.09.19,16:30:44,-0.16449787841016952,-0.15032858485758047,-0.213345532213583,-0.2052780995328295,100,0,1
2025.09.19,16:35:44,-0.11285514789096425,-0.08133114148837993,-0.19180654345930165,-0.10600332574857904,100,0,1
2025.09.19,16:40:44,-0.12030857075892037,-0.08321425880867481,-0.19203350541551903,-0.13467586368154608,100,0,1
2025.09.19,16:45:44,-0.17539904285828117,-0.1512403502639049,-0.21844468479916807,-0.17672570381967823,100,0,1
2025.09.19,16:50:44,-0.18777922032529262,-0.1112716366354333,-0.26002233770054867,-0.15586949889451351,100,0,1
2025.09.19,16:55:44,-0.1475863106064918,-0.09052658648917103,-0.18681685421064104,-0.14557676435660855,100,0,1
2025.09.19,17:00:44,-0.2486440834064944,-0.16073439300275982,-0.2810128799913881,-0.25838395047455354,100,0,1
2025.09.19,17:05:44,-0.28837688777475745,-0.2687001168094218,-0.3320095366237008,-0.31446083206828856,100,0,1
2025.09.19,17:10:44,-0.32257735950785266,-0.29111620210467615,-0.3733927398918657,-0.3563702501703773,100,0,1
2025.09.19,17:15:44,-0.2557094227923244,-0.19103001628139482,-0.301369947217128,-0.20113085590694582,100,0,1
2025.09.19,17:20:44,-0.2832910375850947,-0.2565617338827738,-0.3194282059316539,-0.27747484846633597,100,0,1
2025.09.19,17:25:44,-0.3331157166078668,-0.2777942735148399,-0.38223801231831706,-0.3192093863460814,100,0,1
2025.09.19,17:30:44,-0.39317319143762214,-0.3608137435102179,-0.4218879620526438,-0.4136013132315218,100,0,1
2025.09.19,17:35:44,-0.3871938993091667,-0.33296640666117044,-0.4247729655729057,-0.4175988722450468,100,0,1
2025.09.19,17:40:44,-0.45523802663753493,-0.40270566244780126,-0.4969678431928798,-0.49284231181578686,100,0,1
2025.09.19,17:45:44,-0.5186855197986286,-0.4424538230332557,-0.5546141578719093,-0.4934998945270837,100,0,1
2025.09.19,17:50:44,-0.4821785544779181,-0.4536760783563526,-0.5616885902350298,-0.5043594965206329,100,0,1
2025.09.19,17:55:44,-0.4411241070018603,-0.42007477325178716,-0.5102769273154759,-0.47490961897745554,100,0,1
2025.09.19,18:00:44,-0.5523059098030446,-0.5002906999197844,-0.5989408662373337,-0.5836877936791848,100,0,1
2025.09.19,18:05:44,-0.5765984531118911,-0.5180687965123341,-0.646898132646886,-0.554191828880333,100,0,1
2025.09.19,18:10:44,-0.5981112395944703,-0.5692732755513477,-0.6248232347247058,-0.6028203236855506,100,0,1
2025.09.19,18:15:44,-0.5968784543024523,-0.5134138296215804,-0.6849907725461165,-0.6205535043099588,100,0,1
2025.09.19,18:20:44,-0.619483351023362,-0.5699478827286695,-0.6907172146084861,-0.6327557422633872,100,0,1
2025.09.19,18:25:44,-0.6041721408672613,-0.5703788634906028,-0.6839938920787099,-0.5846894409819119,100,0,1
2025.09.19,18:30:44,-0.5737869588567497,-0.5466726592959111,-0.6336677748110332,-0.5757732162090972,100,0,1
2025.09.19,18:35:44,-0.4712567435595534,-0.4147000880183632,-0.5225554760098405,-0.45078226482504097,100,0,1
2025.09.19,18:40:44,-0.42206983876896914,-0.3999107885641916,-0.4778022995406857,-0.4388760242399581,100,0,1
2025.09.19,18:45:44,-0.45710806388337044,-0.41999204623850267,-0.48403434814877266,-0.4409537938175049,100,0,1
2025.09.19,18:50:44,-0.43369941478290824,-0.41286698652059856,-0.45953807404787156,-0.4217803942425294,100,0,1
2025.09.19,18:55:44,-0.48999835552067483,-0.4271779203080721,-0.5332024459987487,-0.4686608435370588,100,0,1
2025.09.19,19:00:44,-0.5755863457696999,-0.5121140255028096,-0.631029377775711,-0.5687956363714056,100,0,1
2025.09.19,19:05:44,-0.5827627030998149,-0.5595801323053,-0.6204756589674583,-0.5899994056429252,100,0,1
2025.09.19,19:10:44,-0.5909385906496847,-0.5619262933425851,-0.6343241704161038,-0.6054212573029506,100,0,1
2025.09.19,19:15:44,-0.6654380663118059,-0.595623739304026,-0.7336563509570613,-0.7006271884914954,100,0,1
2025.09.19,19:20:44,-0.5940637442223917,-0.5518210322347502,-0.6553832512412154,-0.6115139001568721,100,0,1
2025.09.19,19:25:44,-0.6007186035023679,-0.5325131463534545,-0.6399979514725358,-0.5904119267823649,100,0,1
2025.09.19,19:30:44,-0.6206547560380223,-0.5609751323171454,-0.6865117142981433,-0.668446967998031,100,0,1
2025.09.19,19:35:44,-0.6150894670673014,-0.5820608797759621,-0.6563845689203708,-0.6080518275872107,100,0,1
2025.09.19,19:40:44,-0.6140917932300736,-0.5412660518214255,-0.637006996035282,-0.632850614298911,100,0,1
2025.09.19,19:45:44,-0.6801956805037815,-0.6670029456585321,-0.7079344847646454,-0.7008905141675219,100,0,1
2025.09.19,19:50:44,-0.7029563074204729,-0.62761870592643,-0.7953571829204966,-0.7269708177130628,100,0,1
2025.09.19,19:55:44,-0.7040198416144586,-0.6360422731227852,-0.7353062536421636,-0.6545667104733769,100,0,1
2025.09.19,20:00:44,-0.730500277741618,-0.6985041897882598,-0.8129056900101348,-0.7038190985393956,100,0,1
2025.09.19,20:05:44,-0.6574493388315067,-0.5791706967055582,-0.6753320832065053,-0.6587023817021075,100,0,1
2025.09.19,20:10:44,-0.6424024349774615,-0.6144724025692712,-0.6893702111021422,-0.6341048113996283,100,0,1
2025.09.19,20:15:44,-0.539757189053072,-0.50846775530627,-0.5858840067269366,-0.5279732142638118,100,0,1
2025.09.19,20:20:44,-0.5434937012001226,-0.5192650731738642,-0.5874971278447609,-0.5528121811065818,100,0,1
2025.09.19,20:25:44,-0.4837363632753603,-0.40880720084728817,-0.5243111603094452,-0.47708679365507645,100,0,1
2025.09.19,20:30:44,-0.5236087345581198,-0.47388526613785,-0.5676653956991262,-0.5371654377667472,100,0,1
2025.09.19,20:35:44,-0.5082966733764073,-0.4578728865386033,-0.5578543216441112,-0.4692037223798473,100,0,1
2025.09.19,20:40:44,-0.4634559320785425,-0.42874680379966496,-0.5221079766430816,-0.4549458999042202,100,0,1
2025.09.19,20:45:44,-0.532366195249058,-0.490040429161521,-0.568443420090509,-0.5197020581453028,100,0,1
2025.09.19,20:50:44,-0.5280556088015154,-0.4623490322533412,-0.6032813862024313,-0.5280291708036953,100,0,1
2025.09.19,20:55:44,-0.5908012388868491,-0.5442582700392775,-0.6798363876539808,-0.6363533966773929,100,0,1
2025.09.19,21:00:44,-0.5691693414911205,-0.5181491969758819,-0.6618523710147961,-0.6418216221378803,100,0,1
2025.09.19,21:05:44,-0.5270436013938323,-0.46477203477530893,-0.6070454821493534,-0.5467795142401826,100,0,1
2025.09.19,21:10:44,-0.5221680370152599,-0.49727697337713034,-0.5804309487720362,-0.5048178855265298,100,0,1
2025.09.19,21:15:44,-0.5235442649492298,-0.46469982420391914,-0.6102253900646806,-0.49908266176860466,100,0,1
2025.09.19,21:20:44,-0.43147772403091966,-0.37963957278604843,-0.49472361716324725,-0.38275004456684075,100,0,1
2025.09.19,21:25:44,-0.37969547333807235,-0.329239072972897,-0.41543882880568306,-0.3761442306200417,100,0,1
2025.09.19,21:30:44,-0.32892340830139566,-0.2695559624240335,-0.3687448115843468,-0.31960857787661806,100,0,1
2025.09.19,21:35:44,-0.36670422530428626,-0.321113801460491,-0.40045788413021444,-0.3591646823229594,100,0,1
2025.09.19,21:40:44,-0.3650134115356504,-0.2846989762370091,-0.4174853531254767,-0.31730020996157937,100,0,1
2025.09.19,21:45:44,-0.34818364606764884,-0.3121387609236985,-0.4214930176486095,-0.3755849514279012,100,0,1
2025.09.19,21:50:44,-0.35442441676531294,-0.292737232430775,-0.3981928333328194,-0.3180476177107462,100,0,1
2025.09.19,21:55:44,-0.4045274860977438,-0.39503201773275337,-0.4646332884265419,-0.44502532718361576,100,0,1
2025.09.19,22:00:44,-0.4678301099354994,-0.38127095099661723,-0.4993043377134385,-0.42311329919868834,100,0,1
2025.09.19,22:05:44,-0.47904183101196085,-0.40386747268671014,-0.5247670258473776,-0.4509922190327267,100,0,1
2025.09.19,22:10:44,-0.5944736625333933,-0.5504002068087682,-0.6683072957942732,-0.6245641582773268,100,0,1
2025.09.19,22:15:44,-0.546300461907329,-0.46422964386505994,-0.6154834509273014,-0.546693324514064,100,0,1
2025.09.19,22:20:44,-0.49373471556793175,-0.4480154181930343,-0.521345807265718,-0.4733495049119683,100,0,1
2025.09.19,22:25:44,-0.4727899491602259,-0.4431746277345692,-0.5266307603243265,-0.46536047108625433,100,0,1
2025.09.19,22:30:44,-0.5168579243670312,-0.43792576857760557,-0.5452601408277024,-0.5184807655480127,100,0,1
2025.09.19,22:35:44,-0.38831655127311787,-0.3408834428973411,-0.44853423707558604,-0.40670118294026836,100,0,1
2025.09.19,22:40:44,-0.4105932287079761,-0.36702734654290947,-0.48173809985865373,-0.45662288943940754,100,0,1
2025.09.19,22:45:44,-0.46274307366548467,-0.43260340501964967,-0.5139486225419427,-0.5108693889063934,100,0,1
2025.09.19,22:50:44,-0.5062424250062798,-0.4121915641179897,-0.5616585387642753,-0.47940024607907444,100,0,1
2025.09.19,22:55:44,-0.46571020359105375,-0.4029512020683933,-0.5251626962553884,-0.4784458128893502,100,0,1
2025.09.19,23:00:44,-0.5354886676822943,-0.4840841274309012,-0.6163243035084596,-0.529620240623384,100,0,1
2025.09.19,23:05:44,-0.5404511608749737,-0.516447308608835,-0.5647821490115319,-0.5560239727182413,100,0,1
2025.09.19,23:10:44,-0.4789351531017059,-0.4140507682635962,-0.5115412333850443,-0.44955964561247297,100,0,1
2025.09.19,23:15:44,-0.5669678351306633,-0.5274550556743136,-0.6052143589139938,-0.5518933203079399,100,0,1
2025.09.19,23:20:44,-0.6164695925288741,-0.5473342447965613,-0.661059025153523,-0.5815555744760053,100,0,1
2025.09.19,23:25:44,-0.6201082928728994,-0.5498809185630813,-0.6472546005076809,-0.5955637152873571,100,0,1
2025.09.19,23:30:44,-0.6428315138937978,-0.5885115764951959,-0.7427664929756058,-0.6012733939350965,100,0,1
2025.09.19,23:35:44,-0.6700540245867432,-0.6110956764697499,-0.6951468756937444,-0.6838528855176413,100,0,1
2025.09.19,23:40:44,-0.7308280397928291,-0.6667780899847375,-0.8037230969965858,-0.7011461528699039,100,0,1
2025.09.19,23:45:44,-0.7111855668005385,-0.6428177401100488,-0.7459894036530188,-0.7136365310882843,100,0,1
2025.09.19,23:50:44,-0.6687449397971289,-0.6432012441479543,-0.7275879629908649,-0.7228791424948684,100,0,1
2025.09.19,23:55:44,-0.7089814230352232,-0.6497323555117656,-0.754821388019691,-0.7074215263407314,100,0,1
2025.09.20,00:00:44,-0.7552333894221749,-0.6605938993348042,-0.8489586780788843,-0.684907093286424,100,0,1
2025.09.20,00:05:44,-0.8713981549187945,-0.8265153411599233,-0.920688396442858,-0.8839310879087242,100,0,1
2025.09.20,00:10:44,-0.805996286568783,-0.7603450092524207,-0.869454964865106,-0.7778823900322351,100,0,1
2025.09.20,00:15:44,-0.7943243513916621,-0.7307104040732473,-0.8547340572215564,-0.7323442460899089,100,0,1
2025.09.20,00:20:44,-0.7835575940697848,-0.7121777316514616,-0.809461698097853,-0.7777978354348352,100,0,1
2025.09.20,00:25:44,-0.8042851932719769,-0.7858061270889793,-0.8443877362754754,-0.8105656969624261,100,0,1
2025.09.20,00:30:44,-0.7354527554950496,-0.6723855992051847,-0.7808410254645151,-0.6837497111230125,100,0,1
2025.09.20,00:35:44,-0.6735847420529515,-0.605591558829642,-0.747303421441043,-0.7038864520732915,100,0,1
2025.09.20,00:40:44,-0.7142775326825644,-0.6616019636047897,-0.754554855629353,-0.7410153171631293,100,0,1
2025.09.20,00:45:44,-0.7612493991534681,-0.6990989049695171,-0.8317963601436353,-0.7179910065524538,100,0,1
2025.09.20,00:50:44,-0.7449737101594291,-0.7027538728432414,-0.8238580277968642,-0.7667415432350352,100,0,1
2025.09.20,00:55:44,-0.8040125994263678,-0.7718628159696707,-0.8643482485207419,-0.806649695167944,100,0,1
2025.09.20,01:00:44,-0.8085305568537933,-0.7424085422981496,-0.8775671804778286,-0.7892172857790174,100,0,1
2025.09.20,01:05:44,-0.7812950386599622,-0.7486112697143358,-0.8456372255578244,-0.8150300085547316,100,0,1
2025.09.20,01:10:44,-0.8198371566666117,-0.7699737253132578,-0.8581908852195603,-0.8238078827551255,100,0,1
2025.09.20,01:15:44,-0.9036331831247539,-0.8623213443945342,-0.9958907789608242,-0.9028461368117834,100,0,1
2025.09.20,01:20:44,-0.9355874880075689,-0.9065675652353589,-0.9954197907387838,-0.9377626993116112,100,0,1
2025.09.20,01:25:44,-0.9297438175187912,-0.90705721860091,-0.9702932522345952,-0.9342161150155711,100,0,1
2025.09.20,01:30:44,-0.9703059125901244,-0.9228298015814889,-0.9801594943768829,-0.959456630657125,100,0,1
2025.09.20,01:35:44,-0.959908714390866,-0.9284985578465381,-0.9861010073726695,-0.9645439138188738,100,0,1
2025.09.20,01:40:44,-1.0219809892086162,-0.9721975844121865,-1.0615270982908989,-1.0563897109403355,100,0,1
2025.09.20,01:45:44,-0.9779837164242993,-0.9371076892865454,-1.0347463309349973,-0.9511671338454729,100,0,1
2025.09.20,01:50:44,-1.0828601861720748,-1.0291733934961345,-1.0974167252266003,-1.053722157327629,100,0,1
2025.09.20,01:55:44,-1.1821360772142993,-1.1440133130564145,-1.2532126994353692,-1.2002613511927804,100,0,1
2025.09.20,02:00:44,-1.1973087431421776,-1.1200586968541586,-1.260573577100554,-1.2553899631998016,100,0,1
2025.09.20,02:05:44,-1.2592441525474445,-1.2092662359785606,-1.2878255408837156,-1.2334119682483513,100,0,1
2025.09.20,02:10:44,-1.2191637609857742,-1.1659239388936549,-1.2848817288787844,-1.2206271366143226,100,0,1
2025.09.20,02:15:44,-1.1822190062842974,-1.145807265549625,-1.2617078703689824,-1.2323085466590906,100,0,1
2025.09.20,02:20:44,-1.167769092902976,-1.1105996318060565,-1.1937828286653969,-1.1761652768933348,100,0,1
2025.09.20,02:25:44,-1.0909247597153082,-1.0333483412857682,-1.1549776266474376,-1.1106592770984307,100,0,1
2025.09.20,02:30:44,-1.1294392830009803,-1.056740837749665,-1.223128807574081,-1.1521380125693002,100,0,1
2025.09.20,02:35:44,-1.053657238942686,-1.0176678697598665,-1.141605970456081,-1.1362105031510452,100,0,1
2025.09.20,02:40:44,-0.955193164793942,-0.9270707666773769,-0.9929668922902954,-0.9376855331550122,100,0,1
2025.09.20,02:45:44,-0.9436260326330712,-0.9072108501227228,-0.9914515245971056,-0.9552251333431007,100,0,1
2025.09.20,02:50:44,-0.8921614326136804,-0.8654166348543435,-0.9379172204739215,-0.8698050445392425,100,0,1
2025.09.20,02:55:44,-0.7795226527520749,-0.7456782485581576,-0.8008869245237628,-0.7523324082665896,100,0,1
2025.09.20,03:00:44,-0.8274436227744907,-0.7699924394285639,-0.8715565461619643,-0.8631912005373997,100,0,1
2025.09.20,03:05:44,-0.8718691609183121,-0.8149119158439059,-0.9249807801922022,-0.9222545058095207,100,0,1
2025.09.20,03:10:44,-0.7929474357300365,-0.7496246145233821,-0.8173589258150322,-0.7581089674491774,100,0,1
2025.09.20,03:15:44,-0.7309022218888307,-0.6859501791802535,-0.7912774470367281,-0.7664134006543774,100,0,1
2025.09.20,03:20:44,-0.6252752863741708,-0.5474925478864656,-0.7063527302689538,-0.6777902185281406,100,0,1
2025.09.20,03:25:44,-0.6053452270696555,-0.5719880158546176,-0.6594263851989661,-0.635856762156614,100,0,1
2025.09.20,03:30:44,-0.665604955274337,-0.6218278099079875,-0.7375172283285452,-0.7298785906406325,100,0,1
2025.09.20,03:35:44,-0.835022527299727,-0.7608830340094155,-0.901250770022944,-0.8408102261572855,100,0,1
2025.09.20,03:40:44,-0.8780031852338671,-0.8396251823496934,-0.9218370410963269,-0.8827129982131965,100,0,1
2025.09.20,03:45:44,-0.9325940981113415,-0.8606794325793456,-0.9883248772227803,-0.8735262665303253,100,0,1
2025.09.20,03:50:44,-0.9094246188005034,-0.8344550913245496,-0.9659466816928639,-0.9252556775212434,100,0,1
2025.09.20,03:55:44,-0.9428204483886697,-0.8624608058575776,-1.0119488204963583,-0.9334621319833452,100,0,1
2025.09.20,04:00:44,-0.8858503809686579,-0.8181684382590336,-0.9439635992446848,-0.9242736043966908,100,0,1
2025.09.20,04:05:44,-0.807308608311549,-0.7588636972281388,-0.866119270052279,-0.8312294668223983,100,0,1
2025.09.20,04:10:44,-0.8243449370404716,-0.7764514976594743,-0.8597695095376754,-0.8360287701636611,100,0,1
2025.09.20,04:15:44,-0.8543293485380137,-0.8117987892909171,-0.8923728421462677,-0.8541265202893914,100,0,1
2025.09.20,04:20:44,-0.9129545769503995,-0.8586694154363048,-0.9779383149105058,-0.929948109142166,100,0,1
2025.09.20,04:25:44,-0.8846971765517884,-0.858857069557357,-0.9255137743725023,-0.8883004178849272,100,0,1
2025.09.20,04:30:44,-0.9141542935172795,-0.8923140067923523,-0.9508820477210616,-0.9228157012904894,100,0,1
2025.09.20,04:35:44,-0.9801822182232643,-0.9212641762984596,-1.0301955119135462,-0.9331269708186876,100,0,1
2025.09.20,04:40:44,-1.0321886591669729,-1.0010101910539608,-1.0851883116112493,-1.0801066948946016,100,0,1
2025.09.20,04:45:44,-1.0925647806661698,-1.061384387147923,-1.1273084482047926,-1.0702420384753983,100,0,1
2025.09.20,04:50:44,-1.0375519442203538,-0.9866073450655678,-1.0779536771889213,-1.0086296009043167,100,0,1
2025.09.20,04:55:44,-0.976645472160937,-0.9393228159009568,-1.006774197048478,-1.0001023720249929,100,0,1
2025.09.20,05:00:44,-1.0743169718756398,-1.0338736336052239,-1.1429914707048412,-1.115521643507739,100,0,1
2025.09.20,05:05:44,-1.0011825714674134,-0.9670284965793857,-1.0387190242017486,-0.9866396108508597,100,0,1
2025.09.20,05:10:44,-1.0589887618261482,-1.0067569159894536,-1.1053151809558914,-1.0712619412655782,100,0,1
2025.09.20,05:15:44,-1.0932660460967436,-1.0538215839875937,-1.1221777691882575,-1.0816562984554015,100,0,1
2025.09.20,05:20:44,-1.1192012211909979,-1.03250038976134,-1.1852681055862329,-1.1814730896366283,100,0,1
2025.09.20,05:25:44,-1.025964141118539,-0.9563028007682324,-1.0777171046783414,-0.9747026191509265,100,0,1
2025.09.20,05:30:44,-0.9832732042581833,-0.9514590046444417,-1.0381153769494678,-0.9938698667470063,100,0,1
2025.09.20,05:35:44,-0.9346921715075376,-0.8781580723985952,-0.9855994831651387,-0.9464107678558374,100,0,1
2025.09.20,05:40:44,-0.9216511080688418,-0.88577579242107,-0.9524600892279463,-0.9115916664799099,100,0,1
2025.09.20,05:45:44,-0.9868235201224572,-0.9386134375694769,-1.0152552090499984,-0.9995083869740585,100,0,1
2025.09.20,05:50:44,-1.0092805060263725,-0.9368123388994785,-1.1056445867497433,-1.0694217357213693,100,0,1
2025.09.20,05:55:44,-0.9762527796372132,-0.9449490575230074,-1.022019449129261,-0.9654576056056551,100,0,1
2025.09.20,06:00:44,-0.9328713492849464,-0.8951651569478793,-0.9433155064013571,-0.9030079473931854,100,0,1
2025.09.20,06:05:44,-0.9514725036156175,-0.8916079002341993,-1.0265389199210904,-0.9250094857694889,100,0,1
2025.09.20,06:10:44,-0.947831653245712,-0.884547863562263,-0.9759357033759521,-0.9502425487127283,100,0,1
2025.09.20,06:15:44,-0.8991358467445223,-0.8429943836494377,-0.9343927585442914,-0.8993634508406032,100,0,1
2025.09.20,06:20:44,-0.8776001641877386,-0.832805896375259,-0.941903360166085,-0.8565235635437268,100,0,1
2025.09.20,06:25:44,-0.8672252475448947,-0.8133704159851425,-0.9321033137078563,-0.9015854194109808,100,0,1
2025.09.20,06:30:44,-0.8068163990133456,-0.7915625009954054,-0.8515283664616863,-0.8386955402956721,100,0,1
2025.09.20,06:35:44,-0.8448942517741471,-0.7566338706612297,-0.90041235297316,-0.8345415054620683,100,0,1
2025.09.20,06:40:44,-0.8409719901745877,-0.7895320845280674,-0.8962796695026561,-0.8012504375460855,100,0,1
2025.09.20,06:45:44,-0.7756390295941153,-0.7511397684507939,-0.8192353642839516,-0.7766204595849378,100,0,1
2025.09.20,06:50:44,-0.7064343787057553,-0.6562746840294145,-0.7557278120607254,-0.6684581779971952,100,0,1
2025.09.20,06:55:44,-0.7501631304651283,-0.6979768950082788,-0.8103341164735085,-0.7298706253636889,100,0,1
2025.09.20,07:00:44,-0.7889846533302878,-0.7377830389008337,-0.8397755234807641,-0.7610568624131747,100,0,1
2025.09.20,07:05:44,-0.7722719074143015,-0.714196406147514,-0.8354025426574867,-0.7598353433436094,100,0,1
2025.09.20,07:10:44,-0.730506698868032,-0.6609730121539388,-0.7403825188888747,-0.7248123630555479,100,0,1
2025.09.20,07:15:44,-0.8355426146160074,-0.825994861341801,-0.8422899390988681,-0.8348185374268675,100,0,1
2025.09.20,07:20:44,-0.9068269535711179,-0.8652511222793677,-0.9361358558372598,-0.9177203311734402,100,0,1
2025.09.20,07:25:44,-0.9678313949170928,-0.9044634583879102,-1.0457580124681356,-0.9712795511326296,100,0,1
2025.09.20,07:30:44,-0.9471322414384282,-0.8863923014738002,-0.9849002159282179,-0.9710784115423693,100,0,1
2025.09.20,07:35:44,-0.9551025762885419,-0.9084921763638434,-0.9915046199387629,-0.9727007393705486,100,0,1
2025.09.20,07:40:44,-0.9185909299813771,-0.8418055922411887,-0.985774827121394,-0.9078336740940459,100,0,1
2025.09.20,07:45:44,-0.9217036462310959,-0.8904692928262103,-0.9758405191804524,-0.9088271358733725,100,0,1
2025.09.20,07:50:44,-0.9351842427569698,-0.8594497120679191,-1.0046317565297578,-0.8922360990727705,100,0,1
2025.09.20,07:55:44,-0.8948535897477492,-0.8511222019997482,-0.9709528288502627,-0.9625567341377483,100,0,1
2025.09.20,08:00:44,-0.8721164574373663,-0.8448193898539238,-0.9307968985114481,-0.9046607163922948,100,0,1
2025.09.20,08:05:44,-0.941877254612559,-0.8780350922501053,-0.9772336495588249,-0.9105336287395989,100,0,1
2025.09.20,08:10:44,-0.9491240455970007,-0.916941360439493,-1.014685418716373,-0.9433172883304546,100,0,1
2025.09.20,08:15:44,-0.9784595687846978,-0.9344941369175034,-1.0163936618690086,-0.9356645282961321,100,0,1
2025.09.20,08:20:44,-0.9835900770514874,-0.9581063080731225,-1.0380650078846672,-0.9612847656065808,100,0,1
2025.09.20,08:25:44,-0.9822042367341989,-0.9195712179566482,-1.041336160157022,-1.0251502604578533,100,0,1
2025.09.20,08:30:44,-0.9299853700673811,-0.8603390668047936,-0.9721437552821139,-0.9215762953028461,100,0,1
2025.09.20,08:35:44,-0.9112277389434009,-0.8621063019406713,-0.9526867347014294,-0.8635616032055892,100,0,1
2025.09.20,08:40:44,-0.9076084017842776,-0.8941825290450065,-0.9301767488988165,-0.9251912821142276,100,0,1
2025.09.20,08:45:44,-0.9580458290162137,-0.9019609357389899,-0.967140013199692,-0.9039347315038355,100,0,1
2025.09.20,08:50:44,-0.9244064365228295,-0.851375094600715,-0.9658755908411389,-0.8789159887136277,100,0,1
2025.09.20,08:55:44,-0.915807381439651,-0.8856952846645321,-0.9793894191685837,-0.9291685096728629,100,0,1
2025.09.20,09:00:44,-0.8001022107150494,-0.7785408228832723,-0.8118597020272851,-0.7799712780315745,100,0,1
2025.09.20,09:05:44,-0.8072983188287242,-0.7063915850666768,-0.8861321978506582,-0.8536917604844033,100,0,1
2025.09.20,09:10:44,-0.7797865882548155,-0.7666258339274854,-0.8341845955877832,-0.7829633392107954,100,0,1
2025.09.20,09:15:44,-0.6765688231912741,-0.6208171038662189,-0.714611176240717,-0.6481505143445867,100,0,1
2025.09.20,09:20:44,-0.6316519004665581,-0.5936592019878432,-0.6854299102957975,-0.6381868939137545,100,0,1
2025.09.20,09:25:44,-0.662874855210634,-0.5937191458017332,-0.7538879177585729,-0.6398088492306216,100,0,1
2025.09.20,09:30:44,-0.6603101555762885,-0.5929232992338148,-0.7156528144508819,-0.66420967079685,100,0,1
2025.09.20,09:35:44,-0.6550255540419049,-0.6273615992227394,-0.7391092993427419,-0.6613848364982131,100,0,1
2025.09.20,09:40:44,-0.5683670667300872,-0.5190032261007543,-0.6171116175362032,-0.5796617826556071,100,0,1
2025.09.20,09:45:44,-0.5830843990691377,-0.5594647660982365,-0.631104210708982,-0.6050490334836919,100,0,1
2025.09.20,09:50:44,-0.6029854891282834,-0.5566779735137559,-0.6827221183360773,-0.6716919846732724,100,0,1
2025.09.20,09:55:44,-0.5326345386889076,-0.46159746395296714,-0.5727237280036326,-0.5688333033249654,100,0,1
2025.09.20,10:00:44,-0.5438831981467658,-0.5001909974459151,-0.5852945766526856,-0.5106858718275422,100,0,1
2025.09.20,10:05:44,-0.5697309982537079,-0.5196669144673431,-0.6407663669065846,-0.5200173030331103,100,0,1
2025.09.20,10:10:44,-0.6112432087467216,-0.5756790192482129,-0.6908407053324093,-0.6825038832843197,100,0,1
2025.09.20,10:15:44,-0.5977767707789476,-0.5398173455236378,-0.6505704328204989,-0.5598368876467139,100,0,1
2025.09.20,10:20:44,-0.5834306711395164,-0.558587196724167,-0.6235195199781486,-0.5825249200464445,100,0,1
2025.09.20,10:25:44,-0.6030997825523834,-0.5719544139949837,-0.6414358859674668,-0.6180568726730491,100,0,1
2025.09.20,10:30:44,-0.5849173490023364,-0.528837919322821,-0.625827795070604,-0.6000919327874256,100,0,1
2025.09.20,10:35:44,-0.6307859645678856,-0.5956245078505706,-0.6815230873603837,-0.6655410629065031,100,0,1
2025.09.20,10:40:44,-0.6012467282863618,-0.5377984327924364,-0.6245025323474114,-0.6133831652844669,100,0,1
2025.09.20,10:45:44,-0.6139453884287231,-0.5523212641511392,-0.652272894495603,-0.6135984867981253,100,0,1
2025.09.20,10:50:44,-0.6504751899392932,-0.5934462600939611,-0.6859758641589272,-0.6400636698114023,100,0,1
2025.09.20,10:55:44,-0.7066049341105574,-0.6260065132512094,-0.7824357396465891,-0.6519769131876877,100,0,1
2025.09.20,11:00:44,-0.7312391477229591,-0.6870738498460239,-0.7541768678028463,-0.6997890217701569,100,0,1
2025.09.20,11:05:44,-0.7180615091082883,-0.6973854691334382,-0.7637563801369186,-0.7320652590615692,100,0,1
2025.09.20,11:10:44,-0.6156421529493514,-0.5657203445032535,-0.6739483756443,-0.5791046033869849,100,0,1
2025.09.20,11:15:44,-0.5872884122927909,-0.5115512663865841,-0.6587187589059873,-0.5283071025130627,100,0,1
2025.09.20,11:20:44,-0.6051328831654652,-0.5318163066743666,-0.665202723407802,-0.6230368715996678,100,0,1
2025.09.20,11:25:44,-0.6778298916820364,-0.6143349352659053,-0.7322030660085985,-0.6590603577206451,100,0,1
2025.09.20,11:30:44,-0.5990450272943615,-0.5506375746627656,-0.6667635386371152,-0.5588793596966426,100,0,1
2025.09.20,11:35:44,-0.5999308487479386,-0.54425192984071,-0.6380512483250564,-0.6350078663453814,100,0,1
2025.09.20,11:40:44,-0.5694315146756604,-0.520050413505032,-0.6408689597369995,-0.5535146891233662,100,0,1
2025.09.20,11:45:44,-0.5486868941659091,-0.47478278344995556,-0.5949547554275578,-0.5810914556278775,100,0,1
2025.09.20,11:50:44,-0.6581337542727378,-0.6295465947662848,-0.6993100311875106,-0.6937611836111464,100,0,1
2025.09.20,11:55:44,-0.7276737538079796,-0.6574446158494346,-0.7723297662083571,-0.677152070884742,100,0,1
2025.09.20,12:00:44,-0.7713423418408516,-0.7403712192599216,-0.8549898349209939,-0.7596409003546961,100,0,1
2025.09.20,12:05:44,-0.734002165677605,-0.6490986246121524,-0.7801987220292419,-0.6736823470309348,100,0,1
2025.09.20,12:10:44,-0.7344447161691846,-0.6756958184342813,-0.7836949010062005,-0.7299800101272923,100,0,1
2025.09.20,12:15:44,-0.644410095113016,-0.5890573393676282,-0.6719327556602802,-0.6620707943026599,100,0,1
2025.09.20,12:20:44,-0.6488700437979427,-0.613055415389153,-0.72764660641144,-0.6903410473867847,100,0,1
2025.09.20,12:25:44,-0.5424430341888468,-0.5078296460023106,-0.5817811481789851,-0.5635934092827859,100,0,1
2025.09.20,12:30:44,-0.6502742435443539,-0.575416536352983,-0.7613503504818354,-0.7589248825666358,100,0,1
2025.09.20,12:35:44,-0.6436289648248525,-0.5487241740961479,-0.7105935712125014,-0.5880835492784938,100,0,1
2025.09.20,12:40:44,-0.6814313761732097,-0.6155886378695585,-0.7365741264640384,-0.65171824945894,100,0,1
2025.09.20,12:45:44,-0.5764462815763572,-0.5104605007857341,-0.6088787658772098,-0.5657609460617115,100,0,1
2025.09.20,12:50:44,-0.5022994435811211,-0.43200624923402886,-0.5540472380004252,-0.5325387251543329,100,0,1
2025.09.20,12:55:44,-0.5828652229349819,-0.5448054641716283,-0.6305004217962673,-0.6109286806706326,100,0,1
2025.09.20,13:00:44,-0.6087473969414456,-0.5987526700874674,-0.6518722997379965,-0.6408014513796055,100,0,1
2025.09.20,13:05:44,-0.6285530103850434,-0.5712358920598919,-0.6722805008920111,-0.5809264799911237,100,0,1
2025.09.20,13:10:44,-0.5493865913308029,-0.49717793130638693,-0.605016883078006,-0.5976184117040669,100,0,1
2025.09.20,13:15:44,-0.49464364917406983,-0.4611323626452547,-0.5653042936983256,-0.5170473410104248,100,0,1
2025.09.20,13:20:44,-0.49460875007100913,-0.45961868129409106,-0.530460220356167,-0.47082788480916604,100,0,1
2025.09.20,13:25:44,-0.4506927740670825,-0.4047608554282459,-0.4939927479394376,-0.4873156170047395,100,0,1
2025.09.20,13:30:44,-0.45489249906530915,-0.3964427438192036,-0.49088268167023374,-0.45200844954831076,100,0,1
2025.09.20,13:35:44,-0.4943238326273608,-0.43513910116943033,-0.5501005952622177,-0.4549976973635255,100,0,1
2025.09.20,13:40:44,-0.4812236839605314,-0.4324405853235213,-0.5279754304460769,-0.5041293667505448,100,0,1
2025.09.20,13:45:44,-0.4754531947889214,-0.4275715722432749,-0.5405707353175583,-0.4317900865643758,100,0,1
2025.09.20,13:50:44,-0.46185513987623866,-0.4224099918734038,-0.5504578773447065,-0.43831392386841417,100,0,1
2025.09.20,13:55:44,-0.4887896992681447,-0.45433114968082317,-0.5629866248477273,-0.4659440351483669,100,0,1
2025.09.20,14:00:44,-0.4348808416744207,-0.3952561185822061,-0.4543971976649521,-0.41211760819058263,100,0,1
2025.09.20,14:05:44,-0.3882376077398364,-0.35083442840923634,-0.44970966939930224,-0.4447758736651941,100,0,1
2025.09.20,14:10:44,-0.36566571752080707,-0.29495123877670787,-0.427884761611347,-0.30299647938047025,100,0,1
2025.09.20,14:15:44,-0.38122826695720186,-0.3464317064199805,-0.4144427236218251,-0.37354260889826285,100,0,1
2025.09.20,14:20:44,-0.4263762563657681,-0.38045138573090703,-0.5003478537324786,-0.44594534124498936,100,0,1
2025.09.20,14:25:44,-0.33596860938211753,-0.30180355340533654,-0.38357285797810436,-0.35914623585245764,100,0,1
2025.09.20,14:30:44,-0.23950700492758403,-0.17856135440034532,-0.28753443160104664,-0.2674951182142879,100,0,1
2025.09.20,14:35:44,-0.2092782844176327,-0.14640650646283276,-0.26158467016763787,-0.24671439408961107,100,0,1
2025.09.20,14:40:44,-0.2049448776739337,-0.13026933779654257,-0.25981089285913395,-0.19431165691454508,100,0,1
2025.09.20,14:45:44,-0.20602439206710818,-0.1272400242022989,-0.23562655259053633,-0.21180370863490006,100,0,1
2025.09.20,14:50:44,-0.26512645528638057,-0.20622019735696825,-0.29805341498308247,-0.25664961127099295,100,0,1
2025.09.20,14:55:44,-0.34567551389004936,-0.28411676027006383,-0.41858106132082296,-0.2921705915027512,100,0,1
2025.09.20,15:00:44,-0.3567408326365933,-0.30248956302438645,-0.412974097368212,-0.3228827263082726,100,0,1
2025.09.20,15:05:44,-0.41195157548169525,-0.36200885778405784,-0.41650250057929467,-0.37495069140435927,100,0,1
2025.09.20,15:10:44,-0.4788402752709304,-0.39415938439953124,-0.5294363496048309,-0.5101151168021302,100,0,1
2025.09.20,15:15:44,-0.4388011106148939,-0.39614412447673997,-0.4948208373637234,-0.42982725952815487,100,0,1
2025.09.20,15:20:44,-0.4637431486032791,-0.4236343833823723,-0.4951883212429103,-0.46270348906027714,100,0,1
2025.09.20,15:25:44,-0.4863582541112994,-0.45143396731837043,-0.5517213153341063,-0.46581811565059955,100,0,1
2025.09.20,15:30:44,-0.4988039343274714,-0.4549212513178326,-0.5442487653011371,-0.5329043120279697,100,0,1
2025.09.20,15:35:44,-0.4429389800889227,-0.3769844809586922,-0.503891755009653,-0.4851265122604378,100,0,1
2025.09.20,15:40:44,-0.39255704903533145,-0.3604589557725683,-0.47708737394478107,-0.44912287619842933,100,0,1
2025.09.20,15:45:44,-0.42484612126535226,-0.36308048077869604,-0.4846999170958978,-0.3849226941732268,100,0,1
2025.09.20,15:50:44,-0.3780184197425123,-0.33042703352880093,-0.3840610042343901,-0.35148972568721937,100,0,1
2025.09.20,15:55:44,-0.3874361864189648,-0.3655282657162502,-0.47135926336141865,-0.38157745037985424,100,0,1
2025.09.20,16:00:44,-0.4857844002110656,-0.40967208401462074,-0.5524564077072986,-0.5517286764656291,100,0,1
2025.09.20,16:05:44,-0.5602156819423034,-0.5223470209375554,-0.6393497217924007,-0.5843251363779876,100,0,1
2025.09.20,16:10:44,-0.5390353036276898,-0.4885095604668417,-0.5797794285451675,-0.542242574800388,100,0,1
2025.09.20,16:15:44,-0.506905222851916,-0.45798987680419756,-0.552875852270659,-0.5017226414412925,100,0,1
2025.09.20,16:20:44,-0.5009026563699936,-0.49451744081854304,-0.5418804406330932,-0.5348918096281107,100,0,1
2025.09.20,16:25:44,-0.6156658239543104,-0.5549699731769857,-0.6540255561959645,-0.5757976991081598,100,0,1
2025.09.20,16:30:44,-0.6657552480996085,-0.6224000108959866,-0.7109842726512279,-0.6820052032047148,100,0,1
2025.09.20,16:35:44,-0.5406415862742897,-0.4861970138622288,-0.5873557281250037,-0.5733109092747538,100,0,1
2025.09.20,16:40:44,-0.4560178479569372,-0.42307191756959894,-0.5092439530437033,-0.49832102427079167,100,0,1
2025.09.20,16:45:44,-0.4751084382983116,-0.3788730159083876,-0.5227976093811606,-0.5197195478002928,100,0,1
2025.09.20,16:50:44,-0.5058748359343581,-0.44865255287671263,-0.5461972059111456,-0.5121367065446001,100,0,1
2025.09.20,16:55:44,-0.4128998186900713,-0.34323136535590704,-0.49883230839237874,-0.43516890755078974,100,0,1
2025.09.20,17:00:44,-0.34306667246440997,-0.2885360456498208,-0.3832428234637804,-0.35649276052909024,100,0,1
2025.09.20,17:05:44,-0.3126207697315766,-0.24934244432185332,-0.3451156841529165,-0.30014640101913187,100,0,1
2025.09.20,17:10:44,-0.39061501207536936,-0.3398063535191853,-0.3934995565614295,-0.3507635032992284,100,0,1
2025.09.20,17:15:44,-0.3567648266000952,-0.3087197599430216,-0.4016500582156678,-0.31490147038053284,100,0,1
2025.09.20,17:20:44,-0.45487645917858094,-0.4234470873924189,-0.5132643464201934,-0.5016669337941879,100,0,1
2025.09.20,17:25:44,-0.4845886717466111,-0.4554922489828548,-0.5358010394664882,-0.5286459721163498,100,0,1
2025.09.20,17:30:44,-0.5432610271296778,-0.4897923646536588,-0.6395252146919792,-0.5053989613979074,100,0,1
2025.09.20,17:35:44,-0.5497988246552741,-0.48610792463838853,-0.584613820423909,-0.525136389168946,100,0,1
2025.09.20,17:40:44,-0.5438351669209235,-0.5197481740159601,-0.5865739373270581,-0.5260769716170808,100,0,1
2025.09.20,17:45:44,-0.5541310825840098,-0.5357837579366717,-0.5943339084230046,-0.556318807605143,100,0,1
2025.09.20,17:50:44,-0.6517576906492978,-0.6042536642000417,-0.7140668896244537,-0.6845535696133805,100,0,1
2025.09.20,17:55:44,-0.6373560210255358,-0.5754965592395541,-0.7261445230024803,-0.6187579812698369,100,0,1
2025.09.20,18:00:44,-0.5786746511234017,-0.553815690148688,-0.6223717350638835,-0.6148867382228415,100,0,1
2025.09.20,18:05:44,-0.5978160100214727,-0.5037515260815034,-0.6680652547716854,-0.5238287453271486,100,0,1
2025.09.20,18:10:44,-0.6311215255660394,-0.591069592460985,-0.6736716276096115,-0.6583333159959424,100,0,1
2025.09.20,18:15:44,-0.6731940215572765,-0.6149777665512625,-0.7338443712994005,-0.6599896254956349,100,0,1
2025.09.20,18:20:44,-0.6279538674643949,-0.5845283663095201,-0.7036535031005012,-0.6772614108090355,100,0,1
2025.09.20,18:25:44,-0.6196708611806099,-0.5747745699055054,-0.6643121429259862,-0.6174834889521842,100,0,1
2025.09.20,18:30:44,-0.6436855463337778,-0.6014364943161645,-0.7122816798704272,-0.6308320791706447,100,0,1
2025.09.20,18:35:44,-0.6119176717269482,-0.5525070342818389,-0.6559170957255668,-0.6107316260297496,100,0,1
2025.09.20,18:40:44,-0.5951160372760522,-0.5823972996172287,-0.6352035886667411,-0.5983513849430954,100,0,1
2025.09.20,18:45:44,-0.564343219315182,-0.504250567078494,-0.6219904602563888,-0.5640513377135733,100,0,1
2025.09.20,18:50:44,-0.5292961565400378,-0.5090003679420148,-0.5869117645166889,-0.5508683273733861,100,0,1
2025.09.20,18:55:44,-0.5820164904823311,-0.5403816206294896,-0.5879787985518715,-0.5646328929994278,100,0,1
2025.09.20,19:00:44,-0.5763026675478484,-0.5231070378593844,-0.6081543099940098,-0.5839872508435398,100,0,1
2025.09.20,19:05:44,-0.5810911186100103,-0.5423952497856123,-0.6706300672759,-0.64778765216797,100,0,1
2025.09.20,19:10:44,-0.5473675561108108,-0.5004146434674719,-0.6175231158770341,-0.566419919558582,100,0,1
2025.09.20,19:15:44,-0.6209812255631478,-0.6006024075823785,-0.675703868940835,-0.6685488019926681,100,0,1
2025.09.20,19:20:44,-0.615641358462714,-0.5770690659386923,-0.6410258968858052,-0.6264475542733696,100,0,1
2025.09.20,19:25:44,-0.5991774078337919,-0.5337950471287444,-0.6639680896986367,-0.5556479240074633,100,0,1
2025.09.20,19:30:44,-0.6579065941620633,-0.6397639115802276,-0.7136086084144495,-0.6404650479034211,100,0,1
2025.09.20,19:35:44,-0.7184760637352641,-0.6482596210635665,-0.7857013868130416,-0.704844227973936,100,0,1
2025.09.20,19:40:44,-0.6857991862786151,-0.6019864556908823,-0.7197399818253694,-0.6416526787820731,100,0,1
2025.09.20,19:45:44,-0.7031024495336518,-0.6281909465230278,-0.7532325348596257,-0.6858846301165002,100,0,1
2025.09.20,19:50:44,-0.7124535906534009,-0.6638100149616581,-0.7489560538170892,-0.665142973417802,100,0,1
2025.09.20,19:55:44,-0.6716558351608962,-0.575872787274934,-0.7293981346334302,-0.696160457661242,100,0,1
2025.09.20,20:00:44,-0.7204807926601701,-0.6774229955636718,-0.7478095245658067,-0.7220502256133992,100,0,1
2025.09.20,20:05:44,-0.6975961033068776,-0.6676631486002494,-0.7174874753669416,-0.6719855407625596,100,0,1
2025.09.20,20:10:44,-0.7345495935653249,-0.6970989674454914,-0.7965562537425155,-0.7676481503001442,100,0,1
2025.09.20,20:15:44,-0.6226967616712421,-0.5518976029749618,-0.6811762966093007,-0.6420550352004168,100,0,1
2025.09.20,20:20:44,-0.6356417662620979,-0.5973429293629523,-0.7147320170072089,-0.6855839105502867,100,0,1
2025.09.20,20:25:44,-0.555735374501133,-0.49681423392523233,-0.5996209395968454,-0.5316369896739452,100,0,1
2025.09.20,20:30:44,-0.6102950893695276,-0.5941593098585866,-0.7106138148214849,-0.6705465728990614,100,0,1
2025.09.20,20:35:44,-0.6143996282783956,-0.5570988968693731,-0.7001572566221457,-0.6728372602230814,100,0,1
2025.09.20,20:40:44,-0.6296906478572171,-0.6093929009911235,-0.6341239604200832,-0.6339753796238785,100,0,1
2025.09.20,20:45:44,-0.616885774056472,-0.5917604641537288,-0.6724768816434022,-0.653750196817448,100,0,1
2025.09.20,20:50:44,-0.6744336627691996,-0.617982719481905,-0.7334420555997897,-0.7155300882277073,100,0,1
2025.09.20,20:55:44,-0.6833098885291657,-0.6447319621484178,-0.7011836186239458,-0.6597682082278661,100,0,1
2025.09.20,21:00:44,-0.6605031081953558,-0.6127970682208527,-0.6850163983530754,-0.6630217956208828,100,0,1
2025.09.20,21:05:44,-0.7603552874154821,-0.7143163370875897,-0.8154819443398807,-0.7748288168616763,100,0,1
2025.09.20,21:10:44,-0.7342356741732832,-0.68022201796684,-0.7772424050630757,-0.7009478253808399,100,0,1
2025.09.20,21:15:44,-0.769026773346131,-0.7173164371890874,-0.8366004498908831,-0.8112322752658249,100,0,1
2025.09.20,21:20:44,-0.7380848552885034,-0.6999457832959142,-0.7669610036987671,-0.7539440522768323,100,0,1
2025.09.20,21:25:44,-0.6856828065933187,-0.6324587498375425,-0.7209838592026222,-0.6683897188496568,100,0,1
2025.09.20,21:30:44,-0.7029340407005438,-0.6555876298418888,-0.7891727486848259,-0.7732713412636963,100,0,1
2025.09.20,21:35:44,-0.7796386214366392,-0.7374809272348943,-0.8472784407587753,-0.8017549119322742,100,0,1
2025.09.20,21:40:44,-0.74278453919251,-0.7042966029707168,-0.7971511672913386,-0.7900528433365275,100,0,1
2025.09.20,21:45:44,-0.7605078346871438,-0.703517599048621,-0.8202704942828388,-0.7141051441706796,100,0,1
2025.09.20,21:50:44,-0.8322634595559424,-0.7796809233100997,-0.8767245624596496,-0.7845892840940161,100,0,1
2025.09.20,21:55:44,-0.8252518373102835,-0.7986482493184984,-0.8597110587531622,-0.8077092843755571,100,0,1
2025.09.20,22:00:44,-0.7915185563771695,-0.7476101117425153,-0.8136706608508034,-0.8028987147031194,100,0,1
2025.09.20,22:05:44,-0.7400987980507346,-0.7088641247411477,-0.8187846229060167,-0.8113704751665572,100,0,1
2025.09.20,22:10:44,-0.7989548350959805,-0.6794257799331112,-0.8345942451555697,-0.82605398777083,100,0,1
2025.09.20,22:15:44,-0.8597166849692124,-0.7907312518310223,-0.9148040666718511,-0.9025906328775263,100,0,1
2025.09.20,22:20:44,-0.8542068015752816,-0.8062942132381682,-0.8995429554281856,-0.8405705930365606,100,0,1
2025.09.20,22:25:44,-0.8198124289073138,-0.7782738040421416,-0.8817741617196279,-0.8123491776290666,100,0,1
2025.09.20,22:30:44,-0.8667206716584062,-0.8275093581401922,-0.8760199844971726,-0.8495624662212953,100,0,1
2025.09.20,22:35:44,-0.8939545666187266,-0.8415298927826983,-0.9257308970940488,-0.9041216092885367,100,0,1
2025.09.20,22:40:44,-0.8679498256909762,-0.8138512177242447,-0.9087011093620518,-0.8583783420773762,100,0,1
2025.09.20,22:45:44,-0.8705605874827737,-0.8333063214564674,-0.8956888287265694,-0.8888817630231074,100,0,1
2025.09.20,22:50:44,-0.8776635180949782,-0.827370690592675,-0.9244573015664775,-0.910374254485909,100,0,1
2025.09.20,22:55:44,-0.8037963191603871,-0.7581640808512989,-0.8525992491271156,-0.8352338310422378,100,0,1
2025.09.20,23:00:44,-0.8230091724068417,-0.7814330477479413,-0.8636537778417701,-0.806996618081871,100,0,1
2025.09.20,23:05:44,-0.8836327791434564,-0.832780385011367,-0.9042177955280831,-0.8915004752887112,100,0,1
2025.09.20,23:10:44,-0.8613552272830234,-0.8335478803564581,-0.8986699573011149,-0.8553652083374185,100,0,1
2025.09.20,23:15:44,-0.8600206006567341,-0.8340686802027149,-0.9202827212972239,-0.9020752804812014,100,0,1
2025.09.20,23:20:44,-0.8448190244068259,-0.8318808315753361,-0.879052381859177,-0.8334569411989613,100,0,1
2025.09.20,23:25:44,-0.9212713258311536,-0.8409136970279701,-0.9562026104260016,-0.880201930401451,100,0,1
2025.09.20,23:30:44,-0.9040247149545763,-0.8888645846052499,-0.935374655358997,-0.9124613350560882,100,0,1
2025.09.20,23:35:44,-0.855647271339001,-0.8159772822865562,-0.8870793387911781,-0.8717250298866145,100,0,1
2025.09.20,23:40:44,-0.8037997185003274,-0.7387118870258397,-0.8739254093929565,-0.7532703449651644,100,0,1
2025.09.20,23:45:44,-0.8319297518551083,-0.778513611909859,-0.9103131029606852,-0.7987010242568766,100,0,1
2025.09.20,23:50:44,-0.8387587473608228,-0.7759030911988566,-0.9239219057014163,-0.8116878943481957,100,0,1
2025.09.20,23:55:44,-0.8629736842573217,-0.7896779399438797,-0.902366881990654,-0.8711259221739176,100,0,1
2025.09.21,00:00:44,-0.97789429595431,-0.9173507956932123,-1.0142048924915081,-0.9764207408436455,100,0,1
2025.09.21,00:05:44,-0.9877167318388831,-0.933561857014401,-0.9936314378658999,-0.945568578867611,100,0,1
2025.09.21,00:10:44,-0.9614874712242277,-0.9020338299977251,-1.0000890654986798,-0.9847799706792121,100,0,1
2025.09.21,00:15:44,-0.944101583156503,-0.8615766143332945,-0.9898814237143531,-0.9114893556521696,100,0,1
2025.09.21,00:20:44,-0.966977288674482,-0.9166043637487906,-1.006319565882839,-0.9257839674223571,100,0,1
2025.09.21,00:25:44,-0.9464830079703187,-0.9073835060430973,-1.0068406047451806,-0.9818778381900424,100,0,1
2025.09.21,00:30:44,-0.9696566685948074,-0.8980209223494744,-1.0024978034273755,-0.9629774108962457,100,0,1
2025.09.21,00:35:44,-1.0356532604434623,-0.9823394833638965,-1.095230808436698,-1.0884753893328114,100,0,1
2025.09.21,00:40:44,-0.9787566400209667,-0.9297037011186216,-1.0279364225387184,-1.0211703400789487,100,0,1
2025.09.21,00:45:44,-0.9639484459861044,-0.9201033538569191,-1.0083309707947852,-0.9967828668058583,100,0,1
2025.09.21,00:50:44,-0.9257147498256223,-0.8829203197273807,-0.9701909372702103,-0.9558871147793735,100,0,1
2025.09.21,00:55:44,-0.8645813693438786,-0.8247572542480941,-0.9240411974833644,-0.8392392713206401,100,0,1
2025.09.21,01:00:44,-0.7879765347261253,-0.7291415428971023,-0.8028403662907175,-0.7323377655560283,100,0,1
2025.09.21,01:05:44,-0.7526489591453346,-0.7260107230612256,-0.8389935940463449,-0.802684529012525,100,0,1
2025.09.21,01:10:44,-0.8336399819450792,-0.7825976525451664,-0.8760494325799315,-0.8376208837924116,100,0,1
2025.09.21,01:15:44,-0.8624442981949791,-0.8033714580055646,-0.9115169965871082,-0.8084175620257472,100,0,1
2025.09.21,01:20:44,-0.7990934161977451,-0.7679160755537051,-0.8256382702354697,-0.7717242164398518,100,0,1
2025.09.21,01:25:44,-0.842214900325258,-0.8201447079892936,-0.9042886242290327,-0.88962808921674,100,0,1
2025.09.21,01:30:44,-0.8242850983840164,-0.7845239516158126,-0.877765580141293,-0.8482056045585753,100,0,1
2025.09.21,01:35:44,-0.7899149274372809,-0.7634003359769904,-0.8594835071064062,-0.7951100072038998,100,0,1
2025.09.21,01:40:44,-0.8543613501517966,-0.7924832201465561,-0.9051832009982383,-0.804902598624588,100,0,1
2025.09.21,01:45:44,-0.8480636804438598,-0.8381597359289706,-0.9016301070806689,-0.873896949129479,100,0,1
2025.09.21,01:50:44,-0.8196475861049634,-0.7918961171086079,-0.8688818380776673,-0.8524673642507661,100,0,1
2025.09.21,01:55:44,-0.8634210318566736,-0.8077508288318503,-0.9465064927821647,-0.8321064243505993,100,0,1
2025.09.21,02:00:44,-0.9328742520328126,-0.8449364455786779,-0.9372594569722362,-0.8964777278105218,100,0,1
2025.09.21,02:05:44,-0.8999876157612905,-0.8475542912978365,-0.9262482509312746,-0.8684454693850376,100,0,1
2025.09.21,02:10:44,-0.8925044361904524,-0.8253005814583836,-0.9477541757537835,-0.8721221871140165,100,0,1
2025.09.21,02:15:44,-0.9038961702268015,-0.8515600145369924,-0.9382607127274554,-0.9379723526806983,100,0,1
2025.09.21,02:20:44,-0.8171770368379575,-0.7471250823612839,-0.8631928022116646,-0.7930940254365004,100,0,1
2025.09.21,02:25:44,-0.8276772245094574,-0.7822648276675357,-0.8328614853377985,-0.7846605671191303,100,0,1
2025.09.21,02:30:44,-0.7924738483650181,-0.7480046720400457,-0.8163228983468263,-0.7713806169364223,100,0,1
2025.09.21,02:35:44,-0.889326769519859,-0.8641201038438173,-0.9713450977749468,-0.9118413964856787,100,0,1
2025.09.21,02:40:44,-0.7897539710183946,-0.6828868558933116,-0.8634288537078175,-0.8182686165350158,100,0,1
2025.09.21,02:45:44,-0.88455518162804,-0.8011597598972302,-0.8999362263902028,-0.88281291842092,100,0,1
2025.09.21,02:50:44,-0.9486682263513294,-0.9017208052450967,-0.9975518456833342,-0.9097085999709913,100,0,1
2025.09.21,02:55:44,-0.9846452721786106,-0.9237166845190391,-1.0373940442541636,-0.9476524879637941,100,0,1
2025.09.21,03:00:44,-0.9538656284845147,-0.8941025594158304,-1.0195828018026747,-0.999132722307813,100,0,1
2025.09.21,03:05:44,-0.9562939292526861,-0.9228913567192493,-0.9664433839363822,-0.9344475208684901,100,0,1
2025.09.21,03:10:44,-0.9387621173778701,-0.875065266047806,-1.0063817668046902,-0.983830368978129,100,0,1
2025.09.21,03:15:44,-0.9835052243857717,-0.9473467287081476,-1.0679914014875107,-0.999364491761347,100,0,1
2025.09.21,03:20:44,-0.9112472244542508,-0.8817765941293271,-0.9498345905838288,-0.9315682265501506,100,0,1
2025.09.21,03:25:44,-0.8830961649145838,-0.8111475631514246,-0.9166860178500498,-0.9030765706625381,100,0,1
2025.09.21,03:30:44,-0.7971447086442441,-0.7807534073492681,-0.8163973060363257,-0.8062411061811531,100,0,1
2025.09.21,03:35:44,-0.7339031607827026,-0.6799531565247894,-0.7959639946766357,-0.7683856755188381,100,0,1
2025.09.21,03:40:44,-0.8042790665437999,-0.7751518546340056,-0.8528040792813958,-0.7912957812142583,100,0,1
2025.09.21,03:45:44,-0.8162908178890903,-0.7707640005866012,-0.898976036374231,-0.8870197815116633,100,0,1
2025.09.21,03:50:44,-0.7477847397032072,-0.7021902544602618,-0.7891456073832902,-0.7267448745100316,100,0,1
2025.09.21,03:55:44,-0.8186450435901012,-0.7999259828146144,-0.8837467339304459,-0.8337829817430177,100,0,1
2025.09.21,04:00:44,-0.8983005121480225,-0.8310067590045723,-0.967320268808928,-0.9620242350926083,100,0,1
2025.09.21,04:05:44,-0.9498213349363812,-0.8949906076125809,-1.0086408049356512,-0.9011954734751547,100,0,1
2025.09.21,04:10:44,-0.941698366952983,-0.859625900590219,-0.9748762726889687,-0.9302729264127126,100,0,1
2025.09.21,04:15:44,-0.991860055346762,-0.9475646301527769,-1.0414095350281871,-0.9806560096717182,100,0,1
2025.09.21,04:20:44,-0.9697297486355823,-0.9123136779250743,-1.0211788475272467,-0.9692243705396433,100,0,1
2025.09.21,04:25:44,-0.9694985241512973,-0.9298203721056576,-1.0554485873174224,-1.0048852942083282,100,0,1
2025.09.21,04:30:44,-0.9632370517062833,-0.9481841343855997,-0.9882470573831874,-0.9569181355350742,100,0,1
2025.09.21,04:35:44,-0.992795284598104,-0.9404427246945884,-1.0714033959218305,-1.0009662893195386,100,0,1
2025.09.21,04:40:44,-0.9721581235488842,-0.9186786663259212,-0.9770506599639683,-0.9442488621442314,100,0,1
2025.09.21,04:45:44,-1.0025819516881846,-0.9399567952895986,-1.0599492377396769,-1.022085403239469,100,0,1
2025.09.21,04:50:44,-1.0103146918974693,-0.9686939292109139,-1.076467198008627,-0.9996250241822782,100,0,1
2025.09.21,04:55:44,-1.0421658819593198,-0.9974723928931776,-1.0953618873901518,-1.057074762811005,100,0,1
2025.09.21,05:00:44,-0.9747315670083888,-0.9226684076122338,-1.0342073461063856,-0.9309922398909237,100,0,1
2025.09.21,05:05:44,-1.0333734792937619,-1.0075735012058047,-1.0821682903351606,-1.0407404512362994,100,0,1
2025.09.21,05:10:44,-1.078087073818892,-1.0228096828916788,-1.1566246973771084,-1.091951755588941,100,0,1
2025.09.21,05:15:44,-1.023702249699395,-0.9987170019298302,-1.098704525468327,-1.051444149816052,100,0,1
2025.09.21,05:20:44,-1.059246085100965,-1.0088101266089107,-1.124755009998523,-1.115403666023298,100,0,1
2025.09.21,05:25:44,-1.073616442296143,-1.0268788136474416,-1.0937542597055128,-1.0342230069672964,100,0,1
2025.09.21,05:30:44,-1.042753051244676,-0.9665031613513576,-1.0784190615469285,-1.0635374471545562,100,0,1
2025.09.21,05:35:44,-1.0912785280236805,-1.0576050280889917,-1.0942013467196925,-1.082335121227576,100,0,1
2025.09.21,05:40:44,-0.9953790581677853,-0.9636984066788938,-1.0486074820852056,-1.022204694859691,100,0,1
2025.09.21,05:45:44,-1.0542705477837049,-0.9828548754004739,-1.0670959077210085,-1.022843776235916,100,0,1
2025.09.21,05:50:44,-0.8994068830127254,-0.849517148577397,-0.9467814773353449,-0.8612601321243454,100,0,1
2025.09.21,05:55:44,-0.9257263411185271,-0.8993848484759281,-0.9494105318310673,-0.9353737654367917,100,0,1
2025.09.21,06:00:44,-0.9650959770908963,-0.9329113837130298,-1.0078101062117208,-1.0011855896869917,100,0,1
2025.09.21,06:05:44,-0.9385963783355897,-0.9069425764788928,-0.9693637205522501,-0.9486484011722403,100,0,1
2025.09.21,06:10:44,-0.9473737397942621,-0.90934388351052,-0.9894121061623711,-0.9750647312380459,100,0,1
2025.09.21,06:15:44,-0.903822262466497,-0.8477115114839906,-0.9654090496903583,-0.8942236707965088,100,0,1
2025.09.21,06:20:44,-0.9414470832150115,-0.9003003492964613,-0.9862039618298085,-0.9265454436742606,100,0,1
2025.09.21,06:25:44,-0.9445754636978718,-0.8641897845724199,-1.021688807912719,-0.9747512135370399,100,0,1
2025.09.21,06:30:44,-0.9435400366734306,-0.8811811775179097,-0.974165884832462,-0.9234268132328483,100,0,1
2025.09.21,06:35:44,-0.9192706504868488,-0.8356082190955916,-0.9762203553272871,-0.9432351868193493,100,0,1
2025.09.21,06:40:44,-0.9074511298048844,-0.8851383460283728,-0.9309480360875757,-0.8871015943625213,100,0,1
2025.09.21,06:45:44,-0.9326651726100752,-0.8424390184646766,-0.9740723280430648,-0.8652847760812008,100,0,1
2025.09.21,06:50:44,-0.8995550593235031,-0.846162230876259,-0.9581854159409653,-0.9227935767511263,100,0,1
2025.09.21,06:55:44,-0.9661997382376188,-0.9187735104020243,-1.0147543522194378,-0.9478790855308645,100,0,1
2025.09.21,07:00:44,-0.9171243535268336,-0.8533443560794425,-0.9348037316326555,-0.8888942519403531,100,0,1
2025.09.21,07:05:44,-1.0069981240900354,-0.9293291584123673,-1.0342075591548652,-0.9807913050344531,100,0,1
2025.09.21,07:10:44,-0.967736126428804,-0.8716631065613729,-1.036792868720646,-1.0329228037455613,100,0,1
2025.09.21,07:15:44,-0.9357214342373593,-0.914609400682352,-0.9812545025954899,-0.9308036525028247,100,0,1
2025.09.21,07:20:44,-0.9370689475037087,-0.8960077628809233,-0.9812618771109137,-0.9699205448885363,100,0,1
2025.09.21,07:25:44,-0.9200521229601686,-0.9081820685265484,-1.0192099244951223,-0.9407446117423026,100,0,1
2025.09.21,07:30:44,-0.8705056719376199,-0.7819357874307448,-0.9208647861821809,-0.8033990097091082,100,0,1
2025.09.21,07:35:44,-0.8534131496717937,-0.7956349678710042,-0.914618370912386,-0.8473028522592516,100,0,1
2025.09.21,07:40:44,-0.7719815532045912,-0.7156511266402689,-0.8516906939517761,-0.7273795969065068,100,0,1
2025.09.21,07:45:44,-0.7942859349633953,-0.7212588477041644,-0.8682417939159859,-0.8297354764762538,100,0,1
2025.09.21,07:50:44,-0.827882624131369,-0.7429114525042904,-0.8942123875914514,-0.759553084222766,100,0,1
2025.09.21,07:55:44,-0.7756233841984576,-0.7339278811774199,-0.7983267433817984,-0.7712309419776991,100,0,1
2025.09.21,08:00:44,-0.8007581448641081,-0.7548909806062087,-0.8389387350126698,-0.773566520729767,100,0,1
2025.09.21,08:05:44,-0.957367705794056,-0.9086563501654401,-1.0300405588710824,-0.9689319647082592,100,0,1
2025.09.21,08:10:44,-0.9750714802909514,-0.9125016335964586,-1.007199753426036,-0.98388571857899,100,0,1
2025.09.21,08:15:44,-0.8684790528084443,-0.8128000092847095,-0.9229018447624497,-0.8674256804873067,100,0,1
2025.09.21,08:20:44,-0.8503353012652938,-0.8093051460791372,-0.8721682080365849,-0.8481145525782356,100,0,1
2025.09.21,08:25:44,-0.8871358272899286,-0.8452020513428079,-0.913933535320993,-0.8668526946017543,100,0,1
2025.09.21,08:30:44,-0.7899604032085331,-0.7606733238103142,-0.8547040830764575,-0.8004346859969618,100,0,1
2025.09.21,08:35:44,-0.7679890072761651,-0.7363632940154029,-0.8097637779849071,-0.7937580331018932,100,0,1
2025.09.21,08:40:44,-0.819663270605058,-0.776637115331482,-0.8652730099225522,-0.81208901199936,100,0,1
2025.09.21,08:45:44,-0.7935614138385809,-0.7114325951367827,-0.8558393052576477,-0.7773068331931344,100,0,1
2025.09.21,08:50:44,-0.8525872095841417,-0.8039919033977354,-0.9186804477054888,-0.8911000009122896,100,0,1
2025.09.21,08:55:44,-0.9228338404931501,-0.8586605876154366,-0.9771637087233334,-0.9203040315480882,100,0,1
2025.09.21,09:00:44,-0.9135117934974483,-0.8853007440441814,-0.980125172770596,-0.9420413974651382,100,0,1
2025.09.21,09:05:44,-0.8769168941499073,-0.8503093574720979,-0.9139590264082124,-0.877195433506779,100,0,1
2025.09.21,09:10:44,-0.8412102740739178,-0.7768450937929251,-0.9158508538668829,-0.7879324627724085,100,0,1
2025.09.21,09:15:44,-0.7931399462502753,-0.750741702774115,-0.8528508831799223,-0.8160237643751242,100,0,1
2025.09.21,09:20:44,-0.8073704334374024,-0.7950692703212882,-0.8447686264839149,-0.8258440382629508,100,0,1
2025.09.21,09:25:44,-0.8477121270950164,-0.799398158751354,-0.8865185479416281,-0.8566352495548014,100,0,1
2025.09.21,09:30:44,-0.9019661783851247,-0.8796756066154539,-0.9438554920932283,-0.9042861606442494,100,0,1
2025.09.21,09:35:44,-0.926505253749723,-0.8540340178882042,-0.9716202544184906,-0.86034690157475,100,0,1
2025.09.21,09:40:44,-0.9965039220128277,-0.9228449598830198,-1.0421482355374776,-0.9695041329597174,100,0,1
2025.09.21,09:45:44,-0.9473807831679036,-0.901445189916924,-0.983006074613805,-0.9154368729527051,100,0,1
2025.09.21,09:50:44,-0.9719518119152012,-0.9195036735439679,-1.0241096688414004,-0.9215585552650164,100,0,1
2025.09.21,09:55:44,-0.9635346656747715,-0.9495556515428585,-1.0206318511922279,-0.9998656630901198,100,0,1
2025.09.21,10:00:44,-0.8831276382019447,-0.8404136852764138,-0.9323689082063461,-0.9022822380556627,100,0,1
2025.09.21,10:05:44,-0.9618756299991393,-0.8872839488306709,-1.0292894794023812,-1.0223848091740868,100,0,1
2025.09.21,10:10:44,-0.9160315081449776,-0.8543847183619675,-0.9702513891787574,-0.8682108529718182,100,0,1
2025.09.21,10:15:44,-0.8539586479893678,-0.8062299927597308,-0.898894488569585,-0.8726511277814107,100,0,1
2025.09.21,10:20:44,-0.8030303511701484,-0.7446328583379933,-0.8419914872024703,-0.8404246036097199,100,0,1
2025.09.21,10:25:44,-0.815482679804129,-0.7870889052479951,-0.8910244977269891,-0.8607041001454782,100,0,1
2025.09.21,10:30:44,-0.9204913216927266,-0.8737960711217304,-0.9759649257804174,-0.8900002681027208,100,0,1
2025.09.21,10:35:44,-0.8912686732692354,-0.8483663326282561,-0.9115294645321825,-0.8714618716476545,100,0,1
2025.09.21,10:40:44,-0.9357877808101069,-0.9158867037316213,-0.9851067295212764,-0.9655991998168855,100,0,1
2025.09.21,10:45:44,-0.919370467196929,-0.8887659859235314,-0.9751056785043629,-0.9232221649172567,100,0,1
2025.09.21,10:50:44,-0.8609068246408496,-0.8163713682438056,-0.9054298948173598,-0.8570702169288441,100,0,1
2025.09.21,10:55:44,-0.9329967494877558,-0.8606318093931207,-0.9766170658854937,-0.9385401433977886,100,0,1
2025.09.21,11:00:44,-0.955643762689534,-0.9276630989194616,-1.0157063913427093,-0.9441461609498487,100,0,1
2025.09.21,11:05:44,-0.9528639715989279,-0.9259700553983884,-1.0054164188173724,-0.9439541476257454,100,0,1
2025.09.21,11:10:44,-0.9062861454061582,-0.8701959796719916,-0.9391868590114957,-0.9198077858456559,100,0,1
2025.09.21,11:15:44,-0.8726596597792547,-0.8652701019924278,-0.9288463732426685,-0.8707311947560203,100,0,1
2025.09.21,11:20:44,-0.9258881631648025,-0.858234895949805,-0.9905251306800801,-0.9215236273658192,100,0,1
2025.09.21,11:25:44,-0.9649298079682136,-0.9346412133164206,-1.0592133833706436,-1.0198807240238366,100,0,1
2025.09.21,11:30:44,-0.9211836940167967,-0.8842776061878711,-0.9686586785436418,-0.9294955067375585,100,0,1
2025.09.21,11:35:44,-0.9560882226007253,-0.9064994737002365,-1.0242451281397162,-0.9949071424053104,100,0,1
2025.09.21,11:40:44,-0.9553732302417528,-0.9235099906305012,-0.9749042995089069,-0.9722460259358245,100,0,1
2025.09.21,11:45:44,-1.0100099399149487,-0.9983041015310552,-1.038322604077538,-1.0282935801397963,100,0,1
2025.09.21,11:50:44,-1.1023076405301795,-1.0641843156951818,-1.1468304992547718,-1.0727274384101804,100,0,1
2025.09.21,11:55:44,-1.1160403529950529,-1.0398676842314534,-1.162163567819524,-1.1149896152553134,100,0,1
2025.09.21,12:00:44,-1.0588121390180836,-1.001900498951896,-1.0719303205582693,-1.063135618004794,100,0,1
2025.09.21,12:05:44,-1.0224062447676971,-0.9519722056608778,-1.085388146502542,-1.0615231321222285,100,0,1
2025.09.21,12:10:44,-1.0144889259035128,-0.9812879694960233,-1.0861607433077596,-1.000467621682911,100,0,1
2025.09.21,12:15:44,-0.9392869006100775,-0.928680898802301,-0.9714271341370818,-0.9382032873332729,100,0,1
2025.09.21,12:20:44,-0.9470006279591192,-0.8627566563049069,-0.9703120569487985,-0.907279902636752,100,0,1
2025.09.21,12:25:44,-0.9568495062500327,-0.8903849700001847,-1.0029126566859319,-0.9918843914543362,100,0,1
2025.09.21,12:30:44,-0.9423833529796878,-0.8785121872334749,-0.9806873955012877,-0.9572140904208276,100,0,1
2025.09.21,12:35:44,-1.024046126108998,-0.9850158534883593,-1.0613975430225202,-1.005365122081065,100,0,1
2025.09.21,12:40:44,-1.006581204168184,-0.9762116464378005,-1.0519302587903665,-1.0133907702458378,100,0,1
2025.09.21,12:45:44,-0.9707109381640447,-0.9038786182881924,-1.036029975563341,-0.9921210327778254,100,0,1
2025.09.21,12:50:44,-0.9750377462774626,-0.9120014026186469,-1.0417628499980862,-0.9704644021583139,100,0,1
2025.09.21,12:55:44,-1.0502457257594464,-1.0251215608669468,-1.1119083939262178,-1.065779984634083,100,0,1
2025.09.21,13:00:44,-1.0097895038248663,-0.9537115008884808,-1.0639843058998344,-1.015464943123318,100,0,1
2025.09.21,13:05:44,-1.0343624330128247,-0.9792787742350576,-1.0793458897715082,-0.9910865211431953,100,0,1
2025.09.21,13:10:44,-0.9846063263829886,-0.9092419388975508,-1.021488162497808,-0.9671462749141532,100,0,1
2025.09.21,13:15:44,-0.9601701380025555,-0.9087077541175431,-1.0080881552433405,-0.9889886531835208,100,0,1
2025.09.21,13:20:44,-0.8664888922934303,-0.8073666370359053,-0.9261155876642747,-0.919819464453946,100,0,1
2025.09.21,13:25:44,-0.8475679406270515,-0.8161559254722202,-0.8579393717157406,-0.821263771680844,100,0,1
2025.09.21,13:30:44,-0.8477163815115442,-0.7932670965243949,-0.9046968751746013,-0.8751394368065455,100,0,1
2025.09.21,13:35:44,-0.9074654385016562,-0.8615635682765557,-0.9727294451815713,-0.9297601680595621,100,0,1
2025.09.21,13:40:44,-0.9344734001022407,-0.914842463483738,-0.9927720489893387,-0.925906778658079,100,0,1
2025.09.21,13:45:44,-0.9204515263191209,-0.8783428736495724,-1.0062080271598044,-0.9074009303893651,100,0,1
2025.09.21,13:50:44,-0.950254054350412,-0.8685080165183888,-1.0008345017716913,-0.9166308993877833,100,0,1
2025.09.21,13:55:44,-0.9080437755712707,-0.873899440707094,-0.9579082830032775,-0.9005941325565234,100,0,1
2025.09.21,14:00:44,-0.8762354693613383,-0.834118926858558,-0.9279071340846069,-0.9058484826261347,100,0,1
2025.09.21,14:05:44,-0.9516242347163645,-0.8990014922534555,-1.0358504971681903,-1.0057522018056895,100,0,1
2025.09.21,14:10:44,-0.96292055736383,-0.9059268692591712,-1.0041323778672517,-0.943847667091206,100,0,1
2025.09.21,14:15:44,-0.9310131048079069,-0.9061446716755572,-0.9705648938631388,-0.9615003451278054,100,0,1
2025.09.21,14:20:44,-0.8694213757316056,-0.7990939996061327,-0.9463162487104964,-0.9173356012948243,100,0,1
2025.09.21,14:25:44,-0.9171815482834119,-0.8359408215630886,-0.982659136386138,-0.9050306027924984,100,0,1
2025.09.21,14:30:44,-0.8986463989138045,-0.8720605263847468,-0.9332124070059,-0.8837858158174258,100,0,1
2025.09.21,14:35:44,-0.9544083963886004,-0.8930158504433113,-0.9821602193846765,-0.9496836822025532,100,0,1
2025.09.21,14:40:44,-1.0303660328135458,-0.9608424926663445,-1.0791651497606676,-0.9675336504101664,100,0,1
2025.09.21,14:45:44,-1.054944747870291,-1.0356730588844942,-1.0936390419060766,-1.0728870553500847,100,0,1
2025.09.21,14:50:44,-1.0081227133298527,-0.9561855084640046,-1.0633042020646626,-1.0490143501170017,100,0,1
2025.09.21,14:55:44,-1.0312503586720356,-0.9710535564650831,-1.0518215754374385,-0.9811296797346517,100,0,1
2025.09.21,15:00:44,-1.0686556993692538,-1.0200173168129851,-1.0883649797972537,-1.0777910175889136,100,0,1
2025.09.21,15:05:44,-1.077880335564987,-1.0576770151384836,-1.1074310458489565,-1.0627818525426298,100,0,1
2025.09.21,15:10:44,-1.0483677094825936,-0.9878067554821919,-1.084794441267464,-1.0598993855757388,100,0,1
2025.09.21,15:15:44,-1.0229121786217814,-0.9813971634391582,-1.0601265235020516,-0.9867040554669638,100,0,1
2025.09.21,15:20:44,-0.949499107241138,-0.8965458708726395,-0.9997364878682387,-0.8998744073321396,100,0,1
2025.09.21,15:25:44,-0.9044870495052596,-0.8322867070445485,-0.9610756163872272,-0.8575867501285174,100,0,1
2025.09.21,15:30:44,-0.8758744215257203,-0.8469869881597403,-0.9253608119372794,-0.9033308829824409,100,0,1
2025.09.21,15:35:44,-0.9174019642005363,-0.9093581075141733,-0.9493227331846184,-0.9140385109066738,100,0,1
2025.09.21,15:40:44,-0.982507372456588,-0.9086803076875126,-1.0176140953413477,-0.9158880101839615,100,0,1
2025.09.21,15:45:44,-0.9630118581009568,-0.9120195058848063,-1.018245836860253,-0.9296611024798583,100,0,1
2025.09.21,15:50:44,-0.9961256133730513,-0.9541047272277215,-1.04620740571356,-0.9778814182152363,100,0,1
2025.09.21,15:55:44,-1.0494375996869143,-0.9880561322808594,-1.089365700231746,-1.0223804306715512,100,0,1
2025.09.21,16:00:44,-1.0459782887504077,-1.0113694288503017,-1.051903030774893,-1.0375500003262446,100,0,1
2025.09.21,16:05:44,-0.9943423228842484,-0.9592015595375161,-1.0642861605231881,-1.040501502864054,100,0,1
2025.09.21,16:10:44,-0.9889947018545926,-0.9326559649838272,-1.0584716938752683,-0.986417094492454,100,0,1
2025.09.21,16:15:44,-0.9894208651752155,-0.9662043553623679,-1.0417131052999862,-0.9899875728706018,100,0,1
2025.09.21,16:20:44,-1.0811856599317489,-1.0230460439127078,-1.128103147831907,-1.0308323269936048,100,0,1
2025.09.21,16:25:44,-1.1459667908238986,-1.0842542591641304,-1.1956815822269904,-1.101498697084651,100,0,1
2025.09.21,16:30:44,-1.110554131483968,-1.0467872174306543,-1.1660453981996144,-1.1035280444849909,100,0,1
2025.09.21,16:35:44,-1.0418452772836975,-1.0074108082518434,-1.114405524735551,-1.0743464091183252,100,0,1
2025.09.21,16:40:44,-0.940072909891216,-0.902779028346852,-0.9926826425006952,-0.9715430009274061,100,0,1
2025.09.21,16:45:44,-0.9026448913316406,-0.8478463267458897,-0.9598277699623117,-0.920654154381103,100,0,1
2025.09.21,16:50:44,-0.9686037751716291,-0.9506447896089306,-1.0070830723946265,-0.9839081723145199,100,0,1
2025.09.21,16:55:44,-0.9700004016924587,-0.8796305448317181,-1.0119131339699423,-0.8822303803707473,100,0,1
2025.09.21,17:00:44,-0.9463557685862101,-0.9447789945568938,-0.9948276891568177,-0.9561916096044971,100,0,1
2025.09.21,17:05:44,-0.983960019272195,-0.9292726337602439,-1.0192192679070164,-0.9450488187559718,100,0,1
2025.09.21,17:10:44,-0.9485685789420276,-0.9061265406714982,-1.014012403213986,-0.9729821137814585,100,0,1
2025.09.21,17:15:44,-0.8911486843731679,-0.8708395771168549,-0.9312218911121207,-0.9285509630997566,100,0,1
2025.09.21,17:20:44,-0.8001257837864207,-0.7103849009744554,-0.8407902900256367,-0.7621701623024804,100,0,1
2025.09.21,17:25:44,-0.7283677832252012,-0.6959573572166395,-0.7920787206947235,-0.7737568558510195,100,0,1
2025.09.21,17:30:44,-0.6304547515661922,-0.5901257782489723,-0.6730271006444994,-0.5944046547428078,100,0,1
2025.09.21,17:35:44,-0.5993584078287035,-0.5451624265506554,-0.6517243535448638,-0.6400793175269662,100,0,1
2025.09.21,17:40:44,-0.5919791585536867,-0.5339316997287009,-0.6536626603920398,-0.6241224075247472,100,0,1
2025.09.21,17:45:44,-0.6193969733577637,-0.5646903348666401,-0.6419491154658619,-0.6196059129626444,100,0,1
2025.09.21,17:50:44,-0.6305912188563899,-0.6157434553338692,-0.674231003354001,-0.6712999239768592,100,0,1
2025.09.21,17:55:44,-0.5914483989996914,-0.565447994106325,-0.6360412116262517,-0.5800889690734258,100,0,1
2025.09.21,18:00:44,-0.6386168796043324,-0.5602499210980777,-0.6583854175892292,-0.6216420539850346,100,0,1
2025.09.21,18:05:44,-0.6806939622289194,-0.6108014151880554,-0.7501728309342365,-0.7319037366280994,100,0,1
2025.09.21,18:10:44,-0.6083805926584207,-0.5668150648065102,-0.6189883138006528,-0.6110230941724879,100,0,1
2025.09.21,18:15:44,-0.49212630341533437,-0.4426509737105497,-0.562098457948274,-0.4795056870713398,100,0,1
2025.09.21,18:20:44,-0.4657038232203819,-0.40431130873287746,-0.5358209950351853,-0.5271985583223049,100,0,1
2025.09.21,18:25:44,-0.5054485526725787,-0.43045054605155525,-0.5745233590649497,-0.5054043316989983,100,0,1
2025.09.21,18:30:44,-0.5356277029554969,-0.4447645760903214,-0.6021702043588838,-0.5083201221344643,100,0,1
2025.09.21,18:35:44,-0.5587328464345412,-0.5340790761599943,-0.6214691067458401,-0.5802673429688036,100,0,1
2025.09.21,18:40:44,-0.5977486391188915,-0.5094780892362837,-0.6296017241524602,-0.6104647923841167,100,0,1
2025.09.21,18:45:44,-0.6041717058247547,-0.5983358352099815,-0.6200853206734823,-0.6162295544856429,100,0,1
2025.09.21,18:50:44,-0.5244832652845074,-0.44439797180168994,-0.5582194831179822,-0.4713860513398102,100,0,1
2025.09.21,18:55:44,-0.5539490798555601,-0.5229611237509622,-0.6192383391213225,-0.6122369269698568,100,0,1
2025.09.21,19:00:44,-0.517411070317697,-0.4823286084066074,-0.5700296198218187,-0.545596343102942,100,0,1
2025.09.21,19:05:44,-0.5169808179933361,-0.47491983542199956,-0.6053663892998675,-0.6016132196873253,100,0,1
2025.09.21,19:10:44,-0.5077126544067637,-0.45208153283845254,-0.5731652011919264,-0.45532405675516296,100,0,1
2025.09.21,19:15:44,-0.5428244669897684,-0.46509079005982956,-0.5927205968638382,-0.569213092994495,100,0,1
2025.09.21,19:20:44,-0.6610388951167827,-0.6477536395421859,-0.6619919839595972,-0.6568574390750125,100,0,1
2025.09.21,19:25:44,-0.5683179823247501,-0.4916853736855868,-0.6226902654136001,-0.6195766534022337,100,0,1
2025.09.21,19:30:44,-0.5314284098435399,-0.5178707802441526,-0.5779034663276027,-0.5487541970956945,100,0,1
2025.09.21,19:35:44,-0.5560400777951338,-0.4969006893641553,-0.6158938996665175,-0.49852474777623157,100,0,1
2025.09.21,19:40:44,-0.4707339994347124,-0.3985708291726763,-0.49979837039464337,-0.46016398010845094,100,0,1
2025.09.21,19:45:44,-0.4030576713837286,-0.35010272108647233,-0.4804797049092295,-0.44391214190920236,100,0,1
2025.09.21,19:50:44,-0.45200378652935513,-0.3990827888167333,-0.5040615940237224,-0.4452986780872558,100,0,1
2025.09.21,19:55:44,-0.5609049748779069,-0.5318501707051231,-0.6206052973050306,-0.5531172365543904,100,0,1
2025.09.21,20:00:44,-0.6030026337998919,-0.587467780362478,-0.6626669206509626,-0.641553256187407,100,0,1
2025.09.21,20:05:44,-0.6432715697660724,-0.627801776759563,-0.6640446040205746,-0.6322562962860329,100,0,1
2025.09.21,20:10:44,-0.5808380493850227,-0.5384726244770569,-0.6436318587443319,-0.586395973316564,100,0,1
2025.09.21,20:15:44,-0.6382480332330025,-0.5833565066833427,-0.681754393777129,-0.6427860949471647,100,0,1
2025.09.21,20:20:44,-0.6372548970260985,-0.5392384124842005,-0.687065060937372,-0.6538966261290698,100,0,1
2025.09.21,20:25:44,-0.704329441674995,-0.6323510766188823,-0.7546265753751447,-0.6559305495365195,100,0,1
2025.09.21,20:30:44,-0.6508261113887387,-0.604590642315195,-0.6621414817215427,-0.6323106413808364,100,0,1
2025.09.21,20:35:44,-0.5780181641160331,-0.5656017395360731,-0.6214650545228886,-0.5817756488899484,100,0,1
2025.09.21,20:40:44,-0.6417293447017851,-0.5848718918459644,-0.7264291735530504,-0.6019847070399595,100,0,1
2025.09.21,20:45:44,-0.5775722135875301,-0.4940611263713552,-0.6386971159171516,-0.555702115973437,100,0,1
2025.09.21,20:50:44,-0.4927433777970831,-0.43015901524116873,-0.5691108288588929,-0.5597962429878041,100,0,1
2025.09.21,20:55:44,-0.5102643740325105,-0.4694078047029474,-0.5930142952194728,-0.49604140425609233,100,0,1
2025.09.21,21:00:44,-0.5696206121180012,-0.5531116940494977,-0.5932889845027096,-0.584333980666297,100,0,1
2025.09.21,21:05:44,-0.5792542381896032,-0.5292898905193628,-0.6459663587811889,-0.5411554339572022,100,0,1
2025.09.21,21:10:44,-0.6805726379981839,-0.6442264402720641,-0.7175220440733912,-0.6474396591165196,100,0,1
2025.09.21,21:15:44,-0.632283428190895,-0.5504036096729438,-0.6992793792260907,-0.6555854133992722,100,0,1
2025.09.21,21:20:44,-0.6241704024350043,-0.5733160678532404,-0.6809276363582785,-0.6590153384252153,100,0,1
2025.09.21,21:25:44,-0.6246677283960953,-0.6148011734953379,-0.7036681590242164,-0.6802270820052816,100,0,1
2025.09.21,21:30:44,-0.6172400004861335,-0.5939817993631051,-0.6816444668599554,-0.6183506997566087,100,0,1
2025.09.21,21:35:44,-0.5699752938972303,-0.5262491158357647,-0.585645204556676,-0.569141487142975,100,0,1
2025.09.21,21:40:44,-0.6204608556571541,-0.562568911285764,-0.7039658602520455,-0.6408654444613844,100,0,1
2025.09.21,21:45:44,-0.6430812080339784,-0.5778412993146032,-0.7318145646980999,-0.6967552998280286,100,0,1
2025.09.21,21:50:44,-0.6312918019730147,-0.5572959122132144,-0.6707679192399378,-0.6232124170267254,100,0,1
2025.09.21,21:55:44,-0.5505599657977844,-0.5282270284293351,-0.6001205301979607,-0.5761473645230631,100,0,1
2025.09.21,22:00:44,-0.5987341243235719,-0.5620512058299213,-0.6545023256588038,-0.6357247265474943,100,0,1
2025.09.21,22:05:44,-0.6796514153287616,-0.6589535187000398,-0.7427647227462507,-0.7056203393556264,100,0,1
2025.09.21,22:10:44,-0.7096756915200988,-0.6284186477136237,-0.7794298642231998,-0.6568178763176817,100,0,1
2025.09.21,22:15:44,-0.7536436926352188,-0.7147065859502088,-0.8140658567465359,-0.80012162779353,100,0,1
2025.09.21,22:20:44,-0.7611272031541209,-0.7018641314543406,-0.8554523447000778,-0.7570424201258336,100,0,1
2025.09.21,22:25:44,-0.7644303928257051,-0.7472069505378239,-0.7959313594623266,-0.7878314439223286,100,0,1
2025.09.21,22:30:44,-0.6728794089321241,-0.6287419204911031,-0.7014133133192056,-0.641237078961384,100,0,1
2025.09.21,22:35:44,-0.7242355269886231,-0.6967051293966059,-0.771721423802952,-0.7045639137876183,100,0,1
2025.09.21,22:40:44,-0.6830229998058723,-0.5952468969213989,-0.7398150598848361,-0.7210074881645961,100,0,1
2025.09.21,22:45:44,-0.6892393362191392,-0.6385974123394529,-0.7219610578465807,-0.6930194026035108,100,0,1
2025.09.21,22:50:44,-0.6394504527752015,-0.599986426942393,-0.6756359321230528,-0.640493504008241,100,0,1
2025.09.21,22:55:44,-0.6407299359775532,-0.5925135752960036,-0.6964360350133874,-0.6884449634618999,100,0,1
2025.09.21,23:00:44,-0.5704992888793254,-0.5559866230525732,-0.60654457721163,-0.5962397475945154,100,0,1
2025.09.21,23:05:44,-0.5560320488556024,-0.48429815420041167,-0.5814005704255826,-0.5471326106792062,100,0,1
2025.09.21,23:10:44,-0.5675238653025281,-0.5270210991084902,-0.6227986609035744,-0.6106817189694282,100,0,1
2025.09.21,23:15:44,-0.5046934488534348,-0.4626446510453383,-0.5714190270790002,-0.5246946129116185,100,0,1
2025.09.21,23:20:44,-0.4787182651082632,-0.4334922116796214,-0.5440168139077042,-0.4836812683888398,100,0,1
2025.09.21,23:25:44,-0.5238241103916084,-0.45558998859414634,-0.5878405804211825,-0.5013410171620313,100,0,1
2025.09.21,23:30:44,-0.49109126096614764,-0.47731230658820256,-0.569672075104359,-0.5087238561719963,100,0,1
2025.09.21,23:35:44,-0.4072349772273404,-0.3359556564033292,-0.464590132588446,-0.40273883553593864,100,0,1
2025.09.21,23:40:44,-0.43299281208113144,-0.429885485192698,-0.4971421591737876,-0.4725094598279184,100,0,1
2025.09.21,23:45:44,-0.44473846490507385,-0.3983948791058893,-0.4822366254224986,-0.4353607298141114,100,0,1
2025.09.21,23:50:44,-0.496272229255519,-0.40276222036305964,-0.5826479693651769,-0.5673458303996093,100,0,1
2025.09.21,23:55:44,-0.5406771807606543,-0.502263991181997,-0.5674333635257972,-0.5036383539475114,100,0,1
2025.09.22,00:00:44,-0.6277411064985624,-0.5588162505565563,-0.6866141925641639,-0.5797576729462285,100,0,1
2025.09.22,00:05:44,-0.6456779360247501,-0.5536115224924723,-0.7239773281654839,-0.5901102060924444,100,0,1
2025.09.22,00:10:44,-0.7337392526128951,-0.6554583544549684,-0.7717424294042825,-0.722762269246639,100,0,1
2025.09.22,00:15:44,-0.7317048272521143,-0.7271869949689892,-0.7985830814404051,-0.733260443083537,100,0,1
2025.09.22,00:20:44,-0.7729200596717937,-0.6943651861959967,-0.8281500435515177,-0.7288548907744855,100,0,1
2025.09.22,00:25:44,-0.8016879668378729,-0.7651974400311834,-0.8264425829187406,-0.7775212140446759,100,0,1
2025.09.22,00:30:44,-0.9476284787008087,-0.9146729924244815,-1.0129789309613446,-0.9793476771341313,100,0,1
2025.09.22,00:35:44,-0.8875766991285425,-0.8296175246236482,-0.9374325147885425,-0.8513380330384295,100,0,1
2025.09.22,00:40:44,-0.8640172141481887,-0.8295199706376288,-0.9136571859883326,-0.8890327041734083,100,0,1
2025.09.22,00:45:44,-0.9726212040842719,-0.943071422690035,-1.030300465817741,-0.9601040157958977,100,0,1
2025.09.22,00:50:44,-1.056313013652916,-0.9936085263934579,-1.09332397095996,-1.0832702155920435,100,0,1
2025.09.22,00:55:44,-1.0395403290854344,-0.9960922186966097,-1.1182172003417468,-1.024206462801588,100,0,1
2025.09.22,01:00:44,-1.0589763249039141,-0.9982503615759362,-1.0886835768479275,-1.0812032000581953,100,0,1
2025.09.22,01:05:44,-1.1109636797522215,-1.043715511275669,-1.1692785892364526,-1.0544202474633229,100,0,1
2025.09.22,01:10:44,-1.072466344960832,-1.0183369832398368,-1.1176594485774267,-1.0457042916758472,100,0,1
2025.09.22,01:15:44,-1.0310054835232527,-1.005215119548398,-1.0467482987756587,-1.037536757095734,100,0,1
2025.09.22,01:20:44,-0.9616772824354022,-0.8734980259051021,-0.9822275872432465,-0.931524613368372,100,0,1
2025.09.22,01:25:44,-0.9089124446619637,-0.8575467775550636,-0.9206306388998556,-0.9012173628989986,100,0,1
2025.09.22,01:30:44,-0.8299741954255772,-0.7715789374936913,-0.8756575735823623,-0.8523690450646497,100,0,1
2025.09.22,01:35:44,-0.8111109880464088,-0.7628001074431509,-0.8999595733736797,-0.8714250725642044,100,0,1
2025.09.22,01:40:44,-0.731600967135604,-0.7114150741121634,-0.7809454968565236,-0.7391215483487492,100,0,1
2025.09.22,01:45:44,-0.758257182698179,-0.6965035516673969,-0.8075785692116972,-0.7123994494573075,100,0,1
2025.09.22,01:50:44,-0.7396790831877763,-0.7054569267621519,-0.7795868679168132,-0.7259690540533933,100,0,1
2025.09.22,01:55:44,-0.7321012977086809,-0.6786249148185822,-0.7468748974753725,-0.6887167826604503,100,0,1
2025.09.22,02:00:44,-0.685050581760462,-0.6422832454496888,-0.7339043301041785,-0.644163442646779,100,0,1
2025.09.22,02:05:44,-0.6581611813121035,-0.6246092975735869,-0.7389413733082122,-0.7173971519960112,100,0,1
2025.09.22,02:10:44,-0.616802375745237,-0.5938436216904651,-0.653819497081242,-0.6203457473292086,100,0,1
2025.09.22,02:15:44,-0.6545421728762807,-0.5627480033708633,-0.6734990127635131,-0.6722619318632764,100,0,1
2025.09.22,02:20:44,-0.674968313774902,-0.5940791736727953,-0.7262237372568364,-0.6385118567831591,100,0,1
2025.09.22,02:25:44,-0.6141343683073716,-0.5688693028687729,-0.6424848465052632,-0.6014625887098021,100,0,1
2025.09.22,02:30:44,-0.6750016184989751,-0.6282219557031301,-0.7325592339785308,-0.664935966872708,100,0,1
2025.09.22,02:35:44,-0.7807226981487003,-0.7195533746207927,-0.83562521217634,-0.727393523632556,100,0,1
2025.09.22,02:40:44,-0.8276739533287802,-0.7480345224374737,-0.8565708399662684,-0.7810624450626579,100,0,1
2025.09.22,02:45:44,-0.9321267792768203,-0.8643741244557477,-1.0040881455811768,-0.9169609171856784,100,0,1
2025.09.22,02:50:44,-0.9475890503667952,-0.876739944682517,-1.0003416328729744,-0.9042723692415413,100,0,1
2025.09.22,02:55:44,-0.968078927552679,-0.9364218146448327,-1.0037648287918033,-0.9734070180638152,100,0,1
2025.09.22,03:00:44,-1.0325872220191477,-0.9737949306753763,-1.0428153979648715,-1.0220144928405097,100,0,1
2025.09.22,03:05:44,-0.9147647587064592,-0.8392618018180802,-0.9826358624054099,-0.9785553652033377,100,0,1
2025.09.22,03:10:44,-0.9158572046424606,-0.8624526926138198,-0.9501771769753217,-0.9326071823936324,100,0,1
2025.09.22,03:15:44,-0.986972253629602,-0.9490636367065542,-1.0750639737236862,-1.0742497953772054,100,0,1
2025.09.22,03:20:44,-1.0214649920104923,-0.9628980506050431,-1.0725657352607794,-1.0262709134531969,100,0,1
2025.09.22,03:25:44,-1.0227173850779085,-0.9721046239391344,-1.0654426092819302,-1.0600680808663352,100,0,1
2025.09.22,03:30:44,-0.9516986703926064,-0.9079691183147791,-0.9971205725786354,-0.9778614504016269,100,0,1
2025.09.22,03:35:44,-0.9731112121808607,-0.9288743696362208,-1.0277573414754224,-0.9528787766995731,100,0,1
2025.09.22,03:40:44,-0.9040704132924569,-0.8564456030852187,-0.9464755566922592,-0.8956111796524489,100,0,1
2025.09.22,03:45:44,-0.9132253996150685,-0.8766911821654969,-0.9620767867386971,-0.8840770041802846,100,0,1
2025.09.22,03:50:44,-0.8926110509602679,-0.7971638437474085,-0.9474458798046269,-0.8653264495734151,100,0,1
2025.09.22,03:55:44,-0.8849409724998684,-0.8393783945927507,-0.9098523414059345,-0.90226533201777,100,0,1
2025.09.22,04:00:44,-0.8442101400297614,-0.7649117046353918,-0.8746379280525389,-0.8678393882116062,100,0,1
2025.09.22,04:05:44,-0.7624912584756829,-0.7000834997471568,-0.8096345420386969,-0.750431027122565,100,0,1
2025.09.22,04:10:44,-0.7059735550583374,-0.6859701105685245,-0.7301964974517196,-0.7091397519166096,100,0,1
2025.09.22,04:15:44,-0.7624213660865442,-0.7249897514841652,-0.7853240649004207,-0.729667065520445,100,0,1
2025.09.22,04:20:44,-0.8133498337303501,-0.7309022676623371,-0.8234136792516757,-0.7583461879645212,100,0,1
2025.09.22,04:25:44,-0.8488171385352847,-0.8140437760774893,-0.9048217756596845,-0.8175098945178606,100,0,1
2025.09.22,04:30:44,-0.9471992806039007,-0.9179351407715459,-0.984829547811068,-0.9725498572343337,100,0,1
2025.09.22,04:35:44,-0.8602092440690691,-0.7860997142052748,-0.907413583606793,-0.8859805198698982,100,0,1
2025.09.22,04:40:44,-0.849856655409618,-0.8402345369242875,-0.9034491654229422,-0.8914159958985637,100,0,1
2025.09.22,04:45:44,-0.7900369662968715,-0.7328606042349419,-0.8391013799556594,-0.8319117633049657,100,0,1
2025.09.22,04:50:44,-0.841094635624106,-0.7914121875592023,-0.8714831274983248,-0.8636243300633074,100,0,1
2025.09.22,04:55:44,-0.8317011866316586,-0.7698568894830587,-0.853715030839351,-0.8258039894421313,100,0,1
2025.09.22,05:00:44,-0.9377959770096934,-0.8984120083397162,-1.00087298290635,-0.9833232743319572,100,0,1
2025.09.22,05:05:44,-0.9324410298276593,-0.8750885393877177,-0.9661318107414423,-0.9593258296338798,100,0,1
2025.09.22,05:10:44,-0.9224887934242448,-0.9006926255059532,-0.9536210353432063,-0.9228332344759571,100,0,1
2025.09.22,05:15:44,-0.9469465004793284,-0.8663206120256802,-0.9946905224112594,-0.9274773801708956,100,0,1
2025.09.22,05:20:44,-0.9095617229496264,-0.8472213166579445,-0.9697497340668716,-0.8604501055729445,100,0,1
2025.09.22,05:25:44,-0.8948724451978781,-0.834023870025873,-0.9238564005737553,-0.888401368704059,100,0,1
2025.09.22,05:30:44,-0.8673644396415583,-0.8372100229875792,-0.9062206250472731,-0.8433193216456648,100,0,1
2025.09.22,05:35:44,-0.8648261273623566,-0.8095842191587687,-0.9434127409146242,-0.9004385471330457,100,0,1
2025.09.22,05:40:44,-0.9403852203872475,-0.9092686815622693,-0.9910746196269749,-0.9318455101789753,100,0,1
2025.09.22,05:45:44,-0.8910405772689045,-0.837243284808954,-0.9249138096696604,-0.8705619729148867,100,0,1
2025.09.22,05:50:44,-0.9096297319466251,-0.8368923404262117,-0.9530898281006549,-0.9079978487014053,100,0,1
2025.09.22,05:55:44,-0.9145221039631358,-0.8582958826254162,-0.9175966139392001,-0.8616336542699945,100,0,1
2025.09.22,06:00:44,-0.9380695077401913,-0.8665702714255643,-0.9921420324381324,-0.8904196221195676,100,0,1
2025.09.22,06:05:44,-0.9202165792580221,-0.8803267532849031,-0.955442132641965,-0.8965095613796447,100,0,1
2025.09.22,06:10:44,-0.8444179733471083,-0.811322049175826,-0.9234591182539749,-0.9105215610765244,100,0,1
2025.09.22,06:15:44,-0.8665899154044601,-0.792943216321462,-0.9171483783114021,-0.8425984590015205,100,0,1
2025.09.22,06:20:44,-0.890997245919818,-0.8282733226734009,-0.9696720511590485,-0.9270454021721963,100,0,1
2025.09.22,06:25:44,-0.9282360062535344,-0.8838563600906271,-0.9729460180189521,-0.8899610694511723,100,0,1
2025.09.22,06:30:44,-0.9157689165468195,-0.8615778895832806,-0.9591625901281977,-0.8928167062072359,100,0,1
2025.09.22,06:35:44,-0.8551229075134469,-0.7929294491294742,-0.9043534927311646,-0.8216792520632209,100,0,1
2025.09.22,06:40:44,-0.8493976377042456,-0.8075017013582687,-0.9190522748499894,-0.8386389089480674,100,0,1
2025.09.22,06:45:44,-0.9712678791378935,-0.9237409902561967,-1.024652276577705,-0.9617578638772516,100,0,1
2025.09.22,06:50:44,-0.9962471142487541,-0.9734328061495816,-1.0578837404583699,-1.0100859903793376,100,0,1
2025.09.22,06:55:44,-1.128509797946902,-1.0903740491097462,-1.2098557474533307,-1.181758439250293,100,0,1
2025.09.22,07:00:44,-1.1427670342667575,-1.084066581680616,-1.2048606953684138,-1.1307634407098353,100,0,1
2025.09.22,07:05:44,-1.149951038225708,-1.1085052292377875,-1.1954384041501291,-1.1860738912340936,100,0,1
2025.09.22,07:10:44,-1.1534726616552722,-1.0987538392690774,-1.2033730159761404,-1.163112979643265,100,0,1
2025.09.22,07:15:44,-1.119205239239852,-1.0739081402129176,-1.1791407580834745,-1.1322981853326042,100,0,1
2025.09.22,07:20:44,-1.125974457269517,-1.0403851832448394,-1.2079770762756161,-1.197148599813729,100,0,1
2025.09.22,07:25:44,-1.1195061812916394,-1.07153495949382,-1.1664846673799594,-1.1276639667866224,100,0,1
2025.09.22,07:30:44,-1.0837702013199466,-1.0200546589649575,-1.1737977385288583,-1.083187596642333,100,0,1
2025.09.22,07:35:44,-1.1481755348788465,-1.1340030798984182,-1.2147315970212442,-1.1591149933038298,100,0,1
2025.09.22,07:40:44,-1.1095822535047062,-1.0700170771167743,-1.1579070910511036,-1.0808959666268578,100,0,1
2025.09.22,07:45:44,-1.1494992333283045,-1.0971480447518986,-1.1958171164317466,-1.1508835891387648,100,0,1
2025.09.22,07:50:44,-1.1132572860480994,-1.0652450720379825,-1.133048160931682,-1.1284423540997022,100,0,1
2025.09.22,07:55:44,-1.0978811280949277,-1.0426540862711116,-1.1473206202631607,-1.1464664045511022,100,0,1
2025.09.22,08:00:44,-0.9827295011780356,-0.9085984138820673,-1.0520595719376602,-0.9236307938368117,100,0,1
2025.09.22,08:05:44,-1.0289754169345613,-0.9469891514498616,-1.06840645699053,-1.0163092177357091,100,0,1
2025.09.22,08:10:44,-1.0619200004953941,-1.0049927855053407,-1.1523527881907165,-1.0573652897376309,100,0,1
2025.09.22,08:15:44,-1.0764965165872016,-1.0211557642255815,-1.1482666246532978,-1.1049033428368784,100,0,1
2025.09.22,08:20:44,-1.0984896067504684,-1.038391893314365,-1.1458410155836476,-1.129224577655924,100,0,1
2025.09.22,08:25:44,-1.1446223876769621,-1.1150340670951613,-1.1920746203318036,-1.185348938188747,100,0,1
2025.09.22,08:30:44,-1.1879437836435942,-1.1702979311121888,-1.2833730850779457,-1.2674057979639608,100,0,1
2025.09.22,08:35:44,-1.1550609994653025,-1.0941276017499106,-1.2438850774902717,-1.1309104902988047,100,0,1
2025.09.22,08:40:44,-1.194552666330076,-1.1333657557837158,-1.2278231142140064,-1.1471398303903602,100,0,1
2025.09.22,08:45:44,-1.248268406941296,-1.1881627185882475,-1.3027385412523176,-1.2702468237213442,100,0,1
2025.09.22,08:50:44,-1.2446869295553935,-1.194634744308295,-1.3188400004253245,-1.2600439730453423,100,0,1
2025.09.22,08:55:44,-1.2282800597622308,-1.1786588575934642,-1.2907199733154853,-1.2601212982269239,100,0,1
2025.09.22,09:00:44,-1.257182397750498,-1.2283778926785809,-1.292600838162554,-1.2835366211564807,100,0,1
2025.09.22,09:05:44,-1.225943478988763,-1.1460953463717085,-1.2987321661716837,-1.2806027097702677,100,0,1
2025.09.22,09:10:44,-1.1737259020024482,-1.10937152212799,-1.2220624396408375,-1.1399739013919927,100,0,1
2025.09.22,09:15:44,-1.100226456234822,-1.057749410456486,-1.1002669832527192,-1.0923625967328696,100,0,1
2025.09.22,09:20:44,-1.059506638074366,-0.9480541165981287,-1.0642734251717145,-1.004080324011151,100,0,1
2025.09.22,09:25:44,-1.042444908917696,-1.0271982998985636,-1.093769094035357,-1.0586387882403636,100,0,1
2025.09.22,09:30:44,-1.0304050973978884,-0.9695629280947756,-1.0983959783102084,-1.0073263353719508,100,0,1
2025.09.22,09:35:44,-1.056759151075575,-0.9952911903711714,-1.1711466831454371,-1.159350097134041,100,0,1
2025.09.22,09:40:44,-1.0437508451600728,-1.0264647754862806,-1.0734023411465288,-1.0300262090543888,100,0,1
2025.09.22,09:45:44,-1.0936947202951965,-1.0381829705050392,-1.1260088144360876,-1.1121118023484085,100,0,1
2025.09.22,09:50:44,-1.0695123365798194,-1.0126764306446026,-1.1197749307358962,-1.0774489869625468,100,0,1
2025.09.22,09:55:44,-1.104393336385834,-1.064824698185177,-1.1282720157622614,-1.111364233080926,100,0,1
2025.09.22,10:00:44,-1.0707932867840797,-1.0237012572828312,-1.1307911687139525,-1.0881806747298828,100,0,1
2025.09.22,10:05:44,-1.0577139999856529,-0.9845576491061798,-1.1264909965365202,-1.0853016982350356,100,0,1
2025.09.22,10:10:44,-1.085818448403437,-1.029337410976234,-1.1536857313060396,-1.0921665753250502,100,0,1
2025.09.22,10:15:44,-1.1298389059155511,-1.0374518512279312,-1.1613872692096716,-1.096480312863347,100,0,1
2025.09.22,10:20:44,-1.1516530749785063,-1.1209904323381525,-1.1612569770198742,-1.1467680901991197,100,0,1
2025.09.22,10:25:44,-1.1262509180006208,-1.0609394522138051,-1.1858591384209363,-1.1452335420011714,100,0,1
2025.09.22,10:30:44,-1.0889053932247819,-1.0631094045214018,-1.1709817532330389,-1.094364924174109,100,0,1
2025.09.22,10:35:44,-1.0738509798155984,-0.9841159110467189,-1.1079144131694254,-0.9923598029688804,100,0,1
2025.09.22,10:40:44,-1.1547221241124157,-1.089456011322379,-1.1959216741807375,-1.1452394019716425,100,0,1
2025.09.22,10:45:44,-1.0991076792137284,-1.0288054585751645,-1.1203067277206094,-1.116557805342321,100,0,1
2025.09.22,10:50:44,-1.2819779443959403,-1.2598674848823364,-1.325008482610338,-1.308073089603835,100,0,1
2025.09.22,10:55:44,-1.2700245248171547,-1.2312306731251186,-1.3273433549276095,-1.2455383837877116,100,0,1
2025.09.22,11:00:44,-1.2467117509211514,-1.1810219815900491,-1.3006397047223321,-1.250889456477128,100,0,1
2025.09.22,11:05:44,-1.1802657939965908,-1.1252453898948627,-1.265220449207881,-1.1692949637030505,100,0,1
2025.09.22,11:10:44,-1.2785496290048757,-1.2239178613976116,-1.3225443212175885,-1.25674164058765,100,0,1
2025.09.22,11:15:44,-1.2810009075004027,-1.2340058462402732,-1.339539491903442,-1.2898535079128244,100,0,1
2025.09.22,11:20:44,-1.3233434726607238,-1.2793151955590376,-1.3604475815033261,-1.3185878208697008,100,0,1
2025.09.22,11:25:44,-1.2986159287326935,-1.2509863086222615,-1.3409868768360191,-1.2736389166416924,100,0,1
2025.09.22,11:30:44,-1.319783086703778,-1.2717706991516302,-1.357231208632786,-1.3479902337257408,100,0,1
2025.09.22,11:35:44,-1.288738241582865,-1.2300944326892005,-1.3141846301873747,-1.3112357743003076,100,0,1
2025.09.22,11:40:44,-1.3684040524339727,-1.2852223100816034,-1.3763319413589714,-1.320844298947649,100,0,1
2025.09.22,11:45:44,-1.3348678739977058,-1.2648839203460989,-1.3839663704799483,-1.2922486951717111,100,0,1
2025.09.22,11:50:44,-1.349300471481946,-1.3089853931374231,-1.3774281144492089,-1.3554337860676815,100,0,1
2025.09.22,11:55:44,-1.3758628848778904,-1.3371831125466813,-1.4259457943016671,-1.4026059841420127,100,0,1
2025.09.22,12:00:44,-1.4097835160693404,-1.3844380088578934,-1.4819051181963125,-1.4188785885944533,100,0,1
2025.09.22,12:05:44,-1.4703986737447825,-1.3746420410832139,-1.5390592094068736,-1.4273326119299523,100,0,1
2025.09.22,12:10:44,-1.3835674890058953,-1.3592105513767014,-1.408452160901428,-1.404062930424283,100,0,1
2025.09.22,12:15:44,-1.4607391309539266,-1.3937284044920994,-1.5419810807547183,-1.4766443209140192,100,0,1
2025.09.22,12:20:44,-1.497301182523474,-1.4447551704043948,-1.5302619083127746,-1.4857756935283541,100,0,1
2025.09.22,12:25:44,-1.5650564900422201,-1.5303992289355897,-1.5950700700853684,-1.5312073124455643,100,0,1
2025.09.22,12:30:44,-1.5844458057042616,-1.5767149484793714,-1.6482674640320372,-1.5847235809098805,100,0,1
2025.09.22,12:35:44,-1.5839254594247836,-1.5201936631732862,-1.6199311446920068,-1.5704662672416512,100,0,1
2025.09.22,12:40:44,-1.620152427325131,-1.5791636420730009,-1.6792513802345355,-1.6155074831044673,100,0,1
2025.09.22,12:45:44,-1.6227671599546067,-1.5130938736891562,-1.6916348704151787,-1.5329641763288702,100,0,1
2025.09.22,12:50:44,-1.6391578984754542,-1.6312062618334853,-1.6924203166571279,-1.6512537985240379,100,0,1
2025.09.22,12:55:44,-1.6249433058705876,-1.5820972514841398,-1.6841422047818255,-1.6761759416662259,100,0,1
2025.09.22,13:00:44,-1.6394932256763364,-1.5893563440152214,-1.68504888712758,-1.6487058857755956,100,0,1
2025.09.22,13:05:44,-1.709202502034442,-1.6763061410301567,-1.783157480794966,-1.6919047560157119,100,0,1
2025.09.22,13:10:44,-1.5965709996145439,-1.5376311594531202,-1.6251756685019738,-1.6201622929120845,100,0,1
2025.09.22,13:15:44,-1.533156320133786,-1.4657602942028538,-1.566875328318555,-1.5156230577966117,100,0,1
2025.09.22,13:20:44,-1.522314426771511,-1.4688869476829467,-1.568470655017543,-1.529766669673355,100,0,1
2025.09.22,13:25:44,-1.4741678635916922,-1.4336840008665492,-1.5507541085713739,-1.5021162475394343,100,0,1
2025.09.22,13:30:44,-1.3641590886332937,-1.3387703246840899,-1.4161453109738136,-1.3392550932745662,100,0,1
2025.09.22,13:35:44,-1.3795419811519545,-1.339584029009285,-1.4428046136588377,-1.4063802694845786,100,0,1
2025.09.22,13:40:44,-1.3316194083068593,-1.2659627162327833,-1.3874583956215845,-1.3286495494090573,100,0,1
2025.09.22,13:45:44,-1.351885866008717,-1.2877333112583427,-1.3836312047543695,-1.3192019316659547,100,0,1
2025.09.22,13:50:44,-1.311616303583014,-1.2442543828390753,-1.33806955101129,-1.2611662430142383,100,0,1
2025.09.22,13:55:44,-1.2955379497983817,-1.2289321020522634,-1.3443193962754352,-1.3046037041534022,100,0,1
2025.09.22,14:00:44,-1.2567345616897845,-1.1868950921882317,-1.312037541120167,-1.2207729262008227,100,0,1
2025.09.22,14:05:44,-1.295483620620546,-1.2536392913876742,-1.3324037792178487,-1.3019538528618069,100,0,1
2025.09.22,14:10:44,-1.3368382342621588,-1.2822971029354073,-1.3659965072711389,-1.3186843182864705,100,0,1
2025.09.22,14:15:44,-1.363891758018836,-1.318108095596153,-1.4258523830068828,-1.3486364824011252,100,0,1
2025.09.22,14:20:44,-1.4216398164585633,-1.3700987622265846,-1.5221476775486997,-1.4697779569125393,100,0,1
2025.09.22,14:25:44,-1.451000857364438,-1.4171600899247023,-1.5237261406356137,-1.4989948087159308,100,0,1
2025.09.22,14:30:44,-1.4460565703969988,-1.3998953831042154,-1.5432663392381598,-1.463491227777621,100,0,1
2025.09.22,14:35:44,-1.4583330827304637,-1.43479234726868,-1.4944985939951418,-1.4879151974466918,100,0,1
2025.09.22,14:40:44,-1.4239541970381489,-1.3711757639250999,-1.4961739276492059,-1.4074950608674208,100,0,1
2025.09.22,14:45:44,-1.4537375624283257,-1.3712316036354224,-1.494618236046773,-1.4858752005455709,100,0,1
2025.09.22,14:50:44,-1.4419637881846512,-1.3748538489607451,-1.4748973506931862,-1.3843135325301936,100,0,1
2025.09.22,14:55:44,-1.412452988683174,-1.3744011674126777,-1.4823002754232846,-1.4095450083099543,100,0,1
2025.09.22,15:00:44,-1.4836822092838182,-1.4321959836373148,-1.5640800502208891,-1.450337780575976,100,0,1
2025.09.22,15:05:44,-1.417854917775424,-1.385043932805118,-1.4790363813180551,-1.454136375918645,100,0,1
2025.09.22,15:10:44,-1.4489280300033756,-1.4163817239046517,-1.5104582796300254,-1.4656987052255523,100,0,1
2025.09.22,15:15:44,-1.3543558153327853,-1.3095732888333,-1.4277576569267891,-1.399197015553446,100,0,1
2025.09.22,15:20:44,-1.3128361030527058,-1.2987889602824465,-1.3310137304954612,-1.3123727094176159,100,0,1
2025.09.22,15:25:44,-1.2483179891564506,-1.1987250690198332,-1.3162847284077348,-1.2166364521376083,100,0,1
2025.09.22,15:30:44,-1.2883037377960327,-1.2762276038094775,-1.3304507399566547,-1.2821214307594224,100,0,1
2025.09.22,15:35:44,-1.377171107191804,-1.327690806424094,-1.4253496185592132,-1.343241487077943,100,0,1
2025.09.22,15:40:44,-1.387337164981147,-1.352649175023205,-1.4519243543644658,-1.3855171872463403,100,0,1
2025.09.22,15:45:44,-1.39084720058433,-1.3513635204972614,-1.4223532821743223,-1.3926261729036762,100,0,1
2025.09.22,15:50:44,-1.3486869295024668,-1.3162615260842452,-1.3903972047505064,-1.336246981603483,100,0,1
2025.09.22,15:55:44,-1.383101935473233,-1.3395898730019298,-1.4237524391978311,-1.3572137735436556,100,0,1
2025.09.22,16:00:44,-1.3494971053432412,-1.281424980375199,-1.3889821504502446,-1.3651192826269156,100,0,1
2025.09.22,16:05:44,-1.3546727285499198,-1.29824337839747,-1.4282228823918817,-1.3409947891603913,100,0,1
2025.09.22,16:10:44,-1.3728733432513665,-1.3558119451307873,-1.432543904345554,-1.3982736212679838,100,0,1
2025.09.22,16:15:44,-1.3735893731072815,-1.3081100218105097,-1.4449719256070497,-1.3339923064109644,100,0,1
2025.09.22,16:20:44,-1.4102982688755485,-1.369613860583021,-1.453242419981258,-1.4091834165079795,100,0,1
2025.09.22,16:25:44,-1.3712799483635685,-1.3211632447630817,-1.4089599036675853,-1.3230099208412158,100,0,1
2025.09.22,16:30:44,-1.392983504534528,-1.3121838862116575,-1.4579775979554794,-1.3263878525415782,100,0,1
2025.09.22,16:35:44,-1.3112358624347418,-1.258667373290513,-1.3596220124871707,-1.3415984463603328,100,0,1
2025.09.22,16:40:44,-1.3252209066805207,-1.2743871186719213,-1.3680381974205649,-1.344873429643816,100,0,1
2025.09.22,16:45:44,-1.2852632692845334,-1.2800183637680926,-1.3297313838110147,-1.2833528567655892,100,0,1
2025.09.22,16:50:44,-1.3123475903736515,-1.2744103102252131,-1.3767724232212721,-1.3507671094200886,100,0,1
2025.09.22,16:55:44,-1.337801374094392,-1.295936130919502,-1.4192024519794266,-1.367324854723107,100,0,1
2025.09.22,17:00:44,-1.2989077745275128,-1.2484666414473407,-1.3849477539190307,-1.298037865648347,100,0,1
2025.09.22,17:05:44,-1.3146321729381794,-1.2594672276139272,-1.3552475719890744,-1.3016194531853909,100,0,1
2025.09.22,17:10:44,-1.2268826595930542,-1.1596082487744592,-1.2859825807081304,-1.1744344315116764,100,0,1
2025.09.22,17:15:44,-1.1769531952076904,-1.1483023855397703,-1.2433147209823507,-1.208155464282398,100,0,1
2025.09.22,17:20:44,-1.225850399307277,-1.1947591240578948,-1.2904493862168678,-1.262359530440976,100,0,1
2025.09.22,17:25:44,-1.1747213403327632,-1.1120743979661112,-1.246747957768224,-1.2289269470250466,100,0,1
2025.09.22,17:30:44,-1.2380551966351376,-1.225958951560166,-1.299895594625914,-1.2892454687360246,100,0,1
2025.09.22,17:35:44,-1.2013003116399068,-1.1574674403908354,-1.2558077505501928,-1.1721447017077045,100,0,1
2025.09.22,17:40:44,-1.1389714253407492,-1.075115519370163,-1.196470536279921,-1.077206640756548,100,0,1
2025.09.22,17:45:44,-1.0686224306340315,-1.0140422854736748,-1.0872540349228748,-1.040834353690762,100,0,1
2025.09.22,17:50:44,-1.0745627113191365,-1.0139500304939297,-1.124514959094275,-1.1136434780209359,100,0,1
2025.09.22,17:55:44,-1.1928116637202661,-1.1402436369848779,-1.2350447924358146,-1.2190520980973334,100,0,1
2025.09.22,18:00:44,-1.128487389786541,-1.0904336459635608,-1.162217712396664,-1.1286340542689945,100,0,1
2025.09.22,18:05:44,-1.131114493802027,-1.0745613386888093,-1.1761477466911392,-1.0998148399858443,100,0,1
2025.09.22,18:10:44,-1.0959842626786491,-1.0665082466047964,-1.1378544083226771,-1.0926335838420118,100,0,1
2025.09.22,18:15:44,-1.1323440155964322,-1.1290504093977263,-1.208431725307796,-1.1517948162534388,100,0,1
2025.09.22,18:20:44,-1.1271258968559519,-1.1034145140752887,-1.1858076883143318,-1.1063959982896758,100,0,1
2025.09.22,18:25:44,-1.1969493891539205,-1.1451797227691893,-1.2371989988877912,-1.2169852757920487,100,0,1
2025.09.22,18:30:44,-1.233232270362667,-1.1751732253788938,-1.2737076679175383,-1.2499746774725629,100,0,1
2025.09.22,18:35:44,-1.277792346334688,-1.2747465654940595,-1.326601895164598,-1.3001991841496037,100,0,1
2025.09.22,18:40:44,-1.3845130049609105,-1.3143223891716138,-1.4062784876807086,-1.3154921414155463,100,0,1
2025.09.22,18:45:44,-1.4271021698163282,-1.3742348688792083,-1.5151040452369817,-1.4015409491078616,100,0,1
2025.09.22,18:50:44,-1.3308931450246437,-1.2893735767232724,-1.3714526611886657,-1.3582668219167455,100,0,1
2025.09.22,18:55:44,-1.2846937811513919,-1.2686802893678022,-1.3409417138980269,-1.3095157290023518,100,0,1
2025.09.22,19:00:44,-1.242390724762932,-1.208770025123431,-1.2948483638794457,-1.2313677375277576,100,0,1
2025.09.22,19:05:44,-1.244354065560017,-1.1859617723422649,-1.278478416046105,-1.20260282917348,100,0,1
2025.09.22,19:10:44,-1.299696289003104,-1.2645808925722883,-1.350026416986641,-1.2758358524690963,100,0,1
2025.09.22,19:15:44,-1.2714060734792139,-1.2214932499807474,-1.3222507759790585,-1.232402619124319,100,0,1
2025.09.22,19:20:44,-1.383995792585399,-1.3598129119514293,-1.4189609381079855,-1.407338678405762,100,0,1
2025.09.22,19:25:44,-1.3754396335348151,-1.3319428027925064,-1.4065438334750306,-1.379346717436214,100,0,1
2025.09.22,19:30:44,-1.3384944556035958,-1.2589074923686565,-1.3901493423985822,-1.3078488652674052,100,0,1
2025.09.22,19:35:44,-1.3199175425544154,-1.2772940007706022,-1.3462608543758692,-1.2963550725501578,100,0,1
2025.09.22,19:40:44,-1.2826935947260705,-1.211612236241501,-1.314886025962953,-1.2705023352048561,100,0,1
2025.09.22,19:45:44,-1.3320992645211092,-1.294133813373514,-1.387893216412932,-1.2961019409256924,100,0,1
2025.09.22,19:50:44,-1.3524451682012024,-1.2819693011686368,-1.4426702469294648,-1.2910043350546008,100,0,1
2025.09.22,19:55:44,-1.3551784288166755,-1.3503731838940918,-1.444262738672751,-1.438829839155727,100,0,1
2025.09.22,20:00:44,-1.3463476319444547,-1.3119988023943816,-1.3763538555915837,-1.3592586952926824,100,0,1
2025.09.22,20:05:44,-1.3476820698618337,-1.244531331817986,-1.394021614694693,-1.3833011704505638,100,0,1
2025.09.22,20:10:44,-1.3071951955594243,-1.2649241370183526,-1.3467558116630216,-1.2879541408378756,100,0,1
2025.09.22,20:15:44,-1.257479018794458,-1.1955070222658783,-1.2800851187154956,-1.2195518786232817,100,0,1
2025.09.22,20:20:44,-1.1712420421981473,-1.111513479325796,-1.2367360952355817,-1.193768350317529,100,0,1
2025.09.22,20:25:44,-1.2211698496825183,-1.164464121790508,-1.2736216229376056,-1.1771129300727488,100,0,1
2025.09.22,20:30:44,-1.3343129554136473,-1.3046789550737392,-1.3744606033768003,-1.3122459911598758,100,0,1
2025.09.22,20:35:44,-1.3466902559774436,-1.330982762996805,-1.4301345120636775,-1.3393459961044598,100,0,1
2025.09.22,20:40:44,-1.2600599243983504,-1.2313311452306601,-1.2985592120745477,-1.2521413301059852,100,0,1
2025.09.22,20:45:44,-1.2567627923995157,-1.2346597140306461,-1.323676198087849,-1.3065701467004331,100,0,1
2025.09.22,20:50:44,-1.272913531370997,-1.2355067703425981,-1.329167052664732,-1.3063054522167872,100,0,1
2025.09.22,20:55:44,-1.3036131036465215,-1.2576077930858927,-1.349633992783479,-1.2741831123640195,100,0,1
2025.09.22,21:00:44,-1.3387262068062817,-1.3007914002829473,-1.389547205145729,-1.33873397142498,100,0,1
2025.09.22,21:05:44,-1.3307431300176285,-1.3237251564836185,-1.3825473736692462,-1.3773031303155099,100,0,1
2025.09.22,21:10:44,-1.3909201580350852,-1.349887580643464,-1.4618553551094438,-1.4142953430770588,100,0,1
2025.09.22,21:15:44,-1.3270020193930072,-1.2722430234830573,-1.3792897828125925,-1.3196763747972473,100,0,1
2025.09.22,21:20:44,-1.3576887695227287,-1.3085036275308002,-1.3869429690967654,-1.324347104702685,100,0,1
2025.09.22,21:25:44,-1.3091733957565244,-1.2087588609679505,-1.361584230034599,-1.252270239799132,100,0,1
2025.09.22,21:30:44,-1.2901547935577213,-1.2036858043881908,-1.3284489922464635,-1.3065880953644038,100,0,1
2025.09.22,21:35:44,-1.2952524095137623,-1.2200415115373506,-1.3329702992906103,-1.327527578225501,100,0,1
2025.09.22,21:40:44,-1.3206600965982658,-1.2666261053262715,-1.3676295073713378,-1.3518062047634045,100,0,1
2025.09.22,21:45:44,-1.2728894232914383,-1.2323447624949477,-1.3082673506788538,-1.2916573545203185,100,0,1
2025.09.22,21:50:44,-1.2788634869089006,-1.238652379461018,-1.325233833557421,-1.2649675491082424,100,0,1
2025.09.22,21:55:44,-1.2519736394457144,-1.2126155475594982,-1.329475023421031,-1.313232890940758,100,0,1
2025.09.22,22:00:44,-1.295896395926409,-1.2882356754693889,-1.3613615070516814,-1.3403263547607909,100,0,1
2025.09.22,22:05:44,-1.2532855631620774,-1.2131720342172054,-1.2981057222472785,-1.2777287620361597,100,0,1
2025.09.22,22:10:44,-1.3569736375652512,-1.2756355668191783,-1.4153570487854732,-1.3712087867359704,100,0,1
2025.09.22,22:15:44,-1.3396434142660574,-1.2943773846722302,-1.3954784261530624,-1.3729103703053684,100,0,1
2025.09.22,22:20:44,-1.312128131350958,-1.2520608312908326,-1.3363469921337754,-1.2974936106904995,100,0,1
2025.09.22,22:25:44,-1.2641170928615038,-1.167664518701963,-1.3004709945017332,-1.2709547799016132,100,0,1
2025.09.22,22:30:44,-1.1780894773892192,-1.1487837213149823,-1.2468884403415976,-1.1952395131501796,100,0,1
2025.09.22,22:35:44,-1.2160744865937994,-1.1748861720633887,-1.300611991554035,-1.2612811595188367,100,0,1
2025.09.22,22:40:44,-1.2224488819636765,-1.168856550872008,-1.2648455477944371,-1.2057223474253735,100,0,1
2025.09.22,22:45:44,-1.187977915589863,-1.094633292269053,-1.2296285120235873,-1.1416802475674572,100,0,1
2025.09.22,22:50:44,-1.078010465966218,-1.0313482310450732,-1.1036721727748893,-1.0944166559051733,100,0,1
2025.09.22,22:55:44,-1.030763085647124,-0.9784150587573563,-1.0527303850820668,-1.0316537497872806,100,0,1
2025.09.22,23:00:44,-1.1018684289335448,-1.0394656807278924,-1.1636738527544697,-1.098805993605792,100,0,1
2025.09.22,23:05:44,-1.056997561746627,-1.0435080376465005,-1.0965660389139895,-1.086671669270863,100,0,1
2025.09.22,23:10:44,-1.0955563753339783,-1.0260333616226747,-1.1387290140233763,-1.0508037007218929,100,0,1
2025.09.22,23:15:44,-1.141939643614902,-1.0983860887859072,-1.1689732246072395,-1.1292405786001376,100,0,1
2025.09.22,23:20:44,-1.0551819401824385,-0.9719345135296465,-1.1143121975545118,-1.096238808753174,100,0,1
2025.09.22,23:25:44,-1.0398764785733234,-1.000660147794744,-1.0930260114393155,-1.0775453367940269,100,0,1
2025.09.22,23:30:44,-0.971710915367057,-0.946734858766977,-1.0099953386924885,-0.9469601721303159,100,0,1
2025.09.22,23:35:44,-0.9740265396905184,-0.9041985379396248,-0.9940528112953919,-0.943377422633513,100,0,1
2025.09.22,23:40:44,-0.8825948892136514,-0.8054927928797722,-0.9206636129837439,-0.8339092798744625,100,0,1
2025.09.22,23:45:44,-0.8366652108747161,-0.7785550739799897,-0.9099446770565471,-0.8419251909114758,100,0,1
2025.09.22,23:50:44,-0.8077292978459998,-0.7485686579445219,-0.8550012247139417,-0.7559564831561123,100,0,1
2025.09.22,23:55:44,-0.8942367927539893,-0.8637642109106692,-0.9673533986287357,-0.9663362612766434,100,0,1
2025.09.23,00:00:44,-0.9202182146990728,-0.8678789497726355,-0.9853626737492046,-0.9831487322867833,100,0,1
2025.09.23,00:05:44,-0.8736772135553872,-0.8117231828910724,-0.923557531296638,-0.9133457037359833,100,0,1
2025.09.23,00:10:44,-0.9159829804582573,-0.868470248983008,-0.9574684526173953,-0.9344743917404855,100,0,1
2025.09.23,00:15:44,-0.9794477498766686,-0.8910668383837811,-1.0260083077701445,-1.0069633974502266,100,0,1
2025.09.23,00:20:44,-1.0744178184055004,-1.0308082217314418,-1.1233125795591044,-1.0952905499223928,100,0,1
2025.09.23,00:25:44,-1.0610729689498932,-1.0173874384662442,-1.1179688406296038,-1.0749598088718473,100,0,1
2025.09.23,00:30:44,-0.975586307693571,-0.9209373051928925,-0.9936040964979423,-0.9759465009116224,100,0,1
2025.09.23,00:35:44,-0.9854211520849595,-0.9265885971181418,-1.03932114541677,-1.0148199971753153,100,0,1
2025.09.23,00:40:44,-0.9188695693620236,-0.8665880577656044,-0.9628711524705227,-0.9573148427866022,100,0,1
2025.09.23,00:45:44,-0.8506286596395567,-0.810102513543709,-0.895240063174737,-0.8211324918880243,100,0,1
2025.09.23,00:50:44,-0.8608083802099922,-0.8300839888215814,-0.9213142385599489,-0.8847820116657599,100,0,1
2025.09.23,00:55:44,-0.7867288802477793,-0.7825173314163489,-0.8511096359821303,-0.8250947773234818,100,0,1
2025.09.23,01:00:44,-0.8289634762806963,-0.7632432560181426,-0.8703012951357093,-0.8408236934432385,100,0,1
2025.09.23,01:05:44,-0.8712887092308182,-0.799165132242357,-0.9381419630848007,-0.8818270567363741,100,0,1
2025.09.23,01:10:44,-0.7919462017229334,-0.7198744974285818,-0.8626254911886734,-0.7881674363214202,100,0,1
2025.09.23,01:15:44,-0.8136177978057556,-0.7228432969883745,-0.8471576529993983,-0.7318927022925451,100,0,1
2025.09.23,01:20:44,-0.858930509328248,-0.8245147358245246,-0.9103723048235494,-0.8440907070798593,100,0,1
2025.09.23,01:25:44,-0.9150385675810597,-0.8416071068515443,-0.9698164200274444,-0.8482491136601469,100,0,1
2025.09.23,01:30:44,-0.8708271128145411,-0.8206305281464864,-0.9297344662675034,-0.9104466004104788,100,0,1
2025.09.23,01:35:44,-0.8123335315557063,-0.7730354720368047,-0.8660085742031829,-0.8330741201811778,100,0,1
2025.09.23,01:40:44,-0.7542016502562898,-0.6951025009509444,-0.8073093505727452,-0.7182849853350303,100,0,1
2025.09.23,01:45:44,-0.8119461675707748,-0.7614721785625197,-0.8479974946113749,-0.8344725711654137,100,0,1
2025.09.23,01:50:44,-0.8761918218175927,-0.8061134093514601,-0.9548175156707135,-0.8812744453411365,100,0,1
2025.09.23,01:55:44,-0.855197615061829,-0.7763371394402317,-0.878774665463566,-0.7881275778796761,100,0,1
2025.09.23,02:00:44,-0.8387396059919962,-0.7558346745634796,-0.8951279884662032,-0.7706460704114331,100,0,1
2025.09.23,02:05:44,-0.8231691211631825,-0.818453787900875,-0.8675058641276671,-0.8629957333399324,100,0,1
2025.09.23,02:10:44,-0.843010450661567,-0.8087636740766919,-0.9089404434796204,-0.896275400130315,100,0,1
2025.09.23,02:15:44,-0.846586612963369,-0.7943004311141494,-0.881137595676423,-0.835354335967069,100,0,1
2025.09.23,02:20:44,-0.8012351310430101,-0.7413104371178431,-0.9008424266997311,-0.8025700363677067,100,0,1
2025.09.23,02:25:44,-0.8400984388832015,-0.7878764551841493,-0.8725520019932602,-0.8235158026960725,100,0,1
2025.09.23,02:30:44,-0.7838948594985984,-0.7568929615852942,-0.8395525981868602,-0.7752182852863884,100,0,1
2025.09.23,02:35:44,-0.7822152648129,-0.7241454439094618,-0.8108658561056469,-0.799732751449941,100,0,1
2025.09.23,02:40:44,-0.7564395522329198,-0.7039367400633024,-0.8015315230629134,-0.7214014761313198,100,0,1
2025.09.23,02:45:44,-0.7256036015295473,-0.6795950470007249,-0.7963502213340828,-0.7841279425275979,100,0,1
2025.09.23,02:50:44,-0.7494554718040647,-0.7055990777267481,-0.7639131649467733,-0.7279294338082624,100,0,1
2025.09.23,02:55:44,-0.6721402487780549,-0.6246527941504039,-0.727060680210415,-0.65969923967244,100,0,1
2025.09.23,03:00:44,-0.6282665752501486,-0.5857375107060532,-0.6947695806573206,-0.6716903177826794,100,0,1
2025.09.23,03:05:44,-0.6290253582789979,-0.595653625002565,-0.6909791455896082,-0.6740158104785733,100,0,1
2025.09.23,03:10:44,-0.6096228083065837,-0.5506289339937369,-0.6522470431974011,-0.5997902846136262,100,0,1
2025.09.23,03:15:44,-0.5752447860963694,-0.5509904856521873,-0.6149673279608635,-0.6138929815474042,100,0,1
2025.09.23,03:20:44,-0.555159279475081,-0.50886425796089,-0.6012221703415709,-0.5671802061284643,100,0,1
2025.09.23,03:25:44,-0.4762794050408395,-0.44517261332915803,-0.5407849079820881,-0.471766436958735,100,0,1
2025.09.23,03:30:44,-0.4210075046234408,-0.36985885592377,-0.4494615097983627,-0.38591717312004103,100,0,1
2025.09.23,03:35:44,-0.4684139837576122,-0.43107445758842283,-0.5552286170687666,-0.5416046524578804,100,0,1
2025.09.23,03:40:44,-0.5362962929815924,-0.46124966039820536,-0.5685541029062653,-0.5117565943833811,100,0,1
2025.09.23,03:45:44,-0.4796998300184634,-0.4621275849637898,-0.5071223778914351,-0.4744291659389278,100,0,1
2025.09.23,03:50:44,-0.4684726560862933,-0.40928907349292404,-0.5464101527564751,-0.4414716103299883,100,0,1
2025.09.23,03:55:44,-0.40202145333015377,-0.33537525767164467,-0.45341486273709386,-0.4333403046071326,100,0,1
2025.09.23,04:00:44,-0.4123496166708651,-0.3551983686296546,-0.4589128856156126,-0.3628373374870917,100,0,1
2025.09.23,04:05:44,-0.32488305393525296,-0.2372312749634014,-0.3886724829363216,-0.24547396672655963,100,0,1
2025.09.23,04:10:44,-0.35216618062804145,-0.27895874224268824,-0.36477752832236077,-0.3522428844603005,100,0,1
2025.09.23,04:15:44,-0.26475755685927854,-0.17973605829630518,-0.35019315196060463,-0.258571188640934,100,0,1
2025.09.23,04:20:44,-0.24072065898742434,-0.19014604140411012,-0.3185037198228124,-0.2613616424663657,100,0,1
2025.09.23,04:25:44,-0.1483466587576987,-0.10670572300160863,-0.16808857143702483,-0.12265493348209974,100,0,1
2025.09.23,04:30:44,-0.23067736008140904,-0.18311052880193682,-0.2967142733784813,-0.27945983009300185,100,0,1
2025.09.23,04:35:44,-0.2388253020354987,-0.18335543820132735,-0.28488496626174165,-0.24889628326842697,100,0,1
2025.09.23,04:40:44,-0.24198374010804893,-0.19441692920477271,-0.2877893880974205,-0.2721601483807427,100,0,1
2025.09.23,04:45:44,-0.29145844921470715,-0.21040465120246538,-0.34468223586104946,-0.23662858753841975,100,0,1
2025.09.23,04:50:44,-0.30823221587838373,-0.2570830892363859,-0.3531424511816948,-0.287074192880162,100,0,1
2025.09.23,04:55:44,-0.342139266674025,-0.2816894948750451,-0.35985654153102176,-0.35755086976423617,100,0,1
2025.09.23,05:00:44,-0.2806387050650347,-0.2219579532151481,-0.3334186447781391,-0.33108652234509445,100,0,1
2025.09.23,05:05:44,-0.3571243938261434,-0.31021879641656536,-0.3947936221340782,-0.3480476400584006,100,0,1
2025.09.23,05:10:44,-0.41457806746652737,-0.3868231378616164,-0.47809574220663853,-0.473600766516817,100,0,1
2025.09.23,05:15:44,-0.4699272244122805,-0.39266443163280224,-0.5267872366162394,-0.4670680341227162,100,0,1
2025.09.23,05:20:44,-0.4043585054208721,-0.38688024626126627,-0.47539975447088073,-0.45289915080821874,100,0,1
2025.09.23,05:25:44,-0.35883143416844576,-0.301211748677416,-0.4246746908207166,-0.3847334646068692,100,0,1
2025.09.23,05:30:44,-0.3672052112656832,-0.3418957077202113,-0.42093123791889386,-0.3855471074033137,100,0,1
2025.09.23,05:35:44,-0.39836162929305285,-0.34525139470832567,-0.4368774380288666,-0.42656858248615215,100,0,1
2025.09.23,05:40:44,-0.3786997285955579,-0.3143429583453383,-0.44054195273806407,-0.3784872403002212,100,0,1
2025.09.23,05:45:44,-0.366206370825663,-0.2826544769358725,-0.42687483335838666,-0.3335891703029098,100,0,1
2025.09.23,05:50:44,-0.4027182209295486,-0.35456153843376675,-0.4082014150638255,-0.37888782534673765,100,0,1
2025.09.23,05:55:44,-0.462183719523577,-0.4110978183318678,-0.5289590292379931,-0.5278923954435367,100,0,1
2025.09.23,06:00:44,-0.3806284330393286,-0.35193219577780943,-0.4396729837625895,-0.43010363196098367,100,0,1
2025.09.23,06:05:44,-0.37600923758744337,-0.341516523306013,-0.4148618847762758,-0.3779478410509668,100,0,1
2025.09.23,06:10:44,-0.36317311201237185,-0.3400180234751311,-0.3845133285413081,-0.34350910123720774,100,0,1
2025.09.23,06:15:44,-0.3017150548134556,-0.2417718199272479,-0.3627545975701722,-0.339894894255162,100,0,1
2025.09.23,06:20:44,-0.340716942838712,-0.28123823205983023,-0.3919048395064283,-0.3319026986675725,100,0,1
2025.09.23,06:25:44,-0.4184606714395428,-0.39946173698610765,-0.4595925904524876,-0.40147571264727533,100,0,1
2025.09.23,06:30:44,-0.37801712096278917,-0.334086752266675,-0.4076185682379153,-0.38496325448474333,100,0,1
2025.09.23,06:35:44,-0.4145287265713382,-0.3669192562152763,-0.47159955704932477,-0.45092249645949933,100,0,1
2025.09.23,06:40:44,-0.35637706788342655,-0.28667209910619085,-0.4547407457776703,-0.37107862322296237,100,0,1
2025.09.23,06:45:44,-0.32643098434664986,-0.28966239715664593,-0.4060680980103806,-0.3575141592118323,100,0,1
2025.09.23,06:50:44,-0.5193721316206311,-0.4774595215049592,-0.5870442266664169,-0.5121312098128354,100,0,1
2025.09.23,06:55:44,-0.5254510839055773,-0.48569092177291145,-0.5713559683772841,-0.5210932917480422,100,0,1
2025.09.23,07:00:44,-0.5037520213583109,-0.4418959531641825,-0.5646992499435972,-0.45254541319454755,100,0,1
2025.09.23,07:05:44,-0.4743273825858104,-0.4011518578766853,-0.555233682161004,-0.47837470018936634,100,0,1
2025.09.23,07:10:44,-0.4362542393835561,-0.37667611812182034,-0.48478697869300313,-0.4071541953552623,100,0,1
2025.09.23,07:15:44,-0.40968996468842755,-0.35906147071237215,-0.48723553972829975,-0.48008763922410175,100,0,1
2025.09.23,07:20:44,-0.3923150762073745,-0.31294452153252605,-0.4175679191220987,-0.35974237262286946,100,0,1
2025.09.23,07:25:44,-0.3028470655969835,-0.2814756400920651,-0.36818670260023517,-0.3636983284093507,100,0,1
2025.09.23,07:30:44,-0.3634336040836005,-0.32080566973652713,-0.42297578621013054,-0.3448207747914663,100,0,1
2025.09.23,07:35:44,-0.34684583641676203,-0.2914635729575626,-0.38543905990318617,-0.3303192299199354,100,0,1
2025.09.23,07:40:44,-0.24038778532910368,-0.19888048887838916,-0.29474514560325493,-0.22625229187278523,100,0,1
2025.09.23,07:45:44,-0.2573431850625005,-0.19050020055221667,-0.326017096361191,-0.24698285338277473,100,0,1
2025.09.23,07:50:44,-0.23218289419351462,-0.17135821825420733,-0.26228115652948314,-0.19571430214528485,100,0,1
2025.09.23,07:55:44,-0.21900229384032166,-0.18132641218736956,-0.2580716485614746,-0.21085484380140074,100,0,1
2025.09.23,08:00:44,-0.2524724864971866,-0.216521090106379,-0.3050468976984747,-0.2478815224079653,100,0,1
2025.09.23,08:05:44,-0.30821042683284633,-0.22738139187712186,-0.347500035421829,-0.29934513061056617,100,0,1
2025.09.23,08:10:44,-0.2764469705601442,-0.21551644112472654,-0.30880080079577366,-0.2246295525571299,100,0,1
2025.09.23,08:15:44,-0.23604425392573644,-0.19524525871522136,-0.24945375990517854,-0.23643262254080308,100,0,1
2025.09.23,08:20:44,-0.13754026520599086,-0.0884372102736963,-0.20219854103741247,-0.15134477629647508,100,0,1
2025.09.23,08:25:44,-0.15913491898191892,-0.10160150887093203,-0.1909072767457094,-0.17005469603466739,100,0,1
2025.09.23,08:30:44,-0.1892741830167462,-0.16388718678299086,-0.287070600143028,-0.27924187003171164,100,0,1
2025.09.23,08:35:44,-0.22022713765843407,-0.16318019281387708,-0.22540987023290432,-0.16625980776505292,100,0,1
2025.09.23,08:40:44,-0.16786293743852346,-0.08015079571781278,-0.21216367997941554,-0.15122235812171222,100,0,1
2025.09.23,08:45:44,-0.16234399041791106,-0.12476504950756559,-0.1942854475763784,-0.13499624452439635,100,0,1
2025.09.23,08:50:44,-0.15534973931349985,-0.09586587360643276,-0.19794257902466533,-0.16580827979361615,100,0,1
2025.09.23,08:55:44,-0.0991597865964882,-0.051012685087379654,-0.16042270894774027,-0.1293046832868181,100,0,1
2025.09.23,09:00:44,-0.0730594710487685,-0.03041772915274351,-0.12528283382587022,-0.10938154403314268,100,0,1
2025.09.23,09:05:44,-0.12377560314324491,-0.030799355858986827,-0.17593891727196095,-0.1342917830133541,100,0,1
2025.09.23,09:10:44,-0.17438106751554186,-0.12062416404473789,-0.212062780638275,-0.12121161802938446,100,0,1
2025.09.23,09:15:44,-0.08909754727355712,-0.03638520893073835,-0.09040702701212926,-0.05546274688962585,100,0,1
2025.09.23,09:20:44,-0.13674592360836194,-0.0832483720699817,-0.19773215388611992,-0.14889330726965447,100,0,1
2025.09.23,09:25:44,-0.1143065920449659,-0.0506614689339204,-0.13783608017286114,-0.07660062066960216,100,0,1
2025.09.23,09:30:44,-0.06326037346009646,-0.04113030358668253,-0.13659828255849243,-0.08236549516952998,100,0,1
2025.09.23,09:35:44,-0.10836921328538897,-0.07921555908342581,-0.14898200751894833,-0.08521018374687607,100,0,1
2025.09.23,09:40:44,-0.21979113102169634,-0.19331327285302602,-0.24207110330621534,-0.21952275822900202,100,0,1
2025.09.23,09:45:44,-0.19322146067843982,-0.14848622895522548,-0.261340182730556,-0.19999253905969808,100,0,1
2025.09.23,09:50:44,-0.1319907885400455,-0.07087855355835833,-0.1659993141439379,-0.10875260636488673,100,0,1
2025.09.23,09:55:44,-0.17115319112387628,-0.12309312108028211,-0.21351933367166476,-0.20251334089972553,100,0,1
2025.09.23,10:00:44,-0.19820958531684668,-0.12427027721227964,-0.2249390558354704,-0.16587504180158058,100,0,1
2025.09.23,10:05:44,-0.16411723069814377,-0.11268365823190268,-0.18265121461943737,-0.11837141215696607,100,0,1
2025.09.23,10:10:44,-0.1946614610097892,-0.1614050466380729,-0.26520486458131287,-0.19266706356488664,100,0,1
2025.09.23,10:15:44,-0.2508113438174305,-0.18652978194266912,-0.31489690124563907,-0.2926114281491411,100,0,1
2025.09.23,10:20:44,-0.12988494316841193,-0.06634835856183752,-0.15829033306326662,-0.13493075670013355,100,0,1
2025.09.23,10:25:44,-0.15602994227430064,-0.09912326129166968,-0.21862824749449375,-0.18368737374134608,100,0,1
2025.09.23,10:30:44,-0.13632300267762662,-0.07374219431257367,-0.2026558324866008,-0.1197434908303227,100,0,1
2025.09.23,10:35:44,-0.11233876492277299,-0.04825611601960307,-0.1692225357604622,-0.14512700052926303,100,0,1
2025.09.23,10:40:44,-0.0645682428264351,-0.010920590917583656,-0.11065159225950358,-0.10821565915010037,100,0,1
2025.09.23,10:45:44,-0.07003140656750198,-0.02859996938831559,-0.10548978102328638,-0.032943721276275026,100,0,1
2025.09.23,10:50:44,-0.0441801640422706,-0.008708077881821506,-0.08220241853546476,-0.009330779053771165,100,0,1
2025.09.23,10:55:44,-0.08782232037923438,-0.03779867182520666,-0.12496986881530531,-0.06257926274497715,100,0,1
2025.09.23,11:00:44,-0.0895258176688397,-0.007549422294338831,-0.13964238625278058,-0.08614041989813769,100,0,1
2025.09.23,11:05:44,-0.10572143154616352,-0.0705983334820607,-0.164560245205366,-0.10488141091611956,100,0,1
2025.09.23,11:10:44,-0.08922283915360876,-0.05377467838886265,-0.1295774897594764,-0.11824056114152692,100,0,1
2025.09.23,11:15:44,-0.09912908028179142,-0.02909184159653909,-0.15542560609368758,-0.11544033224717906,100,0,1
2025.09.23,11:20:44,-0.052353879801801145,-0.014072155802933035,-0.12875611271594004,-0.09736796528487626,100,0,1
2025.09.23,11:25:44,-0.009234221311647235,0.026816328918131974,-0.04324665528747547,0.01692276254080901,100,0,1
2025.09.23,11:30:44,0.04411798266183363,0.09424739947175284,-0.028845792315990076,0.016509580234679522,100,0,1
2025.09.23,11:35:44,0.05439180502987503,0.08938178894741391,-0.016016700390654108,0.010572705745864074,100,0,1
2025.09.23,11:40:44,0.0322161765588864,0.08986317037267394,-0.0294698629093939,0.04405042216459253,100,0,1
2025.09.23,11:45:44,0.08948024865152204,0.13430033357745585,0.0052451567473249805,0.015511109006739684,100,0,1
2025.09.23,11:50:44,0.09255079758656776,0.1543528527564795,0.04404815166278926,0.0488547205861731,100,0,1
2025.09.23,11:55:44,0.09396345649375454,0.14614024681690613,0.05028914062631813,0.09410667625202429,100,0,1
2025.09.23,12:00:44,0.05652236924306694,0.08266296405968165,-0.012420554614761999,0.030353040893552473,100,0,1
2025.09.23,12:05:44,0.07339366447684031,0.11210243548521373,-0.01090866150800654,0.07621320336506084,100,0,1
2025.09.23,12:10:44,0.12567879138907204,0.18644741639773288,0.044874471681573214,0.07275131209841834,100,0,1
2025.09.23,12:15:44,0.04228484995396972,0.0997661234528884,-0.02886490472245118,-0.014865487793151477,100,0,1
2025.09.23,12:20:44,0.08805502742644898,0.14556845863877638,0.03955256526030332,0.046082080368377444,100,0,1
2025.09.23,12:25:44,0.1546419967747586,0.2554575462935906,0.0703048577989954,0.16833200956658068,100,0,1
2025.09.23,12:30:44,0.15877020992565669,0.201768441458127,0.12512781848448917,0.1427043141759321,100,0,1
2025.09.23,12:35:44,0.1944299949380175,0.2451447536893742,0.1434977902366818,0.23216742593530493,100,0,1
2025.09.23,12:40:44,0.19327988438085209,0.2332590173883444,0.13014789352901984,0.23235430264417312,100,0,1
2025.09.23,12:45:44,0.226112800917711,0.2746833468743036,0.17029208933040857,0.18975552483848201,100,0,1
2025.09.23,12:50:44,0.16187030924914694,0.21067996007789336,0.08891988356521259,0.194148475378695,100,0,1
2025.09.23,12:55:44,0.20477819100836456,0.2446718692353071,0.16768688049881147,0.23299922941271117,100,0,1
2025.09.23,13:00:44,0.13641746508936486,0.17991741010656342,0.10824895171872687,0.1751303763713248,100,0,1
2025.09.23,13:05:44,0.13281831282340223,0.20800176286338493,0.03751989359714322,0.041398998188736415,100,0,1
2025.09.23,13:10:44,0.09699008385133018,0.13650190987233254,0.03915956348730929,0.06512883454207993,100,0,1
2025.09.23,13:15:44,0.19685436577891516,0.25613073216520343,0.1303422476634979,0.19235899492585273,100,0,1
2025.09.23,13:20:44,0.30641189282229664,0.37027476695372263,0.26621569552616586,0.28570576277216253,100,0,1
2025.09.23,13:25:44,0.2631405768457558,0.3318611096412726,0.2169009441942017,0.31949405942217046,100,0,1
2025.09.23,13:30:44,0.376761340489544,0.4368408086004278,0.2992869491956449,0.3017896292264848,100,0,1
2025.09.23,13:35:44,0.42662106540631056,0.46344721190873955,0.3944812845223472,0.4246617058037421,100,0,1
2025.09.23,13:40:44,0.43034659409721265,0.4693050925131851,0.38012155739231523,0.421357830040082,100,0,1
2025.09.23,13:45:44,0.3502647054784819,0.3786560037388552,0.3281135403297503,0.35644434665596636,100,0,1
2025.09.23,13:50:44,0.38505707736756306,0.454951745663878,0.3322591979877206,0.3701171932959101,100,0,1
2025.09.23,13:55:44,0.4507403114962534,0.5013526893946945,0.4176159690941328,0.4968756658478951,100,0,1
2025.09.23,14:00:44,0.44340438617088346,0.509902590899094,0.3717597655136172,0.48329217243808587,100,0,1
2025.09.23,14:05:44,0.472308074162547,0.5212287234999481,0.4316729812240067,0.48390263245628745,100,0,1
2025.09.23,14:10:44,0.5087281458109418,0.5840106432641365,0.4422774159161519,0.4749107151836636,100,0,1
2025.09.23,14:15:44,0.5236798705609044,0.5608675479154082,0.4695192125056994,0.52666475805421,100,0,1
2025.09.23,14:20:44,0.533087822377071,0.6021943941373059,0.4689512803894134,0.5214685703645866,100,0,1
2025.09.23,14:25:44,0.4037388887463946,0.4753642279232862,0.3194402498234406,0.4449093864700519,100,0,1
2025.09.23,14:30:44,0.4288406516585783,0.47765816772725966,0.38333169166895076,0.4238218393256896,100,0,1
2025.09.23,14:35:44,0.4703007346997363,0.5293588194127783,0.4278679216277154,0.4998169625199326,100,0,1
2025.09.23,14:40:44,0.44890061738752796,0.4796238371794857,0.42967275678169475,0.4478216202548714,100,0,1
2025.09.23,14:45:44,0.49325816100616415,0.5363375669841335,0.4646830259391942,0.5268273107654251,100,0,1
2025.09.23,14:50:44,0.5150510147778745,0.5640029686225579,0.48786716365823246,0.5363953233615957,100,0,1
2025.09.23,14:55:44,0.483386619339123,0.5179019020301127,0.46290289536485263,0.5058264761766745,100,0,1
2025.09.23,15:00:44,0.5592898783733675,0.6317787324328553,0.5106292618915275,0.5167263405579597,100,0,1
2025.09.23,15:05:44,0.46407011901150225,0.5472848742298536,0.4228295663012419,0.4543015336301181,100,0,1
2025.09.23,15:10:44,0.46166502200618487,0.48007045857755365,0.4195628208415766,0.47471765122895243,100,0,1
2025.09.23,15:15:44,0.4556886359279233,0.4753970111728723,0.4012406724432643,0.466104583011671,100,0,1
2025.09.23,15:20:44,0.4538385444523441,0.5006452028357808,0.3970123769996627,0.4482746220648992,100,0,1
2025.09.23,15:25:44,0.42478444637597773,0.4909216843211818,0.34277388689785004,0.4021972733012971,100,0,1
2025.09.23,15:30:44,0.4320210969302645,0.5002453650949159,0.38431231666847177,0.47605237812298123,100,0,1
2025.09.23,15:35:44,0.4282731877333049,0.4846261874740749,0.36391909906923847,0.45045483419573334,100,0,1
2025.09.23,15:40:44,0.4783357996130389,0.5234752413423329,0.4514474160372659,0.5167112261590268,100,0,1
2025.09.23,15:45:44,0.44816930333701016,0.4839573325969275,0.3977653204248873,0.4349740323145234,100,0,1
2025.09.23,15:50:44,0.43953403651511125,0.4739517619680623,0.3657845717366124,0.4626472301641662,100,0,1
2025.09.23,15:55:44,0.35647973814941036,0.42166642183206826,0.3322060274968691,0.4007282649125017,100,0,1
2025.09.23,16:00:44,0.3393950912428218,0.3866551731151966,0.2618041771872425,0.3107062978469738,100,0,1
2025.09.23,16:05:44,0.34944585655318017,0.39888731642407693,0.34156661562140245,0.398820910505627,100,0,1
2025.09.23,16:10:44,0.32968828623970886,0.38302018265687465,0.26236055089022686,0.33390468267711854,100,0,1
2025.09.23,16:15:44,0.2762320850512879,0.3254679995037474,0.21718271675218512,0.29772991312014435,100,0,1
2025.09.23,16:20:44,0.1992380014931366,0.22774071301104581,0.12138952039106077,0.12487165464528265,100,0,1
2025.09.23,16:25:44,0.08222377654741467,0.11455972013039582,0.040440649296842476,0.06292212436832309,100,0,1
2025.09.23,16:30:44,0.11412347201052908,0.16561270379107595,0.02135336352836037,0.04084050576416873,100,0,1
2025.09.23,16:35:44,0.12985300354013626,0.19298025359324494,0.07239561119561078,0.11891677564728909,100,0,1
2025.09.23,16:40:44,0.09033821067945476,0.11983319338806536,0.04976351477807756,0.10905804605791436,100,0,1
2025.09.23,16:45:44,0.09695304709369168,0.18259507070155206,0.04866038879503274,0.07916282329738164,100,0,1
2025.09.23,16:50:44,0.1581559389890807,0.23594185750299235,0.1177435334227955,0.14690132535551315,100,0,1
2025.09.23,16:55:44,0.1623078131028966,0.21366676964321857,0.12677181690981398,0.1440068885196478,100,0,1
2025.09.23,17:00:44,0.1942920468849547,0.2505180501689778,0.1283922622213391,0.18781918338153342,100,0,1
2025.09.23,17:05:44,0.1840867915915065,0.18423567705720692,0.1320043436095752,0.17849407684867646,100,0,1
2025.09.23,17:10:44,0.23265130660665975,0.2812056256859682,0.2109676868644472,0.23868560256567511,100,0,1
2025.09.23,17:15:44,0.20613595443217916,0.24873436841377494,0.180670408459658,0.20612245392432801,100,0,1
2025.09.23,17:20:44,0.2654437007052063,0.29652319059868587,0.21257337755805514,0.2962676450141439,100,0,1
2025.09.23,17:25:44,0.23046176078191163,0.2939464806165987,0.15810996247118395,0.18032207743790188,100,0,1
2025.09.23,17:30:44,0.18290658016916478,0.22170823814810067,0.1379047750883984,0.15902743584073942,100,0,1
2025.09.23,17:35:44,0.186811506633626,0.2087435470227528,0.14841437572269808,0.1732516508657907,100,0,1
2025.09.23,17:40:44,0.1446660785331969,0.1763554316393593,0.0840679083468969,0.10349628660564092,100,0,1
2025.09.23,17:45:44,0.13120734642050408,0.18954741850010365,0.09871316346483397,0.14405604233397618,100,0,1
2025.09.23,17:50:44,0.1970701777913222,0.23460114120183503,0.14644884090000818,0.2218625277268252,100,0,1
2025.09.23,17:55:44,0.11994736943548742,0.18873367955109785,0.06318047327276585,0.15846313805447412,100,0,1
2025.09.23,18:00:44,0.1469051818938046,0.19597207769769265,0.09294538788794132,0.13661171720216375,100,0,1
2025.09.23,18:05:44,0.16253607895320044,0.2538377189535516,0.13099398440952473,0.2412734600594078,100,0,1
2025.09.23,18:10:44,0.27875284043339293,0.340644999663936,0.21899410323491103,0.2874176720760879,100,0,1
2025.09.23,18:15:44,0.32636802875526394,0.3386997901921562,0.30007912195306163,0.33526037669990094,100,0,1
2025.09.23,18:20:44,0.2780660676089608,0.33950215048811766,0.215214549911831,0.30724262806870417,100,0,1
2025.09.23,18:25:44,0.23313052066279033,0.2970777986037689,0.20836720293160432,0.29672562480338177,100,0,1
2025.09.23,18:30:44,0.2487430444943335,0.2903764754627293,0.19336564394950506,0.21072750290140213,100,0,1
2025.09.23,18:35:44,0.3113166764261373,0.34423104285392725,0.2441799106556557,0.2998609808346905,100,0,1
2025.09.23,18:40:44,0.43579836758743623,0.4754300947068716,0.3901269053505674,0.4028335252238802,100,0,1
2025.09.23,18:45:44,0.4036061988054443,0.46056571889770526,0.3431324603829804,0.35228582590468027,100,0,1
2025.09.23,18:50:44,0.44662109077972995,0.49707707757735775,0.39598906068925604,0.4052461315343424,100,0,1
2025.09.23,18:55:44,0.45241373586061273,0.5222717126143424,0.3975707130159561,0.40136657109989976,100,0,1
2025.09.23,19:00:44,0.4073177591804845,0.4794800448937864,0.32862217449277087,0.3756946771741041,100,0,1
2025.09.23,19:05:44,0.4424367976371247,0.4719827724959509,0.38102710088164016,0.386978353913028,100,0,1
2025.09.23,19:10:44,0.4701461432352945,0.5198933422494351,0.4284398422323613,0.45745329566781434,100,0,1
2025.09.23,19:15:44,0.4233642379010957,0.45256456554916297,0.3652768780165836,0.4244730124900866,100,0,1
2025.09.23,19:20:44,0.3472533565607168,0.36746024368264557,0.3133074346752546,0.3585790027811914,100,0,1
2025.09.23,19:25:44,0.40782991998260987,0.482186768015152,0.365210720143291,0.45398777438129156,100,0,1
2025.09.23,19:30:44,0.3836194536846831,0.4609820232147124,0.3068053539206642,0.32622133485328125,100,0,1
2025.09.23,19:35:44,0.35175920792315435,0.39108906439195645,0.26986678341542686,0.34688884871192277,100,0,1
2025.09.23,19:40:44,0.41658061173486005,0.4933430317489311,0.3830812842322063,0.39372120195768995,100,0,1
2025.09.23,19:45:44,0.41100206244559495,0.48308115470303964,0.3366716330763809,0.36034818125529244,100,0,1
2025.09.23,19:50:44,0.4447899034686921,0.44492946694066304,0.3815318213189878,0.4345955819093021,100,0,1
2025.09.23,19:55:44,0.3783170375357228,0.42826357304396284,0.3182550480631111,0.35124708880010325,100,0,1
2025.09.23,20:00:44,0.3595361561068273,0.40306333540411626,0.35420717476916386,0.35521088065777856,100,0,1
2025.09.23,20:05:44,0.3840317258492585,0.4337778886228874,0.342255392199278,0.3994708860951911,100,0,1
2025.09.23,20:10:44,0.4497430521298367,0.5105872057917457,0.38685882170690133,0.5094664883612592,100,0,1
2025.09.23,20:15:44,0.43859347850087704,0.43969581240693906,0.38314738364439294,0.39150302553860583,100,0,1
2025.09.23,20:20:44,0.43845944876946136,0.4715212976492711,0.408609252371907,0.45754271141719877,100,0,1
2025.09.23,20:25:44,0.5040571973497054,0.5820614392880176,0.4707806596172785,0.5068395902591626,100,0,1
2025.09.23,20:30:44,0.5201575591418649,0.550492628721723,0.46692578274349894,0.5078555639013781,100,0,1
2025.09.23,20:35:44,0.4258138456478092,0.4768555911107623,0.377159161448429,0.4248669623647365,100,0,1
2025.09.23,20:40:44,0.37234627619485827,0.39669860013710156,0.35649799432079526,0.3618907545123442,100,0,1
2025.09.23,20:45:44,0.34345331519414046,0.40806113421187606,0.31480273779852996,0.34358810261493267,100,0,1
2025.09.23,20:50:44,0.2052229888567814,0.25717704017175724,0.14465009983594146,0.20348372487378869,100,0,1
2025.09.23,20:55:44,0.13717844416891073,0.19687331435673908,0.08849126024853043,0.19462628140547014,100,0,1
2025.09.23,21:00:44,0.06370929081833898,0.11112673059871558,0.03189544601583146,0.0902331451164172,100,0,1
2025.09.23,21:05:44,0.012084614853743224,0.06339498834445931,-0.013302119076824855,-0.0034402218035607026,100,0,1
2025.09.23,21:10:44,0.02601335026114309,0.060871378514583664,-0.0082547390079791,0.04514183150384675,100,0,1
2025.09.23,21:15:44,-0.01311087056716135,0.013462457135298037,-0.08028255113233243,-0.07412794464961872,100,0,1
2025.09.23,21:20:44,-0.022535806675043325,0.004558236073250191,-0.0505651613205833,-0.023316921501953504,100,0,1
2025.09.23,21:25:44,-0.036349600343414445,-0.0020165373751879143,-0.07801816153491009,-0.011066618215284374,100,0,1
2025.09.23,21:30:44,-0.035952720007370736,6.081500893369285e-05,-0.09262707198677264,-0.057563933801388786,100,0,1
2025.09.23,21:35:44,0.06212034447517446,0.14141147871173432,0.006835148503858572,0.1026622536450266,100,0,1
2025.09.23,21:40:44,0.05902832532371011,0.09996970807289646,0.011015686537420022,0.03459317709701827,100,0,1
2025.09.23,21:45:44,0.12797262245673852,0.2019355717382575,0.0893810459631939,0.1310124538960955,100,0,1
2025.09.23,21:50:44,0.1922811025897888,0.24656713183853027,0.1353350302677438,0.21243294173901212,100,0,1
2025.09.23,21:55:44,0.16135104627487423,0.2578078964995214,0.12567958946941507,0.20743185044206666,100,0,1
2025.09.23,22:00:44,0.20185887547993434,0.2206154014957157,0.1399712098512289,0.14867242967920496,100,0,1
2025.09.23,22:05:44,0.18577081368341972,0.22437733358066245,0.12873911370742755,0.21029044250832496,100,0,1
2025.09.23,22:10:44,0.25062531629460594,0.2918452139625304,0.2117562075820844,0.26088427240387607,100,0,1
2025.09.23,22:15:44,0.23622271628573244,0.2826355276656408,0.20759335532562262,0.27174801725988923,100,0,1
2025.09.23,22:20:44,0.2591187792588012,0.2895983843853174,0.1916254641696294,0.27936190027698965,100,0,1
2025.09.23,22:25:44,0.2618257251489526,0.314313696540037,0.1876340386100711,0.2023446295388595,100,0,1
2025.09.23,22:30:44,0.22993064346715866,0.25419405601267414,0.1879111992758744,0.2303998756805108,100,0,1
2025.09.23,22:35:44,0.2561852248612384,0.3050580337555611,0.1882386559964222,0.2982697939369308,100,0,1
2025.09.23,22:40:44,0.24938039928272487,0.3022557374018707,0.20169196919650598,0.2054223705720514,100,0,1
2025.09.23,22:45:44,0.23330585695112824,0.27825164069232416,0.17529209490948527,0.24581503155400886,100,0,1
2025.09.23,22:50:44,0.27296577448798676,0.3300365761556186,0.2189147499805298,0.2882113932138894,100,0,1
2025.09.23,22:55:44,0.23847925478834098,0.31365926735437977,0.16551182503910705,0.18114112579469693,100,0,1
2025.09.23,23:00:44,0.21424713809850954,0.2514732363161829,0.15181936506611823,0.18841860343960692,100,0,1
2025.09.23,23:05:44,0.2512680276238193,0.3310418727710893,0.20002607645212975,0.2887869448684852,100,0,1
2025.09.23,23:10:44,0.2572995703874617,0.2968814803465072,0.22246504882996843,0.27741257687331006,100,0,1
2025.09.23,23:15:44,0.24914124143886177,0.2884858513522364,0.18536530727120437,0.25946982401454755,100,0,1
2025.09.23,23:20:44,0.2840951214887086,0.34163727638530805,0.22763413539890331,0.2603627329389462,100,0,1
2025.09.23,23:25:44,0.3812719044196536,0.432938156122095,0.33141253782769187,0.3983070351360406,100,0,1
2025.09.23,23:30:44,0.3065682262948224,0.3597223477959526,0.23511847556136695,0.32835251558613904,100,0,1
2025.09.23,23:35:44,0.3096354991904227,0.3495233613657146,0.2684693119840412,0.2690480124467766,100,0,1
2025.09.23,23:40:44,0.2573636675671922,0.32377301819097176,0.2471683736881494,0.3027274763658707,100,0,1
2025.09.23,23:45:44,0.32008643209056536,0.3683679802849831,0.28767553521181527,0.36449457436510146,100,0,1
2025.09.23,23:50:44,0.2585587548517847,0.320528409548182,0.21276223972291503,0.31972772935844085,100,0,1
2025.09.23,23:55:44,0.27400423917669015,0.2873748830137721,0.22668621016058288,0.25353129956190806,100,0,1
2025.09.24,00:00:44,0.27352276913820617,0.315339049760357,0.2390136771021002,0.25661798496191873,100,0,1
2025.09.24,00:05:44,0.22608221420161767,0.2804709669061647,0.17613664014152672,0.1765185633062704,100,0,1
2025.09.24,00:10:44,0.30537707453741675,0.3771700039983848,0.25291117919095235,0.3085669322532038,100,0,1
2025.09.24,00:15:44,0.28168398668467454,0.32521523328705,0.24151312162515925,0.28130602716852204,100,0,1
2025.09.24,00:20:44,0.2896006317379249,0.31794845497542534,0.22689840548896167,0.24617958670732465,100,0,1
2025.09.24,00:25:44,0.23715922417031543,0.2656989409531606,0.20019332691526698,0.2249753596862988,100,0,1
2025.09.24,00:30:44,0.2507431068005775,0.27429011179813667,0.2069591438276494,0.26024028988603126,100,0,1
2025.09.24,00:35:44,0.277681810762032,0.31902611242881607,0.2155446167365756,0.22578597383929705,100,0,1
2025.09.24,00:40:44,0.25091099224626473,0.27366729948529495,0.19165813678772248,0.21904632645843805,100,0,1
2025.09.24,00:45:44,0.2810591120063652,0.3476368773931482,0.2478302847896171,0.24928905051772618,100,0,1
2025.09.24,00:50:44,0.21483626069111228,0.26792727579872755,0.1784138423651766,0.1897244576657798,100,0,1
2025.09.24,00:55:44,0.22161951258602133,0.22785933357828198,0.21510516245599773,0.2213434570157345,100,0,1
2025.09.24,01:00:44,0.20374259453031646,0.25950009784375944,0.14093695861070377,0.17928014407952103,100,0,1
2025.09.24,01:05:44,0.133332071692693,0.16411512417516985,0.07893892910122441,0.08742269295228286,100,0,1
2025.09.24,01:10:44,0.06922415667722019,0.10767424888875834,0.029957264981682233,0.045021096284159665,100,0,1
2025.09.24,01:15:44,0.012675412275222907,0.058552289753094525,-0.003982024821195095,0.042610635796131335,100,0,1
2025.09.24,01:20:44,-0.0032764703640867617,0.06751626365278952,-0.037980432906699814,0.046447436975639154,100,0,1
2025.09.24,01:25:44,0.041353566797327566,0.0915791720148455,-0.014917072408947261,0.03716103637939984,100,0,1
2025.09.24,01:30:44,0.08867229444092997,0.1642081531942432,0.011425374884369038,0.10246444490421366,100,0,1
2025.09.24,01:35:44,0.12785663887669238,0.14433699224764412,0.10190294125942395,0.1384238736748203,100,0,1
2025.09.24,01:40:44,0.11389033006506302,0.18533018066520646,0.061949969487117625,0.1621928111373889,100,0,1
2025.09.24,01:45:44,-0.01682831542633398,0.06201525482036668,-0.0815408714245849,-0.012666350866900086,100,0,1
2025.09.24,01:50:44,0.04193634656309513,0.05717289766599821,0.01697703005206706,0.02840938066371565,100,0,1
2025.09.24,01:55:44,-0.015295670647703614,0.04683018254918832,-0.04976769879349641,-0.015351028411420248,100,0,1
2025.09.24,02:00:44,0.031511240774845274,0.07822988236727471,-0.007937028016885068,-0.006516856908605429,100,0,1
2025.09.24,02:05:44,-0.03482194184190052,0.013084731800118654,-0.11155356502311665,-0.10998960138075209,100,0,1
2025.09.24,02:10:44,0.05397121486447063,0.1178876266479714,-0.006476323513723577,0.0015532249876092988,100,0,1
2025.09.24,02:15:44,0.02169883647437013,0.08566325581499226,-0.061133288320250945,0.016532325727810104,100,0,1
2025.09.24,02:20:44,0.09641655745783015,0.12944966990054335,0.05601973789327098,0.09648184873203747,100,0,1
2025.09.24,02:25:44,0.09122741574298249,0.11135920051861196,0.06290677458464496,0.10870092260609168,100,0,1
2025.09.24,02:30:44,0.05838282566108175,0.12620985750725594,-0.0269537576920686,0.050940404353874764,100,0,1
2025.09.24,02:35:44,0.11230574784945062,0.16783297505678235,0.05054321404329113,0.16381088417372164,100,0,1
2025.09.24,02:40:44,0.08204263011661247,0.13540237642029712,0.05761639516040144,0.09616106270704203,100,0,1
2025.09.24,02:45:44,0.00038738588281814895,0.033761233055102015,-0.04702794167550464,0.015160838439117953,100,0,1
2025.09.24,02:50:44,-0.08046527491805758,-0.013533196744661552,-0.1502262063736684,-0.07485711508023417,100,0,1
2025.09.24,02:55:44,-0.08650611197317051,-0.023500881928912365,-0.15044232120292197,-0.1433487626514902,100,0,1
2025.09.24,03:00:44,-0.13013882394689077,-0.06332355317346225,-0.18124704130856334,-0.15174499611705797,100,0,1
2025.09.24,03:05:44,-0.10372476370350327,-0.05473177513125486,-0.14568422770549086,-0.10367122702162074,100,0,1
2025.09.24,03:10:44,-0.07992584450770217,-0.0006926590082632911,-0.11604224978977123,-0.04891234582597956,100,0,1
2025.09.24,03:15:44,-0.004419091253534657,0.06475887251678056,-0.02833967774589411,0.001003706536331219,100,0,1
2025.09.24,03:20:44,-0.02350300190247286,0.06071028447481523,-0.05242767229048518,0.03897788458946957,100,0,1
2025.09.24,03:25:44,0.03378753057281245,0.11814734390706344,-0.006381112911871982,0.0420705524895833,100,0,1
2025.09.24,03:30:44,0.04883639501925327,0.08924459565393436,-0.005149922526675496,0.013567766139150294,100,0,1
2025.09.24,03:35:44,0.18114524162162432,0.23687433742296707,0.12988895854561336,0.2047525081313462,100,0,1
2025.09.24,03:40:44,0.15312313827387572,0.2115305006391152,0.09328756322623602,0.20049780205503714,100,0,1
2025.09.24,03:45:44,0.15326194391891018,0.20639483306114054,0.10860261245737352,0.19597762611915925,100,0,1
2025.09.24,03:50:44,0.020964759169678188,0.0713919030825204,-0.050093606771649174,0.05593930222887615,100,0,1
2025.09.24,03:55:44,0.005928380997001019,0.07300334767976807,-0.060065329349234045,0.004539437549283334,100,0,1
2025.09.24,04:00:44,0.032512131742734006,0.07038869147049831,-0.0021140445709825414,0.035341265301088116,100,0,1
2025.09.24,04:05:44,0.03051237202437823,0.09863426151368906,-0.006539003841084606,0.0842600523035595,100,0,1
2025.09.24,04:10:44,0.048542492704967105,0.08304101802406333,0.037800699861066205,0.03798185813673983,100,0,1
2025.09.24,04:15:44,0.08791371600171165,0.16742026828618853,0.0534855927542626,0.14502170176918158,100,0,1
2025.09.24,04:20:44,0.07145204559606295,0.10462684643131451,0.015077246505648845,0.0932748206819247,100,0,1
2025.09.24,04:25:44,-0.02575428944576162,0.025892736371644347,-0.08228147879647069,-0.015943201217976807,100,0,1
2025.09.24,04:30:44,-0.047295508954453794,0.010927230162289879,-0.092068107162029,-0.06661363938786588,100,0,1
2025.09.24,04:35:44,0.04865701277222109,0.13613943978492624,-0.008495013211549912,0.07352278409504909,100,0,1
2025.09.24,04:40:44,0.08175228642031929,0.1313447344684932,0.022608786869455444,0.08214156074436885,100,0,1
2025.09.24,04:45:44,0.025457734405126442,0.05604440258871188,-0.05497129629887122,0.022341760683226103,100,0,1
2025.09.24,04:50:44,0.09072162695941796,0.14165418105949315,0.045962395661226514,0.07465827260561184,100,0,1
2025.09.24,04:55:44,0.20019771657796728,0.2433183184299264,0.14309890901266276,0.15703285413905718,100,0,1
2025.09.24,05:00:44,0.24972657878901441,0.31250367962866604,0.19769413557660537,0.24703855599265961,100,0,1
2025.09.24,05:05:44,0.22670780757963446,0.25023903784313384,0.17720937458623484,0.20586949963257056,100,0,1
2025.09.24,05:10:44,0.17893574849027802,0.2320824629624485,0.1265047351826776,0.21427164777836527,100,0,1
2025.09.24,05:15:44,0.15750882663579438,0.23468102227591975,0.10778569430416143,0.22686860428755107,100,0,1
2025.09.24,05:20:44,0.08173522438330283,0.14476390621179486,0.029265851854765337,0.03780244786253604,100,0,1
2025.09.24,05:25:44,0.12507741588579863,0.187356962536619,0.10387163036238078,0.1838723005335654,100,0,1
2025.09.24,05:30:44,0.16485173263338285,0.2132713024323739,0.11082305968580367,0.1674760889886101,100,0,1
2025.09.24,05:35:44,0.04438413218593832,0.10846395414190818,0.01500368187742463,0.054244561806268264,100,0,1
2025.09.24,05:40:44,0.06835563644051595,0.10533823828899036,0.0333825548270122,0.050595515959417414,100,0,1
2025.09.24,05:45:44,0.05932699982237531,0.11139689185605822,0.008637066532963512,0.04453735190694939,100,0,1
2025.09.24,05:50:44,0.08027734859074623,0.1144412027066262,0.05772399149650913,0.10515085471490715,100,0,1
2025.09.24,05:55:44,-0.04517044079527735,0.011510760057107487,-0.09897973588427413,0.00607112436555729,100,0,1
2025.09.24,06:00:44,-0.04073921293361992,-0.0017283065842455952,-0.08988094377534787,-0.05573838150859364,100,0,1
2025.09.24,06:05:44,0.03563784441698173,0.07600217215604294,-0.02057429423045789,0.04681447189802302,100,0,1
2025.09.24,06:10:44,0.005628403658864091,0.034432752138866325,-0.0581261358334722,0.002449154763281343,100,0,1
2025.09.24,06:15:44,0.03028207047257094,0.09061087492848881,-0.03994436988679319,0.04672833707698834,100,0,1
2025.09.24,06:20:44,0.10462264872432617,0.14549384179652178,0.06722379955339505,0.13151935704125578,100,0,1
2025.09.24,06:25:44,0.13217364759776945,0.16362050577005555,0.08341741464483093,0.10238415368654208,100,0,1
2025.09.24,06:30:44,0.024300679867575642,0.03383657502851619,-0.05733293613836056,-0.016452517844069196,100,0,1
2025.09.24,06:35:44,0.018219265170780555,0.041640536003102094,-0.03248644783995288,0.03122754035309993,100,0,1
2025.09.24,06:40:44,0.001875640591074328,0.02656237938532849,-0.060273749042735136,-0.046518079975425675,100,0,1
2025.09.24,06:45:44,-0.07156450808437774,-0.03975631690062877,-0.12168608771914616,-0.10183854276803896,100,0,1
2025.09.24,06:50:44,-0.08662573841958049,-0.034309290374267776,-0.13994569251442573,-0.12130605600010369,100,0,1
2025.09.24,06:55:44,-0.06348351802865297,-0.028020247416082493,-0.12351964243303605,-0.11256914234224125,100,0,1
2025.09.24,07:00:44,-0.028672945534436875,0.030770706139793776,-0.0851797922148024,-0.057181546897141264,100,0,1
2025.09.24,07:05:44,0.04546366284714188,0.11085870969146228,-0.041703312127114,0.054288372212096335,100,0,1
2025.09.24,07:10:44,-0.009539655324896146,0.030786719808269906,-0.07440397393719425,-0.016627032626178775,100,0,1
2025.09.24,07:15:44,-0.015208969941001488,0.016911235867375557,-0.08530178934069263,-0.014910750825034375,100,0,1
2025.09.24,07:20:44,-0.08905225261247471,-0.044875743037805706,-0.13130847472011786,-0.07103214687244132,100,0,1
2025.09.24,07:25:44,0.022193378464385474,0.06978094661792703,-0.02891426071813462,0.014631510191158215,100,0,1
2025.09.24,07:30:44,0.05056508100273903,0.11254417203679216,-0.02232058270906742,0.006728672376177771,100,0,1
2025.09.24,07:35:44,0.0062459718780393785,0.06093186294335387,-0.044194979980018465,-0.04267750627041494,100,0,1
2025.09.24,07:40:44,-0.0048301999533778475,0.059896424541730144,-0.04715533533884036,0.0178707848802303,100,0,1
2025.09.24,07:45:44,0.033489342291219054,0.10307435518182344,-0.045898199295180825,0.04392562321333447,100,0,1
2025.09.24,07:50:44,0.04515736461074102,0.13319553991332458,3.0220909851774724e-05,0.08355997317259481,100,0,1
2025.09.24,07:55:44,0.11885470525079155,0.17086013664871327,0.06043510573523113,0.11100787410900186,100,0,1
2025.09.24,08:00:44,0.07839799270103112,0.13647072374560804,0.031158754160383974,0.1269729163672025,100,0,1
2025.09.24,08:05:44,0.033449497848586404,0.03606585118048032,-0.025472561727639287,0.026179321000030564,100,0,1
2025.09.24,08:10:44,0.07745658443327821,0.12475848461552763,0.03352669010224488,0.1118579950821477,100,0,1
2025.09.24,08:15:44,0.10962764153355857,0.13905351103093885,0.05681347698065588,0.08727019624126593,100,0,1
2025.09.24,08:20:44,0.1968362818199268,0.2554687792405537,0.1354043482809497,0.1696140042383341,100,0,1
2025.09.24,08:25:44,0.16781968594681734,0.23261312694394887,0.13351027483535063,0.1357230406663475,100,0,1
2025.09.24,08:30:44,0.05515442547603625,0.0977379331260771,0.020140411363052252,0.03965271424462585,100,0,1
2025.09.24,08:35:44,0.08807949718767735,0.11077168890542391,0.03853985882119309,0.04829118139709367,100,0,1
2025.09.24,08:40:44,0.07457305969418764,0.11785221792272968,0.01165412388195125,0.10268667338217423,100,0,1
2025.09.24,08:45:44,0.12629534345093277,0.17029265983578207,0.09303000161541851,0.16180777674408064,100,0,1
2025.09.24,08:50:44,0.14102570923484165,0.18879256378075704,0.044572477094031004,0.13744029273654107,100,0,1
2025.09.24,08:55:44,0.07880339980638434,0.15321696553781836,0.02826462067315283,0.13409554130963622,100,0,1
2025.09.24,09:00:44,0.13976902996878912,0.21673631528314138,0.11298024339716153,0.14207980974804077,100,0,1
2025.09.24,09:05:44,0.0167450620682499,0.04204692619745501,-0.0328915131330999,0.024630093992530737,100,0,1
2025.09.24,09:10:44,0.030771598809621548,0.08449292924732589,-0.027550391565137985,-0.015406509051334364,100,0,1
2025.09.24,09:15:44,0.04032234420095588,0.0737300880974569,-0.03393524994647162,0.024912935014045,100,0,1
2025.09.24,09:20:44,0.07737503751839869,0.12062506813117516,0.02719581686236531,0.03099306337384558,100,0,1
2025.09.24,09:25:44,0.09315821109761244,0.16178057917391148,0.03629399687189627,0.10065291377842438,100,0,1
2025.09.24,09:30:44,0.14269470866217565,0.1715982486943397,0.10519850479255818,0.1488819323561973,100,0,1
2025.09.24,09:35:44,0.0838454156387417,0.11292026492059767,0.008535260697355482,0.013413959210309228,100,0,1
2025.09.24,09:40:44,0.16320746190486687,0.19538793944382485,0.12435027441168282,0.1816178476061336,100,0,1
2025.09.24,09:45:44,0.14001972505997215,0.19862049129692277,0.11251200134240348,0.14517848600800468,100,0,1
2025.09.24,09:50:44,0.17855289514109293,0.21623707888100846,0.1397964241458997,0.182728226848477,100,0,1
2025.09.24,09:55:44,0.15024864806605195,0.202009049267345,0.12116424043661297,0.15161967588058897,100,0,1
2025.09.24,10:00:44,0.020658672643304798,0.06981469168111645,-0.022612291531180096,-0.009040894902857081,100,0,1
2025.09.24,10:05:44,0.0077927072401071905,0.05311100670669262,-0.023689681584800896,0.007373668207757159,100,0,1
2025.09.24,10:10:44,0.00013385981961421206,0.03198203474970361,-0.019286976401872255,0.016828238234924728,100,0,1
2025.09.24,10:15:44,-0.0327048253509931,-0.011446008557725165,-0.08537571649833658,-0.01342567359783639,100,0,1
2025.09.24,10:20:44,-0.06415898486651521,-0.03349059927485404,-0.13080467634806864,-0.05772718711832346,100,0,1
2025.09.24,10:25:44,-0.08511792627899377,-0.010291508483646475,-0.1519096572237756,-0.08474768151040578,100,0,1
2025.09.24,10:30:44,-0.1780965639225978,-0.1729981800159554,-0.21143682822576013,-0.19243576973912913,100,0,1
2025.09.24,10:35:44,-0.2053566361626203,-0.16806212042203295,-0.25205079109462253,-0.20194870638235718,100,0,1
2025.09.24,10:40:44,-0.17349371432613908,-0.09854418632335778,-0.21697139281018624,-0.18594646691424901,100,0,1
2025.09.24,10:45:44,-0.2138920685482729,-0.13658613911520162,-0.2808440268513148,-0.15106005284558718,100,0,1
2025.09.24,10:50:44,-0.2239525026244103,-0.17297717590255357,-0.24547095245488193,-0.24112794602276116,100,0,1
2025.09.24,10:55:44,-0.18966023704989737,-0.10369773762568289,-0.2345132883919566,-0.23066469480054252,100,0,1
2025.09.24,11:00:44,-0.16732166508884772,-0.10599282410730701,-0.21164052729575056,-0.12969975297748448,100,0,1
2025.09.24,11:05:44,-0.15311470059280702,-0.07457803961085119,-0.23543860725640647,-0.07573183827499552,100,0,1
2025.09.24,11:10:44,-0.2134043652748194,-0.1469268468804612,-0.27138558626159476,-0.19181817320842068,100,0,1
2025.09.24,11:15:44,-0.25711260024864097,-0.22167453556049316,-0.280186037489785,-0.27953492181523554,100,0,1
2025.09.24,11:20:44,-0.24627600796812898,-0.18807746956849275,-0.30476709412163694,-0.25786631482317657,100,0,1
2025.09.24,11:25:44,-0.2115838190614908,-0.13374350563706464,-0.25189365649379447,-0.13756738686161657,100,0,1
2025.09.24,11:30:44,-0.21650662138960225,-0.13283747713700733,-0.25789331576255625,-0.19487734403058618,100,0,1
2025.09.24,11:35:44,-0.17023488565489764,-0.14480628992537903,-0.23845457384761454,-0.1994959157190951,100,0,1
2025.09.24,11:40:44,-0.06793766769051145,-0.025142946407772607,-0.10530313509050439,-0.0912548881100057,100,0,1
2025.09.24,11:45:44,-0.08152500184682343,-0.03445037127039919,-0.1428876905875185,-0.05090433245522262,100,0,1
2025.09.24,11:50:44,-0.09191987065322263,-0.023292481953973737,-0.11682603611309028,-0.07875336743226835,100,0,1
2025.09.24,11:55:44,-0.022319569375383957,0.008066690975493961,-0.10236161118748073,5.1591419651372816e-05,100,0,1
2025.09.24,12:00:44,-0.11963884008459987,-0.09667944569611071,-0.17582397248299853,-0.13225110693387798,100,0,1
2025.09.24,12:05:44,-0.166294791580138,-0.10957912565813399,-0.22878816318041975,-0.20665388112052846,100,0,1
2025.09.24,12:10:44,-0.16138508972877244,-0.09349451912028163,-0.23134991728331986,-0.23106124662195962,100,0,1
2025.09.24,12:15:44,-0.17450973853809207,-0.12207296574298535,-0.2561370691443201,-0.2119660289784827,100,0,1
2025.09.24,12:20:44,-0.22675210390968983,-0.1765300124822376,-0.27066042464926826,-0.21181329506467306,100,0,1
2025.09.24,12:25:44,-0.3023791347448098,-0.2489870451450137,-0.36376679096709746,-0.28901414898703626,100,0,1
2025.09.24,12:30:44,-0.3269079686882794,-0.29388661491153517,-0.37312503729376517,-0.3097747220374761,100,0,1
2025.09.24,12:35:44,-0.35454285397533214,-0.2670620666941277,-0.4074990941145911,-0.30949334673521955,100,0,1
2025.09.24,12:40:44,-0.2824352380847933,-0.2173560169885828,-0.3189876136031582,-0.3141739159414528,100,0,1
2025.09.24,12:45:44,-0.25229893185603525,-0.1698592412249916,-0.3119023995261891,-0.2728540854394384,100,0,1
2025.09.24,12:50:44,-0.22713043790131462,-0.22328355887854512,-0.2723305295567414,-0.2607897177570135,100,0,1
2025.09.24,12:55:44,-0.19006632698820608,-0.12454276319873017,-0.2103100421593848,-0.18651311024700437,100,0,1
2025.09.24,13:00:44,-0.1511401098315744,-0.0760508336058303,-0.20810895660808537,-0.14984639289261026,100,0,1
2025.09.24,13:05:44,-0.1463967704241252,-0.11750595907012268,-0.19330724216209913,-0.17653465277386404,100,0,1
2025.09.24,13:10:44,-0.09820479304188114,-0.03673365487500634,-0.16471991305740286,-0.11568511054667885,100,0,1
2025.09.24,13:15:44,-0.12156031649746617,-0.06724197488089667,-0.15671173757927945,-0.06862322833878486,100,0,1
2025.09.24,13:20:44,-0.15998172244182246,-0.1056763056763613,-0.22298705864952584,-0.15457233700408202,100,0,1
2025.09.24,13:25:44,-0.173461631323097,-0.09036516343982413,-0.21678419653140668,-0.09822248131708121,100,0,1
2025.09.24,13:30:44,-0.26525763243213074,-0.20946534131307273,-0.3196428329325342,-0.24931427571979692,100,0,1
2025.09.24,13:35:44,-0.2862639053948938,-0.21473750745303363,-0.3421731506393158,-0.32833070227624744,100,0,1
2025.09.24,13:40:44,-0.36549088943929564,-0.36132157240296,-0.3896677067522675,-0.37393739896019434,100,0,1
2025.09.24,13:45:44,-0.37341028353349404,-0.3048930425990245,-0.4091414205537922,-0.331578978777085,100,0,1
2025.09.24,13:50:44,-0.32219282811574373,-0.2633581991056085,-0.3617812165129152,-0.3336410705460802,100,0,1
2025.09.24,13:55:44,-0.26886871345579677,-0.22751269885412984,-0.3314102865072449,-0.3021077174601905,100,0,1
2025.09.24,14:00:44,-0.22030528805709992,-0.1697189336451005,-0.22899688339280233,-0.19198974472551014,100,0,1
2025.09.24,14:05:44,-0.2885396852838737,-0.2599941220553178,-0.3434993279036202,-0.26738030571016624,100,0,1
2025.09.24,14:10:44,-0.2732747038301584,-0.21883037384613555,-0.32151942767327335,-0.2742319970502688,100,0,1
2025.09.24,14:15:44,-0.1839385569064435,-0.17528444508330782,-0.20900702460861226,-0.18492990859710798,100,0,1
2025.09.24,14:20:44,-0.22090405825552048,-0.17908490045974618,-0.2479409246457241,-0.18738623269990884,100,0,1
2025.09.24,14:25:44,-0.25049115303772446,-0.20865936018331083,-0.2520458524735509,-0.24062513119516674,100,0,1
2025.09.24,14:30:44,-0.204116395723185,-0.14045697078768746,-0.2561641949980083,-0.22545246222204543,100,0,1
2025.09.24,14:35:44,-0.2700956696036586,-0.19306108945381473,-0.28673488612106257,-0.27865306133088075,100,0,1
2025.09.24,14:40:44,-0.25714894542299815,-0.2453702438745713,-0.3390770381256878,-0.2845125539286855,100,0,1
2025.09.24,14:45:44,-0.25595862744089454,-0.1986831459284421,-0.28001629844986003,-0.19936066719559242,100,0,1
2025.09.24,14:50:44,-0.30585102939745273,-0.2265067762707274,-0.32213448636219083,-0.28470804509871905,100,0,1
2025.09.24,14:55:44,-0.3320733237427577,-0.27090507185897217,-0.3677175188208649,-0.3067968037608866,100,0,1
2025.09.24,15:00:44,-0.3290774402839514,-0.26588482909502154,-0.35259423273911417,-0.32304519145973076,100,0,1
2025.09.24,15:05:44,-0.3374724211687849,-0.29407851111048955,-0.3736012679222169,-0.3691891740601355,100,0,1
2025.09.24,15:10:44,-0.29182810768423045,-0.24999283477387296,-0.3394580448361286,-0.3181159304115057,100,0,1
2025.09.24,15:15:44,-0.30309502149616646,-0.25676674970927515,-0.3992213913040622,-0.29129608597290035,100,0,1
2025.09.24,15:20:44,-0.18596021782405237,-0.15499735946053633,-0.24584939019284754,-0.23538039335220914,100,0,1
2025.09.24,15:25:44,-0.26546251246831676,-0.21532722800223802,-0.3392321799448568,-0.22391435981599728,100,0,1
2025.09.24,15:30:44,-0.34900935879035755,-0.3117941182236597,-0.3760586198300051,-0.32018941299667925,100,0,1
2025.09.24,15:35:44,-0.42785764939411697,-0.3562951997723645,-0.4931020652293725,-0.4396282788762576,100,0,1
2025.09.24,15:40:44,-0.5079397230665682,-0.4886625799210409,-0.5596998959307307,-0.5093416199795227,100,0,1
2025.09.24,15:45:44,-0.5173361866116706,-0.43777013248857455,-0.5620889046590648,-0.48979302412127956,100,0,1
2025.09.24,15:50:44,-0.5104213840730465,-0.47496751557871497,-0.5865595759022773,-0.5458207550836961,100,0,1
2025.09.24,15:55:44,-0.48690505794731526,-0.4443727375363527,-0.5459103090127608,-0.4821220643202625,100,0,1
2025.09.24,16:00:44,-0.5048092150682885,-0.449499805777472,-0.5529221200402734,-0.458722517517658,100,0,1
2025.09.24,16:05:44,-0.5439932087809377,-0.47457275513211233,-0.5553212144460009,-0.5110805208058173,100,0,1
2025.09.24,16:10:44,-0.5508643493972509,-0.5285828751130485,-0.604362721196657,-0.5989741609580207,100,0,1
2025.09.24,16:15:44,-0.5383421946328159,-0.5281843155916998,-0.5594849134141499,-0.5571667896315617,100,0,1
2025.09.24,16:20:44,-0.4716976846204155,-0.4265733157929186,-0.5282113940331523,-0.4618642761051237,100,0,1
2025.09.24,16:25:44,-0.3762107272370909,-0.31443026986620765,-0.40600716930846426,-0.34799905184345764,100,0,1
2025.09.24,16:30:44,-0.3800329526922274,-0.34993081841503404,-0.41019911634779,-0.39828343559130214,100,0,1
2025.09.24,16:35:44,-0.3730247570844678,-0.2980207990180206,-0.4524361170866455,-0.4056356700642821,100,0,1
2025.09.24,16:40:44,-0.40400906790495655,-0.3698169904588069,-0.4355626768684331,-0.3830088164538331,100,0,1
2025.09.24,16:45:44,-0.443666412674995,-0.41325874028155746,-0.501301185671529,-0.48227857064131735,100,0,1
2025.09.24,16:50:44,-0.3663481547775289,-0.3070782701915958,-0.4245080173744206,-0.4023324595127984,100,0,1
2025.09.24,16:55:44,-0.37652895822252047,-0.3569660456700768,-0.4536969093704546,-0.44291373336785367,100,0,1
2025.09.24,17:00:44,-0.3492107309644605,-0.30622192365554984,-0.42110180204991066,-0.36571763933771934,100,0,1
2025.09.24,17:05:44,-0.3216654450632523,-0.26212165408323296,-0.3582543140511149,-0.3277621172580483,100,0,1
2025.09.24,17:10:44,-0.2637688738586572,-0.20526177308231758,-0.34081301974087097,-0.3153700351020123,100,0,1
2025.09.24,17:15:44,-0.2564304823028483,-0.21579380356346894,-0.2922750098006642,-0.27117667297400705,100,0,1
2025.09.24,17:20:44,-0.32422139261317673,-0.30155600779624075,-0.39174879378337235,-0.35474678305741736,100,0,1
2025.09.24,17:25:44,-0.36499985073778557,-0.3192506868774437,-0.4379465615254516,-0.4188894379079498,100,0,1
2025.09.24,17:30:44,-0.4205335546722366,-0.3772896573712864,-0.4689030127721107,-0.39765813055405685,100,0,1
2025.09.24,17:35:44,-0.31368333685704186,-0.28200880845749504,-0.3676098710189365,-0.30599076755065685,100,0,1
2025.09.24,17:40:44,-0.33911068691488305,-0.3128733425336403,-0.42401853631903497,-0.38525401767981554,100,0,1
2025.09.24,17:45:44,-0.29780402372718984,-0.2341008074141368,-0.32988464059526207,-0.3233983735182212,100,0,1
2025.09.24,17:50:44,-0.2480083292114389,-0.2302557517673549,-0.3171221802041364,-0.2902534926127753,100,0,1
2025.09.24,17:55:44,-0.3560213215913343,-0.28665307596584655,-0.39908312269226687,-0.33249161086839585,100,0,1
2025.09.24,18:00:44,-0.33365797673563385,-0.2952955600639683,-0.35459847410586265,-0.3043693395727999,100,0,1
2025.09.24,18:05:44,-0.40210477148834284,-0.37575275479064624,-0.47099674769912825,-0.38462097571392506,100,0,1
2025.09.24,18:10:44,-0.37445741630034324,-0.32958862820174073,-0.43127072341846207,-0.3738128707850197,100,0,1
2025.09.24,18:15:44,-0.3480557158637719,-0.30820253772017475,-0.3792625224286219,-0.3765367188918253,100,0,1
2025.09.24,18:20:44,-0.40510766676012855,-0.3666035014705959,-0.4645093460175297,-0.43324219494617705,100,0,1
2025.09.24,18:25:44,-0.485670028876966,-0.453385451374762,-0.5142903094014836,-0.45485983483961406,100,0,1
2025.09.24,18:30:44,-0.41125068808727555,-0.36023403589396386,-0.4245541294682079,-0.36304146320511604,100,0,1
2025.09.24,18:35:44,-0.31269915588249436,-0.2635305441563127,-0.3640070653177472,-0.2972092687124466,100,0,1
2025.09.24,18:40:44,-0.3116604283628056,-0.2598839489908567,-0.3548355120747188,-0.33710939141080287,100,0,1
2025.09.24,18:45:44,-0.27975433966298197,-0.24065423835117078,-0.30630513554867106,-0.3025716564906626,100,0,1
2025.09.24,18:50:44,-0.3740047690559364,-0.31681138273947396,-0.40046773666552665,-0.3734159135582935,100,0,1
2025.09.24,18:55:44,-0.31796285228416116,-0.26983066580469867,-0.3813222242120405,-0.31616763800090186,100,0,1
2025.09.24,19:00:44,-0.38791879170483834,-0.31581328293259736,-0.4610768051391898,-0.37502052932810215,100,0,1
2025.09.24,19:05:44,-0.4289575908508305,-0.39412173967501096,-0.48136617869580617,-0.4729279826734161,100,0,1
2025.09.24,19:10:44,-0.4063036677964618,-0.3658951175673477,-0.4330062563774097,-0.3984153846616582,100,0,1
2025.09.24,19:15:44,-0.4465853718597837,-0.4166045656478627,-0.5255148686554183,-0.5167032801414759,100,0,1
2025.09.24,19:20:44,-0.4580984712970328,-0.42222089843464994,-0.48293973572938187,-0.4281557880524649,100,0,1
2025.09.24,19:25:44,-0.42864118288484593,-0.3995932984856661,-0.46325971344149797,-0.4489165120829993,100,0,1
2025.09.24,19:30:44,-0.4520712779278004,-0.4210307909386347,-0.5215017702041806,-0.4430393922612998,100,0,1
2025.09.24,19:35:44,-0.5195320127368327,-0.4917379946677735,-0.551572045217481,-0.5090335124287122,100,0,1
2025.09.24,19:40:44,-0.5300510467900138,-0.4759077657946058,-0.5863258825664219,-0.5247625487039489,100,0,1
2025.09.24,19:45:44,-0.5648860227248167,-0.5029201885748583,-0.5924088046500974,-0.5576123288454287,100,0,1
2025.09.24,19:50:44,-0.48232340022605075,-0.4225111071184127,-0.5715883302118198,-0.5250371330904194,100,0,1
2025.09.24,19:55:44,-0.49010534526345023,-0.41280268419719357,-0.5120607188901695,-0.42865959420810046,100,0,1
2025.09.24,20:00:44,-0.5369503715722628,-0.49186117554572145,-0.6039652683557843,-0.5497585611063285,100,0,1
2025.09.24,20:05:44,-0.5773586536402645,-0.5277066910682111,-0.6514948732434211,-0.5559753347452139,100,0,1
2025.09.24,20:10:44,-0.5871469545214366,-0.540160193412043,-0.6385617875241635,-0.6247584300865472,100,0,1
2025.09.24,20:15:44,-0.5471957536384208,-0.4987000537306812,-0.6175821283805207,-0.5264782269231539,100,0,1
2025.09.24,20:20:44,-0.485541533759767,-0.43698274838030604,-0.5240909957989051,-0.4924041988878552,100,0,1
2025.09.24,20:25:44,-0.5077617225302753,-0.43486284223493843,-0.581125053637908,-0.5767413448947786,100,0,1
2025.09.24,20:30:44,-0.4748283204903456,-0.4335081187973754,-0.5313472036116024,-0.5084122522131029,100,0,1
2025.09.24,20:35:44,-0.49590562822829803,-0.48325436246697057,-0.5555222454715825,-0.49299050393941823,100,0,1
2025.09.24,20:40:44,-0.5152237899750338,-0.45582528063395406,-0.607555625145814,-0.46587888641915165,100,0,1
2025.09.24,20:45:44,-0.5586240856310817,-0.4980024140198003,-0.6070423834447929,-0.5993874193120148,100,0,1
2025.09.24,20:50:44,-0.5846208188623512,-0.5474258906429925,-0.6494676177707063,-0.6023484179594824,100,0,1
2025.09.24,20:55:44,-0.6441385176557118,-0.5602162838965826,-0.6986550029056745,-0.684273542060101,100,0,1
2025.09.24,21:00:44,-0.6543383234059347,-0.6267859227420477,-0.7126887412040606,-0.7021998455014682,100,0,1
2025.09.24,21:05:44,-0.7112310013633115,-0.6533582716494993,-0.763517477905031,-0.6573946143596392,100,0,1
2025.09.24,21:10:44,-0.6614930529639056,-0.6020856325387426,-0.7080758083343814,-0.6583911876125353,100,0,1
2025.09.24,21:15:44,-0.6064746343605134,-0.5743909528509863,-0.6659743861625097,-0.6397292437281604,100,0,1
2025.09.24,21:20:44,-0.5823569423534437,-0.5283948013434635,-0.6457539275870573,-0.5406894321899293,100,0,1
2025.09.24,21:25:44,-0.6085630447359837,-0.547707332295319,-0.6373695370081118,-0.5841079345955444,100,0,1
2025.09.24,21:30:44,-0.48329811656069205,-0.41665990623053245,-0.573000276719341,-0.5274694624834547,100,0,1
2025.09.24,21:35:44,-0.5020181549572699,-0.4653813479404921,-0.5503797029836534,-0.5434948567215857,100,0,1
2025.09.24,21:40:44,-0.46455932067648253,-0.4146789342904969,-0.4917715594315149,-0.48698073390367697,100,0,1
2025.09.24,21:45:44,-0.5131817104955909,-0.46398922024857836,-0.5587136970414714,-0.5375534786032963,100,0,1
2025.09.24,21:50:44,-0.5072103744437658,-0.48502615122922976,-0.5809165086699883,-0.5356612246272084,100,0,1
2025.09.24,21:55:44,-0.5211865086433268,-0.5017305216188924,-0.5644103317326402,-0.5461286817119869,100,0,1
2025.09.24,22:00:44,-0.5247008632539601,-0.4781686720298198,-0.5567234870982398,-0.5249631122229148,100,0,1
2025.09.24,22:05:44,-0.5013665322942062,-0.4720108657954623,-0.5450713229104839,-0.4925385155412308,100,0,1
2025.09.24,22:10:44,-0.5352016842176617,-0.5000418476190277,-0.6061814298396797,-0.5212070397724022,100,0,1
2025.09.24,22:15:44,-0.5273037194559105,-0.4642842836018809,-0.6093181837740855,-0.5521148680755203,100,0,1
2025.09.24,22:20:44,-0.5107018332357862,-0.413820000169524,-0.5399712406443548,-0.49049550831388933,100,0,1
2025.09.24,22:25:44,-0.5506450296679017,-0.44615671420439346,-0.5855630592149007,-0.5738743670534026,100,0,1
2025.09.24,22:30:44,-0.5118101001735907,-0.5007875203322427,-0.5756349847047341,-0.5155637881115108,100,0,1
2025.09.24,22:35:44,-0.5237609193091881,-0.46385698219253535,-0.5949163420610115,-0.5114715995583874,100,0,1
2025.09.24,22:40:44,-0.5185689475294502,-0.4615455206609087,-0.5788848892880742,-0.47895105003165395,100,0,1
2025.09.24,22:45:44,-0.5455381065320282,-0.4799200408105308,-0.577304867455093,-0.5371104001558564,100,0,1
2025.09.24,22:50:44,-0.5010649786694935,-0.45043620219887565,-0.5676638907699514,-0.5668388712107438,100,0,1
2025.09.24,22:55:44,-0.5543292395835735,-0.5129973184664858,-0.6050881854419728,-0.5830962069860821,100,0,1
2025.09.24,23:00:44,-0.548541352532438,-0.48461003055288104,-0.5985557099685102,-0.5402011599023958,100,0,1
2025.09.24,23:05:44,-0.5044370210681158,-0.412434459569961,-0.5732654756382726,-0.4785361310204477,100,0,1
2025.09.24,23:10:44,-0.5319849457149274,-0.4851112196307319,-0.5729868596174302,-0.5114880792324848,100,0,1
2025.09.24,23:15:44,-0.5238240396739806,-0.47247559788575066,-0.5670629764746551,-0.48914269928439413,100,0,1
2025.09.24,23:20:44,-0.5507753597188634,-0.507658803822691,-0.6155014502249034,-0.5336627728016643,100,0,1
2025.09.24,23:25:44,-0.5217229050535926,-0.4810511167127782,-0.5386506987424021,-0.4993147575144628,100,0,1
2025.09.24,23:30:44,-0.49529727995289796,-0.45059412810088084,-0.5304746593228553,-0.4988961816553384,100,0,1
2025.09.24,23:35:44,-0.4552345899547013,-0.4143510339792953,-0.5258411387656253,-0.48978730763484457,100,0,1
2025.09.24,23:40:44,-0.4501164450218964,-0.40188102688951005,-0.4941480420456977,-0.4370118564062626,100,0,1
2025.09.24,23:45:44,-0.4543342646387838,-0.42103277159968394,-0.5421664215460449,-0.4391403019616197,100,0,1
2025.09.24,23:50:44,-0.47129625546809223,-0.403343655399138,-0.5064127248486734,-0.46626220550734165,100,0,1
2025.09.24,23:55:44,-0.5102914408823186,-0.4902236055382455,-0.5452759084936596,-0.5360205741960851,100,0,1
2025.09.25,00:00:44,-0.440569267316127,-0.39489546980582296,-0.5048560622967665,-0.41312364335536134,100,0,1
2025.09.25,00:05:44,-0.5227401968654704,-0.46682636132801836,-0.5748262108959472,-0.5187655414530173,100,0,1
2025.09.25,00:10:44,-0.5594793810894779,-0.510996817648421,-0.6407129641321012,-0.52208140566828,100,0,1
2025.09.25,00:15:44,-0.6197933984023757,-0.614837918670659,-0.636552804281779,-0.6194736548960099,100,0,1
2025.09.25,00:20:44,-0.6053065397725205,-0.5396888239986585,-0.6291942565605633,-0.561306965056643,100,0,1
2025.09.25,00:25:44,-0.6557597737638814,-0.5681502730446093,-0.7061485061181643,-0.6937688892814556,100,0,1
2025.09.25,00:30:44,-0.6554903335147684,-0.606330801794625,-0.7087214849511898,-0.6329637840786996,100,0,1
2025.09.25,00:35:44,-0.6639512747964229,-0.5788309554425128,-0.6994265344865414,-0.6703680726390656,100,0,1
2025.09.25,00:40:44,-0.6203868347567834,-0.5539608784885333,-0.6591085446995871,-0.5898643447429683,100,0,1
2025.09.25,00:45:44,-0.6369011027940391,-0.5937339792570393,-0.7116985239182855,-0.6409177992061736,100,0,1
2025.09.25,00:50:44,-0.5773390290747952,-0.5423776818972587,-0.6260672660649246,-0.5593931652219902,100,0,1
2025.09.25,00:55:44,-0.5578069293654582,-0.5282564227876229,-0.6164841465276294,-0.5835785565738849,100,0,1
2025.09.25,01:00:44,-0.5572820404437457,-0.5222640121325006,-0.6193102154064423,-0.6186291250765386,100,0,1
2025.09.25,01:05:44,-0.5834289135761956,-0.5448625763979416,-0.6382086145152972,-0.6075496523548921,100,0,1
2025.09.25,01:10:44,-0.6039563764953153,-0.5750981330177007,-0.6552409135166933,-0.6288085176497638,100,0,1
2025.09.25,01:15:44,-0.6203506745407611,-0.5634248441936858,-0.6642162523570551,-0.5956288652616126,100,0,1
2025.09.25,01:20:44,-0.5344209593244722,-0.5015434181693158,-0.628824940143335,-0.5017326209216284,100,0,1
2025.09.25,01:25:44,-0.588255821271355,-0.57842519005168,-0.6314919147360366,-0.6062684027438812,100,0,1
2025.09.25,01:30:44,-0.474137895754067,-0.4347741051000438,-0.5222725160435289,-0.4452621715468348,100,0,1
2025.09.25,01:35:44,-0.43416686335814375,-0.38007619587389463,-0.4933966045264828,-0.3933362630031335,100,0,1
2025.09.25,01:40:44,-0.4808148392995723,-0.4288343770026915,-0.5522707819932324,-0.5031388212452419,100,0,1
2025.09.25,01:45:44,-0.5393523474693225,-0.4973844113332755,-0.5836165331027027,-0.5437817847974932,100,0,1
2025.09.25,01:50:44,-0.445765783077896,-0.42746365403229847,-0.520181884490858,-0.4911688174535925,100,0,1
2025.09.25,01:55:44,-0.44636156972838076,-0.38618490137185485,-0.49152788481323617,-0.4449164048503066,100,0,1
2025.09.25,02:00:44,-0.4882379814822021,-0.4571379807452383,-0.5150775094040807,-0.49529852622461484,100,0,1
2025.09.25,02:05:44,-0.5380461623808075,-0.4985005075341097,-0.6075110872791901,-0.5677700237407246,100,0,1
2025.09.25,02:10:44,-0.5251688228258862,-0.45007067889290886,-0.5738216761820336,-0.5184941248114326,100,0,1
2025.09.25,02:15:44,-0.5147498775270628,-0.4648935376092256,-0.5767992078795102,-0.5102434123645964,100,0,1
2025.09.25,02:20:44,-0.6002606737891559,-0.5181948539410552,-0.6514672979911101,-0.5301170376378282,100,0,1
2025.09.25,02:25:44,-0.5665159073131993,-0.5153450433957805,-0.6341465739388458,-0.5747168389683884,100,0,1
2025.09.25,02:30:44,-0.5715106231778035,-0.5109544343131598,-0.609961815952476,-0.5842951346886273,100,0,1
2025.09.25,02:35:44,-0.5938142324395951,-0.5049309817280738,-0.6721663437302896,-0.6579836973013361,100,0,1
2025.09.25,02:40:44,-0.6013516512965706,-0.5919406289395759,-0.6913496433176738,-0.667270036541285,100,0,1
2025.09.25,02:45:44,-0.6206034408480555,-0.576414577746877,-0.6351478785748518,-0.6148861041832442,100,0,1
2025.09.25,02:50:44,-0.5423718988657253,-0.4807981631766382,-0.5937936121472145,-0.5167457949667024,100,0,1
2025.09.25,02:55:44,-0.5246837682180826,-0.46744341302489256,-0.5712960158344522,-0.4852540399863876,100,0,1
2025.09.25,03:00:44,-0.5584450339328977,-0.5334551671426939,-0.64689696980089,-0.5631567014318952,100,0,1
2025.09.25,03:05:44,-0.5467918420264964,-0.4876685575244308,-0.6087698555326072,-0.5443461988802882,100,0,1
2025.09.25,03:10:44,-0.4987797089653486,-0.45066681742367437,-0.544572967424132,-0.5237802108329829,100,0,1
2025.09.25,03:15:44,-0.5022247941249414,-0.45037868147490334,-0.569342338679192,-0.4710626625683177,100,0,1
2025.09.25,03:20:44,-0.5790879731504631,-0.5347721177180639,-0.6606299230746397,-0.57077870297641,100,0,1
2025.09.25,03:25:44,-0.6233374341330026,-0.580729196229956,-0.7073139392460596,-0.615845314620878,100,0,1
2025.09.25,03:30:44,-0.6453254499460053,-0.5700158479743318,-0.690458831680743,-0.6419791129702602,100,0,1
2025.09.25,03:35:44,-0.664945014949236,-0.5819701524420934,-0.7230932210477472,-0.6370517394078692,100,0,1
2025.09.25,03:40:44,-0.707628444007968,-0.671697507736295,-0.7484675411115365,-0.722144717592234,100,0,1
2025.09.25,03:45:44,-0.7447088999126982,-0.6569164449802842,-0.8259684618687919,-0.796289360162236,100,0,1
2025.09.25,03:50:44,-0.6872282848021225,-0.6334948514106357,-0.7127204006914704,-0.6971222798049025,100,0,1
2025.09.25,03:55:44,-0.7031257471888122,-0.6472579354684824,-0.7851942282516285,-0.7464609479266658,100,0,1
2025.09.25,04:00:44,-0.7051606994076751,-0.6496837227670357,-0.7435002733285598,-0.729018524128433,100,0,1
2025.09.25,04:05:44,-0.6659978038455645,-0.6592329889298034,-0.7070596208277355,-0.7033131767545103,100,0,1
2025.09.25,04:10:44,-0.6516128226014027,-0.596762507464867,-0.692268468016549,-0.6042797314839341,100,0,1
2025.09.25,04:15:44,-0.5276939152033675,-0.4937210491839703,-0.5670041189636115,-0.5485523511827595,100,0,1
2025.09.25,04:20:44,-0.5476654755600423,-0.5032500520477167,-0.6017434783972746,-0.5046254880592236,100,0,1
2025.09.25,04:25:44,-0.5993007379489065,-0.547365484615165,-0.643845272005567,-0.6085828815504973,100,0,1
2025.09.25,04:30:44,-0.5397695208701867,-0.5304481737550989,-0.5904620356551159,-0.5348403367934069,100,0,1
2025.09.25,04:35:44,-0.5079717575138284,-0.47731684117887313,-0.5656645653735628,-0.520374162269376,100,0,1
2025.09.25,04:40:44,-0.4194094196559982,-0.41718945997026696,-0.4411266537833006,-0.4406242312145785,100,0,1
2025.09.25,04:45:44,-0.44518886440949745,-0.40171460170048834,-0.49355987223562153,-0.44891271575464065,100,0,1
2025.09.25,04:50:44,-0.4809092556490894,-0.4471109585865622,-0.5365702540361721,-0.4917874989144575,100,0,1
2025.09.25,04:55:44,-0.47906960034295026,-0.4377213807682358,-0.5051115196130541,-0.4736896387039362,100,0,1
2025.09.25,05:00:44,-0.49913779444880113,-0.42800313854649563,-0.5658881974795967,-0.515253563397114,100,0,1
2025.09.25,05:05:44,-0.4348963916833701,-0.3889968718705695,-0.49418420828366694,-0.47258365238622124,100,0,1
2025.09.25,05:10:44,-0.4344263622622071,-0.3942059197010913,-0.4859288117543534,-0.43925026590605615,100,0,1
2025.09.25,05:15:44,-0.41072395633562375,-0.3508928881954392,-0.4350724624446619,-0.3901793751232958,100,0,1
2025.09.25,05:20:44,-0.361695074961701,-0.2951345621528245,-0.4068328093739628,-0.36952546284390253,100,0,1
2025.09.25,05:25:44,-0.34121122983302243,-0.29032177176424784,-0.37193575802677115,-0.334434607637666,100,0,1
2025.09.25,05:30:44,-0.35356001442880003,-0.305358769077487,-0.41055223864449936,-0.3895759973232938,100,0,1
2025.09.25,05:35:44,-0.27554787386739715,-0.2436991155240919,-0.31691117886293513,-0.2724024724705248,100,0,1
2025.09.25,05:40:44,-0.29100120242701427,-0.2327788704711309,-0.3485300577036012,-0.23807784012100852,100,0,1
2025.09.25,05:45:44,-0.3714513652899893,-0.28914137159169934,-0.41766153354292185,-0.39890605058156203,100,0,1
2025.09.25,05:50:44,-0.2982221738064838,-0.27439963973665643,-0.3325168757463884,-0.30035928180817695,100,0,1
2025.09.25,05:55:44,-0.3360437780650921,-0.2850130530499395,-0.3882257266147332,-0.35516931755042924,100,0,1
2025.09.25,06:00:44,-0.22291271009778668,-0.18582273984833758,-0.2675739511534962,-0.25700964518392516,100,0,1
2025.09.25,06:05:44,-0.266531377459444,-0.24610751920657722,-0.35235313120307477,-0.2788540273177291,100,0,1
2025.09.25,06:10:44,-0.38319634756902454,-0.3572117277551125,-0.4206001674532145,-0.3899547072890225,100,0,1
2025.09.25,06:15:44,-0.38185380659965157,-0.2833675904857545,-0.4291733307310476,-0.2942052358989689,100,0,1
2025.09.25,06:20:44,-0.43735952078968543,-0.4054943559934393,-0.47243506847245137,-0.4660232545576238,100,0,1
2025.09.25,06:25:44,-0.3876426084606308,-0.3362364057920574,-0.42508154795750325,-0.4007505423621645,100,0,1
2025.09.25,06:30:44,-0.37606704790572515,-0.2879005482206968,-0.4257331657480848,-0.3440532309751339,100,0,1
2025.09.25,06:35:44,-0.34825654273301765,-0.2879951847648534,-0.4105353568607279,-0.32045493299421446,100,0,1
2025.09.25,06:40:44,-0.23784304078778037,-0.17949581499953388,-0.2762328949075378,-0.2430934037346577,100,0,1
2025.09.25,06:45:44,-0.20823008525248898,-0.19152775039805506,-0.2490204544935937,-0.20434995488480007,100,0,1
2025.09.25,06:50:44,-0.27705878539828654,-0.2239098045278438,-0.3018118444700403,-0.22578255886281162,100,0,1
2025.09.25,06:55:44,-0.3354882950159015,-0.3019707991324023,-0.38033462196857326,-0.33372576732664094,100,0,1
2025.09.25,07:00:44,-0.3348036311156096,-0.2652010557133644,-0.40413550279687827,-0.40078505820814986,100,0,1
2025.09.25,07:05:44,-0.3408439036642243,-0.31472899135839644,-0.38745541838058123,-0.32055370284005263,100,0,1
2025.09.25,07:10:44,-0.27907268318612016,-0.2507943082562784,-0.3491306800125268,-0.3459020412906909,100,0,1
2025.09.25,07:15:44,-0.321616484714301,-0.2780007118654521,-0.36751127737553546,-0.31397270095348934,100,0,1
2025.09.25,07:20:44,-0.3613419778281551,-0.3313964295243159,-0.3730457905638512,-0.35367756773367975,100,0,1
2025.09.25,07:25:44,-0.2903801916337468,-0.25454905531152877,-0.3338527972671013,-0.3177633671833245,100,0,1
2025.09.25,07:30:44,-0.25574600754860705,-0.18072240976462384,-0.29310186350550566,-0.19759244756971514,100,0,1
2025.09.25,07:35:44,-0.17259212555729309,-0.1239511395558867,-0.19239062746463043,-0.16479337510524278,100,0,1
2025.09.25,07:40:44,-0.21774218790139144,-0.1599537839745664,-0.269633300115423,-0.23456942598457375,100,0,1
2025.09.25,07:45:44,-0.24236598244105478,-0.19675020332496454,-0.2857579467211682,-0.23040415646764967,100,0,1
2025.09.25,07:50:44,-0.27079527967452344,-0.183530173482248,-0.32891929650383395,-0.1998021727907052,100,0,1
2025.09.25,07:55:44,-0.2579127369216019,-0.20958887448320213,-0.2955526695375167,-0.27440390495311173,100,0,1
2025.09.25,08:00:44,-0.23832232601769332,-0.19467573899786966,-0.2933566712654771,-0.23158252685039998,100,0,1
2025.09.25,08:05:44,-0.3250422508726327,-0.2626143695891463,-0.35257255777785135,-0.32967281805745957,100,0,1
2025.09.25,08:10:44,-0.34859207585245544,-0.31717853954398434,-0.3884778662323513,-0.3332646200257853,100,0,1
2025.09.25,08:15:44,-0.3402701239655308,-0.28961835313855194,-0.38435536448634533,-0.3175209972441736,100,0,1
2025.09.25,08:20:44,-0.3246984063941788,-0.2662398616561432,-0.38607143563513446,-0.3729731937577563,100,0,1
2025.09.25,08:25:44,-0.43642543514869797,-0.3873737912269357,-0.48657128323180643,-0.42782977339229034,100,0,1
2025.09.25,08:30:44,-0.5335855595791142,-0.48561043564417045,-0.5592390579057708,-0.4856670900500688,100,0,1
2025.09.25,08:35:44,-0.5220354199777976,-0.47823605759083954,-0.5655473334323072,-0.5039026224272138,100,0,1
2025.09.25,08:40:44,-0.5580915834042429,-0.5494327719803265,-0.6159358760179783,-0.5581441616243543,100,0,1
2025.09.25,08:45:44,-0.4932614535975877,-0.418678292563503,-0.4994699765881082,-0.45543466190075405,100,0,1
2025.09.25,08:50:44,-0.5241940477954652,-0.4635709123909869,-0.5747924987379835,-0.5232491024146914,100,0,1
2025.09.25,08:55:44,-0.5643876597144749,-0.5155700721440356,-0.6294451282524456,-0.529240456877185,100,0,1
2025.09.25,09:00:44,-0.5514958925662209,-0.5060251237061968,-0.5813043154127068,-0.5063340074377912,100,0,1
2025.09.25,09:05:44,-0.44409954972376386,-0.41317047865417816,-0.48568316596517724,-0.4449716252235604,100,0,1
2025.09.25,09:10:44,-0.45707670608565604,-0.4051856127356317,-0.4999246750541693,-0.4877764110259312,100,0,1
2025.09.25,09:15:44,-0.4367204906428848,-0.36905714870123696,-0.535823754664878,-0.5211561588802103,100,0,1
2025.09.25,09:20:44,-0.47754494187018204,-0.4205043797480917,-0.5153194720319705,-0.44211241472665364,100,0,1
2025.09.25,09:25:44,-0.4642616351183372,-0.40641115846064046,-0.5104595291634871,-0.41121812067967906,100,0,1
2025.09.25,09:30:44,-0.4475870430031888,-0.42178245546954285,-0.5224243408304201,-0.4228119937371222,100,0,1
2025.09.25,09:35:44,-0.39356941717880706,-0.3369473912161928,-0.4478896024855162,-0.4345168581233539,100,0,1
2025.09.25,09:40:44,-0.391260135433406,-0.3683190846875347,-0.4325874530335198,-0.3757673266515591,100,0,1
2025.09.25,09:45:44,-0.41403719077599116,-0.35798185080001726,-0.5070357992877267,-0.43284054730806565,100,0,1
2025.09.25,09:50:44,-0.4423947109019445,-0.39269528189956604,-0.5074034243847175,-0.47695470441751076,100,0,1
2025.09.25,09:55:44,-0.37298916055818043,-0.3172718726393626,-0.39167973042062165,-0.3235469643931853,100,0,1
2025.09.25,10:00:44,-0.35620510978823455,-0.3150151528764074,-0.4107701737705441,-0.36468874153270764,100,0,1
2025.09.25,10:05:44,-0.41578981279823746,-0.3604307712655442,-0.49575696446725037,-0.4648786829538413,100,0,1
2025.09.25,10:10:44,-0.4623419025948895,-0.4388939386177706,-0.4981848488465749,-0.47034454436012485,100,0,1
2025.09.25,10:15:44,-0.5197584909906627,-0.47935394822261934,-0.5627656006931612,-0.5614028190703503,100,0,1
2025.09.25,10:20:44,-0.4386640867769917,-0.3947756194876856,-0.5010277639792762,-0.47165051236546995,100,0,1
2025.09.25,10:25:44,-0.31797700042886123,-0.2568520823184164,-0.34349166034484374,-0.3038229042781463,100,0,1
2025.09.25,10:30:44,-0.25076489351135717,-0.2158091114638479,-0.31337852891981144,-0.24985714923532495,100,0,1
2025.09.25,10:35:44,-0.18108049437989396,-0.11464038560141623,-0.273394339437561,-0.12930542789836927,100,0,1
2025.09.25,10:40:44,-0.10130238602537411,-0.023042121938771504,-0.17359909044716,-0.1477248462264314,100,0,1
2025.09.25,10:45:44,-0.04558161284494369,0.0033180184609119256,-0.09504452689483597,-0.04273256387203518,100,0,1
2025.09.25,10:50:44,-0.034247390644521786,-0.01963967164039042,-0.047129129161798504,-0.028899609636762358,100,0,1
2025.09.25,10:55:44,-0.024028324604256655,0.01705208381425765,-0.07356487495247999,-0.015981434143052038,100,0,1
2025.09.25,11:00:44,-0.0016135271201345378,0.04939940050605666,-0.04506074126172403,0.004291974701516377,100,0,1
2025.09.25,11:05:44,0.06426230299758094,0.13600092691967247,-0.00790632917413478,0.05454394935982838,100,0,1
2025.09.25,11:10:44,0.02170459573557293,0.08552790779162973,-0.002831726583276767,0.009677978709106966,100,0,1
2025.09.25,11:15:44,0.008696997631506328,0.03754585308269284,-0.01198463713008912,-0.009072683775921707,100,0,1
2025.09.25,11:20:44,0.1116051602652009,0.18316279170377303,0.08402776783653487,0.0887524653794468,100,0,1
2025.09.25,11:25:44,0.032051813621482614,0.1170115178164756,-0.025356745025805205,0.04587947102202576,100,0,1
2025.09.25,11:30:44,-0.027021408359961713,-0.006129606056413942,-0.0903093021890492,-0.07568410326492464,100,0,1
2025.09.25,11:35:44,-0.09899272383500211,-0.08122224303143968,-0.15433036696754904,-0.15385937669121583,100,0,1
2025.09.25,11:40:44,-0.1953754037888091,-0.18716393640606,-0.21599868339572703,-0.19485285902226607,100,0,1
2025.09.25,11:45:44,-0.130243173712033,-0.06484655735736855,-0.1881682380679116,-0.08098983997039381,100,0,1
2025.09.25,11:50:44,-0.0016237336512653425,0.05192282644929744,-0.04060691926940393,-0.03762331317410248,100,0,1
2025.09.25,11:55:44,-0.05916189062300592,-0.03591711616042924,-0.10028825065823575,-0.0744186335702482,100,0,1
2025.09.25,12:00:44,-0.1499959471752222,-0.10734517840262237,-0.2133292710687178,-0.21192068015679544,100,0,1
2025.09.25,12:05:44,-0.15242966344327555,-0.079915268993578,-0.18503979079652288,-0.17544116200056556,100,0,1
2025.09.25,12:10:44,-0.20845077406849594,-0.16685939334682068,-0.27267112501906077,-0.2275814169975525,100,0,1
2025.09.25,12:15:44,-0.26273660033940166,-0.22391456305804813,-0.26686079350119324,-0.22932674634006614,100,0,1
2025.09.25,12:20:44,-0.25667138647595256,-0.21951024548396703,-0.3278752238078456,-0.244328341794456,100,0,1
2025.09.25,12:25:44,-0.2042586397314445,-0.17930794299360714,-0.25654115119907167,-0.20115228176205835,100,0,1
2025.09.25,12:30:44,-0.08640269888377697,-0.03476466761338417,-0.15558169941697908,-0.08309156562961148,100,0,1
2025.09.25,12:35:44,0.015882222941226137,0.023780125555672427,-0.0294790760594256,-0.027696943480909925,100,0,1
2025.09.25,12:40:44,-0.020344239794913413,0.004012235640662946,-0.07962561327989852,-0.003567746337490074,100,0,1
2025.09.25,12:45:44,-0.027299273879096177,0.04564565895625249,-0.08981305369037859,0.0018009012526680607,100,0,1
2025.09.25,12:50:44,-0.05168333281609036,-0.004501910315864707,-0.10041711952854956,-0.08909170712104651,100,0,1
2025.09.25,12:55:44,-0.0392562140889496,-0.0177977725802503,-0.0740301160891001,-0.04406119705616866,100,0,1
2025.09.25,13:00:44,-0.0715156564600872,-0.03477850685317685,-0.14040157324780433,-0.09260021995605289,100,0,1
2025.09.25,13:05:44,-0.11929241481077874,-0.06133054111261484,-0.1897799046692133,-0.13576184073418948,100,0,1
2025.09.25,13:10:44,-0.14720365119230938,-0.10061695316572444,-0.17141478692892445,-0.12342257190558734,100,0,1
2025.09.25,13:15:44,-0.16352209814467297,-0.08985887876581244,-0.20601401479741074,-0.12857261186113333,100,0,1
2025.09.25,13:20:44,-0.13342074135228224,-0.07979473639023991,-0.2014819834974382,-0.18560853916694883,100,0,1
2025.09.25,13:25:44,-0.12117873093109462,-0.0941221600875989,-0.17218924558058718,-0.1105843478878358,100,0,1
2025.09.25,13:30:44,-0.11345852289990432,-0.049495729959814994,-0.16240074594700996,-0.1420938516460294,100,0,1
2025.09.25,13:35:44,-0.11833549127026877,-0.07206512306303495,-0.13396631318423716,-0.12062249636626413,100,0,1
2025.09.25,13:40:44,-0.1887846105976645,-0.12526731607528546,-0.2599325069961757,-0.2428639892448084,100,0,1
2025.09.25,13:45:44,-0.13697461790339124,-0.10487695322423446,-0.19173826489237103,-0.18532409619432907,100,0,1
2025.09.25,13:50:44,-0.0891284154679704,-0.01950594346327962,-0.1793815558839948,-0.029037287904272235,100,0,1
2025.09.25,13:55:44,-0.028392603827483685,-0.01569302404780461,-0.13917526229669633,-0.027156750216259837,100,0,1
2025.09.25,14:00:44,-0.04645030596273371,0.01747484243574776,-0.10627356881442578,0.008333330260411484,100,0,1
2025.09.25,14:05:44,0.04228038909899673,0.08628545208341126,0.04135747835739585,0.04859489139746761,100,0,1
2025.09.25,14:10:44,0.12483647509867857,0.1858855234588333,0.08402839568211662,0.13977819811966902,100,0,1
2025.09.25,14:15:44,0.1303814515090964,0.17673354372224315,0.10397867132874664,0.12897772450757133,100,0,1
2025.09.25,14:20:44,0.11233855204004183,0.16283116314298862,0.051941765455016574,0.08318945652194143,100,0,1
2025.09.25,14:25:44,0.2073304967997801,0.2943735720785556,0.16028993074573628,0.18314104338544696,100,0,1
2025.09.25,14:30:44,0.23888671443683754,0.26467271562622563,0.18090827651579866,0.21861178015127616,100,0,1
2025.09.25,14:35:44,0.2602329243221101,0.28417192327048807,0.22523268062691937,0.22887828128314192,100,0,1
2025.09.25,14:40:44,0.24522565686744105,0.27173905827458533,0.1782793137528736,0.2544333157357221,100,0,1
2025.09.25,14:45:44,0.24481430913598057,0.2452998641507476,0.16855149954549617,0.2228348881606375,100,0,1
2025.09.25,14:50:44,0.1461074827589755,0.17475034047574328,0.14346413682947484,0.1591052448948621,100,0,1
2025.09.25,14:55:44,0.07096842855901529,0.11686508520720429,0.02129452727299324,0.07066898212749578,100,0,1
2025.09.25,15:00:44,0.14315622252905416,0.23637469743080441,0.09626635980993742,0.1839705716546549,100,0,1
2025.09.25,15:05:44,0.15093450585886856,0.1909139858552839,0.0769745522613757,0.1264488963897463,100,0,1
2025.09.25,15:10:44,0.1923381055235675,0.2414186782234371,0.16291485405731196,0.21585037923170994,100,0,1
2025.09.25,15:15:44,0.1522027854662213,0.17575728688474818,0.10047515482051003,0.1344950609511259,100,0,1
2025.09.25,15:20:44,0.22459154285660315,0.276599727455466,0.12699817999827498,0.13870694647606688,100,0,1
2025.09.25,15:25:44,0.3034100843116195,0.37164417889330176,0.26678623821851105,0.3201653326733761,100,0,1
2025.09.25,15:30:44,0.24465874891223022,0.29345668191152874,0.18666344723813694,0.25874841799409715,100,0,1
2025.09.25,15:35:44,0.19431542285370032,0.22690358233389105,0.12559566868982386,0.12804447986387718,100,0,1
2025.09.25,15:40:44,0.19851116462477886,0.2674441971254561,0.13758200446747604,0.18905851634304718,100,0,1
2025.09.25,15:45:44,0.2074140287871538,0.26183531574200974,0.15255040699539052,0.15999479714441706,100,0,1
2025.09.25,15:50:44,0.1745794468054949,0.23566577291828694,0.1243298887258164,0.1778484027631295,100,0,1
2025.09.25,15:55:44,0.12138388205625668,0.1452611013046865,0.06872550692112328,0.1027332891548062,100,0,1
2025.09.25,16:00:44,0.06999159805918684,0.11510867734046676,0.06555423456546605,0.102614740073497,100,0,1
2025.09.25,16:05:44,0.07860098938186194,0.13016383872100143,-0.011777334431853234,0.033557979755413775,100,0,1
2025.09.25,16:10:44,0.08002044476380239,0.15263489065630886,0.03684304894322418,0.061172549980081786,100,0,1
2025.09.25,16:15:44,0.13412761397646147,0.19557622241424877,0.08569600017085952,0.152693473145316,100,0,1
2025.09.25,16:20:44,0.11732532589476717,0.13625771585896623,0.10143938780405343,0.12683330581983251,100,0,1
2025.09.25,16:25:44,0.11771612402316073,0.19022045960332873,0.07966409859224409,0.12211130829390199,100,0,1
2025.09.25,16:30:44,0.04129529034624799,0.08349374692184122,-0.014221201753596653,0.01879544940194986,100,0,1
2025.09.25,16:35:44,0.049893536586419485,0.07259127443381527,0.006433749946114564,0.0358706210833763,100,0,1
2025.09.25,16:40:44,-0.05998704073471107,-0.0064429369116066615,-0.14846207027935832,-0.02049047201698853,100,0,1
2025.09.25,16:45:44,-0.0025470570420936013,0.03549465703829503,-0.010306052480757066,0.004861388400421595,100,0,1
2025.09.25,16:50:44,-0.04341378216419576,0.008060345612156579,-0.08506135171460588,-0.04738843099708736,100,0,1
2025.09.25,16:55:44,0.010720188656914788,0.09491854485106432,-0.016294395620431643,0.035337711999661806,100,0,1
2025.09.25,17:00:44,0.07819473988367774,0.16383584051902267,0.06804859095547297,0.14993489191192408,100,0,1
2025.09.25,17:05:44,0.1672288191954544,0.27580690493168264,0.1413275497138392,0.27141557787063203,100,0,1
2025.09.25,17:10:44,0.16357958455782318,0.21853898910302166,0.12234035321213674,0.17182425065370177,100,0,1
2025.09.25,17:15:44,0.1459165974429429,0.2125885455925389,0.09013297613353484,0.09719162524037883,100,0,1
2025.09.25,17:20:44,0.11078838211406587,0.17928444344146247,0.025221578531875136,0.1062456853281691,100,0,1
2025.09.25,17:25:44,0.09242312043883921,0.12055374192812296,0.06623315171953967,0.11160171919915679,100,0,1
2025.09.25,17:30:44,0.027849383809550283,0.08627940371119136,-0.012066425317554353,0.07442905365157824,100,0,1
2025.09.25,17:35:44,-0.06875663471465895,0.003502233216849407,-0.1221727127396901,-0.09517152309608781,100,0,1
2025.09.25,17:40:44,-0.10000676114064039,-0.07657403763344159,-0.1600568594863281,-0.11031841983081417,100,0,1
2025.09.25,17:45:44,-0.09299424536769005,-0.03759151668509331,-0.14725848950288328,-0.055618666557094076,100,0,1
2025.09.25,17:50:44,-0.0729279441250109,-0.032676393339742454,-0.13886259696861564,-0.08900848103124226,100,0,1
2025.09.25,17:55:44,-0.07616755686248122,-0.03976048208027135,-0.1232821502243801,-0.11410272686431924,100,0,1
2025.09.25,18:00:44,-0.1539885255244991,-0.08983195619369819,-0.18279004574033816,-0.12450805791531147,100,0,1
2025.09.25,18:05:44,-0.20856688328784387,-0.19494464153661026,-0.20903066156043149,-0.19591418398172156,100,0,1
2025.09.25,18:10:44,-0.23324687224091742,-0.18598881003704248,-0.2844740613003568,-0.21408777314033656,100,0,1
2025.09.25,18:15:44,-0.260547298429252,-0.2041772830683799,-0.29362157499115216,-0.2658385087422645,100,0,1
2025.09.25,18:20:44,-0.37643646457544727,-0.3651668590522709,-0.4073494568751467,-0.4048861019720705,100,0,1
2025.09.25,18:25:44,-0.34495170160723926,-0.29469658012939726,-0.3949899167588846,-0.381069470631814,100,0,1
2025.09.25,18:30:44,-0.350513459784128,-0.3056635327558749,-0.4497591538103228,-0.3278109690822123,100,0,1
2025.09.25,18:35:44,-0.3661058302687369,-0.325314977184134,-0.4392196298912989,-0.38519383770779336,100,0,1
2025.09.25,18:40:44,-0.35186982778532533,-0.2972871381348854,-0.3770973893761902,-0.3573954302999579,100,0,1
2025.09.25,18:45:44,-0.29892318870300544,-0.23336687594785063,-0.34086420237413706,-0.24668220613500744,100,0,1
2025.09.25,18:50:44,-0.35218635393681286,-0.29890109934447995,-0.4028401613030661,-0.32408582453180523,100,0,1
2025.09.25,18:55:44,-0.4355602258011673,-0.42738669277378016,-0.4476058787347896,-0.431608706828592,100,0,1
2025.09.25,19:00:44,-0.3992563996831818,-0.3453280057739139,-0.4453272706739019,-0.43420837240790305,100,0,1
2025.09.25,19:05:44,-0.44833123244302997,-0.42241331651590447,-0.5171170906170939,-0.4447159551032297,100,0,1
2025.09.25,19:10:44,-0.4121698672342783,-0.3784201229988384,-0.45604791643141934,-0.4106674037670461,100,0,1
2025.09.25,19:15:44,-0.4170470152324794,-0.33428000153614024,-0.5050536249574235,-0.36316517991394576,100,0,1
2025.09.25,19:20:44,-0.4297733992746985,-0.3675797397148013,-0.4909224198919665,-0.4494005077746804,100,0,1
2025.09.25,19:25:44,-0.34061498039483085,-0.2882392176660136,-0.40005640303441803,-0.29464352390146725,100,0,1
2025.09.25,19:30:44,-0.3572276116239701,-0.3032468663234114,-0.3778567169048043,-0.3651880899426397,100,0,1
2025.09.25,19:35:44,-0.3967070422327669,-0.36698262591539915,-0.42098778327825787,-0.3912653567828743,100,0,1
2025.09.25,19:40:44,-0.4007411770864308,-0.35646063926874216,-0.4622363800186665,-0.3937058023216279,100,0,1
2025.09.25,19:45:44,-0.4107508072780897,-0.3674611121704312,-0.4718723006540871,-0.3732399671986445,100,0,1
2025.09.25,19:50:44,-0.41848226392668014,-0.3810933750758409,-0.4800665822120881,-0.44220485241975277,100,0,1
2025.09.25,19:55:44,-0.42213377135878505,-0.37984014412417294,-0.4694379585010963,-0.45539423013087504,100,0,1
2025.09.25,20:00:44,-0.38067398091151394,-0.3277838608144017,-0.404887061446656,-0.37363638562375523,100,0,1
2025.09.25,20:05:44,-0.40670162920386127,-0.3655493845040872,-0.476328962820611,-0.4290536478778055,100,0,1
2025.09.25,20:10:44,-0.3476010476251648,-0.2660052411619477,-0.40366465716989197,-0.3924040670786758,100,0,1
2025.09.25,20:15:44,-0.31816236546614646,-0.282724027853819,-0.39377893420464133,-0.3331809918369116,100,0,1
2025.09.25,20:20:44,-0.3700378864684246,-0.2842411776892151,-0.43552366296413614,-0.38547721293785325,100,0,1
2025.09.25,20:25:44,-0.4252567492439602,-0.4175228610407199,-0.4749707394808114,-0.43406392981756475,100,0,1
2025.09.25,20:30:44,-0.40509132276779886,-0.3872898450698996,-0.47051011129306486,-0.43841855838211974,100,0,1
2025.09.25,20:35:44,-0.37437933294691345,-0.32709841902316056,-0.39448519575287805,-0.36205646949664433,100,0,1
2025.09.25,20:40:44,-0.2626147696377257,-0.2326682324979324,-0.32030444429562066,-0.3001449508244106,100,0,1
2025.09.25,20:45:44,-0.2568195073349764,-0.18706120683018557,-0.3208684383125242,-0.2034578436084884,100,0,1
2025.09.25,20:50:44,-0.2869882883911265,-0.2290051541537057,-0.3300594965917671,-0.3036143654091298,100,0,1
2025.09.25,20:55:44,-0.38616419216982,-0.33900629836614227,-0.4521329237089335,-0.4178230554134372,100,0,1
2025.09.25,21:00:44,-0.3514712019237132,-0.3281457857976622,-0.37182780920879854,-0.33286568997886884,100,0,1
2025.09.25,21:05:44,-0.33576558982298016,-0.278020069525558,-0.3989971589813582,-0.33064867586058666,100,0,1
2025.09.25,21:10:44,-0.2823994513856867,-0.2429695782862069,-0.34154811486515696,-0.282050491616161,100,0,1
2025.09.25,21:15:44,-0.22487379673181587,-0.1477376035329804,-0.270211296265081,-0.23756796519769438,100,0,1
2025.09.25,21:20:44,-0.28514412401221556,-0.23084595435917848,-0.33239310618609974,-0.2962906483201845,100,0,1
2025.09.25,21:25:44,-0.26677470962116856,-0.21253403134553478,-0.3160068049473456,-0.22070519576144054,100,0,1
2025.09.25,21:30:44,-0.2019690731712448,-0.16920340419336372,-0.22326809397640354,-0.1716499034023227,100,0,1
2025.09.25,21:35:44,-0.30947827432374936,-0.24256603942533939,-0.36290229476760283,-0.31739964081786065,100,0,1
2025.09.25,21:40:44,-0.28028095348292875,-0.24687817028579903,-0.30331044607429597,-0.2734160636700879,100,0,1
2025.09.25,21:45:44,-0.2061082216740818,-0.13378970545300573,-0.2250753493922604,-0.17446969272993462,100,0,1
2025.09.25,21:50:44,-0.2771495892117048,-0.2199602374572437,-0.31006799005949753,-0.31003688301288707,100,0,1
2025.09.25,21:55:44,-0.2155069212055877,-0.16296986868786897,-0.2699324766724353,-0.1932315712482374,100,0,1
2025.09.25,22:00:44,-0.14693119456042747,-0.08694827982931484,-0.19719913248815266,-0.10524175024778949,100,0,1
2025.09.25,22:05:44,-0.1023513065814011,-0.08135360491208421,-0.19008566681606262,-0.13419755149870685,100,0,1
2025.09.25,22:10:44,-0.0008596844972001616,0.03274469046499913,-0.062119467083989216,-0.034334941302020264,100,0,1
2025.09.25,22:15:44,0.01351513138303695,0.02870797018915447,-0.05644120089214505,-0.00012908749799506875,100,0,1
2025.09.25,22:20:44,0.16833486812267118,0.23772544103696897,0.11247602138660645,0.2175802463080036,100,0,1
2025.09.25,22:25:44,0.18440629590580246,0.24430351027269798,0.12375433554370005,0.15516221304137456,100,0,1
2025.09.25,22:30:44,0.1958322055435213,0.25495534082661414,0.11116648446548451,0.1325240730387687,100,0,1
2025.09.25,22:35:44,0.1394838930884898,0.1750810501853819,0.11363526468639083,0.12113943997222684,100,0,1
2025.09.25,22:40:44,0.10433143159728418,0.1885980764299709,0.053172412111889264,0.15778863689602396,100,0,1
2025.09.25,22:45:44,0.2699790941792774,0.3367610196149266,0.19405568133064408,0.30636303468329557,100,0,1
2025.09.25,22:50:44,0.3320163516909198,0.344511829052602,0.3136739620655451,0.339841191679704,100,0,1
2025.09.25,22:55:44,0.3424846307721931,0.3788134504386632,0.29883229133086,0.31563896220558946,100,0,1
2025.09.25,23:00:44,0.33918370147723015,0.3649236258644819,0.30147577047279406,0.3533450645090255,100,0,1
2025.09.25,23:05:44,0.29962855623326673,0.3673047393404376,0.24266076648701673,0.35713745808950936,100,0,1
2025.09.25,23:10:44,0.32268730311076654,0.36577350797069635,0.31830969765112693,0.33460604200645083,100,0,1
2025.09.25,23:15:44,0.2157518474454989,0.2378162174226634,0.16595752449835596,0.20414943726426216,100,0,1
2025.09.25,23:20:44,0.2695122293823101,0.2906036606970829,0.24145060417920594,0.2858345367281532,100,0,1
2025.09.25,23:25:44,0.23169619467958705,0.3098183512682719,0.1975919868605825,0.2038678218023091,100,0,1
2025.09.25,23:30:44,0.2178550388407111,0.26821355700293004,0.15262948491534706,0.1991500998224498,100,0,1
2025.09.25,23:35:44,0.08313461803199744,0.1206552340970212,0.017426436496905492,0.042691077358996986,100,0,1
2025.09.25,23:40:44,0.16340245340968426,0.18721821876979075,0.13540754613280853,0.16259704115509993,100,0,1
2025.09.25,23:45:44,0.19195293522202286,0.22666494995587305,0.1400037603032261,0.1969012842269222,100,0,1
2025.09.25,23:50:44,0.15647719558613937,0.22865410625105315,0.09665991341248262,0.1378577212751082,100,0,1
2025.09.25,23:55:44,0.15043444323718477,0.2002647773491701,0.10517070560196326,0.17058628420906558,100,0,1
2025.09.26,00:00:44,0.053901928078991156,0.09059815736143054,0.005230354347093694,0.08789925731523751,100,0,1
2025.09.26,00:05:44,0.0811522001917265,0.12122803997061157,0.048913240377009504,0.07476949408730267,100,0,1
2025.09.26,00:10:44,0.050763186518888156,0.07089660448448003,0.0023371250911267127,0.0166135973718186,100,0,1
2025.09.26,00:15:44,0.03024393852946685,0.07280348632770917,-0.016955200392614188,0.018214714642544046,100,0,1
2025.09.26,00:20:44,0.0003080447111838882,0.06464159647075807,-0.04014941415896711,-0.0360266936357498,100,0,1
2025.09.26,00:25:44,0.059644644516215144,0.12816737584258145,-0.007675864141401874,-0.0015627222475108268,100,0,1
2025.09.26,00:30:44,0.0003945277014146299,0.07418522952477917,-0.02552079271614915,-0.02487707269748725,100,0,1
2025.09.26,00:35:44,0.06297911444714045,0.12139560143301704,0.0011575236852060314,0.08923402064234634,100,0,1
2025.09.26,00:40:44,-0.011560227967134039,0.020780414755603355,-0.03447137250975752,0.004941481943071535,100,0,1
2025.09.26,00:45:44,0.0005498559681239058,0.04482693564089267,-0.08586189225041421,-0.07818380654482127,100,0,1
2025.09.26,00:50:44,0.03178031055305605,0.08635370562654368,-0.03933492208491861,0.0006271784083051873,100,0,1
2025.09.26,00:55:44,0.07061986715485818,0.1373495130311105,-0.0029929991928908523,0.06552936147531387,100,0,1
2025.09.26,01:00:44,0.137806885411731,0.18424370110135235,0.08613343241526686,0.16947259265076298,100,0,1
2025.09.26,01:05:44,0.11753946424013217,0.1421345184944004,0.08285878662589365,0.12079296419558533,100,0,1
2025.09.26,01:10:44,0.21694238168431595,0.2805565843785369,0.15968423397476136,0.2500973175047553,100,0,1
2025.09.26,01:15:44,0.1965717090292027,0.24628738623085092,0.13528421123694903,0.1552643965071713,100,0,1
2025.09.26,01:20:44,0.23338293872773444,0.2813224211032441,0.1577262710023568,0.2599027742437433,100,0,1
2025.09.26,01:25:44,0.3123436615893392,0.3725460162886624,0.30427825315438206,0.3286987112630686,100,0,1
2025.09.26,01:30:44,0.32448310002565484,0.3893251668175815,0.2889813569717848,0.3233149018045041,100,0,1
