date,time,open,high,low,close,tickvol,vol,spread
2025.09.05,05:35:44,1.2676861921588818,1.3133708258463872,1.202978776053653,1.2837044893143585,100,0,1
2025.09.05,05:50:44,1.3560818761929767,1.4104792222139717,1.2770518640883737,1.3556227654700204,100,0,1
2025.09.05,06:05:44,1.3629827934789602,1.4128484598455753,1.3421052187758926,1.3456977862101938,100,0,1
2025.09.05,06:20:44,1.4447648161127946,1.5227615688874332,1.398856556979655,1.504125650358155,100,0,1
2025.09.05,06:35:44,1.483071428030338,1.4950970829737806,1.4213854765914902,1.4385190618253554,100,0,1
2025.09.05,06:50:44,1.5258872799022583,1.5694090864793748,1.4419515512900274,1.537315584715145,100,0,1
2025.09.05,07:05:44,1.493054072623982,1.5505734728916856,1.4549587489794256,1.4930737018904645,100,0,1
2025.09.05,07:20:44,1.5304698575137716,1.56126893863537,1.4900974245418614,1.501948394506025,100,0,1
2025.09.05,07:35:44,1.5283057965604518,1.573685232939509,1.4850940936357668,1.5379463025787306,100,0,1
2025.09.05,07:50:44,1.5992568514009582,1.6798987494574196,1.5486106376721138,1.6417412449886042,100,0,1
2025.09.05,08:05:44,1.6245579464812758,1.6620402690177396,1.561807437601905,1.6005485528781256,100,0,1
2025.09.05,08:20:44,1.6875734546258805,1.7228829041221199,1.6191136546134062,1.6919686421675288,100,0,1
2025.09.05,08:35:44,1.7362441500202839,1.772993437752246,1.6734720275950612,1.7000082145478885,100,0,1
2025.09.05,08:50:44,1.6688466878438077,1.7109307721686537,1.6358527418033164,1.6982316778037143,100,0,1
2025.09.05,09:05:44,1.6334644721045855,1.6530193894710978,1.5789755658959628,1.6342950772517693,100,0,1
2025.09.05,09:20:44,1.5649838296613305,1.6478137409954687,1.5467776813968632,1.627867084938187,100,0,1
2025.09.05,09:35:44,1.4659769354307954,1.5373726205477949,1.4639322432642203,1.4645660313199864,100,0,1
2025.09.05,09:50:44,1.491407987627094,1.523483397521632,1.3797955281734509,1.3815520137508113,100,0,1
2025.09.05,10:05:44,1.4973716250286087,1.5682693769434213,1.4190255323374281,1.5126055159701495,100,0,1
2025.09.05,10:20:44,1.5340314401672877,1.599306466316462,1.4653457985971419,1.494248149181068,100,0,1
2025.09.05,10:35:44,1.5012070162017552,1.516918496953154,1.4107653050583553,1.5016517120932502,100,0,1
2025.09.05,10:50:44,1.4276917126470767,1.4884847764509048,1.3431119397649682,1.3758678256397325,100,0,1
2025.09.05,11:05:44,1.3602989733776196,1.4291494020670041,1.3261846522244825,1.3629837452571463,100,0,1
2025.09.05,11:20:44,1.270468827796539,1.3322998620097064,1.214344977973643,1.3259992667256626,100,0,1
2025.09.05,11:35:44,1.3154584010405503,1.3748794037604861,1.2943042305570167,1.3092294341446538,100,0,1
2025.09.05,11:50:44,1.2805279440283686,1.328000583514494,1.2110356372068662,1.2654205569177241,100,0,1
2025.09.05,12:05:44,1.3162400351582455,1.3629467527464332,1.2538127037217293,1.3271547327327946,100,0,1
2025.09.05,12:20:44,1.2647923384470336,1.28631087902608,1.218516595670026,1.2223030455520305,100,0,1
2025.09.05,12:35:44,1.227444970975177,1.2680985309914743,1.208037276834351,1.2086885216644807,100,0,1
2025.09.05,12:50:44,1.1793646193775642,1.242191808049244,1.1345238036649021,1.2030106105941563,100,0,1
2025.09.05,13:05:44,1.2098515926202422,1.2409324112825053,1.178345896960572,1.2017087873813486,100,0,1
2025.09.05,13:20:44,1.2014525000839722,1.2268961851543927,1.1419504195874446,1.200890268990894,100,0,1
2025.09.05,13:35:44,1.1900395760239235,1.2298424533970729,1.1045757187958887,1.1139426827084205,100,0,1
2025.09.05,13:50:44,1.2296722960279582,1.2954184385368928,1.1865488123897507,1.2872679596764385,100,0,1
2025.09.05,14:05:44,1.2948670462490108,1.3175332556440515,1.256898661222218,1.3136221048517756,100,0,1
2025.09.05,14:20:44,1.2881775387321817,1.3112972033227075,1.218580633685364,1.2410337838758805,100,0,1
2025.09.05,14:35:44,1.2857422562240577,1.3373162480482568,1.254581490319391,1.3217150519141767,100,0,1
2025.09.05,14:50:44,1.2348133038562823,1.2975966258113336,1.17743690311863,1.2375121140627887,100,0,1
2025.09.05,15:05:44,1.1749752550241888,1.1948323154532756,1.1363010674435845,1.1437226748088372,100,0,1
2025.09.05,15:20:44,1.2084567489616282,1.2521872128774776,1.147776213858174,1.2260581764634535,100,0,1
2025.09.05,15:35:44,1.2290151114619514,1.251662739037872,1.1610464795593638,1.2447324405933848,100,0,1
2025.09.05,15:50:44,1.1234099153728287,1.1714875208034081,1.0605013397767356,1.132069818130347,100,0,1
2025.09.05,16:05:44,1.1025473083168411,1.1300826947428,1.0533732870933636,1.1077706889793073,100,0,1
2025.09.05,16:20:44,1.1671473034917443,1.2157639869164023,1.137566440345536,1.1714030085684908,100,0,1
2025.09.05,16:35:44,1.079439635542928,1.1086430542581087,0.9829643843173343,1.0671484527876787,100,0,1
2025.09.05,16:50:44,1.0333401759660563,1.0602247903310122,1.0003429739619694,1.0193002886536418,100,0,1
2025.09.05,17:05:44,0.976005912637385,1.0470040891567156,0.9341681325303299,1.005001764021929,100,0,1
2025.09.05,17:20:44,1.0072707847173346,1.034094772664091,0.9268937239449668,1.0032063287847988,100,0,1
2025.09.05,17:35:44,0.9327637837448259,0.956170970481546,0.9137556326707612,0.9175954186902687,100,0,1
2025.09.05,17:50:44,0.8314555005288775,0.8498766856649251,0.7663768070831588,0.8194258480364337,100,0,1
2025.09.05,18:05:44,0.7611159860956727,0.8173131526946178,0.7569514943711593,0.7872404033667071,100,0,1
2025.09.05,18:20:44,0.6908256243132972,0.7314618629505371,0.6584865973934872,0.6975712956418938,100,0,1
2025.09.05,18:35:44,0.6448648900002757,0.693202130918344,0.6117067079690014,0.6231013643255933,100,0,1
2025.09.05,18:50:44,0.6255305221195283,0.6826769244790998,0.5861987713546943,0.621434487037951,100,0,1
2025.09.05,19:05:44,0.5467534095546369,0.6304441409310373,0.5083394401747893,0.6272244129095096,100,0,1
2025.09.05,19:20:44,0.5726623988162391,0.6110732535707576,0.49637757938999194,0.5312417099512456,100,0,1
2025.09.05,19:35:44,0.5185620455259571,0.5696315466353533,0.4858279860700522,0.4940770221058432,100,0,1
2025.09.05,19:50:44,0.529270597432516,0.5459616877508541,0.49477352656521645,0.5411434871986003,100,0,1
2025.09.05,20:05:44,0.4200809084158158,0.45634002265552,0.34740605725577817,0.44206987530901243,100,0,1
2025.09.05,20:20:44,0.45690517005900616,0.4990126885746829,0.3962236785971609,0.4441513320295345,100,0,1
2025.09.05,20:35:44,0.4400854559583784,0.4670729792396206,0.40702552366807443,0.44335518945162844,100,0,1
2025.09.05,20:50:44,0.48491648680610655,0.556239646377681,0.4039792237609432,0.4503992340814035,100,0,1
2025.09.05,21:05:44,0.5920654653153707,0.6553283504317422,0.5092196662787862,0.6278695738493275,100,0,1
2025.09.05,21:20:44,0.5878779163595063,0.6585726838824357,0.5486655525450228,0.6298705904408536,100,0,1
2025.09.05,21:35:44,0.6236437051567858,0.7023759199188603,0.5334261452016409,0.5829184106978808,100,0,1
2025.09.05,21:50:44,0.650487178740395,0.7323586018209662,0.5754331624681733,0.5955733966078662,100,0,1
2025.09.05,22:05:44,0.7312133142209006,0.7864318556393491,0.6949919390808885,0.741942305846646,100,0,1
2025.09.05,22:20:44,0.740784620667718,0.8008383586985804,0.6653185808245342,0.7823739713448812,100,0,1
2025.09.05,22:35:44,0.7876601589611059,0.8335379006943262,0.7351742007188121,0.7667580062236322,100,0,1
2025.09.05,22:50:44,0.7851369658722326,0.8513453295696005,0.7284153883499823,0.7793682709788707,100,0,1
2025.09.05,23:05:44,0.8631785387755868,0.9049840332268939,0.8018186862674498,0.8950465318858425,100,0,1
2025.09.05,23:20:44,0.8302963457688203,0.8702012454074062,0.8004488036443036,0.8171858732991024,100,0,1
2025.09.05,23:35:44,0.8197717365140428,0.8351816091603566,0.7402057778620594,0.7582246711580778,100,0,1
2025.09.05,23:50:44,0.8896848323642673,0.9293767471934274,0.8474815083462314,0.8656591651933232,100,0,1
2025.09.06,00:05:44,0.8876528437136334,0.9771628140282035,0.8088717222842594,0.8344226991652924,100,0,1
2025.09.06,00:20:44,0.8633175345021539,0.9068028665244593,0.8067345616544269,0.8553760602439594,100,0,1
2025.09.06,00:35:44,0.8574023971010092,0.9005372371080419,0.814882632688712,0.8989467172002258,100,0,1
2025.09.06,00:50:44,0.7638735870055112,0.8177183528596232,0.7251210327434024,0.7559854240145021,100,0,1
2025.09.06,01:05:44,0.7328594149631137,0.76794266951953,0.6600284481912326,0.6906192573256666,100,0,1
2025.09.06,01:20:44,0.7896319832406615,0.8199131918225053,0.7258784690778771,0.7881109467878379,100,0,1
2025.09.06,01:35:44,0.7856578528550643,0.8672714086096638,0.7412818886138204,0.8233945337471447,100,0,1
2025.09.06,01:50:44,0.8137342222480538,0.8334970987904757,0.7809851969861291,0.803017246273297,100,0,1
2025.09.06,02:05:44,0.7529764073452401,0.8253070934239539,0.6978811798746194,0.7397832303455192,100,0,1
2025.09.06,02:20:44,0.7588915357818532,0.8130389710431452,0.7195868095286745,0.7291917884843306,100,0,1
2025.09.06,02:35:44,0.8345628951741656,0.8593689089994089,0.7375547395466429,0.785531900011079,100,0,1
2025.09.06,02:50:44,0.8423233931938475,0.8728004699389333,0.7677859299575466,0.8423326140000299,100,0,1
2025.09.06,03:05:44,0.7922460954710588,0.8606927972764175,0.7470494438753775,0.7754892523375241,100,0,1
2025.09.06,03:20:44,0.767373451224239,0.8106943950828075,0.6912444890426639,0.8005389602491423,100,0,1
2025.09.06,03:35:44,0.7591159779943241,0.7921826935741436,0.666652477656722,0.6809765303292543,100,0,1
2025.09.06,03:50:44,0.7762249853209388,0.8092128140622891,0.7144957134881456,0.7925161803627943,100,0,1
2025.09.06,04:05:44,0.760068451727464,0.8016643047486122,0.7301472114911729,0.7897964687048988,100,0,1
2025.09.06,04:20:44,0.7827060278241518,0.8489278164686165,0.7168661941081873,0.819002964800062,100,0,1
2025.09.06,04:35:44,0.6592918299173921,0.6899208374545757,0.6120253095578522,0.679372934730142,100,0,1
2025.09.06,04:50:44,0.6585438998203326,0.7245949924373518,0.6385077026314874,0.6556195531654617,100,0,1
2025.09.06,05:05:44,0.720902623563243,0.7628186445320247,0.7143016122284953,0.7473293056034046,100,0,1
2025.09.06,05:20:44,0.7199312047470631,0.7701728450408494,0.6768263630373574,0.6906378422048519,100,0,1
2025.09.06,05:35:44,0.6843028322814689,0.7346680291951385,0.6827186111502705,0.7004159345974152,100,0,1
2025.09.06,05:50:44,0.7368789290897205,0.8124375130883545,0.7030720489347426,0.7727424754922227,100,0,1
2025.09.06,06:05:44,0.756866819877461,0.8246238142995771,0.7178981043759135,0.750872486730626,100,0,1
2025.09.06,06:20:44,0.7915106242365473,0.8368625570161118,0.7442040252152111,0.8155769900808264,100,0,1
2025.09.06,06:35:44,0.7698457052713608,0.807702312217361,0.7580835486799988,0.7920909057730116,100,0,1
2025.09.06,06:50:44,0.8356017853046921,0.9010116432700599,0.7825995625902935,0.7951550042898814,100,0,1
2025.09.06,07:05:44,0.854811759222653,0.893837380342913,0.8128429169655226,0.8203698056552858,100,0,1
2025.09.06,07:20:44,0.7876188503712326,0.8700694288584719,0.741454854428081,0.813867399030923,100,0,1
2025.09.06,07:35:44,0.8850190410291751,0.9626283294089562,0.873244682174966,0.8820188685593735,100,0,1
2025.09.06,07:50:44,0.8358103723297383,0.8832178762055614,0.7808684262233648,0.7845747495379245,100,0,1
2025.09.06,08:05:44,0.8740971720696313,0.9223234881713034,0.8306581386371639,0.8342146440500245,100,0,1
2025.09.06,08:20:44,0.8513508597376654,0.9211894779864724,0.755776373913243,0.8819570617276843,100,0,1
2025.09.06,08:35:44,0.8411272619283,0.8942201608879455,0.7839530148476358,0.8217139224597468,100,0,1
2025.09.06,08:50:44,0.9184613169991,0.9368029823206014,0.8563371376641908,0.8872992575510569,100,0,1
2025.09.06,09:05:44,0.9113598230118841,0.9415218229672082,0.8597376561324401,0.9191335923655914,100,0,1
2025.09.06,09:20:44,0.9642899854754877,0.9911215869756952,0.9215666475941886,0.9716561806722299,100,0,1
2025.09.06,09:35:44,0.918823657040642,0.9814177322653472,0.8594000031851856,0.9526959121048871,100,0,1
2025.09.06,09:50:44,0.8497879881512345,0.9001697265345884,0.7848219474350383,0.841145692439771,100,0,1
2025.09.06,10:05:44,0.8475415817417241,0.9226329407993548,0.7965074838798376,0.8847023755849871,100,0,1
2025.09.06,10:20:44,0.9553884628493834,0.9736142292969525,0.8975732335869437,0.9695053654232852,100,0,1
2025.09.06,10:35:44,0.9475283560073391,0.9872394118445948,0.9326716835105292,0.9762872586280595,100,0,1
2025.09.06,10:50:44,1.0050667926916403,1.0658070823638783,0.9454698508150391,0.9476700447317887,100,0,1
2025.09.06,11:05:44,1.0083193957478462,1.0657967803305555,0.9847745585629641,1.0531490029256236,100,0,1
2025.09.06,11:20:44,1.0304844405133369,1.1108922578690372,0.9619966166007679,1.0106938587160135,100,0,1
2025.09.06,11:35:44,0.9893593460440936,1.083333749729293,0.9542483489890496,1.0298403732692172,100,0,1
2025.09.06,11:50:44,1.0761872202655371,1.1382693448012702,1.0194069671053905,1.1010759956761207,100,0,1
2025.09.06,12:05:44,1.0506153728564223,1.135085908880607,0.9921612258405823,1.0797991840159225,100,0,1
2025.09.06,12:20:44,1.1225290330296827,1.1507166683954257,1.076200547446773,1.1058840432116206,100,0,1
2025.09.06,12:35:44,1.2383430401086095,1.2472376783555383,1.1984196778080978,1.240299399896114,100,0,1
2025.09.06,12:50:44,1.1661575485337254,1.2106819721089546,1.1061752644425307,1.1156916942460915,100,0,1
2025.09.06,13:05:44,1.1261134613268653,1.1587186555049371,1.0834106824339091,1.1112203480319243,100,0,1
2025.09.06,13:20:44,1.1217245367703284,1.1828919694504678,1.0976043454174553,1.1048096040520279,100,0,1
2025.09.06,13:35:44,1.0757485506084052,1.1197340852956748,1.0178245157052226,1.019371687899113,100,0,1
2025.09.06,13:50:44,1.0010103112204114,1.070220452684544,0.9457569598924983,1.0389812191915577,100,0,1
2025.09.06,14:05:44,0.9763198837589325,1.0228304084866726,0.9077081582277485,1.016913069541918,100,0,1
2025.09.06,14:20:44,0.9323651292423129,0.9947856584627829,0.8642874527873439,0.9538068859277153,100,0,1
2025.09.06,14:35:44,0.9000428238723642,0.9481034489013499,0.8345422915073829,0.8820980195006215,100,0,1
2025.09.06,14:50:44,0.922735623169875,1.0047405994033585,0.8856507275982621,0.9142020921030704,100,0,1
2025.09.06,15:05:44,0.8890993533994155,0.922735037086061,0.840252853355972,0.8799340976399834,100,0,1
2025.09.06,15:20:44,0.8917035836398994,0.9447714430321458,0.8338421888610965,0.8434849945916559,100,0,1
2025.09.06,15:35:44,1.0214623309165152,1.0275187854711407,1.0027140636268796,1.0173431925851621,100,0,1
2025.09.06,15:50:44,1.0225216122192917,1.0766316611385938,0.9240273496182909,1.0192061579814793,100,0,1
2025.09.06,16:05:44,0.9971393611883751,1.0363690598505888,0.9006788651521787,0.9854828620142841,100,0,1
2025.09.06,16:20:44,0.9908718618913668,1.0233640993168551,0.9531143030009428,1.0225219593302586,100,0,1
2025.09.06,16:35:44,0.9761831807907693,1.0177119157903827,0.9047635514256118,0.9801455172983821,100,0,1
2025.09.06,16:50:44,1.0878602707024678,1.163598899059213,0.9950509215700358,1.1015934159510365,100,0,1
2025.09.06,17:05:44,1.0457096080400008,1.0539149625579842,0.9800686582184209,1.0325674393962925,100,0,1
2025.09.06,17:20:44,1.015144938649035,1.0653070452611204,0.9562564948183613,0.9596060528134615,100,0,1
2025.09.06,17:35:44,1.1708562247011034,1.2191526941982493,1.1435684098467862,1.1948542317370898,100,0,1
2025.09.06,17:50:44,1.2501813982120917,1.3176944531447312,1.236649574269672,1.2590871146702474,100,0,1
2025.09.06,18:05:44,1.2001859263755355,1.239079269040089,1.1454247012808974,1.1881364368759835,100,0,1
2025.09.06,18:20:44,1.211935058497715,1.2619127856826837,1.1495633373841367,1.247064904334019,100,0,1
2025.09.06,18:35:44,1.2581009595927088,1.2971230825339737,1.1802765042896763,1.259440060952981,100,0,1
2025.09.06,18:50:44,1.210534201459625,1.261719756151301,1.1497484198330479,1.166884390831658,100,0,1
2025.09.06,19:05:44,1.2618700933502274,1.2849339711052936,1.2163564435630556,1.2421610558196072,100,0,1
2025.09.06,19:20:44,1.2675597553506268,1.3457025779970988,1.1962438233437025,1.3020104193059556,100,0,1
2025.09.06,19:35:44,1.29042995662313,1.3431843604330762,1.2053168736675934,1.3005103167188883,100,0,1
2025.09.06,19:50:44,1.2358400844808815,1.2866087054857014,1.2208261311975528,1.2476009324344535,100,0,1
2025.09.06,20:05:44,1.2609680044131395,1.3290764772881907,1.1918089129260379,1.266341546690691,100,0,1
2025.09.06,20:20:44,1.338447162661339,1.4100406026897976,1.2857750462481545,1.3635938273537087,100,0,1
2025.09.06,20:35:44,1.333357670840867,1.3810793392484992,1.2665348631042304,1.3640737299379628,100,0,1
2025.09.06,20:50:44,1.2660046058105159,1.310778007977834,1.2168320994749358,1.2917367304129825,100,0,1
2025.09.06,21:05:44,1.2656588219500473,1.2945383042369918,1.211888778974149,1.2244091190152433,100,0,1
2025.09.06,21:20:44,1.3237802143479913,1.3870302985996397,1.2963716819294269,1.3668707311420885,100,0,1
2025.09.06,21:35:44,1.31083672915164,1.3581490874295488,1.2425425136350339,1.3193382726058518,100,0,1
2025.09.06,21:50:44,1.29912628008244,1.3652509780073785,1.2418159359210188,1.3381316366835247,100,0,1
2025.09.06,22:05:44,1.273376369763576,1.3470542920088966,1.197119464848295,1.2605205247857865,100,0,1
2025.09.06,22:20:44,1.3356602078969186,1.3986467522405515,1.3070125461855246,1.3708470857873563,100,0,1
2025.09.06,22:35:44,1.282501550165867,1.334293996247736,1.2723855606615035,1.333029732618712,100,0,1
2025.09.06,22:50:44,1.347675567062487,1.4265710281808919,1.313787005507554,1.3318011882238432,100,0,1
2025.09.06,23:05:44,1.3857580977452983,1.4335028894980582,1.3502151668718305,1.4270974070183382,100,0,1
2025.09.06,23:20:44,1.3134185015998583,1.3607014963223543,1.2525724566358325,1.3319737129991727,100,0,1
2025.09.06,23:35:44,1.2492786261243158,1.3053402922995319,1.2059970948462733,1.2111183292586034,100,0,1
2025.09.06,23:50:44,1.2964969847434689,1.3670170609499233,1.2428910939842592,1.3060804353741,100,0,1
2025.09.07,00:05:44,1.27500203178697,1.3233304236862748,1.19308441336728,1.2049847864037828,100,0,1
2025.09.07,00:20:44,1.192648491359792,1.2629545448280732,1.1625470406354397,1.1700236963058814,100,0,1
2025.09.07,00:35:44,1.1956534027905128,1.2343230619784729,1.1186064493827577,1.1284621248020186,100,0,1
2025.09.07,00:50:44,1.1726894393500211,1.2014171034202858,1.1273306271803467,1.1338808196754493,100,0,1
2025.09.07,01:05:44,1.1837403249331349,1.2420979867835036,1.1325306325650144,1.1733842333657711,100,0,1
2025.09.07,01:20:44,1.1314317800034972,1.188724262270873,1.0857104438400467,1.186049367519381,100,0,1
2025.09.07,01:35:44,1.1337737861392885,1.2045058603020184,1.082630073737072,1.1919626308350293,100,0,1
2025.09.07,01:50:44,1.0898672397557299,1.116095504236304,1.0411227742262927,1.0950538734139326,100,0,1
2025.09.07,02:05:44,1.1269591839104105,1.1354072212489772,1.070855726044703,1.1105027173246718,100,0,1
2025.09.07,02:20:44,1.1262759490350884,1.1319212119981823,1.0721027916409536,1.099991083714769,100,0,1
2025.09.07,02:35:44,1.023483367416188,1.07176265883983,0.9634653350786615,0.9856779631226215,100,0,1
2025.09.07,02:50:44,0.9673923755824722,1.0234939787373631,0.9651090818265715,0.9787851558325059,100,0,1
2025.09.07,03:05:44,0.9358514873955042,0.990400817468747,0.8868405169811303,0.9393863069748314,100,0,1
2025.09.07,03:20:44,0.9186723399357163,0.9531545561844365,0.8652448915165698,0.9439278945673831,100,0,1
2025.09.07,03:35:44,1.0410827103344877,1.0703851154149595,1.0121548261530235,1.04699798070794,100,0,1
2025.09.07,03:50:44,1.0674333602707464,1.1203850364378942,1.0076509845183907,1.0825521803421765,100,0,1
2025.09.07,04:05:44,1.1408179297442889,1.1647772435581865,1.1360572080840998,1.1398307937652516,100,0,1
2025.09.07,04:20:44,1.1610454964165449,1.1956186350220477,1.1272517676264533,1.1690265679653526,100,0,1
2025.09.07,04:35:44,1.1336749705589348,1.1783851177318518,1.0647935262707509,1.1682348811261596,100,0,1
2025.09.07,04:50:44,1.0933174968852204,1.1289484342718599,1.0408220705913562,1.05827121801498,100,0,1
2025.09.07,05:05:44,1.0802642595380287,1.120206779465664,1.0091357660142772,1.0470884476332025,100,0,1
2025.09.07,05:20:44,1.0437954473215294,1.1130060924158725,1.0372149671564592,1.0529529780121343,100,0,1
2025.09.07,05:35:44,0.9592639182298303,1.0106452815407516,0.897757628182126,0.9387038762763907,100,0,1
2025.09.07,05:50:44,0.8631747570108589,0.9154339527444529,0.8181682076555346,0.9087434985147959,100,0,1
2025.09.07,06:05:44,0.9425371748724181,1.0063978930359236,0.9136602971138315,0.9311895697992237,100,0,1
2025.09.07,06:20:44,0.9377018203749137,0.9891984217726879,0.8588155734967966,0.9509760541693605,100,0,1
2025.09.07,06:35:44,0.9138233907833682,0.9360541530878338,0.8405246843057557,0.9092445058548333,100,0,1
2025.09.07,06:50:44,0.9845404922516168,1.025020851473114,0.9318341220520441,1.0032695054411345,100,0,1
2025.09.07,07:05:44,0.9830233437223086,1.0308095105751356,0.918315822663874,0.9810379419676125,100,0,1
2025.09.07,07:20:44,0.9386671607322891,0.9901526727576371,0.9013436759526535,0.9081149337486379,100,0,1
2025.09.07,07:35:44,0.9876053559294806,1.066333258087823,0.9370271419328391,0.9722660698518224,100,0,1
2025.09.07,07:50:44,0.9852753407272692,1.077256078837064,0.9167599345933676,1.0388171824969477,100,0,1
2025.09.07,08:05:44,0.9541095086071735,1.0115912377208676,0.8971479215887808,0.9659089892150549,100,0,1
2025.09.07,08:20:44,0.9296045352457368,1.0191857675896565,0.8773764022933176,0.894106114520721,100,0,1
2025.09.07,08:35:44,0.8877732903113915,0.951875637927686,0.855899342604241,0.9364418985301568,100,0,1
2025.09.07,08:50:44,1.017594843795668,1.0499866536719444,0.9670050664186136,0.9711989426904759,100,0,1
2025.09.07,09:05:44,1.0735973621146802,1.1785562804453193,1.005005848250332,1.161778964679291,100,0,1
2025.09.07,09:20:44,1.068040263654897,1.1493992871300371,1.0377309373430625,1.1179213137107444,100,0,1
2025.09.07,09:35:44,1.0074650859361465,1.0357357407383263,0.9824853245374479,1.0221857236404572,100,0,1
2025.09.07,09:50:44,0.9782466572666861,1.0337314437908607,0.9250855212883407,0.9780342334746107,100,0,1
2025.09.07,10:05:44,0.9899537841623336,1.031122964169792,0.897426720159852,0.9606039522950911,100,0,1
2025.09.07,10:20:44,0.954220079172591,1.0273735452074806,0.8826156443731978,0.9704161754170688,100,0,1
2025.09.07,10:35:44,0.9119641858707992,0.9520716174237855,0.841736398338618,0.8515625178259479,100,0,1
2025.09.07,10:50:44,1.023533018961316,1.1039008943597417,0.9638097705150644,1.0405930546319448,100,0,1
2025.09.07,11:05:44,1.0089322476935951,1.0382990827288154,0.9506611040186689,1.0109746197949878,100,0,1
2025.09.07,11:20:44,0.9472032770877489,1.0204024385946175,0.9292907639007448,1.0162320775843796,100,0,1
2025.09.07,11:35:44,0.9573694737642218,0.9848555895156086,0.8843032741732697,0.9176461515474208,100,0,1
2025.09.07,11:50:44,1.0085831493340325,1.025856399602165,0.9669305191149035,0.9743056584372012,100,0,1
2025.09.07,12:05:44,1.01514522625348,1.0470915522709698,0.9725034868387147,0.9844924536701722,100,0,1
2025.09.07,12:20:44,1.0560772377775136,1.099306045858368,1.0121061496144539,1.076718089633561,100,0,1
2025.09.07,12:35:44,1.0454820622632663,1.0856087218789823,0.9886110696113743,1.0747676606437677,100,0,1
2025.09.07,12:50:44,1.0893540695576898,1.1272571823896926,1.0474306127504405,1.0773911847878872,100,0,1
2025.09.07,13:05:44,1.148236039969924,1.1783189198318655,1.0948197937161501,1.097065155827846,100,0,1
2025.09.07,13:20:44,1.162914424972974,1.2133576121263512,1.088882356708803,1.1962662400130508,100,0,1
2025.09.07,13:35:44,1.1485696618626406,1.159551876930692,1.0813718539465484,1.0987368812623566,100,0,1
2025.09.07,13:50:44,1.1404583496787368,1.1926007998496373,1.1025082060448552,1.1902468617895,100,0,1
2025.09.07,14:05:44,1.1465714908843736,1.2024636378598845,1.116905348826577,1.134905877411784,100,0,1
2025.09.07,14:20:44,1.2165901168553175,1.2575390589543218,1.177356351628865,1.2374912250192742,100,0,1
2025.09.07,14:35:44,1.2271066422508436,1.2938880051759818,1.165759100054048,1.2588701732413499,100,0,1
2025.09.07,14:50:44,1.263085991203247,1.3034892033763965,1.1974883777339902,1.2475957490166734,100,0,1
2025.09.07,15:05:44,1.330619435858392,1.3877024133130327,1.2978740109425797,1.2989667204989612,100,0,1
2025.09.07,15:20:44,1.3220672766673516,1.3976186497097387,1.2708774525510542,1.3442848186670007,100,0,1
2025.09.07,15:35:44,1.2090637820702443,1.2773706088449057,1.1593954111147204,1.2266360748775709,100,0,1
2025.09.07,15:50:44,1.3097475094140039,1.370732638514919,1.2491585375616587,1.3007126617772127,100,0,1
2025.09.07,16:05:44,1.2164185491684163,1.250591733859635,1.178564202445936,1.207330070501083,100,0,1
2025.09.07,16:20:44,1.249420266606566,1.2728562519893294,1.1910915656679253,1.1957919255718692,100,0,1
2025.09.07,16:35:44,1.2296873976449856,1.279570428653514,1.2168001078064585,1.2427844182945529,100,0,1
2025.09.07,16:50:44,1.2046214069188825,1.2355755737795604,1.1794434870095374,1.218847322441418,100,0,1
2025.09.07,17:05:44,1.2571471573225108,1.3003591681869116,1.2317339984909923,1.2641248450604365,100,0,1
2025.09.07,17:20:44,1.2428905206656033,1.3178201589250746,1.153259352854194,1.282744620852304,100,0,1
2025.09.07,17:35:44,1.2458885365676493,1.292443917728425,1.1917516153570962,1.2748684952213691,100,0,1
2025.09.07,17:50:44,1.2319109878156211,1.2763790903038847,1.16928766498993,1.2293693815031057,100,0,1
2025.09.07,18:05:44,1.116104868338658,1.1394727121480175,1.0462272935296992,1.074959145067104,100,0,1
2025.09.07,18:20:44,1.152344851525262,1.1635767125901668,1.061845741601155,1.1124128644420508,100,0,1
2025.09.07,18:35:44,1.1459163786351965,1.183518044024502,1.108521117347648,1.1386988407115015,100,0,1
2025.09.07,18:50:44,1.1524570214592589,1.1812247799619378,1.125549768833971,1.1284930518445624,100,0,1
2025.09.07,19:05:44,1.1416917209658446,1.215684848477532,1.0805244321858876,1.0825935438260945,100,0,1
2025.09.07,19:20:44,1.136809496705923,1.1734351855456806,1.0982908085879968,1.170216976161879,100,0,1
2025.09.07,19:35:44,1.083995274395063,1.1172441087762026,1.0254846909321387,1.1120132759275538,100,0,1
2025.09.07,19:50:44,1.1278564041202173,1.1866625466153096,1.0883119435353164,1.1466363988206223,100,0,1
2025.09.07,20:05:44,1.21682788830928,1.2184065594941456,1.2034101027523167,1.2076250943678286,100,0,1
2025.09.07,20:20:44,1.1124858133025721,1.183330405640461,1.1062641327368126,1.10828506031585,100,0,1
2025.09.07,20:35:44,1.1636991358782085,1.207561279193559,1.108547416781924,1.1860699564103503,100,0,1
2025.09.07,20:50:44,1.127835305611445,1.1598686196422003,1.127715462390293,1.1479909947090192,100,0,1
2025.09.07,21:05:44,1.1566281856434733,1.1777010980130331,1.1078106300267903,1.143813229312375,100,0,1
2025.09.07,21:20:44,1.21508115453618,1.2302614496650675,1.1949814403263117,1.2055396847478073,100,0,1
2025.09.07,21:35:44,1.1921156544769518,1.2343207812697374,1.163026603581703,1.1879515688954319,100,0,1
2025.09.07,21:50:44,1.1628807319619967,1.2162957794157825,1.1174388342452972,1.1303445382520778,100,0,1
2025.09.07,22:05:44,1.1964592589866179,1.2508855508336902,1.1267886105269804,1.247112718117994,100,0,1
2025.09.07,22:20:44,1.1850290869100015,1.2478945324996893,1.1268246446009371,1.2194747168827627,100,0,1
2025.09.07,22:35:44,1.132327005831938,1.1990508990082085,1.0773600296595074,1.1334710217228243,100,0,1
2025.09.07,22:50:44,1.2031116464609868,1.2596222926405718,1.1788273996331464,1.2495664730031044,100,0,1
2025.09.07,23:05:44,1.1816097362246525,1.2492341883017057,1.15381520963353,1.2334663168314453,100,0,1
2025.09.07,23:20:44,1.1947496966479394,1.243718249370919,1.1526234235960557,1.24250905814247,100,0,1
2025.09.07,23:35:44,1.1665893506841825,1.2143449923156013,1.0912694766430804,1.201115253430432,100,0,1
2025.09.07,23:50:44,1.193579649143894,1.2515151554177721,1.1356903617128953,1.2460396329302657,100,0,1
2025.09.08,00:05:44,1.2013190044284132,1.254278355304944,1.1352223759497828,1.219555614076645,100,0,1
2025.09.08,00:20:44,1.2052141009373527,1.2664427534785005,1.188168830005644,1.2194114854511569,100,0,1
2025.09.08,00:35:44,1.3168742206872528,1.3589320355597097,1.251833434625945,1.3574704759212288,100,0,1
2025.09.08,00:50:44,1.3215139917046173,1.3934770097643836,1.2351001141989324,1.345770529602426,100,0,1
2025.09.08,01:05:44,1.3201007151489614,1.3565182760848784,1.274600123465346,1.3314858291369545,100,0,1
2025.09.08,01:20:44,1.3210424930188234,1.3634262631914071,1.2463915404293513,1.3609929567601882,100,0,1
2025.09.08,01:35:44,1.3956223382417956,1.4379213443994203,1.3272934640726737,1.3928756462154237,100,0,1
2025.09.08,01:50:44,1.4338105819584153,1.4845085432116512,1.3865620714101081,1.4494566091299759,100,0,1
2025.09.08,02:05:44,1.431250204580351,1.4562883922665648,1.4267752662211874,1.4370456302997523,100,0,1
2025.09.08,02:20:44,1.399598773019083,1.461189391332857,1.3149988008300293,1.3799699633148557,100,0,1
2025.09.08,02:35:44,1.4139542523697017,1.4278535031892847,1.3448009319607204,1.4084612582356986,100,0,1
2025.09.08,02:50:44,1.4733130176447995,1.5460353230560686,1.4426049121569535,1.4726087293530417,100,0,1
2025.09.08,03:05:44,1.468372838807009,1.5090576242466986,1.4379443218822032,1.5023193281741343,100,0,1
2025.09.08,03:20:44,1.4358688721919441,1.5007344933556537,1.4044836822918074,1.45408432065382,100,0,1
2025.09.08,03:35:44,1.4693743807720205,1.5192689035241354,1.421751646501784,1.468878119260986,100,0,1
2025.09.08,03:50:44,1.4367243752667511,1.4916899249614064,1.402165793805525,1.4775150073342662,100,0,1
2025.09.08,04:05:44,1.3899273373127665,1.4336802673955626,1.348273583215193,1.415782905378196,100,0,1
2025.09.08,04:20:44,1.368371743322286,1.406627577427751,1.3021069213241914,1.3494048913052592,100,0,1
2025.09.08,04:35:44,1.3938401250507733,1.4611213673528654,1.345963013600064,1.431972766635016,100,0,1
2025.09.08,04:50:44,1.2157363970596882,1.2637344956599719,1.1794741645531233,1.2253922888935642,100,0,1
2025.09.08,05:05:44,1.1159745817072175,1.1342605439764115,1.0710587782672119,1.1232103199658248,100,0,1
2025.09.08,05:20:44,1.1226041912379299,1.1555970377139935,1.1082851861314096,1.1139640075178696,100,0,1
2025.09.08,05:35:44,1.1462186838675494,1.1987955306524902,1.0984608872557493,1.1215468836206044,100,0,1
2025.09.08,05:50:44,1.1235005130503504,1.1889058120399674,1.0681199392658063,1.1868949520555736,100,0,1
2025.09.08,06:05:44,1.1832118900783202,1.2382958041609533,1.12674389932,1.1287200832158528,100,0,1
2025.09.08,06:20:44,1.2154689276858328,1.2553677563018948,1.1973118911764749,1.2205601835102446,100,0,1
2025.09.08,06:35:44,1.3394441691675127,1.4101145576176162,1.2697720289355807,1.3287613822609508,100,0,1
2025.09.08,06:50:44,1.2460693038065929,1.288619261723149,1.1892836469865529,1.2714162700543827,100,0,1
2025.09.08,07:05:44,1.2058295975087465,1.2655085948356022,1.1513303671456814,1.241131958550886,100,0,1
2025.09.08,07:20:44,1.2656054726954964,1.3283247695098004,1.2173013054841844,1.2998133584423093,100,0,1
2025.09.08,07:35:44,1.2543937311377291,1.2970729077284153,1.240970626158103,1.2432601791693767,100,0,1
2025.09.08,07:50:44,1.204459803971834,1.2545588924820577,1.1350688010571597,1.2265977358560485,100,0,1
2025.09.08,08:05:44,1.2027917919224165,1.2329691122008632,1.1523497180569122,1.1538757300148133,100,0,1
2025.09.08,08:20:44,1.1931705123366572,1.2585815639577413,1.1375077385163195,1.175598478648047,100,0,1
2025.09.08,08:35:44,1.2003489155926992,1.2493598520484663,1.1794890970176306,1.2193902861824422,100,0,1
2025.09.08,08:50:44,1.3482098355376813,1.3990563974247279,1.2866396926915817,1.3467170580210244,100,0,1
2025.09.08,09:05:44,1.2315700636891953,1.3180918140578721,1.1813785090375684,1.197632530316725,100,0,1
2025.09.08,09:20:44,1.2860997363932791,1.3380122875888447,1.2102758473451605,1.3212603707777792,100,0,1
2025.09.08,09:35:44,1.3350045491415778,1.3649763904435726,1.2554547795556006,1.3076067883482243,100,0,1
2025.09.08,09:50:44,1.3082242589736526,1.377921839451909,1.257739251753877,1.2976688265963119,100,0,1
2025.09.08,10:05:44,1.3266355592015904,1.3775204237309338,1.2938749753394543,1.350515090057725,100,0,1
2025.09.08,10:20:44,1.4027210654754463,1.4165234367605095,1.3739886967366706,1.4132374191924606,100,0,1
2025.09.08,10:35:44,1.3279224342065519,1.360879323093724,1.2821709363148701,1.2969949967154781,100,0,1
2025.09.08,10:50:44,1.3445863835682699,1.4175042102917697,1.314137631969286,1.3542709094199676,100,0,1
2025.09.08,11:05:44,1.330122264955249,1.3572422797337018,1.2709673133001391,1.3496653163734642,100,0,1
2025.09.08,11:20:44,1.3131170589584065,1.3430141487039784,1.2634379183098159,1.2899304673786072,100,0,1
2025.09.08,11:35:44,1.285655434731089,1.3524193472413284,1.2380300748080506,1.350303409066125,100,0,1
2025.09.08,11:50:44,1.3227569503173224,1.364562756352182,1.2462630573220332,1.3112584077359357,100,0,1
2025.09.08,12:05:44,1.3796171110737472,1.4084419827223709,1.3047970213746685,1.3861606897521137,100,0,1
2025.09.08,12:20:44,1.4147517467580253,1.4933913732009838,1.340137841504996,1.3523155680801464,100,0,1
2025.09.08,12:35:44,1.406298304549584,1.4333710711431422,1.3537007594012758,1.4211576030651094,100,0,1
2025.09.08,12:50:44,1.371310617407854,1.4177491663589363,1.340194279860551,1.385112734409669,100,0,1
2025.09.08,13:05:44,1.3993516942111621,1.4807482449357205,1.3465352544540243,1.3593270741712962,100,0,1
2025.09.08,13:20:44,1.417372670605463,1.4400202624717786,1.4000672896361914,1.40189825557163,100,0,1
2025.09.08,13:35:44,1.3584340036044618,1.4142047585055213,1.3277371460838052,1.3492100741087039,100,0,1
2025.09.08,13:50:44,1.2623683632901395,1.2861051762694486,1.2181155063071771,1.2428089122467145,100,0,1
2025.09.08,14:05:44,1.3177461930204575,1.3569208203425216,1.2640570345243525,1.2686141212325766,100,0,1
2025.09.08,14:20:44,1.3194400438876095,1.3746547800192037,1.2860579094339257,1.3199484527734322,100,0,1
2025.09.08,14:35:44,1.296856864994452,1.3423422450846714,1.2465759529512748,1.272413951242842,100,0,1
2025.09.08,14:50:44,1.3828683560190695,1.4322240743385635,1.3085588561547645,1.322761457475828,100,0,1
2025.09.08,15:05:44,1.3848698979132008,1.4425923598162773,1.3280667192780558,1.3825527111036262,100,0,1
2025.09.08,15:20:44,1.3999072289589178,1.4138864586537738,1.3670083598595286,1.4113217888246847,100,0,1
2025.09.08,15:35:44,1.3486518685482032,1.4012101572205653,1.294260550970131,1.3105667846054139,100,0,1
2025.09.08,15:50:44,1.3795749503543813,1.4466005742352233,1.325373431641437,1.3721248182708463,100,0,1
2025.09.08,16:05:44,1.456439984157387,1.503763572825121,1.4116322777727506,1.4959031613706066,100,0,1
2025.09.08,16:20:44,1.4180902665782642,1.4856441867539567,1.3844771694313018,1.4521633997962329,100,0,1
2025.09.08,16:35:44,1.4626772067392202,1.5373532560170915,1.4232590136791972,1.4290773442778197,100,0,1
2025.09.08,16:50:44,1.5067221199239496,1.5629580029808703,1.4419044130467313,1.4764235243309747,100,0,1
2025.09.08,17:05:44,1.5129507107489293,1.5502887280622746,1.4761298427080662,1.5146805084268764,100,0,1
2025.09.08,17:20:44,1.5363342503054391,1.594448556753536,1.4942904682793727,1.5238603622612392,100,0,1
2025.09.08,17:35:44,1.6267567895493928,1.675075504013163,1.5951391580453573,1.610607723402983,100,0,1
2025.09.08,17:50:44,1.6075604398408119,1.630705702377791,1.5745268232750176,1.5853136092158615,100,0,1
2025.09.08,18:05:44,1.5627845761617636,1.633074535677767,1.503085263761566,1.6148976654530542,100,0,1
2025.09.08,18:20:44,1.4982816772191287,1.5257877798263428,1.458672592043776,1.5195147630287764,100,0,1
2025.09.08,18:35:44,1.4380276014373414,1.4683364178434088,1.4135671713781441,1.432335295616523,100,0,1
2025.09.08,18:50:44,1.3795954455597388,1.4423635814806084,1.3489017836055686,1.4102483481918748,100,0,1
2025.09.08,19:05:44,1.44813569130349,1.4740121206784556,1.375679377169643,1.4368839055849532,100,0,1
2025.09.08,19:20:44,1.485226767435508,1.5485100758969057,1.4473862073037396,1.541095885909744,100,0,1
2025.09.08,19:35:44,1.435612898932254,1.488879541903425,1.3963901072226494,1.4148395456876974,100,0,1
2025.09.08,19:50:44,1.4419377739007315,1.4460400268656817,1.3824254232450752,1.44231585354255,100,0,1
2025.09.08,20:05:44,1.418994899018703,1.457119719128245,1.386316447033706,1.450001930678253,100,0,1
2025.09.08,20:20:44,1.5227770462854153,1.5724344251585012,1.4701410654994702,1.502832461853589,100,0,1
2025.09.08,20:35:44,1.4682226866043964,1.5134894400503907,1.42960426875968,1.4844180965932756,100,0,1
2025.09.08,20:50:44,1.4573885306558152,1.4990564259122037,1.4202203730720664,1.4242896505919527,100,0,1
2025.09.08,21:05:44,1.5197294516786584,1.5649144941738564,1.4830640816111769,1.513782187583801,100,0,1
2025.09.08,21:20:44,1.500380609024366,1.551736240622389,1.4922481214490082,1.5295457357259457,100,0,1
2025.09.08,21:35:44,1.4668869838303595,1.5465661290198218,1.4599294356247117,1.4716809311941361,100,0,1
2025.09.08,21:50:44,1.5067608992091999,1.5667260543289558,1.478843683752995,1.5416189266100493,100,0,1
2025.09.08,22:05:44,1.5061312047147535,1.5590436719166159,1.4515131647884305,1.5076073200175826,100,0,1
2025.09.08,22:20:44,1.5380709040227494,1.6329422057405512,1.4826689019520587,1.513924160649044,100,0,1
2025.09.08,22:35:44,1.6403009065241405,1.672572484103606,1.6026139891459632,1.6385718330475838,100,0,1
2025.09.08,22:50:44,1.5671075305146385,1.6129135192864703,1.5368773098547608,1.5913375467095303,100,0,1
2025.09.08,23:05:44,1.617150575488292,1.6963759625054653,1.5682029517893763,1.600442281010022,100,0,1
2025.09.08,23:20:44,1.5055619018532227,1.5362278474524267,1.458756244095956,1.5074070832496855,100,0,1
2025.09.08,23:35:44,1.5046261986296003,1.5843463368964976,1.421375102608315,1.5085098636201546,100,0,1
2025.09.08,23:50:44,1.5314657515753003,1.5670500485691001,1.4635900748997313,1.5236834531140881,100,0,1
2025.09.09,00:05:44,1.4600185793447,1.5104917816431311,1.409869063404975,1.4872517857467011,100,0,1
2025.09.09,00:20:44,1.4256974566824432,1.4860545341315852,1.3904949987247126,1.4011965456767204,100,0,1
2025.09.09,00:35:44,1.4043809236910765,1.437517952890669,1.3538527544175172,1.3649117716390833,100,0,1
2025.09.09,00:50:44,1.4319506455959865,1.4797053175317996,1.3785422770710525,1.3946669933095837,100,0,1
2025.09.09,01:05:44,1.3263722228544583,1.377884360020635,1.2544031666392927,1.3005907853589311,100,0,1
2025.09.09,01:20:44,1.3369986827512692,1.3547135618770403,1.2670851423955856,1.3323768074230455,100,0,1
2025.09.09,01:35:44,1.3452997706820211,1.418623082720486,1.2965227687040728,1.359965195514527,100,0,1
2025.09.09,01:50:44,1.3163708393593132,1.3747217019275408,1.266637528504669,1.329862874242836,100,0,1
2025.09.09,02:05:44,1.2782197582813357,1.3180732105055786,1.2322920975460878,1.2841535725857878,100,0,1
2025.09.09,02:20:44,1.2146213456099333,1.2491859697579186,1.1327511582669698,1.2466928079407404,100,0,1
2025.09.09,02:35:44,1.2010772737626965,1.2804469111878316,1.148105341102822,1.1878587208205373,100,0,1
2025.09.09,02:50:44,1.151404803840657,1.2350381370246823,1.0950341249333495,1.1331242614835166,100,0,1
2025.09.09,03:05:44,1.0918767607824786,1.1325071985140094,1.0492891498023618,1.095268875916055,100,0,1
2025.09.09,03:20:44,1.1289531322706006,1.1621601931445615,1.110518730518909,1.120993054899248,100,0,1
2025.09.09,03:35:44,1.095939601271224,1.1822091213028514,1.0199404658091027,1.0397237040906289,100,0,1
2025.09.09,03:50:44,1.1070412787849393,1.16576743402561,1.0354621884373776,1.1274902220502028,100,0,1
2025.09.09,04:05:44,1.0882817468486645,1.1313140540741409,1.0359957438383267,1.1046779472677415,100,0,1
2025.09.09,04:20:44,1.1500809265953307,1.2315909363554218,1.118291910156971,1.1266065838554515,100,0,1
2025.09.09,04:35:44,1.1467728999890843,1.2259194389726995,1.0765142088589412,1.2174425512301013,100,0,1
2025.09.09,04:50:44,1.0578679550692323,1.0866316235213054,1.0158591720499004,1.0458620622717834,100,0,1
2025.09.09,05:05:44,1.036031791957894,1.0938906648246705,0.982808926941591,1.0186972569847974,100,0,1
2025.09.09,05:20:44,0.965525125560244,1.015481538892652,0.8924023869869355,0.9406044324802546,100,0,1
2025.09.09,05:35:44,0.9672490967265128,1.0206462062852755,0.8779341446742428,0.9326211378365307,100,0,1
2025.09.09,05:50:44,0.9778778507848067,1.0107983811201493,0.9408430798304369,0.9788741382354277,100,0,1
2025.09.09,06:05:44,0.9404999890038235,0.9802036944690944,0.8846507323066666,0.971592398929603,100,0,1
2025.09.09,06:20:44,0.9449457239474565,0.9787309779876241,0.9016955754404521,0.9172136544574936,100,0,1
2025.09.09,06:35:44,1.0004031987649054,1.061545617751498,0.9767013430787943,1.0044399619199937,100,0,1
2025.09.09,06:50:44,1.0176344343953119,1.0538277931964517,1.0084784755693788,1.0306064743909402,100,0,1
2025.09.09,07:05:44,1.0420383384014629,1.076569745153641,0.9696022215515072,1.0230948937138982,100,0,1
2025.09.09,07:20:44,1.0271096841008247,1.1000217109189592,0.9486425102917222,0.9705799204531833,100,0,1
2025.09.09,07:35:44,1.0418695781165954,1.118819176104965,0.9922769947256391,1.016361902722748,100,0,1
2025.09.09,07:50:44,1.039525161110921,1.071561111390417,0.9884524015914443,1.0512780571721736,100,0,1
2025.09.09,08:05:44,0.9692205163989711,1.0085228833056021,0.9296406015357253,0.9441223223013179,100,0,1
2025.09.09,08:20:44,1.011562195054744,1.0517988343025932,0.9360120926510942,0.9939877720814023,100,0,1
2025.09.09,08:35:44,1.0391250385206912,1.0804514928933013,0.9874789294587996,1.0171494703805446,100,0,1
2025.09.09,08:50:44,1.0033909474650224,1.0480414055575575,0.9452057122774246,0.9804335587641575,100,0,1
2025.09.09,09:05:44,1.046597489083146,1.1033401114999009,1.0137954680455263,1.0990917823619408,100,0,1
2025.09.09,09:20:44,1.092704690874959,1.1287224031435845,1.0229151462518327,1.0840097080192665,100,0,1
2025.09.09,09:35:44,1.0640487945311334,1.117213446814242,1.0231546623272583,1.1106581784820349,100,0,1
2025.09.09,09:50:44,1.0845305980188593,1.147357199493343,1.0319974340454052,1.104460728779738,100,0,1
2025.09.09,10:05:44,1.0973355087204615,1.1828171898390794,1.0431049096604057,1.1107457665066007,100,0,1
2025.09.09,10:20:44,1.0827740081843502,1.1015130599121927,1.0102822880295768,1.0842323990840164,100,0,1
2025.09.09,10:35:44,1.0963884311036345,1.1467552805019148,1.0545399143551268,1.1312210883917038,100,0,1
2025.09.09,10:50:44,1.0856376261392593,1.1557663425773574,1.0258418292796352,1.033871691941222,100,0,1
2025.09.09,11:05:44,1.0402965611976676,1.07985205258758,1.013586414534534,1.0141784071379862,100,0,1
2025.09.09,11:20:44,1.0279159890997154,1.053401066574319,0.9610433465935913,0.9917762365623685,100,0,1
2025.09.09,11:35:44,1.0112240787031583,1.0605106490371468,0.9880737523656078,0.9949246147158117,100,0,1
2025.09.09,11:50:44,0.9904597762160032,1.0252996890624944,0.9493906330658554,0.9824648976207708,100,0,1
2025.09.09,12:05:44,0.9328733696863971,0.9935790278063708,0.9026258476068889,0.9674041847593795,100,0,1
2025.09.09,12:20:44,0.9268726519491403,0.9665651536349632,0.8919082969090358,0.9095206064287141,100,0,1
2025.09.09,12:35:44,0.8840814063284137,0.9507197060352787,0.8342401850518757,0.9205101633405579,100,0,1
2025.09.09,12:50:44,0.8533888203772508,0.8879075313027122,0.8273470529307517,0.8458864934552489,100,0,1
2025.09.09,13:05:44,0.9348545145865752,0.9891327794983599,0.8499282003096507,0.9517740915695705,100,0,1
2025.09.09,13:20:44,0.9203396804968624,1.014271072808757,0.8635967421477199,0.8789231323691264,100,0,1
2025.09.09,13:35:44,0.9253842780419965,0.9728683755741404,0.8698520698651703,0.904811150917273,100,0,1
2025.09.09,13:50:44,0.9479189192679681,0.9731833361817546,0.896325702106275,0.9468021785045981,100,0,1
2025.09.09,14:05:44,0.9117422106245173,0.9733621704882466,0.8971169483031735,0.9024651840425348,100,0,1
2025.09.09,14:20:44,0.9946387988805767,1.0441189690014927,0.938151739379289,1.0060425357737932,100,0,1
2025.09.09,14:35:44,1.040073480272617,1.1090578537072497,1.0027170342017375,1.0468093502617593,100,0,1
2025.09.09,14:50:44,1.0936659834724536,1.1366032878476993,1.02275668990272,1.0863355623181508,100,0,1
2025.09.09,15:05:44,1.1393001365887714,1.226054734957025,1.0974892622739496,1.1847038035384911,100,0,1
2025.09.09,15:20:44,1.1765364787763928,1.216380287053554,1.122966808881468,1.1465035310745455,100,0,1
2025.09.09,15:35:44,1.1928547016858608,1.216172247180544,1.1308610282814888,1.1731304957365594,100,0,1
2025.09.09,15:50:44,1.199241179666776,1.2226262905569656,1.1651793148045562,1.2167755354409167,100,0,1
2025.09.09,16:05:44,1.2747019269132998,1.3214711369380323,1.2311821158126477,1.2486711639753887,100,0,1
2025.09.09,16:20:44,1.295342745072749,1.3283198318704286,1.2514423990592656,1.3098543685258017,100,0,1
2025.09.09,16:35:44,1.3160987921454934,1.3774093668409235,1.2874085356850158,1.3451129377464803,100,0,1
2025.09.09,16:50:44,1.3250828978700675,1.405340078097822,1.2577583174851668,1.3354403054838315,100,0,1
2025.09.09,17:05:44,1.2239787520444254,1.281779274861736,1.1900933154748425,1.246512468423042,100,0,1
2025.09.09,17:20:44,1.2202956424331062,1.2451550492306886,1.1599572544625114,1.1823804564448657,100,0,1
2025.09.09,17:35:44,1.1978225341360227,1.2563630421767533,1.1239954823211056,1.1736937338163689,100,0,1
2025.09.09,17:50:44,1.3028776278899517,1.3558155300792496,1.2538095578965527,1.3342210372182732,100,0,1
2025.09.09,18:05:44,1.2203528696998354,1.293839224396475,1.1816674164329306,1.2146533326539029,100,0,1
2025.09.09,18:20:44,1.269041386329153,1.3092659741543302,1.223158213841729,1.3065272015292544,100,0,1
2025.09.09,18:35:44,1.3267286303392374,1.3644151949704886,1.2398519920906075,1.2775676988723608,100,0,1
2025.09.09,18:50:44,1.3157839733207388,1.368664028792512,1.2941601861414893,1.3379644389973562,100,0,1
2025.09.09,19:05:44,1.4020466940093617,1.470918036468463,1.373073763736734,1.4638550234271823,100,0,1
2025.09.09,19:20:44,1.4542918897233883,1.5070426451445982,1.428269041461505,1.4951261714972006,100,0,1
2025.09.09,19:35:44,1.524816881049121,1.5861036843725596,1.5010277351985164,1.5564653974540865,100,0,1
2025.09.09,19:50:44,1.4978633501385181,1.6064165836799935,1.442855339035879,1.4528829355110227,100,0,1
2025.09.09,20:05:44,1.3861357268985552,1.4454494993484348,1.3147316369287516,1.3975901959463801,100,0,1
2025.09.09,20:20:44,1.420121099218195,1.454925005071322,1.3771647103039002,1.3801043269781832,100,0,1
2025.09.09,20:35:44,1.464146823155957,1.494186301109624,1.4155389922014803,1.4614425044958768,100,0,1
2025.09.09,20:50:44,1.4535271629861546,1.5115260379883286,1.365892032630701,1.4955234166513611,100,0,1
2025.09.09,21:05:44,1.5138717317716623,1.5452658930218386,1.4806284354224248,1.533743122573575,100,0,1
2025.09.09,21:20:44,1.4198850029506995,1.4781705076397507,1.3721156129838419,1.442359372000821,100,0,1
2025.09.09,21:35:44,1.3640510889015331,1.4162203636838095,1.34611855909273,1.3605576664337131,100,0,1
2025.09.09,21:50:44,1.4084490851587437,1.4526075613595302,1.334883924066874,1.3901946348463214,100,0,1
2025.09.09,22:05:44,1.4263277596907415,1.472634619580086,1.3606538175809848,1.4326912255806945,100,0,1
2025.09.09,22:20:44,1.4947455775067482,1.5325220775741328,1.4532560872113738,1.455139817507513,100,0,1
2025.09.09,22:35:44,1.4655154763956166,1.5219584823756578,1.4338993772573585,1.4788885576247481,100,0,1
2025.09.09,22:50:44,1.475635523089974,1.5419711602161998,1.4150679224863392,1.4518840500544765,100,0,1
2025.09.09,23:05:44,1.5233984061359311,1.5367330495567062,1.4524433778824222,1.5040306971798452,100,0,1
2025.09.09,23:20:44,1.5241430759947567,1.6112510477716064,1.4354130866616315,1.5370217367425114,100,0,1
2025.09.09,23:35:44,1.418122687718008,1.4812676674565357,1.3712907621078196,1.4801530167283194,100,0,1
2025.09.09,23:50:44,1.4351794162197307,1.5010414683950608,1.3675020336248516,1.4322160115052789,100,0,1
2025.09.10,00:05:44,1.3689434687702418,1.4192298957420042,1.3145761474658562,1.3767357439492118,100,0,1
2025.09.10,00:20:44,1.3659343900406904,1.4122669777255927,1.2761643916861254,1.3071730443882577,100,0,1
2025.09.10,00:35:44,1.3859453704599196,1.421065321809294,1.3237988189308163,1.4035244223119143,100,0,1
2025.09.10,00:50:44,1.3396730835275996,1.4009641362886889,1.270724322457822,1.2767791894044886,100,0,1
2025.09.10,01:05:44,1.368693819146921,1.4163529917749702,1.31413456561901,1.3314506029315374,100,0,1
2025.09.10,01:20:44,1.4161737185763188,1.4575951003911527,1.3840394375352019,1.4478983186097745,100,0,1
2025.09.10,01:35:44,1.4416722789144036,1.5070251574622848,1.4005268786493517,1.467259587891487,100,0,1
2025.09.10,01:50:44,1.488182195058644,1.5356560367283871,1.4333872764988613,1.5066779418170737,100,0,1
2025.09.10,02:05:44,1.5562871918286258,1.6048598721013743,1.5096629182876715,1.5582883315471252,100,0,1
2025.09.10,02:20:44,1.5329351809430847,1.609631165157075,1.464324077305939,1.5115975402237825,100,0,1
2025.09.10,02:35:44,1.5338413609642643,1.6168887608429698,1.4869302431453333,1.502530053775653,100,0,1
2025.09.10,02:50:44,1.509101477060916,1.5379499324133294,1.4599842087771733,1.5196350825018436,100,0,1
2025.09.10,03:05:44,1.5526408733086408,1.6023465014138856,1.5180288824180015,1.5206203046356654,100,0,1
2025.09.10,03:20:44,1.6160454543744172,1.703778833864704,1.5776748043386115,1.6427494768798432,100,0,1
2025.09.10,03:35:44,1.6233390171326605,1.6483339531851045,1.5833817599395077,1.584798323259268,100,0,1
2025.09.10,03:50:44,1.72838670004727,1.7429856335267755,1.716542058323177,1.7177592065761615,100,0,1
2025.09.10,04:05:44,1.6800208532582928,1.7153704326953374,1.6340919059427252,1.6740948252884502,100,0,1
2025.09.10,04:20:44,1.612551305450107,1.6434302610701308,1.5669591823433848,1.6101752560875664,100,0,1
2025.09.10,04:35:44,1.6539398130985876,1.7230385475516383,1.5762381174255928,1.625850081449353,100,0,1
2025.09.10,04:50:44,1.5826602545076098,1.6368300924129722,1.5308908015196347,1.5393891647137556,100,0,1
2025.09.10,05:05:44,1.5967317572357669,1.6079697223146887,1.524581145033257,1.602462544278792,100,0,1
2025.09.10,05:20:44,1.609641679977007,1.6626162634949042,1.5490619019870722,1.6063381522996136,100,0,1
2025.09.10,05:35:44,1.602906458521497,1.642996081951282,1.5585027865623564,1.6261328845295873,100,0,1
2025.09.10,05:50:44,1.5490970848680454,1.61367773208662,1.4697282552651902,1.5940448687760904,100,0,1
2025.09.10,06:05:44,1.5561812764201812,1.6052603291810597,1.5065294233664799,1.5661697258893215,100,0,1
2025.09.10,06:20:44,1.5470943623718516,1.5975838625609786,1.4729319402273584,1.49847397923656,100,0,1
2025.09.10,06:35:44,1.5997409374538014,1.6428249707263232,1.5620690871761589,1.6265239679957173,100,0,1
2025.09.10,06:50:44,1.5126587789172803,1.5665669754698788,1.466043546484959,1.5662424006859923,100,0,1
2025.09.10,07:05:44,1.522480488286407,1.592359677723431,1.4916575973085173,1.541319047817735,100,0,1
2025.09.10,07:20:44,1.4903908367211611,1.5358161111868882,1.4547000692964769,1.5005035775113247,100,0,1
2025.09.10,07:35:44,1.5084699761815747,1.5567749745601442,1.4512710649366325,1.5307076624969318,100,0,1
2025.09.10,07:50:44,1.5622505408280571,1.6341017194692955,1.5208099789179716,1.5403170879012544,100,0,1
2025.09.10,08:05:44,1.590707928639651,1.6346858738447572,1.5713789288058506,1.5964589693507587,100,0,1
2025.09.10,08:20:44,1.5514987215533336,1.6080798277033481,1.5078913369706746,1.52135993382627,100,0,1
2025.09.10,08:35:44,1.5516319661115436,1.608140596502109,1.4946410430722732,1.5876176358230436,100,0,1
2025.09.10,08:50:44,1.5554861872729622,1.5741357877666193,1.5237224539274397,1.5521494897817874,100,0,1
2025.09.10,09:05:44,1.4962610065976139,1.557106441355065,1.4847922397908575,1.51338203703605,100,0,1
2025.09.10,09:20:44,1.4724525994110187,1.5080615973836478,1.3647403680896608,1.3800119378664957,100,0,1
2025.09.10,09:35:44,1.4596229531420728,1.5407045931088454,1.4442043660056294,1.535686599705074,100,0,1
2025.09.10,09:50:44,1.4518435427523162,1.456050542505943,1.4036166836776784,1.4285939329092205,100,0,1
2025.09.10,10:05:44,1.4174868975832717,1.4464509166132251,1.3675514485764066,1.4048305973466262,100,0,1
2025.09.10,10:20:44,1.355166650530423,1.3631135337283924,1.290826101814297,1.305378989200315,100,0,1
2025.09.10,10:35:44,1.3151719875460068,1.3820148615152579,1.2553154774222524,1.2981793011275977,100,0,1
2025.09.10,10:50:44,1.257240776925164,1.2874176589392352,1.2258700480881224,1.261407718755928,100,0,1
2025.09.10,11:05:44,1.1997299498926413,1.2672206404135409,1.14837770767314,1.2135388829214269,100,0,1
2025.09.10,11:20:44,1.173665731722087,1.2027764526828548,1.15790847489744,1.177209774432827,100,0,1
2025.09.10,11:35:44,1.1298000312442436,1.1578801604631979,1.0578226027149258,1.1130151203362,100,0,1
2025.09.10,11:50:44,1.0326364311666456,1.0702034803928906,0.9690362734379989,0.9985821890843539,100,0,1
2025.09.10,12:05:44,1.0361051832489008,1.0938065224599973,0.9701767927935272,1.0200566577840413,100,0,1
2025.09.10,12:20:44,1.0360461342861018,1.0844141060393933,1.028582866361702,1.042932928496045,100,0,1
2025.09.10,12:35:44,0.9924836422050319,1.081841185747894,0.9716971752129634,1.0788069558900462,100,0,1
2025.09.10,12:50:44,0.9757357664565333,1.0000689885547018,0.9445729082643447,0.984106967809783,100,0,1
2025.09.10,13:05:44,0.967064160941618,1.013445264603835,0.9216740067902476,0.9746136414674348,100,0,1
2025.09.10,13:20:44,0.9841164513064158,1.039279584076636,0.9501651726886996,1.0007677463438887,100,0,1
2025.09.10,13:35:44,1.0004593468569254,1.0470385380787917,0.9780110626256759,0.9898686720276152,100,0,1
2025.09.10,13:50:44,0.9480894388472292,1.0200508656351008,0.9182678642283865,0.9977306622373701,100,0,1
2025.09.10,14:05:44,1.0224019025259519,1.0836562167967652,0.9801671958090422,1.0832601443506953,100,0,1
2025.09.10,14:20:44,1.1145348535329551,1.2146152031648807,1.0753557718547315,1.1191124573134892,100,0,1
2025.09.10,14:35:44,1.1758391531450472,1.2546622624651411,1.1315340868247978,1.1880815387847365,100,0,1
2025.09.10,14:50:44,1.2594977511042074,1.311298719099619,1.2075074137106916,1.29222907594323,100,0,1
2025.09.10,15:05:44,1.138129826236612,1.1789262759851111,1.0543931545547585,1.0668494338215302,100,0,1
2025.09.10,15:20:44,1.110988581834796,1.136925934512483,1.0459597972520929,1.06049700330583,100,0,1
2025.09.10,15:35:44,1.1203345635385382,1.177853731023813,1.0517717865244276,1.136934867742007,100,0,1
2025.09.10,15:50:44,1.060053650279949,1.1379702392429336,1.0356739709341987,1.0694895056670426,100,0,1
2025.09.10,16:05:44,1.118296922414562,1.1364724712436711,1.0455710538347607,1.090562943645925,100,0,1
2025.09.10,16:20:44,1.0900436226219492,1.097561182407842,1.0640977780436316,1.0758648575595164,100,0,1
2025.09.10,16:35:44,1.0826969799639474,1.132943981609156,1.043578880232806,1.113185763604989,100,0,1
2025.09.10,16:50:44,1.082355184089996,1.1353597273758775,1.0121604193829605,1.03791357305728,100,0,1
2025.09.10,17:05:44,1.1497245462931234,1.2461547295572941,1.0995652155269977,1.1044862643292603,100,0,1
2025.09.10,17:20:44,1.1233049563628497,1.1554043979344364,1.0429899312076572,1.154019592601995,100,0,1
2025.09.10,17:35:44,1.1373925036070271,1.180594132927605,1.102467110813485,1.1568390411497074,100,0,1
2025.09.10,17:50:44,1.191893583631797,1.2703406135655593,1.142890766403141,1.227037389474724,100,0,1
2025.09.10,18:05:44,1.232183817930885,1.265575568455374,1.2199330093921146,1.2622551131325899,100,0,1
2025.09.10,18:20:44,1.1782267836355844,1.2325688772999954,1.1249193264486004,1.2304472833983495,100,0,1
2025.09.10,18:35:44,1.1127756295877544,1.1470529727281051,1.0538965760609547,1.119762831655912,100,0,1
2025.09.10,18:50:44,1.1427880813928968,1.2023974684557392,1.0947237833121113,1.1584225577620377,100,0,1
2025.09.10,19:05:44,1.1604401797163093,1.228867259651088,1.11038798824579,1.1618783953464744,100,0,1
2025.09.10,19:20:44,1.1340672429234335,1.169379212202159,1.1190122881196332,1.1500158145968056,100,0,1
2025.09.10,19:35:44,1.1160589933360274,1.1627847213125486,1.0969038262034887,1.106159851197988,100,0,1
2025.09.10,19:50:44,1.0831225173253984,1.1167553005598043,1.040462895633443,1.0976767781526189,100,0,1
2025.09.10,20:05:44,1.024815093720706,1.0566199731413206,0.9755108271973632,1.0022257722211785,100,0,1
2025.09.10,20:20:44,0.9767071597406716,1.0066302760828045,0.9258770206734822,0.9325366962961285,100,0,1
2025.09.10,20:35:44,0.9560724948533689,1.0164518341652118,0.8645296693247813,0.9755465489729743,100,0,1
2025.09.10,20:50:44,0.9312264369823797,0.9719383956337672,0.9216931550346461,0.9345426048544248,100,0,1
2025.09.10,21:05:44,0.966174606387042,0.9907370868503259,0.9193191990939836,0.9390952182663648,100,0,1
2025.09.10,21:20:44,0.9084405621347472,0.9778373056329157,0.8874387980350017,0.8901236126792906,100,0,1
2025.09.10,21:35:44,0.8202551938314497,0.86584432865781,0.7749739459722557,0.7813672414737031,100,0,1
2025.09.10,21:50:44,0.8735645806085667,0.9107350216749199,0.8083426336620549,0.9047488768172272,100,0,1
2025.09.10,22:05:44,0.9108893796263945,0.9425420137479757,0.8854605363674347,0.9425358964110195,100,0,1
2025.09.10,22:20:44,0.881458403863134,0.9104727393828482,0.872815622171007,0.8976175027609599,100,0,1
2025.09.10,22:35:44,0.8680500154106515,0.9275298164752117,0.8012163483220287,0.8936342374840631,100,0,1
2025.09.10,22:50:44,0.9234489969022001,0.9557564226302351,0.8542310257757975,0.8706753193557499,100,0,1
2025.09.10,23:05:44,0.8631103062024531,0.90029421315718,0.8317670522353644,0.8388609390133284,100,0,1
2025.09.10,23:20:44,0.9393072295701155,0.9571729530733415,0.9023954752499957,0.9458947871359137,100,0,1
2025.09.10,23:35:44,0.9083122547493891,0.9354738805055351,0.8419184459101945,0.9237024803663083,100,0,1
2025.09.10,23:50:44,0.9575637430404574,1.0180788509468373,0.9127341740226006,0.9990944684886809,100,0,1
2025.09.11,00:05:44,1.011455607686382,1.0516569104646603,0.9658698753819228,0.9845812894492894,100,0,1
2025.09.11,00:20:44,0.9857272760132809,1.029083526740007,0.9413229785661844,1.0097346898745552,100,0,1
2025.09.11,00:35:44,1.0126729659425324,1.0691624584871422,0.9636230860195857,1.014205606261616,100,0,1
2025.09.11,00:50:44,0.9476902355883752,1.0082464204939392,0.8744485756354081,0.9142169577029249,100,0,1
2025.09.11,01:05:44,0.9001001333159183,0.9368120524330665,0.8767348781070998,0.8827604313892629,100,0,1
2025.09.11,01:20:44,0.8255736116152763,0.8677245322536951,0.7868243688365912,0.804617424231463,100,0,1
2025.09.11,01:35:44,0.8159587477989142,0.8669791611507351,0.7658560561415879,0.8226859666028302,100,0,1
2025.09.11,01:50:44,0.8180007763974021,0.8516432494674284,0.7786999323713957,0.8120660378446938,100,0,1
2025.09.11,02:05:44,0.8986264364047526,0.9693723003734002,0.8887951968246757,0.9495912163247175,100,0,1
2025.09.11,02:20:44,0.9420482139836025,0.955128096771047,0.8683532708970887,0.8946659049780233,100,0,1
2025.09.11,02:35:44,0.9484663241884032,0.9871812243054857,0.8857790984026271,0.902769790597414,100,0,1
2025.09.11,02:50:44,1.032244055462958,1.0626395226523642,0.9474569325955585,1.0197062311295226,100,0,1
2025.09.11,03:05:44,1.0803953881171728,1.1270405412590156,1.0104043513161152,1.0581930475374375,100,0,1
2025.09.11,03:20:44,1.1401302448461665,1.1687361892959682,1.0968045819421768,1.0972625390267472,100,0,1
2025.09.11,03:35:44,1.1150058484468406,1.1707584069296733,1.0620740950718495,1.0813463898805955,100,0,1
2025.09.11,03:50:44,1.1588438122681886,1.219623536591933,1.094101849319975,1.2093346571119648,100,0,1
2025.09.11,04:05:44,1.2020842058280734,1.2466173240371186,1.1433150811854744,1.195329970811673,100,0,1
2025.09.11,04:20:44,1.3048271902274744,1.3346902690241726,1.275648181135228,1.3312227455279226,100,0,1
2025.09.11,04:35:44,1.2971705393730453,1.3569880419718041,1.2502265320918644,1.2971452178143699,100,0,1
2025.09.11,04:50:44,1.2982666159006298,1.3438136575787323,1.2189241069165855,1.3332744644888541,100,0,1
2025.09.11,05:05:44,1.2920710328371698,1.3287645185772996,1.2448681692617092,1.3025560951203163,100,0,1
2025.09.11,05:20:44,1.3496187256657466,1.413871178558716,1.2938136108664888,1.3431044455665544,100,0,1
2025.09.11,05:35:44,1.3646128753152698,1.402119209611153,1.3259331420436666,1.365086758999074,100,0,1
2025.09.11,05:50:44,1.2816069485367783,1.302720031953434,1.2289179481016843,1.2502389326003147,100,0,1
2025.09.11,06:05:44,1.2683199504718095,1.316431452601279,1.1803513220630633,1.2450908158108112,100,0,1
2025.09.11,06:20:44,1.2407451616002196,1.254102471444216,1.1780662744943673,1.195174762840349,100,0,1
2025.09.11,06:35:44,1.1195271868821257,1.1390861667042105,1.0574117820465483,1.067903872815204,100,0,1
2025.09.11,06:50:44,1.1189209284851716,1.1587884272726563,1.0680447193449305,1.097766576828795,100,0,1
2025.09.11,07:05:44,1.0946566143794674,1.1245536742337359,1.0745781359995832,1.1085122338263118,100,0,1
2025.09.11,07:20:44,1.148316445949035,1.223189404121245,1.110012561386186,1.1878933633081252,100,0,1
2025.09.11,07:35:44,1.282243006173835,1.3673855583513572,1.2504668623845472,1.3287249359281221,100,0,1
2025.09.11,07:50:44,1.320655327022324,1.3516929094513068,1.2613657680847525,1.3302185720177626,100,0,1
2025.09.11,08:05:44,1.3248077810514571,1.384829358307839,1.2870470721838367,1.3797970352623563,100,0,1
2025.09.11,08:20:44,1.3577727617316506,1.4155718050091817,1.2902453652720693,1.3008772876870058,100,0,1
2025.09.11,08:35:44,1.3362145013078564,1.436560471956237,1.3001857340604197,1.408004023739323,100,0,1
2025.09.11,08:50:44,1.3789025610777705,1.4419698044804097,1.3243158497815477,1.3259382491485208,100,0,1
2025.09.11,09:05:44,1.3918019897663638,1.4200373089147595,1.341250369612216,1.3964128273592193,100,0,1
2025.09.11,09:20:44,1.376142389317712,1.4144786475977145,1.3658522666087343,1.3863943987796594,100,0,1
2025.09.11,09:35:44,1.3081289548156663,1.3886293108620145,1.281587226254239,1.3209009781228689,100,0,1
2025.09.11,09:50:44,1.327362588526743,1.3773924171437038,1.2769539938663381,1.3025023136830607,100,0,1
2025.09.11,10:05:44,1.2868998493025954,1.3245138587743126,1.2487938562558811,1.2751329975068726,100,0,1
2025.09.11,10:20:44,1.2363060681036966,1.300126539998857,1.1709707805808884,1.2728957600098836,100,0,1
2025.09.11,10:35:44,1.2258870161840973,1.2855107823016858,1.1411776167377001,1.2503021198087574,100,0,1
2025.09.11,10:50:44,1.2330590260641157,1.2780461338846487,1.1977868951591504,1.1997146056994876,100,0,1
2025.09.11,11:05:44,1.2161605392858041,1.242886660062409,1.1909857298166526,1.1984799756555358,100,0,1
2025.09.11,11:20:44,1.1187285301636833,1.1528306442090424,1.07661878562267,1.1161363664783224,100,0,1
2025.09.11,11:35:44,1.2185315975724822,1.2480171192795968,1.1775834359696506,1.2329791674480683,100,0,1
2025.09.11,11:50:44,1.2829490003532387,1.3246013344392504,1.2598033686603056,1.3148656041279971,100,0,1
2025.09.11,12:05:44,1.3299013929419023,1.3907270339541074,1.280297870292603,1.3512594464502932,100,0,1
2025.09.11,12:20:44,1.3706058379097261,1.3993928951723997,1.3149006177463378,1.3322436825899324,100,0,1
2025.09.11,12:35:44,1.3695072441823255,1.4207105126740798,1.340843354272002,1.4160939773504866,100,0,1
2025.09.11,12:50:44,1.422275067157884,1.4434493234488996,1.3491509129046768,1.364430916864457,100,0,1
2025.09.11,13:05:44,1.3862818888733295,1.4480766825304594,1.3181998839319196,1.3731051953756819,100,0,1
2025.09.11,13:20:44,1.3478219057484866,1.4236797354393294,1.2620978163338448,1.422314200515174,100,0,1
2025.09.11,13:35:44,1.4522419917044822,1.50913732424249,1.4025513454912897,1.4815480647734245,100,0,1
2025.09.11,13:50:44,1.3896063747099003,1.4218533699669709,1.3230320054913665,1.359043495698683,100,0,1
2025.09.11,14:05:44,1.392668696647885,1.4709107503406118,1.3286084697584575,1.3635706979434707,100,0,1
2025.09.11,14:20:44,1.352476277933559,1.3784817829687015,1.2762853004535895,1.3609019666802842,100,0,1
2025.09.11,14:35:44,1.356511532074701,1.4002390446802377,1.3193172653437246,1.3960664295620229,100,0,1
2025.09.11,14:50:44,1.313719064024192,1.348762222452553,1.248175698662413,1.2692294411065626,100,0,1
2025.09.11,15:05:44,1.2097230739983182,1.250831490612549,1.1447070909819521,1.1890523837306683,100,0,1
2025.09.11,15:20:44,1.2516427173131006,1.2663104042375664,1.2482897612761232,1.2572166251123857,100,0,1
2025.09.11,15:35:44,1.2400294906216556,1.2913126706402724,1.184720086591774,1.2166347354611873,100,0,1
2025.09.11,15:50:44,1.27979755591851,1.355366227428003,1.2525836779521469,1.265112702309474,100,0,1
2025.09.11,16:05:44,1.1688636284539655,1.195337749643789,1.1375734854248674,1.1712125536465887,100,0,1
2025.09.11,16:20:44,1.176065262542457,1.2625752947931592,1.127981463991031,1.1370068853016941,100,0,1
2025.09.11,16:35:44,1.1669472242273435,1.223881350037187,1.11978268586648,1.2045505623807486,100,0,1
2025.09.11,16:50:44,1.1095624336800887,1.1755784253476749,1.0636027339184262,1.0705620216527743,100,0,1
2025.09.11,17:05:44,1.083862860761005,1.127037085098457,1.0140643898235573,1.0707809514217292,100,0,1
2025.09.11,17:20:44,1.0374892862250322,1.111404310909198,1.0080260546595403,1.087640520472379,100,0,1
2025.09.11,17:35:44,1.0867471907080557,1.126164388939208,1.0597886714397815,1.1238228771211094,100,0,1
2025.09.11,17:50:44,1.1458015718572285,1.1631623529202844,1.0606752911043282,1.0938481480249331,100,0,1
2025.09.11,18:05:44,1.1562463781279926,1.2041591781033871,1.0814531452114262,1.1766960558606654,100,0,1
2025.09.11,18:20:44,1.1065662921243096,1.1290478606335865,1.0643045438767353,1.1046590379641648,100,0,1
2025.09.11,18:35:44,1.1260825765108537,1.194191541807484,1.0643664982700622,1.1733298560413465,100,0,1
2025.09.11,18:50:44,1.1066188579606222,1.1405260865135878,1.0502616936082474,1.1386492501457157,100,0,1
2025.09.11,19:05:44,1.08793237055988,1.1042788274789503,1.064397992888742,1.1026505202213104,100,0,1
2025.09.11,19:20:44,1.1162476923204312,1.1591903306508353,1.0856291647656169,1.116947968441797,100,0,1
2025.09.11,19:35:44,1.1206495039615745,1.1239753883547552,1.074467538738501,1.0816182853802696,100,0,1
2025.09.11,19:50:44,1.1616145287210802,1.2072816175404653,1.1098174335345425,1.1904687834730436,100,0,1
2025.09.11,20:05:44,1.1549084934794438,1.2012294615142722,1.075328131871958,1.1852617040979645,100,0,1
2025.09.11,20:20:44,1.0982322572575738,1.1359352267957397,1.0858163835602925,1.0864574264396354,100,0,1
2025.09.11,20:35:44,1.0967706917925522,1.1666446484103128,1.0379807126347953,1.1377217979392749,100,0,1
2025.09.11,20:50:44,1.173516621302781,1.2598326617378985,1.1144730783697057,1.1151229068955788,100,0,1
2025.09.11,21:05:44,1.1870588834618585,1.2295554769098211,1.1363152954603302,1.1398378496521835,100,0,1
2025.09.11,21:20:44,1.2337990805098416,1.2989663546077015,1.191610649655299,1.2100561256527715,100,0,1
2025.09.11,21:35:44,1.299144971971096,1.3640504010347527,1.2331462507600492,1.331130456875941,100,0,1
2025.09.11,21:50:44,1.3100270599526653,1.3152555277031828,1.2344116766062143,1.3054452764324374,100,0,1
2025.09.11,22:05:44,1.3888422650670924,1.4117222883288383,1.341677325499151,1.3669029751633086,100,0,1
2025.09.11,22:20:44,1.2690061026317496,1.2937474662808337,1.1990139213940743,1.2182503206561233,100,0,1
2025.09.11,22:35:44,1.3476427094770098,1.3780236596835809,1.318235088611938,1.3693390099056069,100,0,1
2025.09.11,22:50:44,1.3295833406249435,1.3675772948217308,1.2972462829147646,1.3486293579262922,100,0,1
2025.09.11,23:05:44,1.370187830079191,1.4645925459319533,1.3164027702502459,1.3173272898425443,100,0,1
2025.09.11,23:20:44,1.2817128605178267,1.334081537109215,1.235959799055384,1.2455185409874832,100,0,1
2025.09.11,23:35:44,1.2722762418881126,1.335718611227286,1.225285262785339,1.3223357566592215,100,0,1
2025.09.11,23:50:44,1.258483477690608,1.2936132477209126,1.2047428754907776,1.272583382855367,100,0,1
2025.09.12,00:05:44,1.2915099710011202,1.305675419783414,1.2631057061181503,1.2977033538650766,100,0,1
2025.09.12,00:20:44,1.2641034751734923,1.319111594931252,1.2002931551044052,1.2169085081669306,100,0,1
2025.09.12,00:35:44,1.2044859046126941,1.236377299711335,1.1489027930598192,1.161972321557638,100,0,1
2025.09.12,00:50:44,1.1744047373013078,1.201240909981946,1.1349166019671495,1.1640937974684047,100,0,1
2025.09.12,01:05:44,1.1861011615226802,1.2100952712292619,1.135352745276308,1.2064397359439152,100,0,1
2025.09.12,01:20:44,1.1635706453686203,1.1956203941232857,1.110085322322762,1.1723416883062163,100,0,1
2025.09.12,01:35:44,1.149879674574438,1.217437777227339,1.1237627218798427,1.1528466464109257,100,0,1
2025.09.12,01:50:44,1.2104491662436119,1.258521395911961,1.169877215157548,1.2224235895886955,100,0,1
2025.09.12,02:05:44,1.2333063003285964,1.279918539585046,1.1551722469185535,1.2668661856231014,100,0,1
2025.09.12,02:20:44,1.3418425427208427,1.3940102073105733,1.2963681981006738,1.3623288667720743,100,0,1
2025.09.12,02:35:44,1.3496794455347374,1.3923966845554125,1.2590348044193669,1.3049763727936088,100,0,1
2025.09.12,02:50:44,1.3414634171556723,1.4153786906439525,1.292497013490319,1.3284137686444037,100,0,1
2025.09.12,03:05:44,1.35131432845292,1.365075611091876,1.2874394734840684,1.2912174132936083,100,0,1
2025.09.12,03:20:44,1.365831116409397,1.420266099765463,1.3464952322159423,1.4167137680574287,100,0,1
2025.09.12,03:35:44,1.371213734414244,1.3847127988494696,1.3508580570043882,1.371410891772719,100,0,1
2025.09.12,03:50:44,1.3027642834368078,1.3599171105909318,1.2503471266222297,1.3092280304879464,100,0,1
2025.09.12,04:05:44,1.3119325814444693,1.3509381520408459,1.2739981508335858,1.3083391998866012,100,0,1
2025.09.12,04:20:44,1.3243346777676606,1.3855732019553095,1.2852396186420965,1.3354591275558683,100,0,1
2025.09.12,04:35:44,1.3890910725372725,1.4433878462268501,1.3175152282728904,1.3718346174131668,100,0,1
2025.09.12,04:50:44,1.336466437068449,1.3736418504928558,1.282790519757739,1.3270733160478208,100,0,1
2025.09.12,05:05:44,1.3012766348761302,1.3843702984787203,1.2490837244128763,1.260980384375791,100,0,1
2025.09.12,05:20:44,1.3598758879371682,1.4251806139470342,1.2649417157046496,1.2886053629776317,100,0,1
2025.09.12,05:35:44,1.3401906518531423,1.418476817975421,1.2645738443099233,1.2702481983490612,100,0,1
2025.09.12,05:50:44,1.3350037299957949,1.3923163649047676,1.2945471246715794,1.3772973676848006,100,0,1
2025.09.12,06:05:44,1.2487670254108447,1.2957749032172339,1.1789481658332304,1.281379545746316,100,0,1
2025.09.12,06:20:44,1.3572596465742364,1.4455980645016284,1.281363762944604,1.3040768279020853,100,0,1
2025.09.12,06:35:44,1.330077929887657,1.3716607434501986,1.284043210140189,1.3395714044967666,100,0,1
2025.09.12,06:50:44,1.3966554528909192,1.4125156207916405,1.3602877877589812,1.3925229778976713,100,0,1
2025.09.12,07:05:44,1.400192891913389,1.4468900310901422,1.352780389269696,1.3691104410598,100,0,1
2025.09.12,07:20:44,1.391495898700759,1.4200550413453619,1.3231346194489375,1.3913810096434471,100,0,1
2025.09.12,07:35:44,1.3802954157028904,1.4206213702891448,1.3565695401984479,1.3889826276726773,100,0,1
2025.09.12,07:50:44,1.3876691760527973,1.3884780902611984,1.3414171975918388,1.3512507527939444,100,0,1
2025.09.12,08:05:44,1.3250027183332702,1.3456937665439195,1.2470437702708475,1.2835560420655638,100,0,1
2025.09.12,08:20:44,1.3690661572468663,1.3874634348863506,1.3250162554174354,1.3659353689144254,100,0,1
2025.09.12,08:35:44,1.394689196085876,1.4453789335797798,1.3377090143728965,1.4345363278741834,100,0,1
2025.09.12,08:50:44,1.352187852389771,1.4029956839535422,1.2824492292546765,1.3432928405552074,100,0,1
2025.09.12,09:05:44,1.3347146361234077,1.3954781587290583,1.2746435291091622,1.318837839464865,100,0,1
2025.09.12,09:20:44,1.3415073947054221,1.4062774972582555,1.3235983531882505,1.3747888385658777,100,0,1
2025.09.12,09:35:44,1.3574625138330791,1.435984000237785,1.3034491969128519,1.398192857055211,100,0,1
2025.09.12,09:50:44,1.476557933157349,1.5433894219617006,1.4303896823424787,1.5056246642690163,100,0,1
2025.09.12,10:05:44,1.4952743220327067,1.5607579085854937,1.4271196290651493,1.456950240326425,100,0,1
2025.09.12,10:20:44,1.508913267032157,1.560438298899279,1.452570268136167,1.5152732558727424,100,0,1
2025.09.12,10:35:44,1.503330097540686,1.5540344881990573,1.4281842856612226,1.4430944045650227,100,0,1
2025.09.12,10:50:44,1.5347335019499597,1.582960160080859,1.4963990885051406,1.5720160663950697,100,0,1
2025.09.12,11:05:44,1.4835945855447237,1.5886383711895316,1.4245217872559004,1.5511910975471397,100,0,1
2025.09.12,11:20:44,1.5010889520774173,1.5489949418167959,1.469980688603821,1.508927227019787,100,0,1
2025.09.12,11:35:44,1.4893244497449012,1.568945906493401,1.4213158165058755,1.4555226584279772,100,0,1
2025.09.12,11:50:44,1.5119263127424158,1.577860251636403,1.4348267413469618,1.575615740733203,100,0,1
2025.09.12,12:05:44,1.5263745386565077,1.5656570410025925,1.4840221601247863,1.525085002359277,100,0,1
2025.09.12,12:20:44,1.621109369267058,1.6570405755902138,1.584089634226341,1.5904374250129358,100,0,1
2025.09.12,12:35:44,1.6012566961255739,1.6788615121745885,1.5760052042583828,1.6478619737949922,100,0,1
2025.09.12,12:50:44,1.6439797933823332,1.6900751975902888,1.5827151334449552,1.646160736442702,100,0,1
2025.09.12,13:05:44,1.663989707624363,1.7231166331743968,1.580026061804483,1.6599766088710783,100,0,1
2025.09.12,13:20:44,1.6346987282430743,1.6864467928117033,1.5820535035861318,1.5897462226095913,100,0,1
2025.09.12,13:35:44,1.739808076338775,1.817552757472188,1.6992835876028756,1.7304984105400194,100,0,1
2025.09.12,13:50:44,1.7433079640538707,1.8133114043872303,1.7131721110614704,1.8087777642317364,100,0,1
2025.09.12,14:05:44,1.7616355587440042,1.7660535984083463,1.7053375838251528,1.7380278250190184,100,0,1
2025.09.12,14:20:44,1.7674238613452287,1.8117708430383208,1.7352698145622354,1.7990815274099274,100,0,1
2025.09.12,14:35:44,1.7784838848569149,1.8289856503262942,1.7400172456840481,1.7913962870142213,100,0,1
2025.09.12,14:50:44,1.8105247322458624,1.891191372777688,1.7441150747260905,1.8301274965045762,100,0,1
2025.09.12,15:05:44,1.799165978695258,1.8497990759280942,1.7435745916361722,1.7473970445507243,100,0,1
2025.09.12,15:20:44,1.8270099888726865,1.8558582247824127,1.7785050896399819,1.8044918414458326,100,0,1
2025.09.12,15:35:44,1.8054093258748793,1.8637145133604607,1.7331532182097302,1.7988675169153168,100,0,1
2025.09.12,15:50:44,1.7523916437528388,1.810013616601222,1.723170759567834,1.7839471327667447,100,0,1
2025.09.12,16:05:44,1.763465326902815,1.8185388074664546,1.6861647252181677,1.7690588019906417,100,0,1
2025.09.12,16:20:44,1.861911523339251,1.8645603272114146,1.8020167110900904,1.8393665288726577,100,0,1
2025.09.12,16:35:44,1.8279446437317968,1.867771714069882,1.7738856194618782,1.8062676673630496,100,0,1
2025.09.12,16:50:44,1.832839911680628,1.8979346616175663,1.8028088420550406,1.8271253214228647,100,0,1
2025.09.12,17:05:44,1.8172398440095763,1.8480417790924564,1.7645245001102603,1.7732686908753874,100,0,1
2025.09.12,17:20:44,1.7552350867032818,1.8240101443251173,1.6844824329262797,1.7307803191567006,100,0,1
2025.09.12,17:35:44,1.7518507609285936,1.815221824348969,1.681169565812137,1.7714269258354434,100,0,1
2025.09.12,17:50:44,1.7916689142158277,1.800269945076075,1.7058864419314985,1.7197373145203045,100,0,1
2025.09.12,18:05:44,1.7653192642894056,1.8272043349608496,1.7226520005391974,1.8239136375476677,100,0,1
2025.09.12,18:20:44,1.8020626328630664,1.8603991296340747,1.7228838308304137,1.8415117392482228,100,0,1
2025.09.12,18:35:44,1.8855023309538286,1.9125593786369237,1.8572560664272928,1.9065745191710795,100,0,1
2025.09.12,18:50:44,1.8906818483894876,1.9276245384962687,1.8439230023923814,1.8547676884686788,100,0,1
2025.09.12,19:05:44,1.9246294067872385,1.9410053698983543,1.915991820906086,1.917443024420073,100,0,1
2025.09.12,19:20:44,1.935054972439184,1.9452853597640287,1.8984221725805224,1.9404011717986849,100,0,1
2025.09.12,19:35:44,1.9844594467678998,2.0318296822465234,1.916708453769053,1.946215857857093,100,0,1
2025.09.12,19:50:44,1.99229584211636,2.0266048666012924,1.9456645368309409,1.9661926000785312,100,0,1
2025.09.12,20:05:44,1.986539675595585,2.0352495972943694,1.9443627320198373,1.95265782832697,100,0,1
2025.09.12,20:20:44,1.878471429089662,1.9335203061324355,1.8212173902784112,1.8880606308479908,100,0,1
2025.09.12,20:35:44,1.8728214485778651,1.9473517908131444,1.790707250124092,1.880054219102804,100,0,1
2025.09.12,20:50:44,1.8625001509112251,1.9075266046267891,1.7792638500118263,1.805433572707749,100,0,1
2025.09.12,21:05:44,1.841505600700343,1.8836787582272034,1.8045108340923408,1.8615840750694572,100,0,1
2025.09.12,21:20:44,1.793924313097008,1.8588207853298553,1.7171718062839372,1.764157563216835,100,0,1
2025.09.12,21:35:44,1.7524927577109366,1.795721220553627,1.6992551700563279,1.7119798681010974,100,0,1
2025.09.12,21:50:44,1.802588147940159,1.855072367704284,1.7684881974984965,1.8098797741315853,100,0,1
2025.09.12,22:05:44,1.781572908927029,1.8592876591102392,1.7350263504187609,1.850239348649724,100,0,1
2025.09.12,22:20:44,1.742190373296124,1.7487708144748384,1.7277510123915596,1.740067372574476,100,0,1
2025.09.12,22:35:44,1.757909446118392,1.7888423071574482,1.72418893643158,1.7518811855407028,100,0,1
2025.09.12,22:50:44,1.7349196562819607,1.7810645748464837,1.6944778929234265,1.7345028836810799,100,0,1
2025.09.12,23:05:44,1.6921684825391219,1.717179972804428,1.6452681543097813,1.7123373737809608,100,0,1
2025.09.12,23:20:44,1.7526346691319186,1.7861017623682944,1.6810025706281562,1.7231742188404273,100,0,1
2025.09.12,23:35:44,1.7385570427748964,1.7683908964697985,1.6836302779232875,1.7562949876335914,100,0,1
2025.09.12,23:50:44,1.7525909892681077,1.8232457318536288,1.6916381045338205,1.7923666043326991,100,0,1
2025.09.13,00:05:44,1.7609701373932842,1.8000642306813626,1.7468115111068467,1.7588185911762628,100,0,1
2025.09.13,00:20:44,1.7576370303417608,1.8228222726368113,1.722992277022182,1.7236743584694036,100,0,1
2025.09.13,00:35:44,1.805016179089469,1.8702408160187374,1.7762928875997848,1.798235026846043,100,0,1
2025.09.13,00:50:44,1.8401340697166622,1.888201466269422,1.809185194208073,1.8097695869231956,100,0,1
2025.09.13,01:05:44,1.7872023373766983,1.8143602358374908,1.7619309372752767,1.8028620068952341,100,0,1
2025.09.13,01:20:44,1.820990368592581,1.8459955257055871,1.7736011649849592,1.8047985506489252,100,0,1
2025.09.13,01:35:44,1.8473208883764491,1.8807767656815884,1.7700871298089484,1.7972320739694323,100,0,1
2025.09.13,01:50:44,1.859661149570863,1.9168769865194066,1.7823680498453496,1.8732789540562516,100,0,1
2025.09.13,02:05:44,1.8508164709320516,1.8925851973851167,1.780525009933114,1.8009027497062884,100,0,1
2025.09.13,02:20:44,1.8720343401550457,1.9304429707438724,1.831926240068051,1.9041844354308926,100,0,1
2025.09.13,02:35:44,1.8680120525477153,1.9017288325928552,1.810557629306041,1.8414243411450693,100,0,1
2025.09.13,02:50:44,1.7726167683954135,1.862908680924971,1.7147233532622932,1.7559212997909945,100,0,1
2025.09.13,03:05:44,1.7713282822033123,1.8259483614859067,1.754748177081945,1.7825341087368978,100,0,1
2025.09.13,03:20:44,1.771252002817428,1.8701868355511058,1.7084989233880914,1.8256524957828613,100,0,1
2025.09.13,03:35:44,1.7430352872945807,1.770043269744897,1.7008837387580447,1.7349945356653118,100,0,1
2025.09.13,03:50:44,1.7600824726118467,1.8029144031234812,1.7110453163966257,1.8027932424138535,100,0,1
2025.09.13,04:05:44,1.7462408196200012,1.8145753309073622,1.711500478351012,1.7291241731794909,100,0,1
2025.09.13,04:20:44,1.7326168215206306,1.7417179139442793,1.684607149776177,1.6899096242657368,100,0,1
2025.09.13,04:35:44,1.7409142857717568,1.814376592598807,1.6880596901014695,1.781021482953236,100,0,1
2025.09.13,04:50:44,1.7264920299713384,1.7822889892608011,1.6864592454941554,1.7505520692769243,100,0,1
2025.09.13,05:05:44,1.698315549507928,1.766650551541157,1.653956176247831,1.7586346818805416,100,0,1
2025.09.13,05:20:44,1.7163670581093629,1.7519278138678807,1.691152997708824,1.7248379827716374,100,0,1
2025.09.13,05:35:44,1.65238449218286,1.693296352545332,1.5861041024061862,1.6356053273199997,100,0,1
2025.09.13,05:50:44,1.7574322151515267,1.809946825261522,1.7177887842554718,1.76519897022589,100,0,1
2025.09.13,06:05:44,1.6412201925662435,1.6923148271459096,1.5943170994605598,1.6215747891167567,100,0,1
2025.09.13,06:20:44,1.6364962119179451,1.6987621301354465,1.603144446003511,1.694412915578518,100,0,1
2025.09.13,06:35:44,1.6715781821083986,1.7620874994390472,1.6370362242101866,1.7481624275225083,100,0,1
2025.09.13,06:50:44,1.7655067008778096,1.8161970020624032,1.722854473686409,1.7428573099400926,100,0,1
2025.09.13,07:05:44,1.7286990031703613,1.7485618182824285,1.635010343149581,1.7429347653271117,100,0,1
2025.09.13,07:20:44,1.7038627326533928,1.7773933068330057,1.678559783055328,1.7510235785691635,100,0,1
2025.09.13,07:35:44,1.6817253621070565,1.7180496019691662,1.6184450047060412,1.704650249257584,100,0,1
2025.09.13,07:50:44,1.573413688192337,1.6292380027499915,1.562452795992821,1.5979767708818529,100,0,1
2025.09.13,08:05:44,1.5614467043287443,1.6101207596812124,1.52456497677989,1.5316006519238534,100,0,1
2025.09.13,08:20:44,1.4858555611261233,1.5525750416572022,1.4397482498786132,1.492801804667813,100,0,1
2025.09.13,08:35:44,1.5485542938198495,1.6140803570825573,1.493595354900384,1.5446646062433587,100,0,1
2025.09.13,08:50:44,1.4542078831584595,1.5444389454066882,1.4084524314239817,1.5349803532961965,100,0,1
2025.09.13,09:05:44,1.3808814500231754,1.3900781088889544,1.3354800404454785,1.360919271403371,100,0,1
2025.09.13,09:20:44,1.3488392271066378,1.3855554134324024,1.282693478282105,1.3668124450100432,100,0,1
2025.09.13,09:35:44,1.3103163495151655,1.373563560338568,1.2795500594627263,1.349600329516278,100,0,1
2025.09.13,09:50:44,1.2707096098349262,1.3157647271299395,1.2289842939375817,1.2878628610187275,100,0,1
2025.09.13,10:05:44,1.1826063680906844,1.2034295387190133,1.1349343082709358,1.1993975517967703,100,0,1
2025.09.13,10:20:44,1.1961855309747154,1.236384277089108,1.1612403022384967,1.1841004031533462,100,0,1
2025.09.13,10:35:44,1.1615208547227895,1.222616160098808,1.1533679647893758,1.184553171040688,100,0,1
2025.09.13,10:50:44,1.1571364373386732,1.2176960258673866,1.1479802014771139,1.1858436045781469,100,0,1
2025.09.13,11:05:44,1.2060596800352847,1.2531836919851929,1.150256860020734,1.1706815498359293,100,0,1
2025.09.13,11:20:44,1.204917844658391,1.2487045674923074,1.1657649937287335,1.2432964864491318,100,0,1
2025.09.13,11:35:44,1.2535989485210066,1.3338769608040009,1.2060887943774394,1.291019172311237,100,0,1
2025.09.13,11:50:44,1.2847894813978247,1.3327466887029449,1.206050722717639,1.2745386699728434,100,0,1
2025.09.13,12:05:44,1.3410104876517384,1.4355623562142663,1.2740571058813286,1.407666343719049,100,0,1
2025.09.13,12:20:44,1.3364009162336317,1.3840888883113884,1.289457535057913,1.3221269541475733,100,0,1
2025.09.13,12:35:44,1.3274242755812067,1.3698037836567707,1.310967039922678,1.357403973559487,100,0,1
2025.09.13,12:50:44,1.2405206715627326,1.2859234762360583,1.219001097000773,1.2367820040038218,100,0,1
2025.09.13,13:05:44,1.1831155064972227,1.2188613839044558,1.113171360872554,1.1357345456935035,100,0,1
2025.09.13,13:20:44,1.1309312122244792,1.1671143337486871,1.1108892351354727,1.1410176995814403,100,0,1
2025.09.13,13:35:44,1.2540836686227974,1.329959248516033,1.2217619632712753,1.2650989857218506,100,0,1
2025.09.13,13:50:44,1.2265583795156085,1.2932401747547098,1.176459142293802,1.198043719306373,100,0,1
2025.09.13,14:05:44,1.2024679538934404,1.285621497706756,1.172329971528483,1.2682531824662107,100,0,1
2025.09.13,14:20:44,1.1623838740905765,1.1634437183676558,1.0824696882897475,1.1438123359006456,100,0,1
2025.09.13,14:35:44,1.3003720490539608,1.3248981288312451,1.276262540810501,1.2970229522181578,100,0,1
2025.09.13,14:50:44,1.2303052191073274,1.2837086941885723,1.1916830220281514,1.2617629884368888,100,0,1
2025.09.13,15:05:44,1.1471748497442384,1.2593505889048193,1.089027295086139,1.2142844550320868,100,0,1
2025.09.13,15:20:44,1.1733340706296178,1.183213536748305,1.1512456826360542,1.163364034406224,100,0,1
2025.09.13,15:35:44,1.1823564305816783,1.2725522435101806,1.1171866057127442,1.2446444201571742,100,0,1
2025.09.13,15:50:44,1.2171166905963833,1.2748559784511617,1.1433703346487665,1.212445413086903,100,0,1
2025.09.13,16:05:44,1.2134571710596478,1.2830184446259272,1.1469846416378093,1.1877379984919545,100,0,1
2025.09.13,16:20:44,1.1767600654736954,1.246702556118594,1.1185920104964147,1.123409449358124,100,0,1
2025.09.13,16:35:44,1.2475446111768174,1.2938463399504279,1.1962034168218358,1.267486028717578,100,0,1
2025.09.13,16:50:44,1.263888672777731,1.274831542141772,1.2097727677654588,1.2318757064119827,100,0,1
2025.09.13,17:05:44,1.375661291813792,1.4532227988324187,1.3261411759949093,1.332879765864973,100,0,1
2025.09.13,17:20:44,1.369136004460905,1.4231438674250316,1.3093330550488627,1.4174169309382454,100,0,1
2025.09.13,17:35:44,1.384415567013693,1.461465837220175,1.3235348353421448,1.3647176266890275,100,0,1
2025.09.13,17:50:44,1.3586328615284242,1.4013029542889248,1.3079219560325768,1.399378902408165,100,0,1
2025.09.13,18:05:44,1.320965166581233,1.3973669023411874,1.27267460154939,1.298615272033044,100,0,1
2025.09.13,18:20:44,1.3604048791743368,1.4041541615125928,1.333792465527938,1.398824285613245,100,0,1
2025.09.13,18:35:44,1.360763592274845,1.4344595482740374,1.286342776331331,1.3303436449147605,100,0,1
2025.09.13,18:50:44,1.2673822894356812,1.3872719578890516,1.2667529371576998,1.2670356135169474,100,0,1
2025.09.13,19:05:44,1.2160346098562416,1.2451482213327163,1.1609271586662182,1.2246130881666577,100,0,1
2025.09.13,19:20:44,1.244451011065222,1.3376490584278207,1.2198508180965422,1.2963680594314817,100,0,1
2025.09.13,19:35:44,1.2893126774924342,1.3619172357433296,1.232814855101994,1.2776898066120075,100,0,1
2025.09.13,19:50:44,1.360702565946094,1.4107921709778257,1.3406799061143684,1.3761403859911367,100,0,1
2025.09.13,20:05:44,1.4352028876447978,1.4690944496356526,1.3932875009178571,1.4080924879214711,100,0,1
2025.09.13,20:20:44,1.451171362427428,1.4887828355663022,1.3774428313998464,1.4617351313049314,100,0,1
2025.09.13,20:35:44,1.4097895576968713,1.495815033155685,1.347536663573036,1.44522945489474,100,0,1
2025.09.13,20:50:44,1.3746580682150131,1.4024908616044165,1.2979225388345113,1.3086669886848878,100,0,1
2025.09.13,21:05:44,1.3863983838945864,1.4334194265089513,1.3001151948902077,1.3583102066462596,100,0,1
2025.09.13,21:20:44,1.374925806063632,1.401279460617844,1.3368810956352657,1.3417646445205624,100,0,1
2025.09.13,21:35:44,1.4489017773907586,1.5068724407999838,1.382034750600349,1.3892546052007682,100,0,1
2025.09.13,21:50:44,1.3969256208882188,1.4220813294788237,1.3467583891017607,1.3802149623177271,100,0,1
2025.09.13,22:05:44,1.492643087232709,1.5333775885470529,1.425705942072492,1.531263997455743,100,0,1
2025.09.13,22:20:44,1.4874330881287994,1.5376076272660435,1.4500267843011079,1.4733959743071074,100,0,1
2025.09.13,22:35:44,1.5696460679357753,1.6135794580204816,1.5478717806021156,1.590274568109082,100,0,1
2025.09.13,22:50:44,1.6112212529478511,1.6188032769321559,1.594550123570363,1.598963709469551,100,0,1
2025.09.13,23:05:44,1.6275695771571757,1.6573592746003494,1.5838143924521506,1.5971704671397111,100,0,1
2025.09.13,23:20:44,1.4995577760887535,1.5167603342602065,1.4716457610390776,1.4935601969478498,100,0,1
2025.09.13,23:35:44,1.464967428320862,1.509465682137944,1.4405737991567127,1.4761757828323623,100,0,1
2025.09.13,23:50:44,1.5129453598654827,1.585780222950845,1.4698394501745597,1.5657709307434162,100,0,1
2025.09.14,00:05:44,1.4545559640037622,1.5265884835439132,1.3810508649081281,1.4100993278538976,100,0,1
2025.09.14,00:20:44,1.442623948843698,1.4887713842242196,1.3882218773048542,1.4457669042175079,100,0,1
2025.09.14,00:35:44,1.5603143276112648,1.6146582635655442,1.5212763898911275,1.5546637613988474,100,0,1
2025.09.14,00:50:44,1.6371628104733773,1.6895260357262996,1.5872498148470613,1.595234793283448,100,0,1
2025.09.14,01:05:44,1.6586558324232488,1.709375784896788,1.5401300372816467,1.652483668201529,100,0,1
2025.09.14,01:20:44,1.6447741464000838,1.7141219971248471,1.6199046610229233,1.6657114995530817,100,0,1
2025.09.14,01:35:44,1.654489312592856,1.6883243431656205,1.6014685233487742,1.6795660330996713,100,0,1
2025.09.14,01:50:44,1.6145989598178243,1.6610118503828086,1.5618082421740964,1.59203923758053,100,0,1
2025.09.14,02:05:44,1.590369701513246,1.6584605697655217,1.5253192444176014,1.625066566386757,100,0,1
2025.09.14,02:20:44,1.5815423705779335,1.6025407452536333,1.5424244169767822,1.5962321530641295,100,0,1
2025.09.14,02:35:44,1.5547644857476535,1.5984169259775718,1.5097708277405795,1.5611673789622367,100,0,1
2025.09.14,02:50:44,1.5760279843590033,1.6020015318859542,1.4910694160883748,1.58875985388428,100,0,1
2025.09.14,03:05:44,1.6108941956307263,1.6165221888761991,1.5869417596183562,1.6131174177753465,100,0,1
2025.09.14,03:20:44,1.7861672651477472,1.8576835897279984,1.7163036018723055,1.8033550401920144,100,0,1
2025.09.14,03:35:44,1.8909314335872167,1.9687247691436085,1.845860086764707,1.9054894403826679,100,0,1
2025.09.14,03:50:44,1.7828727059273992,1.846463551634067,1.7166797764593835,1.8292269970727593,100,0,1
2025.09.14,04:05:44,1.7674007785847532,1.8253109986601295,1.7086409649415315,1.766846470405857,100,0,1
2025.09.14,04:20:44,1.7724615692520855,1.824122222402787,1.736203272909966,1.804382085552918,100,0,1
2025.09.14,04:35:44,1.8738189455611216,1.9226307150378366,1.8026166337408929,1.8638217971645714,100,0,1
2025.09.14,04:50:44,1.9113837527256494,1.9359338198745333,1.8498163758319466,1.9168874111703516,100,0,1
2025.09.14,05:05:44,1.9635120268548047,2.0262464145066175,1.9210795268194567,1.9700410149850365,100,0,1
2025.09.14,05:20:44,2.0448087841691156,2.0736627783464177,1.987060820119862,2.0334937169812375,100,0,1
2025.09.14,05:35:44,2.0896072145416675,2.1218103151785432,2.0114935814563157,2.017076685869602,100,0,1
2025.09.14,05:50:44,2.1100420931262307,2.1680130943183373,2.038952272226484,2.1018615205168785,100,0,1
2025.09.14,06:05:44,2.154014754572807,2.2110080196975104,2.118386796458206,2.1227504580240293,100,0,1
2025.09.14,06:20:44,2.164814388000112,2.2001901896421936,2.10996930050529,2.1791156151061903,100,0,1
2025.09.14,06:35:44,2.2149345845768784,2.2947994985785978,2.1831795243318783,2.2398129661467947,100,0,1
2025.09.14,06:50:44,2.210150055995581,2.2479371694906756,2.194762602852654,2.227214665174535,100,0,1
2025.09.14,07:05:44,2.2495757461690324,2.297285456955021,2.1964795670519988,2.2817171015340283,100,0,1
2025.09.14,07:20:44,2.254449487132542,2.2978826275875597,2.1931463135742257,2.2560571265804557,100,0,1
2025.09.14,07:35:44,2.1933869285476915,2.2769383983403646,2.13126244792847,2.2309336797683503,100,0,1
2025.09.14,07:50:44,2.1755236223998966,2.254620828335274,2.110559164711649,2.178310990721858,100,0,1
2025.09.14,08:05:44,2.071627465804036,2.1233190943594433,2.0055767915059266,2.1145100785604223,100,0,1
2025.09.14,08:20:44,2.054298894806721,2.1116416232244357,2.0298855477594593,2.0687808872512066,100,0,1
2025.09.14,08:35:44,1.989060008120914,2.0631222783536014,1.9509043839592752,1.9696566040995862,100,0,1
2025.09.14,08:50:44,2.0290503435218237,2.084586794615361,1.986416186018201,2.053956830800887,100,0,1
2025.09.14,09:05:44,2.004809248633002,2.0446738889504465,1.9324601259328622,1.973933841798333,100,0,1
2025.09.14,09:20:44,1.976238498405128,2.0142030362830377,1.9065468625423938,1.9310982975597324,100,0,1
2025.09.14,09:35:44,1.9370794991965232,2.0101389314502947,1.885005480291975,1.886350690436532,100,0,1
2025.09.14,09:50:44,1.9683996214367403,2.0116231128854403,1.9648804598964416,1.9990368208501457,100,0,1
2025.09.14,10:05:44,1.9464873059785734,1.9981080644542992,1.9053879868430557,1.9292105562774657,100,0,1
2025.09.14,10:20:44,1.9522090499057292,2.002255255540718,1.9191832237621258,1.9229707097401225,100,0,1
2025.09.14,10:35:44,1.9731909473680935,2.0223480254774424,1.9198017936286265,2.012986415047231,100,0,1
2025.09.14,10:50:44,2.0170773350199855,2.0810702277750024,1.963094715466846,1.9937791075162679,100,0,1
2025.09.14,11:05:44,2.094187467514188,2.1552226817800366,2.001873067635009,2.007086582807593,100,0,1
2025.09.14,11:20:44,2.03736178380664,2.0941420177537697,1.9744662933171337,2.0541821980092037,100,0,1
2025.09.14,11:35:44,2.0649116196924093,2.1048397697080663,2.0290538970442658,2.0294808290096125,100,0,1
2025.09.14,11:50:44,1.9620345541763478,1.9949045876661406,1.9286024946007865,1.944240271709377,100,0,1
2025.09.14,12:05:44,1.9404907890682692,1.9966852478397403,1.8644738002304522,1.9570438645445478,100,0,1
2025.09.14,12:20:44,1.9463729423209528,1.981241094248481,1.9201931190671053,1.9682063767620446,100,0,1
2025.09.14,12:35:44,1.952861202047712,2.0209000388034077,1.9079511838596233,2.0193267317940498,100,0,1
2025.09.14,12:50:44,1.9374477269846522,2.008813122226206,1.9219282273329723,1.9232283114956967,100,0,1
2025.09.14,13:05:44,1.9313978918222872,1.9978339975288768,1.9006343957564278,1.9391073782935835,100,0,1
2025.09.14,13:20:44,1.854605772377411,1.900042829321148,1.7935652240349111,1.811804627938079,100,0,1
2025.09.14,13:35:44,1.76498590454295,1.8043440766072367,1.721127340610418,1.768344120223982,100,0,1
2025.09.14,13:50:44,1.7621571169326553,1.7887110540751203,1.6881015430343085,1.7346410659291245,100,0,1
2025.09.14,14:05:44,1.7623733130968215,1.8086540810424319,1.7002946643442853,1.7231334792457644,100,0,1
2025.09.14,14:20:44,1.7225395309321592,1.7885075515773377,1.6893268645669033,1.697222135120117,100,0,1
2025.09.14,14:35:44,1.660441176856249,1.7036773326058787,1.6068632059113992,1.6135186224056124,100,0,1
2025.09.14,14:50:44,1.748805220417432,1.7825529420252941,1.7281670385643557,1.7627550927205147,100,0,1
2025.09.14,15:05:44,1.6960263705621268,1.7043178121197873,1.647586947946227,1.6585866252997223,100,0,1
2025.09.14,15:20:44,1.6655469345692742,1.7021203812311039,1.5641897549747468,1.7009057455127743,100,0,1
2025.09.14,15:35:44,1.6271325917377013,1.6709332574497815,1.5372028486424152,1.5721346706129058,100,0,1
2025.09.14,15:50:44,1.6176560722763438,1.6571370397878384,1.595230257850452,1.6288840111658862,100,0,1
2025.09.14,16:05:44,1.693665773384967,1.714776089032494,1.6053323137534599,1.6169370062844564,100,0,1
2025.09.14,16:20:44,1.6884835422100133,1.7440846830172154,1.6483933722702024,1.7065651554205516,100,0,1
2025.09.14,16:35:44,1.6923729477260192,1.7194278612677847,1.6540755279141883,1.7049682234053904,100,0,1
2025.09.14,16:50:44,1.6767082620716827,1.712344711547301,1.6388054104249816,1.7075784741623503,100,0,1
2025.09.14,17:05:44,1.6526673219286856,1.7033522998088946,1.5841510405326642,1.6341511773078887,100,0,1
2025.09.14,17:20:44,1.6737545392418767,1.7411896042447308,1.6415747446646085,1.7114339236903682,100,0,1
2025.09.14,17:35:44,1.6230300453561013,1.6791891749184773,1.5471978522501346,1.5485151709858638,100,0,1
2025.09.14,17:50:44,1.701189553095299,1.7590203348899693,1.6815656714195537,1.7220304082909925,100,0,1
2025.09.14,18:05:44,1.7412236044504639,1.7879353051318605,1.6680335621610973,1.7282350568713967,100,0,1
2025.09.14,18:20:44,1.7851179762483749,1.8134607313790985,1.7373403619731678,1.7757184164461033,100,0,1
2025.09.14,18:35:44,1.7837121913543152,1.8425409117621454,1.7262768359638432,1.731822676335312,100,0,1
2025.09.14,18:50:44,1.7519164505178426,1.8403601304859194,1.6997460421131108,1.8148186179065662,100,0,1
2025.09.14,19:05:44,1.7853972437670969,1.8563166355918863,1.7293457319884773,1.7560420222127158,100,0,1
2025.09.14,19:20:44,1.7791154859630989,1.8470454181719878,1.7299168279782189,1.7941264055473476,100,0,1
2025.09.14,19:35:44,1.6659462935176308,1.7239580413223239,1.6229069551689774,1.6943981861111195,100,0,1
2025.09.14,19:50:44,1.6850345031477039,1.7231236453872016,1.6478484731981575,1.6886199216975062,100,0,1
2025.09.14,20:05:44,1.6481898805982242,1.6842419556857458,1.5768813636344576,1.6806033992341396,100,0,1
2025.09.14,20:20:44,1.7183144438343707,1.7599204097403263,1.6713048563855282,1.7063255149163787,100,0,1
2025.09.14,20:35:44,1.7778513255447557,1.8062189142026437,1.7399649547969585,1.7746841659636563,100,0,1
2025.09.14,20:50:44,1.7681041038338579,1.7900572241173165,1.699846738061161,1.7600499987476217,100,0,1
2025.09.14,21:05:44,1.7369970970449102,1.773949950687338,1.6898242403327246,1.6949053085253354,100,0,1
2025.09.14,21:20:44,1.7446095723976158,1.7534698680962912,1.6662393418241173,1.7182284259009757,100,0,1
2025.09.14,21:35:44,1.7316971539347574,1.7754824948046024,1.6636192741327411,1.6891676219032012,100,0,1
2025.09.14,21:50:44,1.7377567580522302,1.8087165636473819,1.7070811300862168,1.8018636753401474,100,0,1
2025.09.14,22:05:44,1.7274468460510808,1.7744624392852737,1.7103287054395033,1.7725714996431057,100,0,1
2025.09.14,22:20:44,1.7119440735559732,1.7352332118338816,1.6194408332032448,1.7078793610873684,100,0,1
2025.09.14,22:35:44,1.70050414462503,1.7842354881281912,1.6343769506278434,1.761874587388539,100,0,1
2025.09.14,22:50:44,1.6594295180413212,1.7340450830412246,1.6248098423644366,1.7008526995167923,100,0,1
2025.09.14,23:05:44,1.6981536640590815,1.7467818818737564,1.6700141343270087,1.7064100205367374,100,0,1
2025.09.14,23:20:44,1.6914817831154956,1.742590284136116,1.657268588612806,1.6976702649265882,100,0,1
2025.09.14,23:35:44,1.637673022223409,1.7030238232454709,1.6132877217988242,1.6468155519895813,100,0,1
2025.09.14,23:50:44,1.737927286357572,1.7895821341045028,1.6554125476262098,1.6773403459446117,100,0,1
2025.09.15,00:05:44,1.736643978777997,1.8244817319960065,1.6935873151107859,1.6940356547151711,100,0,1
2025.09.15,00:20:44,1.7132080790859965,1.744059742270787,1.66441178158234,1.7217367537161028,100,0,1
2025.09.15,00:35:44,1.7799575335111233,1.8245899131237615,1.7681107001770875,1.8183919251682865,100,0,1
2025.09.15,00:50:44,1.6956988313112784,1.7458768738875123,1.6379368725349648,1.7230001649643836,100,0,1
2025.09.15,01:05:44,1.6713126724789962,1.764773644857952,1.6383304892454935,1.7400333544496587,100,0,1
2025.09.15,01:20:44,1.6699681298308824,1.719967420843604,1.569035821768658,1.6825500297306688,100,0,1
2025.09.15,01:35:44,1.6251278912997942,1.6803791540626163,1.6090294130103886,1.6105509940387464,100,0,1
2025.09.15,01:50:44,1.6219349948718493,1.6758768241941364,1.5829464610295765,1.5985230467002636,100,0,1
2025.09.15,02:05:44,1.5664586270261338,1.5930597849169095,1.5445779569189702,1.5817715692392735,100,0,1
2025.09.15,02:20:44,1.5778487167467747,1.641500194854338,1.4862407552695276,1.5155236484436592,100,0,1
2025.09.15,02:35:44,1.5611712976957175,1.5858584102213886,1.5039877407409976,1.5715404378934874,100,0,1
2025.09.15,02:50:44,1.5434926557172965,1.5849756919682072,1.5191490335059117,1.5527111222276402,100,0,1
2025.09.15,03:05:44,1.597839239456205,1.6568453328875934,1.510083029620118,1.6128136765563337,100,0,1
2025.09.15,03:20:44,1.6115235208435312,1.6702893463975323,1.5888314374496937,1.6120263672398991,100,0,1
2025.09.15,03:35:44,1.6120993676894741,1.6465123899695042,1.5824359539901018,1.603477263519385,100,0,1
2025.09.15,03:50:44,1.6757973549979754,1.7018316249021324,1.6121988444743176,1.6295723955987265,100,0,1
2025.09.15,04:05:44,1.659627475987915,1.7399458175542564,1.6126590518652397,1.7387522512042664,100,0,1
2025.09.15,04:20:44,1.6592006220545816,1.7261705970549337,1.6187705005373447,1.704796625898647,100,0,1
2025.09.15,04:35:44,1.6840689022418212,1.7324669210727857,1.6578193516978785,1.683124719042004,100,0,1
2025.09.15,04:50:44,1.7219355720036618,1.7757825049119111,1.6862358535099382,1.7658977270100409,100,0,1
2025.09.15,05:05:44,1.683700998090073,1.7228089631200827,1.6367679653856568,1.6898537213976892,100,0,1
2025.09.15,05:20:44,1.7128462813552736,1.782674861165867,1.6553486462460767,1.67409403959268,100,0,1
2025.09.15,05:35:44,1.7300895361890702,1.7838432548443177,1.7032644260192449,1.7071846710554375,100,0,1
2025.09.15,05:50:44,1.7223191861206046,1.8185193278166811,1.6384973638091023,1.6406868718344487,100,0,1
2025.09.15,06:05:44,1.7076697299308927,1.7171342510245824,1.631466265643184,1.708125654426513,100,0,1
2025.09.15,06:20:44,1.6694836604862362,1.7323892874025653,1.6184737794004236,1.674204673308564,100,0,1
2025.09.15,06:35:44,1.7305032665026008,1.8089725444429843,1.6920432922028694,1.8045436949674867,100,0,1
2025.09.15,06:50:44,1.7029415523561775,1.7245194606371048,1.6610083094191375,1.692444187926655,100,0,1
2025.09.15,07:05:44,1.8337732869658419,1.8620936208951657,1.7847141242149833,1.8407517328149459,100,0,1
2025.09.15,07:20:44,1.9043748808192227,1.9521452001440693,1.8355880361955186,1.8445266726730143,100,0,1
2025.09.15,07:35:44,1.974073302635859,2.0183983029969585,1.9263944501064858,1.9678333032076185,100,0,1
2025.09.15,07:50:44,1.9155688236225787,1.970663410333742,1.8432567047833244,1.8672744459298507,100,0,1
2025.09.15,08:05:44,1.9407581534980871,1.984209400977083,1.9086076838933832,1.9784914689484492,100,0,1
2025.09.15,08:20:44,2.026058379582871,2.0762346584647355,1.9774435871784455,2.01109631397433,100,0,1
2025.09.15,08:35:44,2.0154953389787957,2.0835058197276974,1.9093207416525697,1.9215151307692862,100,0,1
2025.09.15,08:50:44,1.9685884925906878,2.0153384359989808,1.9249800813515556,1.962620137701719,100,0,1
2025.09.15,09:05:44,1.9676118315464588,2.025126926070828,1.9010211129015102,1.999956991114009,100,0,1
2025.09.15,09:20:44,1.9859107925398134,2.0113282172532783,1.920377421247546,1.9940404016067843,100,0,1
2025.09.15,09:35:44,1.9513641261666224,1.9733871224160584,1.9118953087726878,1.9662318177277955,100,0,1
2025.09.15,09:50:44,1.8922319990732712,1.9436427657115127,1.793225038106399,1.8897798015750153,100,0,1
2025.09.15,10:05:44,1.9154787447398132,1.9678605856945333,1.8479534953261203,1.9044196016679513,100,0,1
2025.09.15,10:20:44,1.975669561231024,2.012521515300995,1.9185451666876645,1.9455848551147943,100,0,1
2025.09.15,10:35:44,2.042606272826187,2.0862663241016692,1.997607041812095,2.0162832321813973,100,0,1
2025.09.15,10:50:44,2.0472831187972584,2.098368134530232,2.007186614021794,2.0765022139372746,100,0,1
2025.09.15,11:05:44,1.9594665890787302,2.00056761114873,1.9226762852479893,1.9455598072453313,100,0,1
2025.09.15,11:20:44,1.9118955199239547,1.9793720853484538,1.8660640014190153,1.9246054763181764,100,0,1
2025.09.15,11:35:44,1.8623309003227433,1.8625727455026293,1.8059847179265314,1.8625606922965727,100,0,1
2025.09.15,11:50:44,1.985366121170484,1.9927908044223894,1.9606887566397189,1.991970568260853,100,0,1
2025.09.15,12:05:44,1.9931924979650948,2.049855360617716,1.9279570436841542,1.9664158689647642,100,0,1
2025.09.15,12:20:44,2.0732244934399042,2.123607214960519,2.038502412786583,2.1094529742301007,100,0,1
2025.09.15,12:35:44,2.0852437171126454,2.1141772404539396,2.055654465681767,2.1070381149940776,100,0,1
2025.09.15,12:50:44,2.031446454907313,2.1157700641878288,2.0162783374290956,2.0350105544515062,100,0,1
2025.09.15,13:05:44,1.988754019125162,2.0155758428162436,1.931908446325815,1.9751233822463632,100,0,1
2025.09.15,13:20:44,2.063795306990659,2.1135854523614617,2.0256093978411163,2.0448333859010357,100,0,1
2025.09.15,13:35:44,1.9774456027527059,2.0057433480581635,1.9461985838156808,1.9577454600427227,100,0,1
2025.09.15,13:50:44,2.0369216547148117,2.088903872693474,2.010890271542028,2.0754551581879,100,0,1
2025.09.15,14:05:44,2.019497410135214,2.0746873692915146,1.9462193458767867,2.022932420278254,100,0,1
2025.09.15,14:20:44,1.9437610467794078,2.0019734911963405,1.8900307570189512,1.9299992003231283,100,0,1
2025.09.15,14:35:44,1.9305894952770764,1.9922620001363769,1.8664521300559713,1.9765798136575474,100,0,1
2025.09.15,14:50:44,1.931527786128405,2.016379344030167,1.8970790647580438,1.9471332354848452,100,0,1
2025.09.15,15:05:44,1.8853438002263723,1.9655621376988082,1.854375529621356,1.9400677188604123,100,0,1
2025.09.15,15:20:44,1.9401618699471146,1.9891151515949186,1.9029818290603115,1.9592115171578346,100,0,1
2025.09.15,15:35:44,1.9725524923788014,2.024185874264941,1.9045122674463368,1.9276712697861478,100,0,1
2025.09.15,15:50:44,1.9752661728651526,2.027190743405625,1.9198009047450746,2.020853822366954,100,0,1
2025.09.15,16:05:44,2.0602634801682402,2.129650085027075,2.0044854140033523,2.0065733205625227,100,0,1
2025.09.15,16:20:44,2.01424355274808,2.053558826413047,1.9587567074393786,1.9918909600481771,100,0,1
2025.09.15,16:35:44,2.0161532030268003,2.0239345127163273,1.9739511692377572,1.9746858358678394,100,0,1
2025.09.15,16:50:44,2.02518805233259,2.068378287545412,1.9331840078565765,2.0602023966000447,100,0,1
2025.09.15,17:05:44,2.024146559366923,2.0641818765620847,1.9965530971570362,2.0111241275049023,100,0,1
2025.09.15,17:20:44,1.8181611581727395,1.8491162516530013,1.7692357264228942,1.8013813221126138,100,0,1
2025.09.15,17:35:44,1.8254666314952277,1.8986281219664776,1.762512397539172,1.8690475089463825,100,0,1
2025.09.15,17:50:44,1.8853498395876345,1.9598615392717083,1.862538407542229,1.8886593208368254,100,0,1
2025.09.15,18:05:44,1.8539958299601311,1.8936775534136219,1.824940505312883,1.8516705625306242,100,0,1
2025.09.15,18:20:44,1.8200541823559628,1.8755993405632696,1.7748230436312766,1.8043909691849944,100,0,1
2025.09.15,18:35:44,1.8671550755800215,1.9000038478646784,1.834679607646108,1.8580082799156163,100,0,1
2025.09.15,18:50:44,1.8487433349360678,1.8953620204351893,1.7695075286289714,1.8280876670774961,100,0,1
2025.09.15,19:05:44,1.87338163933729,1.9272736703708229,1.799681948852951,1.8150442807530254,100,0,1
2025.09.15,19:20:44,1.7919293348582077,1.8292015071991872,1.755287908970081,1.8132302496369086,100,0,1
2025.09.15,19:35:44,1.7673386979232781,1.8097720086435687,1.698491198315948,1.763146752989593,100,0,1
2025.09.15,19:50:44,1.7969796611778155,1.8506482673180513,1.747823912962306,1.7672419951830036,100,0,1
2025.09.15,20:05:44,1.7986794804420327,1.8538027143687001,1.7567420438283274,1.8055548888282376,100,0,1
2025.09.15,20:20:44,1.7867553267493181,1.8312977724730173,1.7018279220335473,1.8026533515980567,100,0,1
2025.09.15,20:35:44,1.7413136052768536,1.7827197004794704,1.7014198828041418,1.7602984145579508,100,0,1
2025.09.15,20:50:44,1.7919446135836463,1.8506881067827885,1.7486743734192698,1.7873086001795886,100,0,1
2025.09.15,21:05:44,1.8194532593191102,1.8491640014805775,1.794787787674587,1.8233474342551002,100,0,1
2025.09.15,21:20:44,1.7959518423551104,1.8515999404853651,1.7295355316563212,1.73325184032177,100,0,1
2025.09.15,21:35:44,1.9018488953380888,1.9382349659859477,1.855994236887518,1.8977864677248184,100,0,1
2025.09.15,21:50:44,1.8516427492562388,1.909208524914075,1.809927552155447,1.8147989227725345,100,0,1
2025.09.15,22:05:44,1.7620885632134602,1.7994266447124578,1.706707874596034,1.7917848801404628,100,0,1
2025.09.15,22:20:44,1.8317438959793872,1.8810879417696675,1.7936969345182707,1.8341984818711503,100,0,1
2025.09.15,22:35:44,1.792474188711232,1.8593561139240857,1.7397112869905482,1.8524913062893673,100,0,1
2025.09.15,22:50:44,1.8171518962610498,1.8663194125675626,1.7708764100201746,1.7757249492515559,100,0,1
2025.09.15,23:05:44,1.7581915567585025,1.8070569215840582,1.7037327700366818,1.7578222113904733,100,0,1
2025.09.15,23:20:44,1.6953248479192282,1.751700056924828,1.6541736875487263,1.7466408749502471,100,0,1
2025.09.15,23:35:44,1.754525073177511,1.8028202345657416,1.6960455500461304,1.7051200331562872,100,0,1
2025.09.15,23:50:44,1.7693311708140131,1.8557798519798308,1.7409870169880297,1.7863025181120205,100,0,1
2025.09.16,00:05:44,1.7730915348734873,1.8119376724924936,1.710129044341443,1.755803916985187,100,0,1
2025.09.16,00:20:44,1.7734482619471272,1.816448775005348,1.7394794910109308,1.7626024882837965,100,0,1
2025.09.16,00:35:44,1.803035919637651,1.8559933549653709,1.7591147669391562,1.7764755549811262,100,0,1
2025.09.16,00:50:44,1.8859389889952463,1.9691424999456724,1.8415510560334685,1.9429244653343738,100,0,1
2025.09.16,01:05:44,1.9510938938197857,1.9880882164405145,1.8953798736515146,1.9048000732260648,100,0,1
2025.09.16,01:20:44,1.9151835576000067,1.957594008800806,1.8130400268720914,1.85406140877997,100,0,1
2025.09.16,01:35:44,1.7782718101400916,1.8306442117827963,1.7095859037204915,1.8238031974097473,100,0,1
2025.09.16,01:50:44,1.729282570386344,1.7830071628577895,1.6936643172845107,1.7740674651019757,100,0,1
2025.09.16,02:05:44,1.6999592873668234,1.732874120887798,1.634580837225933,1.6691766245421005,100,0,1
2025.09.16,02:20:44,1.7061840401376873,1.7427625311552488,1.6408411705182493,1.6532655612855522,100,0,1
2025.09.16,02:35:44,1.5941789262954726,1.656942156855907,1.5637955308821427,1.5789666200244226,100,0,1
2025.09.16,02:50:44,1.6403571016167056,1.670347516551758,1.5832407931217614,1.6428007125981907,100,0,1
2025.09.16,03:05:44,1.659654015066622,1.6908029188231923,1.622044303489761,1.6898502815412964,100,0,1
2025.09.16,03:20:44,1.5517532868747574,1.6155286746106345,1.4994582355944017,1.5468879796458814,100,0,1
2025.09.16,03:35:44,1.4875424915603328,1.5212394518142505,1.4216392375854514,1.4994093938182558,100,0,1
2025.09.16,03:50:44,1.4672266637164797,1.4716304923752421,1.423748325381933,1.4698321724971366,100,0,1
2025.09.16,04:05:44,1.4825177449653446,1.5501572091820404,1.4719799782183065,1.5138931544705219,100,0,1
2025.09.16,04:20:44,1.4219478977945363,1.4637328120861202,1.388938134301144,1.4068868842676239,100,0,1
2025.09.16,04:35:44,1.3934001266889493,1.4179435201792565,1.3316481073851394,1.3421112875289838,100,0,1
2025.09.16,04:50:44,1.4766106002668433,1.5295950825286448,1.4052883087629207,1.496584662652792,100,0,1
2025.09.16,05:05:44,1.4076755570537782,1.4575972943749123,1.350968220598372,1.4358717603536029,100,0,1
2025.09.16,05:20:44,1.5072973269070102,1.5370581678958906,1.4531960643375643,1.5281817311933246,100,0,1
2025.09.16,05:35:44,1.5286792382911125,1.5766386894728934,1.4962360353878328,1.518945336573023,100,0,1
2025.09.16,05:50:44,1.4963339787915946,1.542537166897046,1.4293107643948408,1.4731509341478073,100,0,1
2025.09.16,06:05:44,1.4789070139624387,1.551689762993473,1.4280216623629058,1.4866746334027465,100,0,1
2025.09.16,06:20:44,1.409891420276812,1.4689860138441586,1.3464950921725158,1.418676544319299,100,0,1
2025.09.16,06:35:44,1.3541151544855785,1.3808404442509086,1.288917581578539,1.2908782190166026,100,0,1
2025.09.16,06:50:44,1.4024740594167118,1.4857643908552012,1.3516634166286634,1.4297522838312735,100,0,1
2025.09.16,07:05:44,1.4486164703012625,1.5007315741779799,1.4092728845104487,1.4132790357619194,100,0,1
2025.09.16,07:20:44,1.4150854168710556,1.4721358503995237,1.3956540798711363,1.399603798538496,100,0,1
2025.09.16,07:35:44,1.3502455534967681,1.4382304894927522,1.2974958459972497,1.4110755004984115,100,0,1
2025.09.16,07:50:44,1.3390694048582685,1.3879799133679789,1.2929789448053128,1.326389451680405,100,0,1
2025.09.16,08:05:44,1.3631938827953383,1.4074965286511736,1.3256137092303708,1.3379423304496811,100,0,1
2025.09.16,08:20:44,1.323640402890615,1.3880717977650041,1.2515634822300332,1.3654999266606502,100,0,1
2025.09.16,08:35:44,1.3176621087119742,1.3479089005482972,1.3092690242370109,1.344944476391137,100,0,1
2025.09.16,08:50:44,1.3054053610171208,1.3551905872523176,1.2393643559692005,1.3285950699136657,100,0,1
2025.09.16,09:05:44,1.3480164268943602,1.4015449943639324,1.3127476784655228,1.377188506730366,100,0,1
2025.09.16,09:20:44,1.3154113604467355,1.3540738613059236,1.30171447938054,1.340904121652211,100,0,1
2025.09.16,09:35:44,1.3133896149961275,1.3551775379495525,1.254901837598441,1.3211761900652235,100,0,1
2025.09.16,09:50:44,1.2461090945714395,1.3120521499513764,1.221164424525954,1.284872713595846,100,0,1
2025.09.16,10:05:44,1.2470795611212122,1.2936279734301759,1.182203944063285,1.2716803337032576,100,0,1
2025.09.16,10:20:44,1.2779626614782218,1.2784799576321824,1.2051613094513205,1.2456350599729475,100,0,1
2025.09.16,10:35:44,1.2194191267882806,1.2483734701860951,1.164418133260667,1.1684452559953498,100,0,1
2025.09.16,10:50:44,1.248939374572493,1.2548526704029221,1.2362054972918581,1.2488273070887546,100,0,1
2025.09.16,11:05:44,1.2950298384378243,1.3471955958733326,1.2678052757730747,1.3047622036577655,100,0,1
2025.09.16,11:20:44,1.217507932011803,1.2633795784474162,1.1365381370362815,1.2346348746452651,100,0,1
2025.09.16,11:35:44,1.2328786110578067,1.2925984493406748,1.1858643101582984,1.2130205872959625,100,0,1
2025.09.16,11:50:44,1.274304519246659,1.3444115163391508,1.2549894839560163,1.2756407668348024,100,0,1
2025.09.16,12:05:44,1.3091869665083924,1.3623180966134663,1.2785674533814366,1.3347464758140242,100,0,1
2025.09.16,12:20:44,1.261749526495974,1.3092134306911645,1.2275598579257352,1.2500231560945019,100,0,1
2025.09.16,12:35:44,1.3033993010103786,1.3784790686292179,1.2568789258199426,1.3698864692776183,100,0,1
2025.09.16,12:50:44,1.422901595891892,1.438839772988648,1.3780243931243734,1.3910535099702488,100,0,1
2025.09.16,13:05:44,1.4041362752358042,1.472867233313973,1.346236445685903,1.3650444495296055,100,0,1
2025.09.16,13:20:44,1.374872745680183,1.4151073215237921,1.3287737925951923,1.3363602811171766,100,0,1
2025.09.16,13:35:44,1.2980718329340744,1.364517116936266,1.2294408682286204,1.2840387030268599,100,0,1
2025.09.16,13:50:44,1.3158629777553355,1.3580367299332576,1.265508486734103,1.3392735259300477,100,0,1
2025.09.16,14:05:44,1.2740406001294675,1.3159487525894995,1.1990923638372915,1.2951176035887122,100,0,1
2025.09.16,14:20:44,1.2073666168859063,1.254300226656873,1.1524392200924978,1.2482833463454428,100,0,1
2025.09.16,14:35:44,1.1997559770262998,1.2533708638486498,1.1399103076514447,1.2058239671672961,100,0,1
2025.09.16,14:50:44,1.1661482022196121,1.2204420853758422,1.1233176865810135,1.1872073699596521,100,0,1
2025.09.16,15:05:44,1.142782740682187,1.1905434421611705,1.0970197937842747,1.1382812581421011,100,0,1
2025.09.16,15:20:44,1.1437083121335514,1.1864584535132674,1.102165275517201,1.134246329878062,100,0,1
2025.09.16,15:35:44,1.054421536166609,1.1670682222965614,1.0063221097000157,1.1347133643780647,100,0,1
2025.09.16,15:50:44,1.0959809792973814,1.1566918403121866,1.0284157310351372,1.031731864341962,100,0,1
2025.09.16,16:05:44,1.0146985637447354,1.0791575668837758,0.978670587849485,1.0592442544729723,100,0,1
2025.09.16,16:20:44,0.9716768475996524,1.0240614400715953,0.9296516299819955,1.0004852854106832,100,0,1
2025.09.16,16:35:44,0.9650799582714188,0.9746781574655776,0.9426953770683212,0.9453785740731453,100,0,1
2025.09.16,16:50:44,0.9641988979328341,1.0486275090483241,0.8833604640203196,0.9598498676852931,100,0,1
2025.09.16,17:05:44,0.9261555903316439,1.0068942719163032,0.8678844079454889,0.8846046063648006,100,0,1
2025.09.16,17:20:44,0.8271299319350347,0.8890789869086365,0.7602411563168036,0.8461398054945154,100,0,1
2025.09.16,17:35:44,0.7943481222779318,0.8231270739913433,0.7620746371133267,0.7955690394829216,100,0,1
2025.09.16,17:50:44,0.8778837060838698,0.9595047976738216,0.8109059941449683,0.8496697889938855,100,0,1
2025.09.16,18:05:44,0.9130857289142239,0.9536033442879437,0.8480875281712367,0.9216808043572366,100,0,1
2025.09.16,18:20:44,0.856667704076964,0.9251638729136363,0.8037596702952152,0.8256250776407825,100,0,1
2025.09.16,18:35:44,0.8409085157550081,0.9150541362014788,0.8041996819566792,0.8381945247535882,100,0,1
2025.09.16,18:50:44,0.8153348065564564,0.859163773223601,0.756720851239421,0.7788733468922184,100,0,1
2025.09.16,19:05:44,0.8727351248064076,0.8826792768165002,0.8292927915109387,0.8625680407529388,100,0,1
2025.09.16,19:20:44,0.8689048640762175,0.9098571533018907,0.8226811542912899,0.8431725955605522,100,0,1
2025.09.16,19:35:44,0.8933739338287736,0.931464015981844,0.8424501597536173,0.9120271022816202,100,0,1
2025.09.16,19:50:44,0.8646154806246326,0.9066999641111093,0.8098779899369304,0.8166356909835393,100,0,1
2025.09.16,20:05:44,0.873807808103987,0.9352685233436994,0.8057028698456912,0.888086938197059,100,0,1
2025.09.16,20:20:44,0.8896357356175424,0.9535256073467466,0.850280004743112,0.8856515053510141,100,0,1
2025.09.16,20:35:44,0.9600136539121124,1.0110079413050468,0.917057068977716,0.9267441906964509,100,0,1
2025.09.16,20:50:44,0.9727466737338173,1.0557963250046798,0.9330464161332275,1.0503506639429045,100,0,1
2025.09.16,21:05:44,1.0307027499264683,1.0724578431011156,0.9863564764150548,1.0076192833498994,100,0,1
2025.09.16,21:20:44,0.9791386626317867,1.0045813798688983,0.9304285754349968,0.9407193515011375,100,0,1
2025.09.16,21:35:44,0.9459673784966042,0.9990536561481603,0.8723117969425237,0.8727692940341215,100,0,1
2025.09.16,21:50:44,0.9001286475197583,0.9353574547430656,0.8628429729952243,0.8911054472310893,100,0,1
2025.09.16,22:05:44,0.963361216201334,1.0101367379229262,0.9178422117847151,0.9662705197992522,100,0,1
2025.09.16,22:20:44,0.971621294095076,1.006409198816794,0.912769080073722,0.9238618963816554,100,0,1
2025.09.16,22:35:44,1.1046535138909575,1.1775322415333025,1.078698018687249,1.124081285526865,100,0,1
2025.09.16,22:50:44,1.080452542361413,1.1475072596125238,1.0012923156264615,1.0691047835179754,100,0,1
2025.09.16,23:05:44,1.1443393201873941,1.2274312578496391,1.1146651102923077,1.1388887199718434,100,0,1
2025.09.16,23:20:44,1.1249380493246444,1.1934913114206693,1.0607049189458557,1.1846117429896537,100,0,1
2025.09.16,23:35:44,1.0973652069342947,1.163415621778313,1.053008505463548,1.151665444456199,100,0,1
2025.09.16,23:50:44,1.1395432898324085,1.215510742064042,1.131827457376453,1.1795410333757954,100,0,1
2025.09.17,00:05:44,1.2594224908883804,1.2916749838280592,1.2061016613837543,1.2363391361702174,100,0,1
2025.09.17,00:20:44,1.2510410106551528,1.3002982150571667,1.1901874325712203,1.2240565132732821,100,0,1
2025.09.17,00:35:44,1.2354624526537419,1.239076579333715,1.2246648630607229,1.2317706848915395,100,0,1
2025.09.17,00:50:44,1.2422352957592033,1.3116775222757375,1.2027625207128472,1.2815374131235224,100,0,1
2025.09.17,01:05:44,1.2855393642159068,1.3081826918580253,1.2201034691699515,1.271277892106585,100,0,1
2025.09.17,01:20:44,1.3052126138910298,1.3519260236934756,1.2283479461611755,1.246651749112127,100,0,1
2025.09.17,01:35:44,1.3033461714345282,1.3193078326226588,1.246975959398883,1.2938375264131543,100,0,1
2025.09.17,01:50:44,1.3052165680938241,1.3747569439392568,1.2841565909797248,1.3669600097953511,100,0,1
2025.09.17,02:05:44,1.298444115699244,1.3431522967328575,1.2608728315450863,1.3024610524092628,100,0,1
2025.09.17,02:20:44,1.207777822687072,1.2641227567280207,1.1685993441199862,1.194568417511226,100,0,1
2025.09.17,02:35:44,1.2055162398041472,1.2885688756775842,1.1699521850847066,1.2460546329109392,100,0,1
2025.09.17,02:50:44,1.2181326009829523,1.2763552164081708,1.2077876140677632,1.2167379514655638,100,0,1
2025.09.17,03:05:44,1.2431476551527045,1.25591552226381,1.2289196623822887,1.2338890443867288,100,0,1
2025.09.17,03:20:44,1.363531410493539,1.4331733184733573,1.3064189469969518,1.4296456843549459,100,0,1
2025.09.17,03:35:44,1.4050501660207888,1.4305029759788896,1.3481073418079152,1.366454297843253,100,0,1
2025.09.17,03:50:44,1.4593212665675879,1.4931932937939563,1.3901363865983427,1.4667618108959266,100,0,1
2025.09.17,04:05:44,1.4612043697961705,1.5252870550056208,1.412632486851126,1.4347554216550111,100,0,1
2025.09.17,04:20:44,1.4552988742315314,1.4958247004206318,1.433845606654111,1.4780783480363546,100,0,1
2025.09.17,04:35:44,1.4829774364154138,1.5030978374743107,1.4310920188524177,1.471059104991773,100,0,1
2025.09.17,04:50:44,1.473307576070571,1.5754525841546194,1.4194026136470623,1.516341417153053,100,0,1
2025.09.17,05:05:44,1.4891565329599714,1.5534767594629368,1.4320871326638904,1.4765487924399496,100,0,1
2025.09.17,05:20:44,1.4766777805591123,1.5051332223843135,1.4290057301356325,1.470305988831639,100,0,1
2025.09.17,05:35:44,1.4280467729030988,1.4874997668763739,1.373177011484999,1.4115192270998866,100,0,1
2025.09.17,05:50:44,1.350903021560288,1.4119864210813002,1.292962253901666,1.324843320690023,100,0,1
2025.09.17,06:05:44,1.248924490055246,1.3340664147282688,1.220439166196565,1.3163141508592595,100,0,1
2025.09.17,06:20:44,1.235364117815926,1.2712453650478737,1.1616824169448032,1.235313838032596,100,0,1
2025.09.17,06:35:44,1.20001374853196,1.27335643020348,1.1196496969987486,1.1747007186773468,100,0,1
2025.09.17,06:50:44,1.1702062960370823,1.2275778571062415,1.1377854376417333,1.1777981211878075,100,0,1
2025.09.17,07:05:44,1.231980264381303,1.2445168490682983,1.1794273713455796,1.235041729015946,100,0,1
2025.09.17,07:20:44,1.1776694745043883,1.1871092064079987,1.1396438845302868,1.1554555894940823,100,0,1
2025.09.17,07:35:44,1.089146062723926,1.147581609559282,1.0504393055048784,1.0774765004631044,100,0,1
2025.09.17,07:50:44,1.1359545769282489,1.2348990257762409,1.0760793649605338,1.2243445357658145,100,0,1
2025.09.17,08:05:44,1.1953398563698945,1.2098061445234396,1.145993144165576,1.1475839849471212,100,0,1
2025.09.17,08:20:44,1.2693146952496186,1.337873302217153,1.2136074506730243,1.263495706556696,100,0,1
2025.09.17,08:35:44,1.2973021173147534,1.3931020314395366,1.2571015372350518,1.2602474160833252,100,0,1
2025.09.17,08:50:44,1.3423874254347383,1.3877129211961072,1.2846299574521658,1.3444836416789814,100,0,1
2025.09.17,09:05:44,1.3892356394775127,1.4389238277864533,1.3017618799334463,1.3565831372235468,100,0,1
2025.09.17,09:20:44,1.3819488516102472,1.4284688646333492,1.3114082398041353,1.3166439781929142,100,0,1
2025.09.17,09:35:44,1.3732935295269815,1.3898878328482933,1.302139879258366,1.373938774738706,100,0,1
2025.09.17,09:50:44,1.3875518475592186,1.3999143590917251,1.3217678414173688,1.360334702382888,100,0,1
2025.09.17,10:05:44,1.3868338886679195,1.4289778154304968,1.3678103594591968,1.3830459645205495,100,0,1
2025.09.17,10:20:44,1.5243410394029109,1.5934102560547043,1.4868557783698602,1.5861695227768298,100,0,1
2025.09.17,10:35:44,1.4893291122233197,1.5490030081724582,1.4581782331066206,1.5158814667329805,100,0,1
2025.09.17,10:50:44,1.512174288028345,1.581440486895962,1.4552550704355518,1.5348110411484674,100,0,1
2025.09.17,11:05:44,1.4696408728433152,1.521059064635392,1.4386807357064628,1.5026502683614509,100,0,1
2025.09.17,11:20:44,1.4826142763473222,1.5578628717820637,1.4129555733125703,1.4959228902913675,100,0,1
2025.09.17,11:35:44,1.4140633770710522,1.4402739627664976,1.376298425134214,1.4107752900574133,100,0,1
2025.09.17,11:50:44,1.4215423212586367,1.4588897138770767,1.4054393980102624,1.4389571248848099,100,0,1
2025.09.17,12:05:44,1.4578363415401316,1.52432061862575,1.4003934779019387,1.5130954127952407,100,0,1
2025.09.17,12:20:44,1.5136084993288899,1.5502524489795233,1.4613700163148677,1.5296838046314483,100,0,1
2025.09.17,12:35:44,1.568454971070329,1.5732570094448286,1.5250960987452389,1.5396772346635659,100,0,1
2025.09.17,12:50:44,1.600336605339941,1.6637449857463191,1.5514641474553605,1.6141169500883887,100,0,1
2025.09.17,13:05:44,1.570457185307532,1.6028552033736634,1.5456945299020743,1.5477591307031047,100,0,1
2025.09.17,13:20:44,1.545404987353697,1.5857205290593903,1.506069888779962,1.5393082915990353,100,0,1
2025.09.17,13:35:44,1.523785930118659,1.5973814101894406,1.4410471336359336,1.560537222853428,100,0,1
2025.09.17,13:50:44,1.5569141555493524,1.6158287421348567,1.4955024724406287,1.5973647614512034,100,0,1
2025.09.17,14:05:44,1.6374665746700447,1.6683556920022182,1.5982230243810371,1.649432509929155,100,0,1
2025.09.17,14:20:44,1.649283543842465,1.7069310518751775,1.5808108644478387,1.592960194294975,100,0,1
2025.09.17,14:35:44,1.6648711920054355,1.719564582117982,1.6042607601222103,1.6850208353373932,100,0,1
2025.09.17,14:50:44,1.732251409645638,1.7718598395327572,1.6835338645792528,1.7083333400396512,100,0,1
2025.09.17,15:05:44,1.7623581321688684,1.8408775498066314,1.7078206903196305,1.7711420412765646,100,0,1
2025.09.17,15:20:44,1.80706809499785,1.8210938219511361,1.7269472615688333,1.8062860947744255,100,0,1
2025.09.17,15:35:44,1.8357162277228336,1.8639290411805167,1.774662579177916,1.7960830858827503,100,0,1
2025.09.17,15:50:44,1.8706944628623101,1.920479402819104,1.810370073923439,1.8375801834093133,100,0,1
2025.09.17,16:05:44,1.8892611290815606,1.949560499950507,1.847198878466677,1.8978474647851002,100,0,1
2025.09.17,16:20:44,1.8273998962157778,1.8559826236254506,1.8104250070043864,1.8470854156236742,100,0,1
2025.09.17,16:35:44,1.8086728654098028,1.874054300651061,1.7378644685021805,1.8738165939091704,100,0,1
2025.09.17,16:50:44,1.77559043131198,1.8415634890121273,1.7270349481846563,1.7352750516241435,100,0,1
2025.09.17,17:05:44,1.7447983360998294,1.8086999324804778,1.7000945543996262,1.771412791672289,100,0,1
2025.09.17,17:20:44,1.6969006919330798,1.7581291076077143,1.6625374299838773,1.745183122104703,100,0,1
2025.09.17,17:35:44,1.6879026843167788,1.7557780404298862,1.6564717713090917,1.7011139249653078,100,0,1
2025.09.17,17:50:44,1.6311920375427968,1.6814826447993607,1.5658703840588386,1.6236245657263257,100,0,1
2025.09.17,18:05:44,1.6512192623317588,1.6862706857540517,1.6070613974229133,1.6582614643817295,100,0,1
2025.09.17,18:20:44,1.6541805651594876,1.6853271886874395,1.6239553957593684,1.6759770005799037,100,0,1
2025.09.17,18:35:44,1.6841179173996854,1.7244614619687428,1.6489305818405446,1.6891302501450363,100,0,1
2025.09.17,18:50:44,1.5871952364720632,1.6393450061650763,1.5115028058974413,1.5899649150984947,100,0,1
2025.09.17,19:05:44,1.5715527896816883,1.603106160449631,1.521232499540681,1.5759197286759443,100,0,1
2025.09.17,19:20:44,1.4252641917059863,1.4987930466714616,1.387489627935307,1.482290074112684,100,0,1
2025.09.17,19:35:44,1.4741273697906152,1.508949617336261,1.3861178224657422,1.4903747926656836,100,0,1
2025.09.17,19:50:44,1.4518732270436605,1.5093364809898873,1.402942509683869,1.44165788807485,100,0,1
2025.09.17,20:05:44,1.511893860372893,1.530043642022496,1.4866607987221399,1.5162500377879817,100,0,1
2025.09.17,20:20:44,1.5857487267262573,1.6263152093667383,1.549885013795154,1.620264992628594,100,0,1
2025.09.17,20:35:44,1.5721902955914993,1.6296238966381862,1.541413521808882,1.551730378464683,100,0,1
2025.09.17,20:50:44,1.588149448746831,1.6556533939846265,1.533378366162601,1.6205896704969758,100,0,1
2025.09.17,21:05:44,1.6482203779999054,1.7285032878212971,1.6277118159348163,1.6968673779920138,100,0,1
2025.09.17,21:20:44,1.6553679915665442,1.7442265287015413,1.582005805087928,1.639026025614783,100,0,1
2025.09.17,21:35:44,1.5991260706752124,1.70007475816806,1.5208069426538118,1.5798659762833045,100,0,1
2025.09.17,21:50:44,1.607252260378707,1.6709420612587158,1.5328685051171875,1.6111391451065575,100,0,1
2025.09.17,22:05:44,1.596193455303337,1.64081415440133,1.542257662187081,1.6188088329787036,100,0,1
2025.09.17,22:20:44,1.5340418610020492,1.5781207184143526,1.4842070832183487,1.5706458705032518,100,0,1
2025.09.17,22:35:44,1.5566951250492724,1.6127491282495703,1.4886115176035561,1.5438819589065196,100,0,1
2025.09.17,22:50:44,1.5405650254529344,1.5969571483950953,1.4829137688615208,1.579216785847767,100,0,1
2025.09.17,23:05:44,1.4819374828424086,1.5306002193540162,1.4325509912309151,1.5102560240777076,100,0,1
2025.09.17,23:20:44,1.4885721603076243,1.5338459666613962,1.4519333890662718,1.470870361325785,100,0,1
2025.09.17,23:35:44,1.4402916672465287,1.4490537073605856,1.4044886537766237,1.4460973426299093,100,0,1
2025.09.17,23:50:44,1.4076978598516947,1.4806783081572576,1.35133907581451,1.4538525341555029,100,0,1
2025.09.18,00:05:44,1.3298231430111929,1.3806750672587211,1.27177723123018,1.3377585891360946,100,0,1
2025.09.18,00:20:44,1.373371568998614,1.4093867473617625,1.2978492442726302,1.395929872201445,100,0,1
2025.09.18,00:35:44,1.4202611197565522,1.4916064972453085,1.3985477779629525,1.474827149239037,100,0,1
2025.09.18,00:50:44,1.3481368315873652,1.4647026260779787,1.313021975765986,1.4385504735180044,100,0,1
2025.09.18,01:05:44,1.355731936841373,1.3899998128191464,1.2980356799017343,1.3528700053859313,100,0,1
2025.09.18,01:20:44,1.3964312978508064,1.4675006656756096,1.3129900042084144,1.4169815795420608,100,0,1
2025.09.18,01:35:44,1.4595262666479927,1.5465002158315004,1.419572304012273,1.5108492933846964,100,0,1
2025.09.18,01:50:44,1.5011302670442828,1.5597972391285169,1.4576012101042046,1.500231896857867,100,0,1
2025.09.18,02:05:44,1.5111319123837874,1.5508389041962607,1.4500221363653392,1.5114489994747011,100,0,1
2025.09.18,02:20:44,1.50702761003288,1.593969718489295,1.4926293663373982,1.5081045319571738,100,0,1
2025.09.18,02:35:44,1.6369882906157434,1.685495060361795,1.6335664069900262,1.6338795715598413,100,0,1
2025.09.18,02:50:44,1.5997333970806908,1.6532048402934818,1.5426040080616328,1.606972142786875,100,0,1
2025.09.18,03:05:44,1.6873389189372963,1.710899168672119,1.6576523406788664,1.6705489501033708,100,0,1
2025.09.18,03:20:44,1.7068108930495374,1.7558171620570304,1.6147223071503598,1.6209242649365108,100,0,1
2025.09.18,03:35:44,1.6938757869825656,1.7410966560699477,1.6276759678367454,1.6937129574427296,100,0,1
2025.09.18,03:50:44,1.6776121317051147,1.6983333702629129,1.6268714275023994,1.673016430570691,100,0,1
2025.09.18,04:05:44,1.684628834733005,1.7005448778411179,1.6625708424884096,1.678037037563841,100,0,1
2025.09.18,04:20:44,1.636945095293757,1.6650426855689984,1.6000573554084903,1.6178526417165247,100,0,1
2025.09.18,04:35:44,1.5963083938637557,1.668663149165853,1.5490118276674532,1.6633789422105822,100,0,1
2025.09.18,04:50:44,1.5893595062764607,1.6498603440722202,1.5563423508265433,1.5677143930154827,100,0,1
2025.09.18,05:05:44,1.5314450571693599,1.5946580925646165,1.4534192868100928,1.4718320874976853,100,0,1
2025.09.18,05:20:44,1.5184678421872735,1.5685887447055034,1.4558047651357053,1.4825074132561453,100,0,1
2025.09.18,05:35:44,1.489886458909336,1.5308989789392644,1.4220277559873005,1.4286285423578462,100,0,1
2025.09.18,05:50:44,1.5369667538572618,1.616191992723018,1.488850779252408,1.5671527458168457,100,0,1
2025.09.18,06:05:44,1.5216690535830484,1.5898802096247386,1.4552729245749283,1.4677202578722295,100,0,1
2025.09.18,06:20:44,1.525104271303826,1.5766041394016856,1.5012896696787066,1.5296017844083423,100,0,1
2025.09.18,06:35:44,1.4861374687969313,1.5314004827497318,1.4370488612756396,1.509950481818058,100,0,1
2025.09.18,06:50:44,1.5280218594759494,1.5897818714095817,1.4689266570088864,1.4918312960705145,100,0,1
2025.09.18,07:05:44,1.5250118924974108,1.5476612126756737,1.4662506412774787,1.5331808750631786,100,0,1
2025.09.18,07:20:44,1.5143782421375527,1.5598413208427997,1.4523800315580495,1.5474346209311176,100,0,1
2025.09.18,07:35:44,1.5988126975828607,1.65141954302181,1.5831071517057491,1.631271267677695,100,0,1
2025.09.18,07:50:44,1.67160069526679,1.7310574546910023,1.6200963480446304,1.680502719332878,100,0,1
2025.09.18,08:05:44,1.6031306361960223,1.6489216808459823,1.5596170517787409,1.5638119603602603,100,0,1
2025.09.18,08:20:44,1.6311311995285729,1.6603002523092427,1.5593115711504792,1.6500623878018736,100,0,1
2025.09.18,08:35:44,1.5855576419510822,1.6223758988257053,1.5359215336204317,1.5861716540872155,100,0,1
2025.09.18,08:50:44,1.5579793198747443,1.605349144382019,1.5286290531362958,1.570438020530819,100,0,1
2025.09.18,09:05:44,1.641446616382766,1.6872404413088775,1.5810830130862785,1.6779361244247994,100,0,1
2025.09.18,09:20:44,1.597086393251455,1.6331057677405127,1.521942915390091,1.6297739487343075,100,0,1
2025.09.18,09:35:44,1.5833402498869895,1.659256970993691,1.5513559095719796,1.573231111111777,100,0,1
2025.09.18,09:50:44,1.6586665626687698,1.7271244008886364,1.5915513413908207,1.6699790027657018,100,0,1
2025.09.18,10:05:44,1.6329044375434836,1.6772395291484825,1.5813772094204128,1.5984891955543294,100,0,1
2025.09.18,10:20:44,1.658333661160668,1.689562154991904,1.591815413097788,1.6795976947738278,100,0,1
2025.09.18,10:35:44,1.6647296556789832,1.7276553536730461,1.5794138647340525,1.6067061664560032,100,0,1
2025.09.18,10:50:44,1.7242661046627012,1.7883383373222708,1.6933999295762177,1.7570798544296953,100,0,1
2025.09.18,11:05:44,1.7659111809455434,1.825590514745251,1.7262692345833757,1.81948984393554,100,0,1
2025.09.18,11:20:44,1.694412967907674,1.6986543164657935,1.6531856785894103,1.6935161983381228,100,0,1
2025.09.18,11:35:44,1.6729503399170995,1.7326454302221252,1.6565976903459554,1.673361115613266,100,0,1
2025.09.18,11:50:44,1.7080311299220639,1.7515933242216921,1.7072372155909017,1.7451953859690603,100,0,1
2025.09.18,12:05:44,1.7888820249668276,1.837387447928956,1.7318304722022235,1.7853684433215613,100,0,1
2025.09.18,12:20:44,1.7750876094531456,1.814201716890509,1.7009998090845972,1.7823565757647413,100,0,1
2025.09.18,12:35:44,1.7659349093799739,1.7934924728013841,1.7163372385309585,1.7930149986437394,100,0,1
2025.09.18,12:50:44,1.8092817962139185,1.8729274173937676,1.7380395537883744,1.8707202943267751,100,0,1
2025.09.18,13:05:44,1.7504397642140963,1.7778761264879273,1.7241717776506102,1.74513295368941,100,0,1
2025.09.18,13:20:44,1.7530508634994666,1.7926425456382813,1.6912618654131835,1.760439491239874,100,0,1
2025.09.18,13:35:44,1.7683937932758953,1.8438410464870543,1.6957734588662234,1.8168595601659554,100,0,1
2025.09.18,13:50:44,1.724963990389081,1.7868711292453876,1.6629063004608151,1.6739220878223857,100,0,1
2025.09.18,14:05:44,1.7830549041545485,1.823255254913859,1.7365297867906981,1.8133263335964143,100,0,1
2025.09.18,14:20:44,1.7237958182194546,1.8029777290790168,1.6819335687836456,1.7582864217416925,100,0,1
2025.09.18,14:35:44,1.6324435490273976,1.683142236751526,1.5756675991940747,1.5983703608566824,100,0,1
2025.09.18,14:50:44,1.6031525162895492,1.6624207479583986,1.5602951803466028,1.5686621060313948,100,0,1
2025.09.18,15:05:44,1.5051231553110171,1.5665064332676106,1.3976921212746678,1.502860527039302,100,0,1
2025.09.18,15:20:44,1.4895420047427688,1.516271753132201,1.4379006457005887,1.4960053529135653,100,0,1
2025.09.18,15:35:44,1.4132056591784048,1.4910307706070673,1.3558555978314912,1.4753135112980065,100,0,1
2025.09.18,15:50:44,1.3851496116910955,1.4558488888586982,1.3243919318980026,1.3687846960736505,100,0,1
2025.09.18,16:05:44,1.3739771898028996,1.3998631699368627,1.3003774757601168,1.3986345121477524,100,0,1
2025.09.18,16:20:44,1.4243756160213892,1.4312547630080257,1.3481591845815826,1.3971527462720477,100,0,1
2025.09.18,16:35:44,1.4161305466225955,1.457997590967932,1.3377418952163078,1.3392373204701231,100,0,1
2025.09.18,16:50:44,1.3784612243344736,1.4308433397883624,1.3222819896693017,1.3441980780269298,100,0,1
2025.09.18,17:05:44,1.393272922915258,1.422693079754867,1.3493865102241898,1.3898427574869971,100,0,1
2025.09.18,17:20:44,1.405722661452522,1.4996248319762098,1.379481055645621,1.4199256036816805,100,0,1
2025.09.18,17:35:44,1.424643880064112,1.4930731778606943,1.357652010599592,1.3853390983114895,100,0,1
2025.09.18,17:50:44,1.4069114776287819,1.4826856188711603,1.3273996550268508,1.4252904137793023,100,0,1
2025.09.18,18:05:44,1.42839468399775,1.452508387629131,1.3922854967155076,1.4257033968775794,100,0,1
2025.09.18,18:20:44,1.4210591680493616,1.4601177603793494,1.3802596616135243,1.4417441512047193,100,0,1
2025.09.18,18:35:44,1.440638098616723,1.4913323386402648,1.4034634038347187,1.4803720134867964,100,0,1
2025.09.18,18:50:44,1.4148096282122347,1.419085845306699,1.3557108644493807,1.4013239330536242,100,0,1
2025.09.18,19:05:44,1.4033719736424692,1.4334315461140983,1.3613147849997924,1.4129663457259418,100,0,1
2025.09.18,19:20:44,1.3479574914295742,1.3954243748544333,1.2896171657374196,1.3493314842294875,100,0,1
2025.09.18,19:35:44,1.2836709938050137,1.3425526203410716,1.2556899352078745,1.287998109565666,100,0,1
2025.09.18,19:50:44,1.2409910271189097,1.3042684569850647,1.175189489651844,1.288268355708433,100,0,1
2025.09.18,20:05:44,1.2746052581835392,1.3390589286564312,1.256048133863791,1.309758647198214,100,0,1
2025.09.18,20:20:44,1.2759771618620461,1.3508223709525504,1.2201592239943053,1.234736748096348,100,0,1
2025.09.18,20:35:44,1.3060210717722185,1.3279292221279078,1.2835364669152605,1.3048602389556145,100,0,1
2025.09.18,20:50:44,1.3437759412034853,1.408198807117106,1.2874002043659687,1.3894965972602986,100,0,1
2025.09.18,21:05:44,1.3522956930788446,1.3890817416595291,1.294701396880848,1.3272191965786606,100,0,1
2025.09.18,21:20:44,1.3513599336183029,1.409765957345087,1.2728550099233757,1.2745953108321553,100,0,1
2025.09.18,21:35:44,1.2639617305215007,1.3307830735736315,1.2141135311880302,1.3209742374915416,100,0,1
2025.09.18,21:50:44,1.262904706218083,1.3207495217810081,1.2188942949747983,1.221814948261214,100,0,1
2025.09.18,22:05:44,1.247125996429254,1.3300759178486847,1.2083286201308756,1.253154889069379,100,0,1
2025.09.18,22:20:44,1.3514190610870827,1.4396593388637464,1.3087950527193823,1.3901680594048018,100,0,1
2025.09.18,22:35:44,1.3030533821947277,1.3501653901443984,1.2739264015767455,1.3061609877649831,100,0,1
2025.09.18,22:50:44,1.2724789518968838,1.3167351650730947,1.189367172715549,1.2990987884574425,100,0,1
2025.09.18,23:05:44,1.2932465633941086,1.3543684281519,1.2158363418668467,1.2365206658128698,100,0,1
2025.09.18,23:20:44,1.3686392194285162,1.4088746873635525,1.3073501259424942,1.3645760994850302,100,0,1
2025.09.18,23:35:44,1.3107634141992914,1.3765199793528178,1.2836921152508578,1.3056184468043865,100,0,1
2025.09.18,23:50:44,1.1880011456009063,1.208783042059293,1.1013353395629009,1.1062705632730578,100,0,1
2025.09.19,00:05:44,1.3376174577357496,1.3867957849564567,1.292540309829509,1.3476528696843841,100,0,1
2025.09.19,00:20:44,1.3523050380662207,1.367513224715488,1.3044014560886907,1.3633035736247558,100,0,1
2025.09.19,00:35:44,1.400377287812258,1.4800448175815408,1.3615029285089968,1.404997381872975,100,0,1
2025.09.19,00:50:44,1.3843125488448926,1.4298384869957137,1.3375272608096376,1.4277836557988621,100,0,1
2025.09.19,01:05:44,1.3643963340376322,1.414437410008688,1.3305508920553308,1.3958262323385382,100,0,1
2025.09.19,01:20:44,1.3447432541333135,1.3777369509406998,1.3129298170347476,1.3247968839816244,100,0,1
2025.09.19,01:35:44,1.3286525897646824,1.3901396303324658,1.2910247489748894,1.3245350763088188,100,0,1
2025.09.19,01:50:44,1.3099929901763376,1.365293375812691,1.2667733549857843,1.283958277332326,100,0,1
2025.09.19,02:05:44,1.31664873211602,1.3606938710809573,1.2828778090673933,1.307646384342953,100,0,1
2025.09.19,02:20:44,1.3623760886649279,1.4072923613985915,1.2953909118283105,1.3281535200472352,100,0,1
2025.09.19,02:35:44,1.3567568318449958,1.4134856985699704,1.283071884845835,1.32361383454491,100,0,1
2025.09.19,02:50:44,1.4031252869078783,1.4145317066302767,1.3310268504237437,1.3833134097757394,100,0,1
2025.09.19,03:05:44,1.404880594959297,1.4520947159815303,1.3623580788213463,1.3895664504775707,100,0,1
2025.09.19,03:20:44,1.3748627124313268,1.4390386114841798,1.3057651405018484,1.3085345695210355,100,0,1
2025.09.19,03:35:44,1.2638682338711311,1.30917569365802,1.2142658651710656,1.2208137478011256,100,0,1
2025.09.19,03:50:44,1.2299573331974918,1.313107714219351,1.1905929444099084,1.2602368234044545,100,0,1
2025.09.19,04:05:44,1.2044364636308627,1.2737656288987886,1.1413071472365934,1.2165744996028751,100,0,1
2025.09.19,04:20:44,1.203312611172835,1.2405601870587735,1.162209976742653,1.1668652452154193,100,0,1
2025.09.19,04:35:44,1.3068444327077504,1.3728484406373227,1.226705749882932,1.371209105044553,100,0,1
2025.09.19,04:50:44,1.3540319634364517,1.4060998224607895,1.3200454388428904,1.3985306867457796,100,0,1
2025.09.19,05:05:44,1.383667031385869,1.4488230652920042,1.3445146248955273,1.3529551234446175,100,0,1
2025.09.19,05:20:44,1.3652473448599507,1.4315424114729556,1.336321107991389,1.3779253526283217,100,0,1
2025.09.19,05:35:44,1.3051745543572566,1.364404745408059,1.2688701631511037,1.2743901341102974,100,0,1
2025.09.19,05:50:44,1.304266534212479,1.370295807351347,1.2535657291943576,1.2730020106102795,100,0,1
2025.09.19,06:05:44,1.3272182495153475,1.377342935991927,1.294883637562347,1.3738040573399786,100,0,1
2025.09.19,06:20:44,1.265016589575069,1.2986575258843003,1.2062768872918743,1.2850551583897027,100,0,1
2025.09.19,06:35:44,1.192635340045909,1.234018234105649,1.1464859242720324,1.1916547737044039,100,0,1
2025.09.19,06:50:44,1.1399264451183266,1.1949682501323182,1.0814129642189232,1.145087246474959,100,0,1
2025.09.19,07:05:44,1.2078366075081197,1.2369758025964985,1.1654163112175524,1.2126032822794102,100,0,1
2025.09.19,07:20:44,1.1542939203491802,1.1676751062348996,1.1397724557905593,1.1465787147254203,100,0,1
2025.09.19,07:35:44,1.1415122052218103,1.198082361451526,1.0495295619510998,1.0980255975964817,100,0,1
2025.09.19,07:50:44,1.100565083460974,1.1382777898502254,1.0473161387120615,1.0764497739788432,100,0,1
2025.09.19,08:05:44,1.1108716443939468,1.1654107369702742,1.0741445782092018,1.1529013855931058,100,0,1
2025.09.19,08:20:44,1.0952613528659758,1.169991311558122,1.0239007801755269,1.0285835843429332,100,0,1
2025.09.19,08:35:44,1.0919691642788565,1.131966757681926,1.0401901248296597,1.0856638614056817,100,0,1
2025.09.19,08:50:44,1.0386927162119126,1.100574381636596,0.9688672599001645,1.0662611215180773,100,0,1
2025.09.19,09:05:44,1.0050944980775314,1.0215656209541868,0.967711543014735,0.9938455544647389,100,0,1
2025.09.19,09:20:44,1.0571266405787298,1.133585895976397,0.9787806607342731,1.0561412039165496,100,0,1
2025.09.19,09:35:44,1.1420116246283003,1.1975271396393574,1.0768165561039666,1.1725122215524346,100,0,1
2025.09.19,09:50:44,1.110348127800111,1.151668622652464,1.0463104682187487,1.050254794784232,100,0,1
2025.09.19,10:05:44,1.1627004829566567,1.2427763414379729,1.1297236678274258,1.2148053458555519,100,0,1
2025.09.19,10:20:44,1.195752360465377,1.2622092531977331,1.1406143489817617,1.213032039816535,100,0,1
2025.09.19,10:35:44,1.0724146637541543,1.1256001256931003,1.0551289758401359,1.0810477963865128,100,0,1
2025.09.19,10:50:44,1.006384691756056,1.034409487136586,0.9581310316898021,1.0271709266765394,100,0,1
2025.09.19,11:05:44,0.9881249310848884,1.0320806969197616,0.9259827832368325,1.010671912430757,100,0,1
2025.09.19,11:20:44,0.9511439965818335,1.0477965561001246,0.9109585646410967,1.0087751077403428,100,0,1
2025.09.19,11:35:44,0.9346356321240122,0.9775416328078183,0.8961206298554852,0.9289699601715505,100,0,1
2025.09.19,11:50:44,0.901811922095401,0.9245754259026083,0.8280695363036187,0.8598223645051022,100,0,1
2025.09.19,12:05:44,0.8625999390566038,0.9245242905208908,0.8488672007663276,0.8533375193948393,100,0,1
2025.09.19,12:20:44,0.8593930496319564,0.9260537203011889,0.7890337468777423,0.8214140261432877,100,0,1
2025.09.19,12:35:44,0.8382415365479238,0.8833589937344947,0.8050951948695664,0.8293100877888472,100,0,1
2025.09.19,12:50:44,0.9012694097241085,0.947447379405876,0.8803450491415457,0.889489045904238,100,0,1
2025.09.19,13:05:44,0.9490935857162471,1.0094276335234074,0.9015016932497527,0.932306980696157,100,0,1
2025.09.19,13:20:44,0.8769335629094951,0.9360607414517705,0.8578257040627737,0.9209100784956683,100,0,1
2025.09.19,13:35:44,0.8543882910491111,0.9587287812220523,0.8186827002238478,0.8924321862422974,100,0,1
2025.09.19,13:50:44,0.9032045007530128,0.9518300975046305,0.8225861351285448,0.950874929319635,100,0,1
2025.09.19,14:05:44,0.9046720948633566,0.9391750613143567,0.8560351591247193,0.925423567473407,100,0,1
2025.09.19,14:20:44,0.9793451824778697,1.0073478202558195,0.9180380649700994,0.9356005499656181,100,0,1
2025.09.19,14:35:44,0.9115397966633657,0.9499121382212643,0.8585673983882398,0.926903800397042,100,0,1
2025.09.19,14:50:44,0.8252092332168964,0.8873976557757676,0.7884529834347055,0.8738134463446018,100,0,1
2025.09.19,15:05:44,0.8289862447068401,0.8993108076664984,0.7942441151134855,0.8615200860530425,100,0,1
2025.09.19,15:20:44,0.7536938137685791,0.8111761829482432,0.7158077164551289,0.7628121660040478,100,0,1
2025.09.19,15:35:44,0.7437605083189859,0.7851847867405902,0.6876457818757243,0.75188260267864,100,0,1
2025.09.19,15:50:44,0.7618514996649425,0.8302610964377394,0.7030575276109601,0.7132197135780531,100,0,1
2025.09.19,16:05:44,0.7954960864714394,0.8446352454265735,0.7136830516600261,0.7949515103323551,100,0,1
2025.09.19,16:20:44,0.8484500020262732,0.8899807734034823,0.7677851101740795,0.7688332741801523,100,0,1
2025.09.19,16:35:44,0.8033705937837845,0.8450880803463227,0.7228358902476185,0.7589533570724054,100,0,1
2025.09.19,16:50:44,0.7795106446269185,0.8429070473146283,0.7679061180835741,0.832880135883185,100,0,1
2025.09.19,17:05:44,0.7480339332940773,0.7970161897013783,0.6857741631326534,0.7968830460486434,100,0,1
2025.09.19,17:20:44,0.7218399050041917,0.7647932839198857,0.6523811363711265,0.748457900088158,100,0,1
2025.09.19,17:35:44,0.8492480112007,0.9285131835807049,0.801367652406929,0.898788460573085,100,0,1
2025.09.19,17:50:44,0.7844204735979475,0.7869429026674521,0.7008077037773719,0.7758490707833228,100,0,1
2025.09.19,18:05:44,0.7944686961625355,0.8138763497231002,0.7309413801740284,0.7738990035928788,100,0,1
2025.09.19,18:20:44,0.8565721289204549,0.898206712578218,0.8298492418809156,0.866042513609063,100,0,1
2025.09.19,18:35:44,0.9082574911476976,0.9635868465230707,0.8801185227815257,0.9532617914368512,100,0,1
2025.09.19,18:50:44,0.8346813509775902,0.8614760244878328,0.7615710323603512,0.7977951083678402,100,0,1
2025.09.19,19:05:44,0.7908899898961284,0.8298214074303385,0.76875236085531,0.7743782429931886,100,0,1
2025.09.19,19:20:44,0.8004520273509085,0.858985498073206,0.7513236051635241,0.8425222915081512,100,0,1
2025.09.19,19:35:44,0.8002340873516501,0.8322939682211424,0.7159188012723261,0.804279978214047,100,0,1
2025.09.19,19:50:44,0.7814350868079931,0.823913432547808,0.7175570869159135,0.7824088193126169,100,0,1
2025.09.19,20:05:44,0.7035135939455656,0.7329620228771375,0.6487383393452415,0.6643241030029711,100,0,1
2025.09.19,20:20:44,0.6545820592937479,0.6885529462786326,0.5884300870004339,0.6039264145416724,100,0,1
2025.09.19,20:35:44,0.565324234405025,0.6304199477315742,0.5174953409721217,0.549025231474823,100,0,1
2025.09.19,20:50:44,0.5404830319638007,0.6310185275347037,0.49033933306836136,0.5240496684017991,100,0,1
2025.09.19,21:05:44,0.5805820334883097,0.6412457171388215,0.5363419086287355,0.5414004467200549,100,0,1
2025.09.19,21:20:44,0.550637387984285,0.6141901981006779,0.49525286976530064,0.573478694111225,100,0,1
2025.09.19,21:35:44,0.5859897934817586,0.6315420431345039,0.53654982928775,0.5976745856134156,100,0,1
2025.09.19,21:50:44,0.5959150849316183,0.6498303483841757,0.5581619935913328,0.6054150765631373,100,0,1
2025.09.19,22:05:44,0.5924559029035383,0.6229733121197727,0.5359856362511602,0.5526423544726344,100,0,1
2025.09.19,22:20:44,0.5547122856816146,0.5752293825166103,0.5046106046359277,0.5518283555573285,100,0,1
2025.09.19,22:35:44,0.642083180956907,0.6640828303252279,0.5936503586525922,0.633512656117963,100,0,1
2025.09.19,22:50:44,0.5549150071508161,0.6373108604477097,0.5284397215725761,0.5414485228514949,100,0,1
2025.09.19,23:05:44,0.5348343697015949,0.5737502114143144,0.4933410404277653,0.5428449271872258,100,0,1
2025.09.19,23:20:44,0.5659996448053658,0.6173387687543564,0.4941301810409374,0.5308474411934169,100,0,1
2025.09.19,23:35:44,0.5491673525114805,0.5591412986840157,0.49582828212926994,0.5377097343180015,100,0,1
2025.09.19,23:50:44,0.5718899572851616,0.6173727842364056,0.5073302323786235,0.5567829835134123,100,0,1
2025.09.20,00:05:44,0.5680317267359852,0.6096993996009886,0.5410965017307038,0.6074830994197059,100,0,1
2025.09.20,00:20:44,0.5334037892960881,0.5959569323542283,0.4738839988634943,0.5914090466026681,100,0,1
2025.09.20,00:35:44,0.6215364669137063,0.6954758350478151,0.5578575539687955,0.5645301404776308,100,0,1
2025.09.20,00:50:44,0.6253917435884838,0.6603896451039128,0.5769436148378586,0.5941956874167075,100,0,1
2025.09.20,01:05:44,0.6870644950648385,0.7259821114299736,0.6117855362309416,0.6430570001491577,100,0,1
2025.09.20,01:20:44,0.5165008160188508,0.5597828230100635,0.4717779820724691,0.5552284260465417,100,0,1
2025.09.20,01:35:44,0.5282090759869414,0.5590373637662225,0.4731224878174616,0.5477298803477937,100,0,1
2025.09.20,01:50:44,0.6103559128997245,0.6693665606112031,0.5722828050560259,0.6532115301050498,100,0,1
2025.09.20,02:05:44,0.5875179767939585,0.6331030502957575,0.5179265418046545,0.5980290342317376,100,0,1
2025.09.20,02:20:44,0.6345800945115768,0.6740907398043763,0.5992970875038169,0.6518144174234052,100,0,1
2025.09.20,02:35:44,0.692458927453212,0.7539382828676181,0.6093300685420213,0.7445608209847319,100,0,1
2025.09.20,02:50:44,0.7264297120376071,0.7885317276306321,0.6984211260994293,0.710305212865493,100,0,1
2025.09.20,03:05:44,0.7830555617253874,0.8651770464536677,0.7268699679305427,0.8594789222755866,100,0,1
2025.09.20,03:20:44,0.8288107525028533,0.8983510491217253,0.801011056185684,0.8311090793382201,100,0,1
2025.09.20,03:35:44,0.8021990936226122,0.8643682204272914,0.7424620340792006,0.7494657128766458,100,0,1
2025.09.20,03:50:44,0.7861396462168352,0.8800666666732603,0.7062218151248173,0.7905809608321372,100,0,1
2025.09.20,04:05:44,0.9081668255647639,0.9402135279035888,0.8684875766579928,0.9166854730199389,100,0,1
2025.09.20,04:20:44,0.9333587189609306,0.9428552350417536,0.8861820209902475,0.9110938391513466,100,0,1
2025.09.20,04:35:44,0.9853258381687363,1.0449650880097734,0.9631936624344782,1.027935794196418,100,0,1
2025.09.20,04:50:44,0.993682155281762,1.022413792454261,0.9403362409645956,0.9897373371955737,100,0,1
2025.09.20,05:05:44,0.9761971939771172,1.0129713496991706,0.9264973223847826,0.9387365897063648,100,0,1
2025.09.20,05:20:44,0.9435937459205119,0.9940737167129281,0.8654892586396591,0.9688934641810717,100,0,1
2025.09.20,05:35:44,0.9444705542839769,0.9689525100163656,0.8813821011273235,0.9179829268230245,100,0,1
2025.09.20,05:50:44,0.8304978457909283,0.8664759028074,0.806095926882301,0.8619030129238237,100,0,1
2025.09.20,06:05:44,0.811725224278388,0.871711866706783,0.7870035066116989,0.8403573878022967,100,0,1
2025.09.20,06:20:44,0.8395934443491816,0.8960030801636564,0.7756125855762445,0.8116491538414093,100,0,1
2025.09.20,06:35:44,0.8234156411343039,0.8675572343809589,0.7985331109549901,0.8230698888313889,100,0,1
2025.09.20,06:50:44,0.8186174702152312,0.8790974158077274,0.7777487219252174,0.8147662991473862,100,0,1
2025.09.20,07:05:44,0.8503747833913907,0.929582031768945,0.7550630545860307,0.891832603272752,100,0,1
2025.09.20,07:20:44,0.8707857910426117,0.9296647452087348,0.8650997836442372,0.9256848418450373,100,0,1
2025.09.20,07:35:44,0.8834163553927934,0.9427162306208314,0.8331524752234578,0.840736333418375,100,0,1
2025.09.20,07:50:44,0.875495831832628,0.8953207386833795,0.798935164118278,0.8935689840890804,100,0,1
2025.09.20,08:05:44,0.6723330592281707,0.7140700340544885,0.6216610915368618,0.6652086533943353,100,0,1
2025.09.20,08:20:44,0.6621528199649301,0.6991661518594051,0.6214515482267476,0.6276532116951621,100,0,1
2025.09.20,08:35:44,0.7468335312710116,0.8046169049969386,0.6837486018999388,0.7749227262191928,100,0,1
2025.09.20,08:50:44,0.8145846401139832,0.8795465168999606,0.7496297193683675,0.7948216868778242,100,0,1
2025.09.20,09:05:44,0.793585580004326,0.8283712941128841,0.7621640317884416,0.8084104794241506,100,0,1
2025.09.20,09:20:44,0.8114857820083536,0.8437385167986527,0.7559471230549274,0.7750037576839997,100,0,1
2025.09.20,09:35:44,0.8423627746680187,0.8927784074962128,0.8213962606259748,0.8454893494305105,100,0,1
2025.09.20,09:50:44,0.8501584531513141,0.8746490225534236,0.7920660750897356,0.8147047476908573,100,0,1
2025.09.20,10:05:44,0.8011198376829207,0.8311763886815673,0.726813686403604,0.8030068312612549,100,0,1
2025.09.20,10:20:44,0.8775761879485897,0.8906325780848281,0.8190035139817887,0.8776873734407413,100,0,1
2025.09.20,10:35:44,0.810851105731775,0.8712835073054197,0.7581442582935443,0.8249506738075413,100,0,1
2025.09.20,10:50:44,0.8601194422771167,0.9427850361983348,0.8005792885904818,0.8849873317913212,100,0,1
2025.09.20,11:05:44,0.8919420259626905,0.9635641816979209,0.8575103473016299,0.9041684772199097,100,0,1
2025.09.20,11:20:44,0.8732181136308934,0.9121820406213448,0.8203380703542891,0.8544595080235663,100,0,1
2025.09.20,11:35:44,0.8174333288457487,0.8725376025149723,0.753786910500388,0.7996988438815607,100,0,1
2025.09.20,11:50:44,0.7893920739151257,0.8454155441148513,0.7595744484938906,0.7708959387570237,100,0,1
2025.09.20,12:05:44,0.74190287279265,0.8259947883159364,0.7066711913059607,0.7819443836369379,100,0,1
2025.09.20,12:20:44,0.7137473819295801,0.7872036339847345,0.644651197888625,0.6574133653691655,100,0,1
2025.09.20,12:35:44,0.7195630326365166,0.7649619594793956,0.6856147963224052,0.7146556257711516,100,0,1
2025.09.20,12:50:44,0.6859482071704056,0.7335775686546454,0.6449885908132279,0.6532153791635337,100,0,1
2025.09.20,13:05:44,0.6717704647852624,0.7438996539418863,0.608774872488232,0.6121519067924895,100,0,1
2025.09.20,13:20:44,0.6554060782117362,0.7086736539376627,0.5457155475992482,0.6673753342099031,100,0,1
2025.09.20,13:35:44,0.6062379498271752,0.6621318630525678,0.5871222538839651,0.6573395835853046,100,0,1
2025.09.20,13:50:44,0.5911977039387455,0.6674568448688585,0.5295390502202817,0.564963045396796,100,0,1
2025.09.20,14:05:44,0.6530858830756069,0.7552786652682958,0.596139674360539,0.7054277279543313,100,0,1
2025.09.20,14:20:44,0.6444608606916915,0.660079941330759,0.6357732927215412,0.6485277585660358,100,0,1
2025.09.20,14:35:44,0.551062078885063,0.5890439014971202,0.49180992461433004,0.5383800423053261,100,0,1
2025.09.20,14:50:44,0.5406933044786022,0.5990456591159682,0.49408388577864787,0.5622349682353907,100,0,1
2025.09.20,15:05:44,0.5388758724223739,0.5823660325783615,0.47473558878588346,0.5569106640300837,100,0,1
2025.09.20,15:20:44,0.43814762899166915,0.47516093283350963,0.4020419368520054,0.41342104477151465,100,0,1
2025.09.20,15:35:44,0.36401613247402187,0.4308386973467795,0.32761966108881035,0.4165145505538116,100,0,1
2025.09.20,15:50:44,0.34200382113786143,0.3821464163723679,0.2889961746060426,0.33826748071899887,100,0,1
2025.09.20,16:05:44,0.3205333963390592,0.40439962819227776,0.27414176246825694,0.36803838073363937,100,0,1
2025.09.20,16:20:44,0.3648255467938867,0.3852612932796883,0.3053696677805238,0.3625562539081108,100,0,1
2025.09.20,16:35:44,0.43437745659183497,0.49279650590646473,0.3742163856091476,0.3792480433611595,100,0,1
2025.09.20,16:50:44,0.4016883978892455,0.436900603075888,0.38320729978608126,0.3983792120799696,100,0,1
2025.09.20,17:05:44,0.4301780041501187,0.5123626695759276,0.4066160586343839,0.45454340692851836,100,0,1
2025.09.20,17:20:44,0.4396307645559093,0.4910546990504178,0.40962979783767356,0.4796280328654035,100,0,1
2025.09.20,17:35:44,0.45817628077495337,0.5368342662975206,0.42550178260290095,0.43464672190538456,100,0,1
2025.09.20,17:50:44,0.5470398168294387,0.5984083268321874,0.5310311228908741,0.5741688731950014,100,0,1
2025.09.20,18:05:44,0.5491410931918632,0.6134652438428191,0.5091923270691141,0.5382306770249585,100,0,1
2025.09.20,18:20:44,0.551859806263255,0.5738549821234062,0.4771728823595701,0.5347986939834402,100,0,1
2025.09.20,18:35:44,0.5295321285803377,0.5638680180311808,0.4896766092083191,0.5468277848822277,100,0,1
2025.09.20,18:50:44,0.5776804254808853,0.6356906471324058,0.49703689918900384,0.5828085942941403,100,0,1
2025.09.20,19:05:44,0.6761985531037438,0.7347755581519556,0.6155601612047047,0.6383914455089995,100,0,1
2025.09.20,19:20:44,0.5723830266243323,0.5977518139076616,0.5264549792242271,0.5844287079107832,100,0,1
2025.09.20,19:35:44,0.5359481417734774,0.606264248600459,0.48645157418347873,0.5267540440204725,100,0,1
2025.09.20,19:50:44,0.4930990443573213,0.5769816223331838,0.44071889878153025,0.5271149024273984,100,0,1
2025.09.20,20:05:44,0.4776640089060409,0.546281248271653,0.42296534358978366,0.46964044891412865,100,0,1
2025.09.20,20:20:44,0.4342139361755644,0.4962736415464942,0.38461995103763114,0.4396264799013771,100,0,1
2025.09.20,20:35:44,0.486510604550184,0.5007489579473531,0.42602841404966874,0.4374668680474246,100,0,1
2025.09.20,20:50:44,0.5061387632974789,0.5378336711441517,0.4620772920438929,0.48615176752886785,100,0,1
2025.09.20,21:05:44,0.4224718108997648,0.49608404672299183,0.3648145746675268,0.41777106225702937,100,0,1
2025.09.20,21:20:44,0.4503805910433738,0.5143050333358506,0.4262032193480188,0.49283624917261426,100,0,1
2025.09.20,21:35:44,0.47033735681880406,0.52182400106151,0.41211169284958016,0.45636102650036425,100,0,1
2025.09.20,21:50:44,0.5138871629766755,0.5450107138452882,0.4419695926750422,0.5005556040006444,100,0,1
2025.09.20,22:05:44,0.39550725658206903,0.43099123845198084,0.354499742702788,0.3639197304597613,100,0,1
2025.09.20,22:20:44,0.41690940559126954,0.49482912656179884,0.37503214190541495,0.4094616566354988,100,0,1
2025.09.20,22:35:44,0.4223831767620836,0.44824920638899834,0.40655424640917176,0.40764435176015096,100,0,1
2025.09.20,22:50:44,0.37583871840869465,0.40289196253391096,0.35871710803010853,0.3964506461896869,100,0,1
2025.09.20,23:05:44,0.37054093509973235,0.3980933261312911,0.34712998867966066,0.3559369485561038,100,0,1
2025.09.20,23:20:44,0.4567012695315771,0.5214611097968075,0.39860275317645333,0.43711435281234584,100,0,1
2025.09.20,23:35:44,0.4408653185932728,0.48171346611902116,0.38442727956947603,0.40252431580316855,100,0,1
2025.09.20,23:50:44,0.45166923111364643,0.496903429212441,0.43842769472626114,0.4502423722322119,100,0,1
2025.09.21,00:05:44,0.4020165657241601,0.4988013719787251,0.3633874693622471,0.49583625066136416,100,0,1
2025.09.21,00:20:44,0.37921006600770857,0.4640104598505988,0.3046238442672897,0.38000943500174383,100,0,1
2025.09.21,00:35:44,0.3095769271859108,0.38256720079878354,0.2714829215100252,0.33481641649651334,100,0,1
2025.09.21,00:50:44,0.36826597213363155,0.41823004731969554,0.32298253794558457,0.3352912816392554,100,0,1
2025.09.21,01:05:44,0.3837980663468446,0.45201991900146316,0.30544719165595324,0.4455088748381039,100,0,1
2025.09.21,01:20:44,0.39306865470519775,0.46314315825315755,0.32157138848529776,0.37429468735044,100,0,1
2025.09.21,01:35:44,0.3931213647356315,0.42411237872347124,0.3473240239942982,0.40573698461717467,100,0,1
2025.09.21,01:50:44,0.40882611773276084,0.4375416244939088,0.37518083894326615,0.39739742445277887,100,0,1
2025.09.21,02:05:44,0.4248067423010385,0.46994730349795205,0.3786536041572287,0.46325267704191314,100,0,1
2025.09.21,02:20:44,0.39823730426763454,0.4702080756263008,0.34404588340483566,0.3504818913004104,100,0,1
2025.09.21,02:35:44,0.5001898552379258,0.5617159645198475,0.46027281098646405,0.4711354354397069,100,0,1
2025.09.21,02:50:44,0.47809480829209006,0.5513083843781761,0.44104296445494207,0.5445324944284116,100,0,1
2025.09.21,03:05:44,0.39595843147655607,0.4533775872383976,0.34619784027913525,0.3788897457007277,100,0,1
2025.09.21,03:20:44,0.34201582987839313,0.3966718538991251,0.27833604485141994,0.35326584655315957,100,0,1
2025.09.21,03:35:44,0.2316256856938729,0.2800291216458416,0.18713028827483363,0.1902629653644452,100,0,1
2025.09.21,03:50:44,0.3061730570349974,0.37139832822909885,0.2453755412159087,0.31546796945890193,100,0,1
2025.09.21,04:05:44,0.28182956669068626,0.35682783221921033,0.25603896627628225,0.26797135680526957,100,0,1
2025.09.21,04:20:44,0.21192021570085656,0.23624257155462478,0.13193210239496472,0.20417371382461585,100,0,1
2025.09.21,04:35:44,0.17913956191042488,0.2637649993585068,0.1320998300053559,0.20063190199127523,100,0,1
2025.09.21,04:50:44,0.21862135692046583,0.26438941505376773,0.13981082484327384,0.20869229809106332,100,0,1
2025.09.21,05:05:44,0.12493015654450919,0.14602780998293818,0.09170897328832886,0.14592010867156635,100,0,1
2025.09.21,05:20:44,0.14021765632654185,0.18571455871030068,0.07790827095751152,0.08827463172615882,100,0,1
2025.09.21,05:35:44,0.14205376182610888,0.17850043837689672,0.0913953976057242,0.09996713035149588,100,0,1
2025.09.21,05:50:44,0.23612230084028568,0.27771831555735077,0.22346002758394135,0.24893552547659328,100,0,1
2025.09.21,06:05:44,0.21738753539912475,0.25143903077112434,0.15033670053417839,0.2478919913763835,100,0,1
2025.09.21,06:20:44,0.23550403657939137,0.29773307925861153,0.18994239660986248,0.2153404698952923,100,0,1
2025.09.21,06:35:44,0.13230393843100263,0.1673564699145216,0.09085985023159548,0.14117472944840842,100,0,1
2025.09.21,06:50:44,0.17539955053758974,0.23401121000158437,0.05819535533541008,0.09463655704913382,100,0,1
2025.09.21,07:05:44,0.2271212715652873,0.2600820835995151,0.16993346145267024,0.21493734372307577,100,0,1
2025.09.21,07:20:44,0.21495079502236816,0.27792038699960425,0.14087175775597816,0.21757572276198855,100,0,1
2025.09.21,07:35:44,0.23810192971997857,0.2705068553234149,0.1989819742365455,0.21611147310847242,100,0,1
2025.09.21,07:50:44,0.27422563899499247,0.334373986885938,0.2027104277161135,0.33403789403880646,100,0,1
2025.09.21,08:05:44,0.31667206239749235,0.38433177166266597,0.265886079700714,0.33428178536893166,100,0,1
2025.09.21,08:20:44,0.34127726828941224,0.3612562977929928,0.3056389969811175,0.30907863494032284,100,0,1
2025.09.21,08:35:44,0.46327710005246986,0.5191726914793271,0.41502684343533114,0.5016389329891383,100,0,1
2025.09.21,08:50:44,0.5241394569450917,0.5814467021770744,0.46059401251834625,0.5474145491099637,100,0,1
2025.09.21,09:05:44,0.5628511453330642,0.6062682815140492,0.49502664871412866,0.5445423599984518,100,0,1
2025.09.21,09:20:44,0.5624822424139552,0.6463907205556619,0.5135068241686882,0.6137156486881646,100,0,1
2025.09.21,09:35:44,0.6361532982155862,0.6637502870022068,0.5765810224906298,0.5973342679088138,100,0,1
2025.09.21,09:50:44,0.6107124658348076,0.6649012469308478,0.5486966811780627,0.5883149141799032,100,0,1
2025.09.21,10:05:44,0.5945256476819605,0.6394296819108471,0.5538285098646286,0.6023869778668273,100,0,1
2025.09.21,10:20:44,0.5563255492527237,0.5817170291756318,0.5161458411859696,0.5699169956940643,100,0,1
2025.09.21,10:35:44,0.5305030191016866,0.6317504776269927,0.4860682767984768,0.6216212415221039,100,0,1
2025.09.21,10:50:44,0.5202250793064211,0.5887460188779161,0.4845265826305066,0.5520701297397773,100,0,1
2025.09.21,11:05:44,0.42803601240276273,0.4853317272910024,0.3849502808291894,0.44470029750086293,100,0,1
2025.09.21,11:20:44,0.4553625272273068,0.4868288377340361,0.4008433089016805,0.40897898777558783,100,0,1
2025.09.21,11:35:44,0.5133500808179058,0.5847881316130425,0.47106039089829954,0.556518765731613,100,0,1
2025.09.21,11:50:44,0.5385738793553847,0.5987073157789219,0.47687582437775694,0.5708335204668159,100,0,1
2025.09.21,12:05:44,0.6252062360706837,0.6882130789504589,0.5991722127851018,0.6129301250167927,100,0,1
2025.09.21,12:20:44,0.6726185556886608,0.7215263716988096,0.609326318543746,0.6265119304591386,100,0,1
2025.09.21,12:35:44,0.6840276130390106,0.743451324225778,0.6458379594106113,0.6651090198733213,100,0,1
2025.09.21,12:50:44,0.7663298859183845,0.8283429962605866,0.7264264682476886,0.7701203522559827,100,0,1
2025.09.21,13:05:44,0.7723991111189773,0.8179013325549801,0.7397169403621632,0.8115625519279803,100,0,1
2025.09.21,13:20:44,0.8503014633664754,0.9295772263219929,0.7739123800446772,0.8307050211010617,100,0,1
2025.09.21,13:35:44,0.8386901415072215,0.8866075095404469,0.8070880074425292,0.8592289733924285,100,0,1
2025.09.21,13:50:44,0.825890104842598,0.8816339461620211,0.8230822116845006,0.8281324896317053,100,0,1
2025.09.21,14:05:44,0.8326857976916056,0.8745793020741127,0.7763498328515152,0.8269342004634902,100,0,1
2025.09.21,14:20:44,0.7854941226404465,0.8414840498437949,0.7158271609769487,0.8232247666836218,100,0,1
2025.09.21,14:35:44,0.8894834035692493,0.9583440505870697,0.8515867610350414,0.9410872318996716,100,0,1
2025.09.21,14:50:44,0.9370522494560466,0.982428737509629,0.8829480013724277,0.9480152562806293,100,0,1
2025.09.21,15:05:44,0.913677578731167,0.9236045370506831,0.8650627084222704,0.8954982725151919,100,0,1
2025.09.21,15:20:44,0.9222236881280806,0.97328357402516,0.8670905836664627,0.958581636065345,100,0,1
2025.09.21,15:35:44,0.8709855514517358,0.9146899069511288,0.8434284128544425,0.8568686743727941,100,0,1
2025.09.21,15:50:44,0.750962206848831,0.7875008103933325,0.6956152841351005,0.7363640685627658,100,0,1
2025.09.21,16:05:44,0.7353328092810919,0.8029743285184203,0.6909622851161703,0.7023863066573909,100,0,1
2025.09.21,16:20:44,0.7752084750163842,0.8398468995683134,0.7590312822887518,0.7995034465824127,100,0,1
2025.09.21,16:35:44,0.7965976973469001,0.8326113913187779,0.7144607385545688,0.7798652669952536,100,0,1
2025.09.21,16:50:44,0.8260602464495326,0.8621247045630117,0.8009976512892597,0.8381583180223091,100,0,1
2025.09.21,17:05:44,0.8329111611795389,0.8930162113837146,0.7934029147923634,0.8670523931832794,100,0,1
2025.09.21,17:20:44,0.8980199889545506,0.9452876102198979,0.8251149137339853,0.864508071570273,100,0,1
2025.09.21,17:35:44,0.929491996114089,0.982187425045503,0.8752347259774326,0.9077720443299867,100,0,1
2025.09.21,17:50:44,0.8145693171861398,0.8681231115150974,0.7740363730465202,0.79801408286675,100,0,1
2025.09.21,18:05:44,0.81059975053121,0.8327773782181354,0.7869673487231742,0.8326347991634981,100,0,1
2025.09.21,18:20:44,0.750789728491264,0.7919962114253809,0.6902203965612731,0.755657780387216,100,0,1
2025.09.21,18:35:44,0.7105104754219882,0.7517456335414142,0.6662906388560725,0.6856175316073244,100,0,1
2025.09.21,18:50:44,0.7991030326003437,0.8948369846274875,0.760111978654345,0.8634472560069801,100,0,1
2025.09.21,19:05:44,0.7482936768413628,0.8362816204040503,0.6805677856998281,0.7636674392055801,100,0,1
2025.09.21,19:20:44,0.7089820017997178,0.7708176383784624,0.6482144135833655,0.7643731758354959,100,0,1
2025.09.21,19:35:44,0.6657414630824412,0.7042035911507548,0.6261900621014703,0.6782506736058618,100,0,1
2025.09.21,19:50:44,0.6047482518017538,0.6640541562473883,0.5419650784727285,0.6483858792800958,100,0,1
2025.09.21,20:05:44,0.6242066066877644,0.6578991596274002,0.6218590356667351,0.6427637708502534,100,0,1
2025.09.21,20:20:44,0.5491663653712683,0.5998923792123256,0.49860958634696084,0.542992368996413,100,0,1
2025.09.21,20:35:44,0.5730971244801483,0.633916289087853,0.5166886904805612,0.560959035306589,100,0,1
2025.09.21,20:50:44,0.6169378108521615,0.6843814634256701,0.5772997070674122,0.5792745696004881,100,0,1
2025.09.21,21:05:44,0.5684698318815095,0.6291646719529462,0.5285605802543702,0.5381253205558691,100,0,1
2025.09.21,21:20:44,0.5032601546041692,0.5752265288248364,0.49259639560728097,0.5484449150208309,100,0,1
2025.09.21,21:35:44,0.5080708347333097,0.5450834347951127,0.4501685173081972,0.4937652247186708,100,0,1
2025.09.21,21:50:44,0.5210796631196617,0.5650609080664866,0.4571738894969517,0.4848816940480937,100,0,1
2025.09.21,22:05:44,0.5288331337928103,0.5713755125313317,0.4876863890316588,0.5295676623202467,100,0,1
2025.09.21,22:20:44,0.5399434407896789,0.5611969445752146,0.5166424548541618,0.5270498783664563,100,0,1
2025.09.21,22:35:44,0.5293321026754284,0.5898804296691625,0.478741395431448,0.49120226210439893,100,0,1
2025.09.21,22:50:44,0.4934030074440886,0.5042767081466915,0.4310987497731229,0.45707519812225683,100,0,1
2025.09.21,23:05:44,0.507607854827938,0.5332029071836337,0.45551355826925666,0.4886714404652735,100,0,1
2025.09.21,23:20:44,0.4537745243765533,0.50756027665796,0.4049482204066834,0.4464991121157212,100,0,1
2025.09.21,23:35:44,0.4700067567801295,0.515242266736841,0.4127496080530418,0.4777966744826988,100,0,1
2025.09.21,23:50:44,0.4340176761308688,0.5083643187488419,0.42919582233619824,0.45595738573823646,100,0,1
2025.09.22,00:05:44,0.4751680010721711,0.5360328394386344,0.3931696573506992,0.42154695524237,100,0,1
2025.09.22,00:20:44,0.46043619510151396,0.5146307228639699,0.41690372157520894,0.4907960621406924,100,0,1
2025.09.22,00:35:44,0.5003496356162284,0.5442287474257791,0.4459181845016426,0.47973871532957,100,0,1
2025.09.22,00:50:44,0.5209229101463703,0.5456631964386573,0.49899295321660286,0.5220042190812201,100,0,1
2025.09.22,01:05:44,0.42995525867410406,0.5155524880869377,0.38665423665783694,0.48667033533852067,100,0,1
2025.09.22,01:20:44,0.43400576641273286,0.494752666055374,0.3917558940244728,0.4505089242075156,100,0,1
2025.09.22,01:35:44,0.4594622135597122,0.5008307726724521,0.4255536186042677,0.4404713551362152,100,0,1
2025.09.22,01:50:44,0.4202263672204777,0.4633055233383283,0.3654318277211659,0.4442187441728012,100,0,1
2025.09.22,02:05:44,0.4280827111855787,0.4413566893378998,0.3857911657562678,0.3984480542368246,100,0,1
2025.09.22,02:20:44,0.3958355175629828,0.4456684969520894,0.3631577602094398,0.38766343280865,100,0,1
2025.09.22,02:35:44,0.41643417483770145,0.46008492513380417,0.3579652926157257,0.44561872312709966,100,0,1
2025.09.22,02:50:44,0.34066952716940807,0.4171025810505844,0.26926313982513195,0.3401856741652429,100,0,1
2025.09.22,03:05:44,0.4012130273521792,0.46287673132070195,0.3500022091214644,0.4307423390370165,100,0,1
2025.09.22,03:20:44,0.48727525663868093,0.5402635918147198,0.449904377866785,0.5265671886406634,100,0,1
2025.09.22,03:35:44,0.5023334724288666,0.5783894542381907,0.4458615601998544,0.5186829029036999,100,0,1
2025.09.22,03:50:44,0.47278861579383696,0.5275954835143407,0.4166306170116603,0.4852463817135507,100,0,1
2025.09.22,04:05:44,0.49382038999808686,0.5504994412165004,0.44747396284508867,0.4837837564250502,100,0,1
2025.09.22,04:20:44,0.47611556710792213,0.53052958028754,0.40758369796174176,0.518245180034569,100,0,1
2025.09.22,04:35:44,0.5234357397775586,0.6194750368924227,0.45364655511396246,0.5385537081576235,100,0,1
2025.09.22,04:50:44,0.5641677610680091,0.6287376153137724,0.5291140878178,0.6194579436060684,100,0,1
2025.09.22,05:05:44,0.5637331987925224,0.5987881236340526,0.4831374419677566,0.502600110870657,100,0,1
2025.09.22,05:20:44,0.528381657526568,0.5619862058472717,0.48805668811941605,0.5309973742067967,100,0,1
2025.09.22,05:35:44,0.508967775797651,0.519119987288706,0.4408326165675117,0.49210704961384005,100,0,1
2025.09.22,05:50:44,0.500482459797908,0.593024536207258,0.47263359335053634,0.5652723044112866,100,0,1
2025.09.22,06:05:44,0.4962863233520003,0.5415314799145879,0.4377245542459539,0.4431267744567315,100,0,1
2025.09.22,06:20:44,0.49520670978250325,0.5527223117983634,0.4740469275177885,0.5480329357249418,100,0,1
2025.09.22,06:35:44,0.5481335250785272,0.6190291406185516,0.5134031741146259,0.5470954766753646,100,0,1
2025.09.22,06:50:44,0.4941252164525487,0.544662846808634,0.448650580968438,0.5158069523990505,100,0,1
2025.09.22,07:05:44,0.5465758185766462,0.5964512062955343,0.48989047965081,0.5452402700879626,100,0,1
2025.09.22,07:20:44,0.45372481713054,0.5432793010772224,0.375639864056293,0.44641966355552687,100,0,1
2025.09.22,07:35:44,0.42473120012908067,0.46695740166979227,0.39429982486671966,0.43686644484827897,100,0,1
2025.09.22,07:50:44,0.36250687627500605,0.4008169699860149,0.3320964354827701,0.3861504155973896,100,0,1
2025.09.22,08:05:44,0.3577269232504237,0.39526558146163243,0.2755840145560481,0.3060740193401106,100,0,1
2025.09.22,08:20:44,0.3894553422810799,0.4143554677639227,0.29564199474364,0.30284575544755077,100,0,1
2025.09.22,08:35:44,0.3705697121110506,0.40736569664406364,0.33164820796258193,0.3839505318736247,100,0,1
2025.09.22,08:50:44,0.3714696382159274,0.428010484950721,0.32158208321499754,0.33721866877090045,100,0,1
2025.09.22,09:05:44,0.41628557132210947,0.4440139364280741,0.3591534260929481,0.41963119555473205,100,0,1
2025.09.22,09:20:44,0.4424439772930177,0.4908994892648146,0.4011147733613669,0.4593132841305307,100,0,1
2025.09.22,09:35:44,0.4417537547948814,0.4633115470978286,0.3586487610280416,0.4580989254098124,100,0,1
2025.09.22,09:50:44,0.35114336843574323,0.4021036034682504,0.2923492126589514,0.36608214423055924,100,0,1
2025.09.22,10:05:44,0.4285180074089743,0.49180325644012735,0.4033261766927115,0.4542840298303631,100,0,1
2025.09.22,10:20:44,0.4721723972374467,0.5197646383130037,0.4080003493983108,0.482748948671741,100,0,1
2025.09.22,10:35:44,0.5036262064930495,0.520957997306647,0.4534483015338916,0.4819241936895212,100,0,1
2025.09.22,10:50:44,0.5346610811575705,0.5831640179453168,0.5110725503435014,0.5485663037054618,100,0,1
2025.09.22,11:05:44,0.5109455015403375,0.5658096009870375,0.48669591096186887,0.5391731180221544,100,0,1
2025.09.22,11:20:44,0.5031949277162677,0.5361540805669227,0.4410435055633532,0.48647941250902915,100,0,1
2025.09.22,11:35:44,0.5202625654376654,0.5713163526815904,0.4656262295675644,0.506578622077934,100,0,1
2025.09.22,11:50:44,0.5347514956816714,0.5972897510884098,0.474382888590126,0.5732095654533477,100,0,1
2025.09.22,12:05:44,0.554233288135956,0.6224581377913313,0.5306005328461629,0.5940480177175294,100,0,1
2025.09.22,12:20:44,0.5660606723858832,0.6174599140618957,0.5319750627903959,0.5394012712379328,100,0,1
2025.09.22,12:35:44,0.48332458671335726,0.5451631286592337,0.4303910778489161,0.45004912926898966,100,0,1
2025.09.22,12:50:44,0.46146001701580497,0.4985632281875386,0.40968666611300397,0.45462963098490383,100,0,1
2025.09.22,13:05:44,0.4922706817637543,0.5365091939244929,0.44606737111403955,0.5069967277365355,100,0,1
2025.09.22,13:20:44,0.5205451677288389,0.584437440540404,0.4457996870923481,0.475192970577459,100,0,1
2025.09.22,13:35:44,0.3771574310044584,0.4174034925279718,0.3579766009925495,0.3841981547720341,100,0,1
2025.09.22,13:50:44,0.4457474694130644,0.48809373618778595,0.43294886626387963,0.46558002042805313,100,0,1
2025.09.22,14:05:44,0.44999377857274075,0.5208677591649741,0.3813203550129086,0.42011211563847206,100,0,1
2025.09.22,14:20:44,0.4385063107195722,0.4792178249717732,0.36254840384877596,0.37698497636249584,100,0,1
2025.09.22,14:35:44,0.4689226077400999,0.5178686514894962,0.44229588575451817,0.4449617184945126,100,0,1
2025.09.22,14:50:44,0.5891190650818801,0.6086193223943275,0.5848458247589624,0.6013804701428735,100,0,1
2025.09.22,15:05:44,0.6597892188115257,0.7237398966326886,0.6132366351222789,0.7228161286232714,100,0,1
2025.09.22,15:20:44,0.7180219898529123,0.7231857290112139,0.6467519674640139,0.7028476183247142,100,0,1
2025.09.22,15:35:44,0.6474911370606117,0.6678887107355713,0.5969749881790162,0.6565066233755185,100,0,1
2025.09.22,15:50:44,0.669148981132722,0.6933829118973501,0.6346196710103387,0.6602727179409296,100,0,1
2025.09.22,16:05:44,0.6105899917718739,0.6846608450478405,0.548013130405572,0.5785000679907828,100,0,1
2025.09.22,16:20:44,0.614262521370719,0.6763505673712924,0.5637003603859191,0.6390816110754548,100,0,1
2025.09.22,16:35:44,0.6207173656363827,0.6824194921961227,0.5861561127440088,0.6164186039102326,100,0,1
2025.09.22,16:50:44,0.6143581695373739,0.6629016472866317,0.5398397015689933,0.6463458536490312,100,0,1
2025.09.22,17:05:44,0.6875105586597473,0.727152126059665,0.6461223992801272,0.7102749954874918,100,0,1
2025.09.22,17:20:44,0.7049949784247836,0.7557602072046239,0.6582475628292034,0.666290423115678,100,0,1
2025.09.22,17:35:44,0.6591556258753909,0.702019543870662,0.6245204312030923,0.6840891413232373,100,0,1
2025.09.22,17:50:44,0.5981689015076076,0.6671473467311037,0.5348088569382887,0.567620785214476,100,0,1
2025.09.22,18:05:44,0.6006081643689114,0.6559873996467163,0.5350383069383529,0.5858962036058003,100,0,1
2025.09.22,18:20:44,0.612200196213067,0.6345044450245999,0.5677731728646668,0.6008985504018163,100,0,1
2025.09.22,18:35:44,0.6208901357286687,0.6732803888053365,0.6117524589928642,0.6456944594667701,100,0,1
2025.09.22,18:50:44,0.6754271280371736,0.749026299887268,0.609593886430294,0.6118072950861212,100,0,1
2025.09.22,19:05:44,0.6097122469819076,0.6679014422389874,0.5304300109039068,0.5909660509632492,100,0,1
2025.09.22,19:20:44,0.7022544603162897,0.771864710634054,0.6303887061007555,0.7029969092647206,100,0,1
2025.09.22,19:35:44,0.6535516271956714,0.7240729236437199,0.6152378677679662,0.6527081664439782,100,0,1
2025.09.22,19:50:44,0.6044218895442135,0.6236250818750328,0.5598292900340801,0.5704249983140748,100,0,1
2025.09.22,20:05:44,0.6081769296045572,0.6613117220218789,0.5401976850939756,0.5863379405639617,100,0,1
2025.09.22,20:20:44,0.6743533476658987,0.704721479555641,0.643567339309173,0.6663768106092223,100,0,1
2025.09.22,20:35:44,0.7280987513418075,0.7715254656782164,0.6826178624635891,0.7094421595869714,100,0,1
2025.09.22,20:50:44,0.6980016712916167,0.7576970827866968,0.6408478025340243,0.6421078779996169,100,0,1
2025.09.22,21:05:44,0.7776534194827587,0.8500537314798886,0.7177368409343997,0.835710675606738,100,0,1
2025.09.22,21:20:44,0.8001069065824595,0.8769389308349292,0.7402487770101369,0.868763022907938,100,0,1
2025.09.22,21:35:44,0.8573605729410019,0.9145405972412861,0.793834405066376,0.8093652432351793,100,0,1
2025.09.22,21:50:44,0.8035737329131423,0.8819758200248711,0.7858634804004834,0.806441278353549,100,0,1
2025.09.22,22:05:44,0.7588038309142592,0.8324785974846115,0.7160466460584438,0.7488220485351729,100,0,1
2025.09.22,22:20:44,0.7737933808825661,0.849258870004256,0.7153982305138028,0.830305772046954,100,0,1
2025.09.22,22:35:44,0.6852403894376328,0.7426643818424952,0.6349416031234845,0.6377176605137052,100,0,1
2025.09.22,22:50:44,0.6402230879420663,0.6824910053364005,0.5833035585403747,0.6637929943558576,100,0,1
2025.09.22,23:05:44,0.5988865751183177,0.6171911253673027,0.5622478370484386,0.60149651653219,100,0,1
2025.09.22,23:20:44,0.578876001615955,0.6016081762865143,0.5228563242136158,0.584092653481813,100,0,1
2025.09.22,23:35:44,0.5818445793101984,0.6231021553838924,0.5360628032306667,0.5768907613094046,100,0,1
2025.09.22,23:50:44,0.5809837647818631,0.6253712831909353,0.5448576710820802,0.5761127104843948,100,0,1
2025.09.23,00:05:44,0.5377462991806693,0.5701650444387676,0.49823851625518023,0.5062114782183819,100,0,1
2025.09.23,00:20:44,0.5342048712920227,0.5609974441739857,0.5070758033222685,0.5231670596559427,100,0,1
2025.09.23,00:35:44,0.6096809091252906,0.6797285988141182,0.5616119091553222,0.6771593036339171,100,0,1
2025.09.23,00:50:44,0.6233988210753011,0.6687738124376611,0.5893584634875463,0.6398097999995889,100,0,1
2025.09.23,01:05:44,0.5754203266809432,0.606244842888697,0.5289364442682774,0.5914202774131362,100,0,1
2025.09.23,01:20:44,0.5486564911314536,0.5900683922799802,0.5057786438907761,0.5185337576177164,100,0,1
2025.09.23,01:35:44,0.486852401605805,0.5232212308302026,0.4162580499525283,0.427224858399656,100,0,1
2025.09.23,01:50:44,0.42303716415398973,0.48189965204940616,0.369632500599096,0.37101970200778667,100,0,1
2025.09.23,02:05:44,0.3877336655258297,0.4500823803503382,0.32769121933455714,0.3663339968047892,100,0,1
2025.09.23,02:20:44,0.46000703122692077,0.5213428674786006,0.4100073514556844,0.4236367521618432,100,0,1
2025.09.23,02:35:44,0.4341494543345999,0.4655238923268665,0.38024613176843675,0.4499014367955984,100,0,1
2025.09.23,02:50:44,0.4405881746896265,0.4436833759512849,0.41250109545069236,0.43423783256855664,100,0,1
2025.09.23,03:05:44,0.40086652254274796,0.4750699109083718,0.3541221707902925,0.43158841863637587,100,0,1
2025.09.23,03:20:44,0.39649375906584416,0.47680803484714857,0.35953208670250497,0.36295349266357113,100,0,1
2025.09.23,03:35:44,0.46634252012782557,0.5148403156867212,0.44877920741400734,0.47289178789813174,100,0,1
2025.09.23,03:50:44,0.5333028716352896,0.598237397130343,0.4792553328549013,0.5392704085536354,100,0,1
2025.09.23,04:05:44,0.6469377792566003,0.7130253495736041,0.5908681005254912,0.5972863199930398,100,0,1
2025.09.23,04:20:44,0.6286297007695714,0.6879390749857431,0.6035975729529637,0.6870389225199307,100,0,1
2025.09.23,04:35:44,0.6029725790425522,0.6592908692171047,0.5443239284824536,0.6236471014537175,100,0,1
2025.09.23,04:50:44,0.6084406387165479,0.6162556714951737,0.5726408303194206,0.595194885367618,100,0,1
2025.09.23,05:05:44,0.6692476705154998,0.7321920125471475,0.6556582502506946,0.6632493831523948,100,0,1
2025.09.23,05:20:44,0.715139986731677,0.7185465575400991,0.6876544315772366,0.7051939142213122,100,0,1
2025.09.23,05:35:44,0.8188393545334876,0.8732916601973879,0.774925622969845,0.8516732252655255,100,0,1
2025.09.23,05:50:44,0.7440922096609021,0.7783452254395556,0.7168999593090642,0.7192475225546946,100,0,1
2025.09.23,06:05:44,0.8155574469955368,0.8777454704859097,0.7649935576472229,0.8612592739659538,100,0,1
2025.09.23,06:20:44,0.8603030461444567,0.8871108816467581,0.8377030964915978,0.8439807298934707,100,0,1
2025.09.23,06:35:44,0.8247339725409536,0.9031204167468726,0.817341480763514,0.8294457856282632,100,0,1
2025.09.23,06:50:44,0.7814381204688583,0.7892598975429868,0.7133166905509503,0.718800333354544,100,0,1
2025.09.23,07:05:44,0.8107894879307693,0.8540387033650867,0.7725174062312016,0.8525275296981392,100,0,1
2025.09.23,07:20:44,0.8372091453350194,0.8953943416663241,0.7809527258316298,0.8093507396349008,100,0,1
2025.09.23,07:35:44,0.8344788335770241,0.8766567093589024,0.8169027043811904,0.8676724989188839,100,0,1
2025.09.23,07:50:44,0.7480389099210109,0.8339423583816744,0.6728243896811228,0.6917224401970831,100,0,1
2025.09.23,08:05:44,0.729700512144015,0.8063633848049574,0.6815712090607365,0.69168518711149,100,0,1
2025.09.23,08:20:44,0.6689934799134432,0.6969177217318065,0.6615387119112754,0.6891134208973156,100,0,1
2025.09.23,08:35:44,0.657100630539385,0.6843724663714525,0.6145896129687302,0.6387055980455735,100,0,1
2025.09.23,08:50:44,0.6892279915979173,0.7383095852494579,0.6321750324186869,0.730587436415463,100,0,1
2025.09.23,09:05:44,0.6919938343460856,0.744895035323806,0.6400724890985173,0.7173175113025015,100,0,1
2025.09.23,09:20:44,0.6675488305991153,0.7238081158382912,0.5761672988835893,0.5781501975308982,100,0,1
2025.09.23,09:35:44,0.7095531776585295,0.7925365813044796,0.6635080513032247,0.7118082133827149,100,0,1
2025.09.23,09:50:44,0.682747601023377,0.7111399109414206,0.6310610439543725,0.6384939319112867,100,0,1
2025.09.23,10:05:44,0.6919000974604718,0.7415575620765847,0.6196699495249915,0.632858527705426,100,0,1
2025.09.23,10:20:44,0.6877901807025616,0.7420688476224971,0.6237425043316221,0.6468797349633537,100,0,1
2025.09.23,10:35:44,0.599202094984872,0.6299408729408793,0.5342368586385419,0.5744724923105793,100,0,1
2025.09.23,10:50:44,0.6422854808022755,0.6902336223434735,0.5917622966333299,0.6357975386336556,100,0,1
2025.09.23,11:05:44,0.6689420892996335,0.7008952181399023,0.5927624022347203,0.673805908451265,100,0,1
2025.09.23,11:20:44,0.6508267174337362,0.7193982920436522,0.5604851052245736,0.6517512080471326,100,0,1
2025.09.23,11:35:44,0.6091385251095683,0.6822975263341038,0.5623483809830812,0.6010890286871736,100,0,1
2025.09.23,11:50:44,0.7371729231447897,0.7709935062630149,0.6803284368821333,0.710882099023524,100,0,1
2025.09.23,12:05:44,0.7441667527018766,0.7674177759161462,0.6781673502155945,0.7204543063042798,100,0,1
2025.09.23,12:20:44,0.7511009251576257,0.8397293275908055,0.748262476961503,0.7640191379224062,100,0,1
2025.09.23,12:35:44,0.7786960909396712,0.8264864173156972,0.7621252032503919,0.8006500143934666,100,0,1
2025.09.23,12:50:44,0.7907818453807117,0.8459624517179394,0.7410714251529967,0.7612822160937301,100,0,1
2025.09.23,13:05:44,0.752645324155921,0.7862767888946967,0.7137996415542263,0.7755208172842477,100,0,1
2025.09.23,13:20:44,0.8240349776645473,0.8565989962260181,0.7644559215781737,0.8145138662870125,100,0,1
2025.09.23,13:35:44,0.8691540450790202,0.9235944270742775,0.8281645628700577,0.8902351794492606,100,0,1
2025.09.23,13:50:44,0.878610667333252,0.9504473393227306,0.8493518578341144,0.9111424506549595,100,0,1
2025.09.23,14:05:44,0.9543377052496617,1.0101286482379734,0.8856903256633897,0.9134578932128732,100,0,1
2025.09.23,14:20:44,1.0253439304153935,1.0743155029773146,0.9901453116422873,1.0587374288430231,100,0,1
2025.09.23,14:35:44,1.0329728090203785,1.0702295236249202,0.9946020631402306,1.0590801860130532,100,0,1
2025.09.23,14:50:44,1.002958605527364,1.0501322497280372,0.95055680804933,1.0427088229720267,100,0,1
2025.09.23,15:05:44,1.0515794630597433,1.104242715067254,0.9593036113634131,1.0831633328670687,100,0,1
2025.09.23,15:20:44,1.0064116466471869,1.0530131529904125,0.9603329026631507,0.9905851676927211,100,0,1
2025.09.23,15:35:44,1.0164128285233471,1.092044316861545,0.9299782855140072,1.0144662235983732,100,0,1
2025.09.23,15:50:44,1.0151609062892748,1.0398190984298672,0.9617010768299635,0.9986054904220062,100,0,1
2025.09.23,16:05:44,1.0229525153639012,1.0527728765592512,0.9902363309449069,1.0147306162735257,100,0,1
2025.09.23,16:20:44,0.978853480216643,0.9995724943650134,0.9317937567516578,0.9339168623762762,100,0,1
2025.09.23,16:35:44,1.0180850655718114,1.1084665903546673,0.9680215382562113,1.101135839990382,100,0,1
2025.09.23,16:50:44,0.9881414814635485,1.046668985783085,0.953995829303376,0.9616225386721202,100,0,1
2025.09.23,17:05:44,1.026119563898734,1.125336554826673,0.9871113428002588,1.0478001858443058,100,0,1
2025.09.23,17:20:44,0.9885624056270716,1.073612112220427,0.922081623772049,1.0003056492591105,100,0,1
2025.09.23,17:35:44,1.0221687385854021,1.0756293382621875,0.971514755754653,1.0744598660755098,100,0,1
2025.09.23,17:50:44,0.9145154420578835,0.9774984003295792,0.865466667667389,0.8826237556902902,100,0,1
2025.09.23,18:05:44,0.9209843490837276,0.9650955290624339,0.8756407108004483,0.903723701101582,100,0,1
2025.09.23,18:20:44,0.8312144376188395,0.8730761642098903,0.7787186143681408,0.8081849373551455,100,0,1
2025.09.23,18:35:44,0.9033317647854847,0.9512074495723379,0.8698821611017377,0.9068368441155372,100,0,1
2025.09.23,18:50:44,0.9522743820537027,0.9723930022307578,0.8847605366396273,0.9188916157925853,100,0,1
2025.09.23,19:05:44,0.9585768859238656,1.0076013639365746,0.9395897527638095,0.9461907540724362,100,0,1
2025.09.23,19:20:44,1.0004223979963969,1.0716407508430836,0.9682923577372912,1.0535427489396223,100,0,1
2025.09.23,19:35:44,0.966821306321544,0.9941001758676681,0.9189554064254163,0.963044398143378,100,0,1
2025.09.23,19:50:44,1.0345546784236161,1.0775292886483256,0.9849042285722054,1.0129091980868707,100,0,1
2025.09.23,20:05:44,1.0443792546245276,1.1208030669353581,1.0188752088800317,1.0747775599255862,100,0,1
2025.09.23,20:20:44,1.0675600874177413,1.1294084885669944,0.9988335203987417,1.1282062860792375,100,0,1
2025.09.23,20:35:44,1.0450767187183323,1.1043336533788897,0.9605405912191927,0.9867910015224413,100,0,1
2025.09.23,20:50:44,1.048884123671597,1.1041135937549864,1.0160941051354988,1.056491919025119,100,0,1
2025.09.23,21:05:44,1.0137281640375075,1.0502069387012616,0.976895921920785,0.9966183426264863,100,0,1
2025.09.23,21:20:44,1.0836413784822725,1.136371996272091,1.0067057561176382,1.0892793710280009,100,0,1
2025.09.23,21:35:44,1.0570574459681739,1.0882620180033171,0.9977796661429988,0.998901982426477,100,0,1
2025.09.23,21:50:44,1.1608565923338483,1.1928842480512614,1.1108806742115558,1.112783841050368,100,0,1
2025.09.23,22:05:44,1.1761454704478742,1.2287348134440426,1.1227345320191877,1.147732732234325,100,0,1
2025.09.23,22:20:44,1.2111409027310007,1.228442655025588,1.1973652328981736,1.2243988179129497,100,0,1
2025.09.23,22:35:44,1.2155536855624989,1.2587031041320553,1.1846316638397998,1.244554823657057,100,0,1
2025.09.23,22:50:44,1.262075035568284,1.310424405954936,1.194339765175993,1.3094641015164716,100,0,1
2025.09.23,23:05:44,1.253215632595308,1.27599230852984,1.199916216253634,1.2191029702894929,100,0,1
2025.09.23,23:20:44,1.2162858282672737,1.2789646777707373,1.1479149885750712,1.158320578487721,100,0,1
2025.09.23,23:35:44,1.1722557336226767,1.1908888801689972,1.1198892963459872,1.1489647074160199,100,0,1
2025.09.23,23:50:44,1.2344829329229916,1.288370153064461,1.171030732509204,1.2623241913706313,100,0,1
2025.09.24,00:05:44,1.1905133475663934,1.2340854810713775,1.169230008238802,1.1865388746425765,100,0,1
2025.09.24,00:20:44,1.1766004186417347,1.241581760604355,1.1320094893854438,1.241452131474584,100,0,1
2025.09.24,00:35:44,1.1620959072448116,1.1952718008324479,1.1321513390503786,1.171041325446308,100,0,1
2025.09.24,00:50:44,1.2033485161735125,1.2890542213427707,1.1398003044195029,1.2570603622426326,100,0,1
2025.09.24,01:05:44,1.1878260951039803,1.2186649217771888,1.1612761164070444,1.1705989039955145,100,0,1
2025.09.24,01:20:44,1.1785805241042724,1.2365285521243734,1.140095437042756,1.1841241094333577,100,0,1
2025.09.24,01:35:44,1.2647714612718897,1.3184297381595849,1.2258337618002983,1.2670491515593492,100,0,1
2025.09.24,01:50:44,1.2461763072721261,1.2814401616757163,1.1675702467201954,1.1903141760163622,100,0,1
2025.09.24,02:05:44,1.279338969200161,1.3255300689189307,1.2401088422999882,1.2827228906935801,100,0,1
2025.09.24,02:20:44,1.3500373553487017,1.3936634087052304,1.3183004439606205,1.3747316633665396,100,0,1
2025.09.24,02:35:44,1.2541136961407229,1.3096133733700945,1.1981261824076253,1.2069199462903306,100,0,1
2025.09.24,02:50:44,1.2194356578479477,1.2651679930026252,1.179287993855262,1.199770119338791,100,0,1
2025.09.24,03:05:44,1.2978135109304647,1.3528581450655184,1.201855446539212,1.2818431249956979,100,0,1
2025.09.24,03:20:44,1.2477896712275849,1.2834049346780323,1.2202181015707316,1.2369121148739286,100,0,1
2025.09.24,03:35:44,1.2573813472696052,1.2964783683253194,1.2227944497035232,1.235087598966849,100,0,1
2025.09.24,03:50:44,1.2426920649605546,1.2930931433233122,1.2120104611711393,1.2145408724155793,100,0,1
2025.09.24,04:05:44,1.27200633933771,1.3048048109454715,1.2082540891381905,1.277557697790885,100,0,1
2025.09.24,04:20:44,1.237249180623529,1.3110337549735402,1.1837106395252843,1.1992671728429591,100,0,1
2025.09.24,04:35:44,1.1963462851061657,1.237177581572369,1.1202434468595757,1.190377247011844,100,0,1
2025.09.24,04:50:44,1.2909615205368388,1.3578001866704341,1.2366365867475453,1.3068210465284058,100,0,1
2025.09.24,05:05:44,1.2211198884841072,1.2709369907983221,1.153240768808206,1.2630973469838855,100,0,1
2025.09.24,05:20:44,1.21161295090513,1.262239049014413,1.1614010123550422,1.2454320724860808,100,0,1
2025.09.24,05:35:44,1.1543577986783,1.212201814467577,1.0996272518191308,1.1138880580770008,100,0,1
2025.09.24,05:50:44,1.1490319785907075,1.1960711610157244,1.1072059881794178,1.1681407474414525,100,0,1
2025.09.24,06:05:44,1.0772581010483673,1.143669974208898,1.0491895523934125,1.1210977262293784,100,0,1
2025.09.24,06:20:44,1.0357412082802337,1.1063508326407048,1.0109760119000732,1.0449258939730035,100,0,1
2025.09.24,06:35:44,1.1198228448393217,1.1638993138119336,1.0481952518249982,1.1405849335058889,100,0,1
2025.09.24,06:50:44,1.0564337612531662,1.1074497354352415,0.9908884214486119,1.099874489931668,100,0,1
2025.09.24,07:05:44,1.0803723387925412,1.1213635495793308,1.0143727017840805,1.0241263867005963,100,0,1
2025.09.24,07:20:44,1.0844841970789059,1.1262146430172786,1.0451925584836774,1.080391451767594,100,0,1
2025.09.24,07:35:44,1.0000794557744899,1.0281804710567994,0.9301880402448827,0.9876106603909657,100,0,1
2025.09.24,07:50:44,0.9614329138103701,0.9968259830265025,0.8949432799602726,0.9289925099100882,100,0,1
2025.09.24,08:05:44,0.9370682450620121,1.0175017701432472,0.8665235256234185,0.9554052399482399,100,0,1
2025.09.24,08:20:44,0.8762712428540325,0.927293231180744,0.8085686095199867,0.8370453792229964,100,0,1
2025.09.24,08:35:44,0.8025038951924155,0.8597607104224034,0.7502227355912188,0.7559688881715112,100,0,1
2025.09.24,08:50:44,0.8242920750822055,0.8969879284521036,0.7478764498106315,0.8395314815359748,100,0,1
2025.09.24,09:05:44,0.9472954324489036,1.0052411968468868,0.8964903755343409,0.9120969212025347,100,0,1
2025.09.24,09:20:44,0.9398405620879076,0.9796446088072732,0.8868743493210717,0.9677135716772969,100,0,1
2025.09.24,09:35:44,0.9457928455110141,0.9866732812958413,0.9157654099661939,0.918666777991495,100,0,1
2025.09.24,09:50:44,0.9022227496316138,0.9567893403803843,0.8696543932707381,0.9048016998057854,100,0,1
2025.09.24,10:05:44,0.8521911702105938,0.8935712970976504,0.8406885126141677,0.883962966254906,100,0,1
2025.09.24,10:20:44,0.8729435075956891,0.9072697249249397,0.8472627168280262,0.8544268350244991,100,0,1
2025.09.24,10:35:44,0.9058546515637995,0.9692361736131712,0.852451370088293,0.9313617907757684,100,0,1
2025.09.24,10:50:44,0.9675836551082695,1.0202910271465386,0.9020905571874966,1.011707491765759,100,0,1
2025.09.24,11:05:44,1.090530637534313,1.1329162042003025,1.0620858749461746,1.0738027497382414,100,0,1
2025.09.24,11:20:44,1.0967880026454948,1.157030230490421,1.0436402772204605,1.0601740156410744,100,0,1
2025.09.24,11:35:44,1.1162847985584514,1.1407998482099186,1.0554652685251378,1.1043753572492978,100,0,1
2025.09.24,11:50:44,1.1903205956723422,1.2409974558627106,1.1712851506527382,1.215556307861972,100,0,1
2025.09.24,12:05:44,1.252915189301432,1.3155315536285388,1.170797183120951,1.173521378514559,100,0,1
2025.09.24,12:20:44,1.161292043234056,1.2192549195131448,1.1049394754561992,1.1999273786000033,100,0,1
2025.09.24,12:35:44,1.1578933913594285,1.1606254103788103,1.1334566282326053,1.141313987944676,100,0,1
2025.09.24,12:50:44,1.193343446008801,1.2365013996082224,1.129323260359174,1.1964696086998883,100,0,1
2025.09.24,13:05:44,1.2329153985497645,1.259726388307331,1.1860112053796872,1.2132983288227923,100,0,1
2025.09.24,13:20:44,1.267703793638608,1.326090586638955,1.1859576008278134,1.2122284758050919,100,0,1
2025.09.24,13:35:44,1.3363076863606498,1.4011178963811184,1.286672717974875,1.2982355131301835,100,0,1
2025.09.24,13:50:44,1.334756211659259,1.4399426376564897,1.3022122040700153,1.330072792013346,100,0,1
2025.09.24,14:05:44,1.4271924896027188,1.470526788571639,1.4023210486200228,1.445195015152317,100,0,1
2025.09.24,14:20:44,1.4835495768011686,1.5145833166477412,1.470933974950911,1.4945268913230307,100,0,1
2025.09.24,14:35:44,1.4779430573039274,1.5171010567082677,1.4152949911974488,1.4690118260977394,100,0,1
2025.09.24,14:50:44,1.5131877519114887,1.5559729272696012,1.4663579180814261,1.4824757962337547,100,0,1
2025.09.24,15:05:44,1.4504172479584225,1.5201664288073011,1.41576450040714,1.4274491729195682,100,0,1
2025.09.24,15:20:44,1.4354623108941733,1.5194646761464352,1.3887092208682013,1.452403227114954,100,0,1
2025.09.24,15:35:44,1.292517478143604,1.351399396188332,1.248901169873091,1.3484067217858784,100,0,1
2025.09.24,15:50:44,1.3015729189564567,1.3322805982235593,1.240261713224444,1.2408998665246145,100,0,1
2025.09.24,16:05:44,1.3360866827337816,1.3378108909680386,1.3017809903352071,1.3329176565338783,100,0,1
2025.09.24,16:20:44,1.3341132672514384,1.3714171453103015,1.3121361637849775,1.3524854703046452,100,0,1
2025.09.24,16:35:44,1.3265467347117526,1.3405326010590057,1.2856997715609624,1.3344924819871193,100,0,1
2025.09.24,16:50:44,1.347234929217562,1.396528247148105,1.2960945081665824,1.392577850483904,100,0,1
2025.09.24,17:05:44,1.3308256977090709,1.36360106415404,1.2210424924106844,1.3161170268589824,100,0,1
2025.09.24,17:20:44,1.2970642818202194,1.3604314590222346,1.2483467486805335,1.326876931842531,100,0,1
2025.09.24,17:35:44,1.2656325051821464,1.3222237111648953,1.2155145597815609,1.3182902877640141,100,0,1
2025.09.24,17:50:44,1.3100030538211371,1.3439412891554496,1.2839056549991965,1.312410452802473,100,0,1
2025.09.24,18:05:44,1.3910726457679625,1.4486008565026065,1.3323823047466887,1.3962198808479065,100,0,1
2025.09.24,18:20:44,1.420513253169669,1.447682673574142,1.348639182092348,1.3798012529154193,100,0,1
2025.09.24,18:35:44,1.4124111878921748,1.4540563247069187,1.3963276872105037,1.415184370404597,100,0,1
2025.09.24,18:50:44,1.3922692043445148,1.4640540739774632,1.3216895896808822,1.355782664233563,100,0,1
2025.09.24,19:05:44,1.4738635439046928,1.5214928255070954,1.4356347914176095,1.47435679381706,100,0,1
2025.09.24,19:20:44,1.3756768628488862,1.4045913759678719,1.3304621394157314,1.3372509797138665,100,0,1
2025.09.24,19:35:44,1.3918234909250262,1.4363391057167927,1.357352811226579,1.380528870985983,100,0,1
2025.09.24,19:50:44,1.3422534162647095,1.4173401106415857,1.3067361727568003,1.3719121508608345,100,0,1
2025.09.24,20:05:44,1.3391816133875907,1.3395972884677096,1.3197786956986532,1.3335709265294469,100,0,1
2025.09.24,20:20:44,1.3352255345264579,1.4140832085979615,1.298124012924287,1.339818093891349,100,0,1
2025.09.24,20:35:44,1.3934660361582574,1.4057384162252677,1.3493177530885918,1.371112341588851,100,0,1
2025.09.24,20:50:44,1.4591995853936142,1.5024227190636041,1.4025789247639633,1.4311362256144657,100,0,1
2025.09.24,21:05:44,1.4849359939896443,1.5311989297562345,1.4307926330490275,1.4770813280633541,100,0,1
2025.09.24,21:20:44,1.5286715273205576,1.5902311068350559,1.5070242457838607,1.5518434822812746,100,0,1
2025.09.24,21:35:44,1.546279104366189,1.6111945949306814,1.477671427130007,1.5279726136518639,100,0,1
2025.09.24,21:50:44,1.544889904230355,1.5894481912801188,1.4613419689408602,1.4929314039534216,100,0,1
2025.09.24,22:05:44,1.5021684821076315,1.549796500366453,1.4515689756046597,1.5109485429918166,100,0,1
2025.09.24,22:20:44,1.4631199500280154,1.4914081009756155,1.4150262023085918,1.4199603569623906,100,0,1
2025.09.24,22:35:44,1.5159225916097019,1.5667266107393234,1.4623391307155535,1.5066118954763517,100,0,1
2025.09.24,22:50:44,1.5563154180414485,1.6191272266625356,1.4986352042339324,1.5069223790042074,100,0,1
2025.09.24,23:05:44,1.5676602106272932,1.5883747666773416,1.511525872969277,1.5293054551408343,100,0,1
2025.09.24,23:20:44,1.6422594042751522,1.7021975304875423,1.583216783638881,1.6438184794780903,100,0,1
2025.09.24,23:35:44,1.6396452642631634,1.726010181522645,1.6031290571478207,1.6625223885941407,100,0,1
2025.09.24,23:50:44,1.6614894619815506,1.696815150749909,1.6273706616535812,1.6941743304914942,100,0,1
2025.09.25,00:05:44,1.6901453287991208,1.7513705432187698,1.6439938464596346,1.6617655599217567,100,0,1
2025.09.25,00:20:44,1.5992896805583818,1.6891808147815288,1.5552943388556013,1.6089390133245818,100,0,1
2025.09.25,00:35:44,1.608720082653996,1.7019632043148072,1.5710727817595471,1.6444853809007518,100,0,1
2025.09.25,00:50:44,1.6769632452805945,1.758166689649643,1.5943317265373274,1.6392788383680783,100,0,1
2025.09.25,01:05:44,1.6817142092071493,1.7668732380281118,1.6492514630421655,1.7317281525244506,100,0,1
2025.09.25,01:20:44,1.7677269411830976,1.8168132351393644,1.672825745126374,1.7683894862528833,100,0,1
2025.09.25,01:35:44,1.7969478042482956,1.856063502924847,1.7400232175737333,1.7557647708135393,100,0,1
2025.09.25,01:50:44,1.759720360960228,1.7924451395583023,1.7118327658310974,1.7528665457471369,100,0,1
2025.09.25,02:05:44,1.6993318644980908,1.7057674928412578,1.647721638763071,1.6873653445965342,100,0,1
2025.09.25,02:20:44,1.7086861685611892,1.7454100637858398,1.6591923464060931,1.720354951621287,100,0,1
2025.09.25,02:35:44,1.6603994777011546,1.732502678270183,1.6028165091191071,1.6038329091448211,100,0,1
2025.09.25,02:50:44,1.6295884847104702,1.6687919986222957,1.5651174818610882,1.660203994557245,100,0,1
2025.09.25,03:05:44,1.6453868609023101,1.7239830445534867,1.5703632235665508,1.630810934049438,100,0,1
2025.09.25,03:20:44,1.613362871909513,1.674173362146177,1.5587340390774276,1.6355280551619749,100,0,1
2025.09.25,03:35:44,1.625120910055843,1.691197565200162,1.5677621369041226,1.5986696860116432,100,0,1
2025.09.25,03:50:44,1.6892727251269306,1.71192242528661,1.6417309970164247,1.6795263497315454,100,0,1
2025.09.25,04:05:44,1.7674616521454614,1.836075593914601,1.7076214451561111,1.7805203917258232,100,0,1
2025.09.25,04:20:44,1.782633555394083,1.8157374480810144,1.7565665565199118,1.783719200014248,100,0,1
2025.09.25,04:35:44,1.7814105462108407,1.838936563834815,1.7266521284349308,1.7280946969485556,100,0,1
2025.09.25,04:50:44,1.7903888083191566,1.8502748929383184,1.7289958637546974,1.7387308311493306,100,0,1
2025.09.25,05:05:44,1.7756438544961919,1.798483117147618,1.7157135244544977,1.7635805037532648,100,0,1
2025.09.25,05:20:44,1.7842863002624696,1.8267808419352485,1.737674555310599,1.756108361925252,100,0,1
2025.09.25,05:35:44,1.8309211255324982,1.8707362204999294,1.778651723378903,1.8574785037947135,100,0,1
2025.09.25,05:50:44,1.800865038681358,1.8324937931972574,1.7503312943007792,1.8316932690913759,100,0,1
2025.09.25,06:05:44,1.818458343501513,1.8889073497401048,1.8048578624680869,1.8867748270656444,100,0,1
2025.09.25,06:20:44,1.7568463095088118,1.798280208933139,1.710881779754899,1.7709044021386273,100,0,1
2025.09.25,06:35:44,1.754455334116008,1.8175566334497184,1.7018598372224003,1.775903900907633,100,0,1
2025.09.25,06:50:44,1.7241765644004647,1.7842297951275086,1.6664412088035188,1.7037099559856248,100,0,1
2025.09.25,07:05:44,1.6942689170699288,1.7405902828449848,1.611649271609302,1.6337109125088087,100,0,1
2025.09.25,07:20:44,1.64446942486365,1.6796285659199661,1.6122470722414466,1.6777017850350044,100,0,1
2025.09.25,07:35:44,1.6394929975109973,1.692808174501292,1.5921511385520553,1.6350168809294745,100,0,1
2025.09.25,07:50:44,1.6419265489061716,1.712410356729632,1.5738372879916287,1.690239636745913,100,0,1
2025.09.25,08:05:44,1.682282573824607,1.770431293462601,1.6096678547295495,1.6977103217364895,100,0,1
2025.09.25,08:20:44,1.6554573708728864,1.70922303212558,1.6122673426567626,1.6658252901341093,100,0,1
2025.09.25,08:35:44,1.624643059502181,1.6831268766144076,1.562511772481708,1.568843685221064,100,0,1
2025.09.25,08:50:44,1.6136581359694493,1.6502265171469293,1.5597355054687436,1.5626693058587462,100,0,1
2025.09.25,09:05:44,1.5890091647946427,1.639447644301714,1.5435276210536089,1.5624829906779703,100,0,1
2025.09.25,09:20:44,1.5381327041651691,1.6023197310752888,1.469645870825214,1.5360040497304186,100,0,1
2025.09.25,09:35:44,1.6296982202929178,1.6666844905513956,1.575765454904384,1.6549995260920298,100,0,1
2025.09.25,09:50:44,1.6569879183961391,1.7048354709589706,1.5895546977782957,1.6097167233347212,100,0,1
2025.09.25,10:05:44,1.6653213286743966,1.7055506652778556,1.6260101044799413,1.6620347801646365,100,0,1
2025.09.25,10:20:44,1.67501665908548,1.7018436378158042,1.6382343457811719,1.6758760682177254,100,0,1
2025.09.25,10:35:44,1.706889411612658,1.7303278795717933,1.6700719511439324,1.6965012726336142,100,0,1
2025.09.25,10:50:44,1.7366606952364598,1.818530503715087,1.669547444787125,1.6926402569933672,100,0,1
2025.09.25,11:05:44,1.8024723133186402,1.8639272210655073,1.729925559830609,1.7648106881278012,100,0,1
2025.09.25,11:20:44,1.7525131655786004,1.8213823701321057,1.6931026528142863,1.7559245775905121,100,0,1
2025.09.25,11:35:44,1.736779704407842,1.7494771242281923,1.7134614097685519,1.7472602978341434,100,0,1
2025.09.25,11:50:44,1.7471412089297953,1.830204983693358,1.7277686663951883,1.7868787527254224,100,0,1
2025.09.25,12:05:44,1.758936806517035,1.7965915396618615,1.749551593190308,1.7695109383147307,100,0,1
2025.09.25,12:20:44,1.8526987898663616,1.8872757933845252,1.789414913031354,1.8546644683919817,100,0,1
2025.09.25,12:35:44,1.827510803273834,1.8929621571795325,1.773144946618102,1.8606337690794057,100,0,1
2025.09.25,12:50:44,1.8466728093488658,1.8809505734527732,1.8144856175947204,1.8572699890542228,100,0,1
2025.09.25,13:05:44,1.8679343822052676,1.916107169379342,1.8250713727738572,1.8489490227794785,100,0,1
2025.09.25,13:20:44,1.8623234586534685,1.9258421532328314,1.8051868115882421,1.8633879089628738,100,0,1
2025.09.25,13:35:44,1.8594473143222139,1.9118209848788172,1.788820273803989,1.897993317552438,100,0,1
2025.09.25,13:50:44,1.8845126076673273,1.914565538238812,1.826657809069267,1.8407403465871246,100,0,1
2025.09.25,14:05:44,1.9598149049647893,2.0056810399179343,1.901356058582504,1.9980002244936759,100,0,1
2025.09.25,14:20:44,1.946635769374243,1.9865119812747432,1.8856713567688312,1.970773832608397,100,0,1
2025.09.25,14:35:44,1.902728569645784,1.9668223330932741,1.8420483913431245,1.8731757717560984,100,0,1
2025.09.25,14:50:44,1.8432031714445438,1.9001591131090683,1.7958809761219783,1.8452556015296382,100,0,1
2025.09.25,15:05:44,1.9253643829629874,1.9662425529440701,1.8580383419651394,1.911716074370855,100,0,1
2025.09.25,15:20:44,1.9355358280934005,1.9821819521348696,1.8883039066303735,1.9673078393567214,100,0,1
2025.09.25,15:35:44,1.8356662535398474,1.9183901193675708,1.7638103556609472,1.852162130986784,100,0,1
2025.09.25,15:50:44,1.8445162939225515,1.9330950934510207,1.802663079681261,1.928242977794898,100,0,1
2025.09.25,16:05:44,1.7810203080367506,1.8365816612974712,1.737073186449912,1.8037106687034066,100,0,1
2025.09.25,16:20:44,1.810003813002987,1.8720614331696277,1.7606736538147776,1.8585302082575428,100,0,1
2025.09.25,16:35:44,1.8431493130717396,1.8851384326194163,1.7883406972901306,1.8644138871833524,100,0,1
2025.09.25,16:50:44,1.8435234115213484,1.895463042334558,1.7681985325644147,1.8081496261726269,100,0,1
2025.09.25,17:05:44,1.7762131567359463,1.8433251849810781,1.7285940620314106,1.75683157588626,100,0,1
2025.09.25,17:20:44,1.8084523805954351,1.9076323897116878,1.793228914222962,1.852171571016839,100,0,1
2025.09.25,17:35:44,1.703945390979508,1.7404234791889395,1.6383891605665553,1.661508048415859,100,0,1
2025.09.25,17:50:44,1.6429435547731528,1.7125694611533961,1.6156548945780087,1.6687405146076053,100,0,1
2025.09.25,18:05:44,1.6181294353159796,1.6482247120491926,1.5737343933028063,1.5759717297429257,100,0,1
2025.09.25,18:20:44,1.6093977614127744,1.6628269299048062,1.5205856024701048,1.6454204119698816,100,0,1
2025.09.25,18:35:44,1.6638066047659967,1.6974006250954798,1.6031121677990758,1.65488693794274,100,0,1
2025.09.25,18:50:44,1.649048835729275,1.7224398784179134,1.59777125845892,1.6610714635094634,100,0,1
2025.09.25,19:05:44,1.624323026513904,1.7071257930836083,1.5661154385109426,1.6293199645347067,100,0,1
2025.09.25,19:20:44,1.5912095673712834,1.6577394934833871,1.5006694161791938,1.5722080619043608,100,0,1
2025.09.25,19:35:44,1.6747011522652475,1.704277140266927,1.6449805205303665,1.6850598237407484,100,0,1
2025.09.25,19:50:44,1.6910355133554298,1.6980153218344036,1.6588950601735446,1.68172573678744,100,0,1
2025.09.25,20:05:44,1.687916495350013,1.747529586856106,1.6490745693196003,1.7413745189638292,100,0,1
2025.09.25,20:20:44,1.7444188515803731,1.794661200352312,1.7289164736102265,1.792207720659368,100,0,1
2025.09.25,20:35:44,1.783064975511211,1.8294417582519806,1.7594842103691475,1.8204674963941838,100,0,1
2025.09.25,20:50:44,1.7779765298739632,1.8379522351233275,1.6988228394890958,1.7450409246046268,100,0,1
2025.09.25,21:05:44,1.814879495057112,1.8646469182264567,1.7671694774877171,1.7866340420230913,100,0,1
2025.09.25,21:20:44,1.7459291349498856,1.7926868097984203,1.6903714229965554,1.7549748700355485,100,0,1
2025.09.25,21:35:44,1.77218657705348,1.7840747674064263,1.7123710774098242,1.7204959031663514,100,0,1
2025.09.25,21:50:44,1.823513027903236,1.8721941384516099,1.7836634139139207,1.8245533294300484,100,0,1
2025.09.25,22:05:44,1.836611999802542,1.9003943223256299,1.7803272433312145,1.893153777571438,100,0,1
2025.09.25,22:20:44,1.8632024695039482,1.907364276680827,1.8296916443020759,1.8523314042066334,100,0,1
2025.09.25,22:35:44,1.8420409316594237,1.8838399418626925,1.7964866171891987,1.8506717652536422,100,0,1
2025.09.25,22:50:44,1.8378458920402359,1.8859244493728797,1.7899944290107421,1.8358367480130964,100,0,1
2025.09.25,23:05:44,1.79527206174667,1.8588608468983234,1.7297123150078197,1.8446350533319515,100,0,1
2025.09.25,23:20:44,1.7907608306056022,1.8561998850155912,1.7378160902066409,1.7470213532322394,100,0,1
2025.09.25,23:35:44,1.849534268718315,1.877624188770221,1.7972096994908269,1.8298610954376855,100,0,1
2025.09.25,23:50:44,1.8485998139414253,1.9110541764919902,1.7844783861959714,1.863422437035331,100,0,1
2025.09.26,00:05:44,1.8924450047888746,1.9487127701862639,1.8809506303912198,1.8957585893911038,100,0,1
2025.09.26,00:20:44,1.8228012654799353,1.8326809759889395,1.771895430990206,1.8190861477195521,100,0,1
2025.09.26,00:35:44,1.8718078416031914,1.904359038706541,1.8329700892439882,1.866323921413905,100,0,1
2025.09.26,00:50:44,1.879316149169697,1.9247590213587769,1.8547233790602342,1.8660329131348885,100,0,1
2025.09.26,01:05:44,1.9196592985583774,1.9894600422489612,1.874459092825078,1.9444378722182554,100,0,1
2025.09.26,01:20:44,1.897196321135834,1.9387841264688839,1.8387438853082347,1.8502203217666913,100,0,1
