date,time,open,high,low,close,tickvol,vol,spread
2004.05.19,01:43:26,1900.0190393051985,1900.0750378578973,1899.9728876918355,1900.054502711072,100,0,1
2004.05.20,01:43:26,1900.0558706766508,1900.1412868214438,1900.022188512619,1900.0424698433073,100,0,1
2004.05.21,01:43:26,1900.0101853948015,1900.052728838348,1899.9819993272877,1900.0015041328843,100,0,1
2004.05.22,01:43:26,1900.0270891511948,1900.0828469634728,1899.9938707069375,1900.0540097384944,100,0,1
2004.05.23,01:43:26,1900.0512733041649,1900.1110462940694,1899.9752615471275,1900.0259252038925,100,0,1
2004.05.24,01:43:26,1899.9673689958317,1900.0122873607863,1899.906541721984,1899.9694458607864,100,0,1
2004.05.25,01:43:26,1899.9726397279164,1900.0270079863512,1899.9370431248647,1899.9892138238918,100,0,1
2004.05.26,01:43:26,1899.8916194490125,1899.9035755896018,1899.8769921542046,1899.9018725401763,100,0,1
2004.05.27,01:43:26,1899.9895221688607,1900.0497280422912,1899.9843567101025,1900.0203656839294,100,0,1
2004.05.28,01:43:26,1899.9445513652097,1899.9901404752516,1899.92154514295,1899.9893037250922,100,0,1
2004.05.29,01:43:26,1899.9509484205958,1899.9974074420725,1899.8908126733509,1899.9642259095046,100,0,1
2004.05.30,01:43:26,1900.0100086147145,1900.0584747260973,1899.9421360094598,1899.9489354312252,100,0,1
2004.05.31,01:43:26,1899.9572750783348,1900.0140727541116,1899.8706787534127,1899.9589038323522,100,0,1
2004.06.01,01:43:26,1899.9079288160297,1899.974922764582,1899.8859812809126,1899.9584953298572,100,0,1
2004.06.02,01:43:26,1899.871194690241,1899.9557411436565,1899.792737988866,1899.8935573170472,100,0,1
2004.06.03,01:43:26,1899.9581238561711,1900.0077924591806,1899.9100321442188,1899.920510808416,100,0,1
2004.06.04,01:43:26,1899.8995348725919,1899.9509165158504,1899.8112020098033,1899.8326706965777,100,0,1
2004.06.05,01:43:26,1899.8761508817572,1899.954141498136,1899.842635951188,1899.858510412402,100,0,1
2004.06.06,01:43:26,1899.8827607461883,1899.907183125351,1899.8693873572633,1899.9055106779917,100,0,1
2004.06.07,01:43:26,1899.8671818950356,1899.9405881263078,1899.8346692134558,1899.9011519566154,100,0,1
2004.06.08,01:43:26,1899.8777187415224,1899.922343089109,1899.8313590136227,1899.8314439017583,100,0,1
2004.06.09,01:43:26,1899.8244794566097,1899.8775872393367,1899.7658854141412,1899.874501696856,100,0,1
2004.06.10,01:43:26,1899.7862098695546,1899.8319527031188,1899.7195907249209,1899.7231183429687,100,0,1
2004.06.11,01:43:26,1899.7772288032154,1899.84173685052,1899.7100924841832,1899.8375128571754,100,0,1
2004.06.12,01:43:26,1899.6526462409104,1899.7228499412777,1899.5821868395356,1899.6425883098138,100,0,1
2004.06.13,01:43:26,1899.766138779579,1899.8189854568573,1899.7493544902218,1899.7494206178173,100,0,1
2004.06.14,01:43:26,1899.7187543986863,1899.774145428876,1899.656965025103,1899.7073634022454,100,0,1
2004.06.15,01:43:26,1899.6969318724305,1899.728011431248,1899.6503337678173,1899.7131355864592,100,0,1
2004.06.16,01:43:26,1899.632415687656,1899.6610618817963,1899.5912668535884,1899.6321568850226,100,0,1
2004.06.17,01:43:26,1899.6574210269553,1899.7159733203262,1899.639225595895,1899.6882710906536,100,0,1
2004.06.18,01:43:26,1899.5897212277068,1899.6288627590616,1899.5208964131118,1899.53421619382,100,0,1
2004.06.19,01:43:26,1899.5327233298751,1899.6041825667805,1899.4798891875655,1899.5568210818487,100,0,1
2004.06.20,01:43:26,1899.544583687828,1899.603667987835,1899.4884352604156,1899.4980695851475,100,0,1
2004.06.21,01:43:26,1899.5260251700106,1899.5687712461095,1899.4846974452507,1899.567527919036,100,0,1
2004.06.22,01:43:26,1899.49842838801,1899.553809340522,1899.453849223949,1899.5379817871371,100,0,1
2004.06.23,01:43:26,1899.5504621370212,1899.5926982737767,1899.4676681694655,1899.5236177904405,100,0,1
2004.06.24,01:43:26,1899.5433692172282,1899.5795111092239,1899.4939750623876,1899.5640699933303,100,0,1
2004.06.25,01:43:26,1899.5621525664212,1899.605544505073,1899.521425488999,1899.5436959272724,100,0,1
2004.06.26,01:43:26,1899.536199995146,1899.5618141454268,1899.4552387953388,1899.4552951210474,100,0,1
2004.06.27,01:43:26,1899.4592585541404,1899.5702824565908,1899.4017178164895,1899.5364534738264,100,0,1
2004.06.28,01:43:26,1899.470108727003,1899.5324538150928,1899.445385876952,1899.5241760887445,100,0,1
2004.06.29,01:43:26,1899.3978058979314,1899.45936429424,1899.3223670104958,1899.4560546494663,100,0,1
2004.06.30,01:43:26,1899.3880092106142,1899.426185940386,1899.3669341369061,1899.4246344397911,100,0,1
2004.07.01,01:43:26,1899.424487295699,1899.4275811393354,1899.3726183991942,1899.386173447887,100,0,1
2004.07.02,01:43:26,1899.4751240089365,1899.518300493684,1899.4003987665487,1899.499798731506,100,0,1
2004.07.03,01:43:26,1899.4569768850938,1899.5239128307487,1899.401260746629,1899.4425293265106,100,0,1
2004.07.04,01:43:26,1899.447274336408,1899.5167705861788,1899.4253220353537,1899.469284031144,100,0,1
2004.07.05,01:43:26,1899.4596667307924,1899.512438094267,1899.413226169951,1899.5087429884002,100,0,1
2004.07.06,01:43:26,1899.4582851016505,1899.529235941155,1899.4258052549635,1899.4680762041223,100,0,1
2004.07.07,01:43:26,1899.4113314932129,1899.4856102581098,1899.3259659093553,1899.3702536774551,100,0,1
2004.07.08,01:43:26,1899.3148091691821,1899.3694883214278,1899.253586175502,1899.3250487798168,100,0,1
2004.07.09,01:43:26,1899.3686244680152,1899.4220863082962,1899.3175965780206,1899.3774787277725,100,0,1
2004.07.10,01:43:26,1899.3479782573081,1899.3662986998313,1899.3036713410531,1899.3099912346856,100,0,1
2004.07.11,01:43:26,1899.309510281117,1899.3609156005573,1899.2749051048602,1899.3105181173266,100,0,1
2004.07.12,01:43:26,1899.3393109196243,1899.3957019697561,1899.3105189709784,1899.3776587231278,100,0,1
2004.07.13,01:43:26,1899.3823569911144,1899.4486952073783,1899.3134119521874,1899.3414933686563,100,0,1
2004.07.14,01:43:26,1899.420220874358,1899.4390274999116,1899.370044023884,1899.4006697005102,100,0,1
2004.07.15,01:43:26,1899.4205118896696,1899.454141321467,1899.356154589645,1899.3896886452603,100,0,1
2004.07.16,01:43:26,1899.3504224922403,1899.3916575240953,1899.2669046334988,1899.3673927794305,100,0,1
2004.07.17,01:43:26,1899.4018746636066,1899.4630299934286,1899.3562276060125,1899.41293785808,100,0,1
2004.07.18,01:43:26,1899.35238510165,1899.3843825866568,1899.3073800855884,1899.3476424062392,100,0,1
2004.07.19,01:43:26,1899.3504692316803,1899.43487768736,1899.3013746075542,1899.397141091774,100,0,1
2004.07.20,01:43:26,1899.3338885045118,1899.3878353577772,1899.2454250263118,1899.2950350431738,100,0,1
2004.07.21,01:43:26,1899.3671037067447,1899.4154220424703,1899.3255157397023,1899.3737162168425,100,0,1
2004.07.22,01:43:26,1899.5165139161995,1899.5723575994004,1899.4440875370617,1899.5660269639266,100,0,1
2004.07.23,01:43:26,1899.5991990681982,1899.6411474651813,1899.5493121878353,1899.554869302362,100,0,1
2004.07.24,01:43:26,1899.6403114244854,1899.6772997822425,1899.575786825696,1899.609834631726,100,0,1
2004.07.25,01:43:26,1899.5985787859388,1899.6562072597103,1899.5475847607938,1899.6206637959874,100,0,1
2004.07.26,01:43:26,1899.628303860803,1899.6584057529626,1899.5624867344595,1899.5754515681367,100,0,1
2004.07.27,01:43:26,1899.6298784582095,1899.7173401812286,1899.5589362817025,1899.7008942063633,100,0,1
2004.07.28,01:43:26,1899.609711667971,1899.6694000515813,1899.553099862658,1899.6682228380748,100,0,1
2004.07.29,01:43:26,1899.7015329297828,1899.741195987082,1899.6706460981975,1899.7106235661192,100,0,1
2004.07.30,01:43:26,1899.6979070017835,1899.7312875482667,1899.635589668272,1899.7233352204182,100,0,1
2004.07.31,01:43:26,1899.7475926651323,1899.8123013813436,1899.7020838294266,1899.7511740848336,100,0,1
2004.08.01,01:43:26,1899.7693677085329,1899.823772185418,1899.711685792321,1899.7127759468065,100,0,1
2004.08.02,01:43:26,1899.7517975261942,1899.8194826294718,1899.7129400225435,1899.7645866751209,100,0,1
2004.08.03,01:43:26,1899.7431706373116,1899.7626604480874,1899.689451194193,1899.7193874533018,100,0,1
2004.08.04,01:43:26,1899.7542731253359,1899.8187380770198,1899.6975213796068,1899.7429578648378,100,0,1
2004.08.05,01:43:26,1899.7502103568056,1899.7559483359346,1899.712269650728,1899.7241081665484,100,0,1
2004.08.06,01:43:26,1899.7021458175861,1899.7430685664513,1899.6761807917658,1899.7062316970666,100,0,1
2004.08.07,01:43:26,1899.7228245772985,1899.751043061069,1899.671482680825,1899.6937219263477,100,0,1
2004.08.08,01:43:26,1899.8170759375969,1899.8475985706204,1899.8019333088403,1899.8431409304212,100,0,1
2004.08.09,01:43:26,1899.857992548677,1899.9325822533976,1899.8432653096015,1899.8696763007567,100,0,1
2004.08.10,01:43:26,1899.8816393805128,1899.920144349463,1899.8553058158027,1899.9038562668507,100,0,1
2004.08.11,01:43:26,1899.9274263403759,1899.99484717207,1899.9196122134244,1899.961641866618,100,0,1
2004.08.12,01:43:26,1899.8782864337377,1899.9497727214189,1899.8134492543052,1899.8998757379031,100,0,1
2004.08.13,01:43:26,1899.8381237779163,1899.8709046315555,1899.7996427338871,1899.8462788908791,100,0,1
2004.08.14,01:43:26,1899.7971171273825,1899.884974231536,1899.708841243185,1899.7584428069551,100,0,1
2004.08.15,01:43:26,1899.7611984934013,1899.8136734329314,1899.6762968314983,1899.7464365894893,100,0,1
2004.08.16,01:43:26,1899.7240838479622,1899.78989236289,1899.698462345122,1899.7555150335443,100,0,1
2004.08.17,01:43:26,1899.723780193324,1899.799359832694,1899.71080779186,1899.7651616683054,100,0,1
2004.08.18,01:43:26,1899.7079819525206,1899.7745519849243,1899.643726511065,1899.7653947317324,100,0,1
2004.08.19,01:43:26,1899.7034513448511,1899.7550230613786,1899.6875811703464,1899.6988499187507,100,0,1
2004.08.20,01:43:26,1899.7249057934825,1899.7716504716664,1899.6360046043285,1899.6911718514652,100,0,1
2004.08.21,01:43:26,1899.7062865572955,1899.7557026106958,1899.702465765993,1899.715115924763,100,0,1
2004.08.22,01:43:26,1899.7641617427046,1899.8259194237978,1899.7474788037894,1899.8139973121708,100,0,1
2004.08.23,01:43:26,1899.8397032502212,1899.8821119319773,1899.7992859033366,1899.8195521345403,100,0,1
2004.08.24,01:43:26,1899.8175783276229,1899.8309015334974,1899.7720846833126,1899.7796049559095,100,0,1
2004.08.25,01:43:26,1899.9245760103104,1899.9659564321146,1899.8747703127558,1899.9524889908641,100,0,1
2004.08.26,01:43:26,1899.8895870883036,1899.964769099796,1899.8384920789897,1899.9054701940547,100,0,1
2004.08.27,01:43:26,1899.8891911022827,1899.9403504675531,1899.8554750498492,1899.9047963589705,100,0,1
2004.08.28,01:43:26,1899.9268523985886,1899.978027851786,1899.8855876555851,1899.9640161128698,100,0,1
2004.08.29,01:43:26,1899.8477331430072,1899.8878445102093,1899.7854426435408,1899.8136651392524,100,0,1
2004.08.30,01:43:26,1899.797107030836,1899.829090093493,1899.7576039266628,1899.783666821644,100,0,1
2004.08.31,01:43:26,1899.7855023884583,1899.8326652926637,1899.7563133188369,1899.7604641563778,100,0,1
2004.09.01,01:43:26,1899.7797729181423,1899.8200149495167,1899.7468324342422,1899.769473764317,100,0,1
2004.09.02,01:43:26,1899.7045002411223,1899.7561603418853,1899.6776708916755,1899.7239521375895,100,0,1
2004.09.03,01:43:26,1899.7291824691274,1899.754174302267,1899.6755980368819,1899.7017831818935,100,0,1
2004.09.04,01:43:26,1899.6929199459018,1899.7557278428328,1899.629506829911,1899.6931154891388,100,0,1
2004.09.05,01:43:26,1899.6987433235486,1899.7692874816973,1899.6627815035886,1899.7285370580382,100,0,1
2004.09.06,01:43:26,1899.7160476087731,1899.769963553826,1899.6611949975613,1899.7465466522092,100,0,1
2004.09.07,01:43:26,1899.7367943306651,1899.7908213268804,1899.6700338527125,1899.7333134303408,100,0,1
2004.09.08,01:43:26,1899.683145219908,1899.7471466860334,1899.6688004325513,1899.6912582328926,100,0,1
2004.09.09,01:43:26,1899.6813536159336,1899.7755835511484,1899.598382048412,1899.6991129448918,100,0,1
2004.09.10,01:43:26,1899.5450163406497,1899.5829938346067,1899.4802889977284,1899.5752051124316,100,0,1
2004.09.11,01:43:26,1899.5703835306235,1899.6349624563863,1899.5231503493756,1899.529358658661,100,0,1
2004.09.12,01:43:26,1899.6043886115112,1899.6929998555665,1899.5305028675866,1899.560113986629,100,0,1
2004.09.13,01:43:26,1899.6822469723966,1899.7508553097407,1899.6113138063408,1899.6377349986155,100,0,1
2004.09.14,01:43:26,1899.6907622549886,1899.7296216523773,1899.6002259897627,1899.7191869919209,100,0,1
2004.09.15,01:43:26,1899.7003278380141,1899.7367214492767,1899.6318637527806,1899.7159614442014,100,0,1
2004.09.16,01:43:26,1899.6738719901919,1899.7223972669472,1899.5944472233814,1899.619106090753,100,0,1
2004.09.17,01:43:26,1899.6877076351502,1899.7560345902052,1899.6292178511567,1899.6950312702693,100,0,1
2004.09.18,01:43:26,1899.721658814788,1899.7563474363008,1899.6582945048842,1899.7140497262703,100,0,1
2004.09.19,01:43:26,1899.7568692921504,1899.8010178260847,1899.6983189208124,1899.7810142349704,100,0,1
2004.09.20,01:43:26,1899.6897106342083,1899.7506076015607,1899.6515840296267,1899.6876908423526,100,0,1
2004.09.21,01:43:26,1899.6466862067955,1899.688825358828,1899.6021817875576,1899.6860086490972,100,0,1
2004.09.22,01:43:26,1899.6772437868294,1899.7276444766471,1899.6280616333436,1899.7201342597823,100,0,1
2004.09.23,01:43:26,1899.5840230845968,1899.6459616623345,1899.5416132585356,1899.5994535900472,100,0,1
2004.09.24,01:43:26,1899.6539289926925,1899.746270250973,1899.5799470032498,1899.6085817053586,100,0,1
2004.09.25,01:43:26,1899.5928198726317,1899.619428211888,1899.537341719784,1899.5438790620217,100,0,1
2004.09.26,01:43:26,1899.6008887109508,1899.6719179872428,1899.5421895083314,1899.641550778961,100,0,1
2004.09.27,01:43:26,1899.5096328410318,1899.5659424374571,1899.4554555346185,1899.5333877390285,100,0,1
2004.09.28,01:43:26,1899.523305236983,1899.5499716965007,1899.4526848152907,1899.5209331762758,100,0,1
2004.09.29,01:43:26,1899.5834740983998,1899.6086328879871,1899.5385082454413,1899.5473529391754,100,0,1
2004.09.30,01:43:26,1899.6377664279255,1899.6788021264208,1899.590196670738,1899.6375010888162,100,0,1
2004.10.01,01:43:26,1899.7232628003376,1899.7535056310319,1899.6828791330436,1899.7005500898367,100,0,1
2004.10.02,01:43:26,1899.803575458237,1899.8156852807444,1899.709978086373,1899.7427817324035,100,0,1
2004.10.03,01:43:26,1899.795371107744,1899.8209699123088,1899.7732548231804,1899.7782693173208,100,0,1
2004.10.04,01:43:26,1899.7135588255153,1899.7703364788356,1899.6678441591052,1899.697940735479,100,0,1
2004.10.05,01:43:26,1899.6895917494614,1899.726343556634,1899.6243763059144,1899.7049265288088,100,0,1
2004.10.06,01:43:26,1899.634090798524,1899.6625779421915,1899.6185351254805,1899.6420037655657,100,0,1
2004.10.07,01:43:26,1899.630921069559,1899.6680215305755,1899.6053971562262,1899.6279782028776,100,0,1
2004.10.08,01:43:26,1899.6015242144704,1899.6467702446705,1899.5455421963102,1899.5558695840334,100,0,1
2004.10.09,01:43:26,1899.564041771742,1899.586699985218,1899.536415932355,1899.5669003761243,100,0,1
2004.10.10,01:43:26,1899.4894579334716,1899.500909752363,1899.4535145305904,1899.4871127577685,100,0,1
2004.10.11,01:43:26,1899.4903408898062,1899.5621647452854,1899.4528672505733,1899.525767899652,100,0,1
2004.10.12,01:43:26,1899.485667285347,1899.5525643877363,1899.4418503105528,1899.504408368197,100,0,1
2004.10.13,01:43:26,1899.5156189670427,1899.6021188163743,1899.4537110791468,1899.5245647169188,100,0,1
2004.10.14,01:43:26,1899.557064127662,1899.616413137276,1899.4807584339076,1899.5787744114632,100,0,1
2004.10.15,01:43:26,1899.5760420638655,1899.6196385249084,1899.5336867941128,1899.6137352558553,100,0,1
2004.10.16,01:43:26,1899.591836258086,1899.683186644885,1899.548069383995,1899.5947713363755,100,0,1
2004.10.17,01:43:26,1899.5977043186967,1899.6743312461638,1899.543438083557,1899.5556243792005,100,0,1
2004.10.18,01:43:26,1899.7217871865676,1899.789219503301,1899.6854213850056,1899.7324990792872,100,0,1
2004.10.19,01:43:26,1899.8120174789249,1899.8871851183492,1899.76939027432,1899.7969408216234,100,0,1
2004.10.20,01:43:26,1899.7682310462606,1899.8252844950578,1899.686746179094,1899.7161304320496,100,0,1
2004.10.21,01:43:26,1899.8162785898985,1899.830300791662,1899.749311704638,1899.7565767058682,100,0,1
2004.10.22,01:43:26,1899.8010088064434,1899.8625631434343,1899.7694838355646,1899.7820322429018,100,0,1
2004.10.23,01:43:26,1899.7914020212174,1899.8284958011536,1899.7168204841985,1899.7939604734681,100,0,1
2004.10.24,01:43:26,1899.8063736258825,1899.8563316739578,1899.756380991145,1899.7623587217154,100,0,1
2004.10.25,01:43:26,1899.862557729566,1899.9241604089843,1899.8054843440466,1899.8406057381471,100,0,1
2004.10.26,01:43:26,1899.8690913757155,1899.9010785736434,1899.8061417273793,1899.8216527997743,100,0,1
2004.10.27,01:43:26,1899.9592507202383,1899.9960179494599,1899.9120635223273,1899.9576333622185,100,0,1
2004.10.28,01:43:26,1900.0288944310666,1900.06076591001,1899.9879049751517,1900.014732250575,100,0,1
2004.10.29,01:43:26,1900.016600692862,1900.0931185492445,1899.9585338314018,1899.961473952065,100,0,1
2004.10.30,01:43:26,1899.9871285740119,1900.0273761804242,1899.9563106340001,1900.0203765515455,100,0,1
2004.10.31,01:43:26,1900.0225625795363,1900.0710577882792,1899.9707267096117,1899.9862238216688,100,0,1
2004.11.01,01:43:26,1900.1442540264093,1900.1819593634839,1900.1039845077762,1900.1182303727203,100,0,1
2004.11.02,01:43:26,1900.1390064091813,1900.167603096382,1900.120087216408,1900.1476320990923,100,0,1
2004.11.03,01:43:26,1900.1463282442237,1900.1951053092127,1900.083379614425,1900.1768579191948,100,0,1
2004.11.04,01:43:26,1900.253181075433,1900.3241610503514,1900.1796882991034,1900.3094696994867,100,0,1
2004.11.05,01:43:26,1900.2753259590836,1900.3325411799353,1900.2260955354907,1900.3046404021031,100,0,1
2004.11.06,01:43:26,1900.2893289220028,1900.3617537131008,1900.2590226204966,1900.260828415115,100,0,1
2004.11.07,01:43:26,1900.299381984603,1900.3624520225237,1900.2469999919788,1900.2522946245972,100,0,1
2004.11.08,01:43:26,1900.2795553809628,1900.3328687792437,1900.246635102289,1900.3131382560823,100,0,1
2004.11.09,01:43:26,1900.1878327519107,1900.24011264454,1900.109496949433,1900.1223398753953,100,0,1
2004.11.10,01:43:26,1900.218431165994,1900.2881707683648,1900.1689202747875,1900.2742965300092,100,0,1
2004.11.11,01:43:26,1900.1746531490614,1900.2468879177336,1900.100289051573,1900.1963009890897,100,0,1
2004.11.12,01:43:26,1900.223579630597,1900.327597627143,1900.1699351827797,1900.2652802516852,100,0,1
2004.11.13,01:43:26,1900.1897192912961,1900.2278253308018,1900.1276627810078,1900.1652837273275,100,0,1
2004.11.14,01:43:26,1900.1197495225385,1900.1580317018738,1900.0560178347573,1900.0576648042002,100,0,1
2004.11.15,01:43:26,1900.1103179499428,1900.1567537396206,1900.0681447150082,1900.1368773007807,100,0,1
2004.11.16,01:43:26,1900.1335398116855,1900.170840315633,1900.0790723184368,1900.154731522158,100,0,1
2004.11.17,01:43:26,1900.162106919879,1900.2051780912775,1900.0964588361926,1900.1037243504288,100,0,1
2004.11.18,01:43:26,1900.1053523372084,1900.1553921449804,1900.0525757831538,1900.1447552858976,100,0,1
2004.11.19,01:43:26,1900.1375497124889,1900.189739674037,1900.0878750954025,1900.1433590258061,100,0,1
2004.11.20,01:43:26,1900.1684592680456,1900.2494349153508,1900.1182329236506,1900.202468985176,100,0,1
2004.11.21,01:43:26,1900.123190741025,1900.150195506616,1900.0955002990197,1900.1044760115892,100,0,1
2004.11.22,01:43:26,1900.085827200244,1900.1664047486522,1900.0495634814297,1900.051701978201,100,0,1
2004.11.23,01:43:26,1900.0891884641035,1900.1527844794587,1900.0611362297198,1900.108187763925,100,0,1
2004.11.24,01:43:26,1900.0378099191544,1900.080531367912,1899.9788109531137,1900.0281258596915,100,0,1
2004.11.25,01:43:26,1900.0144894912191,1900.0635231668427,1899.967311325764,1899.987010482238,100,0,1
2004.11.26,01:43:26,1900.0398409606,1900.0900256345249,1899.979111508476,1900.0420257731087,100,0,1
2004.11.27,01:43:26,1900.018055497212,1900.0737181628383,1899.9878963165095,1900.0199934725538,100,0,1
2004.11.28,01:43:26,1899.9318980545393,1899.9694249596562,1899.9103098252137,1899.9619368679382,100,0,1
2004.11.29,01:43:26,1899.9477649590397,1899.9894964801922,1899.8798739503954,1899.9742678769937,100,0,1
2004.11.30,01:43:26,1899.963631585506,1900.052523849508,1899.929907683665,1900.0407477440851,100,0,1
2004.12.01,01:43:26,1899.9078321473594,1899.9761421321587,1899.8343108340825,1899.863993023729,100,0,1
2004.12.02,01:43:26,1899.829088675243,1899.8696123332625,1899.7958345116706,1899.8499867999778,100,0,1
2004.12.03,01:43:26,1899.8164010511712,1899.873184826397,1899.7321122926276,1899.828305560326,100,0,1
2004.12.04,01:43:26,1899.7794040157912,1899.8001780964128,1899.7340617345449,1899.7586745738354,100,0,1
2004.12.05,01:43:26,1899.776461656339,1899.8310828528106,1899.7446617624075,1899.8019862199978,100,0,1
2004.12.06,01:43:26,1899.778993369989,1899.804891640257,1899.7135319774975,1899.7829241000384,100,0,1
2004.12.07,01:43:26,1899.7791334118708,1899.85408894339,1899.7504852064355,1899.7625063050784,100,0,1
2004.12.08,01:43:26,1899.7262797266087,1899.7770257963414,1899.6990660237773,1899.7173419800745,100,0,1
2004.12.09,01:43:26,1899.7243961310198,1899.757171472115,1899.7195094457936,1899.7245587450964,100,0,1
2004.12.10,01:43:26,1899.7516367210696,1899.766393025932,1899.7115918656255,1899.7395116524854,100,0,1
2004.12.11,01:43:26,1899.8351149823936,1899.8827228223488,1899.8127187873931,1899.8786580593344,100,0,1
2004.12.12,01:43:26,1899.8239743447127,1899.8900239742204,1899.7832620122726,1899.8066435419894,100,0,1
2004.12.13,01:43:26,1899.884660256484,1899.9264375447126,1899.8242144560945,1899.8738537143965,100,0,1
2004.12.14,01:43:26,1899.8502058692013,1899.8977643854687,1899.7961140338675,1899.8908999963205,100,0,1
2004.12.15,01:43:26,1899.7522794751224,1899.8269883090197,1899.7070682545777,1899.7372276702642,100,0,1
2004.12.16,01:43:26,1899.8012314156756,1899.857835427422,1899.7459923465135,1899.756236662681,100,0,1
2004.12.17,01:43:26,1899.7144598287257,1899.7673307813964,1899.6292346943142,1899.7381989512962,100,0,1
2004.12.18,01:43:26,1899.7685200771703,1899.8269341116672,1899.693319240091,1899.7948348600312,100,0,1
2004.12.19,01:43:26,1899.739389078177,1899.7908479887378,1899.7028482450962,1899.763540807878,100,0,1
2004.12.20,01:43:26,1899.7467514217897,1899.8097332211646,1899.6939193009432,1899.786684838016,100,0,1
2004.12.21,01:43:26,1899.7775133532912,1899.824031178525,1899.7355972595265,1899.7967360430318,100,0,1
2004.12.22,01:43:26,1899.804747466226,1899.853386959886,1899.7635964856115,1899.777153587026,100,0,1
2004.12.23,01:43:26,1899.7886153957952,1899.812248937235,1899.7446975055168,1899.7603974593985,100,0,1
2004.12.24,01:43:26,1899.7070944967597,1899.758223494857,1899.6278388952476,1899.6640729312046,100,0,1
2004.12.25,01:43:26,1899.7219306385466,1899.7789366516645,1899.6513750024053,1899.718225952579,100,0,1
2004.12.26,01:43:26,1899.7011036808055,1899.7687513250555,1899.6775216430797,1899.706716852963,100,0,1
2004.12.27,01:43:26,1899.7020919746005,1899.7625331650509,1899.6402447540925,1899.6480682381402,100,0,1
2004.12.28,01:43:26,1899.7210852876055,1899.7664025758488,1899.70064763081,1899.763763009197,100,0,1
2004.12.29,01:43:26,1899.6194571196904,1899.6480113529317,1899.6030652249615,1899.6209966160795,100,0,1
2004.12.30,01:43:26,1899.6019283166074,1899.645448925736,1899.5182617046555,1899.5560516865903,100,0,1
2004.12.31,01:43:26,1899.621545407934,1899.6679481929043,1899.595237279546,1899.611497303917,100,0,1
2005.01.01,01:43:26,1899.6445805277147,1899.7025576115645,1899.614293048505,1899.6680829714733,100,0,1
2005.01.02,01:43:26,1899.554889896921,1899.616373174427,1899.5038664030315,1899.5565858769537,100,0,1
2005.01.03,01:43:26,1899.6017009911266,1899.6475513108498,1899.5777048822963,1899.5852058469452,100,0,1
2005.01.04,01:43:26,1899.6047692262127,1899.6486750781498,1899.580519251635,1899.6008544969097,100,0,1
2005.01.05,01:43:26,1899.7230435179001,1899.747368592758,1899.6807864265259,1899.740274925306,100,0,1
2005.01.06,01:43:26,1899.7423766728184,1899.785878431527,1899.6644571477839,1899.7693521000238,100,0,1
2005.01.07,01:43:26,1899.7773463534543,1899.836010337995,1899.6904661978213,1899.8182600561904,100,0,1
2005.01.08,01:43:26,1899.8174717796282,1899.861566242948,1899.7441772030118,1899.7652972882893,100,0,1
2005.01.09,01:43:26,1899.7247054934346,1899.77111133354,1899.6292438895225,1899.7267788204974,100,0,1
2005.01.10,01:43:26,1899.736246258536,1899.7786506892753,1899.6824480957484,1899.7206781945642,100,0,1
2005.01.11,01:43:26,1899.751653483566,1899.8085110238644,1899.7035839698644,1899.7537139050912,100,0,1
2005.01.12,01:43:26,1899.6411109641692,1899.697139918344,1899.5958061666176,1899.6031859518791,100,0,1
2005.01.13,01:43:26,1899.6002107465085,1899.6464901985596,1899.5695519005383,1899.5736132808609,100,0,1
2005.01.14,01:43:26,1899.5974859330513,1899.6509466758498,1899.5533105750492,1899.606127617594,100,0,1
2005.01.15,01:43:26,1899.5627160745703,1899.6074834842975,1899.5384146754905,1899.5578065533844,100,0,1
2005.01.16,01:43:26,1899.518018745822,1899.5633173900676,1899.4301823084463,1899.4679929213326,100,0,1
2005.01.17,01:43:26,1899.4724901072505,1899.5293291046994,1899.376773569615,1899.5202209382207,100,0,1
2005.01.18,01:43:26,1899.4123582689658,1899.4575357843567,1899.3402136600835,1899.443776209101,100,0,1
2005.01.19,01:43:26,1899.506893063463,1899.56184978872,1899.468891071367,1899.5411407504494,100,0,1
2005.01.20,01:43:26,1899.48203125991,1899.5151529498569,1899.4258231446609,1899.464374450836,100,0,1
2005.01.21,01:43:26,1899.4536405279428,1899.5136628568089,1899.415063098539,1899.4385004121732,100,0,1
2005.01.22,01:43:26,1899.4133464949482,1899.4645716827374,1899.3952647261553,1899.4206307368665,100,0,1
2005.01.23,01:43:26,1899.3832048673837,1899.4618868236419,1899.342047039406,1899.3670995035584,100,0,1
2005.01.24,01:43:26,1899.2937338364377,1899.381875706359,1899.2470459550739,1899.261554400122,100,0,1
2005.01.25,01:43:26,1899.2786970006778,1899.346842399822,1899.2658966933961,1899.275133720113,100,0,1
2005.01.26,01:43:26,1899.1720245799854,1899.1813438509953,1899.131056965036,1899.158700472147,100,0,1
2005.01.27,01:43:26,1899.175238911597,1899.2362706039698,1899.145834933111,1899.1597148912567,100,0,1
2005.01.28,01:43:26,1899.1324631460589,1899.2162159847692,1899.0762896511778,1899.1944685959008,100,0,1
2005.01.29,01:43:26,1899.16652854568,1899.2022303787978,1899.1206663892658,1899.137871174413,100,0,1
2005.01.30,01:43:26,1899.15842454674,1899.2121790517156,1899.0916900760794,1899.1029952183442,100,0,1
2005.01.31,01:43:26,1899.2196213847299,1899.248272904738,1899.18004693679,1899.23211584247,100,0,1
2005.02.01,01:43:26,1899.1817070936836,1899.2068385460439,1899.0786202260545,1899.0969238057535,100,0,1
2005.02.02,01:43:26,1899.1576714873463,1899.2060377660318,1899.099715723846,1899.180351015772,100,0,1
2005.02.03,01:43:26,1899.2672278088687,1899.3644634919406,1899.2475617614537,1899.3016323854072,100,0,1
2005.02.04,01:43:26,1899.3688739702766,1899.4000306379737,1899.2900597203147,1899.3525687640463,100,0,1
2005.02.05,01:43:26,1899.375054947285,1899.413390093215,1899.341589833954,1899.3838867696363,100,0,1
2005.02.06,01:43:26,1899.403711730995,1899.4719236484743,1899.3501273717022,1899.4469487359895,100,0,1
2005.02.07,01:43:26,1899.3496332278355,1899.4125163712145,1899.3065527967995,1899.4123469783765,100,0,1
2005.02.08,01:43:26,1899.2931584362962,1899.3234425546104,1899.229917814943,1899.3096671163505,100,0,1
2005.02.09,01:43:26,1899.2642664782263,1899.3379637345529,1899.2042571900515,1899.2670019620489,100,0,1
2005.02.10,01:43:26,1899.207636138275,1899.233575804127,1899.1370842158947,1899.202692369659,100,0,1
2005.02.11,01:43:26,1899.1766506065387,1899.2271465485226,1899.1491928128119,1899.162743341268,100,0,1
2005.02.12,01:43:26,1899.1736867578609,1899.2591522808839,1899.10783575715,1899.2058475154017,100,0,1
2005.02.13,01:43:26,1899.1629827135741,1899.2189053213858,1899.1202915973101,1899.1896003098093,100,0,1
2005.02.14,01:43:26,1899.19527530952,1899.2212273217135,1899.1433348856035,1899.2079537586355,100,0,1
2005.02.15,01:43:26,1899.1603185105912,1899.2168026394716,1899.1164005629046,1899.2001393641003,100,0,1
2005.02.16,01:43:26,1899.059127025036,1899.093369783834,1899.0043102380125,1899.0281781886417,100,0,1
2005.02.17,01:43:26,1899.0911427694618,1899.1355317200182,1899.0587994608773,1899.0844349582394,100,0,1
2005.02.18,01:43:26,1899.096936985933,1899.1480603583548,1899.0523871258933,1899.0932388231422,100,0,1
2005.02.19,01:43:26,1899.1021644881703,1899.1705758116404,1899.0327181020161,1899.1228705697522,100,0,1
2005.02.20,01:43:26,1899.0467127159784,1899.1213526802505,1898.9627965709738,1899.0833234558468,100,0,1
2005.02.21,01:43:26,1898.9458426962788,1899.01792512163,1898.898026104128,1898.9794118673715,100,0,1
2005.02.22,01:43:26,1898.9138980320665,1898.9421631893517,1898.859268462562,1898.8692648651313,100,0,1
2005.02.23,01:43:26,1898.9246960821336,1898.993425246237,1898.89273727476,1898.9546502721723,100,0,1
2005.02.24,01:43:26,1898.912904210381,1898.9908895146325,1898.867302054316,1898.9102546717725,100,0,1
2005.02.25,01:43:26,1898.8802441599344,1898.9104456588673,1898.797179752222,1898.8029279483749,100,0,1
2005.02.26,01:43:26,1898.9373518903649,1898.9672664656166,1898.9066104170981,1898.9470001982982,100,0,1
2005.02.27,01:43:26,1898.8498790604629,1898.910027773557,1898.81851639517,1898.893041308986,100,0,1
2005.02.28,01:43:26,1898.8213915162642,1898.8493415328853,1898.773102035177,1898.78701257172,100,0,1
2005.03.01,01:43:26,1898.8608954059064,1898.9451283341675,1898.7923847281384,1898.8920693118946,100,0,1
2005.03.02,01:43:26,1898.9105884170247,1898.9342070347302,1898.8897000506697,1898.910019882368,100,0,1
2005.03.03,01:43:26,1898.888391756118,1898.9428967532913,1898.824133505695,1898.9046330215367,100,0,1
2005.03.04,01:43:26,1898.8777350079001,1898.9127898962427,1898.8374362334578,1898.8902346301588,100,0,1
2005.03.05,01:43:26,1898.996984715326,1899.0580114844981,1898.940092795812,1899.016220856933,100,0,1
2005.03.06,01:43:26,1898.9383944289766,1898.9892660532848,1898.8936714417503,1898.9062534833265,100,0,1
2005.03.07,01:43:26,1898.9400832111965,1898.943779181276,1898.9084293344933,1898.928009489793,100,0,1
2005.03.08,01:43:26,1899.012765644285,1899.0278341476226,1898.9517932116041,1898.9617934370117,100,0,1
2005.03.09,01:43:26,1898.9900991462828,1899.061297337599,1898.924959284737,1898.9431315770464,100,0,1
2005.03.10,01:43:26,1898.979219952756,1899.0187782558507,1898.8985652933825,1899.0094118418274,100,0,1
2005.03.11,01:43:26,1898.9348520920876,1898.9877652528828,1898.9112873412412,1898.9228430427754,100,0,1
2005.03.12,01:43:26,1898.9616400070609,1899.0188779726395,1898.9138818777917,1899.0157559869824,100,0,1
2005.03.13,01:43:26,1899.0097799939608,1899.0791767648248,1898.9300596155063,1899.0330244152672,100,0,1
2005.03.14,01:43:26,1899.0173279149074,1899.0762200652498,1898.9756894156988,1899.0212504334709,100,0,1
2005.03.15,01:43:26,1899.1237208558312,1899.1762770058128,1899.0720190711347,1899.0924145628858,100,0,1
2005.03.16,01:43:26,1899.1425049682364,1899.2060064085933,1899.120692814733,1899.163268258263,100,0,1
2005.03.17,01:43:26,1899.1756686151357,1899.269400819306,1899.1301929475987,1899.2166722758911,100,0,1
2005.03.18,01:43:26,1899.2997439628396,1899.347928025948,1899.286094262193,1899.3313323037066,100,0,1
2005.03.19,01:43:26,1899.1744246292626,1899.21074340777,1899.1182387383558,1899.198217913198,100,0,1
2005.03.20,01:43:26,1899.1405063480547,1899.218876885396,1899.0927655558257,1899.136278063852,100,0,1
2005.03.21,01:43:26,1899.0837571595825,1899.1123700458845,1899.0507726607816,1899.0845534369998,100,0,1
2005.03.22,01:43:26,1899.024311935765,1899.0923400299898,1898.9482368914262,1899.0751334298689,100,0,1
2005.03.23,01:43:26,1899.1239783976057,1899.1740892290902,1899.0972872477832,1899.1271124951213,100,0,1
2005.03.24,01:43:26,1899.1284726495505,1899.1424924710466,1899.0687547557939,1899.1108430684333,100,0,1
2005.03.25,01:43:26,1899.1848088527397,1899.2035017684047,1899.1477017562415,1899.1909457725033,100,0,1
2005.03.26,01:43:26,1899.1982272136634,1899.270122817097,1899.1351146143097,1899.1818522131516,100,0,1
2005.03.27,01:43:26,1899.179165372879,1899.2038821965784,1899.0847025900277,1899.187091495625,100,0,1
2005.03.28,01:43:26,1899.0823176522833,1899.1143381820968,1899.0046278491357,1899.0826648450325,100,0,1
2005.03.29,01:43:26,1899.0145542652058,1899.0889287065029,1898.9595490935208,1899.0250734446079,100,0,1
2005.03.30,01:43:26,1898.9715293741529,1899.0148684429178,1898.9119462497874,1898.948234927345,100,0,1
2005.03.31,01:43:26,1898.868338198576,1898.919573450997,1898.8257491340285,1898.9183528222488,100,0,1
2005.04.01,01:43:26,1898.9869204952922,1899.0105803358829,1898.9290087995646,1898.9801402808368,100,0,1
2005.04.02,01:43:26,1898.9735306942464,1898.9816959763543,1898.9352662161332,1898.9507559679917,100,0,1
2005.04.03,01:43:26,1898.9148921861213,1898.985562952406,1898.878600251131,1898.918855385599,100,0,1
2005.04.04,01:43:26,1898.934488351075,1898.9867099658395,1898.8848453233088,1898.9345999088503,100,0,1
2005.04.05,01:43:26,1898.9307608940885,1898.9693215161612,1898.8655674659835,1898.9484129422078,100,0,1
2005.04.06,01:43:26,1898.8919514355555,1898.9345054348473,1898.8480655214876,1898.932724860671,100,0,1
2005.04.07,01:43:26,1898.8766278026562,1898.9145805574506,1898.859410481539,1898.8704425288124,100,0,1
2005.04.08,01:43:26,1898.9148762357374,1898.9741058227119,1898.9097557914358,1898.9487410142826,100,0,1
2005.04.09,01:43:26,1898.9475663215117,1899.0207823834248,1898.90369351734,1898.9526665695257,100,0,1
2005.04.10,01:43:26,1898.9583701239799,1898.965026157371,1898.9194950517501,1898.93756909909,100,0,1
2005.04.11,01:43:26,1898.9573220447833,1898.9901243862057,1898.9077344039972,1898.9577226901108,100,0,1
2005.04.12,01:43:26,1898.987897027184,1899.0298742861844,1898.9255678265151,1899.0132136035115,100,0,1
2005.04.13,01:43:26,1898.8672090897028,1898.9605307825288,1898.7879829779502,1898.8641174639745,100,0,1
2005.04.14,01:43:26,1898.924989101463,1898.9576996525068,1898.87361344864,1898.9141059162184,100,0,1
2005.04.15,01:43:26,1898.9077892180514,1898.935303016232,1898.8424608305397,1898.8751789706587,100,0,1
2005.04.16,01:43:26,1898.9034849161985,1898.9546526857632,1898.8315151625316,1898.9242605296238,100,0,1
2005.04.17,01:43:26,1898.8864212890244,1898.9904911613355,1898.8222874568216,1898.9037285456225,100,0,1
2005.04.18,01:43:26,1898.9154513218457,1899.0103478923456,1898.8627178395811,1898.9107708192678,100,0,1
2005.04.19,01:43:26,1898.822858004733,1898.8872725558863,1898.7859754700717,1898.814391064658,100,0,1
2005.04.20,01:43:26,1898.885408346946,1898.936762056465,1898.8290413821537,1898.8821728892951,100,0,1
2005.04.21,01:43:26,1898.8975236394317,1898.9814125538683,1898.8747930931092,1898.9538758087217,100,0,1
2005.04.22,01:43:26,1898.8356546336306,1898.9210220282528,1898.8042298129644,1898.8091991366387,100,0,1
2005.04.23,01:43:26,1898.8397439931205,1898.8867564076108,1898.7775850516723,1898.8152543736946,100,0,1
2005.04.24,01:43:26,1898.8356248711796,1898.8880459379566,1898.786085977536,1898.831359649494,100,0,1
2005.04.25,01:43:26,1898.8199312751817,1898.8660461103434,1898.7564745786565,1898.845416942338,100,0,1
2005.04.26,01:43:26,1898.7630289240167,1898.8055325400198,1898.728058939275,1898.7572507744144,100,0,1
2005.04.27,01:43:26,1898.7522233507896,1898.7633482019548,1898.7277436349998,1898.743750511521,100,0,1
2005.04.28,01:43:26,1898.7249819676351,1898.7589890644995,1898.6599484308729,1898.700491914567,100,0,1
2005.04.29,01:43:26,1898.7050811262664,1898.7569315815058,1898.6254487683075,1898.7354957298523,100,0,1
2005.04.30,01:43:26,1898.7201075297628,1898.758850742376,1898.66381285074,1898.7312915270454,100,0,1
2005.05.01,01:43:26,1898.7319796172546,1898.7775279518753,1898.7099327477206,1898.7617354136482,100,0,1
2005.05.02,01:43:26,1898.6971411308846,1898.778116963037,1898.667623908873,1898.6798741874838,100,0,1
2005.05.03,01:43:26,1898.6508703618226,1898.707570580027,1898.5913880008093,1898.6093484179323,100,0,1
2005.05.04,01:43:26,1898.6231895987296,1898.650759080591,1898.5713042195434,1898.6220093768086,100,0,1
2005.05.05,01:43:26,1898.628105262777,1898.6591523908783,1898.581805857234,1898.6034017236168,100,0,1
2005.05.06,01:43:26,1898.5266541227052,1898.5933944937265,1898.48607629438,1898.5807157778054,100,0,1
2005.05.07,01:43:26,1898.6050534329127,1898.6727738333495,1898.531415590951,1898.6353274259377,100,0,1
2005.05.08,01:43:26,1898.6458639666494,1898.7107147388756,1898.579254874449,1898.6311697669782,100,0,1
2005.05.09,01:43:26,1898.6453139027299,1898.720935415313,1898.5847777536264,1898.687644872496,100,0,1
2005.05.10,01:43:26,1898.7602805069366,1898.8099866279867,1898.7064518970167,1898.7314152518406,100,0,1
2005.05.11,01:43:26,1898.7088001835339,1898.7474667519668,1898.647927927326,1898.6576955930007,100,0,1
2005.05.12,01:43:26,1898.7313994722183,1898.7777616423152,1898.7151444692665,1898.7257468579833,100,0,1
2005.05.13,01:43:26,1898.8315468095716,1898.871073186049,1898.785558430578,1898.7901987036507,100,0,1
2005.05.14,01:43:26,1898.9290115180006,1898.969852510012,1898.8890245472737,1898.955142280569,100,0,1
2005.05.15,01:43:26,1898.897472361832,1898.9383392385184,1898.8436207221157,1898.9126958579204,100,0,1
2005.05.16,01:43:26,1898.923194569723,1899.0002884056694,1898.8691711088525,1898.9085609593876,100,0,1
2005.05.17,01:43:26,1898.8806830405472,1898.950978053816,1898.7889539788246,1898.9480073860423,100,0,1
2005.05.18,01:43:26,1898.8421770190216,1898.8876877325267,1898.800128788367,1898.8803450883988,100,0,1
2005.05.19,01:43:26,1898.803920175958,1898.84427556184,1898.7533049894562,1898.807381962992,100,0,1
2005.05.20,01:43:26,1898.792375894936,1898.8568188136203,1898.7592562320917,1898.8491412269093,100,0,1
2005.05.21,01:43:26,1898.802923436629,1898.8626803667928,1898.7455933461567,1898.7623085331447,100,0,1
2005.05.22,01:43:26,1898.8768581844859,1898.9491397292811,1898.8472502936668,1898.9396473384302,100,0,1
2005.05.23,01:43:26,1898.8934347684287,1898.9324934482688,1898.8244447388583,1898.9119362796566,100,0,1
2005.05.24,01:43:26,1898.916216575444,1898.969243025215,1898.876887987807,1898.9645298643863,100,0,1
2005.05.25,01:43:26,1899.0045122197891,1899.0603525529546,1898.944056524013,1898.9625224555625,100,0,1
2005.05.26,01:43:26,1898.9767247900045,1899.0133671574622,1898.954864254858,1898.9983492964795,100,0,1
2005.05.27,01:43:26,1898.9581935850965,1899.0411933488836,1898.8693087211434,1898.8789886476504,100,0,1
2005.05.28,01:43:26,1898.8777455014329,1898.928245957187,1898.8557848030853,1898.898501537581,100,0,1
2005.05.29,01:43:26,1898.8851375602133,1898.9509934268756,1898.8405297513345,1898.9374663257254,100,0,1
2005.05.30,01:43:26,1898.9513399007224,1898.981242987306,1898.8899181807794,1898.9803176787407,100,0,1
2005.05.31,01:43:26,1898.8996552045558,1898.9924649135269,1898.8555018415184,1898.936790011531,100,0,1
2005.06.01,01:43:26,1898.9314309976294,1898.9621515349938,1898.8869840606555,1898.9250062275573,100,0,1
2005.06.02,01:43:26,1898.9675724433716,1899.022969769025,1898.8922128897007,1898.9477567158765,100,0,1
2005.06.03,01:43:26,1898.9425648275255,1899.0057899455007,1898.8707176247055,1898.9848760598063,100,0,1
2005.06.04,01:43:26,1898.9097167083758,1898.9561350447793,1898.8727518464289,1898.9310330438097,100,0,1
2005.06.05,01:43:26,1898.8583681538034,1898.914695079784,1898.8125233197134,1898.8514718982822,100,0,1
2005.06.06,01:43:26,1898.91085360259,1898.998854942346,1898.866438763879,1898.941359442117,100,0,1
2005.06.07,01:43:26,1898.9272099303,1898.969919175613,1898.904833100308,1898.9126004053821,100,0,1
2005.06.08,01:43:26,1898.9822718428554,1899.0383577127516,1898.9124833054339,1898.9445814967485,100,0,1
2005.06.09,01:43:26,1898.9701194689076,1899.0010372513232,1898.9497842155226,1898.9911948705267,100,0,1
2005.06.10,01:43:26,1898.9431024861465,1898.9637079639976,1898.9144289907533,1898.9240282076066,100,0,1
2005.06.11,01:43:26,1898.8735384999497,1898.931845609841,1898.8549429245925,1898.9216136636549,100,0,1
2005.06.12,01:43:26,1898.92823152987,1898.9877180802596,1898.917673144662,1898.9843405854417,100,0,1
2005.06.13,01:43:26,1898.978612721228,1899.057525863862,1898.9412720079508,1899.0053005438342,100,0,1
2005.06.14,01:43:26,1898.9810684869844,1899.0188918646168,1898.9067699373766,1898.9879468418267,100,0,1
2005.06.15,01:43:26,1899.033780696835,1899.097154461659,1899.005735063217,1899.0106715695254,100,0,1
2005.06.16,01:43:26,1899.0641782130197,1899.1019825210324,1899.017414235793,1899.06722898747,100,0,1
2005.06.17,01:43:26,1899.113617345339,1899.1571396775737,1899.075758643835,1899.1385671752942,100,0,1
2005.06.18,01:43:26,1899.1477395782022,1899.191165272635,1899.1003026100109,1899.1724962959117,100,0,1
2005.06.19,01:43:26,1899.0899912077248,1899.1420814636595,1899.0327723997084,1899.1380115060863,100,0,1
2005.06.20,01:43:26,1899.0485635939333,1899.0884263804144,1898.993715007279,1899.025005903619,100,0,1
2005.06.21,01:43:26,1899.1109629317837,1899.1383663440015,1899.0604531476354,1899.1017413922004,100,0,1
2005.06.22,01:43:26,1899.067929329603,1899.1281909082913,1899.0440816293371,1899.1107556542843,100,0,1
2005.06.23,01:43:26,1899.0280937201883,1899.0771050992605,1898.9980099533673,1899.064141716639,100,0,1
2005.06.24,01:43:26,1899.0030078842597,1899.0455449860904,1898.9199170331547,1898.9950211614798,100,0,1
2005.06.25,01:43:26,1899.0862891087577,1899.14698592784,1899.055033018012,1899.1012535615478,100,0,1
2005.06.26,01:43:26,1899.059521591732,1899.1252932551035,1899.0167106977092,1899.0298052722487,100,0,1
2005.06.27,01:43:26,1899.0610539487236,1899.1388699076429,1899.0604503578097,1899.0794339366764,100,0,1
2005.06.28,01:43:26,1899.053473361712,1899.1068414876058,1899.0114169565572,1899.0278986700987,100,0,1
2005.06.29,01:43:26,1899.0808176585062,1899.1581915522338,1899.0423628901533,1899.084371660912,100,0,1
2005.06.30,01:43:26,1899.078588279565,1899.1188480580531,1899.024624556104,1899.0350889119795,100,0,1
2005.07.01,01:43:26,1899.0273777789994,1899.0912614580752,1898.9647356723851,1898.9876164776422,100,0,1
2005.07.02,01:43:26,1899.042547735643,1899.1270925898398,1898.98219362851,1899.0288042318373,100,0,1
2005.07.03,01:43:26,1899.0871168437488,1899.156574833561,1899.0125683720546,1899.0690054481026,100,0,1
2005.07.04,01:43:26,1899.036096468636,1899.1124208153485,1898.9702388702285,1899.073071075508,100,0,1
2005.07.05,01:43:26,1898.9928400934484,1899.0445555151887,1898.9665330206915,1898.981868803005,100,0,1
2005.07.06,01:43:26,1898.9360525152204,1898.995190622923,1898.9218246530295,1898.931497953344,100,0,1
2005.07.07,01:43:26,1898.9045595136347,1898.9344355014575,1898.820916523038,1898.905999944097,100,0,1
2005.07.08,01:43:26,1898.8360764476467,1898.866463670592,1898.7573621378456,1898.820311048118,100,0,1
2005.07.09,01:43:26,1898.852114015924,1898.9133708493791,1898.813351439224,1898.8426422843347,100,0,1
2005.07.10,01:43:26,1898.8380180754348,1898.8907020893696,1898.771005751216,1898.8358481809698,100,0,1
2005.07.11,01:43:26,1898.9374997042066,1898.9758249449146,1898.8813415384775,1898.8881471381096,100,0,1
2005.07.12,01:43:26,1898.9482996870368,1899.0148603320624,1898.872203973032,1898.9189273457273,100,0,1
2005.07.13,01:43:26,1898.9661769326103,1899.0104720456798,1898.9136445499344,1898.9214618983567,100,0,1
2005.07.14,01:43:26,1898.9400812735184,1898.975122542567,1898.8672061011293,1898.907727603523,100,0,1
2005.07.15,01:43:26,1898.9464329681678,1898.9572201066312,1898.9039606109463,1898.9448310189332,100,0,1
2005.07.16,01:43:26,1898.9515958066854,1898.9924897570158,1898.8900642007045,1898.9079046297798,100,0,1
2005.07.17,01:43:26,1899.0203247405182,1899.0359114249711,1898.9509323451964,1899.0242616417033,100,0,1
2005.07.18,01:43:26,1899.1113331118574,1899.1378525988387,1899.0336200289191,1899.0345473660623,100,0,1
2005.07.19,01:43:26,1899.130641837018,1899.1769824962012,1899.0666832471138,1899.1464213138047,100,0,1
2005.07.20,01:43:26,1899.0981137043227,1899.171520231875,1899.0287599536366,1899.140835707064,100,0,1
2005.07.21,01:43:26,1899.2226349231196,1899.2587285038232,1899.1726501244007,1899.255572156461,100,0,1
2005.07.22,01:43:26,1899.2578984203549,1899.3264482581344,1899.1516379295635,1899.2091688712349,100,0,1
2005.07.23,01:43:26,1899.1981477012046,1899.241669758193,1899.1107693097188,1899.1184683815106,100,0,1
2005.07.24,01:43:26,1899.152037184677,1899.2239463116773,1899.1049787576078,1899.1458753335567,100,0,1
2005.07.25,01:43:26,1899.2046421436082,1899.2401473890973,1899.157828008656,1899.2273316287049,100,0,1
2005.07.26,01:43:26,1899.2715150940514,1899.3148263587186,1899.2069550455703,1899.3008929510443,100,0,1
2005.07.27,01:43:26,1899.2122702065938,1899.2901222908308,1899.1671765867686,1899.1728476108638,100,0,1
2005.07.28,01:43:26,1899.1893352169257,1899.2468692050472,1899.1284134442092,1899.2171347917658,100,0,1
2005.07.29,01:43:26,1899.1637633036373,1899.2359283311182,1899.099098620733,1899.1910024245747,100,0,1
2005.07.30,01:43:26,1899.200507506787,1899.2976697595745,1899.1609141769386,1899.2197447611427,100,0,1
2005.07.31,01:43:26,1899.1565155345347,1899.2189761490447,1899.1124051646589,1899.142743786739,100,0,1
2005.08.01,01:43:26,1899.1312740184173,1899.198783090872,1899.0824339849491,1899.1576523269857,100,0,1
2005.08.02,01:43:26,1899.262144692018,1899.2890459650125,1899.2224462311349,1899.275419948853,100,0,1
2005.08.03,01:43:26,1899.326881066197,1899.3888324119196,1899.2712003813817,1899.3709851643616,100,0,1
2005.08.04,01:43:26,1899.2294641283383,1899.3049028233406,1899.1826208571808,1899.3046549885016,100,0,1
2005.08.05,01:43:26,1899.2541898207485,1899.3196718771198,1899.2054509171899,1899.2350473774027,100,0,1
2005.08.06,01:43:26,1899.2658260963651,1899.2941367888084,1899.230673986595,1899.2456861696294,100,0,1
2005.08.07,01:43:26,1899.3006444710443,1899.3485289408138,1899.267093601903,1899.3307921294454,100,0,1
2005.08.08,01:43:26,1899.3132516845717,1899.3618669322093,1899.2737321867085,1899.3399188857143,100,0,1
2005.08.09,01:43:26,1899.3108061393068,1899.3774837222766,1899.2621689973896,1899.3259526318502,100,0,1
2005.08.10,01:43:26,1899.353963538316,1899.3658370557664,1899.272205738737,1899.286626901594,100,0,1
2005.08.11,01:43:26,1899.2917701541032,1899.305845603726,1899.2324360500543,1899.2956998332077,100,0,1
2005.08.12,01:43:26,1899.2118140284867,1899.2519978197347,1899.1660309337929,1899.241441888441,100,0,1
2005.08.13,01:43:26,1899.0699221766597,1899.1033664743916,1899.0445030644803,1899.0527493712423,100,0,1
2005.08.14,01:43:26,1898.9974415006284,1899.0495486359284,1898.9542011337307,1899.0333705026862,100,0,1
2005.08.15,01:43:26,1898.9373752625775,1898.9765202539,1898.888292822191,1898.964328019713,100,0,1
2005.08.16,01:43:26,1898.874311534497,1898.8934914029755,1898.8066144455142,1898.8124711020582,100,0,1
2005.08.17,01:43:26,1898.935641335543,1898.9723405876778,1898.9069435088195,1898.936496175299,100,0,1
2005.08.18,01:43:26,1898.9188728571894,1898.969160989502,1898.883930366845,1898.9360473839881,100,0,1
2005.08.19,01:43:26,1898.875477977149,1898.9107229769922,1898.8246877129318,1898.8350819232535,100,0,1
2005.08.20,01:43:26,1898.8907542896065,1898.9309368641418,1898.8367763610495,1898.876693085793,100,0,1
2005.08.21,01:43:26,1898.9072757813258,1898.9711216682097,1898.8567137022685,1898.891180114028,100,0,1
2005.08.22,01:43:26,1899.0219161430998,1899.0724511600288,1898.984267601608,1899.0194023629945,100,0,1
2005.08.23,01:43:26,1899.091140485881,1899.0968710871691,1899.0400836665824,1899.0703546582056,100,0,1
2005.08.24,01:43:26,1899.1318478949572,1899.216981304422,1899.0639740102627,1899.1358799802172,100,0,1
2005.08.25,01:43:26,1899.03420706437,1899.0812571920521,1899.0104799701414,1899.0747789896218,100,0,1
2005.08.26,01:43:26,1899.0311568270922,1899.0954302274076,1898.983630659862,1899.064427847773,100,0,1
2005.08.27,01:43:26,1899.0258617150687,1899.0847697043216,1898.951993715009,1898.9613530343331,100,0,1
2005.08.28,01:43:26,1899.0461728631,1899.1204597806886,1898.9993101693778,1899.0765393852232,100,0,1
2005.08.29,01:43:26,1899.1179517630953,1899.1745732646107,1899.075796621592,1899.0942758582773,100,0,1
2005.08.30,01:43:26,1899.0710893450312,1899.1115082528945,1899.027034080494,1899.0696269874486,100,0,1
2005.08.31,01:43:26,1899.0304254892628,1899.076545131642,1898.9433343097926,1899.008635895999,100,0,1
2005.09.01,01:43:26,1898.9372407979913,1898.95533715466,1898.902717269714,1898.9358562027953,100,0,1
2005.09.02,01:43:26,1898.9036194877922,1899.0248532768649,1898.8707113845715,1898.8711492294053,100,0,1
2005.09.03,01:43:26,1898.9073358047897,1898.9386038153523,1898.870281615116,1898.9105215777997,100,0,1
2005.09.04,01:43:26,1898.9030822933407,1898.9571953354937,1898.869558398101,1898.925760117095,100,0,1
2005.09.05,01:43:26,1898.9083470483226,1898.9378203338988,1898.8256415910153,1898.8991106150334,100,0,1
2005.09.06,01:43:26,1898.8750851673556,1898.9303734799762,1898.831209181011,1898.8428695891373,100,0,1
2005.09.07,01:43:26,1898.923726703068,1898.9770429197556,1898.8707161765403,1898.8747368603647,100,0,1
2005.09.08,01:43:26,1898.9056382272029,1898.9068170573667,1898.8484090041852,1898.8647217223706,100,0,1
2005.09.09,01:43:26,1898.9248717261307,1898.9876233985087,1898.8751684930735,1898.9068977937288,100,0,1
2005.09.10,01:43:26,1899.010715524542,1899.077654206938,1898.9659155647419,1899.066610908648,100,0,1
2005.09.11,01:43:26,1899.0085272276722,1899.044728818522,1898.9562993670274,1898.9935674250582,100,0,1
2005.09.12,01:43:26,1898.9605252312663,1899.0208841949768,1898.926880256921,1898.9512703881662,100,0,1
2005.09.13,01:43:26,1898.9549695574735,1899.0185302092777,1898.9039858345288,1898.9652936528164,100,0,1
2005.09.14,01:43:26,1899.0118744808997,1899.0392691915392,1898.9864352937307,1899.011131136827,100,0,1
2005.09.15,01:43:26,1899.0177844769983,1899.0517488560854,1898.971970786091,1898.987154407731,100,0,1
2005.09.16,01:43:26,1899.0423105665218,1899.1022544924044,1898.9751122188582,1899.0357631941022,100,0,1
2005.09.17,01:43:26,1899.0454213283576,1899.0934128809145,1898.9865028217516,1898.9883784854542,100,0,1
2005.09.18,01:43:26,1899.059267528879,1899.0918679947104,1899.0072564111363,1899.031337972031,100,0,1
2005.09.19,01:43:26,1899.0847546806692,1899.1324557175833,1899.0436765378672,1899.045219675195,100,0,1
2005.09.20,01:43:26,1899.1677178783184,1899.23396397073,1899.094630859074,1899.1254126629406,100,0,1
2005.09.21,01:43:26,1899.13292886271,1899.199327883143,1899.0772541513077,1899.1184363605441,100,0,1
2005.09.22,01:43:26,1899.1523200801355,1899.1905296721352,1899.1008254675746,1899.1570204078675,100,0,1
2005.09.23,01:43:26,1899.1497710136136,1899.208932475996,1899.1155904882567,1899.1717879762493,100,0,1
2005.09.24,01:43:26,1899.1101658133653,1899.151613503347,1899.0132154260955,1899.0825556139268,100,0,1
2005.09.25,01:43:26,1899.0672979269855,1899.129639208425,1899.0461756888155,1899.0515249581338,100,0,1
2005.09.26,01:43:26,1899.1346293232998,1899.1913714433028,1899.0820773091698,1899.1678101902005,100,0,1
2005.09.27,01:43:26,1899.188319211242,1899.2093063962382,1899.1304895248643,1899.192197008514,100,0,1
2005.09.28,01:43:26,1899.2250256408845,1899.2645198141472,1899.1562126180042,1899.1964092623216,100,0,1
2005.09.29,01:43:26,1899.2684062257329,1899.3283795560856,1899.1785559013294,1899.2319879197403,100,0,1
2005.09.30,01:43:26,1899.2831557834131,1899.3240913002662,1899.2401078194134,1899.2534430984997,100,0,1
2005.10.01,01:43:26,1899.3240715637075,1899.366092389446,1899.3040350737,1899.3092739187155,100,0,1
2005.10.02,01:43:26,1899.3428847803445,1899.3782922585951,1899.3060261096118,1899.3652065121385,100,0,1
2005.10.03,01:43:26,1899.3575457899003,1899.3744589884516,1899.3000534551873,1899.3040666320194,100,0,1
2005.10.04,01:43:26,1899.3911866811216,1899.4085713685477,1899.3343343364193,1899.407674253886,100,0,1
2005.10.05,01:43:26,1899.3035472314034,1899.381539325747,1899.2445246744546,1899.347288055856,100,0,1
2005.10.06,01:43:26,1899.3257463796679,1899.3860271973506,1899.2734052555163,1899.3804035499888,100,0,1
2005.10.07,01:43:26,1899.2465042519868,1899.3039483863695,1899.1920376447717,1899.285089713669,100,0,1
2005.10.08,01:43:26,1899.2374629619726,1899.2972761094657,1899.1691081702988,1899.2676483718608,100,0,1
2005.10.09,01:43:26,1899.156708016033,1899.2158638184942,1899.0727034140857,1899.0923429386078,100,0,1
2005.10.10,01:43:26,1899.198517521313,1899.2245547308385,1899.1739218372925,1899.182215797102,100,0,1
2005.10.11,01:43:26,1899.3184594226223,1899.3618890662583,1899.249926623054,1899.2817655987756,100,0,1
2005.10.12,01:43:26,1899.2578534740062,1899.2895537374563,1899.2066430164687,1899.228057002349,100,0,1
2005.10.13,01:43:26,1899.3409648073311,1899.3708729971872,1899.301846639524,1899.3270843237472,100,0,1
2005.10.14,01:43:26,1899.25886897033,1899.347705672344,1899.162919267972,1899.2782254299364,100,0,1
2005.10.15,01:43:26,1899.2518660847754,1899.3141447876847,1899.1822731382535,1899.228618265414,100,0,1
2005.10.16,01:43:26,1899.252688546793,1899.3335380490632,1899.1613609133335,1899.3292582118888,100,0,1
2005.10.17,01:43:26,1899.2014069642144,1899.2383139962503,1899.1257768495673,1899.1816416655874,100,0,1
2005.10.18,01:43:26,1899.1985611544205,1899.2524796224834,1899.1677908069728,1899.1708048185126,100,0,1
2005.10.19,01:43:26,1899.1675130768085,1899.1982602391515,1899.066741426658,1899.1680370213178,100,0,1
2005.10.20,01:43:26,1899.21483332955,1899.25288772351,1899.1620971345562,1899.2467229846309,100,0,1
2005.10.21,01:43:26,1899.2538302724938,1899.2710451635894,1899.2225578081575,1899.2522514764944,100,0,1
2005.10.22,01:43:26,1899.2304902838596,1899.2864964329817,1899.1941956719393,1899.2433466842856,100,0,1
2005.10.23,01:43:26,1899.192167030668,1899.260212153094,1899.1257811882306,1899.2154466811157,100,0,1
2005.10.24,01:43:26,1899.1689794617691,1899.2134625257368,1899.1233149635634,1899.1446660100733,100,0,1
2005.10.25,01:43:26,1899.1742259880518,1899.208732693006,1899.093195550264,1899.1160392023196,100,0,1
2005.10.26,01:43:26,1899.1997433995887,1899.264873570378,1899.1691528163428,1899.2105502386723,100,0,1
2005.10.27,01:43:26,1899.0705080905086,1899.1150917823245,1899.0154590650698,1899.0964532635503,100,0,1
2005.10.28,01:43:26,1899.0222327860693,1899.0707935505943,1898.9568588334841,1899.0222182113387,100,0,1
2005.10.29,01:43:26,1899.0808298865297,1899.136463282037,1899.0317551291685,1899.066279861195,100,0,1
2005.10.30,01:43:26,1899.0652858921633,1899.1412689601734,1899.0009016415488,1899.0324749722279,100,0,1
2005.10.31,01:43:26,1899.0429627823282,1899.0977068054194,1898.9868408400653,1899.0958182265379,100,0,1
2005.11.01,01:43:26,1899.1035922726248,1899.1502321405133,1899.0588248577085,1899.1309076506257,100,0,1
2005.11.02,01:43:26,1899.1355067843938,1899.1869866867787,1899.0682075345303,1899.0952654506125,100,0,1
2005.11.03,01:43:26,1899.1170491689786,1899.1558036485487,1899.0818948880324,1899.1541845810964,100,0,1
2005.11.04,01:43:26,1899.15945699631,1899.193260851161,1899.09359795074,1899.135322975937,100,0,1
2005.11.05,01:43:26,1899.1347641586854,1899.1524760432796,1899.0642782074362,1899.0690510750258,100,0,1
2005.11.06,01:43:26,1899.1175930814604,1899.1489789929178,1899.0735409396164,1899.1276224670407,100,0,1
2005.11.07,01:43:26,1899.1662321497035,1899.2205043903155,1899.0806088443974,1899.109562487305,100,0,1
2005.11.08,01:43:26,1899.178821475386,1899.2338199030407,1899.1467123271682,1899.2188226737628,100,0,1
2005.11.09,01:43:26,1899.1289251516446,1899.1646421242976,1899.099277354267,1899.152437643759,100,0,1
2005.11.10,01:43:26,1899.1411262983236,1899.1552184775867,1899.0764180585536,1899.141939258586,100,0,1
2005.11.11,01:43:26,1899.097269768792,1899.1781047271786,1899.0557957761355,1899.1156766328418,100,0,1
2005.11.12,01:43:26,1899.1854107379436,1899.2494942262704,1899.139543461981,1899.156692534644,100,0,1
2005.11.13,01:43:26,1899.182837743353,1899.25299535097,1899.1339255760902,1899.1637279199972,100,0,1
2005.11.14,01:43:26,1899.1109744955031,1899.1928576980733,1899.0461837715422,1899.161826441766,100,0,1
2005.11.15,01:43:26,1899.1422524764812,1899.1853136154004,1899.1300601868518,1899.1478360017243,100,0,1
2005.11.16,01:43:26,1899.1517152643842,1899.2002916509418,1899.0981041007908,1899.1572228188923,100,0,1
2005.11.17,01:43:26,1899.1624333841805,1899.2297775528507,1899.0716556141795,1899.14805254329,100,0,1
2005.11.18,01:43:26,1899.132628502596,1899.1703655633312,1899.0809671500483,1899.1280287506918,100,0,1
2005.11.19,01:43:26,1899.1642923397412,1899.2261215265166,1899.0905822157727,1899.1348706717165,100,0,1
2005.11.20,01:43:26,1899.1493642168464,1899.195745765041,1899.0847404646336,1899.0955842237108,100,0,1
2005.11.21,01:43:26,1899.1027031647357,1899.1668574371583,1899.0234548320157,1899.1271586110233,100,0,1
2005.11.22,01:43:26,1899.0683865831409,1899.083296053732,1898.9957175844536,1899.0222574838706,100,0,1
2005.11.23,01:43:26,1899.067841844008,1899.0907446852648,1898.9866267491143,1899.0754699222027,100,0,1
2005.11.24,01:43:26,1898.9662386844557,1898.9998196104073,1898.9270516671554,1898.928896900512,100,0,1
2005.11.25,01:43:26,1899.0075247283341,1899.080299528125,1898.9466026364294,1899.080101975616,100,0,1
2005.11.26,01:43:26,1898.9800059122379,1899.0079959264092,1898.9448402423504,1898.9567800866832,100,0,1
2005.11.27,01:43:26,1899.0116195097855,1899.0584947000352,1898.9833095039085,1899.0518831181314,100,0,1
2005.11.28,01:43:26,1899.0143482343838,1899.0654187051593,1898.9379226638066,1898.967050296851,100,0,1
2005.11.29,01:43:26,1898.957085179466,1899.0258530575704,1898.955842929428,1899.005880265345,100,0,1
2005.11.30,01:43:26,1898.914424045496,1898.9782207488636,1898.8760868973618,1898.904863876194,100,0,1
2005.12.01,01:43:26,1898.965817662642,1898.989959876633,1898.9262150609086,1898.926388576899,100,0,1
2005.12.02,01:43:26,1898.8912275554278,1898.9330195953619,1898.8316360976683,1898.8856171398124,100,0,1
2005.12.03,01:43:26,1898.8790944406753,1898.9005994604101,1898.8285351989734,1898.870174054302,100,0,1
2005.12.04,01:43:26,1898.8508705926638,1898.9066970084714,1898.7924735710524,1898.8627161828442,100,0,1
2005.12.05,01:43:26,1898.865350812188,1898.9411342430008,1898.826489263313,1898.9292944741678,100,0,1
2005.12.06,01:43:26,1898.8538189098047,1898.8757623294932,1898.7769092888766,1898.8757049999665,100,0,1
2005.12.07,01:43:26,1898.8458938226263,1898.910919764219,1898.8142639023122,1898.8406039442712,100,0,1
2005.12.08,01:43:26,1898.9868609491762,1899.032684127505,1898.9300247628867,1898.9990614548083,100,0,1
2005.12.09,01:43:26,1899.0714519006597,1899.115461545152,1899.0048527772606,1899.093604927527,100,0,1
2005.12.10,01:43:26,1899.0575973942782,1899.0648882096054,1899.0312283724031,1899.0557129811643,100,0,1
2005.12.11,01:43:26,1899.010482531241,1899.0276397786072,1898.9734469209973,1899.0142665207175,100,0,1
2005.12.12,01:43:26,1898.9541223377203,1898.986073255118,1898.9068840753384,1898.92805171628,100,0,1
2005.12.13,01:43:26,1898.997922922987,1899.0392285329713,1898.9600645840826,1899.0014373178367,100,0,1
2005.12.14,01:43:26,1899.0528188328688,1899.071613038392,1898.9764768896725,1898.9882557952826,100,0,1
2005.12.15,01:43:26,1899.0044943340397,1899.0275582614563,1898.941886604473,1898.9902029262344,100,0,1
2005.12.16,01:43:26,1899.109001277811,1899.144356802988,1899.067629648517,1899.1303616897521,100,0,1
2005.12.17,01:43:26,1899.0321672597477,1899.0950794344162,1898.9909858272435,1899.076405268485,100,0,1
2005.12.18,01:43:26,1899.0028915605424,1899.0937064137431,1898.9478543348437,1899.0313009604097,100,0,1
2005.12.19,01:43:26,1898.9743309099335,1899.056058017493,1898.9454176162362,1898.9646932830046,100,0,1
2005.12.20,01:43:26,1898.9624982203445,1899.0130114298593,1898.9137279713273,1898.9938618018089,100,0,1
2005.12.21,01:43:26,1898.903818080828,1898.9354241573485,1898.8645189379886,1898.9035335769286,100,0,1
2005.12.22,01:43:26,1898.9717502719145,1899.0301415724202,1898.947754720678,1898.9544251889624,100,0,1
2005.12.23,01:43:26,1898.9300754758663,1898.9692924037715,1898.904895090288,1898.93362963099,100,0,1
2005.12.24,01:43:26,1898.997488155957,1899.038688070366,1898.9573679816397,1899.0272854026916,100,0,1
2005.12.25,01:43:26,1898.9769399934253,1899.0089365506658,1898.8897401874478,1898.9011867837232,100,0,1
2005.12.26,01:43:26,1899.006925253342,1899.0751355079403,1898.9553071853777,1898.9736694970143,100,0,1
2005.12.27,01:43:26,1898.9437782347636,1898.9992767087072,1898.882712258519,1898.9964273011306,100,0,1
2005.12.28,01:43:26,1898.9649131158706,1898.9974085483652,1898.924134052638,1898.9277229307472,100,0,1
2005.12.29,01:43:26,1898.9281105120492,1898.975899545637,1898.901378369791,1898.9066430307219,100,0,1
2005.12.30,01:43:26,1899.0003824950536,1899.0363569470835,1898.9434646116952,1899.019089194201,100,0,1
2005.12.31,01:43:26,1899.139795484608,1899.1839269824304,1899.0711587971434,1899.151507009552,100,0,1
2006.01.01,01:43:26,1899.1045537415469,1899.1683209260907,1899.0687531684416,1899.0756346093165,100,0,1
2006.01.02,01:43:26,1899.105112876435,1899.1723427066283,1899.0305085574942,1899.0640302641336,100,0,1
2006.01.03,01:43:26,1899.129768423634,1899.1864318326238,1899.0928823742286,1899.10140980099,100,0,1
2006.01.04,01:43:26,1899.2217089011565,1899.2688004374206,1899.1901541425611,1899.2202067526653,100,0,1
2006.01.05,01:43:26,1899.193569163955,1899.222977344521,1899.1884164383778,1899.202921668643,100,0,1
2006.01.06,01:43:26,1899.2535149187618,1899.2979154575164,1899.1861894489114,1899.242406474596,100,0,1
2006.01.07,01:43:26,1899.2800393039813,1899.313382050348,1899.1805050548048,1899.2314606239177,100,0,1
2006.01.08,01:43:26,1899.2273155514679,1899.30384763861,1899.196344774109,1899.25269477644,100,0,1
2006.01.09,01:43:26,1899.2362542434244,1899.2450935593258,1899.2075178933608,1899.2223399647542,100,0,1
2006.01.10,01:43:26,1899.2437044816113,1899.2821051853562,1899.1800156026795,1899.2384268626583,100,0,1
2006.01.11,01:43:26,1899.3174642998392,1899.3682594155675,1899.2710088320696,1899.3337370091788,100,0,1
2006.01.12,01:43:26,1899.2450417531052,1899.2687187395325,1899.2211842927306,1899.2231696374542,100,0,1
2006.01.13,01:43:26,1899.2938180592375,1899.3433043630444,1899.2510627487611,1899.3381331171322,100,0,1
2006.01.14,01:43:26,1899.3348543017962,1899.409772128005,1899.2810317836925,1899.3842363164185,100,0,1
2006.01.15,01:43:26,1899.2928276897435,1899.3707499374384,1899.2660406898856,1899.3516149721368,100,0,1
2006.01.16,01:43:26,1899.3542484749871,1899.456766744419,1899.2876383342987,1899.374783645139,100,0,1
2006.01.17,01:43:26,1899.398854027242,1899.4961560106603,1899.335611472206,1899.4248144661744,100,0,1
2006.01.18,01:43:26,1899.3480937211868,1899.3929788206788,1899.2881131918107,1899.3734134648778,100,0,1
2006.01.19,01:43:26,1899.4436871005355,1899.4786440630885,1899.3887376854216,1899.4187452665485,100,0,1
2006.01.20,01:43:26,1899.4461490094088,1899.5105034180422,1899.4281888944015,1899.4748473523014,100,0,1
2006.01.21,01:43:26,1899.4086280684276,1899.4701092432708,1899.386226712853,1899.4126444978021,100,0,1
2006.01.22,01:43:26,1899.3958686435772,1899.4513886381878,1899.3143898444996,1899.3400073169184,100,0,1
2006.01.23,01:43:26,1899.264945157868,1899.3179639538237,1899.248821992716,1899.2567321874508,100,0,1
2006.01.24,01:43:26,1899.251586399038,1899.3224393793055,1899.2356665741381,1899.2705285935463,100,0,1
2006.01.25,01:43:26,1899.2280455230464,1899.290681933816,1899.1759518147487,1899.2339425818989,100,0,1
2006.01.26,01:43:26,1899.2294669654195,1899.2663135063308,1899.2118634079643,1899.2131142941987,100,0,1
2006.01.27,01:43:26,1899.261118352084,1899.328347667696,1899.2262446189782,1899.2511872097098,100,0,1
2006.01.28,01:43:26,1899.2370793134949,1899.255480636573,1899.157322452318,1899.199073787785,100,0,1
2006.01.29,01:43:26,1899.2046653960324,1899.2405739822032,1899.163964378079,1899.1875956855058,100,0,1
2006.01.30,01:43:26,1899.2285824484145,1899.2751226108683,1899.2228580584756,1899.256119458417,100,0,1
2006.01.31,01:43:26,1899.2446184729633,1899.2967955011184,1899.18701771661,1899.226049306156,100,0,1
2006.02.01,01:43:26,1899.3247797467761,1899.3578835162766,1899.2683470524564,1899.3273257196752,100,0,1
2006.02.02,01:43:26,1899.3361628397492,1899.4118652881093,1899.2913974024148,1899.3009486289764,100,0,1
2006.02.03,01:43:26,1899.278589668942,1899.3306885262266,1899.228853249384,1899.3144881710764,100,0,1
2006.02.04,01:43:26,1899.2603030813402,1899.3079158291837,1899.199225035644,1899.2961068238394,100,0,1
2006.02.05,01:43:26,1899.3350335173757,1899.3926909422394,1899.2614708695537,1899.2803861274917,100,0,1
2006.02.06,01:43:26,1899.461034492664,1899.555888391698,1899.4057896185302,1899.503848708401,100,0,1
2006.02.07,01:43:26,1899.493592503715,1899.5525118456712,1899.4594672101684,1899.526874011573,100,0,1
2006.02.08,01:43:26,1899.4685147540072,1899.5248660673537,1899.4123328177259,1899.4265592747975,100,0,1
2006.02.09,01:43:26,1899.4531492781418,1899.511527315402,1899.386752933513,1899.4836414691165,100,0,1
2006.02.10,01:43:26,1899.4704842126694,1899.4836642000855,1899.4348583966676,1899.4799950302622,100,0,1
2006.02.11,01:43:26,1899.488360526678,1899.5486296021593,1899.4393442891446,1899.4442159528933,100,0,1
2006.02.12,01:43:26,1899.4571208347131,1899.5144442997075,1899.3955260057617,1899.4908241333735,100,0,1
2006.02.13,01:43:26,1899.3499516215716,1899.3826035810273,1899.2971375077839,1899.3111664928897,100,0,1
2006.02.14,01:43:26,1899.3920436666315,1899.4589400312814,1899.338423710404,1899.4369747896587,100,0,1
2006.02.15,01:43:26,1899.4119358949806,1899.4716791058559,1899.3598662951483,1899.394774123719,100,0,1
2006.02.16,01:43:26,1899.423047860473,1899.4571450634119,1899.3438539996164,1899.4062551642962,100,0,1
2006.02.17,01:43:26,1899.3441759601917,1899.3534708738916,1899.3143423740137,1899.3225637499793,100,0,1
2006.02.18,01:43:26,1899.4117034117653,1899.4825746032275,1899.357643435865,1899.3673915794736,100,0,1
2006.02.19,01:43:26,1899.3353728327304,1899.4257390448233,1899.3243164373173,1899.392575843272,100,0,1
2006.02.20,01:43:26,1899.3494371638728,1899.3946182959214,1899.253777916111,1899.3041550002647,100,0,1
2006.02.21,01:43:26,1899.3710546155621,1899.4414256528091,1899.3326621207666,1899.358662689046,100,0,1
2006.02.22,01:43:26,1899.3658050123965,1899.3820674924193,1899.325678978011,1899.349401625783,100,0,1
2006.02.23,01:43:26,1899.352187743016,1899.4026414175664,1899.290716270077,1899.2964793552615,100,0,1
2006.02.24,01:43:26,1899.3314520275947,1899.371048046016,1899.327887796726,1899.3310940947174,100,0,1
2006.02.25,01:43:26,1899.379897297244,1899.4195966252157,1899.3413828434318,1899.355372389494,100,0,1
2006.02.26,01:43:26,1899.2818324940372,1899.3678663834255,1899.231313590006,1899.3387794006994,100,0,1
2006.02.27,01:43:26,1899.4188934128977,1899.4686859158542,1899.388323321535,1899.4355828468495,100,0,1
2006.02.28,01:43:26,1899.4441229418485,1899.5166866529348,1899.4041581234644,1899.4445723942322,100,0,1
2006.03.01,01:43:26,1899.436966908795,1899.5032082417433,1899.3737895942054,1899.4393817435523,100,0,1
2006.03.02,01:43:26,1899.4318135505002,1899.455958671944,1899.3996922442311,1899.43313333486,100,0,1
2006.03.03,01:43:26,1899.4712505019963,1899.5192494426497,1899.4506516763909,1899.5039457359967,100,0,1
2006.03.04,01:43:26,1899.430019896131,1899.4781584792838,1899.3907965054475,1899.439245710094,100,0,1
2006.03.05,01:43:26,1899.3449239748893,1899.3999806210177,1899.2994197796356,1899.395002355306,100,0,1
2006.03.06,01:43:26,1899.3094111739372,1899.359234695765,1899.2794785574904,1899.3341638403858,100,0,1
2006.03.07,01:43:26,1899.3307457842488,1899.3810941807317,1899.3011690178605,1899.3544040564593,100,0,1
2006.03.08,01:43:26,1899.242828845334,1899.295163768969,1899.1903081826304,1899.2581190462831,100,0,1
2006.03.09,01:43:26,1899.2498423469178,1899.3141893273219,1899.1743174538597,1899.2898029580197,100,0,1
2006.03.10,01:43:26,1899.257294920247,1899.3278617529527,1899.2047359367175,1899.2883694970653,100,0,1
2006.03.11,01:43:26,1899.2603303791377,1899.2972372038146,1899.2086469628498,1899.2890662913305,100,0,1
2006.03.12,01:43:26,1899.1385714883013,1899.205030248051,1899.065212893056,1899.0785896011896,100,0,1
2006.03.13,01:43:26,1899.2058495717015,1899.2551449325424,1899.160284303668,1899.1935088403327,100,0,1
2006.03.14,01:43:26,1899.2450168403789,1899.2844107657143,1899.1976917833304,1899.2523189830085,100,0,1
2006.03.15,01:43:26,1899.2209768327962,1899.3030663101347,1899.1971932864617,1899.199840176137,100,0,1
2006.03.16,01:43:26,1899.2390116321735,1899.2719415416268,1899.1834649522834,1899.2344681908194,100,0,1
2006.03.17,01:43:26,1899.2314561977087,1899.2529719622657,1899.1859879094432,1899.2525370475496,100,0,1
2006.03.18,01:43:26,1899.2371773831908,1899.3261462955163,1899.1915646988007,1899.216426203937,100,0,1
2006.03.19,01:43:26,1899.211886042294,1899.3033078705282,1899.164150302382,1899.2821159413907,100,0,1
2006.03.20,01:43:26,1899.1781197048106,1899.2214764637085,1899.099952552968,1899.165692923503,100,0,1
2006.03.21,01:43:26,1899.1959269485383,1899.2802535410028,1899.1072701804283,1899.1107701693702,100,0,1
2006.03.22,01:43:26,1899.175450808328,1899.2308743951019,1899.1228896671253,1899.1739682058037,100,0,1
2006.03.23,01:43:26,1899.1812383557221,1899.2220202535457,1899.1483749539548,1899.2169221601182,100,0,1
2006.03.24,01:43:26,1899.233725600826,1899.2819222303192,1899.1976191490148,1899.2549882813194,100,0,1
2006.03.25,01:43:26,1899.213531169869,1899.2682836697036,1899.1417913789073,1899.2558929651188,100,0,1
2006.03.26,01:43:26,1899.2702415630636,1899.3108619451318,1899.2478915458598,1899.248063323046,100,0,1
2006.03.27,01:43:26,1899.2836278721188,1899.3224022194402,1899.256222374269,1899.2899553434845,100,0,1
2006.03.28,01:43:26,1899.1590579275048,1899.2105102951596,1899.0919658883138,1899.2000321323917,100,0,1
2006.03.29,01:43:26,1899.138115584649,1899.2160760177976,1899.0916646354788,1899.1080784888784,100,0,1
2006.03.30,01:43:26,1899.0588527592906,1899.1203517140034,1899.0064287217208,1899.095341739202,100,0,1
2006.03.31,01:43:26,1899.0384918863365,1899.0996464784744,1898.9648646830822,1899.0166853252433,100,0,1
2006.04.01,01:43:26,1899.0415479233066,1899.1119818900395,1899.0253572570316,1899.0662045142042,100,0,1
2006.04.02,01:43:26,1899.0042921695044,1899.0696303759946,1898.9424691268507,1899.0508440467718,100,0,1
2006.04.03,01:43:26,1899.0452377144977,1899.0585285970612,1899.013354919193,1899.0262483458812,100,0,1
2006.04.04,01:43:26,1899.0758841589338,1899.125214158214,1899.0367891341607,1899.083226666186,100,0,1
2006.04.05,01:43:26,1899.1431531484036,1899.1807160529866,1899.0788859597988,1899.0827437769524,100,0,1
2006.04.06,01:43:26,1899.1762076271145,1899.2417411082029,1899.1042703933258,1899.1258019203524,100,0,1
2006.04.07,01:43:26,1899.3047505155992,1899.3790725792137,1899.239062188265,1899.3470368928686,100,0,1
2006.04.08,01:43:26,1899.36011918974,1899.3963141922202,1899.2870056196125,1899.3394219735324,100,0,1
2006.04.09,01:43:26,1899.2769082912216,1899.2941938115232,1899.1890777582246,1899.2490657511783,100,0,1
2006.04.10,01:43:26,1899.2853880636687,1899.345984938576,1899.2438533879372,1899.3282564929593,100,0,1
2006.04.11,01:43:26,1899.333161767076,1899.3958513341638,1899.3207041716573,1899.3291598469416,100,0,1
2006.04.12,01:43:26,1899.365752507701,1899.403633327302,1899.312855479179,1899.3760358297995,100,0,1
2006.04.13,01:43:26,1899.4118855490133,1899.4702497287608,1899.3849972036096,1899.4320021223873,100,0,1
2006.04.14,01:43:26,1899.401842400417,1899.4250389794927,1899.332541653646,1899.4248361591974,100,0,1
2006.04.15,01:43:26,1899.4642660453185,1899.5143065772218,1899.4248014716288,1899.4519050188194,100,0,1
2006.04.16,01:43:26,1899.4776257869348,1899.494876244741,1899.4164484607043,1899.4177116075118,100,0,1
2006.04.17,01:43:26,1899.4585766831647,1899.51294097312,1899.4179610816598,1899.4711994601462,100,0,1
2006.04.18,01:43:26,1899.421411258835,1899.4387926514958,1899.387360578491,1899.4354076610723,100,0,1
2006.04.19,01:43:26,1899.4222601916729,1899.4952863482229,1899.402810037593,1899.4361780443887,100,0,1
2006.04.20,01:43:26,1899.3646123677697,1899.4074092344028,1899.3153548179212,1899.3653192640302,100,0,1
2006.04.21,01:43:26,1899.3223360183247,1899.3943332982324,1899.257356085093,1899.29649184373,100,0,1
2006.04.22,01:43:26,1899.298830761818,1899.336376054204,1899.2293655093415,1899.308380182732,100,0,1
2006.04.23,01:43:26,1899.2256195829104,1899.2634116447935,1899.1627734110004,1899.1860412353847,100,0,1
2006.04.24,01:43:26,1899.1825226027954,1899.2422369110486,1899.101888495482,1899.120141801037,100,0,1
2006.04.25,01:43:26,1899.1225706586788,1899.190446479176,1899.076377061374,1899.1334148888104,100,0,1
2006.04.26,01:43:26,1899.0992657727797,1899.152639030958,1899.052693049659,1899.0856790248258,100,0,1
2006.04.27,01:43:26,1899.1024686168978,1899.157050230159,1899.0295255429774,1899.1103818193837,100,0,1
2006.04.28,01:43:26,1899.105599968281,1899.1420871325463,1899.047304556905,1899.0619320870821,100,0,1
2006.04.29,01:43:26,1899.095528227365,1899.1246597510228,1899.03849991454,1899.0763318649026,100,0,1
2006.04.30,01:43:26,1899.1682968329799,1899.193473482284,1899.083286772379,1899.1455238819074,100,0,1
2006.05.01,01:43:26,1899.1935592330215,1899.245316929316,1899.1103329074356,1899.1962354850134,100,0,1
2006.05.02,01:43:26,1899.2513380443288,1899.2586445296358,1899.1819958493868,1899.2084696965355,100,0,1
2006.05.03,01:43:26,1899.2702331067487,1899.3265045844673,1899.2522602191248,1899.26477093715,100,0,1
2006.05.04,01:43:26,1899.1971721983584,1899.261565818511,1899.1624842320402,1899.2148844517153,100,0,1
2006.05.05,01:43:26,1899.1777222464418,1899.2104979806968,1899.1400293935628,1899.183201872251,100,0,1
2006.05.06,01:43:26,1899.16380952385,1899.2043025155685,1899.106217509142,1899.166254434816,100,0,1
2006.05.07,01:43:26,1899.186374165476,1899.2328692769888,1899.1368204194382,1899.179819646755,100,0,1
2006.05.08,01:43:26,1899.2098500224888,1899.2923295617154,1899.2061397335367,1899.210977668729,100,0,1
2006.05.09,01:43:26,1899.2613745347808,1899.3229947048185,1899.2356753021843,1899.2543911955572,100,0,1
2006.05.10,01:43:26,1899.2244882881018,1899.2548704802198,1899.1796953091298,1899.2120945681086,100,0,1
2006.05.11,01:43:26,1899.2161686654674,1899.2728042310382,1899.1912656196425,1899.268882917784,100,0,1
2006.05.12,01:43:26,1899.171595954349,1899.1752784669075,1899.1063541748977,1899.128628149817,100,0,1
2006.05.13,01:43:26,1899.2508805131013,1899.3239830917612,1899.1791765367582,1899.3158443733773,100,0,1
2006.05.14,01:43:26,1899.1930968397642,1899.2383986862578,1899.1473673867024,1899.1506149957856,100,0,1
2006.05.15,01:43:26,1899.165668837589,1899.19864518443,1899.1037014770313,1899.150870755353,100,0,1
2006.05.16,01:43:26,1899.2600913737938,1899.2964686348191,1899.1750011266843,1899.266311826712,100,0,1
2006.05.17,01:43:26,1899.295016660367,1899.3471954837,1899.2405696578548,1899.2549105833025,100,0,1
2006.05.18,01:43:26,1899.2712515086516,1899.2823933763232,1899.1903595799538,1899.2351315520266,100,0,1
2006.05.19,01:43:26,1899.3059007146255,1899.3337297219507,1899.2539092994832,1899.3267242415427,100,0,1
2006.05.20,01:43:26,1899.3359032136848,1899.4038075409778,1899.26608102943,1899.392977987785,100,0,1
2006.05.21,01:43:26,1899.3093853993792,1899.3979425961434,1899.2459018919453,1899.3658182165834,100,0,1
2006.05.22,01:43:26,1899.2554174356653,1899.284973071749,1899.2258199803493,1899.2643122703962,100,0,1
2006.05.23,01:43:26,1899.197958338088,1899.26841924353,1899.11344654673,1899.267611825211,100,0,1
2006.05.24,01:43:26,1899.19737490982,1899.2576653362776,1899.1043612185765,1899.136826762686,100,0,1
2006.05.25,01:43:26,1899.1569376939724,1899.1874488874937,1899.1064837243784,1899.153369988178,100,0,1
2006.05.26,01:43:26,1899.1852051506778,1899.237814312052,1899.1710383771303,1899.2208835824044,100,0,1
2006.05.27,01:43:26,1899.2046174254592,1899.2591844144538,1899.147335178682,1899.2120316627536,100,0,1
2006.05.28,01:43:26,1899.2576819169772,1899.2866052579311,1899.2145839715206,1899.2475670464435,100,0,1
2006.05.29,01:43:26,1899.240282282506,1899.2811185783953,1899.18150934362,1899.2557833363385,100,0,1
2006.05.30,01:43:26,1899.2615780746644,1899.324507698154,1899.2543784455252,1899.2982279361574,100,0,1
2006.05.31,01:43:26,1899.2286803552117,1899.2860425809904,1899.1905945058936,1899.267929624916,100,0,1
2006.06.01,01:43:26,1899.2132198724207,1899.2561512180816,1899.1182235236358,1899.230023972546,100,0,1
2006.06.02,01:43:26,1899.2615016710106,1899.3233721786326,1899.2486590428443,1899.3011962668763,100,0,1
2006.06.03,01:43:26,1899.3386601776638,1899.3618701736593,1899.2844635420136,1899.3522459843105,100,0,1
2006.06.04,01:43:26,1899.3272469373474,1899.3469318714795,1899.2566186242625,1899.26226223364,100,0,1
2006.06.05,01:43:26,1899.2672368756223,1899.2949362909162,1899.2278100715628,1899.282567127409,100,0,1
2006.06.06,01:43:26,1899.2727769073929,1899.3320397699624,1899.2206552371263,1899.2268118025013,100,0,1
2006.06.07,01:43:26,1899.2567448882728,1899.2716434121899,1899.1961439064064,1899.2020200945622,100,0,1
2006.06.08,01:43:26,1899.3075966473446,1899.3199089403504,1899.261579622445,1899.2934641526317,100,0,1
2006.06.09,01:43:26,1899.296176228209,1899.3542979605209,1899.2623972748966,1899.3486980732744,100,0,1
2006.06.10,01:43:26,1899.17411521791,1899.2104371370108,1899.06790910932,1899.167734108368,100,0,1
2006.06.11,01:43:26,1899.2022168010553,1899.2505565518522,1899.1750720976434,1899.2173907291449,100,0,1
2006.06.12,01:43:26,1899.0754151897772,1899.103841064963,1899.01245716587,1899.0296458680687,100,0,1
2006.06.13,01:43:26,1899.0555380130809,1899.093083961194,1898.9912641262292,1899.0834369841873,100,0,1
2006.06.14,01:43:26,1899.0463332751783,1899.0884697311078,1898.9915895727365,1899.0215991855448,100,0,1
2006.06.15,01:43:26,1899.1083312417882,1899.1680136487223,1899.0832555442516,1899.112388551929,100,0,1
2006.06.16,01:43:26,1899.0110716049237,1899.0424086603184,1898.9627390068756,1898.9781685930006,100,0,1
2006.06.17,01:43:26,1898.9909596503594,1899.0048420433711,1898.9299428108718,1898.9890671320095,100,0,1
2006.06.18,01:43:26,1899.0256313909788,1899.0697786233338,1898.976215072445,1899.002584969983,100,0,1
2006.06.19,01:43:26,1899.069085400126,1899.101615406547,1899.0201618094438,1899.0422219976956,100,0,1
2006.06.20,01:43:26,1899.0411742951185,1899.0820380399257,1898.994441511734,1899.051160678558,100,0,1
2006.06.21,01:43:26,1899.0473709693988,1899.1081903841355,1898.9927275537334,1898.9945537345711,100,0,1
2006.06.22,01:43:26,1898.9707575999041,1899.0134179034433,1898.928901220484,1898.969428307372,100,0,1
2006.06.23,01:43:26,1899.0503244324811,1899.1177747121483,1898.991626249128,1899.0606577233007,100,0,1
2006.06.24,01:43:26,1899.1114961260519,1899.167130606285,1899.0692107595444,1899.1157962841246,100,0,1
2006.06.25,01:43:26,1899.1147852321924,1899.1800156065894,1899.0603627701857,1899.152857656832,100,0,1
2006.06.26,01:43:26,1899.146889777235,1899.2046263123143,1899.1011665888761,1899.1478238106229,100,0,1
2006.06.27,01:43:26,1899.2325137250982,1899.2899505079238,1899.1608366337116,1899.2004678031938,100,0,1
2006.06.28,01:43:26,1899.3245752943133,1899.3750504639952,1899.3088856619643,1899.3393903518383,100,0,1
2006.06.29,01:43:26,1899.3766483394613,1899.4069337320698,1899.3490441621905,1899.3954687018381,100,0,1
2006.06.30,01:43:26,1899.403001435984,1899.4666016336332,1899.3513617694912,1899.457644876504,100,0,1
2006.07.01,01:43:26,1899.4192169834334,1899.4444282663408,1899.3832542160528,1899.4073248339666,100,0,1
2006.07.02,01:43:26,1899.4278333797624,1899.5008480954136,1899.380798142042,1899.389271795982,100,0,1
2006.07.03,01:43:26,1899.5394108524476,1899.6115715319715,1899.4957477601527,1899.5224553124192,100,0,1
2006.07.04,01:43:26,1899.5945020003498,1899.621586584375,1899.53772008241,1899.604354593744,100,0,1
2006.07.05,01:43:26,1899.6275748978876,1899.713259151677,1899.5741763060903,1899.6506196682894,100,0,1
2006.07.06,01:43:26,1899.6413270128548,1899.6981177595092,1899.6252174135893,1899.640514308811,100,0,1
2006.07.07,01:43:26,1899.7129763409116,1899.7760401823793,1899.7013865614101,1899.7688821422273,100,0,1
2006.07.08,01:43:26,1899.6903089168948,1899.7465484002057,1899.628581992072,1899.6679580462815,100,0,1
2006.07.09,01:43:26,1899.7263555735005,1899.757656365953,1899.6785902035801,1899.7308401615928,100,0,1
2006.07.10,01:43:26,1899.6780482715972,1899.708887981615,1899.6051278612738,1899.6109948228489,100,0,1
2006.07.11,01:43:26,1899.6570153671883,1899.7010413738938,1899.6289061124232,1899.6791922088883,100,0,1
2006.07.12,01:43:26,1899.7197789594616,1899.7447585870234,1899.7018960061537,1899.7327362952071,100,0,1
2006.07.13,01:43:26,1899.7553511649278,1899.7707662578844,1899.7273001131523,1899.7404271521998,100,0,1
2006.07.14,01:43:26,1899.7291315253315,1899.754753426119,1899.6989911530827,1899.7087778336065,100,0,1
2006.07.15,01:43:26,1899.7117312089056,1899.7466224701816,1899.6888869557981,1899.6920078227752,100,0,1
2006.07.16,01:43:26,1899.6519368179897,1899.7300072841049,1899.6174700333577,1899.6518073523018,100,0,1
2006.07.17,01:43:26,1899.6704362467945,1899.7054661221766,1899.6500370046251,1899.6602565544174,100,0,1
2006.07.18,01:43:26,1899.7234424163537,1899.7683885449028,1899.7076991722201,1899.7580532708623,100,0,1
2006.07.19,01:43:26,1899.6551637587722,1899.668426643916,1899.6544216270267,1899.6648797385285,100,0,1
2006.07.20,01:43:26,1899.6668494420921,1899.7226772437944,1899.6353707377416,1899.708308264516,100,0,1
2006.07.21,01:43:26,1899.693155322038,1899.7195588429984,1899.6409895982015,1899.7024532412509,100,0,1
2006.07.22,01:43:26,1899.7313745427864,1899.7884843248773,1899.6778662557583,1899.7704017642745,100,0,1
2006.07.23,01:43:26,1899.7287347582258,1899.7952347918485,1899.672427912547,1899.7039044685755,100,0,1
2006.07.24,01:43:26,1899.7393212890327,1899.807136011697,1899.6669106771917,1899.7324278894928,100,0,1
2006.07.25,01:43:26,1899.795638989226,1899.8657352021828,1899.7421000560917,1899.7594375984245,100,0,1
2006.07.26,01:43:26,1899.7844548056885,1899.8191133843673,1899.7498531801493,1899.7996589016757,100,0,1
2006.07.27,01:43:26,1899.8707211460542,1899.9129133399615,1899.8111203260562,1899.8552703740033,100,0,1
2006.07.28,01:43:26,1899.9169470109707,1900.007832658192,1899.9005439709438,1899.9889422120593,100,0,1
2006.07.29,01:43:26,1899.8296230533394,1899.8816964956159,1899.7863032092696,1899.7959189440232,100,0,1
2006.07.30,01:43:26,1899.8725499170732,1899.9506705315027,1899.812436408996,1899.8190334135247,100,0,1
2006.07.31,01:43:26,1899.9262755375198,1899.9997977961227,1899.9107933330397,1899.9529729536778,100,0,1
2006.08.01,01:43:26,1899.9018344169492,1899.9461377874538,1899.815449458517,1899.8416757817122,100,0,1
2006.08.02,01:43:26,1899.913067123544,1899.9464343665911,1899.8484609465534,1899.864745441952,100,0,1
2006.08.03,01:43:26,1899.8373005708854,1899.89332640552,1899.8240566821357,1899.8669169912005,100,0,1
2006.08.04,01:43:26,1899.806448052111,1899.8907874366319,1899.7508131274708,1899.8048918462869,100,0,1
2006.08.05,01:43:26,1899.7695627236674,1899.8332153518886,1899.688716411836,1899.6975445775151,100,0,1
2006.08.06,01:43:26,1899.8782263494932,1899.8799415736828,1899.870041883592,1899.8771527523536,100,0,1
2006.08.07,01:43:26,1899.9665642462492,1900.0162466056956,1899.9132264078223,1899.9573155444969,100,0,1
2006.08.08,01:43:26,1899.9552732222664,1900.0109215177974,1899.954589062233,1900.0051759528485,100,0,1
2006.08.09,01:43:26,1899.9971538673299,1900.0646200536032,1899.9713312394663,1900.001011118222,100,0,1
2006.08.10,01:43:26,1899.9639183996696,1900.0303573208482,1899.9069654182786,1899.938021698117,100,0,1
2006.08.11,01:43:26,1900.0272662414723,1900.0486458656974,1899.99556690742,1900.0226845696234,100,0,1
2006.08.12,01:43:26,1900.0475343172022,1900.1049164549545,1899.996652886691,1900.0129724023811,100,0,1
2006.08.13,01:43:26,1900.0400070876242,1900.0826759625413,1899.9660773969208,1899.9808733427044,100,0,1
2006.08.14,01:43:26,1900.035329949624,1900.054694581101,1899.9665106796472,1900.0196266864777,100,0,1
2006.08.15,01:43:26,1900.0952731483987,1900.125689338797,1900.0192402240193,1900.0699742358852,100,0,1
2006.08.16,01:43:26,1900.0668651339618,1900.1116159394605,1899.9770349763,1899.9771155592323,100,0,1
2006.08.17,01:43:26,1900.1984836397855,1900.2679401369005,1900.1508452564956,1900.1798196339168,100,0,1
2006.08.18,01:43:26,1900.089892686548,1900.1421864906615,1900.0345868661518,1900.0779893134613,100,0,1
2006.08.19,01:43:26,1900.1057446831626,1900.1881282589075,1900.0817837280085,1900.0912690125278,100,0,1
2006.08.20,01:43:26,1900.1204292399875,1900.126958465041,1900.0610860279155,1900.0670969661742,100,0,1
2006.08.21,01:43:26,1900.1277001929207,1900.2096800478914,1900.0894617754025,1900.1615785639626,100,0,1
2006.08.22,01:43:26,1900.1330716472153,1900.1545902346027,1900.0585324561985,1900.1096878776498,100,0,1
2006.08.23,01:43:26,1900.1212035875687,1900.1664286922367,1900.0410915813488,1900.1032080276173,100,0,1
2006.08.24,01:43:26,1900.126698720713,1900.1632926110487,1900.0598969463936,1900.0676722113742,100,0,1
2006.08.25,01:43:26,1900.0606056143833,1900.0888951637617,1900.0130631843838,1900.0512711774795,100,0,1
2006.08.26,01:43:26,1900.0878253943004,1900.1507111559226,1900.019639568595,1900.0403512481987,100,0,1
2006.08.27,01:43:26,1900.04058056422,1900.1066112538888,1899.9598580344227,1900.0833741593085,100,0,1
2006.08.28,01:43:26,1900.0834805302813,1900.1222935034943,1900.041775075822,1900.0822651980704,100,0,1
2006.08.29,01:43:26,1900.0163715075237,1900.0665827156993,1899.992768824436,1900.0462714324767,100,0,1
2006.08.30,01:43:26,1900.0632933123914,1900.0961628868936,1900.0145836023153,1900.0434319902113,100,0,1
2006.08.31,01:43:26,1900.0691194863566,1900.1269148970414,1900.0413727990426,1900.0965556949134,100,0,1
2006.09.01,01:43:26,1899.9804801492428,1900.039974190598,1899.9031283332663,1900.0014356208255,100,0,1
2006.09.02,01:43:26,1899.9625923522244,1900.0127079042625,1899.895228885043,1899.931312839767,100,0,1
2006.09.03,01:43:26,1899.9428112522014,1900.0020548574694,1899.9039453833159,1899.92906178074,100,0,1
2006.09.04,01:43:26,1899.8938942685843,1899.9355383750506,1899.8175455647329,1899.8853377958753,100,0,1
2006.09.05,01:43:26,1899.918742615748,1899.9330379864332,1899.8915417020792,1899.9211307563116,100,0,1
2006.09.06,01:43:26,1899.9451936017338,1900.0145317413394,1899.897472417367,1899.921868235879,100,0,1
2006.09.07,01:43:26,1900.0065115706932,1900.0279795927672,1899.9814892492914,1900.0033433924307,100,0,1
2006.09.08,01:43:26,1899.952561750569,1900.0072550795192,1899.9050695664941,1899.99260370605,100,0,1
2006.09.09,01:43:26,1899.836205012481,1899.888824730295,1899.7715695981522,1899.7997264415703,100,0,1
2006.09.10,01:43:26,1899.825523423677,1899.8898387701638,1899.7607076508432,1899.8602245253403,100,0,1
2006.09.11,01:43:26,1899.8831079706645,1899.9245050657807,1899.8633225397798,1899.9091250680492,100,0,1
2006.09.12,01:43:26,1899.8851374783944,1899.9145673280123,1899.8269045287918,1899.8944640100262,100,0,1
2006.09.13,01:43:26,1899.8319366441792,1899.8660165664653,1899.818285456815,1899.8192578004528,100,0,1
2006.09.14,01:43:26,1899.8479988454992,1899.8927262281952,1899.8191383372323,1899.8910711228266,100,0,1
2006.09.15,01:43:26,1899.8020660468987,1899.8791921266734,1899.7504905778742,1899.8784285868185,100,0,1
2006.09.16,01:43:26,1899.8082014547326,1899.8370199866542,1899.8066586995712,1899.8154667602578,100,0,1
2006.09.17,01:43:26,1899.8536610967444,1899.8806876739116,1899.8046582058225,1899.8438519426861,100,0,1
2006.09.18,01:43:26,1899.8357651815359,1899.903664591648,1899.7879849532205,1899.804788483094,100,0,1
2006.09.19,01:43:26,1899.8224871747746,1899.8564472018531,1899.7964400056517,1899.8299159926735,100,0,1
2006.09.20,01:43:26,1899.787557866732,1899.827525649355,1899.732416779484,1899.7338921083474,100,0,1
2006.09.21,01:43:26,1899.7796393113874,1899.8236118177656,1899.713359884849,1899.7347787863519,100,0,1
2006.09.22,01:43:26,1899.7902452405792,1899.8397883074863,1899.7502150822406,1899.7759060853825,100,0,1
2006.09.23,01:43:26,1899.7277022114515,1899.7657689847954,1899.6615796904232,1899.7009701256854,100,0,1
2006.09.24,01:43:26,1899.7178566807136,1899.7678958708495,1899.6577812590115,1899.6612801763845,100,0,1
2006.09.25,01:43:26,1899.7273635659817,1899.7792870141266,1899.676807636909,1899.707973066919,100,0,1
2006.09.26,01:43:26,1899.664041903999,1899.7516059194895,1899.605375436937,1899.723537930872,100,0,1
2006.09.27,01:43:26,1899.6963960306848,1899.7348036029307,1899.6453408746581,1899.6899980965297,100,0,1
2006.09.28,01:43:26,1899.6010700130162,1899.6401157010414,1899.5687315357998,1899.638247304674,100,0,1
2006.09.29,01:43:26,1899.5311673672777,1899.557120297416,1899.4535109580893,1899.5331209376886,100,0,1
2006.09.30,01:43:26,1899.5856739693397,1899.651525485638,1899.5377774794395,1899.5951322283656,100,0,1
2006.10.01,01:43:26,1899.5568550472424,1899.6161548680896,1899.526577014472,1899.5809574653829,100,0,1
2006.10.02,01:43:26,1899.6385487847588,1899.6500394429884,1899.5850198073085,1899.6095876363827,100,0,1
2006.10.03,01:43:26,1899.5849934507878,1899.6496673710099,1899.5316060037144,1899.640492403251,100,0,1
2006.10.04,01:43:26,1899.5646434994376,1899.6263125631995,1899.5000268333072,1899.5727106527686,100,0,1
2006.10.05,01:43:26,1899.479329772767,1899.527020120517,1899.4273977903001,1899.4332365151386,100,0,1
2006.10.06,01:43:26,1899.4748082677058,1899.524491280569,1899.4230494034023,1899.5098029855842,100,0,1
2006.10.07,01:43:26,1899.3983147769234,1899.4387390722165,1899.362909508845,1899.4319965268414,100,0,1
2006.10.08,01:43:26,1899.4832194416301,1899.5641917709804,1899.4252719915005,1899.4892447653447,100,0,1
2006.10.09,01:43:26,1899.516136305165,1899.5703599327755,1899.4690320328907,1899.5309549276778,100,0,1
2006.10.10,01:43:26,1899.526355506951,1899.5567499372462,1899.5166156239732,1899.5216468322064,100,0,1
2006.10.11,01:43:26,1899.5204804455166,1899.5713514295924,1899.4171556690649,1899.5352368220874,100,0,1
2006.10.12,01:43:26,1899.514782186552,1899.561164453059,1899.4607856207554,1899.5210821219932,100,0,1
2006.10.13,01:43:26,1899.4865275511588,1899.5668302940333,1899.4477188309422,1899.5334968309858,100,0,1
2006.10.14,01:43:26,1899.4551509660857,1899.541911996341,1899.406594462493,1899.4480764844916,100,0,1
2006.10.15,01:43:26,1899.3635339295133,1899.40820189964,1899.3506306249894,1899.4035999009325,100,0,1
2006.10.16,01:43:26,1899.3682194876765,1899.4669629155273,1899.3227612660583,1899.324536501642,100,0,1
2006.10.17,01:43:26,1899.3168748655469,1899.391359206371,1899.2593290553266,1899.3880238646345,100,0,1
2006.10.18,01:43:26,1899.3154760272632,1899.3626780145032,1899.279250478952,1899.3392644029077,100,0,1
2006.10.19,01:43:26,1899.2777889197862,1899.3752590451052,1899.2233917533797,1899.3111295267072,100,0,1
2006.10.20,01:43:26,1899.309681250932,1899.3586471701085,1899.2443335001024,1899.2647100749462,100,0,1
2006.10.21,01:43:26,1899.2994115500155,1899.3547804581133,1899.2230538610727,1899.3163283157498,100,0,1
2006.10.22,01:43:26,1899.3139398080532,1899.3936936164978,1899.256004750745,1899.3063851253742,100,0,1
2006.10.23,01:43:26,1899.2597744339741,1899.3134944528415,1899.224293109056,1899.300236298429,100,0,1
2006.10.24,01:43:26,1899.2422452139376,1899.3119846150169,1899.158644217548,1899.3104946396002,100,0,1
2006.10.25,01:43:26,1899.198235178652,1899.2546714257328,1899.1868177234078,1899.2386913338444,100,0,1
2006.10.26,01:43:26,1899.067639651447,1899.1064754209901,1898.997262248788,1899.0035876300196,100,0,1
2006.10.27,01:43:26,1898.9589079331217,1899.0454203416734,1898.9384625566645,1898.9959758635705,100,0,1
2006.10.28,01:43:26,1898.9959926845495,1899.0543476022488,1898.9598655887,1898.9674563905112,100,0,1
2006.10.29,01:43:26,1899.023789804067,1899.0567936057596,1898.968230797692,1899.0152129106946,100,0,1
2006.10.30,01:43:26,1899.0620109551182,1899.127665736551,1899.0396237681189,1899.0623228938875,100,0,1
2006.10.31,01:43:26,1899.0365097174629,1899.0883164738514,1899.0062817260145,1899.0462633316981,100,0,1
2006.11.01,01:43:26,1899.0041947226455,1899.0398500023696,1898.925522558756,1898.9968726844093,100,0,1
2006.11.02,01:43:26,1899.0952885794572,1899.1454011318085,1899.033973144141,1899.1094827048419,100,0,1
2006.11.03,01:43:26,1899.0257226895565,1899.0802051504925,1898.9699292906225,1898.985637767052,100,0,1
2006.11.04,01:43:26,1899.066880438199,1899.114480237421,1899.004115231891,1899.0133063775788,100,0,1
2006.11.05,01:43:26,1899.026306196657,1899.0756491454692,1898.9652497402335,1899.0388946328787,100,0,1
2006.11.06,01:43:26,1899.1420404102441,1899.1729491738329,1899.0937576603703,1899.1117417314958,100,0,1
2006.11.07,01:43:26,1899.1040849257356,1899.1082614748257,1899.0818178867162,1899.0914490363084,100,0,1
2006.11.08,01:43:26,1899.170964484931,1899.2257265667092,1899.133481938304,1899.1659697910998,100,0,1
2006.11.09,01:43:26,1899.182087302188,1899.2258753501108,1899.0944063057016,1899.1914713611945,100,0,1
2006.11.10,01:43:26,1899.232136835818,1899.288464608091,1899.1759394256665,1899.24936366357,100,0,1
2006.11.11,01:43:26,1899.2235537516667,1899.2703091703736,1899.1652795832786,1899.2685842316496,100,0,1
2006.11.12,01:43:26,1899.2029203782054,1899.241100639573,1899.1582508748277,1899.2051112554905,100,0,1
2006.11.13,01:43:26,1899.2117297911616,1899.2717816540112,1899.1331440719955,1899.2636492569845,100,0,1
2006.11.14,01:43:26,1899.1498547029398,1899.2322841844195,1899.1003546917907,1899.169271281817,100,0,1
2006.11.15,01:43:26,1899.1953009739884,1899.239317098877,1899.166021292137,1899.171934736093,100,0,1
2006.11.16,01:43:26,1899.2195733869723,1899.2862210704945,1899.1562024322952,1899.2770345532567,100,0,1
2006.11.17,01:43:26,1899.232161936092,1899.2584239338587,1899.2043470097146,1899.2449623089105,100,0,1
2006.11.18,01:43:26,1899.2449414776409,1899.3232168525965,1899.210601034065,1899.2335194022903,100,0,1
2006.11.19,01:43:26,1899.272502635746,1899.3090488304251,1899.2043184773024,1899.2440935388192,100,0,1
2006.11.20,01:43:26,1899.2745434805663,1899.3403954121882,1899.2095080804374,1899.3096652715305,100,0,1
2006.11.21,01:43:26,1899.248442982311,1899.3181397408641,1899.1740042072308,1899.2166924325825,100,0,1
2006.11.22,01:43:26,1899.2616814430526,1899.2882030181956,1899.2041128053445,1899.2222302568089,100,0,1
2006.11.23,01:43:26,1899.2827042813863,1899.3285824678032,1899.229517753504,1899.3253706840094,100,0,1
2006.11.24,01:43:26,1899.3201945280994,1899.3440036106028,1899.2677283718954,1899.293725623146,100,0,1
2006.11.25,01:43:26,1899.3165015934394,1899.3608635549824,1899.26990019738,1899.3216668637867,100,0,1
2006.11.26,01:43:26,1899.358903941262,1899.424035242717,1899.2951977235118,1899.3714658006825,100,0,1
2006.11.27,01:43:26,1899.3990451648424,1899.4564096976958,1899.3724282909861,1899.390625485109,100,0,1
2006.11.28,01:43:26,1899.475034993669,1899.5275705227714,1899.4293715181363,1899.466004244572,100,0,1
2006.11.29,01:43:26,1899.4547104138799,1899.4928628455607,1899.3957830994773,1899.4760088631192,100,0,1
2006.11.30,01:43:26,1899.4409146944724,1899.5296786868587,1899.398042001925,1899.5291370277025,100,0,1
2006.12.01,01:43:26,1899.48212888431,1899.491126842965,1899.3842952363111,1899.4866018774514,100,0,1
2006.12.02,01:43:26,1899.4409240801017,1899.4770036807308,1899.3945071056814,1899.4466497167255,100,0,1
2006.12.03,01:43:26,1899.3814763792168,1899.473046906472,1899.3295656319215,1899.3662167741077,100,0,1
2006.12.04,01:43:26,1899.42157727796,1899.4797608436554,1899.389524606877,1899.4055206778642,100,0,1
2006.12.05,01:43:26,1899.3988855550565,1899.423670399777,1899.3209865974259,1899.3404956431357,100,0,1
2006.12.06,01:43:26,1899.368643745262,1899.4318790932775,1899.3059717118554,1899.3460432563675,100,0,1
2006.12.07,01:43:26,1899.4456516568282,1899.5270239458418,1899.4000160237374,1899.4552012477047,100,0,1
2006.12.08,01:43:26,1899.4517265842671,1899.5333813380205,1899.3640051669038,1899.3689233896966,100,0,1
2006.12.09,01:43:26,1899.58039426996,1899.6471414637367,1899.5196473214974,1899.5560684267232,100,0,1
2006.12.10,01:43:26,1899.5625993086262,1899.6283841181032,1899.5270476541473,1899.5714626931938,100,0,1
2006.12.11,01:43:26,1899.5389552755703,1899.5788578101926,1899.4871859414905,1899.4922654739596,100,0,1
2006.12.12,01:43:26,1899.6235556282622,1899.6324399917871,1899.5838570461804,1899.6031753956784,100,0,1
2006.12.13,01:43:26,1899.6518552123498,1899.7190757337178,1899.6152069717702,1899.6956277778356,100,0,1
2006.12.14,01:43:26,1899.6101023107246,1899.6566313719397,1899.5728236873856,1899.5997711422137,100,0,1
2006.12.15,01:43:26,1899.6261648092557,1899.658603453306,1899.5930364886083,1899.626912574523,100,0,1
2006.12.16,01:43:26,1899.560082020263,1899.62009770525,1899.5372824596186,1899.5652137084576,100,0,1
2006.12.17,01:43:26,1899.59310464201,1899.623578526121,1899.5534589814074,1899.5572320064557,100,0,1
2006.12.18,01:43:26,1899.4771936812253,1899.5644071935283,1899.4553086108463,1899.544794815689,100,0,1
2006.12.19,01:43:26,1899.4497685035983,1899.4797357840082,1899.3879253509658,1899.3924378121949,100,0,1
2006.12.20,01:43:26,1899.6034362064643,1899.6658441064246,1899.5793146447309,1899.6364288257319,100,0,1
2006.12.21,01:43:26,1899.5086669629868,1899.576971723277,1899.4719326331526,1899.533062404286,100,0,1
2006.12.22,01:43:26,1899.4773525265027,1899.5230064521863,1899.4083756375137,1899.4603703812845,100,0,1
2006.12.23,01:43:26,1899.4770205171167,1899.54250491751,1899.423662824721,1899.4999694855114,100,0,1
2006.12.24,01:43:26,1899.455875650902,1899.4839407640407,1899.4203141389903,1899.482497340394,100,0,1
2006.12.25,01:43:26,1899.5429200573662,1899.5915733840104,1899.5016125432796,1899.5907112617645,100,0,1
2006.12.26,01:43:26,1899.6877299426187,1899.7553763876617,1899.659257694759,1899.7539432641208,100,0,1
2006.12.27,01:43:26,1899.6756224246858,1899.6852952037725,1899.6215267321454,1899.6577726810553,100,0,1
2006.12.28,01:43:26,1899.6599979970372,1899.682235492425,1899.5882026278769,1899.6299474817386,100,0,1
2006.12.29,01:43:26,1899.6451554826272,1899.7172525440346,1899.6203645357652,1899.6894647632676,100,0,1
2006.12.30,01:43:26,1899.572728776607,1899.6069412619274,1899.5151581018586,1899.549643681287,100,0,1
2006.12.31,01:43:26,1899.5970573961706,1899.6365616725782,1899.5658420703148,1899.6317823475858,100,0,1
2007.01.01,01:43:26,1899.5919968892238,1899.6659077745833,1899.5213128669843,1899.5600681728836,100,0,1
2007.01.02,01:43:26,1899.6319974551043,1899.6799511271438,1899.557774758526,1899.5592186567817,100,0,1
2007.01.03,01:43:26,1899.5913925599784,1899.6694039014399,1899.5514617370704,1899.6225574411128,100,0,1
2007.01.04,01:43:26,1899.622869610332,1899.688277603322,1899.5813792650317,1899.6199342478537,100,0,1
2007.01.05,01:43:26,1899.6690857002145,1899.7233408789002,1899.614329240096,1899.6464927898044,100,0,1
2007.01.06,01:43:26,1899.6508968992196,1899.7007688785425,1899.6151767642818,1899.6262421121457,100,0,1
2007.01.07,01:43:26,1899.6715051214053,1899.7304253401696,1899.60473239839,1899.649139851796,100,0,1
2007.01.08,01:43:26,1899.6256906205626,1899.6947699311506,1899.5423247638225,1899.5645848157208,100,0,1
2007.01.09,01:43:26,1899.6687189241893,1899.7149070034445,1899.6339027854876,1899.6508711454214,100,0,1
2007.01.10,01:43:26,1899.6179794843392,1899.6644781879113,1899.5741407231906,1899.5905360126123,100,0,1
2007.01.11,01:43:26,1899.6364498029077,1899.669320126681,1899.5971120536165,1899.6598267093618,100,0,1
2007.01.12,01:43:26,1899.6418845635687,1899.6859064829143,1899.6002938906256,1899.6355441592243,100,0,1
2007.01.13,01:43:26,1899.6814530557065,1899.731740607363,1899.633204337594,1899.7212110778023,100,0,1
2007.01.14,01:43:26,1899.6270456572925,1899.6835498523537,1899.5835383549795,1899.6604854537748,100,0,1
2007.01.15,01:43:26,1899.6685174626145,1899.7138571606547,1899.5879821125,1899.6126979644928,100,0,1
2007.01.16,01:43:26,1899.599581077189,1899.6766750720305,1899.560877816398,1899.5784915618042,100,0,1
2007.01.17,01:43:26,1899.5549349721866,1899.6259403086078,1899.5079121371323,1899.5139871836182,100,0,1
2007.01.18,01:43:26,1899.5450399994343,1899.5760751463279,1899.4990538254983,1899.5534281813264,100,0,1
2007.01.19,01:43:26,1899.6244546818803,1899.6977632822043,1899.57344547086,1899.5861302160927,100,0,1
2007.01.20,01:43:26,1899.4887141443012,1899.528495757336,1899.4651241799247,1899.5145361581547,100,0,1
2007.01.21,01:43:26,1899.5069093165698,1899.5478554029962,1899.4474570606799,1899.5419380044407,100,0,1
2007.01.22,01:43:26,1899.5587285479444,1899.596900098038,1899.5422621156386,1899.5840153714257,100,0,1
2007.01.23,01:43:26,1899.600038876394,1899.6556521455243,1899.537281835392,1899.6117825472465,100,0,1
2007.01.24,01:43:26,1899.5936941886093,1899.638661720411,1899.52151577063,1899.5838147130444,100,0,1
2007.01.25,01:43:26,1899.5496583802146,1899.593973536293,1899.5149426777336,1899.5718712060875,100,0,1
2007.01.26,01:43:26,1899.5576661659381,1899.5766103201347,1899.5100052268538,1899.510977575758,100,0,1
2007.01.27,01:43:26,1899.5224150187455,1899.6135856583057,1899.4795600435027,1899.5819007915586,100,0,1
2007.01.28,01:43:26,1899.429985600607,1899.5047382135792,1899.3834341217228,1899.4760874828507,100,0,1
2007.01.29,01:43:26,1899.4775322005719,1899.520042973993,1899.4125638389569,1899.439175427358,100,0,1
2007.01.30,01:43:26,1899.4770658221098,1899.5222938521654,1899.421960937958,1899.4901796590984,100,0,1
2007.01.31,01:43:26,1899.502207536541,1899.5668996194331,1899.4195972590526,1899.5032072686945,100,0,1
2007.02.01,01:43:26,1899.4422050496842,1899.5236656759907,1899.3943244395596,1899.4611116890032,100,0,1
2007.02.02,01:43:26,1899.501317881981,1899.559662698101,1899.445674149996,1899.5277938258057,100,0,1
2007.02.03,01:43:26,1899.5610262550988,1899.6293606831039,1899.4963318544603,1899.5350619193491,100,0,1
2007.02.04,01:43:26,1899.5806464841291,1899.592465803268,1899.5373745532434,1899.5417339141982,100,0,1
2007.02.05,01:43:26,1899.536794464998,1899.6078523689434,1899.5025445224237,1899.5915364117832,100,0,1
2007.02.06,01:43:26,1899.5500677162267,1899.6378631286811,1899.4999971600676,1899.502234072769,100,0,1
2007.02.07,01:43:26,1899.534217684048,1899.5867210826252,1899.5269523429808,1899.5375811933832,100,0,1
2007.02.08,01:43:26,1899.4914985680316,1899.5489278655737,1899.4555444170126,1899.487065716035,100,0,1
2007.02.09,01:43:26,1899.5023598888706,1899.5382851840623,1899.4693455080035,1899.529737791576,100,0,1
2007.02.10,01:43:26,1899.4911054195436,1899.5513549263367,1899.4442316026505,1899.529573421885,100,0,1
2007.02.11,01:43:26,1899.5428429726487,1899.603448560222,1899.4513116890896,1899.5261632912845,100,0,1
2007.02.12,01:43:26,1899.552797006152,1899.6191937961266,1899.5013337388236,1899.5605445463652,100,0,1
2007.02.13,01:43:26,1899.503032799003,1899.5865790049256,1899.4459105664596,1899.556852901765,100,0,1
2007.02.14,01:43:26,1899.5835384255856,1899.6521054298425,1899.5172907325932,1899.6434236723298,100,0,1
2007.02.15,01:43:26,1899.5616581107865,1899.6117581028416,1899.4937098408186,1899.6062516147267,100,0,1
2007.02.16,01:43:26,1899.526967121284,1899.5687659044625,1899.4938663161834,1899.5400210914852,100,0,1
2007.02.17,01:43:26,1899.462040329002,1899.5498671686241,1899.449436733206,1899.4505525806046,100,0,1
2007.02.18,01:43:26,1899.4105621208455,1899.428903784105,1899.3590541358437,1899.416049039793,100,0,1
2007.02.19,01:43:26,1899.3933734328048,1899.4551324390854,1899.2967925660582,1899.4459921437992,100,0,1
2007.02.20,01:43:26,1899.3910325363386,1899.4498253726952,1899.3905960756963,1899.4452928289916,100,0,1
2007.02.21,01:43:26,1899.3802143877438,1899.442631111993,1899.2945640914133,1899.304965848883,100,0,1
2007.02.22,01:43:26,1899.410977826185,1899.4637351295332,1899.3858455141349,1899.4023181825683,100,0,1
2007.02.23,01:43:26,1899.4446110563358,1899.4945481072057,1899.3920428837955,1899.411524883005,100,0,1
2007.02.24,01:43:26,1899.4039630230698,1899.4534525436404,1899.3560467256239,1899.442765926026,100,0,1
2007.02.25,01:43:26,1899.3472924456041,1899.3817653344947,1899.297850904904,1899.3380512592423,100,0,1
2007.02.26,01:43:26,1899.2959464491903,1899.3532573925636,1899.2921618352843,1899.3440496367125,100,0,1
2007.02.27,01:43:26,1899.283836501181,1899.3367175162412,1899.2528665861812,1899.3366025539838,100,0,1
2007.02.28,01:43:26,1899.3383207322847,1899.3684057549478,1899.234743137965,1899.2955190572834,100,0,1
2007.03.01,01:43:26,1899.354097751237,1899.3871850054322,1899.3350571275184,1899.355580856023,100,0,1
2007.03.02,01:43:26,1899.37892150102,1899.4172969262672,1899.3411633703406,1899.360541605835,100,0,1
2007.03.03,01:43:26,1899.4201044292324,1899.4544568165227,1899.396227806969,1899.4385697437835,100,0,1
2007.03.04,01:43:26,1899.4515316095076,1899.5226270810592,1899.409122322006,1899.48542736555,100,0,1
2007.03.05,01:43:26,1899.5195958735408,1899.5698935059725,1899.4491151241782,1899.565284360873,100,0,1
2007.03.06,01:43:26,1899.5025768551159,1899.5352209566731,1899.4508364585108,1899.4824391732013,100,0,1
2007.03.07,01:43:26,1899.4372871338646,1899.5232558622438,1899.371831677528,1899.5077219973264,100,0,1
2007.03.08,01:43:26,1899.4975255996828,1899.5361311349825,1899.4395399323487,1899.5202345088774,100,0,1
2007.03.09,01:43:26,1899.5406544047344,1899.5705351097404,1899.5105413936785,1899.5375595859741,100,0,1
2007.03.10,01:43:26,1899.5798436870734,1899.6298770553803,1899.5268980378423,1899.5878040913697,100,0,1
2007.03.11,01:43:26,1899.5929180501707,1899.6619699727685,1899.5446554297664,1899.61365742765,100,0,1
2007.03.12,01:43:26,1899.6062801157993,1899.6491497605832,1899.563379661925,1899.6363837227302,100,0,1
2007.03.13,01:43:26,1899.6467042934314,1899.6982947210433,1899.6005183605964,1899.6892097234881,100,0,1
2007.03.14,01:43:26,1899.6095782231878,1899.696152211806,1899.5727188123583,1899.6139736562593,100,0,1
2007.03.15,01:43:26,1899.5731899727834,1899.6462362215102,1899.518662329506,1899.5294516413785,100,0,1
2007.03.16,01:43:26,1899.6380134380154,1899.7154060095231,1899.5635981779003,1899.707653673547,100,0,1
2007.03.17,01:43:26,1899.5624624326954,1899.61760668274,1899.4905252049205,1899.5198221830028,100,0,1
2007.03.18,01:43:26,1899.5643084268945,1899.6072640271275,1899.55248020191,1899.579957514156,100,0,1
2007.03.19,01:43:26,1899.598768618633,1899.6766130548117,1899.5565987430623,1899.6116619736615,100,0,1
2007.03.20,01:43:26,1899.5917032751152,1899.628059127368,1899.5494099922012,1899.5829974181752,100,0,1
2007.03.21,01:43:26,1899.5891337443795,1899.6357085734796,1899.5709936892413,1899.609678856521,100,0,1
2007.03.22,01:43:26,1899.5641340207405,1899.5822003050819,1899.510455500567,1899.5271300710556,100,0,1
2007.03.23,01:43:26,1899.6338667716889,1899.6879061204843,1899.5923542689013,1899.6339590160258,100,0,1
2007.03.24,01:43:26,1899.5089136002719,1899.5459996259951,1899.476520593755,1899.539104727296,100,0,1
2007.03.25,01:43:26,1899.427737717944,1899.484968479844,1899.3818430534861,1899.392012976532,100,0,1
2007.03.26,01:43:26,1899.4230142293147,1899.4791060459236,1899.3527924152297,1899.3568541703355,100,0,1
2007.03.27,01:43:26,1899.4225028608473,1899.4851461153298,1899.3899737817744,1899.3936024781506,100,0,1
2007.03.28,01:43:26,1899.4970205195802,1899.5374804287487,1899.4398276954846,1899.4950384525168,100,0,1
2007.03.29,01:43:26,1899.3971901692753,1899.4401300377704,1899.365522956239,1899.3954564758783,100,0,1
2007.03.30,01:43:26,1899.311445761176,1899.321282546556,1899.2451409019702,1899.2665150190956,100,0,1
2007.03.31,01:43:26,1899.4446811330843,1899.4867185946082,1899.392157602756,1899.4393092181942,100,0,1
2007.04.01,01:43:26,1899.5398611191167,1899.5885983444714,1899.4714030062662,1899.5318582242573,100,0,1
2007.04.02,01:43:26,1899.5237050840994,1899.5845497571136,1899.4856195658983,1899.5618679489692,100,0,1
2007.04.03,01:43:26,1899.5729401750234,1899.6672116345985,1899.5354898975093,1899.596103532993,100,0,1
2007.04.04,01:43:26,1899.52136048112,1899.5949288054592,1899.4799367620185,1899.5052208609764,100,0,1
2007.04.05,01:43:26,1899.5160941154234,1899.5666000637866,1899.4584455794059,1899.485062969766,100,0,1
2007.04.06,01:43:26,1899.5360476632186,1899.5732847855527,1899.4804850509884,1899.5106322123345,100,0,1
2007.04.07,01:43:26,1899.4512192104694,1899.514002582856,1899.4108745312947,1899.426537382355,100,0,1
2007.04.08,01:43:26,1899.4844808373034,1899.4863614828998,1899.3907846697311,1899.4013582474722,100,0,1
2007.04.09,01:43:26,1899.4455195764647,1899.4857674397354,1899.389797389143,1899.4289326266173,100,0,1
2007.04.10,01:43:26,1899.4514556779843,1899.5286880686592,1899.3740341487535,1899.4639751585194,100,0,1
2007.04.11,01:43:26,1899.5287876150358,1899.632498809103,1899.516301637709,1899.581813864734,100,0,1
2007.04.12,01:43:26,1899.5041893523007,1899.5596057378293,1899.4593403603983,1899.5277617182383,100,0,1
2007.04.13,01:43:26,1899.5275992081824,1899.5708510057054,1899.4743680939637,1899.5006179044424,100,0,1
2007.04.14,01:43:26,1899.5182412129923,1899.5394938819595,1899.4360580964303,1899.533019752069,100,0,1
2007.04.15,01:43:26,1899.5129825316517,1899.5650046362543,1899.4724870084158,1899.500114178528,100,0,1
2007.04.16,01:43:26,1899.4696341353972,1899.525953421282,1899.3985284497685,1899.419023985007,100,0,1
2007.04.17,01:43:26,1899.4635434228621,1899.5296807509546,1899.4116965024962,1899.4243745132712,100,0,1
2007.04.18,01:43:26,1899.433835122394,1899.469635163671,1899.3817945916499,1899.434503728358,100,0,1
2007.04.19,01:43:26,1899.4450130108255,1899.5103068603985,1899.3983599763578,1899.4761995741583,100,0,1
2007.04.20,01:43:26,1899.463564707606,1899.4810631294467,1899.4262217016849,1899.452454650125,100,0,1
2007.04.21,01:43:26,1899.453188325057,1899.5056970579446,1899.3740390847706,1899.44986280248,100,0,1
2007.04.22,01:43:26,1899.5654957922163,1899.604627787235,1899.5341622060632,1899.5905812713595,100,0,1
2007.04.23,01:43:26,1899.5997074919233,1899.6539458402817,1899.5913111758364,1899.6232691418174,100,0,1
2007.04.24,01:43:26,1899.655376290411,1899.7119736080242,1899.623864096825,1899.6371672598204,100,0,1
2007.04.25,01:43:26,1899.672342248645,1899.7015637411696,1899.6155741946188,1899.6478455424847,100,0,1
2007.04.26,01:43:26,1899.680959575898,1899.7228237113065,1899.6417312272222,1899.6667738848782,100,0,1
2007.04.27,01:43:26,1899.8064533406975,1899.881242759601,1899.7517465242386,1899.765492068303,100,0,1
2007.04.28,01:43:26,1899.7523925208397,1899.766287042865,1899.7442263666237,1899.7660801488562,100,0,1
2007.04.29,01:43:26,1899.696927456604,1899.7406626104525,1899.672783787835,1899.7109231044585,100,0,1
2007.04.30,01:43:26,1899.7614436496312,1899.8186048165535,1899.7332651080208,1899.7346404499021,100,0,1
2007.05.01,01:43:26,1899.7755448856349,1899.8154546573035,1899.7457027636956,1899.76940585241,100,0,1
2007.05.02,01:43:26,1899.7792202293317,1899.846880371777,1899.7451691096132,1899.823292850209,100,0,1
2007.05.03,01:43:26,1899.8181531565644,1899.8599483090393,1899.7461690880896,1899.8110201829309,100,0,1
2007.05.04,01:43:26,1899.8369824077722,1899.8785509485547,1899.7936661546298,1899.812430038035,100,0,1
2007.05.05,01:43:26,1899.8993420057939,1899.928979497465,1899.847741248464,1899.8985549980184,100,0,1
2007.05.06,01:43:26,1899.8971530047468,1899.9427333740025,1899.8741590319023,1899.883651954078,100,0,1
2007.05.07,01:43:26,1899.8968631739092,1899.936326416477,1899.8462114158083,1899.9311110840501,100,0,1
2007.05.08,01:43:26,1899.862888746056,1899.9161125276203,1899.8120968724652,1899.8695801382837,100,0,1
2007.05.09,01:43:26,1899.8769139398669,1899.9316153182342,1899.8449973910563,1899.8947421680655,100,0,1
2007.05.10,01:43:26,1899.8856052753788,1899.9288707738444,1899.835591582436,1899.8645720817613,100,0,1
2007.05.11,01:43:26,1899.9457556310283,1900.037109060488,1899.8802497845645,1900.0087575777902,100,0,1
2007.05.12,01:43:26,1899.9918132514417,1900.0403404348192,1899.945118840712,1900.0312586156995,100,0,1
2007.05.13,01:43:26,1899.9466100427824,1900.0040038623151,1899.8874194992547,1899.9583784384483,100,0,1
2007.05.14,01:43:26,1899.9312917513203,1899.9992643069602,1899.8942284567456,1899.9262145836024,100,0,1
2007.05.15,01:43:26,1899.9736707162936,1900.0352406289146,1899.9557332579877,1900.000226804162,100,0,1
2007.05.16,01:43:26,1899.9243322505972,1899.984733579939,1899.8533077302257,1899.8916137305239,100,0,1
2007.05.17,01:43:26,1899.9915473102278,1900.0814901314761,1899.9393750393244,1899.9753379246126,100,0,1
2007.05.18,01:43:26,1899.9594061100772,1900.0006215291987,1899.9537046141625,1899.9760790312798,100,0,1
2007.05.19,01:43:26,1899.9791503045444,1900.0104231509233,1899.9258828961845,1900.0052474147653,100,0,1
2007.05.20,01:43:26,1900.0208218206685,1900.057023034978,1899.9484117387617,1899.9680689925897,100,0,1
2007.05.21,01:43:26,1900.0820804878792,1900.127246894593,1900.0578235319617,1900.1012914298637,100,0,1
2007.05.22,01:43:26,1900.107047756748,1900.1723670746233,1900.0376098213242,1900.116114118256,100,0,1
2007.05.23,01:43:26,1900.0630813431492,1900.1087948317606,1899.995560257324,1900.0754804682824,100,0,1
2007.05.24,01:43:26,1900.0396324689461,1900.0700339587343,1900.0009643278813,1900.056703974148,100,0,1
2007.05.25,01:43:26,1900.0614166823373,1900.102295654432,1900.0046448884889,1900.0571606855751,100,0,1
2007.05.26,01:43:26,1900.096027304748,1900.153199558277,1900.040765319613,1900.1234639246288,100,0,1
2007.05.27,01:43:26,1900.153677397849,1900.1746327559392,1900.1027341259269,1900.1307998799655,100,0,1
2007.05.28,01:43:26,1900.1911538602435,1900.2545723948774,1900.142019487946,1900.217841578658,100,0,1
2007.05.29,01:43:26,1900.2304912666318,1900.3047531955615,1900.1884462769644,1900.279974424672,100,0,1
2007.05.30,01:43:26,1900.2173381478874,1900.2650725855735,1900.1613056528568,1900.2295381342751,100,0,1
2007.05.31,01:43:26,1900.2836809639948,1900.32633076657,1900.2261482886543,1900.2774119715148,100,0,1
2007.06.01,01:43:26,1900.3298543741025,1900.4255249234302,1900.274153768267,1900.2892736401698,100,0,1
2007.06.02,01:43:26,1900.336210063941,1900.3933813466347,1900.2742948124494,1900.3630902669365,100,0,1
2007.06.03,01:43:26,1900.2882729944474,1900.3326724172791,1900.2319006303412,1900.3289889421803,100,0,1
2007.06.04,01:43:26,1900.330444462424,1900.3955557848378,1900.2719294589747,1900.377087587607,100,0,1
2007.06.05,01:43:26,1900.3399833317555,1900.3833793045412,1900.2676264241695,1900.3284979421278,100,0,1
2007.06.06,01:43:26,1900.4233355683896,1900.5204582246438,1900.3629615275195,1900.3990301468757,100,0,1
2007.06.07,01:43:26,1900.4155985382704,1900.4361364965614,1900.3898335949846,1900.4291054523594,100,0,1
2007.06.08,01:43:26,1900.4204586245717,1900.492407997847,1900.3846010619006,1900.461223691653,100,0,1
2007.06.09,01:43:26,1900.3019184095335,1900.3238518286632,1900.2820248114267,1900.299861089955,100,0,1
2007.06.10,01:43:26,1900.341737709022,1900.388727027992,1900.2842054524904,1900.2982098800167,100,0,1
2007.06.11,01:43:26,1900.3520355391445,1900.4370323374005,1900.3179963238288,1900.3532827279323,100,0,1
2007.06.12,01:43:26,1900.359359123917,1900.4219590550376,1900.2998637285934,1900.311797369131,100,0,1
2007.06.13,01:43:26,1900.3761376134482,1900.4007329393914,1900.3433580317667,1900.3847838145293,100,0,1
2007.06.14,01:43:26,1900.427137886969,1900.467798437058,1900.3747341286803,1900.438569415605,100,0,1
2007.06.15,01:43:26,1900.4730464960583,1900.5187774974788,1900.432717676553,1900.4795566394062,100,0,1
2007.06.16,01:43:26,1900.4531544466934,1900.5204497944967,1900.3999517022814,1900.4885801915234,100,0,1
2007.06.17,01:43:26,1900.4478588158372,1900.506648457116,1900.4327186314463,1900.4879706191111,100,0,1
2007.06.18,01:43:26,1900.4880163672733,1900.546656309782,1900.4383426042625,1900.45559070339,100,0,1
2007.06.19,01:43:26,1900.4886125969283,1900.5592777418497,1900.404379438709,1900.4778840273107,100,0,1
2007.06.20,01:43:26,1900.5048840834684,1900.5604401002167,1900.4902165049216,1900.5561117431819,100,0,1
2007.06.21,01:43:26,1900.4339243917793,1900.4808103284563,1900.4059229610712,1900.439024780039,100,0,1
2007.06.22,01:43:26,1900.4515736977548,1900.4717530784255,1900.4057134854288,1900.471107436601,100,0,1
2007.06.23,01:43:26,1900.532884835388,1900.5820838940426,1900.5012172037666,1900.5237536903478,100,0,1
2007.06.24,01:43:26,1900.5775507878511,1900.618530808616,1900.5110542697757,1900.5818801255455,100,0,1
2007.06.25,01:43:26,1900.5742243061277,1900.6560192201932,1900.4931713133738,1900.5565434503521,100,0,1
2007.06.26,01:43:26,1900.610159710478,1900.6709541585954,1900.5687161429069,1900.575549388635,100,0,1
2007.06.27,01:43:26,1900.5876271253726,1900.6282367678828,1900.5518381163538,1900.5557065960454,100,0,1
2007.06.28,01:43:26,1900.558565554768,1900.6483197159198,1900.49558754867,1900.5293746611826,100,0,1
2007.06.29,01:43:26,1900.585329747193,1900.6436783114073,1900.5156338866855,1900.5518603192068,100,0,1
2007.06.30,01:43:26,1900.6031284153162,1900.6348587699565,1900.5063049883693,1900.598944957754,100,0,1
2007.07.01,01:43:26,1900.614975078763,1900.647710552335,1900.577585884095,1900.626183637994,100,0,1
2007.07.02,01:43:26,1900.5210641203328,1900.5459313142944,1900.4328274411891,1900.5194534579982,100,0,1
2007.07.03,01:43:26,1900.507533236853,1900.563444083681,1900.4358617951718,1900.4847417269723,100,0,1
2007.07.04,01:43:26,1900.5576786550207,1900.5938069473295,1900.4881951092948,1900.4914268630214,100,0,1
2007.07.05,01:43:26,1900.4790232605278,1900.547928206678,1900.4535477923366,1900.4723450549732,100,0,1
2007.07.06,01:43:26,1900.4117704660484,1900.4850436772826,1900.3721442716135,1900.4490789875688,100,0,1
2007.07.07,01:43:26,1900.3580726556186,1900.4056163627204,1900.293428460472,1900.3237233004895,100,0,1
2007.07.08,01:43:26,1900.3776879858833,1900.4333860426675,1900.3212920192375,1900.3775112756355,100,0,1
2007.07.09,01:43:26,1900.369943133466,1900.4269220371527,1900.2725400929462,1900.3801715385341,100,0,1
2007.07.10,01:43:26,1900.344456428932,1900.403914797729,1900.2844080476452,1900.3403244478366,100,0,1
2007.07.11,01:43:26,1900.3313356132182,1900.4035510553806,1900.2851805056166,1900.3143161914381,100,0,1
2007.07.12,01:43:26,1900.332185132359,1900.337979253254,1900.2724150144302,1900.3147975190254,100,0,1
2007.07.13,01:43:26,1900.3597864937367,1900.4503928935128,1900.3139194321923,1900.4180826380336,100,0,1
2007.07.14,01:43:26,1900.3745639407155,1900.4404949110678,1900.3283763885004,1900.4245058192437,100,0,1
2007.07.15,01:43:26,1900.3726660900834,1900.4207072409106,1900.2860797851454,1900.3041364776755,100,0,1
2007.07.16,01:43:26,1900.441113774716,1900.4880323057148,1900.395947517975,1900.4419540235033,100,0,1
2007.07.17,01:43:26,1900.5156714786551,1900.5765163491194,1900.4552294646016,1900.5553226830746,100,0,1
2007.07.18,01:43:26,1900.6050331208758,1900.6641486969309,1900.5464266652873,1900.6506239870278,100,0,1
2007.07.19,01:43:26,1900.6336025916123,1900.6779367920287,1900.5374091683552,1900.5512685075894,100,0,1
2007.07.20,01:43:26,1900.6381159245468,1900.7033489450055,1900.5773629824262,1900.6924854531776,100,0,1
2007.07.21,01:43:26,1900.6115828860945,1900.6578154670933,1900.577113139876,1900.635985518818,100,0,1
2007.07.22,01:43:26,1900.5955860124752,1900.6630097929344,1900.5462466098659,1900.5680270103412,100,0,1
2007.07.23,01:43:26,1900.595842984075,1900.6215540818862,1900.5512364402095,1900.592712191838,100,0,1
2007.07.24,01:43:26,1900.7060767062974,1900.7448605861148,1900.6592061975036,1900.6984691977582,100,0,1
2007.07.25,01:43:26,1900.7217732771837,1900.7631834505248,1900.6688562353152,1900.673289433973,100,0,1
2007.07.26,01:43:26,1900.709241220229,1900.7472543496951,1900.6891705424027,1900.743371957393,100,0,1
2007.07.27,01:43:26,1900.728048937964,1900.7928554789855,1900.6487358962495,1900.7588341470982,100,0,1
2007.07.28,01:43:26,1900.7537468290539,1900.8154359949574,1900.7338456331147,1900.8070084397066,100,0,1
2007.07.29,01:43:26,1900.8095024531551,1900.8269320544848,1900.7489227211752,1900.796656985009,100,0,1
2007.07.30,01:43:26,1900.779881643933,1900.828083295283,1900.733207104551,1900.739373272111,100,0,1
2007.07.31,01:43:26,1900.8412673845764,1900.8951259933058,1900.7857594870752,1900.8818560312475,100,0,1
2007.08.01,01:43:26,1900.9183239994104,1900.9428979611562,1900.849730527789,1900.8651115325817,100,0,1
2007.08.02,01:43:26,1900.9170227555048,1900.9336244733684,1900.8353801609887,1900.9289390366164,100,0,1
2007.08.03,01:43:26,1900.920044404425,1900.9854272595655,1900.8961178846312,1900.9614367205786,100,0,1
2007.08.04,01:43:26,1900.9208936264251,1900.983338897827,1900.8559521359157,1900.8794522660296,100,0,1
2007.08.05,01:43:26,1900.8950097921727,1900.9712139223993,1900.8532966468256,1900.8903606661918,100,0,1
2007.08.06,01:43:26,1900.881967285369,1900.9279202847913,1900.8588363746667,1900.8731539323735,100,0,1
2007.08.07,01:43:26,1900.761304891635,1900.780976945347,1900.7282097267,1900.779663652079,100,0,1
2007.08.08,01:43:26,1900.7151392411809,1900.7534647013963,1900.656025786372,1900.7362497905242,100,0,1
2007.08.09,01:43:26,1900.762546784094,1900.8342476919115,1900.7236389178643,1900.7608876369127,100,0,1
2007.08.10,01:43:26,1900.7803759437652,1900.8425748398547,1900.738854830011,1900.7954022812703,100,0,1
2007.08.11,01:43:26,1900.7585177345786,1900.8171471397795,1900.69418204653,1900.784394349898,100,0,1
2007.08.12,01:43:26,1900.7245883580433,1900.7550660878603,1900.6674762402163,1900.6675114154725,100,0,1
2007.08.13,01:43:26,1900.8311083299834,1900.8848268651327,1900.7662906890516,1900.779880316168,100,0,1
2007.08.14,01:43:26,1900.7981158280163,1900.868814278324,1900.7321232429704,1900.794306932688,100,0,1
2007.08.15,01:43:26,1900.8216345446108,1900.8830463809297,1900.7319148924853,1900.8440739154216,100,0,1
2007.08.16,01:43:26,1900.7083145897514,1900.7474928708052,1900.6490451249065,1900.7055633344073,100,0,1
2007.08.17,01:43:26,1900.7960291689092,1900.8411608521053,1900.7432195094252,1900.8155575455094,100,0,1
2007.08.18,01:43:26,1900.808019911985,1900.855149070562,1900.7884521432616,1900.8239060221993,100,0,1
2007.08.19,01:43:26,1900.774975886765,1900.813352245295,1900.7030447765283,1900.735997460795,100,0,1
2007.08.20,01:43:26,1900.6658404344464,1900.7096937433275,1900.5957849088509,1900.6628659085577,100,0,1
2007.08.21,01:43:26,1900.6571081969032,1900.6950564769284,1900.6031474863673,1900.6060950523215,100,0,1
2007.08.22,01:43:26,1900.7391711818902,1900.8054772619082,1900.6913267183174,1900.7894755587697,100,0,1
2007.08.23,01:43:26,1900.7215057411784,1900.7687733384885,1900.679394415795,1900.6806145487305,100,0,1
2007.08.24,01:43:26,1900.6916640670488,1900.7837462774326,1900.6112000954718,1900.649016622212,100,0,1
2007.08.25,01:43:26,1900.7918229020052,1900.834431154976,1900.759091150638,1900.796147199172,100,0,1
2007.08.26,01:43:26,1900.7490581496509,1900.7539642125691,1900.7081061621561,1900.7355509401214,100,0,1
2007.08.27,01:43:26,1900.7972913376511,1900.8225949384384,1900.7673141366108,1900.7699617237479,100,0,1
2007.08.28,01:43:26,1900.8015589900513,1900.8655159274758,1900.760715421472,1900.806506851485,100,0,1
2007.08.29,01:43:26,1900.851077072854,1900.906993115714,1900.8131226456676,1900.8250294050838,100,0,1
2007.08.30,01:43:26,1900.9045687666912,1900.9304535627994,1900.8813016257316,1900.9052454915914,100,0,1
2007.08.31,01:43:26,1900.994764781122,1901.0512754909173,1900.9381318322264,1901.049407919452,100,0,1
2007.09.01,01:43:26,1900.8898033475632,1900.9604391329237,1900.8591985927912,1900.9253750241012,100,0,1
2007.09.02,01:43:26,1900.8200212907584,1900.8792707866019,1900.7598389057327,1900.8233067003202,100,0,1
2007.09.03,01:43:26,1900.7431215921345,1900.7947558394183,1900.6743247351274,1900.7598774973756,100,0,1
2007.09.04,01:43:26,1900.7864743639748,1900.8529018727165,1900.7297440739085,1900.7419602021102,100,0,1
2007.09.05,01:43:26,1900.7946967997866,1900.8290627130675,1900.7918791399431,1900.8239018933032,100,0,1
2007.09.06,01:43:26,1900.7282409578315,1900.7789560761785,1900.6595256256319,1900.7302331154567,100,0,1
2007.09.07,01:43:26,1900.6769575663411,1900.7173435904572,1900.6518629114094,1900.7056772547448,100,0,1
2007.09.08,01:43:26,1900.6720729886256,1900.751297184015,1900.6088231205797,1900.6309828266492,100,0,1
2007.09.09,01:43:26,1900.724944257894,1900.7406571827883,1900.6902964008834,1900.6964796774353,100,0,1
2007.09.10,01:43:26,1900.7951058377023,1900.8237216778236,1900.7134900318958,1900.7762159717272,100,0,1
2007.09.11,01:43:26,1900.8462835992339,1900.8839141588346,1900.7780579944551,1900.845990953695,100,0,1
2007.09.12,01:43:26,1900.7697419735482,1900.8322063093724,1900.7274021445123,1900.802542469576,100,0,1
2007.09.13,01:43:26,1900.8425102060096,1900.9141170480814,1900.7946871700535,1900.8830432140935,100,0,1
2007.09.14,01:43:26,1900.7626196760457,1900.8141495534476,1900.7463619752968,1900.7720987342698,100,0,1
2007.09.15,01:43:26,1900.8721147718081,1900.914080265992,1900.818311025358,1900.8392098432191,100,0,1
2007.09.16,01:43:26,1900.8489952747925,1900.910197687157,1900.8274291708765,1900.8954723094416,100,0,1
2007.09.17,01:43:26,1900.8541328344497,1900.9223176238065,1900.817794263098,1900.8977262186145,100,0,1
2007.09.18,01:43:26,1900.9031786280339,1900.913236672485,1900.8611609615116,1900.9036490056712,100,0,1
2007.09.19,01:43:26,1900.8401999617276,1900.8798094275444,1900.7860479686199,1900.7941824235672,100,0,1
2007.09.20,01:43:26,1900.8550926265827,1900.9112570627678,1900.8014556878545,1900.80154164872,100,0,1
2007.09.21,01:43:26,1900.8119894914687,1900.8515156349115,1900.752827171392,1900.8379575871445,100,0,1
2007.09.22,01:43:26,1900.7950139485977,1900.8184677489617,1900.7298463464992,1900.8008791710465,100,0,1
2007.09.23,01:43:26,1900.8425160063318,1900.876195681255,1900.7633153983152,1900.8346600838197,100,0,1
2007.09.24,01:43:26,1900.8043328581057,1900.8367965397683,1900.7394658559683,1900.8094769925885,100,0,1
2007.09.25,01:43:26,1900.8695389991753,1900.9101097865714,1900.863340668756,1900.8763595201697,100,0,1
2007.09.26,01:43:26,1900.928134521666,1900.9759620809998,1900.8995120843229,1900.9508108622892,100,0,1
2007.09.27,01:43:26,1900.9546337340648,1900.9940590392857,1900.8942766350435,1900.9606943244821,100,0,1
2007.09.28,01:43:26,1900.9157485124554,1900.9824918625125,1900.8626164904285,1900.9172527312196,100,0,1
2007.09.29,01:43:26,1900.9122170839594,1900.955352444455,1900.8297997702755,1900.941054668294,100,0,1
2007.09.30,01:43:26,1900.9373579481298,1900.9887843890879,1900.891566914778,1900.9690151417033,100,0,1
2007.10.01,01:43:26,1900.928920137308,1901.0097036162606,1900.9074669678337,1900.946084218408,100,0,1
2007.10.02,01:43:26,1901.000202144734,1901.0501627481133,1900.9776443968924,1901.0291958992852,100,0,1
2007.10.03,01:43:26,1900.8742520076466,1900.9008474308716,1900.8174785311928,1900.9007491452949,100,0,1
2007.10.04,01:43:26,1900.92032946112,1900.9464454102545,1900.858838589178,1900.8853353026068,100,0,1
2007.10.05,01:43:26,1900.9152443870487,1900.991405366011,1900.856132321733,1900.901410628256,100,0,1
2007.10.06,01:43:26,1900.885523665751,1900.9434782861367,1900.8225054935342,1900.8459458395644,100,0,1
2007.10.07,01:43:26,1900.847201807601,1900.8934225052096,1900.8003462337585,1900.8651468950236,100,0,1
2007.10.08,01:43:26,1900.8801659402725,1900.9539179876924,1900.853051887541,1900.9398570750716,100,0,1
2007.10.09,01:43:26,1900.8290258133745,1900.888953110113,1900.7507179435336,1900.784546663726,100,0,1
2007.10.10,01:43:26,1900.8313786987296,1900.910436176481,1900.8008877544908,1900.887007387526,100,0,1
2007.10.11,01:43:26,1900.8673912849442,1900.9094571897201,1900.7915798779613,1900.835882954201,100,0,1
2007.10.12,01:43:26,1900.8994069188345,1900.9619480006622,1900.888026330859,1900.9149352843701,100,0,1
2007.10.13,01:43:26,1900.950332568015,1901.0006801929533,1900.8998390030185,1900.9323675479125,100,0,1
2007.10.14,01:43:26,1900.9191475932967,1900.9735913862032,1900.851024612883,1900.8755254459675,100,0,1
2007.10.15,01:43:26,1900.9271726202178,1901.0130258414447,1900.894026621126,1901.0058584869853,100,0,1
2007.10.16,01:43:26,1900.9406262069188,1900.9876797946592,1900.9225036246694,1900.969931552751,100,0,1
2007.10.17,01:43:26,1900.9385523149945,1900.9820380413305,1900.8896838198468,1900.92292133673,100,0,1
2007.10.18,01:43:26,1900.9207425312975,1900.9873242635938,1900.8556563745146,1900.9175887889555,100,0,1
2007.10.19,01:43:26,1901.038493791366,1901.0609741876758,1901.0189380286022,1901.0484369311475,100,0,1
2007.10.20,01:43:26,1901.008962866133,1901.075526328556,1900.9787308703421,1901.0024954864512,100,0,1
2007.10.21,01:43:26,1900.9849983569397,1901.038143873472,1900.9244681692712,1900.9424812057687,100,0,1
2007.10.22,01:43:26,1900.9119546884258,1900.9700588529277,1900.8847648694834,1900.9700237573918,100,0,1
2007.10.23,01:43:26,1900.9215267224495,1900.9581199593329,1900.8759925536087,1900.945006602752,100,0,1
2007.10.24,01:43:26,1900.849614203713,1900.9054881012328,1900.7789520443912,1900.805225236508,100,0,1
2007.10.25,01:43:26,1900.854109217643,1900.9490225019522,1900.7814519023188,1900.863454257136,100,0,1
2007.10.26,01:43:26,1900.8363461420458,1900.8757069678916,1900.809732207454,1900.8181240548422,100,0,1
2007.10.27,01:43:26,1900.8888693006525,1900.937307428843,1900.846551007563,1900.8520387298206,100,0,1
2007.10.28,01:43:26,1900.8623991634895,1900.9082875378567,1900.8345819895353,1900.8774486439602,100,0,1
2007.10.29,01:43:26,1900.836202000629,1900.8689927198743,1900.7627722420095,1900.794727495559,100,0,1
2007.10.30,01:43:26,1900.7869484394823,1900.8638182524262,1900.7409346758336,1900.7795110075633,100,0,1
2007.10.31,01:43:26,1900.7618495115366,1900.7916270079302,1900.6855705505425,1900.7088587852902,100,0,1
2007.11.01,01:43:26,1900.7111334782842,1900.7434015056162,1900.6710328092738,1900.6760379911805,100,0,1
2007.11.02,01:43:26,1900.724433426174,1900.7845023926786,1900.6723843252892,1900.7317203558587,100,0,1
2007.11.03,01:43:26,1900.6952561175788,1900.73488837418,1900.6585066594039,1900.670832702359,100,0,1
2007.11.04,01:43:26,1900.6885740823288,1900.7487210947359,1900.6273077129983,1900.7389656296975,100,0,1
2007.11.05,01:43:26,1900.666956964395,1900.74065943366,1900.5828839224146,1900.725824618473,100,0,1
2007.11.06,01:43:26,1900.6509059787318,1900.6993932398505,1900.6295293879339,1900.6894151278523,100,0,1
2007.11.07,01:43:26,1900.6864952974902,1900.710120130938,1900.6169954732304,1900.6517990241146,100,0,1
2007.11.08,01:43:26,1900.6824629468067,1900.7295824589426,1900.6235667710616,1900.6924266562405,100,0,1
2007.11.09,01:43:26,1900.7218303812,1900.763701556867,1900.670279550344,1900.7073031829054,100,0,1
2007.11.10,01:43:26,1900.7001646985443,1900.7505856385394,1900.6623823704176,1900.6859915447933,100,0,1
2007.11.11,01:43:26,1900.6925155336303,1900.73965915534,1900.6535302525165,1900.720871616785,100,0,1
2007.11.12,01:43:26,1900.5774619846627,1900.6213749296617,1900.568496429357,1900.6057948547282,100,0,1
2007.11.13,01:43:26,1900.5246961823095,1900.570022144799,1900.4617369455568,1900.492363071482,100,0,1
2007.11.14,01:43:26,1900.4008386151447,1900.4561550370893,1900.3659271361535,1900.4539463350766,100,0,1
2007.11.15,01:43:26,1900.3886085713514,1900.4023544844213,1900.299682095655,1900.3746693213366,100,0,1
2007.11.16,01:43:26,1900.411399491239,1900.474986459733,1900.351828401952,1900.460197692369,100,0,1
2007.11.17,01:43:26,1900.4790865010712,1900.5316547546722,1900.4291392717232,1900.4880483172753,100,0,1
2007.11.18,01:43:26,1900.4275325398978,1900.4585291473825,1900.3392703938332,1900.358355816824,100,0,1
2007.11.19,01:43:26,1900.518140421931,1900.5735043307136,1900.4579116569369,1900.5027628434818,100,0,1
2007.11.20,01:43:26,1900.3584648361766,1900.391000397165,1900.306058510449,1900.3704212631783,100,0,1
2007.11.21,01:43:26,1900.4406242976631,1900.4888353952792,1900.394620012693,1900.4018408379272,100,0,1
2007.11.22,01:43:26,1900.3495515504487,1900.4573124798696,1900.3022062569235,1900.357213973764,100,0,1
2007.11.23,01:43:26,1900.3497338053255,1900.3844359063012,1900.2930817676647,1900.3380466740105,100,0,1
2007.11.24,01:43:26,1900.3729277524762,1900.4083860992027,1900.334730583106,1900.3499957874226,100,0,1
2007.11.25,01:43:26,1900.376934632516,1900.450146391038,1900.3075364213332,1900.3751242457752,100,0,1
2007.11.26,01:43:26,1900.3650718412064,1900.3939624575266,1900.3523288387792,1900.3570597744294,100,0,1
2007.11.27,01:43:26,1900.363525820112,1900.4055624529287,1900.3634153345072,1900.3701250556062,100,0,1
2007.11.28,01:43:26,1900.475351764062,1900.5229837397424,1900.4741873605058,1900.5148840398308,100,0,1
2007.11.29,01:43:26,1900.517363167478,1900.5662250928071,1900.463056490249,1900.5132892918746,100,0,1
2007.11.30,01:43:26,1900.5434548865944,1900.6010327730762,1900.504415959256,1900.5291849073583,100,0,1
2007.12.01,01:43:26,1900.5612083792444,1900.5980559276866,1900.4909058975234,1900.5754717378575,100,0,1
2007.12.02,01:43:26,1900.5546116585776,1900.6103231443442,1900.535641101014,1900.6023041522744,100,0,1
2007.12.03,01:43:26,1900.5138402571051,1900.5443411979434,1900.4638946169393,1900.4730294267965,100,0,1
2007.12.04,01:43:26,1900.4875610258455,1900.5281925974534,1900.4339625427665,1900.47059879266,100,0,1
2007.12.05,01:43:26,1900.470416508701,1900.5107382537042,1900.4352256692653,1900.478532551858,100,0,1
2007.12.06,01:43:26,1900.4759044665402,1900.5416574421783,1900.4051669077126,1900.4107487913373,100,0,1
2007.12.07,01:43:26,1900.327968374967,1900.4152249486924,1900.2543713108403,1900.318350049912,100,0,1
2007.12.08,01:43:26,1900.3839757348794,1900.4006937555803,1900.329045513648,1900.3472044482464,100,0,1
2007.12.09,01:43:26,1900.3457105264827,1900.3919235512308,1900.3435967194778,1900.3564489980622,100,0,1
2007.12.10,01:43:26,1900.3822393235262,1900.4045140902472,1900.3207778576316,1900.3982620904953,100,0,1
2007.12.11,01:43:26,1900.378574241804,1900.4734215624437,1900.3204672641957,1900.418941869351,100,0,1
2007.12.12,01:43:26,1900.290041315589,1900.321287572,1900.2275755774667,1900.2703527605229,100,0,1
2007.12.13,01:43:26,1900.2395242935133,1900.282026682575,1900.1717352530538,1900.2158470630222,100,0,1
2007.12.14,01:43:26,1900.2175942268868,1900.2719495668205,1900.1348498390507,1900.1700869903314,100,0,1
2007.12.15,01:43:26,1900.2730062801052,1900.316424346799,1900.2257806285525,1900.2629776843914,100,0,1
2007.12.16,01:43:26,1900.2336835029112,1900.2996946759254,1900.1621317885056,1900.2943214766024,100,0,1
2007.12.17,01:43:26,1900.2286180259953,1900.2719089848,1900.2034373952424,1900.2657550934448,100,0,1
2007.12.18,01:43:26,1900.340223524828,1900.3723926906837,1900.2723362068566,1900.3535751529876,100,0,1
2007.12.19,01:43:26,1900.3837401216067,1900.4312532793292,1900.3198326407257,1900.3740466588392,100,0,1
2007.12.20,01:43:26,1900.3404898356428,1900.4139338403268,1900.2467979131675,1900.3474618807595,100,0,1
2007.12.21,01:43:26,1900.4001576142186,1900.4639094929955,1900.3252906235807,1900.4357434976444,100,0,1
2007.12.22,01:43:26,1900.3295765730825,1900.3727542475947,1900.2978867666097,1900.3381415686038,100,0,1
2007.12.23,01:43:26,1900.3402982181647,1900.3684458903697,1900.2905728989156,1900.2994808962728,100,0,1
2007.12.24,01:43:26,1900.229736668079,1900.2789951483905,1900.1878839928202,1900.269696932768,100,0,1
2007.12.25,01:43:26,1900.233641678536,1900.3302791324313,1900.202540414261,1900.2393651423727,100,0,1
2007.12.26,01:43:26,1900.293584871621,1900.3316067352478,1900.2463633438306,1900.3009623035493,100,0,1
2007.12.27,01:43:26,1900.1799643624013,1900.223594521882,1900.1331496063437,1900.1431583373692,100,0,1
2007.12.28,01:43:26,1900.2299732405984,1900.2511167001262,1900.1808044870024,1900.2354013183435,100,0,1
2007.12.29,01:43:26,1900.2024494118539,1900.2801964602743,1900.1223244729617,1900.2607305946794,100,0,1
2007.12.30,01:43:26,1900.1812430004586,1900.2297296969305,1900.1524396601815,1900.195121527526,100,0,1
2007.12.31,01:43:26,1900.2064011028997,1900.2745076249491,1900.1986641626384,1900.2540933731002,100,0,1
2008.01.01,01:43:26,1900.170998800288,1900.2250396903182,1900.137833525187,1900.2073954727596,100,0,1
2008.01.02,01:43:26,1900.1931450050765,1900.2258453686666,1900.1355386180437,1900.2069675387909,100,0,1
2008.01.03,01:43:26,1900.1846029115413,1900.243563197857,1900.1242320502388,1900.1641473817724,100,0,1
2008.01.04,01:43:26,1900.260401808377,1900.311221326772,1900.2235687924474,1900.308945224192,100,0,1
2008.01.05,01:43:26,1900.2558478501455,1900.3148768887645,1900.2123412230815,1900.2787558759078,100,0,1
2008.01.06,01:43:26,1900.2154037390126,1900.2580408953631,1900.150308481009,1900.212738388749,100,0,1
2008.01.07,01:43:26,1900.2618547091615,1900.308972217742,1900.2259902446378,1900.2938638083765,100,0,1
2008.01.08,01:43:26,1900.300161993813,1900.3494071374832,1900.2582541974875,1900.3058605584724,100,0,1
2008.01.09,01:43:26,1900.3094925272399,1900.3517697059222,1900.278285694586,1900.3065643787768,100,0,1
2008.01.10,01:43:26,1900.2439022042297,1900.305360420462,1900.1878345683326,1900.2899903390773,100,0,1
2008.01.11,01:43:26,1900.2385311224195,1900.2396332331991,1900.1814490465558,1900.2359214270718,100,0,1
2008.01.12,01:43:26,1900.2933759294037,1900.3180847798321,1900.218463017593,1900.22725970453,100,0,1
2008.01.13,01:43:26,1900.3810378621474,1900.4329885862592,1900.3329753122846,1900.3579319592993,100,0,1
2008.01.14,01:43:26,1900.3423043112066,1900.4308201428867,1900.3117705064956,1900.3942885914857,100,0,1
2008.01.15,01:43:26,1900.3466733385033,1900.4158411009053,1900.2619736524189,1900.384737088646,100,0,1
2008.01.16,01:43:26,1900.408512574172,1900.4676147002597,1900.3404474430274,1900.4495754813859,100,0,1
2008.01.17,01:43:26,1900.4346361855094,1900.4873747866823,1900.3621484964478,1900.472673153662,100,0,1
2008.01.18,01:43:26,1900.4229340838594,1900.4673413443027,1900.3797333718462,1900.4162326743312,100,0,1
2008.01.19,01:43:26,1900.5647704572705,1900.5982376961833,1900.523629623864,1900.5972971713093,100,0,1
2008.01.20,01:43:26,1900.631917470664,1900.6551667038111,1900.6062442022617,1900.6206128690942,100,0,1
2008.01.21,01:43:26,1900.6409134179837,1900.6974662485463,1900.5910259841555,1900.6069813510087,100,0,1
2008.01.22,01:43:26,1900.585914313541,1900.617954205241,1900.5716242898275,1900.58721725553,100,0,1
2008.01.23,01:43:26,1900.4054279275206,1900.4322765240381,1900.35889790786,1900.3714038327225,100,0,1
2008.01.24,01:43:26,1900.4593332186707,1900.513118873587,1900.4366932014075,1900.5048421192305,100,0,1
2008.01.25,01:43:26,1900.5019801524595,1900.5566018517488,1900.460696924153,1900.500898148778,100,0,1
2008.01.26,01:43:26,1900.5309403476122,1900.5601134168683,1900.4954192830935,1900.4974389801027,100,0,1
2008.01.27,01:43:26,1900.4921719979693,1900.5459565903532,1900.4181449767389,1900.4577088253493,100,0,1
2008.01.28,01:43:26,1900.5457716276942,1900.5670422030942,1900.4857251603942,1900.5061649563254,100,0,1
2008.01.29,01:43:26,1900.6149518672448,1900.6706672247851,1900.5566947704879,1900.634848033752,100,0,1
2008.01.30,01:43:26,1900.6264585228994,1900.6660729869238,1900.5618930964697,1900.5873283438425,100,0,1
2008.01.31,01:43:26,1900.7226592632755,1900.7740241485396,1900.6854318340795,1900.7110265501253,100,0,1
2008.02.01,01:43:26,1900.7299375596908,1900.7790881154203,1900.6693676691561,1900.6951077496828,100,0,1
2008.02.02,01:43:26,1900.7243709254838,1900.7735948713826,1900.717750333091,1900.726263710996,100,0,1
2008.02.03,01:43:26,1900.693195778528,1900.7437906288753,1900.6308454619748,1900.7233363344103,100,0,1
2008.02.04,01:43:26,1900.7486630282203,1900.8268514551896,1900.7175392591187,1900.8081087587364,100,0,1
2008.02.05,01:43:26,1900.6708735787015,1900.711293468765,1900.621458183751,1900.6228220101066,100,0,1
2008.02.06,01:43:26,1900.689359668305,1900.7447514552478,1900.6297456829802,1900.689426189368,100,0,1
2008.02.07,01:43:26,1900.6770754457975,1900.7304013311134,1900.6389931781862,1900.6820294809115,100,0,1
2008.02.08,01:43:26,1900.666661960105,1900.7132366386365,1900.559167901744,1900.6649936186468,100,0,1
2008.02.09,01:43:26,1900.7894583091288,1900.8377605948765,1900.715099486361,1900.8209131881822,100,0,1
2008.02.10,01:43:26,1900.7672188989561,1900.8266461562482,1900.723495966677,1900.792277869895,100,0,1
2008.02.11,01:43:26,1900.864289760757,1900.9121378232417,1900.7948527230726,1900.831973517085,100,0,1
2008.02.12,01:43:26,1900.9086072542025,1900.9195736844656,1900.8985104244914,1900.910319565103,100,0,1
2008.02.13,01:43:26,1900.9258903203659,1901.0099080379234,1900.879470950009,1900.9642666919026,100,0,1
2008.02.14,01:43:26,1900.8065347630968,1900.8780714111576,1900.7511813845772,1900.761645961077,100,0,1
2008.02.15,01:43:26,1900.8345464676365,1900.8994515955803,1900.780555093446,1900.7867526046082,100,0,1
2008.02.16,01:43:26,1900.8006895114806,1900.8156461593558,1900.771370261121,1900.796280945046,100,0,1
2008.02.17,01:43:26,1900.6971580952422,1900.7641385146605,1900.663959407721,1900.721317601238,100,0,1
2008.02.18,01:43:26,1900.7256140924057,1900.7943980807836,1900.660327627673,1900.7088854608578,100,0,1
2008.02.19,01:43:26,1900.660930912378,1900.7010822430004,1900.6209143412668,1900.6408267748823,100,0,1
2008.02.20,01:43:26,1900.7536756310485,1900.8048236929046,1900.670333575833,1900.7016909934282,100,0,1
2008.02.21,01:43:26,1900.7701915137043,1900.8402161512956,1900.7132571043533,1900.723911917003,100,0,1
2008.02.22,01:43:26,1900.795328232999,1900.836215698911,1900.695149364281,1900.7088742227093,100,0,1
2008.02.23,01:43:26,1900.8348874657645,1900.884393845734,1900.7956070110515,1900.862901114138,100,0,1
2008.02.24,01:43:26,1900.8617392648696,1900.942702827301,1900.7990097711438,1900.8986797127748,100,0,1
2008.02.25,01:43:26,1900.9524063617714,1900.9972827850306,1900.8898209013182,1900.9418454045806,100,0,1
2008.02.26,01:43:26,1900.9309255835863,1900.9610110584772,1900.8865247771432,1900.8905677560201,100,0,1
2008.02.27,01:43:26,1900.9696499576476,1901.0204708891836,1900.8733024347912,1900.955815908194,100,0,1
2008.02.28,01:43:26,1900.8591478215722,1900.8845162834457,1900.802421490309,1900.8772244374572,100,0,1
2008.02.29,01:43:26,1900.9251060686915,1900.9526504392659,1900.8584260411621,1900.9332870084697,100,0,1
2008.03.01,01:43:26,1900.9110562921326,1900.9787303785195,1900.8915431235234,1900.9723949383645,100,0,1
2008.03.02,01:43:26,1900.9702361498673,1900.9799225819152,1900.9319238448597,1900.954216398462,100,0,1
2008.03.03,01:43:26,1900.9519482314238,1900.9992885064444,1900.9405145180008,1900.9558564291992,100,0,1
2008.03.04,01:43:26,1900.9276122744786,1901.0089168398504,1900.8730457764773,1900.9200507339995,100,0,1
2008.03.05,01:43:26,1900.9579016045661,1900.990985660313,1900.89500900961,1900.9648070487017,100,0,1
2008.03.06,01:43:26,1900.9280576435428,1900.9513587623178,1900.8835787523833,1900.9415821819107,100,0,1
2008.03.07,01:43:26,1900.9705818079801,1900.9947552041908,1900.9362157923745,1900.99084478896,100,0,1
2008.03.08,01:43:26,1901.025646561307,1901.0264044362964,1900.9761313964389,1901.0035202179868,100,0,1
2008.03.09,01:43:26,1900.9552728850051,1900.9967195562133,1900.9157701451677,1900.937864346634,100,0,1
2008.03.10,01:43:26,1900.845343459282,1900.8937485727379,1900.8121347761637,1900.8681463763317,100,0,1
2008.03.11,01:43:26,1900.9250958231883,1900.9818034378459,1900.8624384625305,1900.941102589354,100,0,1
2008.03.12,01:43:26,1900.8781975919746,1900.9377410206396,1900.8156976171294,1900.9256578725044,100,0,1
2008.03.13,01:43:26,1900.8694147674016,1900.9346875873462,1900.826737437829,1900.8741248917318,100,0,1
2008.03.14,01:43:26,1900.8832887669114,1900.9230549800432,1900.8044635783226,1900.8052888902594,100,0,1
2008.03.15,01:43:26,1900.9099858898153,1900.9583451457438,1900.885198211001,1900.8920266306106,100,0,1
2008.03.16,01:43:26,1900.8858467141656,1900.924614318611,1900.8246638252128,1900.8312114951502,100,0,1
2008.03.17,01:43:26,1900.9923851097612,1901.0384834594931,1900.944214649213,1901.0068782075368,100,0,1
2008.03.18,01:43:26,1900.925870529385,1900.9866537532894,1900.858801986222,1900.929589722323,100,0,1
2008.03.19,01:43:26,1900.8699134921433,1900.917189819364,1900.839894054275,1900.8619156106756,100,0,1
2008.03.20,01:43:26,1900.8590951038855,1900.9145213469678,1900.799589317592,1900.845994891457,100,0,1
2008.03.21,01:43:26,1900.8388911624745,1900.9051848333577,1900.8152989814273,1900.8570819144943,100,0,1
2008.03.22,01:43:26,1900.8829665355775,1900.9294979081558,1900.8493306792384,1900.8593976486954,100,0,1
2008.03.23,01:43:26,1900.872362013251,1900.9257024696562,1900.8157470880067,1900.8964387749954,100,0,1
2008.03.24,01:43:26,1900.9087938752555,1901.001817402158,1900.8458046579499,1900.902157044798,100,0,1
2008.03.25,01:43:26,1900.9517566642646,1901.022714800551,1900.9137623772772,1900.9703213003625,100,0,1
2008.03.26,01:43:26,1901.0989112862064,1901.134272003434,1901.0333267384212,1901.0634285063036,100,0,1
2008.03.27,01:43:26,1901.124840838863,1901.1886199259907,1901.0822263858893,1901.1232327314458,100,0,1
2008.03.28,01:43:26,1901.124327444465,1901.1946477004756,1901.0868677805947,1901.1485017588625,100,0,1
2008.03.29,01:43:26,1901.0533012323012,1901.0980377851163,1900.9911735918377,1901.0634366371144,100,0,1
2008.03.30,01:43:26,1901.0753877421375,1901.1266792983824,1900.9882693768207,1901.0998083858954,100,0,1
2008.03.31,01:43:26,1901.1468040133118,1901.1907364061915,1901.0963675579585,1901.1255991937028,100,0,1
2008.04.01,01:43:26,1901.1601727620928,1901.2150967413104,1901.125853105821,1901.2083667853594,100,0,1
2008.04.02,01:43:26,1901.1880914340993,1901.257549141959,1901.136123824645,1901.2269793783566,100,0,1
2008.04.03,01:43:26,1901.1312570134817,1901.1660772600467,1901.0895734535297,1901.1162058876396,100,0,1
2008.04.04,01:43:26,1901.0753672560863,1901.1399795785098,1901.0353108563718,1901.1015510860368,100,0,1
2008.04.05,01:43:26,1901.1005481389857,1901.1392376577076,1901.0565101648383,1901.0839550098635,100,0,1
2008.04.06,01:43:26,1901.0647000734382,1901.121619432307,1901.013962520331,1901.095797773351,100,0,1
2008.04.07,01:43:26,1901.1256976143277,1901.1826316277218,1901.0878491436483,1901.1182057092142,100,0,1
2008.04.08,01:43:26,1901.1061775648188,1901.17031224372,1901.0425793136483,1901.0750810122547,100,0,1
2008.04.09,01:43:26,1901.062046632259,1901.1338332199887,1901.00583027538,1901.0500239486669,100,0,1
2008.04.10,01:43:26,1901.0716219007663,1901.1234769596372,1901.0391527348424,1901.0652853591778,100,0,1
2008.04.11,01:43:26,1901.0663611138475,1901.1317401194729,1901.0386840434983,1901.0474891464878,100,0,1
2008.04.12,01:43:26,1901.0312684104504,1901.0902823097272,1900.935407380768,1901.0025038505717,100,0,1
2008.04.13,01:43:26,1901.0087133654665,1901.0172853742167,1900.9339356701018,1901.0045697596952,100,0,1
2008.04.14,01:43:26,1901.0289888247266,1901.0817996253845,1900.981623043443,1901.000389191144,100,0,1
2008.04.15,01:43:26,1901.0505318317394,1901.1075284954404,1900.9885175412821,1901.1021296953022,100,0,1
2008.04.16,01:43:26,1901.0931433376873,1901.1309569221726,1901.0474936475705,1901.0530116905393,100,0,1
2008.04.17,01:43:26,1901.0072789634833,1901.0758115390192,1900.9625463307682,1900.977011384612,100,0,1
2008.04.18,01:43:26,1901.1051699989848,1901.1887538933966,1901.0537913510775,1901.1791263863417,100,0,1
2008.04.19,01:43:26,1901.085905162443,1901.171375008029,1901.0172392725344,1901.0378716117123,100,0,1
2008.04.20,01:43:26,1901.0931314571353,1901.1568866436776,1901.048195246885,1901.1539836967004,100,0,1
2008.04.21,01:43:26,1901.0547932641991,1901.1052820707637,1900.9720204000248,1901.073765359183,100,0,1
2008.04.22,01:43:26,1901.0291431884316,1901.090485858839,1900.9776217986728,1901.0012699136537,100,0,1
2008.04.23,01:43:26,1901.0140263086607,1901.0409061275507,1900.9730387844406,1900.9958956114647,100,0,1
2008.04.24,01:43:26,1900.9610451361555,1900.990757086504,1900.914712953186,1900.9343214451362,100,0,1
2008.04.25,01:43:26,1900.9331612611447,1901.0051833572356,1900.8829008219614,1900.9111294625288,100,0,1
2008.04.26,01:43:26,1900.8659918022067,1900.891817853989,1900.7920360019382,1900.8244301414436,100,0,1
2008.04.27,01:43:26,1900.8208805415268,1900.8887467878228,1900.7724355592538,1900.8385608136066,100,0,1
2008.04.28,01:43:26,1900.8598352281006,1900.9029545508001,1900.8427790262729,1900.8986204180885,100,0,1
2008.04.29,01:43:26,1900.9378301210252,1900.996741678305,1900.8830001663941,1900.99046639484,100,0,1
2008.04.30,01:43:26,1900.908849322347,1900.936510631576,1900.8501451099642,1900.8677597099706,100,0,1
2008.05.01,01:43:26,1900.9620830219037,1901.0508700084454,1900.9142719567049,1901.038430724098,100,0,1
2008.05.02,01:43:26,1900.983220252889,1901.0081054205136,1900.9595317746728,1900.977821425753,100,0,1
2008.05.03,01:43:26,1900.9254023540184,1901.0059420245657,1900.8932642239668,1900.9354353843962,100,0,1
2008.05.04,01:43:26,1900.8491405213688,1900.900927188233,1900.8144800614634,1900.8596283913305,100,0,1
2008.05.05,01:43:26,1900.7936062604808,1900.8640516066864,1900.72421554572,1900.7821016342286,100,0,1
2008.05.06,01:43:26,1900.787168202008,1900.8324768745017,1900.767628849815,1900.7849605398314,100,0,1
2008.05.07,01:43:26,1900.721981503981,1900.7462293460171,1900.6800315188325,1900.6974819667878,100,0,1
2008.05.08,01:43:26,1900.660608628997,1900.6689711901327,1900.6224951477654,1900.6521040231296,100,0,1
2008.05.09,01:43:26,1900.657587620785,1900.6803331575084,1900.621501844476,1900.6751577694504,100,0,1
2008.05.10,01:43:26,1900.6386152557388,1900.6968274276935,1900.553469166324,1900.6846451311962,100,0,1
2008.05.11,01:43:26,1900.5697651702653,1900.6501571537133,1900.5239446240473,1900.6034755183196,100,0,1
2008.05.12,01:43:26,1900.4987216990862,1900.5431969642589,1900.4608165516772,1900.5146404226248,100,0,1
2008.05.13,01:43:26,1900.4329505960702,1900.4599585097362,1900.3844008594335,1900.3940823128758,100,0,1
2008.05.14,01:43:26,1900.464805460698,1900.5366820109057,1900.3814332750571,1900.5279854725372,100,0,1
2008.05.15,01:43:26,1900.4911615019353,1900.5388716973662,1900.442571699413,1900.4866904467947,100,0,1
2008.05.16,01:43:26,1900.4402103782281,1900.481718630309,1900.421825748978,1900.425561484379,100,0,1
2008.05.17,01:43:26,1900.462164766931,1900.4911450098284,1900.4343943008528,1900.4544510678604,100,0,1
2008.05.18,01:43:26,1900.5012542310312,1900.5402405244388,1900.47129582377,1900.5045572844524,100,0,1
2008.05.19,01:43:26,1900.4726142356517,1900.4972277939944,1900.3972227371125,1900.4647183015754,100,0,1
2008.05.20,01:43:26,1900.3632675129534,1900.4392828826856,1900.3027637789858,1900.4087664011633,100,0,1
2008.05.21,01:43:26,1900.3469023403502,1900.366515066991,1900.288673410644,1900.3382883209126,100,0,1
2008.05.22,01:43:26,1900.4027130534917,1900.4650707792691,1900.348752728602,1900.456455528706,100,0,1
2008.05.23,01:43:26,1900.4308776964913,1900.4783870009587,1900.4286192981572,1900.4613551399057,100,0,1
2008.05.24,01:43:26,1900.4149386754077,1900.4400458401333,1900.3825998353996,1900.4042306101135,100,0,1
2008.05.25,01:43:26,1900.5176525179363,1900.5578092864182,1900.4683337534032,1900.5288483009545,100,0,1
2008.05.26,01:43:26,1900.4992860465006,1900.5531737713525,1900.4686739434435,1900.551625524317,100,0,1
2008.05.27,01:43:26,1900.5232258918554,1900.619236053661,1900.4384063495224,1900.5589510874686,100,0,1
2008.05.28,01:43:26,1900.5767181927101,1900.6161874812606,1900.525892862389,1900.6125882762456,100,0,1
2008.05.29,01:43:26,1900.6168416705307,1900.683359865927,1900.6058260826837,1900.660616643797,100,0,1
2008.05.30,01:43:26,1900.6825863591484,1900.7689917098453,1900.636064086303,1900.7522181053016,100,0,1
2008.05.31,01:43:26,1900.6335721974203,1900.7044744595185,1900.5891992528334,1900.6692126873477,100,0,1
2008.06.01,01:43:26,1900.6006267880389,1900.6326145240098,1900.5656755139653,1900.6253235931756,100,0,1
2008.06.02,01:43:26,1900.6529227791768,1900.7096662939275,1900.608148785805,1900.6880201437027,100,0,1
2008.06.03,01:43:26,1900.6228968036432,1900.710039979223,1900.5625924098488,1900.6903672954904,100,0,1
2008.06.04,01:43:26,1900.6146686214554,1900.689806727442,1900.5668906691242,1900.6674886587743,100,0,1
2008.06.05,01:43:26,1900.5592347047275,1900.6415617687933,1900.5489522883277,1900.5858153546671,100,0,1
2008.06.06,01:43:26,1900.6225562362704,1900.656888399106,1900.5769740879814,1900.599448858072,100,0,1
2008.06.07,01:43:26,1900.562053242453,1900.6003360876143,1900.51070210869,1900.5903571188883,100,0,1
2008.06.08,01:43:26,1900.4955045666504,1900.5475896742964,1900.4707950758175,1900.5360112843498,100,0,1
2008.06.09,01:43:26,1900.5037871956256,1900.5633586711563,1900.4628688886498,1900.4944656303041,100,0,1
2008.06.10,01:43:26,1900.5269584821224,1900.6049671771111,1900.4880429322252,1900.5786615630216,100,0,1
2008.06.11,01:43:26,1900.5115744379793,1900.5701160724088,1900.466541818766,1900.4674926306839,100,0,1
2008.06.12,01:43:26,1900.4523348200814,1900.4854596036814,1900.3971529659652,1900.4806020400079,100,0,1
2008.06.13,01:43:26,1900.4132602123827,1900.4770932785584,1900.3767448695771,1900.4069848420818,100,0,1
2008.06.14,01:43:26,1900.2709533601767,1900.3190163264571,1900.2069072148317,1900.2932915975287,100,0,1
2008.06.15,01:43:26,1900.306040168431,1900.3368097466555,1900.2393094365757,1900.331469080441,100,0,1
2008.06.16,01:43:26,1900.3478322230897,1900.394527058051,1900.2726069352232,1900.330036010763,100,0,1
2008.06.17,01:43:26,1900.3179808908985,1900.3973981913712,1900.2757633981964,1900.339266542414,100,0,1
2008.06.18,01:43:26,1900.2543339580827,1900.3298089109778,1900.190744014352,1900.2314915265429,100,0,1
2008.06.19,01:43:26,1900.2510466484669,1900.3440279567626,1900.2103827371482,1900.2756216376904,100,0,1
2008.06.20,01:43:26,1900.2864647942617,1900.3378876963548,1900.2389520062854,1900.2692214607898,100,0,1
2008.06.21,01:43:26,1900.2925664566978,1900.3345966201732,1900.2451427889723,1900.3155849536854,100,0,1
2008.06.22,01:43:26,1900.332438406992,1900.4038662871026,1900.2779693484001,1900.3038200213593,100,0,1
2008.06.23,01:43:26,1900.4419193015729,1900.4648714283878,1900.4068739100908,1900.4446779853718,100,0,1
2008.06.24,01:43:26,1900.4750632282653,1900.5032773819698,1900.40013142469,1900.441713118694,100,0,1
2008.06.25,01:43:26,1900.401433320865,1900.4420867580986,1900.355464029194,1900.3821730866548,100,0,1
2008.06.26,01:43:26,1900.3447855745023,1900.3920317401862,1900.286816966213,1900.3641999142003,100,0,1
2008.06.27,01:43:26,1900.349581648046,1900.3617533539332,1900.3067332710586,1900.3531418798525,100,0,1
2008.06.28,01:43:26,1900.3843439663815,1900.42579989358,1900.3318477962796,1900.3973339736524,100,0,1
2008.06.29,01:43:26,1900.3894121892095,1900.4339929807861,1900.3049675994357,1900.3213303345856,100,0,1
2008.06.30,01:43:26,1900.399379318382,1900.472618226277,1900.3572318083272,1900.4536322967842,100,0,1
2008.07.01,01:43:26,1900.485827239471,1900.5365683537675,1900.409424045864,1900.4699350750009,100,0,1
2008.07.02,01:43:26,1900.4061837482675,1900.4772752459685,1900.355509811371,1900.4401584013476,100,0,1
2008.07.03,01:43:26,1900.5037641468011,1900.5680827756878,1900.448696768251,1900.5374351182336,100,0,1
2008.07.04,01:43:26,1900.4349469912686,1900.4931355647789,1900.4139323837403,1900.4407371744235,100,0,1
2008.07.05,01:43:26,1900.4448743891273,1900.4917997074244,1900.4208822034675,1900.445637054539,100,0,1
2008.07.06,01:43:26,1900.4565854500468,1900.516613253099,1900.3924303185397,1900.423813782862,100,0,1
2008.07.07,01:43:26,1900.4389300556118,1900.4514368691896,1900.4096951887402,1900.4463377384081,100,0,1
2008.07.08,01:43:26,1900.3287219593371,1900.369083781606,1900.2827445951361,1900.360140834524,100,0,1
2008.07.09,01:43:26,1900.2837002412598,1900.3128733304163,1900.2369953371197,1900.2715056547113,100,0,1
2008.07.10,01:43:26,1900.2025709724282,1900.2585321724678,1900.1465732438667,1900.2168260730418,100,0,1
2008.07.11,01:43:26,1900.1444284453426,1900.1691049380456,1900.1010434538946,1900.1338557842025,100,0,1
2008.07.12,01:43:26,1900.1563606002042,1900.203854647853,1900.1217645851325,1900.135092272853,100,0,1
2008.07.13,01:43:26,1900.1248659371547,1900.197763937597,1900.062874129071,1900.0634439252294,100,0,1
2008.07.14,01:43:26,1900.1478624176018,1900.204756932071,1900.1280973867006,1900.131234038796,100,0,1
2008.07.15,01:43:26,1900.2014332756532,1900.2351448527122,1900.1792665669213,1900.1847659017105,100,0,1
2008.07.16,01:43:26,1900.190599879366,1900.2557773862738,1900.1349929831028,1900.2365620865637,100,0,1
2008.07.17,01:43:26,1900.1837495484222,1900.2411605733425,1900.1198753435453,1900.2228070395574,100,0,1
2008.07.18,01:43:26,1900.1732547406111,1900.2608727022414,1900.1069676990112,1900.1760837881936,100,0,1
2008.07.19,01:43:26,1900.1207157503848,1900.1605769099353,1900.1005361236676,1900.1113648511023,100,0,1
2008.07.20,01:43:26,1900.061974113812,1900.0972385669481,1899.9984281046832,1900.0794160554715,100,0,1
2008.07.21,01:43:26,1900.0903814114342,1900.139425118589,1900.0168439477054,1900.129461779517,100,0,1
2008.07.22,01:43:26,1900.0970880836123,1900.1635084401812,1900.0873746951117,1900.10882158805,100,0,1
2008.07.23,01:43:26,1900.1322497052558,1900.1656471864076,1900.0857648100152,1900.1524959182223,100,0,1
2008.07.24,01:43:26,1900.2154056587176,1900.3059592425125,1900.118593616375,1900.246117452834,100,0,1
2008.07.25,01:43:26,1900.2670166261394,1900.2948757313188,1900.241283583845,1900.2736971547683,100,0,1
2008.07.26,01:43:26,1900.2283535643685,1900.2791814655259,1900.1698978783581,1900.1797191165276,100,0,1
2008.07.27,01:43:26,1900.294851659726,1900.3615430375135,1900.253674504666,1900.3615261792277,100,0,1
2008.07.28,01:43:26,1900.249965426822,1900.3182294188375,1900.180901963862,1900.2689438355565,100,0,1
2008.07.29,01:43:26,1900.354347589208,1900.430116255962,1900.3081160100958,1900.360956283166,100,0,1
2008.07.30,01:43:26,1900.2935661907306,1900.3215533254952,1900.2265237063505,1900.317148092479,100,0,1
2008.07.31,01:43:26,1900.2151746615475,1900.2370377388727,1900.1751955665775,1900.2125266351616,100,0,1
2008.08.01,01:43:26,1900.2410962042766,1900.2701287054142,1900.1729480730337,1900.2434428241286,100,0,1
2008.08.02,01:43:26,1900.2007968307837,1900.2506739828862,1900.1409511675029,1900.234577915293,100,0,1
2008.08.03,01:43:26,1900.1745067547204,1900.22626568462,1900.1077713068648,1900.2211324211405,100,0,1
2008.08.04,01:43:26,1900.1905196629416,1900.214906406664,1900.0949219646309,1900.1151314985111,100,0,1
2008.08.05,01:43:26,1900.157285718196,1900.1877240536382,1900.1019884802756,1900.1151180175632,100,0,1
2008.08.06,01:43:26,1900.1765629728177,1900.2189927254049,1900.1494115893784,1900.1648959481877,100,0,1
2008.08.07,01:43:26,1900.2323448025627,1900.2482578099723,1900.1897250385105,1900.2047634135213,100,0,1
2008.08.08,01:43:26,1900.2669900659225,1900.3292075562565,1900.1969855394311,1900.2175027901703,100,0,1
2008.08.09,01:43:26,1900.2660899474065,1900.311859622242,1900.1782302810275,1900.298658858573,100,0,1
2008.08.10,01:43:26,1900.2465147945422,1900.298916401503,1900.2360306729502,1900.280924078403,100,0,1
2008.08.11,01:43:26,1900.1959943212507,1900.2504133582524,1900.1368220933334,1900.2370424496478,100,0,1
2008.08.12,01:43:26,1900.118556642874,1900.1880925194039,1900.0804085564523,1900.1290118422537,100,0,1
2008.08.13,01:43:26,1900.1663152122007,1900.1849583609962,1900.1410498958783,1900.1435711357558,100,0,1
2008.08.14,01:43:26,1900.168221262467,1900.2420458537795,1900.1180994924637,1900.20456726388,100,0,1
2008.08.15,01:43:26,1900.1287118823932,1900.1864639589064,1900.065137537777,1900.1003971735058,100,0,1
2008.08.16,01:43:26,1900.0913883704454,1900.134684451898,1900.070083655285,1900.0919412999228,100,0,1
2008.08.17,01:43:26,1899.9690680828012,1900.0457749432148,1899.8841060352802,1899.9773490814982,100,0,1
2008.08.18,01:43:26,1900.0008104844908,1900.0603998704935,1899.927484581451,1900.0442182361994,100,0,1
2008.08.19,01:43:26,1899.979135730574,1900.0513774198034,1899.94307703451,1899.9438405130409,100,0,1
2008.08.20,01:43:26,1899.9235371616292,1899.96862529685,1899.8416112288126,1899.8768850942567,100,0,1
2008.08.21,01:43:26,1899.8970877560077,1899.9417743420925,1899.8721084448564,1899.9088785534113,100,0,1
2008.08.22,01:43:26,1899.9144952757304,1899.9533987787631,1899.8824665592908,1899.8847624084083,100,0,1
2008.08.23,01:43:26,1899.9334257620342,1899.97768005708,1899.8973515924674,1899.9359320541366,100,0,1
2008.08.24,01:43:26,1899.8604163772889,1899.8846334294417,1899.847120800924,1899.8729126405572,100,0,1
2008.08.25,01:43:26,1899.8238564101744,1899.8708990360037,1899.7313210641737,1899.7424082299594,100,0,1
2008.08.26,01:43:26,1899.8269675753604,1899.895850811396,1899.741888254858,1899.771969263441,100,0,1
2008.08.27,01:43:26,1899.8538114476983,1899.8936855375837,1899.7979993816396,1899.874716695374,100,0,1
2008.08.28,01:43:26,1899.780751787744,1899.832653020981,1899.7599833669806,1899.8075990705547,100,0,1
2008.08.29,01:43:26,1899.6747265789163,1899.7278629662062,1899.608641389895,1899.7033834245708,100,0,1
2008.08.30,01:43:26,1899.6708020998715,1899.7176517928738,1899.6131394899826,1899.7056397486663,100,0,1
2008.08.31,01:43:26,1899.6908479926863,1899.7409674313533,1899.620335836476,1899.6558108070096,100,0,1
2008.09.01,01:43:26,1899.624680073278,1899.6640798758715,1899.5879350865719,1899.6227984142067,100,0,1
2008.09.02,01:43:26,1899.6851616656172,1899.7509934801612,1899.6077386269724,1899.677619396347,100,0,1
2008.09.03,01:43:26,1899.6733686354971,1899.7406287911137,1899.6052393659725,1899.7193360606755,100,0,1
2008.09.04,01:43:26,1899.7071333739907,1899.7767018295783,1899.6620919451866,1899.714789307585,100,0,1
2008.09.05,01:43:26,1899.7484336207553,1899.8106791730647,1899.696257116422,1899.7156481633851,100,0,1
2008.09.06,01:43:26,1899.746859345095,1899.792605545642,1899.6874344789244,1899.7317416119145,100,0,1
2008.09.07,01:43:26,1899.757835310778,1899.8145659961383,1899.7472569583208,1899.782936580104,100,0,1
2008.09.08,01:43:26,1899.7749825563874,1899.820311237501,1899.7370490920007,1899.7711891766958,100,0,1
2008.09.09,01:43:26,1899.6438609532513,1899.6790571772633,1899.5973164586017,1899.6722972255734,100,0,1
2008.09.10,01:43:26,1899.6487544770032,1899.6848098094022,1899.5964609894654,1899.6702723224123,100,0,1
2008.09.11,01:43:26,1899.6574262901545,1899.6731889059486,1899.627163243263,1899.6374040656233,100,0,1
2008.09.12,01:43:26,1899.6538517977694,1899.6981382851188,1899.5885088852965,1899.6041564660673,100,0,1
2008.09.13,01:43:26,1899.5994705544365,1899.657357532863,1899.5770557465835,1899.6003283389664,100,0,1
2008.09.14,01:43:26,1899.4730855203156,1899.5098471135357,1899.4260615540677,1899.434131361324,100,0,1
2008.09.15,01:43:26,1899.5282159544952,1899.6015489937627,1899.5144436597047,1899.55926526587,100,0,1
2008.09.16,01:43:26,1899.5214395288347,1899.5648047487516,1899.4798347993274,1899.4892456504883,100,0,1
2008.09.17,01:43:26,1899.4500936199227,1899.5080003309547,1899.4249932575271,1899.4293120944385,100,0,1
2008.09.18,01:43:26,1899.4215515496228,1899.4643439379256,1899.3863657885317,1899.460443008002,100,0,1
2008.09.19,01:43:26,1899.396140661748,1899.4131179479962,1899.3947092968758,1899.412429362512,100,0,1
2008.09.20,01:43:26,1899.3707919734507,1899.410016817069,1899.332516804499,1899.4054413934464,100,0,1
2008.09.21,01:43:26,1899.3568700491112,1899.4066322213855,1899.3166579162962,1899.36779506515,100,0,1
2008.09.22,01:43:26,1899.3783365606926,1899.4433244512563,1899.3411540305203,1899.4351488433592,100,0,1
2008.09.23,01:43:26,1899.41948594218,1899.4981837489445,1899.3745905712694,1899.424992733411,100,0,1
2008.09.24,01:43:26,1899.4340501782474,1899.4934416043195,1899.390126017242,1899.451043352243,100,0,1
2008.09.25,01:43:26,1899.4111955124813,1899.4608795737122,1899.3779744343278,1899.4393783857824,100,0,1
2008.09.26,01:43:26,1899.4245836779055,1899.503120555623,1899.3510837357599,1899.3832603102,100,0,1
2008.09.27,01:43:26,1899.3339052694932,1899.371636984442,1899.2602733043982,1899.336252602084,100,0,1
2008.09.28,01:43:26,1899.2440575611527,1899.2768377092339,1899.1822467193895,1899.2399888747661,100,0,1
2008.09.29,01:43:26,1899.2992742646761,1899.3213237102016,1899.2347191830024,1899.2713130984887,100,0,1
2008.09.30,01:43:26,1899.3463594559964,1899.41776108858,1899.30362173888,1899.3479612263964,100,0,1
2008.10.01,01:43:26,1899.3037191734163,1899.351754737082,1899.2712542286542,1899.2874812101143,100,0,1
2008.10.02,01:43:26,1899.373252248345,1899.4099746771856,1899.3652995543341,1899.4092794384976,100,0,1
2008.10.03,01:43:26,1899.364452546567,1899.4102284533024,1899.3255903625336,1899.401930132833,100,0,1
2008.10.04,01:43:26,1899.3340936199418,1899.3878758285325,1899.2755244376972,1899.3413006918356,100,0,1
2008.10.05,01:43:26,1899.401751122798,1899.432692663482,1899.3433676546647,1899.4251761898295,100,0,1
2008.10.06,01:43:26,1899.3254033240376,1899.4143499690613,1899.2750973989064,1899.2879456169294,100,0,1
2008.10.07,01:43:26,1899.3821302038846,1899.4536348468341,1899.3018640913922,1899.3662933154665,100,0,1
2008.10.08,01:43:26,1899.3360402387143,1899.367463047275,1899.2789942493139,1899.3353584311847,100,0,1
2008.10.09,01:43:26,1899.3342200058323,1899.3495395904572,1899.3080569037763,1899.334194367711,100,0,1
2008.10.10,01:43:26,1899.2545586440694,1899.2929210074121,1899.1963692429583,1899.258544482458,100,0,1
2008.10.11,01:43:26,1899.2458771220781,1899.3251281429386,1899.2028393256253,1899.2878989946344,100,0,1
2008.10.12,01:43:26,1899.3029591733307,1899.3469133256642,1899.2614062674638,1899.2999648401221,100,0,1
2008.10.13,01:43:26,1899.2833417399445,1899.3608471716934,1899.2321483137164,1899.2937178051889,100,0,1
2008.10.14,01:43:26,1899.283534618451,1899.3454905635915,1899.2583975232594,1899.2790557798899,100,0,1
2008.10.15,01:43:26,1899.3411235604287,1899.4015469010508,1899.2709933411625,1899.2717630606035,100,0,1
2008.10.16,01:43:26,1899.3241762392486,1899.373640726064,1899.3228112583458,1899.3523616506598,100,0,1
2008.10.17,01:43:26,1899.4010052291558,1899.4384175750852,1899.3505087001352,1899.4319450104588,100,0,1
2008.10.18,01:43:26,1899.3723920908087,1899.438612728797,1899.2776368129776,1899.3207026411528,100,0,1
2008.10.19,01:43:26,1899.4001967902711,1899.4381923320552,1899.3420653102153,1899.3974704231637,100,0,1
2008.10.20,01:43:26,1899.4293411314027,1899.496481764396,1899.3806247977186,1899.4052195929557,100,0,1
2008.10.21,01:43:26,1899.4115596516353,1899.4439512504985,1899.3835891637052,1899.3943361485665,100,0,1
2008.10.22,01:43:26,1899.2654256961403,1899.3296734453427,1899.2358222156504,1899.2444908267757,100,0,1
2008.10.23,01:43:26,1899.2689672637484,1899.3450264060812,1899.2189411632153,1899.244618697186,100,0,1
2008.10.24,01:43:26,1899.2283306328602,1899.259309987038,1899.204284556187,1899.2343545759275,100,0,1
2008.10.25,01:43:26,1899.190816033923,1899.253666142867,1899.1358560273095,1899.196499766421,100,0,1
2008.10.26,01:43:26,1899.1460300197239,1899.1763792226964,1899.0956675829036,1899.1580125519445,100,0,1
2008.10.27,01:43:26,1899.2306197832738,1899.3051415481484,1899.1793229457166,1899.2463846251314,100,0,1
2008.10.28,01:43:26,1899.2763927380026,1899.2929073177309,1899.260661562143,1899.2761228080333,100,0,1
2008.10.29,01:43:26,1899.2576352024528,1899.2932782425403,1899.1955391579374,1899.2633517404856,100,0,1
2008.10.30,01:43:26,1899.2988588773671,1899.3562900991587,1899.2343497979825,1899.2872550018585,100,0,1
2008.10.31,01:43:26,1899.271895202151,1899.2969032048943,1899.2028394036308,1899.2094081901864,100,0,1
2008.11.01,01:43:26,1899.3079576200143,1899.3399829083485,1899.2589196871734,1899.2811984372752,100,0,1
2008.11.02,01:43:26,1899.273173368567,1899.3394160090002,1899.2450568271577,1899.248522349039,100,0,1
2008.11.03,01:43:26,1899.2951499184662,1899.347486834873,1899.2668333171468,1899.3279046827768,100,0,1
2008.11.04,01:43:26,1899.3310950334392,1899.3742391315755,1899.2599351781512,1899.3043926178527,100,0,1
2008.11.05,01:43:26,1899.2142549744294,1899.31760187983,1899.1743870222301,1899.2125249229946,100,0,1
2008.11.06,01:43:26,1899.2351898547665,1899.2815428501578,1899.1611010378558,1899.2791399197188,100,0,1
2008.11.07,01:43:26,1899.2632748148233,1899.317242774375,1899.1725861175983,1899.2035654738024,100,0,1
2008.11.08,01:43:26,1899.3101612831128,1899.3629679138978,1899.2823800885128,1899.3618828461335,100,0,1
2008.11.09,01:43:26,1899.367623142152,1899.4492973716679,1899.3323672214997,1899.4313195020702,100,0,1
2008.11.10,01:43:26,1899.2485404748904,1899.3389048955928,1899.205206877002,1899.2946115611446,100,0,1
2008.11.11,01:43:26,1899.2569308173702,1899.2894813688638,1899.2260655150976,1899.2595670639175,100,0,1
2008.11.12,01:43:26,1899.2879901802323,1899.3436904981443,1899.2570655902373,1899.3281877640743,100,0,1
2008.11.13,01:43:26,1899.265490710681,1899.3455176394202,1899.2259929532165,1899.2633686308643,100,0,1
2008.11.14,01:43:26,1899.3205129338028,1899.3637557594857,1899.2692288093115,1899.276209894915,100,0,1
2008.11.15,01:43:26,1899.322279103009,1899.3891603037348,1899.2801065955136,1899.3458482288017,100,0,1
2008.11.16,01:43:26,1899.3822095391279,1899.461963824588,1899.3586767874506,1899.4270339790623,100,0,1
2008.11.17,01:43:26,1899.4070360346543,1899.4489852085483,1899.3577178428593,1899.4274002965253,100,0,1
2008.11.18,01:43:26,1899.3369367756552,1899.3807068544318,1899.2595534826937,1899.308259761523,100,0,1
2008.11.19,01:43:26,1899.260675416038,1899.2966973360378,1899.193520398326,1899.2624791202375,100,0,1
2008.11.20,01:43:26,1899.2434144948,1899.2905344800072,1899.2058827078768,1899.2253204408719,100,0,1
2008.11.21,01:43:26,1899.323755252373,1899.3909522992114,1899.289711585921,1899.3227248462363,100,0,1
2008.11.22,01:43:26,1899.3216892863663,1899.3438021943443,1899.2357773586934,1899.2766856343808,100,0,1
2008.11.23,01:43:26,1899.306619207011,1899.3167129477174,1899.276072445856,1899.2918376622345,100,0,1
2008.11.24,01:43:26,1899.313271526597,1899.3491079503394,1899.2608194409804,1899.3288539560372,100,0,1
2008.11.25,01:43:26,1899.3151755603394,1899.3926021760362,1899.2395679852439,1899.3033786894878,100,0,1
2008.11.26,01:43:26,1899.323288167653,1899.4058456100383,1899.2565876265842,1899.3688405337207,100,0,1
2008.11.27,01:43:26,1899.390102022492,1899.4193577667381,1899.3494965074904,1899.3594026184387,100,0,1
2008.11.28,01:43:26,1899.4249482307455,1899.4705704335872,1899.370929909477,1899.406221594651,100,0,1
2008.11.29,01:43:26,1899.4155404472865,1899.4575636868085,1899.3622359044982,1899.4419961734918,100,0,1
2008.11.30,01:43:26,1899.395619451525,1899.4445581435232,1899.33018482562,1899.3414352846705,100,0,1
2008.12.01,01:43:26,1899.2884271103817,1899.3246235299682,1899.254007735951,1899.2915658544853,100,0,1
2008.12.02,01:43:26,1899.3000029626867,1899.3476092983615,1899.261855421045,1899.3096335401503,100,0,1
2008.12.03,01:43:26,1899.3050172559829,1899.3720343786645,1899.2348899280744,1899.3610059673617,100,0,1
2008.12.04,01:43:26,1899.2877652843956,1899.3403672287784,1899.2003163657748,1899.228914863928,100,0,1
2008.12.05,01:43:26,1899.3302552645491,1899.3647440420186,1899.319963869054,1899.3472553615763,100,0,1
2008.12.06,01:43:26,1899.2775492112148,1899.348343400764,1899.2101183130428,1899.305132881353,100,0,1
2008.12.07,01:43:26,1899.1963603028662,1899.2759208759874,1899.1377105258453,1899.2087352225533,100,0,1
2008.12.08,01:43:26,1899.191173236593,1899.2214438727103,1899.1433183055597,1899.2114712600426,100,0,1
2008.12.09,01:43:26,1899.1925257413027,1899.2101388100964,1899.1268288265544,1899.1283244245958,100,0,1
2008.12.10,01:43:26,1899.1347344618157,1899.196780483752,1899.0494806351985,1899.155905065656,100,0,1
2008.12.11,01:43:26,1899.227753363588,1899.2754900941993,1899.1893061109768,1899.1916301251406,100,0,1
2008.12.12,01:43:26,1899.2695558600287,1899.3065086598629,1899.2315643314237,1899.25631873786,100,0,1
2008.12.13,01:43:26,1899.2967429185694,1899.3081914942072,1899.2261553323733,1899.301445796934,100,0,1
2008.12.14,01:43:26,1899.2619504584234,1899.3128335320093,1899.2305941818609,1899.3033859974987,100,0,1
2008.12.15,01:43:26,1899.2568111673997,1899.3177701693812,1899.2294062133267,1899.297578395051,100,0,1
2008.12.16,01:43:26,1899.2428843043292,1899.2965610364151,1899.2177945308927,1899.258919450726,100,0,1
2008.12.17,01:43:26,1899.2519391914514,1899.2565180366407,1899.219003328337,1899.2370025810635,100,0,1
2008.12.18,01:43:26,1899.2098783305464,1899.277878106989,1899.197387110547,1899.2618828535312,100,0,1
2008.12.19,01:43:26,1899.2657802717958,1899.331320341665,1899.2095847859164,1899.2379814879837,100,0,1
2008.12.20,01:43:26,1899.3107627786042,1899.3745228364646,1899.225361615053,1899.3595228416111,100,0,1
2008.12.21,01:43:26,1899.3057168164646,1899.3439799810667,1899.2820827001447,1899.3194713117946,100,0,1
2008.12.22,01:43:26,1899.3189620666153,1899.3623052464548,1899.2401531510334,1899.313283346064,100,0,1
2008.12.23,01:43:26,1899.36827497091,1899.432789977533,1899.3223459378025,1899.41092728022,100,0,1
2008.12.24,01:43:26,1899.4033602424104,1899.4407099880325,1899.3330384420408,1899.3824354070562,100,0,1
2008.12.25,01:43:26,1899.3588830689007,1899.3874983548544,1899.3268326108189,1899.34726872176,100,0,1
2008.12.26,01:43:26,1899.4430339795656,1899.4861527441562,1899.3930449149675,1899.4234650339838,100,0,1
2008.12.27,01:43:26,1899.504808359057,1899.556757776295,1899.4091952285107,1899.4382818070794,100,0,1
2008.12.28,01:43:26,1899.4060047626656,1899.444265391092,1899.3256861458879,1899.426699830522,100,0,1
2008.12.29,01:43:26,1899.4622860579689,1899.486659676138,1899.394744742533,1899.474061316497,100,0,1
2008.12.30,01:43:26,1899.399780286066,1899.4404520519327,1899.3498349665915,1899.3830951971597,100,0,1
2008.12.31,01:43:26,1899.3609033273904,1899.399566613139,1899.334355897147,1899.342973300499,100,0,1
2009.01.01,01:43:26,1899.33741403374,1899.3747256245076,1899.2599588261412,1899.354125850449,100,0,1
2009.01.02,01:43:26,1899.3963523437453,1899.4471767653326,1899.3624257432175,1899.4413911812874,100,0,1
2009.01.03,01:43:26,1899.3786226268485,1899.3870838456285,1899.3308040412398,1899.3870820002612,100,0,1
2009.01.04,01:43:26,1899.351917967081,1899.3779680669982,1899.3225279691633,1899.3662586136466,100,0,1
2009.01.05,01:43:26,1899.3135586728974,1899.3621452986988,1899.2603124568293,1899.3251953262607,100,0,1
2009.01.06,01:43:26,1899.3181167813173,1899.3480319558612,1899.2802665352885,1899.2918961513503,100,0,1
2009.01.07,01:43:26,1899.2437231191097,1899.2997275930677,1899.1874542421704,1899.1965190515987,100,0,1
2009.01.08,01:43:26,1899.2425023950466,1899.2842479589594,1899.1408716498236,1899.2588100505682,100,0,1
2009.01.09,01:43:26,1899.1817156684813,1899.2555445909584,1899.11391055925,1899.1198655990631,100,0,1
2009.01.10,01:43:26,1899.2795383199798,1899.3325964536639,1899.2211213283515,1899.268541553467,100,0,1
2009.01.11,01:43:26,1899.3278299154497,1899.374684408175,1899.2952050421936,1899.335335229246,100,0,1
2009.01.12,01:43:26,1899.3454006145905,1899.3689684519197,1899.2931532591565,1899.3577864203241,100,0,1
2009.01.13,01:43:26,1899.33598233153,1899.3703250912813,1899.2504429803532,1899.3693890003055,100,0,1
2009.01.14,01:43:26,1899.3352885590175,1899.3841968759154,1899.2983732623147,1899.3361161802363,100,0,1
2009.01.15,01:43:26,1899.2628424900208,1899.2967540795166,1899.2468055779023,1899.2537274770086,100,0,1
2009.01.16,01:43:26,1899.2036001762688,1899.2297841951868,1899.1393709104648,1899.183885480813,100,0,1
2009.01.17,01:43:26,1899.2752725251796,1899.3132132086296,1899.252643663566,1899.2857416315724,100,0,1
2009.01.18,01:43:26,1899.2601546983353,1899.3269034711159,1899.190885057205,1899.3069189983325,100,0,1
2009.01.19,01:43:26,1899.2778436689662,1899.3632693406832,1899.2077368547652,1899.3431275592704,100,0,1
2009.01.20,01:43:26,1899.2832800813053,1899.2994115583733,1899.2166741099957,1899.2580708410644,100,0,1
2009.01.21,01:43:26,1899.250716299396,1899.2960909648598,1899.2288805341186,1899.278338214057,100,0,1
2009.01.22,01:43:26,1899.3691351641503,1899.4344574073086,1899.3001194487163,1899.3663731836998,100,0,1
2009.01.23,01:43:26,1899.4098212370523,1899.4858114568055,1899.376243423008,1899.4471352127089,100,0,1
2009.01.24,01:43:26,1899.3887199577466,1899.4444019525556,1899.30681176743,1899.3370366420456,100,0,1
2009.01.25,01:43:26,1899.4044236621428,1899.467182131483,1899.3882033359573,1899.4122924378112,100,0,1
2009.01.26,01:43:26,1899.449773450321,1899.489526812071,1899.3800376654099,1899.4503765370685,100,0,1
2009.01.27,01:43:26,1899.5446469130277,1899.5680343203876,1899.4521832778266,1899.4957463721557,100,0,1
2009.01.28,01:43:26,1899.5092030236706,1899.5580945468776,1899.4672962424238,1899.4711665787188,100,0,1
2009.01.29,01:43:26,1899.5107722636405,1899.5366544276644,1899.4602092862874,1899.4622384944846,100,0,1
2009.01.30,01:43:26,1899.4628198507373,1899.5057829933698,1899.4540885162153,1899.4896034007518,100,0,1
2009.01.31,01:43:26,1899.4587924833588,1899.5363962104072,1899.3970814924817,1899.4174261771047,100,0,1
2009.02.01,01:43:26,1899.5191253680116,1899.5773773988724,1899.4592998175974,1899.4835079935428,100,0,1
2009.02.02,01:43:26,1899.4602974975387,1899.4976594876498,1899.4440670127303,1899.473149554111,100,0,1
2009.02.03,01:43:26,1899.4011110044519,1899.444192499206,1899.3474520371426,1899.4438015512183,100,0,1
2009.02.04,01:43:26,1899.3778111958623,1899.4567735581472,1899.3087228759111,1899.3549606672182,100,0,1
2009.02.05,01:43:26,1899.3522369543248,1899.4037943303078,1899.296522908828,1899.3711943641904,100,0,1
2009.02.06,01:43:26,1899.360789273458,1899.4320959973045,1899.3353126310044,1899.3985222220592,100,0,1
2009.02.07,01:43:26,1899.3489825725594,1899.3924813769563,1899.2646019192414,1899.3315470040725,100,0,1
2009.02.08,01:43:26,1899.421355543183,1899.4850399092104,1899.3408477835392,1899.4819792883873,100,0,1
2009.02.09,01:43:26,1899.4565170148712,1899.5076801502664,1899.379355310756,1899.397628444571,100,0,1
2009.02.10,01:43:26,1899.461296871447,1899.5090409622446,1899.3837741011487,1899.445587786804,100,0,1
2009.02.11,01:43:26,1899.4253914942283,1899.4774791429902,1899.3976384434156,1899.4000747701011,100,0,1
2009.02.12,01:43:26,1899.406692856733,1899.4510078965345,1899.3689251499213,1899.3914680967707,100,0,1
2009.02.13,01:43:26,1899.3774561387804,1899.4649741746873,1899.298219950817,1899.3527140187923,100,0,1
2009.02.14,01:43:26,1899.340459691895,1899.3927644203732,1899.2747823535442,1899.3559138162886,100,0,1
2009.02.15,01:43:26,1899.4579317371315,1899.4749405924301,1899.4057373355831,1899.4616897807177,100,0,1
2009.02.16,01:43:26,1899.4842631259146,1899.530005629731,1899.4662619176393,1899.48736782815,100,0,1
2009.02.17,01:43:26,1899.5216513434805,1899.572834368072,1899.474097478826,1899.4771380542113,100,0,1
2009.02.18,01:43:26,1899.5603608042497,1899.5933401627667,1899.5060427078927,1899.5144384469645,100,0,1
2009.02.19,01:43:26,1899.5877132575968,1899.665307756508,1899.5626662544696,1899.5700247717975,100,0,1
2009.02.20,01:43:26,1899.5114412221806,1899.5832101314927,1899.466739227088,1899.4856507077072,100,0,1
2009.02.21,01:43:26,1899.573841049487,1899.6292887639522,1899.5315220750674,1899.5653370638006,100,0,1
2009.02.22,01:43:26,1899.4688199939908,1899.546480982485,1899.414703404942,1899.4293765524696,100,0,1
2009.02.23,01:43:26,1899.5868690371065,1899.6681976443158,1899.5144433652677,1899.5213598305436,100,0,1
2009.02.24,01:43:26,1899.6669941601467,1899.7221383120675,1899.6631605565187,1899.6814047632358,100,0,1
2009.02.25,01:43:26,1899.6172224322574,1899.664939401432,1899.5512520149603,1899.578839945586,100,0,1
2009.02.26,01:43:26,1899.6291440562636,1899.6888404779124,1899.5617032392688,1899.5884449413018,100,0,1
2009.02.27,01:43:26,1899.6091790205226,1899.6123102670285,1899.5489583036535,1899.584034350712,100,0,1
2009.02.28,01:43:26,1899.6048078997615,1899.626339142599,1899.5404203515889,1899.6242889749594,100,0,1
2009.03.01,01:43:26,1899.5706765531072,1899.619122803347,1899.5407315900954,1899.5801572486812,100,0,1
2009.03.02,01:43:26,1899.5623225718057,1899.6167684205338,1899.5033394110899,1899.5547051264596,100,0,1
2009.03.03,01:43:26,1899.5591134053873,1899.6413531628925,1899.4822054356316,1899.6253760566103,100,0,1
2009.03.04,01:43:26,1899.4944654744497,1899.5255520900462,1899.4463349838068,1899.4663769338829,100,0,1
2009.03.05,01:43:26,1899.426840430171,1899.4986651032161,1899.3817469655398,1899.4820586759076,100,0,1
2009.03.06,01:43:26,1899.4925879749167,1899.530300060922,1899.4561537562556,1899.5146254772758,100,0,1
2009.03.07,01:43:26,1899.4666188866331,1899.5080131843606,1899.431103182854,1899.4479215267315,100,0,1
2009.03.08,01:43:26,1899.4892693318302,1899.5302407243917,1899.4487238312245,1899.504225875168,100,0,1
2009.03.09,01:43:26,1899.5124990487825,1899.6132819990253,1899.470839386276,1899.5662946835735,100,0,1
2009.03.10,01:43:26,1899.5125560825836,1899.5338777156603,1899.4855679632346,1899.5085623687187,100,0,1
2009.03.11,01:43:26,1899.5327186827458,1899.54340960705,1899.473689190562,1899.5213374673485,100,0,1
2009.03.12,01:43:26,1899.5522178988763,1899.6073259508175,1899.5230627945703,1899.5962826646894,100,0,1
2009.03.13,01:43:26,1899.589792517049,1899.657577883123,1899.4989974090913,1899.645206493246,100,0,1
2009.03.14,01:43:26,1899.6486591320804,1899.7158717444345,1899.5963095781626,1899.6842447429424,100,0,1
2009.03.15,01:43:26,1899.6276714713836,1899.671762460677,1899.5660989715316,1899.5964105882172,100,0,1
2009.03.16,01:43:26,1899.633748577247,1899.692160254395,1899.6216946038228,1899.6527443242142,100,0,1
2009.03.17,01:43:26,1899.760692300272,1899.8311735649622,1899.7067072122045,1899.8283271407197,100,0,1
2009.03.18,01:43:26,1899.7576006750671,1899.8466332270677,1899.7258608664765,1899.7759728800095,100,0,1
2009.03.19,01:43:26,1899.7602541534955,1899.8038018502011,1899.7099971672503,1899.7839263689798,100,0,1
2009.03.20,01:43:26,1899.7481525845058,1899.8061319096958,1899.677440943199,1899.6992842131374,100,0,1
2009.03.21,01:43:26,1899.8156374239543,1899.8633109421426,1899.7544325048777,1899.7691248895674,100,0,1
2009.03.22,01:43:26,1899.733643958793,1899.7843556869125,1899.6925669186821,1899.7600943106759,100,0,1
2009.03.23,01:43:26,1899.7618205463878,1899.7964289735808,1899.7163715721813,1899.7664124821838,100,0,1
2009.03.24,01:43:26,1899.8117134202917,1899.857467383165,1899.7291334086005,1899.78723379291,100,0,1
2009.03.25,01:43:26,1899.8444341615825,1899.8582912204304,1899.7936503622968,1899.811101053931,100,0,1
2009.03.26,01:43:26,1899.827608255505,1899.8821543639765,1899.766348253865,1899.8283548322113,100,0,1
2009.03.27,01:43:26,1899.826772101865,1899.8471072577634,1899.8061305144486,1899.8173968648434,100,0,1
2009.03.28,01:43:26,1899.838681171053,1899.8870369587357,1899.77612340111,1899.8444087855328,100,0,1
2009.03.29,01:43:26,1899.9254704800733,1899.979818417103,1899.8676263266884,1899.879928474305,100,0,1
2009.03.30,01:43:26,1899.9157164547898,1899.9810467459351,1899.8854905437324,1899.9234778820328,100,0,1
2009.03.31,01:43:26,1899.932073420758,1899.9636497540134,1899.8664570885433,1899.87882159954,100,0,1
2009.04.01,01:43:26,1899.902707460162,1899.945131242475,1899.8221260790167,1899.8947380699665,100,0,1
2009.04.02,01:43:26,1899.9164037331018,1899.9520392624875,1899.8881768104118,1899.9320029787202,100,0,1
2009.04.03,01:43:26,1899.9091204585973,1899.9667521888387,1899.8419064190375,1899.9113064778035,100,0,1
2009.04.04,01:43:26,1899.8586200900902,1899.9133178807065,1899.8284341983847,1899.8743976073724,100,0,1
2009.04.05,01:43:26,1899.8854602588362,1899.959804555868,1899.8228868007584,1899.851791128206,100,0,1
2009.04.06,01:43:26,1899.8556735957322,1899.8958592035344,1899.8107712907456,1899.8175848996857,100,0,1
2009.04.07,01:43:26,1899.8620399367564,1899.9069636719803,1899.7984181901768,1899.8207824947585,100,0,1
2009.04.08,01:43:26,1899.810343842262,1899.8166649051282,1899.7682514030741,1899.771849929459,100,0,1
2009.04.09,01:43:26,1899.7801361246834,1899.852557646496,1899.7207667300179,1899.779089413775,100,0,1
2009.04.10,01:43:26,1899.8268852927217,1899.902531688569,1899.7902705322938,1899.8296741049392,100,0,1
2009.04.11,01:43:26,1899.877312611262,1899.9258758137287,1899.8498885803797,1899.852199985096,100,0,1
2009.04.12,01:43:26,1899.8190491583425,1899.8838796436723,1899.723180414633,1899.8168431713157,100,0,1
2009.04.13,01:43:26,1899.8659726892938,1899.9208473911397,1899.808354602946,1899.8638371090537,100,0,1
2009.04.14,01:43:26,1899.8932882316387,1899.9456454538154,1899.8633720277564,1899.8960801219885,100,0,1
2009.04.15,01:43:26,1899.8895377390572,1899.9173500163797,1899.8455923781835,1899.8951111514177,100,0,1
2009.04.16,01:43:26,1899.8992321677636,1899.960981702086,1899.8536998808047,1899.8569490081336,100,0,1
2009.04.17,01:43:26,1899.8726525446896,1899.918506118693,1899.8001840423772,1899.8063627972736,100,0,1
2009.04.18,01:43:26,1899.8775210215415,1899.938787600291,1899.8536124652642,1899.8868429436743,100,0,1
2009.04.19,01:43:26,1899.895771582024,1899.9376401189013,1899.839913620266,1899.8488258150535,100,0,1
2009.04.20,01:43:26,1899.86730958722,1899.9185606404187,1899.7934807593635,1899.8147284465033,100,0,1
2009.04.21,01:43:26,1899.9408954349647,1899.9923708175277,1899.8647651728443,1899.9121437051015,100,0,1
2009.04.22,01:43:26,1900.0463245520757,1900.1026668908721,1899.9831481270014,1900.003947639027,100,0,1
2009.04.23,01:43:26,1900.0564782102806,1900.0989837170819,1900.0243457754202,1900.0475851737094,100,0,1
2009.04.24,01:43:26,1900.0129537919336,1900.0755456464876,1899.9573595726663,1900.0515888318305,100,0,1
2009.04.25,01:43:26,1899.9425970225989,1900.0094906384165,1899.8764143523285,1900.0050633380715,100,0,1
2009.04.26,01:43:26,1899.9993137329964,1900.049136744695,1899.9397101174743,1899.9566730142903,100,0,1
2009.04.27,01:43:26,1900.000331853463,1900.0635501085878,1899.9507571266097,1899.955425209218,100,0,1
2009.04.28,01:43:26,1900.059636100871,1900.1249359697406,1899.9880128704824,1900.0891054437427,100,0,1
2009.04.29,01:43:26,1900.0749062265354,1900.1586973061446,1900.0073965674048,1900.1231737990395,100,0,1
2009.04.30,01:43:26,1900.1007978010955,1900.1667305685833,1900.0187635520908,1900.0398517351975,100,0,1
2009.05.01,01:43:26,1899.971571514157,1900.0002535346468,1899.940594772007,1899.9938625338038,100,0,1
2009.05.02,01:43:26,1899.9278541590038,1899.9718336132735,1899.8971058742736,1899.9004177355175,100,0,1
2009.05.03,01:43:26,1899.9153621788284,1899.9409039009367,1899.83683308981,1899.90313138881,100,0,1
2009.05.04,01:43:26,1899.8847519062458,1899.910067242311,1899.8119940787208,1899.895304616809,100,0,1
2009.05.05,01:43:26,1899.9195690157514,1899.975850755952,1899.8294321499448,1899.8937248031277,100,0,1
2009.05.06,01:43:26,1899.9430285254446,1899.9558630135477,1899.8848729147267,1899.896906588204,100,0,1
2009.05.07,01:43:26,1899.8705560495648,1899.9044738035848,1899.8449443223763,1899.8810879197233,100,0,1
2009.05.08,01:43:26,1899.9287219006667,1899.9332551895025,1899.8591459547233,1899.9065947409536,100,0,1
2009.05.09,01:43:26,1899.8661997960949,1899.8789704446126,1899.8577854292423,1899.8663420169858,100,0,1
2009.05.10,01:43:26,1899.8689953466665,1899.925862394265,1899.8127396187444,1899.8927945600742,100,0,1
2009.05.11,01:43:26,1899.8722144385372,1899.9239324431344,1899.8149313475428,1899.9223138465738,100,0,1
2009.05.12,01:43:26,1899.9701921542526,1900.0161312079251,1899.9224060629774,1899.9845872954586,100,0,1
2009.05.13,01:43:26,1899.9548113459493,1900.0091845347586,1899.8903302047104,1899.9647361113016,100,0,1
2009.05.14,01:43:26,1899.950375318201,1899.9982108613144,1899.9082780557947,1899.9943547167136,100,0,1
2009.05.15,01:43:26,1899.9718719614884,1900.0194638545033,1899.9325944095176,1899.9506724594555,100,0,1
2009.05.16,01:43:26,1899.9738995471146,1900.0435038852552,1899.9089585580869,1899.9681128338416,100,0,1
2009.05.17,01:43:26,1899.981004459523,1900.0294353360844,1899.9577418879103,1899.9618128839722,100,0,1
2009.05.18,01:43:26,1899.978329675999,1900.0338846728762,1899.9645201117075,1900.0295194340365,100,0,1
2009.05.19,01:43:26,1899.968048340024,1900.019681491204,1899.9341022044741,1899.9640060368015,100,0,1
2009.05.20,01:43:26,1899.9377493259092,1900.0006110761587,1899.9066088433822,1900.0004985114842,100,0,1
2009.05.21,01:43:26,1899.9032189937423,1899.927722900094,1899.8446402713523,1899.8777768444797,100,0,1
2009.05.22,01:43:26,1899.908589628944,1899.9406114150966,1899.8731804621837,1899.9071885652133,100,0,1
2009.05.23,01:43:26,1899.8857633867615,1899.9170814597928,1899.8359237927882,1899.9068460470098,100,0,1
2009.05.24,01:43:26,1899.8773254491339,1899.9062724952028,1899.821999057798,1899.8996314813153,100,0,1
2009.05.25,01:43:26,1899.8832333826458,1899.941257115543,1899.8326023686018,1899.857008996195,100,0,1
2009.05.26,01:43:26,1899.9736636994983,1900.0009934587165,1899.9451862099609,1899.9994858111522,100,0,1
2009.05.27,01:43:26,1899.9327304208496,1899.938562529611,1899.9108780209788,1899.9350008390943,100,0,1
2009.05.28,01:43:26,1899.8376440507475,1899.9067825683978,1899.780684523109,1899.7842318298294,100,0,1
2009.05.29,01:43:26,1899.8206097176183,1899.8746082319851,1899.810577194015,1899.8393929790275,100,0,1
2009.05.30,01:43:26,1899.8151340375289,1899.856814751482,1899.7587276998051,1899.77569705194,100,0,1
2009.05.31,01:43:26,1899.7501688904292,1899.7891708088796,1899.6926303472126,1899.7136373567414,100,0,1
2009.06.01,01:43:26,1899.7791881194812,1899.8193738858404,1899.7355985635106,1899.7365216369467,100,0,1
2009.06.02,01:43:26,1899.6343608186487,1899.6631457662368,1899.576137320785,1899.6474998117542,100,0,1
2009.06.03,01:43:26,1899.7527733669372,1899.785309968156,1899.6955071057998,1899.7047111530603,100,0,1
2009.06.04,01:43:26,1899.8023377691432,1899.8375853953444,1899.7557033407822,1899.830635747792,100,0,1
2009.06.05,01:43:26,1899.8401071875037,1899.880004990845,1899.8059153893364,1899.8264399856805,100,0,1
2009.06.06,01:43:26,1899.803305793076,1899.8075447524263,1899.7697290739156,1899.774004535545,100,0,1
2009.06.07,01:43:26,1899.79551188983,1899.8623977519105,1899.7469663241052,1899.8130174516098,100,0,1
2009.06.08,01:43:26,1899.739989982541,1899.75568525931,1899.6978614991797,1899.7447252460188,100,0,1
2009.06.09,01:43:26,1899.767295508479,1899.8400168053124,1899.6924779889164,1899.7394498679914,100,0,1
2009.06.10,01:43:26,1899.8022858822594,1899.859404722915,1899.7826936557476,1899.8005888866296,100,0,1
2009.06.11,01:43:26,1899.782193294157,1899.853294208036,1899.736241383815,1899.7708365154715,100,0,1
2009.06.12,01:43:26,1899.856110279791,1899.8877103964953,1899.7792798560108,1899.8834534404039,100,0,1
2009.06.13,01:43:26,1899.875105803499,1899.9501189056523,1899.7986544285689,1899.8262379806283,100,0,1
2009.06.14,01:43:26,1899.81057371993,1899.8356492122662,1899.746415258681,1899.7873287197435,100,0,1
2009.06.15,01:43:26,1899.7754014389755,1899.8127794994018,1899.7332773052801,1899.8088105481077,100,0,1
2009.06.16,01:43:26,1899.750585520865,1899.8028960267554,1899.649927664402,1899.6929945137465,100,0,1
2009.06.17,01:43:26,1899.7423197963176,1899.8354391507019,1899.7019606236327,1899.7999736478753,100,0,1
2009.06.18,01:43:26,1899.665172499792,1899.7073596914133,1899.6025794263269,1899.6713280268705,100,0,1
2009.06.19,01:43:26,1899.6496217808149,1899.709902934805,1899.6192995185663,1899.645905173166,100,0,1
2009.06.20,01:43:26,1899.697992289705,1899.7700131710453,1899.629522952289,1899.6606004998603,100,0,1
2009.06.21,01:43:26,1899.781522889703,1899.8398734080013,1899.7353664152306,1899.8382747777832,100,0,1
2009.06.22,01:43:26,1899.7747817634456,1899.8269409960023,1899.7051997299566,1899.7637666260532,100,0,1
2009.06.23,01:43:26,1899.8359933009276,1899.8809577473596,1899.7734774270773,1899.7753336388444,100,0,1
2009.06.24,01:43:26,1899.8683044960412,1899.9262181185886,1899.8008456219509,1899.8190856006636,100,0,1
2009.06.25,01:43:26,1899.9245503783354,1899.9910211663635,1899.8889070495743,1899.9330085245422,100,0,1
2009.06.26,01:43:26,1900.0149768682268,1900.069487169151,1899.9827091435614,1900.0111314060848,100,0,1
2009.06.27,01:43:26,1899.9923421375534,1900.0682148583735,1899.9146218100727,1900.047349857753,100,0,1
2009.06.28,01:43:26,1899.9983119210792,1900.0286573382177,1899.933555621559,1899.962692588334,100,0,1
2009.06.29,01:43:26,1900.0377979780571,1900.0607933200695,1899.9908119713443,1900.0125865259176,100,0,1
2009.06.30,01:43:26,1900.121170175927,1900.1749702642926,1900.0804928421303,1900.1504861387562,100,0,1
2009.07.01,01:43:26,1900.1237593797928,1900.1542481766187,1900.0369724168183,1900.0720403449945,100,0,1
2009.07.02,01:43:26,1900.1686407147072,1900.2382590558102,1900.0969919434497,1900.2270088792654,100,0,1
2009.07.03,01:43:26,1900.2110199517258,1900.2344239590107,1900.1562398329233,1900.2125225763427,100,0,1
2009.07.04,01:43:26,1900.2576655215053,1900.3323604940863,1900.2274282780409,1900.3050647364405,100,0,1
2009.07.05,01:43:26,1900.3022498688374,1900.361655599254,1900.2522259771165,1900.2965807257476,100,0,1
2009.07.06,01:43:26,1900.3020480874466,1900.3800297805938,1900.198896740689,1900.3341905164004,100,0,1
2009.07.07,01:43:26,1900.29871881936,1900.367060067442,1900.2737660616272,1900.338938983755,100,0,1
2009.07.08,01:43:26,1900.2363473218006,1900.2530230259588,1900.1873265233244,1900.228356235896,100,0,1
2009.07.09,01:43:26,1900.245125092898,1900.3009407729505,1900.1907690534892,1900.2760102358693,100,0,1
2009.07.10,01:43:26,1900.1749115353732,1900.2392549846797,1900.159969024479,1900.2366172992647,100,0,1
2009.07.11,01:43:26,1900.218342785821,1900.2880968201289,1900.1476986491289,1900.2644756012924,100,0,1
2009.07.12,01:43:26,1900.1952239263983,1900.236017769253,1900.1552839509168,1900.1655460498116,100,0,1
2009.07.13,01:43:26,1900.203932710347,1900.2442915169072,1900.1596157118556,1900.1900920936291,100,0,1
2009.07.14,01:43:26,1900.12536600844,1900.1467261050832,1900.0913240880027,1900.129072239356,100,0,1
2009.07.15,01:43:26,1900.0761607185793,1900.1148835118368,1899.9732493685842,1900.0067661684088,100,0,1
2009.07.16,01:43:26,1900.1017396688299,1900.1445110327695,1900.0505611309163,1900.1131929922544,100,0,1
2009.07.17,01:43:26,1900.1319619361466,1900.1980805816788,1900.062035931564,1900.1614972971079,100,0,1
2009.07.18,01:43:26,1900.1296367008515,1900.221490123792,1900.0885614557317,1900.2126477004283,100,0,1
2009.07.19,01:43:26,1900.098255223611,1900.1373305372474,1900.0567145336556,1900.069226975834,100,0,1
2009.07.20,01:43:26,1900.0757398451258,1900.1591905752102,1900.0681842017175,1900.0893700514323,100,0,1
2009.07.21,01:43:26,1900.1416624496364,1900.176553719976,1900.089554411383,1900.1331400440597,100,0,1
2009.07.22,01:43:26,1900.088366301482,1900.131409739169,1900.02023106451,1900.0840839517382,100,0,1
2009.07.23,01:43:26,1900.0648025685555,1900.0916969988436,1900.0264838884154,1900.057543921369,100,0,1
2009.07.24,01:43:26,1900.0837696121512,1900.1197637347668,1900.0413083257197,1900.0466793914761,100,0,1
2009.07.25,01:43:26,1900.0926198721895,1900.127924475007,1900.0709757026443,1900.0788734839489,100,0,1
2009.07.26,01:43:26,1900.0206066101023,1900.085025561252,1899.9601227780013,1900.024065077459,100,0,1
2009.07.27,01:43:26,1900.0922586982088,1900.1551215172972,1900.0676420645011,1900.085269370963,100,0,1
2009.07.28,01:43:26,1900.1524763422149,1900.2509683581827,1900.0574652448652,1900.2240382363061,100,0,1
2009.07.29,01:43:26,1900.1805553641902,1900.2110315163209,1900.1458027493202,1900.1771914621509,100,0,1
2009.07.30,01:43:26,1900.180693458522,1900.252629524192,1900.1049323544894,1900.2001100710463,100,0,1
2009.07.31,01:43:26,1900.129576698858,1900.2067180367208,1900.040169930604,1900.0437416681705,100,0,1
2009.08.01,01:43:26,1900.0937106085912,1900.1459992120765,1900.0479431331728,1900.077617881681,100,0,1
2009.08.02,01:43:26,1900.1447220885825,1900.214573444902,1900.1276479851758,1900.2068432136132,100,0,1
2009.08.03,01:43:26,1900.102385977321,1900.1770129729925,1900.0368088981793,1900.1152811642387,100,0,1
2009.08.04,01:43:26,1900.0716598406727,1900.1291915182023,1900.0045200637576,1900.1082802640806,100,0,1
2009.08.05,01:43:26,1900.051196825869,1900.1076677182782,1900.0117188840543,1900.0178006309281,100,0,1
2009.08.06,01:43:26,1900.0247038727177,1900.0668028508069,1899.970050092797,1900.0610669126318,100,0,1
2009.08.07,01:43:26,1900.0599947272967,1900.1349858763738,1899.9914601252267,1900.0998648244147,100,0,1
2009.08.08,01:43:26,1899.946898652971,1900.0047046922164,1899.8868513748841,1899.9103364854784,100,0,1
2009.08.09,01:43:26,1900.0916991480267,1900.1230739571827,1900.0520109811457,1900.0812794048998,100,0,1
2009.08.10,01:43:26,1900.087557813122,1900.1588199119853,1900.0381031266716,1900.1318844217196,100,0,1
2009.08.11,01:43:26,1900.104269144389,1900.1556482371063,1900.0054825806533,1900.1127770571884,100,0,1
2009.08.12,01:43:26,1900.049834330855,1900.0616613528227,1899.9769269514202,1900.0430462500385,100,0,1
2009.08.13,01:43:26,1899.9384955181852,1900.016965670627,1899.8700828509955,1899.996087327375,100,0,1
2009.08.14,01:43:26,1899.9484211836805,1900.0009149103885,1899.9024519837762,1899.9762028378916,100,0,1
2009.08.15,01:43:26,1899.89940185795,1899.9145095249796,1899.8615983989143,1899.8770577272396,100,0,1
2009.08.16,01:43:26,1899.8077570029252,1899.847055595027,1899.7494226045771,1899.833517105098,100,0,1
2009.08.17,01:43:26,1899.8504811150328,1899.920364574355,1899.836402660595,1899.8755768361252,100,0,1
2009.08.18,01:43:26,1899.8974162179877,1899.9400730711639,1899.8631047436088,1899.8875683922881,100,0,1
2009.08.19,01:43:26,1899.9112558113338,1899.9664445033955,1899.87712637677,1899.9301622940081,100,0,1
2009.08.20,01:43:26,1899.9319667699838,1899.9994993685334,1899.9046607178607,1899.9111313857843,100,0,1
2009.08.21,01:43:26,1899.953452322652,1899.9836987201488,1899.9003641110796,1899.9439102751853,100,0,1
2009.08.22,01:43:26,1899.90413491219,1899.9616661929567,1899.8348259826819,1899.8711156141117,100,0,1
2009.08.23,01:43:26,1899.9427593167948,1899.9980686944532,1899.877241475714,1899.9954280271456,100,0,1
2009.08.24,01:43:26,1899.9000837694687,1899.9635648929261,1899.8523696185255,1899.9039711266742,100,0,1
2009.08.25,01:43:26,1899.8400479315185,1899.888676929681,1899.7964608122945,1899.8852188019011,100,0,1
2009.08.26,01:43:26,1899.9422874270226,1899.980192403991,1899.896361088589,1899.9153713319013,100,0,1
2009.08.27,01:43:26,1899.9124701932453,1899.9647506566514,1899.839361494576,1899.8882024536872,100,0,1
2009.08.28,01:43:26,1899.9903454681373,1900.0356005813344,1899.9337341722671,1899.954306958675,100,0,1
2009.08.29,01:43:26,1899.9138523579948,1899.9743399486224,1899.8618897356357,1899.9687075525428,100,0,1
2009.08.30,01:43:26,1899.9855027803942,1900.0218272412424,1899.8779788126838,1899.9406986503045,100,0,1
2009.08.31,01:43:26,1900.0062634991264,1900.0627442569992,1899.9719894039636,1900.0545281940206,100,0,1
2009.09.01,01:43:26,1899.9157761728582,1899.9795640770353,1899.8462272468632,1899.862530885586,100,0,1
2009.09.02,01:43:26,1899.936840774668,1899.965715430041,1899.9228266986324,1899.942081750957,100,0,1
2009.09.03,01:43:26,1899.8609894251176,1899.9053047234338,1899.7974190321145,1899.9032286517797,100,0,1
2009.09.04,01:43:26,1899.8463543833673,1899.8875209920336,1899.7788609490829,1899.8263099811018,100,0,1
2009.09.05,01:43:26,1899.8508965858462,1899.8803239154718,1899.8111680521663,1899.841985788326,100,0,1
2009.09.06,01:43:26,1899.7482160886188,1899.8351912715052,1899.6978036636672,1899.7188453335343,100,0,1
2009.09.07,01:43:26,1899.8247513425652,1899.8450060949012,1899.7450779312574,1899.7968305041968,100,0,1
2009.09.08,01:43:26,1899.839974700962,1899.903980040508,1899.7836382721523,1899.8930222275083,100,0,1
2009.09.09,01:43:26,1899.8381457800756,1899.8760152669602,1899.7726502781666,1899.8476517440333,100,0,1
2009.09.10,01:43:26,1899.7780540334566,1899.8289943722245,1899.7191930966262,1899.7278697661163,100,0,1
2009.09.11,01:43:26,1899.8395844218667,1899.8621445377134,1899.8083198916636,1899.8434868194204,100,0,1
2009.09.12,01:43:26,1899.8379405991,1899.886593284206,1899.8010983352024,1899.8287479747764,100,0,1
2009.09.13,01:43:26,1899.864351669238,1899.9094195971409,1899.7506931486053,1899.795798297683,100,0,1
2009.09.14,01:43:26,1899.8633113602707,1899.889527990288,1899.8125676691843,1899.829884880936,100,0,1
2009.09.15,01:43:26,1899.8302391839313,1899.881172355996,1899.7485621221672,1899.7927332466634,100,0,1
2009.09.16,01:43:26,1899.8272315937816,1899.906132758246,1899.7886352486776,1899.8829115408448,100,0,1
2009.09.17,01:43:26,1899.827670781911,1899.878306005849,1899.7356130134865,1899.8145171484518,100,0,1
2009.09.18,01:43:26,1899.8427754594431,1899.898266613312,1899.837953924,1899.8723201209264,100,0,1
2009.09.19,01:43:26,1899.7352868637502,1899.8244852123814,1899.666290519906,1899.8008780582686,100,0,1
2009.09.20,01:43:26,1899.7753951289326,1899.7984920707383,1899.7358213122257,1899.7591813431643,100,0,1
2009.09.21,01:43:26,1899.737640602429,1899.8163462010325,1899.694738847692,1899.8086324613819,100,0,1
2009.09.22,01:43:26,1899.7847409599833,1899.842537738879,1899.7098648198146,1899.8305900274374,100,0,1
2009.09.23,01:43:26,1899.819129825779,1899.8495158787819,1899.7570508646054,1899.8407953050557,100,0,1
2009.09.24,01:43:26,1899.7407969999401,1899.791338980192,1899.6782157960852,1899.7340755299335,100,0,1
2009.09.25,01:43:26,1899.6924891500057,1899.7583163913257,1899.6130646486295,1899.68186867828,100,0,1
2009.09.26,01:43:26,1899.7460544707185,1899.798074752577,1899.7069918730824,1899.7258193416044,100,0,1
2009.09.27,01:43:26,1899.7224711606516,1899.7378439292988,1899.6302131442865,1899.697534345642,100,0,1
2009.09.28,01:43:26,1899.7145958716944,1899.7763589750864,1899.6488135534084,1899.7604673431201,100,0,1
2009.09.29,01:43:26,1899.7355359300207,1899.7741937332983,1899.6705089939335,1899.6844386424618,100,0,1
2009.09.30,01:43:26,1899.742321034184,1899.7994031915814,1899.680472147594,1899.6957482841044,100,0,1
2009.10.01,01:43:26,1899.7442396468873,1899.7490975409169,1899.6398732129996,1899.7285774173479,100,0,1
2009.10.02,01:43:26,1899.7265954965308,1899.7580257369923,1899.7007244125275,1899.7213756861242,100,0,1
2009.10.03,01:43:26,1899.8081481004172,1899.8306863205412,1899.7813824953837,1899.8024775967554,100,0,1
2009.10.04,01:43:26,1899.8199301518364,1899.8815290140583,1899.7821583709272,1899.7906298731662,100,0,1
2009.10.05,01:43:26,1899.86559438644,1899.930670690579,1899.8021976913085,1899.8517997940787,100,0,1
2009.10.06,01:43:26,1899.9294077113666,1899.97271124541,1899.8628455731414,1899.9567334273847,100,0,1
2009.10.07,01:43:26,1899.9426998256654,1899.9828069341947,1899.9147455184223,1899.9471795292675,100,0,1
2009.10.08,01:43:26,1899.9319636719226,1899.9424685102645,1899.853427597446,1899.9285828459344,100,0,1
2009.10.09,01:43:26,1899.8635247388368,1899.8946347212832,1899.8220899596583,1899.8911976768488,100,0,1
2009.10.10,01:43:26,1899.9165316609804,1899.9593431111177,1899.864781377739,1899.9340296527203,100,0,1
2009.10.11,01:43:26,1899.8664326574412,1899.9244269216513,1899.7846890432354,1899.7894974437102,100,0,1
2009.10.12,01:43:26,1899.7872953470373,1899.813061084301,1899.7335332169419,1899.751388872934,100,0,1
2009.10.13,01:43:26,1899.83013546492,1899.8933056042306,1899.7865256601865,1899.8180505433904,100,0,1
2009.10.14,01:43:26,1899.8470319810453,1899.905773985594,1899.8026044639503,1899.82486720824,100,0,1
2009.10.15,01:43:26,1899.8462638906035,1899.9087625834832,1899.7918803808996,1899.8048815024529,100,0,1
2009.10.16,01:43:26,1900.0213653441722,1900.0852322056096,1900.0050403498165,1900.0662255863817,100,0,1
2009.10.17,01:43:26,1899.9824263109783,1900.0425538148957,1899.9315060741344,1899.9840016909695,100,0,1
2009.10.18,01:43:26,1900.007348382898,1900.0448141841478,1899.9237372120467,1899.9761442237352,100,0,1
2009.10.19,01:43:26,1899.9550432118624,1900.010223944062,1899.8999925521475,1899.9733169419233,100,0,1
2009.10.20,01:43:26,1900.0607896550068,1900.0891954164422,1899.9862998334515,1900.0829536139727,100,0,1
2009.10.21,01:43:26,1900.1064046412969,1900.1584790819802,1900.064183414855,1900.0749752954146,100,0,1
2009.10.22,01:43:26,1900.1335358822728,1900.2006839871608,1900.0819335610038,1900.1385800216829,100,0,1
2009.10.23,01:43:26,1900.2128313883604,1900.297264188563,1900.157157908062,1900.1635962660341,100,0,1
2009.10.24,01:43:26,1900.168621451351,1900.208069530461,1900.1195214214752,1900.1378639335464,100,0,1
2009.10.25,01:43:26,1900.1278880562816,1900.209407855852,1900.0571688048494,1900.1813544007293,100,0,1
2009.10.26,01:43:26,1900.0988360017418,1900.1564358525427,1900.0602606076413,1900.0911388567185,100,0,1
2009.10.27,01:43:26,1900.0829728324693,1900.1366582389358,1900.0389610102263,1900.1035054415256,100,0,1
2009.10.28,01:43:26,1900.0406393752721,1900.0569233758754,1900.0046617378578,1900.031316600356,100,0,1
2009.10.29,01:43:26,1899.9722159354246,1900.041317311031,1899.9379811241859,1900.0130449255398,100,0,1
2009.10.30,01:43:26,1900.0277793345758,1900.0856259151979,1899.9947167834875,1900.0115588964927,100,0,1
2009.10.31,01:43:26,1899.9438042012948,1900.0011994891101,1899.8808180595493,1899.9396280962333,100,0,1
2009.11.01,01:43:26,1899.9480773659534,1900.009436250926,1899.8831980010139,1899.927472240874,100,0,1
2009.11.02,01:43:26,1900.0220670824497,1900.0784115903064,1899.994621432152,1899.9971201509627,100,0,1
2009.11.03,01:43:26,1900.077336999549,1900.102684899304,1900.0080314513605,1900.0457799042003,100,0,1
2009.11.04,01:43:26,1900.119225615093,1900.1791371780687,1900.081151297027,1900.149848262602,100,0,1
2009.11.05,01:43:26,1900.0699510242393,1900.1293910955758,1900.02495316897,1900.1231254395316,100,0,1
2009.11.06,01:43:26,1900.0453666750948,1900.0740330222038,1899.9775180823365,1900.0377815315674,100,0,1
2009.11.07,01:43:26,1900.061989178958,1900.1027759539045,1900.0366624655653,1900.0585707892706,100,0,1
2009.11.08,01:43:26,1900.0445393421317,1900.1169363438585,1900.0016487311325,1900.0675957643532,100,0,1
2009.11.09,01:43:26,1900.0678724342001,1900.1405076496237,1900.0037490307077,1900.0204079314112,100,0,1
2009.11.10,01:43:26,1900.0364492635151,1900.0946390575925,1899.9987882708888,1900.0114934660915,100,0,1
2009.11.11,01:43:26,1900.0141645316346,1900.0663277928322,1899.964903070955,1900.0555436206316,100,0,1
2009.11.12,01:43:26,1900.0393363951014,1900.0998092998952,1899.9756777900077,1900.0863420708854,100,0,1
2009.11.13,01:43:26,1900.057452693039,1900.0924212097268,1900.0043157035882,1900.0552871940165,100,0,1
2009.11.14,01:43:26,1900.0494498678372,1900.0880692395765,1899.99570011901,1900.0507056961233,100,0,1
2009.11.15,01:43:26,1900.0011728381735,1900.0637241430634,1899.9867409774831,1900.0292767760416,100,0,1
2009.11.16,01:43:26,1900.0181117570337,1900.0732565900362,1899.9791937354034,1899.9854650838647,100,0,1
2009.11.17,01:43:26,1900.0828813661763,1900.1397870874953,1900.0633215824935,1900.0991977811602,100,0,1
2009.11.18,01:43:26,1900.1602561072277,1900.2554358893392,1900.1229378303647,1900.1919581470995,100,0,1
2009.11.19,01:43:26,1900.1783117182424,1900.2447138174327,1900.1305388728524,1900.224529063478,100,0,1
2009.11.20,01:43:26,1900.1562184227375,1900.2351340923271,1900.0887620437218,1900.1783040908429,100,0,1
2009.11.21,01:43:26,1900.183032400179,1900.2428623891155,1900.1497126559038,1900.234488527023,100,0,1
2009.11.22,01:43:26,1900.1993691918885,1900.277445608911,1900.1615617791779,1900.2559467541569,100,0,1
2009.11.23,01:43:26,1900.1806709546288,1900.244981549672,1900.1116530962304,1900.1452924086814,100,0,1
2009.11.24,01:43:26,1900.2693719307076,1900.3324875178525,1900.2381336101064,1900.2684863836505,100,0,1
2009.11.25,01:43:26,1900.265539931197,1900.344686047621,1900.1748574203064,1900.1833013741277,100,0,1
2009.11.26,01:43:26,1900.2565252713669,1900.2922702366277,1900.2004828345082,1900.2354531974609,100,0,1
2009.11.27,01:43:26,1900.1445719696846,1900.1619651499423,1900.1078365195706,1900.127733191677,100,0,1
2009.11.28,01:43:26,1900.1913359094701,1900.227976403539,1900.152046573353,1900.179066249398,100,0,1
2009.11.29,01:43:26,1900.136104803412,1900.1706154285787,1900.0662535036367,1900.0847484783276,100,0,1
2009.11.30,01:43:26,1900.109611646899,1900.1228884106952,1900.0868561769112,1900.1038555558664,100,0,1
2009.12.01,01:43:26,1900.1140559454575,1900.1601802176117,1900.070014236926,1900.082831674718,100,0,1
2009.12.02,01:43:26,1900.0854076960254,1900.116073936723,1900.0453033434558,1900.0515801659574,100,0,1
2009.12.03,01:43:26,1899.9910429589727,1900.0362801967765,1899.9419875190351,1900.0276354773848,100,0,1
2009.12.04,01:43:26,1899.9557943563045,1900.0189724488062,1899.9233257303117,1899.9757627624429,100,0,1
2009.12.05,01:43:26,1899.9839271876194,1900.0175392763672,1899.9179957166111,1900.0147457065018,100,0,1
2009.12.06,01:43:26,1900.0350047545696,1900.0654731414763,1899.97372583206,1900.0237304736636,100,0,1
2009.12.07,01:43:26,1900.0168535898176,1900.0577311353402,1899.9527617999233,1900.0424511881358,100,0,1
2009.12.08,01:43:26,1900.0825943025018,1900.0942883671098,1900.0358106436347,1900.091419469162,100,0,1
2009.12.09,01:43:26,1900.0365794987522,1900.0719963753884,1899.9741174045039,1899.988714027365,100,0,1
2009.12.10,01:43:26,1900.0783678287787,1900.125583915107,1900.008510220063,1900.0096475520684,100,0,1
2009.12.11,01:43:26,1900.151033162592,1900.1981743215329,1900.0628402801517,1900.141204688014,100,0,1
2009.12.12,01:43:26,1900.1473012818778,1900.202270760301,1900.126747999739,1900.1882401207479,100,0,1
2009.12.13,01:43:26,1900.2133965156113,1900.253685921987,1900.1726530500566,1900.227274004863,100,0,1
2009.12.14,01:43:26,1900.2264979091838,1900.2474497846813,1900.154044445707,1900.187384033159,100,0,1
2009.12.15,01:43:26,1900.2305848214296,1900.2691464026918,1900.1551110457087,1900.2645795499686,100,0,1
2009.12.16,01:43:26,1900.2126819020473,1900.2486860972297,1900.1556044531633,1900.2436550495313,100,0,1
2009.12.17,01:43:26,1900.2493948608476,1900.2974538131102,1900.1883164984324,1900.269523417123,100,0,1
2009.12.18,01:43:26,1900.3353544104734,1900.39442196075,1900.2475009241987,1900.2807221699147,100,0,1
2009.12.19,01:43:26,1900.4366155984035,1900.49624125557,1900.3934593606448,1900.4152781062623,100,0,1
2009.12.20,01:43:26,1900.442302694377,1900.506352872583,1900.404675950037,1900.4079100786155,100,0,1
2009.12.21,01:43:26,1900.4739964338426,1900.5012357750445,1900.4364126259893,1900.494472190413,100,0,1
2009.12.22,01:43:26,1900.4424324585825,1900.5015497246231,1900.3642096826293,1900.4336275721832,100,0,1
2009.12.23,01:43:26,1900.4668763091781,1900.5384600920547,1900.4275117446005,1900.4525773704493,100,0,1
2009.12.24,01:43:26,1900.4808264919761,1900.500676484315,1900.4147719843425,1900.4462949021183,100,0,1
2009.12.25,01:43:26,1900.4456468142466,1900.4715056082214,1900.4082706320416,1900.4463346622322,100,0,1
2009.12.26,01:43:26,1900.5003256794932,1900.5630464239607,1900.4330653494837,1900.5294166180736,100,0,1
2009.12.27,01:43:26,1900.461687216362,1900.468810706673,1900.367377801054,1900.3787009190403,100,0,1
2009.12.28,01:43:26,1900.5169396922877,1900.558580243517,1900.492623448054,1900.5440484347134,100,0,1
2009.12.29,01:43:26,1900.47092408061,1900.5182766866449,1900.399267800535,1900.4939490375991,100,0,1
2009.12.30,01:43:26,1900.472928845396,1900.5375923168326,1900.4163334860455,1900.4555664553918,100,0,1
2009.12.31,01:43:26,1900.4339179055723,1900.4718483157242,1900.4251807066898,1900.4349423295446,100,0,1
2010.01.01,01:43:26,1900.3860656581994,1900.4423031366669,1900.3142440357005,1900.436359225343,100,0,1
2010.01.02,01:43:26,1900.3831280514466,1900.4309514161873,1900.3353093783662,1900.3673360235384,100,0,1
2010.01.03,01:43:26,1900.29567551554,1900.3358345818576,1900.2473041194673,1900.2923195821957,100,0,1
2010.01.04,01:43:26,1900.3669577656376,1900.435849612506,1900.3095394831926,1900.366209840302,100,0,1
2010.01.05,01:43:26,1900.3386270085402,1900.3944645625202,1900.2587242435277,1900.3175851301098,100,0,1
2010.01.06,01:43:26,1900.3330449147115,1900.39144249508,1900.2877067980896,1900.389803336922,100,0,1
2010.01.07,01:43:26,1900.4488641808596,1900.49442535969,1900.426257070547,1900.4733545411261,100,0,1
2010.01.08,01:43:26,1900.4016106854226,1900.4552984397715,1900.3709780214006,1900.419057902333,100,0,1
2010.01.09,01:43:26,1900.4298814188987,1900.4936736956172,1900.4033449585606,1900.4662472664068,100,0,1
2010.01.10,01:43:26,1900.3586969747557,1900.4196864618496,1900.3266785707408,1900.4057959395052,100,0,1
2010.01.11,01:43:26,1900.3513392582975,1900.398237379398,1900.3249256142358,1900.362094217356,100,0,1
2010.01.12,01:43:26,1900.3385347463507,1900.3917961106524,1900.2941492196755,1900.3041971423518,100,0,1
2010.01.13,01:43:26,1900.40299086422,1900.4644341266098,1900.3422400720663,1900.3490895849823,100,0,1
2010.01.14,01:43:26,1900.4619506396587,1900.5100634719095,1900.4252857718996,1900.4623734210613,100,0,1
2010.01.15,01:43:26,1900.4484515474405,1900.5085273448644,1900.3890975059612,1900.4702435278327,100,0,1
2010.01.16,01:43:26,1900.4213810724116,1900.50373548512,1900.3892063060675,1900.4381219031975,100,0,1
2010.01.17,01:43:26,1900.4021640322596,1900.4445886941587,1900.3788701911908,1900.427910562625,100,0,1
2010.01.18,01:43:26,1900.3736196779205,1900.4029682852063,1900.3461122252425,1900.3933581452338,100,0,1
2010.01.19,01:43:26,1900.3388364074742,1900.3762245246064,1900.288362784209,1900.3212112969907,100,0,1
2010.01.20,01:43:26,1900.2989270312944,1900.342463655366,1900.2133805371893,1900.3035577776725,100,0,1
2010.01.21,01:43:26,1900.2733309239316,1900.3377955936842,1900.2339826655734,1900.2896636620512,100,0,1
2010.01.22,01:43:26,1900.312921097651,1900.3492092143272,1900.2584834803679,1900.3265598775263,100,0,1
2010.01.23,01:43:26,1900.3485128324126,1900.3984541754428,1900.3350332036234,1900.3578316085025,100,0,1
2010.01.24,01:43:26,1900.3895686204714,1900.4538922081986,1900.3323116445713,1900.3471329745635,100,0,1
2010.01.25,01:43:26,1900.3414440542508,1900.3904681141676,1900.2766885056183,1900.3519089579354,100,0,1
2010.01.26,01:43:26,1900.279574861472,1900.3118087791006,1900.2426757740718,1900.2450552161536,100,0,1
2010.01.27,01:43:26,1900.2610239433625,1900.357088601697,1900.1805096456108,1900.187679994444,100,0,1
2010.01.28,01:43:26,1900.247544615676,1900.2645861832407,1900.2084706058224,1900.2148731013758,100,0,1
2010.01.29,01:43:26,1900.3208220945467,1900.344040693536,1900.3090272677643,1900.3223640436872,100,0,1
2010.01.30,01:43:26,1900.2356143062625,1900.2950198684853,1900.1695144838516,1900.2265765488075,100,0,1
2010.01.31,01:43:26,1900.222036860072,1900.281076512779,1900.1703342399294,1900.177080427692,100,0,1
2010.02.01,01:43:26,1900.289523859558,1900.3250193146857,1900.2252615881127,1900.3240288080683,100,0,1
2010.02.02,01:43:26,1900.347621462422,1900.4108784040857,1900.326747375397,1900.390208969861,100,0,1
2010.02.03,01:43:26,1900.3511973141647,1900.4193342043088,1900.287221350458,1900.3596075210605,100,0,1
2010.02.04,01:43:26,1900.4257470656385,1900.4919044431476,1900.339167749431,1900.3458651996652,100,0,1
2010.02.05,01:43:26,1900.426873507495,1900.4617835457848,1900.3726057245185,1900.4269114966637,100,0,1
2010.02.06,01:43:26,1900.445516461351,1900.4682501636635,1900.4398047597474,1900.451802100062,100,0,1
2010.02.07,01:43:26,1900.4441145260391,1900.4696427931221,1900.3749849505016,1900.3983631434826,100,0,1
2010.02.08,01:43:26,1900.415914140867,1900.4488767062905,1900.3927848247315,1900.4456483247757,100,0,1
2010.02.09,01:43:26,1900.3598756982233,1900.4189337991486,1900.2780151571849,1900.3193846016081,100,0,1
2010.02.10,01:43:26,1900.4817344608234,1900.5251849386743,1900.4066876207419,1900.4377179311218,100,0,1
2010.02.11,01:43:26,1900.4004604003824,1900.4610418802347,1900.362493492971,1900.406675915196,100,0,1
2010.02.12,01:43:26,1900.4143519410093,1900.4898977020205,1900.3364493629363,1900.4316427322856,100,0,1
2010.02.13,01:43:26,1900.3934673751246,1900.4448391822089,1900.3486973296888,1900.3723887031072,100,0,1
2010.02.14,01:43:26,1900.3367346282791,1900.4361315076476,1900.280374692901,1900.4101715823124,100,0,1
2010.02.15,01:43:26,1900.3556008353667,1900.3867018197168,1900.2848210204197,1900.380292581933,100,0,1
2010.02.16,01:43:26,1900.2577381039846,1900.324707265841,1900.246055199347,1900.3139270519139,100,0,1
2010.02.17,01:43:26,1900.2114601153512,1900.261137131828,1900.1750713569236,1900.232466342783,100,0,1
2010.02.18,01:43:26,1900.1550050043002,1900.2166769088487,1900.111837163413,1900.2141388675857,100,0,1
2010.02.19,01:43:26,1900.2292686401693,1900.259951746729,1900.1922333434318,1900.2117516060002,100,0,1
2010.02.20,01:43:26,1900.2341243656954,1900.2512430166994,1900.18945007801,1900.2058658805952,100,0,1
2010.02.21,01:43:26,1900.2937034084816,1900.3279864345745,1900.2133708654742,1900.2734015173082,100,0,1
2010.02.22,01:43:26,1900.2300427843347,1900.2753934417185,1900.1881126043045,1900.2214629745274,100,0,1
2010.02.23,01:43:26,1900.1864774627024,1900.2328798186825,1900.1467141897178,1900.2117332230432,100,0,1
2010.02.24,01:43:26,1900.171975332708,1900.2279543065256,1900.130105022109,1900.2150383257929,100,0,1
2010.02.25,01:43:26,1900.1792844065392,1900.233991550901,1900.1490597986353,1900.1709677272215,100,0,1
2010.02.26,01:43:26,1900.0838252321473,1900.1385372004904,1900.0001100410448,1900.0143879223533,100,0,1
2010.02.27,01:43:26,1900.1070972993366,1900.1177817840685,1900.0603154140802,1900.106853469171,100,0,1
2010.02.28,01:43:26,1900.2058871347535,1900.2499889037026,1900.1102371148856,1900.2460921337192,100,0,1
2010.03.01,01:43:26,1900.1541611100695,1900.1934690135352,1900.1210433064234,1900.1534137772653,100,0,1
2010.03.02,01:43:26,1900.1847124419644,1900.2185868749295,1900.1482227063707,1900.1962542833737,100,0,1
2010.03.03,01:43:26,1900.195325968556,1900.2162474914423,1900.1216186956094,1900.2146942921504,100,0,1
2010.03.04,01:43:26,1900.1535828438386,1900.208684829106,1900.0994128550385,1900.1313272112852,100,0,1
2010.03.05,01:43:26,1900.2084186654765,1900.260388929306,1900.1110079323196,1900.1874020209223,100,0,1
2010.03.06,01:43:26,1900.2227336661647,1900.2676115868403,1900.1612771853443,1900.1852426233352,100,0,1
2010.03.07,01:43:26,1900.281411122921,1900.3289183742197,1900.2262461995113,1900.3144719414918,100,0,1
2010.03.08,01:43:26,1900.2190468220135,1900.2694377487508,1900.165355123276,1900.1918115783956,100,0,1
2010.03.09,01:43:26,1900.3299043812203,1900.3906582590128,1900.2554669586373,1900.3364869861803,100,0,1
2010.03.10,01:43:26,1900.3257998535742,1900.3960613982529,1900.2773988052622,1900.2901229330078,100,0,1
2010.03.11,01:43:26,1900.4249592126118,1900.4969804147895,1900.3932790180197,1900.441398096356,100,0,1
2010.03.12,01:43:26,1900.3539955949973,1900.356523004492,1900.301705787795,1900.33453953601,100,0,1
2010.03.13,01:43:26,1900.3699701081318,1900.4291446103143,1900.2878727586167,1900.4010783995886,100,0,1
2010.03.14,01:43:26,1900.386944207703,1900.4212042773959,1900.3547448979793,1900.4123359430384,100,0,1
2010.03.15,01:43:26,1900.45351179864,1900.5304127191873,1900.424808805644,1900.492748887943,100,0,1
2010.03.16,01:43:26,1900.4859535935616,1900.573964583049,1900.4549047226278,1900.5492174710682,100,0,1
2010.03.17,01:43:26,1900.4168601846677,1900.4620879679505,1900.3782272088872,1900.4586472648791,100,0,1
2010.03.18,01:43:26,1900.3892794260187,1900.426277587456,1900.3438297285709,1900.4228589766321,100,0,1
2010.03.19,01:43:26,1900.4650905839776,1900.5142642946807,1900.419159681666,1900.5088486298578,100,0,1
2010.03.20,01:43:26,1900.4981735380074,1900.538088084476,1900.4849335469598,1900.5182764989863,100,0,1
2010.03.21,01:43:26,1900.4950659275455,1900.5578382139877,1900.4488880699878,1900.4537305034446,100,0,1
2010.03.22,01:43:26,1900.5284982720211,1900.5716449644551,1900.4550226425292,1900.5705455764576,100,0,1
2010.03.23,01:43:26,1900.5926142735098,1900.66234947958,1900.5389536839532,1900.5760881763213,100,0,1
2010.03.24,01:43:26,1900.5716501602385,1900.639030198169,1900.5048419513478,1900.5180422936362,100,0,1
2010.03.25,01:43:26,1900.4562382813888,1900.5001683386631,1900.3947439685544,1900.425341786104,100,0,1
2010.03.26,01:43:26,1900.4684637279238,1900.538883567747,1900.4145844584982,1900.43120899066,100,0,1
2010.03.27,01:43:26,1900.5971288180174,1900.6325453004301,1900.5349682559897,1900.5983649540458,100,0,1
2010.03.28,01:43:26,1900.5590828795757,1900.6212075951191,1900.5491715021196,1900.564337523441,100,0,1
2010.03.29,01:43:26,1900.6315633493934,1900.6662849947104,1900.5724516391415,1900.5795263653247,100,0,1
2010.03.30,01:43:26,1900.5488172384269,1900.6115758035617,1900.4912724388976,1900.5374999460878,100,0,1
2010.03.31,01:43:26,1900.6071502178029,1900.6652697673435,1900.5747952471895,1900.5783037691929,100,0,1
2010.04.01,01:43:26,1900.7164633658244,1900.740491429873,1900.6771746361082,1900.7039932324356,100,0,1
2010.04.02,01:43:26,1900.7322306908447,1900.7979321901146,1900.6909761596805,1900.7641791851152,100,0,1
2010.04.03,01:43:26,1900.7281359781891,1900.7912476142828,1900.6852934169146,1900.7727498531694,100,0,1
2010.04.04,01:43:26,1900.6965458038421,1900.7508561148966,1900.681225489703,1900.7006634514064,100,0,1
2010.04.05,01:43:26,1900.6514212991067,1900.7110832354483,1900.6026508954453,1900.6220374712514,100,0,1
2010.04.06,01:43:26,1900.5870499401299,1900.6412737877959,1900.4820640578216,1900.5463812277126,100,0,1
2010.04.07,01:43:26,1900.5998667826236,1900.6466396326723,1900.5752214257445,1900.6336887732305,100,0,1
2010.04.08,01:43:26,1900.62826079905,1900.6744169052986,1900.5756332912235,1900.6135799917724,100,0,1
2010.04.09,01:43:26,1900.6680325820262,1900.705143808493,1900.6161900196787,1900.6278458352556,100,0,1
2010.04.10,01:43:26,1900.5879072432126,1900.6507273522166,1900.5169422936276,1900.6214765899422,100,0,1
2010.04.11,01:43:26,1900.5718678609503,1900.6703477127119,1900.5480575731654,1900.5722053711386,100,0,1
2010.04.12,01:43:26,1900.5352288836361,1900.5972274364717,1900.4825075382253,1900.5032681123905,100,0,1
2010.04.13,01:43:26,1900.5355477287276,1900.589907080252,1900.4830827153435,1900.5450320956018,100,0,1
2010.04.14,01:43:26,1900.5825376816886,1900.663767282344,1900.5254685666457,1900.6416143641836,100,0,1
2010.04.15,01:43:26,1900.6347857500668,1900.6966701240199,1900.6150592094725,1900.686185699774,100,0,1
2010.04.16,01:43:26,1900.675460575913,1900.7074241068758,1900.6430913412762,1900.649714109843,100,0,1
2010.04.17,01:43:26,1900.6482273922832,1900.6693260861996,1900.5954558241294,1900.6399115353408,100,0,1
2010.04.18,01:43:26,1900.6495895661067,1900.6919023206235,1900.571703224964,1900.6382654401418,100,0,1
2010.04.19,01:43:26,1900.6618854395924,1900.721039477076,1900.59975753802,1900.631862133381,100,0,1
2010.04.20,01:43:26,1900.7520548649832,1900.793161449095,1900.6996033992662,1900.7773688326333,100,0,1
2010.04.21,01:43:26,1900.8068675448135,1900.8912834104601,1900.7044415827284,1900.7244830460324,100,0,1
2010.04.22,01:43:26,1900.8636591346426,1900.9315401948907,1900.816391771369,1900.834558912952,100,0,1
2010.04.23,01:43:26,1900.9084382054475,1900.9640673237898,1900.838306934588,1900.955613451167,100,0,1
2010.04.24,01:43:26,1900.9562795025424,1901.0056104995926,1900.8957773218292,1900.942748413366,100,0,1
2010.04.25,01:43:26,1900.9190862249234,1900.943461993381,1900.8826201117747,1900.9184923656205,100,0,1
2010.04.26,01:43:26,1900.914703202338,1900.9789979626232,1900.8445591203044,1900.8549712007143,100,0,1
2010.04.27,01:43:26,1900.9668661285127,1900.9894592252654,1900.9509869458864,1900.9872763712906,100,0,1
2010.04.28,01:43:26,1901.0455529967794,1901.0715604702536,1900.9569276283455,1901.0537333661505,100,0,1
2010.04.29,01:43:26,1901.025405270968,1901.111989700905,1900.9268858058128,1901.0829694501954,100,0,1
2010.04.30,01:43:26,1901.0753173523888,1901.0878419072087,1901.0317113162744,1901.0851940361986,100,0,1
2010.05.01,01:43:26,1901.0713690935543,1901.12322672054,1901.044792794877,1901.0594670198388,100,0,1
2010.05.02,01:43:26,1901.0865475638948,1901.1581064484797,1901.031004439688,1901.0992951418316,100,0,1
2010.05.03,01:43:26,1901.1518133948748,1901.1720198324674,1901.1112526341915,1901.1397829644081,100,0,1
2010.05.04,01:43:26,1901.1900010753664,1901.2534353201786,1901.1475013091115,1901.1544771496267,100,0,1
2010.05.05,01:43:26,1901.2042018724774,1901.25454336505,1901.1901495355755,1901.2393428936564,100,0,1
2010.05.06,01:43:26,1901.2822604719956,1901.3259899346172,1901.2244416325266,1901.2313695795892,100,0,1
2010.05.07,01:43:26,1901.2925415161612,1901.315096505917,1901.2681402422725,1901.2827118091475,100,0,1
2010.05.08,01:43:26,1901.2943718259592,1901.318797073726,1901.218714513165,1901.2603900236409,100,0,1
2010.05.09,01:43:26,1901.4381492105053,1901.507191757591,1901.4045698213135,1901.4276082815986,100,0,1
2010.05.10,01:43:26,1901.4770194848986,1901.5333211367836,1901.4336629531062,1901.4711147659725,100,0,1
2010.05.11,01:43:26,1901.498115310221,1901.5320259640682,1901.4396854204235,1901.4626127286012,100,0,1
2010.05.12,01:43:26,1901.4759698290693,1901.4916294534898,1901.454608309468,1901.4732398939802,100,0,1
2010.05.13,01:43:26,1901.4000003615845,1901.4634386530345,1901.3648059400082,1901.448975807481,100,0,1
2010.05.14,01:43:26,1901.4492019599675,1901.5442788689472,1901.3940402427384,1901.3963395003518,100,0,1
2010.05.15,01:43:26,1901.3653768947688,1901.4212842616557,1901.290094787889,1901.38536415106,100,0,1
2010.05.16,01:43:26,1901.3594649023769,1901.360752493679,1901.3144842977506,1901.3399078294274,100,0,1
2010.05.17,01:43:26,1901.3516877433835,1901.4086143676457,1901.3100684054282,1901.3540187203298,100,0,1
2010.05.18,01:43:26,1901.3640588531482,1901.4248143587808,1901.314822302099,1901.3290623278017,100,0,1
2010.05.19,01:43:26,1901.3300280866722,1901.3660017484972,1901.277983191085,1901.280370871826,100,0,1
2010.05.20,01:43:26,1901.2661052310266,1901.3204959270565,1901.1975727937622,1901.3111921056127,100,0,1
2010.05.21,01:43:26,1901.2358232180754,1901.3048081369666,1901.191966924073,1901.213009226901,100,0,1
2010.05.22,01:43:26,1901.1969528239383,1901.228367755954,1901.1427511628633,1901.189711821208,100,0,1
2010.05.23,01:43:26,1901.1901053063864,1901.236727327253,1901.1291999213347,1901.1666786235485,100,0,1
2010.05.24,01:43:26,1901.0959959761549,1901.128429989268,1901.0409297647748,1901.0564275458487,100,0,1
2010.05.25,01:43:26,1901.1084054469657,1901.1465183295572,1901.080358737488,1901.0985673454763,100,0,1
2010.05.26,01:43:26,1901.1012911452804,1901.1900630123826,1901.0158108171224,1901.092617408369,100,0,1
2010.05.27,01:43:26,1901.1641306657677,1901.199802401829,1901.1314223183356,1901.165453585973,100,0,1
2010.05.28,01:43:26,1901.0996284084658,1901.15514190322,1901.0526046577706,1901.1501635810155,100,0,1
2010.05.29,01:43:26,1901.1294106200485,1901.2016917582237,1901.0690808177637,1901.1942798206026,100,0,1
2010.05.30,01:43:26,1901.1231829781732,1901.1525152434401,1901.0494433628458,1901.1449948034765,100,0,1
2010.05.31,01:43:26,1901.1509615465166,1901.1573885573796,1901.0861039858946,1901.1418465905829,100,0,1
2010.06.01,01:43:26,1901.162866223168,1901.250203350399,1901.1257410575051,1901.180297038262,100,0,1
2010.06.02,01:43:26,1901.1293178836024,1901.2255071811808,1901.0739324191109,1901.1324522691605,100,0,1
2010.06.03,01:43:26,1901.175816446244,1901.1995158226732,1901.1091123484036,1901.1348341127477,100,0,1
2010.06.04,01:43:26,1901.2031488068567,1901.2510428622822,1901.168610577779,1901.1915169091296,100,0,1
2010.06.05,01:43:26,1901.1325779979147,1901.1676772347528,1901.0993282267582,1901.1037033057137,100,0,1
2010.06.06,01:43:26,1901.2345981500025,1901.2457361915629,1901.1626397233736,1901.215562766272,100,0,1
2010.06.07,01:43:26,1901.2830560355826,1901.3764942734601,1901.2320768499142,1901.2928315264896,100,0,1
2010.06.08,01:43:26,1901.340717531771,1901.4213972557513,1901.3025351412948,1901.3356676964418,100,0,1
2010.06.09,01:43:26,1901.3134679532584,1901.3640894260247,1901.2872195590166,1901.2920843903305,100,0,1
2010.06.10,01:43:26,1901.2719009670063,1901.3376901436388,1901.2312853525127,1901.3123501727014,100,0,1
2010.06.11,01:43:26,1901.240220827428,1901.3015632332367,1901.182410214628,1901.2103836210965,100,0,1
2010.06.12,01:43:26,1901.106633444395,1901.1724927944306,1901.074987558781,1901.0762945131146,100,0,1
2010.06.13,01:43:26,1901.0682541780486,1901.125860457026,1901.0310996630635,1901.1163515514606,100,0,1
2010.06.14,01:43:26,1901.143107003806,1901.1784504434843,1901.0867469479329,1901.1594044141364,100,0,1
2010.06.15,01:43:26,1901.1046856646426,1901.1632807318972,1901.0380693500879,1901.0747131753146,100,0,1
2010.06.16,01:43:26,1901.1630900494338,1901.2087450841884,1901.0975489548673,1901.1485569729869,100,0,1
2010.06.17,01:43:26,1901.2149413899508,1901.2916092596197,1901.182291839935,1901.2129757267733,100,0,1
2010.06.18,01:43:26,1901.3062422839316,1901.3623502158125,1901.2553326047976,1901.3531831571008,100,0,1
2010.06.19,01:43:26,1901.2855298343507,1901.321713429352,1901.2638095626758,1901.302096021702,100,0,1
2010.06.20,01:43:26,1901.228497814606,1901.2464432443849,1901.1503083913685,1901.1785800207874,100,0,1
2010.06.21,01:43:26,1901.146012683804,1901.1979122914784,1901.0965841416037,1901.1782502524268,100,0,1
2010.06.22,01:43:26,1901.1557781393053,1901.2137866592445,1901.1254184018376,1901.170830028836,100,0,1
2010.06.23,01:43:26,1901.0995987005479,1901.1490534221834,1901.0653452703998,1901.0816301745585,100,0,1
2010.06.24,01:43:26,1901.1118877126378,1901.1977454101116,1901.0535687956844,1901.1423996812925,100,0,1
2010.06.25,01:43:26,1901.1080614401862,1901.1547246488833,1901.0811026686697,1901.1430311148536,100,0,1
2010.06.26,01:43:26,1901.1388305927485,1901.2196576149,1901.086076704622,1901.1430276157676,100,0,1
2010.06.27,01:43:26,1901.2213075739996,1901.2452565674178,1901.1478504448153,1901.2122010105252,100,0,1
2010.06.28,01:43:26,1901.2143412585601,1901.237359406739,1901.15313324365,1901.1968997196104,100,0,1
2010.06.29,01:43:26,1901.2080797784463,1901.257749317791,1901.1770232484223,1901.2233621831167,100,0,1
2010.06.30,01:43:26,1901.2268528723134,1901.2979413703054,1901.177632586579,1901.2335692020945,100,0,1
2010.07.01,01:43:26,1901.2503317266096,1901.2907666544443,1901.1869853516123,1901.1942102334147,100,0,1
2010.07.02,01:43:26,1901.3100684185943,1901.3217248370763,1901.27895850433,1901.2866261061135,100,0,1
2010.07.03,01:43:26,1901.228524457059,1901.276636372078,1901.1513797345247,1901.1805160036818,100,0,1
2010.07.04,01:43:26,1901.1758546795982,1901.2308523544846,1901.1456557167717,1901.2285801030127,100,0,1
2010.07.05,01:43:26,1901.1824964403374,1901.2212442010532,1901.1361496970153,1901.1556133985082,100,0,1
2010.07.06,01:43:26,1901.1916749732206,1901.2257825503123,1901.1321914350492,1901.162846292469,100,0,1
2010.07.07,01:43:26,1901.128893568359,1901.1673915729484,1901.0645276131916,1901.1597539138556,100,0,1
2010.07.08,01:43:26,1901.1177126695761,1901.1955855273175,1901.0791379020611,1901.1521540137107,100,0,1
2010.07.09,01:43:26,1901.10783749534,1901.1961454878392,1901.0505711023297,1901.0747534652778,100,0,1
2010.07.10,01:43:26,1901.1310252084797,1901.20759040287,1901.0778006123073,1901.113117145143,100,0,1
2010.07.11,01:43:26,1901.081660284789,1901.1331234175009,1901.0585868449984,1901.0825754703374,100,0,1
2010.07.12,01:43:26,1901.0876206274813,1901.1452964391488,1900.9959647119517,1901.0624064171566,100,0,1
2010.07.13,01:43:26,1901.1567981100263,1901.2225079827222,1901.1324676368035,1901.2218504072716,100,0,1
2010.07.14,01:43:26,1901.0661617538221,1901.106108216697,1900.9987364851575,1901.0887913367983,100,0,1
2010.07.15,01:43:26,1901.131855814044,1901.1441308054136,1901.099646371177,1901.1196608981654,100,0,1
2010.07.16,01:43:26,1901.1632042717538,1901.1996295835086,1901.1316725461277,1901.1992635016893,100,0,1
2010.07.17,01:43:26,1901.1985777086045,1901.2627426147956,1901.1409102491532,1901.2377178618324,100,0,1
2010.07.18,01:43:26,1901.319362495886,1901.3994080022933,1901.270977077325,1901.283723448922,100,0,1
2010.07.19,01:43:26,1901.4034010774208,1901.4209742451949,1901.373631426569,1901.3755026916253,100,0,1
2010.07.20,01:43:26,1901.4005566900073,1901.4158119097106,1901.3318107154007,1901.363550992663,100,0,1
2010.07.21,01:43:26,1901.356049216095,1901.4441388534212,1901.3297967178573,1901.4033077592117,100,0,1
2010.07.22,01:43:26,1901.3985817015214,1901.4490107082097,1901.3746878774573,1901.4165298400774,100,0,1
2010.07.23,01:43:26,1901.4212333141104,1901.4803080107638,1901.40284040432,1901.4406107568218,100,0,1
2010.07.24,01:43:26,1901.3731255108949,1901.4028745458784,1901.3137638444393,1901.3362825098745,100,0,1
2010.07.25,01:43:26,1901.4150194550373,1901.474205521096,1901.3999606735915,1901.4662891897858,100,0,1
2010.07.26,01:43:26,1901.422940992575,1901.4462432805155,1901.395381362303,1901.4155335652215,100,0,1
2010.07.27,01:43:26,1901.3929494733552,1901.420112494736,1901.3403963590722,1901.4104178333482,100,0,1
2010.07.28,01:43:26,1901.4352676443457,1901.4998639271087,1901.3881462540146,1901.471176581657,100,0,1
2010.07.29,01:43:26,1901.4330754506216,1901.510950532512,1901.4121035840897,1901.4876369555357,100,0,1
2010.07.30,01:43:26,1901.4805922704747,1901.5750066843996,1901.4622425101652,1901.4809309631999,100,0,1
2010.07.31,01:43:26,1901.4815093559635,1901.514204729276,1901.3973037950175,1901.4399391474014,100,0,1
2010.08.01,01:43:26,1901.4788597908139,1901.546122909174,1901.4392957044329,1901.5216865952589,100,0,1
2010.08.02,01:43:26,1901.4349268491064,1901.4800417836643,1901.3740997145094,1901.4071794143115,100,0,1
2010.08.03,01:43:26,1901.4152184522231,1901.4621921015023,1901.3450904957917,1901.4038320463571,100,0,1
2010.08.04,01:43:26,1901.445379130646,1901.5327016548422,1901.400772005609,1901.4554507010525,100,0,1
2010.08.05,01:43:26,1901.4303495357335,1901.4749721005699,1901.403794347116,1901.4341452115377,100,0,1
2010.08.06,01:43:26,1901.4007971130436,1901.4669579588206,1901.378281494632,1901.4337124380534,100,0,1
2010.08.07,01:43:26,1901.4398505322706,1901.4855613886086,1901.382633263219,1901.4065292760088,100,0,1
2010.08.08,01:43:26,1901.489441348184,1901.565950401476,1901.4608863638684,1901.5203201718587,100,0,1
2010.08.09,01:43:26,1901.430512987493,1901.4670763579413,1901.3931327962214,1901.4444171082887,100,0,1
2010.08.10,01:43:26,1901.3755274842924,1901.4478010678915,1901.287283928934,1901.3000122119051,100,0,1
2010.08.11,01:43:26,1901.396414473707,1901.4345646686545,1901.351656748725,1901.3856075803908,100,0,1
2010.08.12,01:43:26,1901.385821601543,1901.455413195388,1901.3626290693492,1901.4018437899615,100,0,1
2010.08.13,01:43:26,1901.345050813082,1901.3679611540763,1901.3019151003346,1901.3623265190604,100,0,1
2010.08.14,01:43:26,1901.379488592081,1901.4132757735656,1901.316719318533,1901.325871050471,100,0,1
2010.08.15,01:43:26,1901.3595510210034,1901.4088806263044,1901.3343080490968,1901.3435517169155,100,0,1
2010.08.16,01:43:26,1901.364921646077,1901.366360144613,1901.317341649947,1901.351229059348,100,0,1
2010.08.17,01:43:26,1901.3470657600153,1901.4046476563494,1901.3050013705692,1901.3126375201755,100,0,1
2010.08.18,01:43:26,1901.3653380950227,1901.4237349744405,1901.3022000421129,1901.3137850334574,100,0,1
2010.08.19,01:43:26,1901.2752904012673,1901.3421362059007,1901.2522513051983,1901.264935308386,100,0,1
2010.08.20,01:43:26,1901.2156910567362,1901.2717153656913,1901.1829217138331,1901.26694480372,100,0,1
2010.08.21,01:43:26,1901.1077609034585,1901.1626174202618,1901.0861424161494,1901.1610511760668,100,0,1
2010.08.22,01:43:26,1901.134771968701,1901.1524475124645,1901.0568001326367,1901.1041311660713,100,0,1
2010.08.23,01:43:26,1901.18118958262,1901.2265713273564,1901.1561297364635,1901.2252120764522,100,0,1
2010.08.24,01:43:26,1901.200054018694,1901.2566994812387,1901.1807019552125,1901.1980660472457,100,0,1
2010.08.25,01:43:26,1901.1736814057638,1901.2165187250987,1901.1279946801915,1901.1627216658324,100,0,1
2010.08.26,01:43:26,1901.150787500407,1901.163173799386,1901.1309677553209,1901.1556106553423,100,0,1
2010.08.27,01:43:26,1901.126773694269,1901.2086309596998,1901.117364144371,1901.1517331082778,100,0,1
2010.08.28,01:43:26,1901.078740332287,1901.110329248271,1901.0468041837141,1901.084081365233,100,0,1
2010.08.29,01:43:26,1901.1603888160355,1901.2213521681447,1901.1138376280403,1901.1596206181027,100,0,1
2010.08.30,01:43:26,1901.0680633292743,1901.0901442018644,1900.998495825414,1901.0296528199876,100,0,1
2010.08.31,01:43:26,1901.0686321353414,1901.0758052358476,1901.0356675956582,1901.0525530638672,100,0,1
2010.09.01,01:43:26,1901.1787707401124,1901.2200242470487,1901.1273753524908,1901.1530396887551,100,0,1
2010.09.02,01:43:26,1901.1473185736654,1901.2128922330662,1901.1199964430396,1901.1343256692776,100,0,1
2010.09.03,01:43:26,1901.1677870898593,1901.2498372417133,1901.1133577667615,1901.131333350723,100,0,1
2010.09.04,01:43:26,1901.1527953865984,1901.225991931837,1901.1109660617685,1901.1428814090405,100,0,1
2010.09.05,01:43:26,1901.1200486400003,1901.162674962163,1901.0556993439352,1901.1623760749796,100,0,1
2010.09.06,01:43:26,1901.1669126798315,1901.2018160061655,1901.1205598854635,1901.1656414064114,100,0,1
2010.09.07,01:43:26,1901.2207782920013,1901.2701755051191,1901.1948405480173,1901.207935889411,100,0,1
2010.09.08,01:43:26,1901.3059632781649,1901.3501323302908,1901.272324225376,1901.3205750631973,100,0,1
2010.09.09,01:43:26,1901.352564056401,1901.421362607367,1901.3110363033734,1901.3738199659667,100,0,1
2010.09.10,01:43:26,1901.38527663072,1901.4459584242031,1901.3103741702346,1901.3581151309363,100,0,1
2010.09.11,01:43:26,1901.3727744863113,1901.4053398147396,1901.3195282280387,1901.325740194592,100,0,1
2010.09.12,01:43:26,1901.3846927490997,1901.4459678916598,1901.3023509136883,1901.350888659376,100,0,1
2010.09.13,01:43:26,1901.344940874873,1901.4159618875967,1901.299052021338,1901.3563005585518,100,0,1
2010.09.14,01:43:26,1901.3688374688566,1901.4262630527735,1901.293873058327,1901.4051263657996,100,0,1
2010.09.15,01:43:26,1901.392470030877,1901.4517874226983,1901.3428396376962,1901.3542285652716,100,0,1
2010.09.16,01:43:26,1901.2667635934106,1901.304239875995,1901.2435589175848,1901.2941067640463,100,0,1
2010.09.17,01:43:26,1901.3001463324251,1901.3604457965325,1901.2461438929636,1901.299445090802,100,0,1
2010.09.18,01:43:26,1901.2456203143709,1901.3161168845677,1901.2416519906885,1901.2888988110617,100,0,1
2010.09.19,01:43:26,1901.3349286793475,1901.3775698238733,1901.3259101121087,1901.354781560887,100,0,1
2010.09.20,01:43:26,1901.3240642326625,1901.3523801479937,1901.2560880282806,1901.260678043482,100,0,1
2010.09.21,01:43:26,1901.3974742212868,1901.4249607543716,1901.362015897567,1901.3696730722427,100,0,1
2010.09.22,01:43:26,1901.4033388693433,1901.4539546120222,1901.3090856882814,1901.4058953332794,100,0,1
2010.09.23,01:43:26,1901.412066006447,1901.461184433893,1901.3929217695445,1901.451738514185,100,0,1
2010.09.24,01:43:26,1901.4356903902378,1901.4907523616478,1901.371269024892,1901.3999176574496,100,0,1
2010.09.25,01:43:26,1901.4059309282998,1901.4495296948219,1901.357390246384,1901.4260089703794,100,0,1
2010.09.26,01:43:26,1901.3101317496482,1901.3367774285198,1901.251977865931,1901.2642849001973,100,0,1
2010.09.27,01:43:26,1901.3124697678277,1901.3547550051837,1901.2739135323004,1901.293575619534,100,0,1
2010.09.28,01:43:26,1901.3463234187734,1901.3941521870554,1901.3131785477826,1901.3213738988445,100,0,1
2010.09.29,01:43:26,1901.3153735710503,1901.3837348524385,1901.262283411315,1901.3115770810887,100,0,1
2010.09.30,01:43:26,1901.3261250230514,1901.3826504184362,1901.2493134332233,1901.3041704489428,100,0,1
2010.10.01,01:43:26,1901.3807220675367,1901.412259955958,1901.3107571547998,1901.384800055618,100,0,1
2010.10.02,01:43:26,1901.4264894121163,1901.4682316617645,1901.4086071794438,1901.4270644106766,100,0,1
2010.10.03,01:43:26,1901.4320706207989,1901.4815131465266,1901.3850766648527,1901.4058300373972,100,0,1
2010.10.04,01:43:26,1901.3711434759607,1901.4454732306576,1901.3076429161424,1901.416431987755,100,0,1
2010.10.05,01:43:26,1901.3222196202273,1901.375111732049,1901.2377336655202,1901.3652459444625,100,0,1
2010.10.06,01:43:26,1901.3137247744874,1901.3441595968934,1901.2716153717224,1901.313600960555,100,0,1
2010.10.07,01:43:26,1901.258373017099,1901.3233118794244,1901.2491166013049,1901.2547466288133,100,0,1
2010.10.08,01:43:26,1901.260320476494,1901.32606815167,1901.2120094010013,1901.301420159953,100,0,1
2010.10.09,01:43:26,1901.1605376388575,1901.1862374254658,1901.1129606486502,1901.1740669013232,100,0,1
2010.10.10,01:43:26,1901.1598157690737,1901.1957140688469,1901.1208604790586,1901.1389795995176,100,0,1
2010.10.11,01:43:26,1901.2051683449015,1901.286872314404,1901.147568753141,1901.1943082433054,100,0,1
2010.10.12,01:43:26,1901.236244466181,1901.2871039747881,1901.1970240092573,1901.2639346845544,100,0,1
2010.10.13,01:43:26,1901.2466631957413,1901.3132458774612,1901.1831177921629,1901.3101310870215,100,0,1
2010.10.14,01:43:26,1901.1515275015793,1901.194261449153,1901.081680699792,1901.1439923462954,100,0,1
2010.10.15,01:43:26,1901.19517493235,1901.2153163117082,1901.1518727764048,1901.1666250980875,100,0,1
2010.10.16,01:43:26,1901.0772525845516,1901.088999366679,1901.0226455598092,1901.0868286957773,100,0,1
2010.10.17,01:43:26,1901.093114415613,1901.1447514246545,1901.0702256704938,1901.119106232661,100,0,1
2010.10.18,01:43:26,1901.141540650148,1901.2041421470417,1901.1312845203129,1901.1920853770605,100,0,1
2010.10.19,01:43:26,1901.2387629761756,1901.2967834296767,1901.2054855246397,1901.227296321577,100,0,1
2010.10.20,01:43:26,1901.3029649633104,1901.331379842377,1901.2680084980143,1901.2742888035764,100,0,1
2010.10.21,01:43:26,1901.3498511600587,1901.3881538066667,1901.3029707733276,1901.3257676520834,100,0,1
2010.10.22,01:43:26,1901.4325499842405,1901.4739541280917,1901.4175247258836,1901.4346893693926,100,0,1
2010.10.23,01:43:26,1901.4263873896969,1901.4360236082346,1901.3878492647689,1901.432438272845,100,0,1
2010.10.24,01:43:26,1901.4601873570314,1901.5076013729436,1901.380235285016,1901.422833402577,100,0,1
2010.10.25,01:43:26,1901.5592092001873,1901.6110161985862,1901.5369426083416,1901.573883749951,100,0,1
2010.10.26,01:43:26,1901.545772489759,1901.548137713807,1901.4834259196616,1901.5006487873754,100,0,1
2010.10.27,01:43:26,1901.564761706846,1901.6064463298844,1901.5499174065683,1901.5741113384527,100,0,1
2010.10.28,01:43:26,1901.6789554163236,1901.6968446130134,1901.6240980911368,1901.6670746604739,100,0,1
2010.10.29,01:43:26,1901.7536925968725,1901.837560372478,1901.7121638843744,1901.8021077496162,100,0,1
2010.10.30,01:43:26,1901.7838278511879,1901.833780307081,1901.7474082910712,1901.7606651140002,100,0,1
2010.10.31,01:43:26,1901.7530470729546,1901.815535517462,1901.7160785960025,1901.750874677243,100,0,1
2010.11.01,01:43:26,1901.7949434887742,1901.8374102882376,1901.7495983336169,1901.7937670550334,100,0,1
2010.11.02,01:43:26,1901.7990815156963,1901.8568632423548,1901.7813802842225,1901.7886058056367,100,0,1
2010.11.03,01:43:26,1901.838774445414,1901.8948893931897,1901.7725990796964,1901.8213548861445,100,0,1
2010.11.04,01:43:26,1901.820650373933,1901.8275638563841,1901.7534119931781,1901.8025057931045,100,0,1
2010.11.05,01:43:26,1901.8968956734548,1901.9472599961798,1901.8052482470946,1901.8776542989879,100,0,1
2010.11.06,01:43:26,1901.8273686345917,1901.857721869292,1901.7188445129643,1901.820311005539,100,0,1
2010.11.07,01:43:26,1901.757389494823,1901.8045298135273,1901.7150901312095,1901.7469398656972,100,0,1
2010.11.08,01:43:26,1901.762721373986,1901.79369388544,1901.7324303703233,1901.734012448494,100,0,1
2010.11.09,01:43:26,1901.810898548752,1901.8870375090428,1901.766822564631,1901.7958350520555,100,0,1
2010.11.10,01:43:26,1901.7522986960046,1901.8395521343468,1901.6946008687796,1901.8210842257022,100,0,1
2010.11.11,01:43:26,1901.7479890842596,1901.7838743517204,1901.6833021859295,1901.769493758051,100,0,1
2010.11.12,01:43:26,1901.6777468421665,1901.7195515327742,1901.6135798401428,1901.6638243683635,100,0,1
2010.11.13,01:43:26,1901.6474160422529,1901.7021923145396,1901.5542124961214,1901.572464298267,100,0,1
2010.11.14,01:43:26,1901.725243430756,1901.8007355376142,1901.6966914134325,1901.7431510129888,100,0,1
2010.11.15,01:43:26,1901.7139098929586,1901.7666962310736,1901.644472494874,1901.6518793642344,100,0,1
2010.11.16,01:43:26,1901.688359616837,1901.730518139044,1901.6375482368064,1901.683907452637,100,0,1
2010.11.17,01:43:26,1901.7366075969694,1901.806331306847,1901.669135916218,1901.672259322738,100,0,1
2010.11.18,01:43:26,1901.712017424674,1901.76322041313,1901.6658490964746,1901.7335037834437,100,0,1
2010.11.19,01:43:26,1901.6248497960855,1901.6526221451838,1901.6139680237607,1901.6145004149862,100,0,1
2010.11.20,01:43:26,1901.6390716936744,1901.7134306180583,1901.5930113071115,1901.6979415526737,100,0,1
2010.11.21,01:43:26,1901.5887700216738,1901.6544226361577,1901.519586826878,1901.5516352641828,100,0,1
2010.11.22,01:43:26,1901.5934678274184,1901.6590560307777,1901.5609395693932,1901.6039439958777,100,0,1
2010.11.23,01:43:26,1901.570413103798,1901.6179134263582,1901.5533942335235,1901.589943755782,100,0,1
2010.11.24,01:43:26,1901.6130588465464,1901.664407362886,1901.5662610573563,1901.6632300779577,100,0,1
2010.11.25,01:43:26,1901.5971264415252,1901.6543052411544,1901.5299821890665,1901.614901895979,100,0,1
2010.11.26,01:43:26,1901.62127008582,1901.6535702339645,1901.5948760481072,1901.5957367095828,100,0,1
2010.11.27,01:43:26,1901.6409707719745,1901.6717751314013,1901.5799333225748,1901.6467382051817,100,0,1
2010.11.28,01:43:26,1901.6104290366052,1901.6548201079681,1901.556740900989,1901.6390730430217,100,0,1
2010.11.29,01:43:26,1901.66582025316,1901.7542369530552,1901.5770115010985,1901.6711887057659,100,0,1
2010.11.30,01:43:26,1901.6834028636604,1901.7930178834622,1901.64468275919,1901.6805414296584,100,0,1
2010.12.01,01:43:26,1901.772834712579,1901.8378244600196,1901.7164128077566,1901.724483505235,100,0,1
2010.12.02,01:43:26,1901.7245649661177,1901.7726070674903,1901.6919267656583,1901.7689576928171,100,0,1
2010.12.03,01:43:26,1901.6827491272497,1901.722721125914,1901.6287225690319,1901.6644148818566,100,0,1
2010.12.04,01:43:26,1901.68232375295,1901.7145229238536,1901.6331344596258,1901.6334794574561,100,0,1
2010.12.05,01:43:26,1901.677569379499,1901.759073152769,1901.6153326568815,1901.682249482256,100,0,1
2010.12.06,01:43:26,1901.5999435162537,1901.6581883913814,1901.5748291333155,1901.6339071119514,100,0,1
2010.12.07,01:43:26,1901.5742282999022,1901.6024390469897,1901.5103709925352,1901.5837420492417,100,0,1
2010.12.08,01:43:26,1901.6179825589434,1901.6669620364157,1901.5901467656906,1901.5977444660427,100,0,1
2010.12.09,01:43:26,1901.5036285128306,1901.5546876049066,1901.4416597294662,1901.4850789709167,100,0,1
2010.12.10,01:43:26,1901.4942497828,1901.5542217507648,1901.463237968841,1901.4946078551548,100,0,1
2010.12.11,01:43:26,1901.5011079933056,1901.5109342432984,1901.443070159608,1901.4475837927357,100,0,1
2010.12.12,01:43:26,1901.5584654585482,1901.6346185046125,1901.5229063462734,1901.6237080698218,100,0,1
2010.12.13,01:43:26,1901.5863148675176,1901.639257452326,1901.5529657986297,1901.5700593593224,100,0,1
2010.12.14,01:43:26,1901.6084322560198,1901.6457927113893,1901.5461442229866,1901.5578038674296,100,0,1
2010.12.15,01:43:26,1901.6195932052472,1901.6769075369623,1901.5652921672968,1901.6730337297363,100,0,1
2010.12.16,01:43:26,1901.559586308667,1901.581015165234,1901.5178503047694,1901.5683188443745,100,0,1
2010.12.17,01:43:26,1901.6064076469436,1901.6453137089,1901.5494970348198,1901.6429881121599,100,0,1
2010.12.18,01:43:26,1901.5545155309696,1901.6146609396035,1901.5281691349603,1901.5774483234522,100,0,1
2010.12.19,01:43:26,1901.5288709028034,1901.587281374117,1901.4361952038414,1901.553367832024,100,0,1
2010.12.20,01:43:26,1901.4788600850482,1901.5034842677326,1901.429790906657,1901.4309197596149,100,0,1
2010.12.21,01:43:26,1901.4447560836911,1901.4858194033282,1901.4114752269725,1901.421846217096,100,0,1
2010.12.22,01:43:26,1901.3661252247302,1901.4246221353383,1901.3352161314758,1901.3931030884837,100,0,1
2010.12.23,01:43:26,1901.3771749596087,1901.4399708235278,1901.2934286702757,1901.357921079127,100,0,1
2010.12.24,01:43:26,1901.435379367896,1901.4807083485714,1901.4073328935344,1901.4348674279352,100,0,1
2010.12.25,01:43:26,1901.3671545815155,1901.4056020573482,1901.2884686441464,1901.3948645960725,100,0,1
2010.12.26,01:43:26,1901.2666072200498,1901.3306904963267,1901.2282854738467,1901.2330608574473,100,0,1
2010.12.27,01:43:26,1901.3061461673324,1901.3615255607638,1901.2859538510843,1901.3179473283842,100,0,1
2010.12.28,01:43:26,1901.3692366987996,1901.4593985787376,1901.321406886568,1901.3261110989101,100,0,1
2010.12.29,01:43:26,1901.3458695593347,1901.4049132746484,1901.289580258168,1901.3648316403985,100,0,1
2010.12.30,01:43:26,1901.3047262464167,1901.357648371873,1901.2663287549706,1901.2729456741363,100,0,1
2010.12.31,01:43:26,1901.359936791787,1901.4102707383238,1901.3353217478668,1901.3854895894024,100,0,1
2011.01.01,01:43:26,1901.4167684796785,1901.4714403381531,1901.3748082693307,1901.4705324127603,100,0,1
2011.01.02,01:43:26,1901.3891228811701,1901.4443877287963,1901.3463896247597,1901.4332577276807,100,0,1
2011.01.03,01:43:26,1901.4683780510047,1901.5079732375832,1901.4088047370462,1901.4734796553792,100,0,1
2011.01.04,01:43:26,1901.4577845053307,1901.516632133492,1901.4196052630105,1901.4391679068292,100,0,1
2011.01.05,01:43:26,1901.36300505527,1901.4463762307494,1901.2734008570642,1901.35550797564,100,0,1
2011.01.06,01:43:26,1901.3955322422555,1901.431401965474,1901.3858306283555,1901.4131994168474,100,0,1
2011.01.07,01:43:26,1901.3613347597638,1901.4046812003628,1901.3154586867681,1901.3783517036195,100,0,1
2011.01.08,01:43:26,1901.359772711429,1901.434394183271,1901.2799523575984,1901.3551046047496,100,0,1
2011.01.09,01:43:26,1901.3915230144908,1901.4516595535601,1901.3425636842983,1901.3683944062457,100,0,1
2011.01.10,01:43:26,1901.3110565438267,1901.3491343556673,1901.2699360389652,1901.3172406915469,100,0,1
2011.01.11,01:43:26,1901.2541386309583,1901.330243270277,1901.1742740408745,1901.2450338348665,100,0,1
2011.01.12,01:43:26,1901.193791022289,1901.2389545070532,1901.158213101048,1901.1639417157983,100,0,1
2011.01.13,01:43:26,1901.1809367743558,1901.2621597545851,1901.078344258858,1901.2352139305226,100,0,1
2011.01.14,01:43:26,1901.1500183272842,1901.1910504263617,1901.070779386464,1901.178027711062,100,0,1
2011.01.15,01:43:26,1901.1054695967955,1901.1415455744059,1901.0253634074118,1901.0817127262364,100,0,1
2011.01.16,01:43:26,1901.1589663297289,1901.2311342383632,1901.1216702161635,1901.2282127586093,100,0,1
2011.01.17,01:43:26,1901.125596233144,1901.1330784625477,1901.1051252223067,1901.1228554846048,100,0,1
2011.01.18,01:43:26,1901.1736905362768,1901.2378209254969,1901.1298842480892,1901.1591089938165,100,0,1
2011.01.19,01:43:26,1901.1873357503591,1901.2520446558876,1901.130626416933,1901.2352139946597,100,0,1
2011.01.20,01:43:26,1901.1964138517678,1901.254779758984,1901.1034100422148,1901.1139865719363,100,0,1
2011.01.21,01:43:26,1901.1867773909055,1901.2206518254043,1901.1384501721232,1901.200184273694,100,0,1
2011.01.22,01:43:26,1901.1286854913762,1901.1521716019033,1901.0781147057485,1901.0921265799327,100,0,1
2011.01.23,01:43:26,1901.130558548779,1901.1432411732108,1901.087376347221,1901.1118374977523,100,0,1
2011.01.24,01:43:26,1901.205389622339,1901.2459993158532,1901.1697717538432,1901.2315374373002,100,0,1
2011.01.25,01:43:26,1901.2011777443538,1901.2292877358975,1901.1542934730887,1901.1866087847861,100,0,1
2011.01.26,01:43:26,1901.3130585849317,1901.3681335728156,1901.2732108044345,1901.2838317705575,100,0,1
2011.01.27,01:43:26,1901.3036386804024,1901.3792615064954,1901.2821328337423,1901.2953127945464,100,0,1
2011.01.28,01:43:26,1901.336448165733,1901.3932721162043,1901.2531437145294,1901.2585923419408,100,0,1
2011.01.29,01:43:26,1901.338060626558,1901.3491929267684,1901.275280694434,1901.2993746741713,100,0,1
2011.01.30,01:43:26,1901.346492983601,1901.397554067468,1901.3047660874913,1901.3274265315474,100,0,1
2011.01.31,01:43:26,1901.2422312142107,1901.3167258961998,1901.196341705014,1901.2331030001433,100,0,1
2011.02.01,01:43:26,1901.2786019963387,1901.3376082219177,1901.2481945343852,1901.3296778261079,100,0,1
2011.02.02,01:43:26,1901.235899641885,1901.2539477336807,1901.1984946213358,1901.2013291584078,100,0,1
2011.02.03,01:43:26,1901.2754163083998,1901.3369932818437,1901.2456670352901,1901.3187652008287,100,0,1
2011.02.04,01:43:26,1901.2020867818453,1901.2628561899187,1901.1684644431555,1901.196379150797,100,0,1
2011.02.05,01:43:26,1901.232004605748,1901.32035534501,1901.1914641707115,1901.2997879499003,100,0,1
2011.02.06,01:43:26,1901.266731982816,1901.3217663704586,1901.221146768238,1901.2314717251782,100,0,1
2011.02.07,01:43:26,1901.1920296536139,1901.2629443791036,1901.1552552232217,1901.247002522438,100,0,1
2011.02.08,01:43:26,1901.22083138974,1901.2410233179062,1901.1549799704412,1901.1943971129751,100,0,1
2011.02.09,01:43:26,1901.1073171894698,1901.1606977258607,1901.0815451457381,1901.115197054786,100,0,1
2011.02.10,01:43:26,1901.0960491436078,1901.1460716885622,1901.0661751149707,1901.073443723114,100,0,1
2011.02.11,01:43:26,1901.0562549872361,1901.0966455025734,1901.0168065999055,1901.0685855583329,100,0,1
2011.02.12,01:43:26,1901.048679751633,1901.1240594119329,1901.008357633229,1901.1050770477948,100,0,1
2011.02.13,01:43:26,1900.9990824016943,1901.0504534652525,1900.9342158268764,1901.007887176551,100,0,1
2011.02.14,01:43:26,1900.9685806380805,1901.0277800376352,1900.9174420352022,1901.0099864422225,100,0,1
2011.02.15,01:43:26,1900.9979051129708,1901.0194936662044,1900.9589258851013,1900.9732991279288,100,0,1
2011.02.16,01:43:26,1900.9989486233258,1901.0225211290174,1900.9288416659506,1901.0171010596223,100,0,1
2011.02.17,01:43:26,1900.986273297207,1901.0478036714348,1900.9114011197994,1900.9416287919432,100,0,1
2011.02.18,01:43:26,1900.9743969415006,1901.0102016193173,1900.8800881246632,1900.9514470813444,100,0,1
2011.02.19,01:43:26,1900.9787913583377,1900.9961364522694,1900.9505851042177,1900.9959076132532,100,0,1
2011.02.20,01:43:26,1901.0310800879415,1901.0714835544245,1900.965902896612,1901.0362080451987,100,0,1
2011.02.21,01:43:26,1900.9196899353426,1900.955529319012,1900.8739351676668,1900.929917863159,100,0,1
2011.02.22,01:43:26,1900.8710446020482,1900.9070697957343,1900.8082534570565,1900.9015318412032,100,0,1
2011.02.23,01:43:26,1900.879300504646,1900.9864285495328,1900.8150043836843,1900.974829923213,100,0,1
2011.02.24,01:43:26,1900.9081533900965,1900.9192334993497,1900.8521641945028,1900.8532593735213,100,0,1
2011.02.25,01:43:26,1900.8583205840769,1900.9100988324985,1900.7477063831273,1900.8114143508135,100,0,1
2011.02.26,01:43:26,1900.9119316123054,1900.963291742515,1900.8506689438998,1900.9042184724292,100,0,1
2011.02.27,01:43:26,1900.9642066242461,1900.9930657354105,1900.9493865401228,1900.9682869465214,100,0,1
2011.02.28,01:43:26,1900.8984480623942,1900.9320802183827,1900.8607281176178,1900.869889503868,100,0,1
2011.03.01,01:43:26,1901.0343088442357,1901.0660978423664,1900.996611721116,1901.0500132162435,100,0,1
2011.03.02,01:43:26,1901.0045542096686,1901.030944269801,1900.957945314847,1900.9580665063154,100,0,1
2011.03.03,01:43:26,1900.97698724628,1901.054836530028,1900.9448780569303,1900.9552604224798,100,0,1
2011.03.04,01:43:26,1901.0917137167871,1901.1544185272105,1901.0400248455824,1901.1471273163943,100,0,1
2011.03.05,01:43:26,1901.114947605844,1901.1694774997104,1901.0841965525694,1901.1207141407738,100,0,1
2011.03.06,01:43:26,1901.1893313449073,1901.237189435536,1901.149589660633,1901.2347495131437,100,0,1
2011.03.07,01:43:26,1901.205095186086,1901.2302995506984,1901.1762090468983,1901.1794895220826,100,0,1
2011.03.08,01:43:26,1901.1660930039768,1901.2480724150594,1901.1400533069593,1901.1786646066869,100,0,1
2011.03.09,01:43:26,1901.155961528684,1901.224007300961,1901.1001860317372,1901.1741820371017,100,0,1
2011.03.10,01:43:26,1901.1899820331623,1901.2178504227622,1901.1255204210001,1901.2003618515614,100,0,1
2011.03.11,01:43:26,1901.2199580456752,1901.3134706604483,1901.2095340380008,1901.2293564389313,100,0,1
2011.03.12,01:43:26,1901.2290491122149,1901.2853744695321,1901.1819039275474,1901.233927547625,100,0,1
2011.03.13,01:43:26,1901.2584432634085,1901.3025053327965,1901.2150007396467,1901.2825393287105,100,0,1
2011.03.14,01:43:26,1901.2115711846466,1901.2614132567473,1901.186016866021,1901.2448791499942,100,0,1
2011.03.15,01:43:26,1901.2370967975437,1901.2944142480155,1901.1808499558954,1901.2397208688133,100,0,1
2011.03.16,01:43:26,1901.2537895599537,1901.3130316077852,1901.1679139313092,1901.2226102417912,100,0,1
2011.03.17,01:43:26,1901.2431608364293,1901.2693061026796,1901.179354854378,1901.224645356743,100,0,1
2011.03.18,01:43:26,1901.232715285771,1901.3175518341338,1901.159228100061,1901.2183894518073,100,0,1
2011.03.19,01:43:26,1901.2009026042654,1901.239661032432,1901.1468884768444,1901.215673270477,100,0,1
2011.03.20,01:43:26,1901.2432955474965,1901.2649094712092,1901.2013967592593,1901.2062726576244,100,0,1
2011.03.21,01:43:26,1901.274691531239,1901.3005240497353,1901.1933867800271,1901.215127433595,100,0,1
2011.03.22,01:43:26,1901.2555868153595,1901.2846904371793,1901.2029903130745,1901.2631752039422,100,0,1
2011.03.23,01:43:26,1901.28348708022,1901.3282549394091,1901.2351625420367,1901.3025904002873,100,0,1
2011.03.24,01:43:26,1901.2740827979446,1901.3090991274146,1901.2148731164593,1901.2737655622184,100,0,1
2011.03.25,01:43:26,1901.220412710798,1901.2959995958686,1901.186973356865,1901.2379106857002,100,0,1
2011.03.26,01:43:26,1901.3392865972908,1901.3735214213912,1901.3194748888038,1901.340385915056,100,0,1
2011.03.27,01:43:26,1901.3479188937072,1901.3878729758753,1901.2653022268548,1901.312856385504,100,0,1
2011.03.28,01:43:26,1901.3349467263804,1901.3794112741525,1901.2964233220534,1901.3722543083302,100,0,1
2011.03.29,01:43:26,1901.2935677064686,1901.3631167636945,1901.2806462624746,1901.3250467670864,100,0,1
2011.03.30,01:43:26,1901.3573159039538,1901.394779374589,1901.2998597500275,1901.3283180071746,100,0,1
2011.03.31,01:43:26,1901.4164471347701,1901.4493979420279,1901.3816803443854,1901.4306165442435,100,0,1
2011.04.01,01:43:26,1901.3783982431355,1901.4190652578484,1901.3570275590807,1901.4037796267296,100,0,1
2011.04.02,01:43:26,1901.371427222614,1901.3914455386464,1901.3101287337158,1901.3733870226683,100,0,1
2011.04.03,01:43:26,1901.429863595629,1901.5002536770423,1901.3715988284791,1901.3943546358698,100,0,1
2011.04.04,01:43:26,1901.420481096606,1901.4353803029646,1901.3809019226553,1901.4092917266062,100,0,1
2011.04.05,01:43:26,1901.4142694476566,1901.4422681777205,1901.3837129445383,1901.404102726105,100,0,1
2011.04.06,01:43:26,1901.5219978032217,1901.5741226932835,1901.4726174645214,1901.5531665172819,100,0,1
2011.04.07,01:43:26,1901.62906721592,1901.6473159021828,1901.5783413549539,1901.6155170226566,100,0,1
2011.04.08,01:43:26,1901.614938082965,1901.6485868347372,1901.5642634159603,1901.617430843679,100,0,1
2011.04.09,01:43:26,1901.6748061299752,1901.7407019958348,1901.6140474560298,1901.621060709752,100,0,1
2011.04.10,01:43:26,1901.6019469809246,1901.6718665992005,1901.5340749344466,1901.6112176087927,100,0,1
2011.04.11,01:43:26,1901.5385272578767,1901.61703238822,1901.502236399285,1901.5813233250196,100,0,1
2011.04.12,01:43:26,1901.4875502798884,1901.5207907392385,1901.4400834125984,1901.4735407033804,100,0,1
2011.04.13,01:43:26,1901.3948196182953,1901.4098026067377,1901.3566944404602,1901.399054451729,100,0,1
2011.04.14,01:43:26,1901.374116671543,1901.425830415811,1901.3213290273427,1901.398652897854,100,0,1
2011.04.15,01:43:26,1901.3019787200392,1901.4029831501987,1901.2706055324838,1901.3379757677703,100,0,1
2011.04.16,01:43:26,1901.3146919274918,1901.3504255515163,1901.2579454528234,1901.3258380222396,100,0,1
2011.04.17,01:43:26,1901.2429312469785,1901.2877603740558,1901.197443224668,1901.247446256056,100,0,1
2011.04.18,01:43:26,1901.19827436906,1901.2258251746096,1901.1428020015453,1901.2193971149943,100,0,1
2011.04.19,01:43:26,1901.2289091827267,1901.2629753695555,1901.1751872936745,1901.242887644732,100,0,1
2011.04.20,01:43:26,1901.2675557515176,1901.3239789818915,1901.2397404348765,1901.3196953811855,100,0,1
2011.04.21,01:43:26,1901.2610680570394,1901.3307312149632,1901.219064140064,1901.2930861265108,100,0,1
2011.04.22,01:43:26,1901.2586240775734,1901.3483292874337,1901.2449977077417,1901.3191923727782,100,0,1
2011.04.23,01:43:26,1901.1525100665965,1901.1981042043847,1901.0886295267258,1901.122123864611,100,0,1
2011.04.24,01:43:26,1901.1081227574768,1901.1357173194006,1901.0739285451516,1901.0941415656357,100,0,1
2011.04.25,01:43:26,1901.1493576304065,1901.1837610271018,1901.0718657849065,1901.0864919520213,100,0,1
2011.04.26,01:43:26,1901.0748186014046,1901.1502868133457,1901.009409920051,1901.0981877474062,100,0,1
2011.04.27,01:43:26,1901.014543574967,1901.0670290661296,1900.994936647998,1901.0473420669452,100,0,1
2011.04.28,01:43:26,1901.0434706486415,1901.0595478441355,1901.0029026831082,1901.0475910250343,100,0,1
2011.04.29,01:43:26,1900.9995940612034,1901.0567720812885,1900.9567345342077,1901.0308962500626,100,0,1
2011.04.30,01:43:26,1900.9535329222235,1901.0205508445893,1900.9073218870706,1900.9535531014635,100,0,1
2011.05.01,01:43:26,1900.995306788469,1901.048346412965,1900.9461297932876,1901.0150474237253,100,0,1
2011.05.02,01:43:26,1901.0320399541379,1901.1128471254501,1901.0039136602147,1901.0100433230948,100,0,1
2011.05.03,01:43:26,1901.0438001409716,1901.0893240817925,1901.0126045064403,1901.0260740658368,100,0,1
2011.05.04,01:43:26,1901.0309517160929,1901.0896141595956,1900.9569505284846,1900.983728104598,100,0,1
2011.05.05,01:43:26,1901.0330952704737,1901.0820544087273,1900.9871802778791,1900.9933558486823,100,0,1
2011.05.06,01:43:26,1901.0581763347454,1901.1379266872084,1901.0164758124993,1901.1151215252053,100,0,1
2011.05.07,01:43:26,1901.077385409365,1901.118682108736,1900.9894530987117,1901.0142056286795,100,0,1
2011.05.08,01:43:26,1901.0879202062304,1901.1956109312773,1901.0332801551951,1901.141669368392,100,0,1
2011.05.09,01:43:26,1901.0233093955553,1901.0610015225598,1900.9763867257818,1901.028967122977,100,0,1
2011.05.10,01:43:26,1901.0308789793332,1901.070184314452,1900.9608703422184,1901.0621660686288,100,0,1
2011.05.11,01:43:26,1901.0798635974872,1901.1095012596993,1901.0355573840598,1901.0979846420155,100,0,1
2011.05.12,01:43:26,1901.095375732019,1901.1612088544061,1901.045032912234,1901.1131086658759,100,0,1
2011.05.13,01:43:26,1901.038606332098,1901.1038053677437,1900.9866031148365,1901.0381783404914,100,0,1
2011.05.14,01:43:26,1901.0635920501436,1901.1201062239559,1900.9761805844212,1901.0196365025822,100,0,1
2011.05.15,01:43:26,1901.0555615702474,1901.0599218297396,1901.0074056466083,1901.0440993654258,100,0,1
2011.05.16,01:43:26,1901.0953182321782,1901.1440446010997,1901.052054443654,1901.0761582518512,100,0,1
2011.05.17,01:43:26,1901.1276200810546,1901.2146745619443,1901.073725983054,1901.1172824057116,100,0,1
2011.05.18,01:43:26,1901.1527860783387,1901.206612768999,1901.0965362594409,1901.1058467937032,100,0,1
2011.05.19,01:43:26,1901.1460130847915,1901.1930306613453,1901.103446968015,1901.152779602474,100,0,1
2011.05.20,01:43:26,1901.2306787608682,1901.2770805697514,1901.1938550093757,1901.1996148805374,100,0,1
2011.05.21,01:43:26,1901.1890617752404,1901.2425998981703,1901.1547235649102,1901.1909935519543,100,0,1
2011.05.22,01:43:26,1901.156503718513,1901.2077891995007,1901.121017998489,1901.1379154724104,100,0,1
2011.05.23,01:43:26,1901.1635677976124,1901.221023171567,1901.1024732645135,1901.180452090979,100,0,1
2011.05.24,01:43:26,1901.2603816647706,1901.3164516440836,1901.2273098387393,1901.2440765629399,100,0,1
2011.05.25,01:43:26,1901.2634258855317,1901.2784804471548,1901.2156493317657,1901.2704455541016,100,0,1
2011.05.26,01:43:26,1901.2604751630577,1901.2981272026002,1901.1919045603254,1901.2268296423492,100,0,1
2011.05.27,01:43:26,1901.2719138648115,1901.3128949648508,1901.2346489468537,1901.2596417358259,100,0,1
2011.05.28,01:43:26,1901.258134293744,1901.318575108196,1901.1937024360645,1901.31462698116,100,0,1
2011.05.29,01:43:26,1901.2939157284293,1901.3533911735428,1901.2775956769817,1901.2992717172676,100,0,1
2011.05.30,01:43:26,1901.2108036177622,1901.283517980999,1901.1699304725696,1901.2452343974226,100,0,1
2011.05.31,01:43:26,1901.2341995902773,1901.2930050030104,1901.1907097272733,1901.2471492226475,100,0,1
2011.06.01,01:43:26,1901.184002689933,1901.2244185403863,1901.1274870608922,1901.2208697162432,100,0,1
2011.06.02,01:43:26,1901.169634073864,1901.2219542642572,1901.1124538020342,1901.1904233552052,100,0,1
2011.06.03,01:43:26,1901.0938230786198,1901.111910012206,1901.0560231507618,1901.0883007531559,100,0,1
2011.06.04,01:43:26,1901.1752134417325,1901.215791037711,1901.1144118412958,1901.1499003441875,100,0,1
2011.06.05,01:43:26,1901.1791847119628,1901.2283256639219,1901.1406492387111,1901.1914353085374,100,0,1
2011.06.06,01:43:26,1901.2133317410949,1901.2420375214838,1901.164441343037,1901.2111246612376,100,0,1
2011.06.07,01:43:26,1901.136164545043,1901.1770531368156,1901.1155154660294,1901.145985912893,100,0,1
2011.06.08,01:43:26,1901.1471007234848,1901.1968332905435,1901.0997928636111,1901.1145975282482,100,0,1
2011.06.09,01:43:26,1901.1565217529032,1901.2413274583917,1901.1327407800452,1901.233138198374,100,0,1
2011.06.10,01:43:26,1901.1602625869532,1901.2151024125565,1901.1185972791454,1901.1920053314989,100,0,1
2011.06.11,01:43:26,1901.2789656202822,1901.3244831503919,1901.210231492128,1901.266913239992,100,0,1
2011.06.12,01:43:26,1901.3231606383117,1901.3436042348983,1901.3028900105664,1901.3061564367117,100,0,1
2011.06.13,01:43:26,1901.2801257310443,1901.3308446123365,1901.2582330803502,1901.3150211841985,100,0,1
2011.06.14,01:43:26,1901.2838973574817,1901.3388707482181,1901.213919233353,1901.2961676756397,100,0,1
2011.06.15,01:43:26,1901.3266127223574,1901.3940263844124,1901.2687845861783,1901.3229898821355,100,0,1
2011.06.16,01:43:26,1901.3024677241744,1901.3764198332622,1901.2618798219867,1901.2761232025966,100,0,1
2011.06.17,01:43:26,1901.3362957455167,1901.38675036978,1901.2602787405076,1901.287553208003,100,0,1
2011.06.18,01:43:26,1901.2952922824788,1901.3734013777735,1901.2003491201422,1901.2697339993076,100,0,1
2011.06.19,01:43:26,1901.286536251381,1901.3323842375855,1901.2720935388827,1901.2786747844332,100,0,1
2011.06.20,01:43:26,1901.309115110804,1901.346627818572,1901.2526075439969,1901.3217577476241,100,0,1
2011.06.21,01:43:26,1901.29663632792,1901.359747043699,1901.225907387792,1901.2714437946815,100,0,1
2011.06.22,01:43:26,1901.2737689270416,1901.3061955462736,1901.2612496059091,1901.2868616053538,100,0,1
2011.06.23,01:43:26,1901.249319708223,1901.273329410119,1901.2230003715833,1901.2392360312074,100,0,1
2011.06.24,01:43:26,1901.2726587929842,1901.312208228395,1901.230881247469,1901.2731364874815,100,0,1
2011.06.25,01:43:26,1901.2443512648194,1901.3173075334673,1901.226220874835,1901.243296682957,100,0,1
2011.06.26,01:43:26,1901.2014058101845,1901.2628226781444,1901.1537338404567,1901.1952103429091,100,0,1
2011.06.27,01:43:26,1901.1927256886652,1901.2539131511203,1901.1724819258136,1901.2195280259905,100,0,1
2011.06.28,01:43:26,1901.3286527720556,1901.370378968662,1901.2635120798889,1901.280117368732,100,0,1
2011.06.29,01:43:26,1901.4018419482572,1901.4702133476821,1901.3404193358645,1901.3678287300447,100,0,1
2011.06.30,01:43:26,1901.4816559582591,1901.5322148850976,1901.4432407473755,1901.482206550324,100,0,1
2011.07.01,01:43:26,1901.4151187211125,1901.4608309855419,1901.3573751565534,1901.360542654524,100,0,1
2011.07.02,01:43:26,1901.4352363160467,1901.4950522956485,1901.4239511226542,1901.4459189546162,100,0,1
2011.07.03,01:43:26,1901.461065873061,1901.5257285687821,1901.442150783686,1901.4861591545666,100,0,1
2011.07.04,01:43:26,1901.4271389273565,1901.4699869347464,1901.4138741929783,1901.4172492268608,100,0,1
2011.07.05,01:43:26,1901.46406537338,1901.4979309771861,1901.417660362201,1901.4662238347303,100,0,1
2011.07.06,01:43:26,1901.5345456480027,1901.5757745588514,1901.467654676127,1901.5655498456556,100,0,1
2011.07.07,01:43:26,1901.5054056059182,1901.5465283380754,1901.4945077273508,1901.520652238128,100,0,1
2011.07.08,01:43:26,1901.4746386644324,1901.5289331145289,1901.4501457021781,1901.4829802892807,100,0,1
2011.07.09,01:43:26,1901.3992580581432,1901.4221435052896,1901.340045799612,1901.358477208327,100,0,1
2011.07.10,01:43:26,1901.449694734913,1901.4703315629004,1901.4046007697352,1901.425064245034,100,0,1
2011.07.11,01:43:26,1901.462778939691,1901.4837389558668,1901.4347304422338,1901.4475858344445,100,0,1
2011.07.12,01:43:26,1901.401203224139,1901.42077439485,1901.3196993659349,1901.3549466963457,100,0,1
2011.07.13,01:43:26,1901.35561221235,1901.434842124727,1901.2948285228435,1901.3048804776909,100,0,1
2011.07.14,01:43:26,1901.3959975270147,1901.4630720039133,1901.354529120711,1901.4134634187594,100,0,1
2011.07.15,01:43:26,1901.3435368430605,1901.4151526926014,1901.2378922197684,1901.286807460351,100,0,1
2011.07.16,01:43:26,1901.3461373775465,1901.3965310391968,1901.289292832497,1901.3899728339998,100,0,1
2011.07.17,01:43:26,1901.3462503752858,1901.41780923793,1901.2897806618964,1901.4080522144366,100,0,1
2011.07.18,01:43:26,1901.4439129444527,1901.491748328256,1901.399689615732,1901.487999455339,100,0,1
2011.07.19,01:43:26,1901.4950477151995,1901.5357039504045,1901.4433668176769,1901.4887616472656,100,0,1
2011.07.20,01:43:26,1901.4980713621426,1901.5442873374911,1901.4137241701478,1901.437633817576,100,0,1
2011.07.21,01:43:26,1901.4435702416633,1901.5195954218739,1901.3652815694757,1901.4145235959445,100,0,1
2011.07.22,01:43:26,1901.4055209408523,1901.4385203474844,1901.3856401648566,1901.3904423099204,100,0,1
2011.07.23,01:43:26,1901.4190597772435,1901.4713781367675,1901.362628820907,1901.4588573348174,100,0,1
2011.07.24,01:43:26,1901.4898518938055,1901.533966392308,1901.4588525008176,1901.505595568902,100,0,1
2011.07.25,01:43:26,1901.4673406872803,1901.5011212423008,1901.4156389858874,1901.4694781476758,100,0,1
2011.07.26,01:43:26,1901.4855312886812,1901.5402698823411,1901.4273557427005,1901.4461196831246,100,0,1
2011.07.27,01:43:26,1901.4297745227286,1901.4621792908713,1901.3881856809637,1901.446232096862,100,0,1
2011.07.28,01:43:26,1901.4265480423333,1901.4866773266158,1901.3430026319718,1901.3971189107374,100,0,1
2011.07.29,01:43:26,1901.451024588135,1901.4953048405775,1901.4441476727357,1901.4499594070626,100,0,1
2011.07.30,01:43:26,1901.5183111775154,1901.5790260976275,1901.4510707414347,1901.5262701506567,100,0,1
2011.07.31,01:43:26,1901.5300897635532,1901.5928068461317,1901.5244704255113,1901.5429203387655,100,0,1
2011.08.01,01:43:26,1901.475118535115,1901.5531753548642,1901.4015608548339,1901.4535827971215,100,0,1
2011.08.02,01:43:26,1901.5098329629047,1901.5538833775686,1901.4797624256953,1901.5426897554244,100,0,1
2011.08.03,01:43:26,1901.4914757119645,1901.5220930255448,1901.4755327116263,1901.5054576184816,100,0,1
2011.08.04,01:43:26,1901.4449511277585,1901.5170170140334,1901.4102560312297,1901.4598432619093,100,0,1
2011.08.05,01:43:26,1901.4941161209529,1901.535031201932,1901.4315522682045,1901.4647896370063,100,0,1
2011.08.06,01:43:26,1901.455937918386,1901.557030693164,1901.4286830693127,1901.519716198794,100,0,1
2011.08.07,01:43:26,1901.4182448277559,1901.5020541686097,1901.3733850331926,1901.4217649677792,100,0,1
2011.08.08,01:43:26,1901.3608607669687,1901.451722762811,1901.3149980808487,1901.4385696817003,100,0,1
2011.08.09,01:43:26,1901.3194871806322,1901.3560148534896,1901.271609294077,1901.3038760615004,100,0,1
2011.08.10,01:43:26,1901.182615185607,1901.259816560379,1901.137331534903,1901.2431647463588,100,0,1
2011.08.11,01:43:26,1901.2148376427735,1901.2631510584395,1901.1569758897604,1901.233333989414,100,0,1
2011.08.12,01:43:26,1901.2837379035957,1901.3354336388447,1901.2660017045694,1901.2764801788985,100,0,1
2011.08.13,01:43:26,1901.320464334414,1901.3785362987978,1901.2982614248888,1901.377046666782,100,0,1
2011.08.14,01:43:26,1901.3598913682383,1901.4109629430268,1901.297338616596,1901.3469953474817,100,0,1
2011.08.15,01:43:26,1901.333006996966,1901.3923355132251,1901.2671104443637,1901.3111466532982,100,0,1
2011.08.16,01:43:26,1901.3754028291255,1901.4431179918934,1901.346403846468,1901.4219447175735,100,0,1
2011.08.17,01:43:26,1901.4085938828973,1901.4733161809581,1901.3694028612324,1901.459913902637,100,0,1
2011.08.18,01:43:26,1901.460529896602,1901.5091760628277,1901.4031901946933,1901.4889362996216,100,0,1
2011.08.19,01:43:26,1901.3830572539828,1901.4600701802726,1901.3751319931353,1901.4345962822256,100,0,1
2011.08.20,01:43:26,1901.3427413504378,1901.4029773770555,1901.3075673939318,1901.3972473115944,100,0,1
2011.08.21,01:43:26,1901.3766662419075,1901.4301151653617,1901.341794802608,1901.4261959089968,100,0,1
2011.08.22,01:43:26,1901.3360761065408,1901.3863676868514,1901.2885893884866,1901.3779684305207,100,0,1
2011.08.23,01:43:26,1901.2817664637219,1901.3234117518962,1901.197897065669,1901.2890505417195,100,0,1
2011.08.24,01:43:26,1901.349958623373,1901.3941617266323,1901.31676389984,1901.3925047258076,100,0,1
2011.08.25,01:43:26,1901.3203678407376,1901.3784706711972,1901.2834132361158,1901.3197902987197,100,0,1
2011.08.26,01:43:26,1901.2799941216526,1901.3439292556097,1901.2331876953012,1901.3027340661588,100,0,1
2011.08.27,01:43:26,1901.2664455777365,1901.3336584117199,1901.2155573128707,1901.2337987114124,100,0,1
2011.08.28,01:43:26,1901.2532406616265,1901.2797077112286,1901.2137929730477,1901.255147781397,100,0,1
2011.08.29,01:43:26,1901.2539515383507,1901.279512963988,1901.2142003756132,1901.2556358477834,100,0,1
2011.08.30,01:43:26,1901.3546385800414,1901.374689263805,1901.2778747842003,1901.3673884395241,100,0,1
2011.08.31,01:43:26,1901.2800818201679,1901.3171239998308,1901.2383128515073,1901.25701359621,100,0,1
2011.09.01,01:43:26,1901.2747320794422,1901.3217252377506,1901.2320201351324,1901.2589301949868,100,0,1
2011.09.02,01:43:26,1901.2923464086819,1901.3484636312878,1901.250287595589,1901.3416829744235,100,0,1
2011.09.03,01:43:26,1901.2025331461173,1901.2469795812651,1901.1119227692016,1901.1193705089486,100,0,1
2011.09.04,01:43:26,1901.2197720085462,1901.2732509186685,1901.153467022898,1901.2133320495952,100,0,1
2011.09.05,01:43:26,1901.1391410354472,1901.2043302146283,1901.0941333616615,1901.1796253482858,100,0,1
2011.09.06,01:43:26,1901.1586676195607,1901.2283235774003,1901.1207946085499,1901.2230738485837,100,0,1
2011.09.07,01:43:26,1901.1593615171953,1901.2080848362243,1901.1523560081678,1901.1860433262489,100,0,1
2011.09.08,01:43:26,1901.1533821214673,1901.2052547358685,1901.0687573197688,1901.203680506012,100,0,1
2011.09.09,01:43:26,1901.1064455152155,1901.1751588455888,1901.0604292423845,1901.1139840545143,100,0,1
2011.09.10,01:43:26,1901.0594892558481,1901.1371213521415,1900.996756685547,1901.0551944091417,100,0,1
2011.09.11,01:43:26,1901.129203547221,1901.1968973615117,1901.0788037185282,1901.1868881651499,100,0,1
2011.09.12,01:43:26,1901.1211994461207,1901.1849485939954,1901.0789088063536,1901.1784476708553,100,0,1
2011.09.13,01:43:26,1901.1067347867229,1901.1385005220334,1901.059779406713,1901.1377012404953,100,0,1
2011.09.14,01:43:26,1901.1069377593485,1901.1665769765707,1901.091141513394,1901.0921595263555,100,0,1
2011.09.15,01:43:26,1901.1250825406516,1901.1598306408387,1901.0422344819901,1901.1065843735005,100,0,1
2011.09.16,01:43:26,1901.0964739152032,1901.1500960697751,1901.055552152288,1901.0705399991957,100,0,1
2011.09.17,01:43:26,1900.9809053243068,1901.0473364631148,1900.9394730919366,1900.9664465711473,100,0,1
2011.09.18,01:43:26,1901.0187912721096,1901.0904747701545,1900.968710151017,1901.0706025949003,100,0,1
2011.09.19,01:43:26,1900.9433248830799,1901.0010232670763,1900.8913659683008,1900.9795671174384,100,0,1
2011.09.20,01:43:26,1900.902883636788,1900.9730226155016,1900.819088316112,1900.8346663466898,100,0,1
2011.09.21,01:43:26,1900.9015588735347,1900.9027662110514,1900.8401995254812,1900.8928498497287,100,0,1
2011.09.22,01:43:26,1900.886478044127,1900.9329244585197,1900.8028019774504,1900.9150150558087,100,0,1
2011.09.23,01:43:26,1900.8487611718804,1900.8983838742488,1900.8042203106197,1900.883926964881,100,0,1
2011.09.24,01:43:26,1900.918057277882,1900.9817295665184,1900.8361974465477,1900.9071931777762,100,0,1
2011.09.25,01:43:26,1900.8098875432947,1900.8519478421456,1900.742956396528,1900.8127941160335,100,0,1
2011.09.26,01:43:26,1900.779347354516,1900.8124503124302,1900.7367351907726,1900.800564018516,100,0,1
2011.09.27,01:43:26,1900.7984481852236,1900.875219450027,1900.7386193200446,1900.8692702313338,100,0,1
2011.09.28,01:43:26,1900.8174886666593,1900.8542331047613,1900.7767115775093,1900.830136570687,100,0,1
2011.09.29,01:43:26,1900.8474508581276,1900.9336253880972,1900.789726442451,1900.872458411444,100,0,1
2011.09.30,01:43:26,1900.9081419480508,1900.948679672584,1900.846470917789,1900.9101475609948,100,0,1
2011.10.01,01:43:26,1900.9503595824021,1901.0455162575913,1900.890359381459,1901.028959170374,100,0,1
2011.10.02,01:43:26,1900.8976607337347,1900.9337992265514,1900.843726896592,1900.9118004698994,100,0,1
2011.10.03,01:43:26,1900.9600960004093,1900.9955833919673,1900.8953690027456,1900.9113770431745,100,0,1
2011.10.04,01:43:26,1901.028889303979,1901.0903903396568,1900.988697610726,1901.01817697419,100,0,1
2011.10.05,01:43:26,1901.0458943234494,1901.101211455173,1901.0100104731584,1901.0411609668831,100,0,1
2011.10.06,01:43:26,1901.1539289977447,1901.1973191538152,1901.0881418946205,1901.172720143708,100,0,1
2011.10.07,01:43:26,1901.2117890192455,1901.262980044267,1901.166699046121,1901.2235521567145,100,0,1
2011.10.08,01:43:26,1901.1643183550284,1901.2168327863171,1901.1076649641195,1901.1645930121176,100,0,1
2011.10.09,01:43:26,1901.1300320937007,1901.166695651618,1901.049575563802,1901.1368970417786,100,0,1
2011.10.10,01:43:26,1901.1217455725314,1901.1529586850932,1901.041066518673,1901.122708405293,100,0,1
2011.10.11,01:43:26,1901.0203546831663,1901.0866800606711,1900.9643091253363,1901.0477078764343,100,0,1
2011.10.12,01:43:26,1901.0688981875278,1901.1408558538772,1900.9751523809189,1901.103797603511,100,0,1
2011.10.13,01:43:26,1901.099988481765,1901.1757424742298,1901.082522567368,1901.1078080013938,100,0,1
2011.10.14,01:43:26,1901.052130321023,1901.1250318678044,1901.0063169433874,1901.0320203387798,100,0,1
2011.10.15,01:43:26,1900.9459564936599,1901.0232076420623,1900.8889614051523,1901.0114172195263,100,0,1
2011.10.16,01:43:26,1900.9264040549583,1900.9691209321304,1900.8797625390996,1900.9382700378978,100,0,1
2011.10.17,01:43:26,1900.926809472226,1900.9845382951626,1900.8970929100353,1900.9710744458791,100,0,1
2011.10.18,01:43:26,1901.0023559811864,1901.061281633929,1900.9577945312299,1900.9767703936297,100,0,1
2011.10.19,01:43:26,1900.876074559732,1900.8842146687455,1900.8125496968232,1900.8257952443676,100,0,1
2011.10.20,01:43:26,1900.803745098428,1900.845182959366,1900.758527823089,1900.844101497458,100,0,1
2011.10.21,01:43:26,1900.7168355556241,1900.7871739348539,1900.6446849148726,1900.7325047091604,100,0,1
2011.10.22,01:43:26,1900.6952959032376,1900.7648570599274,1900.6196827229262,1900.757523123213,100,0,1
2011.10.23,01:43:26,1900.6258004612082,1900.6525969950692,1900.6166301285816,1900.6359614309922,100,0,1
2011.10.24,01:43:26,1900.578503891518,1900.6460982668195,1900.5095420258758,1900.6063216233777,100,0,1
2011.10.25,01:43:26,1900.5760349627774,1900.6035185514886,1900.503444545531,1900.5659125073514,100,0,1
2011.10.26,01:43:26,1900.5609202420126,1900.5834694881414,1900.509620491673,1900.511669741586,100,0,1
2011.10.27,01:43:26,1900.527878235967,1900.5910836887356,1900.4796918385543,1900.5277631713507,100,0,1
2011.10.28,01:43:26,1900.5309953599694,1900.5466179984367,1900.4693050007745,1900.4773157349289,100,0,1
2011.10.29,01:43:26,1900.628670162763,1900.6658285845006,1900.5701437606833,1900.5954252541865,100,0,1
2011.10.30,01:43:26,1900.6620053409677,1900.7134796089254,1900.6082598925668,1900.615412684092,100,0,1
2011.10.31,01:43:26,1900.7299623588124,1900.8062349480967,1900.6742961058421,1900.7125440956272,100,0,1
2011.11.01,01:43:26,1900.7228781360188,1900.7906738630832,1900.6672454951563,1900.702093843245,100,0,1
2011.11.02,01:43:26,1900.7360432077571,1900.7641330736608,1900.6720334342046,1900.7454390722787,100,0,1
2011.11.03,01:43:26,1900.7711781947996,1900.833286537951,1900.6977288831242,1900.7394877838742,100,0,1
2011.11.04,01:43:26,1900.7654579251796,1900.8129825359847,1900.7154021125164,1900.795880300128,100,0,1
2011.11.05,01:43:26,1900.6994675587591,1900.7907259240817,1900.614135291919,1900.6672925240237,100,0,1
2011.11.06,01:43:26,1900.692517940852,1900.7538763266627,1900.691430804552,1900.7344920839141,100,0,1
2011.11.07,01:43:26,1900.7654974522495,1900.8167339850463,1900.6768011356921,1900.6806336185516,100,0,1
2011.11.08,01:43:26,1900.642253424352,1900.684956658072,1900.587709827483,1900.6614737850755,100,0,1
2011.11.09,01:43:26,1900.5925435605318,1900.624388213921,1900.5186765449848,1900.5480833177621,100,0,1
2011.11.10,01:43:26,1900.512700099068,1900.5565157860258,1900.4384262530623,1900.4504828100191,100,0,1
2011.11.11,01:43:26,1900.4782506014437,1900.4857506517274,1900.4464584185978,1900.46279802894,100,0,1
2011.11.12,01:43:26,1900.5467727389994,1900.625749816275,1900.5306558731265,1900.5624131336392,100,0,1
2011.11.13,01:43:26,1900.6446743109975,1900.654853425428,1900.5868297068996,1900.6341573955006,100,0,1
2011.11.14,01:43:26,1900.7032783780248,1900.7608519820492,1900.640887576301,1900.751204522353,100,0,1
2011.11.15,01:43:26,1900.7121086724667,1900.7509108637662,1900.684060189577,1900.7110760707883,100,0,1
2011.11.16,01:43:26,1900.6972944440008,1900.7372422088295,1900.613871992476,1900.7151618147861,100,0,1
2011.11.17,01:43:26,1900.7036233734416,1900.7430943242694,1900.6415844084263,1900.6819533593664,100,0,1
2011.11.18,01:43:26,1900.7034012802021,1900.7712494920677,1900.6554598389073,1900.7711521035715,100,0,1
2011.11.19,01:43:26,1900.6609439340077,1900.7172158587161,1900.6115583058568,1900.668850959931,100,0,1
2011.11.20,01:43:26,1900.573860544052,1900.6149668352975,1900.523813845535,1900.5766200124926,100,0,1
2011.11.21,01:43:26,1900.5746848912747,1900.6353881138061,1900.5172616992845,1900.5610877524666,100,0,1
2011.11.22,01:43:26,1900.6171164083228,1900.6796790851167,1900.5597429260047,1900.5933908473455,100,0,1
2011.11.23,01:43:26,1900.5552796840823,1900.622475084131,1900.5524661976758,1900.582682700101,100,0,1
2011.11.24,01:43:26,1900.6168796325192,1900.6473741421478,1900.546208550153,1900.5838982932419,100,0,1
2011.11.25,01:43:26,1900.550982632925,1900.5937987937039,1900.5011568662678,1900.577774896157,100,0,1
2011.11.26,01:43:26,1900.5360762376042,1900.5639316123,1900.4778309608896,1900.4939125684302,100,0,1
2011.11.27,01:43:26,1900.557380915468,1900.5726800103034,1900.4799268790432,1900.4830239050266,100,0,1
2011.11.28,01:43:26,1900.603645096819,1900.6456573668513,1900.560604038187,1900.6050312543182,100,0,1
2011.11.29,01:43:26,1900.5215281115672,1900.5678216593521,1900.4730960192464,1900.5096423999987,100,0,1
2011.11.30,01:43:26,1900.510581848674,1900.5801730775,1900.4182079129334,1900.5274366487263,100,0,1
2011.12.01,01:43:26,1900.635444330167,1900.7190434380873,1900.5513699390287,1900.644457643165,100,0,1
2011.12.02,01:43:26,1900.5858803718022,1900.649640140502,1900.550361243333,1900.5883162850207,100,0,1
2011.12.03,01:43:26,1900.6610850578368,1900.678796964007,1900.6109282188115,1900.6740831965817,100,0,1
2011.12.04,01:43:26,1900.6482396092595,1900.7084001168919,1900.6100947123623,1900.6317734694048,100,0,1
2011.12.05,01:43:26,1900.6589223669491,1900.7256600502753,1900.6051140844436,1900.6363206573078,100,0,1
2011.12.06,01:43:26,1900.773273395955,1900.8348382885292,1900.7384415770441,1900.7619660715372,100,0,1
2011.12.07,01:43:26,1900.7987467906278,1900.837594155703,1900.7422065882345,1900.8180006454272,100,0,1
2011.12.08,01:43:26,1900.8053322443916,1900.831858891357,1900.767052971068,1900.828458876301,100,0,1
2011.12.09,01:43:26,1900.8239126146398,1900.8567987966617,1900.751163073347,1900.7970639942116,100,0,1
2011.12.10,01:43:26,1900.8429991818641,1900.9101910343966,1900.7937343531842,1900.8917625963197,100,0,1
2011.12.11,01:43:26,1900.8889043397207,1900.947896604832,1900.8390248772616,1900.8824910636024,100,0,1
2011.12.12,01:43:26,1900.7811404091337,1900.833840783052,1900.741595604957,1900.804838072542,100,0,1
2011.12.13,01:43:26,1900.6366758908828,1900.6968991019494,1900.5736346661638,1900.6058552690258,100,0,1
2011.12.14,01:43:26,1900.6559983666364,1900.7381847167328,1900.6256264658969,1900.6614776337854,100,0,1
2011.12.15,01:43:26,1900.6617357639766,1900.6979832294594,1900.6409493599922,1900.6501283769326,100,0,1
2011.12.16,01:43:26,1900.6016431341213,1900.6770344691713,1900.590258526608,1900.6326799361702,100,0,1
2011.12.17,01:43:26,1900.6148476491114,1900.6895057004588,1900.599404007861,1900.6612000068562,100,0,1
2011.12.18,01:43:26,1900.5405278859291,1900.5870749147696,1900.4553632871373,1900.5186396153579,100,0,1
2011.12.19,01:43:26,1900.5193537236346,1900.531079996821,1900.470093658367,1900.513332187304,100,0,1
2011.12.20,01:43:26,1900.5950671087317,1900.6578098674927,1900.5287971126443,1900.5326860841317,100,0,1
2011.12.21,01:43:26,1900.5913042621419,1900.646709349588,1900.5258332178946,1900.5667338835601,100,0,1
2011.12.22,01:43:26,1900.6362658021844,1900.6720103505204,1900.560857653705,1900.6310124954466,100,0,1
2011.12.23,01:43:26,1900.5604112236047,1900.610176149124,1900.5118755432975,1900.5786917527826,100,0,1
2011.12.24,01:43:26,1900.5959665666912,1900.6385513994155,1900.582760376188,1900.59940810769,100,0,1
2011.12.25,01:43:26,1900.5992441723738,1900.602333867295,1900.55828233016,1900.5670333370945,100,0,1
2011.12.26,01:43:26,1900.5733832853527,1900.6137220560415,1900.5678259305967,1900.6112103840453,100,0,1
2011.12.27,01:43:26,1900.655283319651,1900.7432621487953,1900.6005108962072,1900.6626161229444,100,0,1
2011.12.28,01:43:26,1900.590378745498,1900.644514318845,1900.4957041515738,1900.568542248342,100,0,1
2011.12.29,01:43:26,1900.6247975475662,1900.6629700588514,1900.5867335910366,1900.587729734391,100,0,1
2011.12.30,01:43:26,1900.592146583717,1900.6302176748636,1900.5110874742636,1900.5895551237477,100,0,1
2011.12.31,01:43:26,1900.6835866525655,1900.7673535240763,1900.6286278141963,1900.7540412361025,100,0,1
2012.01.01,01:43:26,1900.6629175271498,1900.6971247619747,1900.6347108334014,1900.6688315336426,100,0,1
2012.01.02,01:43:26,1900.6399023003517,1900.6944559373555,1900.5798900371274,1900.5995480471831,100,0,1
2012.01.03,01:43:26,1900.617894187939,1900.6247659389958,1900.5651224841506,1900.6066700433503,100,0,1
2012.01.04,01:43:26,1900.6175509637105,1900.6922686794435,1900.5986257279633,1900.6540206511552,100,0,1
2012.01.05,01:43:26,1900.7537924864907,1900.8692720464612,1900.7065334926917,1900.7207094397866,100,0,1
2012.01.06,01:43:26,1900.7979812391518,1900.848857476075,1900.732253189828,1900.8158684071761,100,0,1
2012.01.07,01:43:26,1900.836753523055,1900.8897344744937,1900.780500752312,1900.7863962432143,100,0,1
2012.01.08,01:43:26,1900.7818168413594,1900.8439798040151,1900.7635498917411,1900.765639116451,100,0,1
2012.01.09,01:43:26,1900.8315198382904,1900.8532447387881,1900.7903637642555,1900.804234284372,100,0,1
2012.01.10,01:43:26,1900.8772747643443,1900.8940989950463,1900.7815405585654,1900.802905829708,100,0,1
2012.01.11,01:43:26,1900.8614947981237,1900.923665698242,1900.8362633283577,1900.8854794468748,100,0,1
2012.01.12,01:43:26,1900.9544170100926,1901.0184088333078,1900.9190048968935,1900.9390645419612,100,0,1
2012.01.13,01:43:26,1901.084991245174,1901.1701635776124,1901.0457166845058,1901.0888003586203,100,0,1
2012.01.14,01:43:26,1900.9990201186279,1901.0335138335472,1900.943381449405,1901.0084025445694,100,0,1
2012.01.15,01:43:26,1901.0303106159815,1901.0908907924322,1900.9735318935795,1900.985038981276,100,0,1
2012.01.16,01:43:26,1901.0769635963627,1901.1196338160232,1901.0016452756704,1901.1066395614284,100,0,1
2012.01.17,01:43:26,1901.0744624155611,1901.1229280860728,1901.0412624508137,1901.0422635816224,100,0,1
2012.01.18,01:43:26,1901.031491176859,1901.0659607165044,1900.9563634441768,1901.0011963484556,100,0,1
2012.01.19,01:43:26,1901.002856659667,1901.0063894558239,1900.9542853699536,1900.959276111066,100,0,1
2012.01.20,01:43:26,1901.0668016190841,1901.0794555998427,1901.0292297710168,1901.076680721254,100,0,1
2012.01.21,01:43:26,1901.1284476902567,1901.1506054028382,1901.0602529217385,1901.1075444856122,100,0,1
2012.01.22,01:43:26,1901.1617332042233,1901.2052058020645,1901.0907404267634,1901.1369985837734,100,0,1
2012.01.23,01:43:26,1901.1807831707893,1901.246164254221,1901.1355961827492,1901.1777104385872,100,0,1
2012.01.24,01:43:26,1901.2450136174386,1901.2724153267495,1901.2006709833377,1901.2261995750648,100,0,1
2012.01.25,01:43:26,1901.2957644736061,1901.3634029414848,1901.2605992459428,1901.2815413446813,100,0,1
2012.01.26,01:43:26,1901.2371996991326,1901.2954209316674,1901.1416519765596,1901.2081481753921,100,0,1
2012.01.27,01:43:26,1901.2478997217727,1901.303940669228,1901.213151056019,1901.2347621511096,100,0,1
2012.01.28,01:43:26,1901.2414661174162,1901.2882834347438,1901.1910727291358,1901.2097392589314,100,0,1
2012.01.29,01:43:26,1901.2551447429653,1901.3367219067682,1901.2199574399579,1901.236902135689,100,0,1
2012.01.30,01:43:26,1901.3368837868318,1901.376673576667,1901.259974974269,1901.3260826674718,100,0,1
2012.01.31,01:43:26,1901.371573009175,1901.4123658101341,1901.3319008402832,1901.3998031560552,100,0,1
2012.02.01,01:43:26,1901.5059821111279,1901.5785399802878,1901.477849480127,1901.5596528318724,100,0,1
2012.02.02,01:43:26,1901.4906844804896,1901.5312076857451,1901.438978046478,1901.524223878311,100,0,1
2012.02.03,01:43:26,1901.4539521690328,1901.5439695251973,1901.4086518739766,1901.467712515782,100,0,1
2012.02.04,01:43:26,1901.3439652210218,1901.376836483994,1901.3025281603232,1901.323358673639,100,0,1
2012.02.05,01:43:26,1901.2591811304287,1901.3045280634008,1901.1992599515677,1901.2494889647946,100,0,1
2012.02.06,01:43:26,1901.2948939012622,1901.3284412828293,1901.2681245840329,1901.2959857095777,100,0,1
2012.02.07,01:43:26,1901.241105083368,1901.305247705543,1901.2070093462435,1901.287616358216,100,0,1
2012.02.08,01:43:26,1901.3086876172652,1901.3599047971175,1901.2804096246423,1901.3220622490958,100,0,1
2012.02.09,01:43:26,1901.343590673273,1901.4115480172536,1901.2716311416198,1901.366559494739,100,0,1
2012.02.10,01:43:26,1901.3396631763171,1901.3744611437385,1901.3279395017,1901.3596308630654,100,0,1
2012.02.11,01:43:26,1901.3140961645531,1901.3843144156042,1901.2798291133322,1901.3062958771832,100,0,1
2012.02.12,01:43:26,1901.2478457290558,1901.311077044344,1901.1900002038894,1901.2538548781872,100,0,1
2012.02.13,01:43:26,1901.2910687277674,1901.3628784402167,1901.2368949814054,1901.3456704228959,100,0,1
2012.02.14,01:43:26,1901.2940776302312,1901.3779803090977,1901.2356408097544,1901.253610492308,100,0,1
2012.02.15,01:43:26,1901.3251697349963,1901.3793540386046,1901.2907238943471,1901.3460823139437,100,0,1
2012.02.16,01:43:26,1901.268498456221,1901.2760439135334,1901.1733543494227,1901.2163369667444,100,0,1
2012.02.17,01:43:26,1901.2179004554664,1901.285990211496,1901.1675659926964,1901.195270544985,100,0,1
2012.02.18,01:43:26,1901.31029980875,1901.3515343924194,1901.2409395247464,1901.2635791687676,100,0,1
2012.02.19,01:43:26,1901.3207086368814,1901.382376963228,1901.2458553777847,1901.3081034412671,100,0,1
2012.02.20,01:43:26,1901.253725363874,1901.317340442743,1901.2045915640192,1901.205192928958,100,0,1
2012.02.21,01:43:26,1901.28360740179,1901.3153198773582,1901.252895473584,1901.260689604802,100,0,1
2012.02.22,01:43:26,1901.3692475535686,1901.4226340349057,1901.319299484664,1901.3777515777485,100,0,1
2012.02.23,01:43:26,1901.3491525367572,1901.3957277570844,1901.323196445182,1901.3551146273485,100,0,1
2012.02.24,01:43:26,1901.3916366142048,1901.420838229609,1901.3478368220844,1901.3537271736748,100,0,1
2012.02.25,01:43:26,1901.3998205675978,1901.439399191972,1901.3681166185004,1901.3862306983865,100,0,1
2012.02.26,01:43:26,1901.3380542402392,1901.392906062801,1901.2884805833892,1901.3426247348186,100,0,1
2012.02.27,01:43:26,1901.2487873133603,1901.2755302052688,1901.2178735093116,1901.2425572646598,100,0,1
2012.02.28,01:43:26,1901.2634401125622,1901.3091239136704,1901.1789760496565,1901.222120972792,100,0,1
2012.02.29,01:43:26,1901.1632820118575,1901.2143947248605,1901.1433777802097,1901.1691533584833,100,0,1
2012.03.01,01:43:26,1901.1870972340098,1901.2661418712091,1901.1379520290081,1901.2356565582995,100,0,1
2012.03.02,01:43:26,1901.1002395891144,1901.16349948902,1901.043454227199,1901.116281633454,100,0,1
2012.03.03,01:43:26,1901.0859509025324,1901.1106203786806,1901.016159838101,1901.0627820021007,100,0,1
2012.03.04,01:43:26,1901.143703109461,1901.185419211045,1901.1077960019013,1901.1314636910763,100,0,1
2012.03.05,01:43:26,1901.2001814171192,1901.2281766495855,1901.1390452672456,1901.2144848609194,100,0,1
2012.03.06,01:43:26,1901.1346734096633,1901.2110233444062,1901.0534687404513,1901.149554580569,100,0,1
2012.03.07,01:43:26,1901.1094651051853,1901.141232977616,1901.0386084963204,1901.0928853027092,100,0,1
2012.03.08,01:43:26,1901.1581194248058,1901.2243242132583,1901.128094429188,1901.1636304474837,100,0,1
2012.03.09,01:43:26,1901.1523177759243,1901.1667280131214,1901.098110246414,1901.1003695847403,100,0,1
2012.03.10,01:43:26,1901.179548958313,1901.213172451966,1901.1458835335955,1901.1668225671178,100,0,1
2012.03.11,01:43:26,1901.1601090707418,1901.2033477949237,1901.1151651170696,1901.1279011944152,100,0,1
2012.03.12,01:43:26,1901.1342909272892,1901.1356037234382,1901.1038592122804,1901.1210597689765,100,0,1
2012.03.13,01:43:26,1901.127270926511,1901.206012996172,1901.0991413217364,1901.1992460529243,100,0,1
2012.03.14,01:43:26,1901.1053251216347,1901.1475591027688,1901.0564420895614,1901.144784313295,100,0,1
2012.03.15,01:43:26,1901.0678111089046,1901.10624773112,1901.0118386575516,1901.1024053896517,100,0,1
2012.03.16,01:43:26,1901.008169556671,1901.0533349368375,1900.914815156685,1900.9174207799008,100,0,1
2012.03.17,01:43:26,1900.932353968473,1900.993225345108,1900.8956196200331,1900.945453664827,100,0,1
2012.03.18,01:43:26,1900.9803327582063,1901.0568363138027,1900.9019180078149,1900.9100353727163,100,0,1
2012.03.19,01:43:26,1900.944065630831,1901.013178556601,1900.843768870157,1901.0085118731508,100,0,1
2012.03.20,01:43:26,1900.8799003231356,1900.923357410646,1900.8544457890903,1900.9136465282177,100,0,1
2012.03.21,01:43:26,1900.8830878073009,1900.9174705716764,1900.827674833049,1900.88440581949,100,0,1
2012.03.22,01:43:26,1900.8425926585708,1900.8862624105623,1900.778403664323,1900.7888124430785,100,0,1
2012.03.23,01:43:26,1900.8545140459887,1900.9203722309553,1900.809717440856,1900.8739700509034,100,0,1
2012.03.24,01:43:26,1900.8092584567355,1900.8420964171814,1900.7666723861416,1900.8076805875478,100,0,1
2012.03.25,01:43:26,1900.830043920991,1900.9028154705195,1900.7742373653423,1900.8332738085262,100,0,1
2012.03.26,01:43:26,1900.8112670483454,1900.8468372713862,1900.779862221124,1900.8210392892543,100,0,1
2012.03.27,01:43:26,1900.8089458146412,1900.8308108095368,1900.754336575447,1900.7748214669562,100,0,1
2012.03.28,01:43:26,1900.859231044749,1900.9172621816742,1900.7909307711184,1900.802068741221,100,0,1
2012.03.29,01:43:26,1900.8969136016754,1900.9492803235928,1900.8436041387938,1900.8699118312118,100,0,1
2012.03.30,01:43:26,1901.0045746601609,1901.0681940507336,1900.9541486106489,1901.0273809688426,100,0,1
2012.03.31,01:43:26,1901.0023427300287,1901.049987383037,1900.9356301584655,1901.012325843057,100,0,1
2012.04.01,01:43:26,1900.9752255085343,1901.0388415894972,1900.9332809559423,1900.9383087077817,100,0,1
2012.04.02,01:43:26,1900.9772696950567,1901.0414341700362,1900.9123859239007,1901.02362455306,100,0,1
2012.04.03,01:43:26,1900.9776646803907,1901.0606353603655,1900.958481589444,1901.0116532239992,100,0,1
2012.04.04,01:43:26,1900.9556861565716,1900.9767308767987,1900.88906584961,1900.906517622098,100,0,1
2012.04.05,01:43:26,1901.0059207672716,1901.0596917924938,1900.9856812366806,1901.0347345256641,100,0,1
2012.04.06,01:43:26,1901.0112044196915,1901.0374213255925,1900.9417313041897,1900.9836137723162,100,0,1
2012.04.07,01:43:26,1901.0062055147678,1901.0426831415607,1900.9141695545225,1901.013918247269,100,0,1
2012.04.08,01:43:26,1901.133824867055,1901.1869437967941,1901.0860511723342,1901.1280144462514,100,0,1
2012.04.09,01:43:26,1901.0438513433821,1901.0795384147557,1900.9850512148703,1901.0729103845417,100,0,1
2012.04.10,01:43:26,1900.9952744682312,1901.0156791277493,1900.941896730945,1900.9646797217788,100,0,1
2012.04.11,01:43:26,1901.006328749304,1901.0882484733359,1900.9459822063434,1900.9996354641305,100,0,1
2012.04.12,01:43:26,1901.0917901917733,1901.141220814378,1901.04768034084,1901.1002954441442,100,0,1
2012.04.13,01:43:26,1901.1346677762479,1901.1467296054982,1901.1175281929077,1901.1265586226032,100,0,1
2012.04.14,01:43:26,1901.1823579826953,1901.203961147895,1901.1280589029207,1901.1357289497864,100,0,1
2012.04.15,01:43:26,1901.1739290118278,1901.2011461972795,1901.0932609723714,1901.1931558115095,100,0,1
2012.04.16,01:43:26,1901.0558359896042,1901.1012815443175,1900.9923792107732,1901.0835986121344,100,0,1
2012.04.17,01:43:26,1900.8637257955081,1900.917006637018,1900.819722159183,1900.8325210458452,100,0,1
2012.04.18,01:43:26,1901.0106884401432,1901.0841660219114,1900.9482612450038,1900.9716388574063,100,0,1
2012.04.19,01:43:26,1901.0292265197368,1901.0723555990874,1900.985613367597,1901.0414944484137,100,0,1
2012.04.20,01:43:26,1900.9880641082677,1901.0491089211844,1900.9843487910314,1901.0456618693468,100,0,1
2012.04.21,01:43:26,1900.9653799564385,1901.048624459753,1900.9526344447927,1900.9750985801754,100,0,1
2012.04.22,01:43:26,1901.0299755381955,1901.0560259013096,1900.9518443779127,1900.954520352953,100,0,1
2012.04.23,01:43:26,1901.0207600896633,1901.0575466923199,1900.9460742801184,1900.9483237075196,100,0,1
2012.04.24,01:43:26,1900.9790192170155,1901.0386802670462,1900.914913400496,1900.936521550983,100,0,1
2012.04.25,01:43:26,1901.0130623400746,1901.0572349740362,1900.941990578323,1900.9482346897182,100,0,1
2012.04.26,01:43:26,1900.973698270445,1901.0308111703403,1900.9492118531673,1900.9711884021149,100,0,1
2012.04.27,01:43:26,1900.9334368734203,1900.9682311109332,1900.8639283301027,1900.8698792711668,100,0,1
2012.04.28,01:43:26,1900.868637292614,1900.9362787324196,1900.8239738067346,1900.8524773602996,100,0,1
2012.04.29,01:43:26,1900.7834668780447,1900.8707321068118,1900.7261934359835,1900.8530526720685,100,0,1
2012.04.30,01:43:26,1900.849585981326,1900.9556637258124,1900.814323241912,1900.9543840710007,100,0,1
2012.05.01,01:43:26,1900.7962347388068,1900.8751474654925,1900.7706290732087,1900.8264089522456,100,0,1
2012.05.02,01:43:26,1900.802742008408,1900.8252177313807,1900.7647547275562,1900.7702354194012,100,0,1
2012.05.03,01:43:26,1900.8700621505157,1900.9651061696914,1900.8122061823374,1900.9108460333068,100,0,1
2012.05.04,01:43:26,1900.8448923048625,1900.9055654389842,1900.8123924295442,1900.8985513299956,100,0,1
2012.05.05,01:43:26,1900.7934183705356,1900.8809408542184,1900.7298636741614,1900.8055963739828,100,0,1
2012.05.06,01:43:26,1900.8402959187424,1900.889546593335,1900.8250823080614,1900.8887480571739,100,0,1
2012.05.07,01:43:26,1900.8323515073712,1900.852708787809,1900.783774625127,1900.8140912832812,100,0,1
2012.05.08,01:43:26,1900.8234965036393,1900.8623314452145,1900.7987958623678,1900.8594785354762,100,0,1
2012.05.09,01:43:26,1900.8804701653387,1900.9180018045995,1900.8505517089804,1900.9070308414339,100,0,1
2012.05.10,01:43:26,1900.824643946251,1900.8538405624097,1900.7823904641755,1900.788430625777,100,0,1
2012.05.11,01:43:26,1900.7839663848993,1900.8261805767931,1900.7690997386617,1900.8050944803979,100,0,1
2012.05.12,01:43:26,1900.8015453802773,1900.863541628146,1900.767824586599,1900.7740412757632,100,0,1
2012.05.13,01:43:26,1900.7506369860419,1900.7776836478863,1900.6815075828802,1900.757352001287,100,0,1
2012.05.14,01:43:26,1900.6702180097554,1900.7206128887065,1900.6406594608834,1900.7078532299633,100,0,1
2012.05.15,01:43:26,1900.567304896277,1900.655084823517,1900.5242386534078,1900.6410106945802,100,0,1
2012.05.16,01:43:26,1900.663373152757,1900.6791676315654,1900.5950422700391,1900.6576609254616,100,0,1
2012.05.17,01:43:26,1900.5571289390932,1900.6405976762405,1900.49493571276,1900.576361063086,100,0,1
2012.05.18,01:43:26,1900.5704638733503,1900.6278739892548,1900.5251418793905,1900.609097408194,100,0,1
2012.05.19,01:43:26,1900.6502270885976,1900.7207059702885,1900.609510170815,1900.6965013183412,100,0,1
2012.05.20,01:43:26,1900.7260782270148,1900.7845634560842,1900.70128801042,1900.7163169360022,100,0,1
2012.05.21,01:43:26,1900.8220475339251,1900.8450397742283,1900.7691061906867,1900.7736144557264,100,0,1
2012.05.22,01:43:26,1900.8204837539497,1900.8779908953609,1900.757121553547,1900.8539418548705,100,0,1
2012.05.23,01:43:26,1900.803521048592,1900.8561723836729,1900.734353309381,1900.8342321861592,100,0,1
2012.05.24,01:43:26,1900.8045185106096,1900.8538785233102,1900.744080555261,1900.8413204528927,100,0,1
2012.05.25,01:43:26,1900.7557491893035,1900.8376501238192,1900.6961777139627,1900.74391229574,100,0,1
2012.05.26,01:43:26,1900.69741679261,1900.7751541918624,1900.6610454049508,1900.7340108758115,100,0,1
2012.05.27,01:43:26,1900.6902533700595,1900.7435638783672,1900.622524523409,1900.7117203978992,100,0,1
2012.05.28,01:43:26,1900.6671049646432,1900.7026196843085,1900.611141037066,1900.6425402216673,100,0,1
2012.05.29,01:43:26,1900.6205441131397,1900.6720829992535,1900.563935034448,1900.6512479518276,100,0,1
2012.05.30,01:43:26,1900.5791409427916,1900.61929517315,1900.5345335466882,1900.5838537329687,100,0,1
2012.05.31,01:43:26,1900.6320384448602,1900.697074414904,1900.5603203043001,1900.6771584836968,100,0,1
2012.06.01,01:43:26,1900.6468020621428,1900.6675946060323,1900.6020312583437,1900.6221126742907,100,0,1
2012.06.02,01:43:26,1900.6602093569845,1900.6988468058923,1900.6256894895666,1900.696704415974,100,0,1
2012.06.03,01:43:26,1900.6752308369284,1900.7380643451513,1900.5965701711439,1900.715324195387,100,0,1
2012.06.04,01:43:26,1900.637310372015,1900.6724450815623,1900.5764460417101,1900.6502524054697,100,0,1
2012.06.05,01:43:26,1900.6309391218174,1900.6728903251137,1900.5845996072558,1900.6364966992728,100,0,1
2012.06.06,01:43:26,1900.634066872918,1900.64617410393,1900.5594938045244,1900.6422284571768,100,0,1
2012.06.07,01:43:26,1900.7503974070155,1900.8342495488164,1900.67271957192,1900.7790197184675,100,0,1
2012.06.08,01:43:26,1900.7080995693739,1900.7989206227123,1900.6789163902056,1900.7589977041748,100,0,1
2012.06.09,01:43:26,1900.6998453413225,1900.7250880615065,1900.6457923394023,1900.6649548313278,100,0,1
2012.06.10,01:43:26,1900.6570024451407,1900.7082910949966,1900.6327389601045,1900.665650623095,100,0,1
2012.06.11,01:43:26,1900.7121808692782,1900.7686377674202,1900.655248052639,1900.6650716379404,100,0,1
2012.06.12,01:43:26,1900.7551804789098,1900.7970047465492,1900.6836382386973,1900.690796738058,100,0,1
2012.06.13,01:43:26,1900.7583102342537,1900.8089169011303,1900.6835871892806,1900.7459465677682,100,0,1
2012.06.14,01:43:26,1900.8319652264415,1900.885599333099,1900.751960447854,1900.7561334324862,100,0,1
2012.06.15,01:43:26,1900.7774030734586,1900.7986938985644,1900.671712539799,1900.7790237314714,100,0,1
2012.06.16,01:43:26,1900.745214774348,1900.7970087481833,1900.7292536174884,1900.7619186534764,100,0,1
2012.06.17,01:43:26,1900.7472510808777,1900.8233361067682,1900.716256499378,1900.7563296086516,100,0,1
2012.06.18,01:43:26,1900.8033356516614,1900.9077960768516,1900.8000088233086,1900.9021812950093,100,0,1
2012.06.19,01:43:26,1900.8677822793088,1900.9223571926805,1900.8261996367928,1900.8641373500286,100,0,1
2012.06.20,01:43:26,1900.8340096638888,1900.8978111039976,1900.8245037997087,1900.831688623953,100,0,1
2012.06.21,01:43:26,1900.9141897198188,1900.941153784479,1900.8665422502897,1900.886005528096,100,0,1
2012.06.22,01:43:26,1900.9346993376937,1900.9581664091718,1900.8872950850725,1900.9071949498407,100,0,1
2012.06.23,01:43:26,1901.0186253723834,1901.0744257357785,1900.9570412643889,1901.023636632079,100,0,1
2012.06.24,01:43:26,1901.0075100535882,1901.0524391846816,1900.95456266186,1901.046377682097,100,0,1
2012.06.25,01:43:26,1900.9738171522395,1901.0246886231,1900.917542811823,1901.0065353899786,100,0,1
2012.06.26,01:43:26,1901.0262279464519,1901.0824547670527,1901.0059699024755,1901.0176296116574,100,0,1
2012.06.27,01:43:26,1901.0338434456494,1901.1051783523867,1900.963900219674,1901.0875310399133,100,0,1
2012.06.28,01:43:26,1901.1259346906827,1901.1842188812855,1901.0768403467273,1901.1566069775965,100,0,1
2012.06.29,01:43:26,1901.0389617703781,1901.0794566284744,1900.9723991954777,1901.053444154154,100,0,1
2012.06.30,01:43:26,1901.0980114383644,1901.1504428279786,1901.0474796893504,1901.1326794576225,100,0,1
2012.07.01,01:43:26,1901.102086580037,1901.152332421203,1901.030068902262,1901.0370564556645,100,0,1
2012.07.02,01:43:26,1901.1597831957595,1901.232088708528,1901.1008841054183,1901.2284466367553,100,0,1
2012.07.03,01:43:26,1901.1241393872494,1901.1630229174261,1901.0786962546595,1901.1288978940554,100,0,1
2012.07.04,01:43:26,1901.1487031649651,1901.2327005502352,1901.117916858077,1901.1429902665523,100,0,1
2012.07.05,01:43:26,1901.1079183878219,1901.1400346356286,1901.0632510624755,1901.0983919097123,100,0,1
2012.07.06,01:43:26,1901.1237235841165,1901.1723682429629,1901.0739691587478,1901.0802623467391,100,0,1
2012.07.07,01:43:26,1901.1595386329636,1901.2039908745712,1901.0936167615039,1901.1725114671528,100,0,1
2012.07.08,01:43:26,1901.1659749584874,1901.2240197589563,1901.101720342609,1901.131935923924,100,0,1
2012.07.09,01:43:26,1901.1446163437492,1901.2029091662803,1901.0734065484498,1901.1108863084164,100,0,1
2012.07.10,01:43:26,1901.0961460229528,1901.146848031666,1901.012019572475,1901.0903286806042,100,0,1
2012.07.11,01:43:26,1901.125958645461,1901.168783128977,1901.064548494972,1901.104832223446,100,0,1
2012.07.12,01:43:26,1901.1291772200564,1901.1842029067134,1901.0686836833218,1901.1771852734194,100,0,1
2012.07.13,01:43:26,1901.1229752068846,1901.1663688419003,1901.055050795474,1901.058763358514,100,0,1
2012.07.14,01:43:26,1901.186286927623,1901.2401375798963,1901.1276077963576,1901.1805681456126,100,0,1
2012.07.15,01:43:26,1901.1695042778213,1901.1867778509547,1901.088113778467,1901.163365277131,100,0,1
2012.07.16,01:43:26,1901.2290631113797,1901.2466042524236,1901.1741545482196,1901.1860119683884,100,0,1
2012.07.17,01:43:26,1901.3599145200965,1901.4399874673636,1901.3198619999578,1901.3933975962386,100,0,1
2012.07.18,01:43:26,1901.3843276455202,1901.4231809760458,1901.3264960816214,1901.372151756397,100,0,1
2012.07.19,01:43:26,1901.328501446601,1901.3891342015786,1901.2891451668067,1901.3101345581183,100,0,1
2012.07.20,01:43:26,1901.3856712707534,1901.424676964516,1901.3019417157857,1901.3029691311883,100,0,1
2012.07.21,01:43:26,1901.3565356055906,1901.4215142399578,1901.3266000119004,1901.3268934559019,100,0,1
2012.07.22,01:43:26,1901.4112239856001,1901.475618871273,1901.3646584304793,1901.4742353044255,100,0,1
2012.07.23,01:43:26,1901.2946612766216,1901.342093599567,1901.2795937517992,1901.3160085244974,100,0,1
2012.07.24,01:43:26,1901.2852024905333,1901.3179023576288,1901.2197170926963,1901.26949687239,100,0,1
2012.07.25,01:43:26,1901.2536378216687,1901.3287424499326,1901.1859572605608,1901.2301236728008,100,0,1
2012.07.26,01:43:26,1901.194070248376,1901.2425744301295,1901.133103232755,1901.1516602420115,100,0,1
2012.07.27,01:43:26,1901.1488327578516,1901.179530094767,1901.080006780851,1901.14419624673,100,0,1
2012.07.28,01:43:26,1901.080286294323,1901.1557803587377,1901.037132904251,1901.059313437913,100,0,1
2012.07.29,01:43:26,1901.0642832573908,1901.126265102391,1901.0271092010457,1901.0352851964628,100,0,1
2012.07.30,01:43:26,1900.962340912776,1901.0227131125591,1900.8850789246017,1900.9766956491198,100,0,1
2012.07.31,01:43:26,1900.9490622849871,1900.9645446149145,1900.8815719445663,1900.964314494964,100,0,1
2012.08.01,01:43:26,1900.9907701076086,1901.0237666077117,1900.9455983703417,1900.9606870959258,100,0,1
2012.08.02,01:43:26,1901.0067810440823,1901.0619681921628,1900.9391964363933,1901.051492205447,100,0,1
2012.08.03,01:43:26,1901.0135165327285,1901.0734424292157,1900.96690272646,1901.0425215141988,100,0,1
2012.08.04,01:43:26,1901.0756329151266,1901.0976913725228,1901.0130124868333,1901.0433244863561,100,0,1
2012.08.05,01:43:26,1901.115652591102,1901.1347263221412,1901.0877600126069,1901.0934369631527,100,0,1
2012.08.06,01:43:26,1901.0977372721882,1901.152467084165,1901.0282443930466,1901.076058241174,100,0,1
2012.08.07,01:43:26,1901.0794597672366,1901.0853580043686,1901.0320659570207,1901.0742751159496,100,0,1
2012.08.08,01:43:26,1901.0642730806112,1901.0947141179859,1901.0090021721041,1901.0700836842323,100,0,1
2012.08.09,01:43:26,1901.0606670682903,1901.0840310707813,1901.0154624617824,1901.055382432962,100,0,1
2012.08.10,01:43:26,1901.0605344444277,1901.0963460175565,1901.0091776747845,1901.087956994594,100,0,1
2012.08.11,01:43:26,1901.0109049237794,1901.0842916673041,1900.962417343881,1901.0395066183812,100,0,1
2012.08.12,01:43:26,1900.999817889585,1901.0578893183874,1900.9430632624421,1901.0085933762807,100,0,1
2012.08.13,01:43:26,1900.955711067584,1901.02452689802,1900.8825504032845,1900.984537597489,100,0,1
2012.08.14,01:43:26,1901.0248446408614,1901.0532590366054,1900.9668655810801,1900.973005745975,100,0,1
2012.08.15,01:43:26,1901.0220668252227,1901.0556892229392,1900.980929272059,1901.0064949026357,100,0,1
2012.08.16,01:43:26,1901.0019547291004,1901.038098339769,1900.9255738130726,1900.9850863927577,100,0,1
2012.08.17,01:43:26,1901.0343721997056,1901.086238014805,1901.001507124538,1901.0778135099886,100,0,1
2012.08.18,01:43:26,1901.064019251071,1901.1212606014763,1901.0183308622745,1901.0536587155627,100,0,1
2012.08.19,01:43:26,1901.0816424322284,1901.0961549951267,1901.0475042090463,1901.0627757975415,100,0,1
2012.08.20,01:43:26,1901.0494500339955,1901.078390256964,1900.9880333608655,1900.9912966352501,100,0,1
2012.08.21,01:43:26,1900.9869107851384,1901.0420481275144,1900.9849282020227,1900.9967817890977,100,0,1
2012.08.22,01:43:26,1900.9739904156795,1901.0261300134898,1900.9134812285256,1901.0123482749586,100,0,1
2012.08.23,01:43:26,1900.968598250761,1901.0441330603774,1900.9313924788576,1900.9318817946555,100,0,1
2012.08.24,01:43:26,1901.0862181804566,1901.1233019005062,1901.0198256487997,1901.0216892211372,100,0,1
2012.08.25,01:43:26,1901.062121392007,1901.1280677256884,1901.049237738644,1901.0945431707285,100,0,1
2012.08.26,01:43:26,1901.0266858347559,1901.0940956170361,1900.966214069366,1901.0108671687392,100,0,1
2012.08.27,01:43:26,1901.085804656568,1901.152030143671,1901.0352312618515,1901.0895987641015,100,0,1
2012.08.28,01:43:26,1901.1050444124628,1901.1464142709842,1901.045781221125,1901.139880269918,100,0,1
2012.08.29,01:43:26,1901.1316056413568,1901.1674035122433,1901.0880331024441,1901.1046037516437,100,0,1
2012.08.30,01:43:26,1901.1852790765965,1901.2258149373376,1901.131780286846,1901.2011020029288,100,0,1
2012.08.31,01:43:26,1901.1519176853378,1901.2222118927118,1901.0893862778012,1901.1177611849116,100,0,1
2012.09.01,01:43:26,1901.1572572236607,1901.1988897648075,1901.1429824476352,1901.1652914370698,100,0,1
2012.09.02,01:43:26,1901.234000846514,1901.2691450198138,1901.1980662352685,1901.2504867440468,100,0,1
2012.09.03,01:43:26,1901.126801218756,1901.2173834696086,1901.0703146363878,1901.1508999772707,100,0,1
2012.09.04,01:43:26,1901.1192796588507,1901.1777678515214,1901.1072802252227,1901.1322669234519,100,0,1
2012.09.05,01:43:26,1901.1688401956235,1901.2222210614839,1901.144937793912,1901.1464497523448,100,0,1
2012.09.06,01:43:26,1901.1593191745765,1901.2104710577853,1901.0968795042254,1901.1769671048946,100,0,1
2012.09.07,01:43:26,1901.0143694159851,1901.0399540874841,1900.9640437661735,1900.975454210111,100,0,1
2012.09.08,01:43:26,1900.8331525924177,1900.8665296383995,1900.785688010731,1900.849528180357,100,0,1
2012.09.09,01:43:26,1900.8338846185763,1900.9069261708614,1900.7889493690427,1900.8178064887313,100,0,1
2012.09.10,01:43:26,1900.8335487232732,1900.8541240326233,1900.730559000909,1900.7488601127054,100,0,1
2012.09.11,01:43:26,1900.8231310509007,1900.8532446511515,1900.717302069969,1900.8501745982633,100,0,1
2012.09.12,01:43:26,1900.8511080733474,1900.8826191999212,1900.8166578197174,1900.8577568890605,100,0,1
2012.09.13,01:43:26,1900.8424910932986,1900.8878984294406,1900.7541166050216,1900.8438630520154,100,0,1
2012.09.14,01:43:26,1900.88902504097,1900.9496818093914,1900.8766238639216,1900.9437864874383,100,0,1
2012.09.15,01:43:26,1900.872941051264,1900.9568309633603,1900.8393142358705,1900.8645949533782,100,0,1
2012.09.16,01:43:26,1900.8717097758283,1900.903695402845,1900.8274997751794,1900.8935556529514,100,0,1
2012.09.17,01:43:26,1900.907010667791,1900.9789092312885,1900.8832572668205,1900.9723895106254,100,0,1
2012.09.18,01:43:26,1900.8860549018275,1900.91200375851,1900.81464087864,1900.9118307901497,100,0,1
2012.09.19,01:43:26,1900.9581496469182,1900.9775082932638,1900.9196923757115,1900.960598536854,100,0,1
2012.09.20,01:43:26,1900.9599767716827,1900.993837805398,1900.9273019030943,1900.9686073099415,100,0,1
2012.09.21,01:43:26,1900.883966573203,1900.9645801920096,1900.8470055931548,1900.9524500612401,100,0,1
2012.09.22,01:43:26,1900.909048037031,1900.980418829638,1900.868535523682,1900.880306993187,100,0,1
2012.09.23,01:43:26,1900.8562206092734,1900.9261528625198,1900.8055827006358,1900.8243808545906,100,0,1
2012.09.24,01:43:26,1900.9388197546075,1900.9778965792493,1900.8883282998606,1900.965566340238,100,0,1
2012.09.25,01:43:26,1900.9969823231172,1901.0489725862762,1900.9696493256874,1901.003648094762,100,0,1
2012.09.26,01:43:26,1901.0418148306233,1901.1071401059914,1900.9585686734395,1901.092926820507,100,0,1
2012.09.27,01:43:26,1901.0877387141184,1901.152858385725,1901.0336315746727,1901.0493916751714,100,0,1
2012.09.28,01:43:26,1901.0988197156407,1901.1306048622378,1901.0133369384707,1901.0825166277127,100,0,1
2012.09.29,01:43:26,1901.157613261576,1901.2149950650632,1901.1024229199832,1901.1193713064044,100,0,1
2012.09.30,01:43:26,1901.1113450253113,1901.1648172645266,1901.014162006265,1901.0347155029112,100,0,1
2012.10.01,01:43:26,1901.1993342977166,1901.2820378986214,1901.1230300990896,1901.1386205731262,100,0,1
2012.10.02,01:43:26,1901.2365022084446,1901.315239228839,1901.1727119798954,1901.2638130335881,100,0,1
2012.10.03,01:43:26,1901.3034341690757,1901.3573331176874,1901.2686792765937,1901.324466933313,100,0,1
2012.10.04,01:43:26,1901.3007231962442,1901.3122895725032,1901.2430103642237,1901.2794943173342,100,0,1
2012.10.05,01:43:26,1901.258068556806,1901.320924928707,1901.2189724985196,1901.2704657792958,100,0,1
2012.10.06,01:43:26,1901.3214689697893,1901.352603546218,1901.2780280351096,1901.3122152882563,100,0,1
2012.10.07,01:43:26,1901.3228085286207,1901.3651222673095,1901.2970799982993,1901.3440417968848,100,0,1
2012.10.08,01:43:26,1901.2760705780815,1901.3783865803923,1901.2576941209102,1901.375898881903,100,0,1
2012.10.09,01:43:26,1901.2760945618388,1901.3130762039873,1901.2246023969471,1901.3041722823052,100,0,1
2012.10.10,01:43:26,1901.2212211556507,1901.251421691209,1901.2136225849965,1901.2333815852712,100,0,1
2012.10.11,01:43:26,1901.3099037309867,1901.3381152335098,1901.2115244562706,1901.2776338222166,100,0,1
2012.10.12,01:43:26,1901.390173438301,1901.4332921774476,1901.321826089984,1901.3813775287556,100,0,1
2012.10.13,01:43:26,1901.3821085185687,1901.4607084235158,1901.3162541860152,1901.4469287726272,100,0,1
2012.10.14,01:43:26,1901.3946002268574,1901.4658816632443,1901.3338413250337,1901.4444871045503,100,0,1
2012.10.15,01:43:26,1901.5139592974842,1901.5602338937695,1901.4710892566573,1901.4938505906441,100,0,1
2012.10.16,01:43:26,1901.49765912723,1901.5367896996866,1901.4575285301066,1901.5090637837116,100,0,1
2012.10.17,01:43:26,1901.5814476533837,1901.6223334355107,1901.554831372986,1901.5866723832155,100,0,1
2012.10.18,01:43:26,1901.5230584434946,1901.5722492350649,1901.4593699517557,1901.5090274686738,100,0,1
2012.10.19,01:43:26,1901.4887720679685,1901.5095606550362,1901.4405691074269,1901.4547621205247,100,0,1
2012.10.20,01:43:26,1901.4737525488092,1901.5586546035624,1901.4695289653284,1901.5330836489397,100,0,1
2012.10.21,01:43:26,1901.453773399206,1901.5042148292205,1901.3870630634242,1901.4127582940343,100,0,1
2012.10.22,01:43:26,1901.408665319964,1901.475113298705,1901.35307695961,1901.4675384154743,100,0,1
2012.10.23,01:43:26,1901.3696448942835,1901.3853150113969,1901.313326361719,1901.359664892932,100,0,1
2012.10.24,01:43:26,1901.3940088454224,1901.47446964352,1901.3103423893351,1901.3324921145097,100,0,1
2012.10.25,01:43:26,1901.5309912189416,1901.5858728607739,1901.5046919535414,1901.5494276178679,100,0,1
2012.10.26,01:43:26,1901.4863674854012,1901.53998867811,1901.4135124686038,1901.4474875501696,100,0,1
2012.10.27,01:43:26,1901.4850498569747,1901.5557272225165,1901.4369428404189,1901.5070298562853,100,0,1
2012.10.28,01:43:26,1901.5030647709325,1901.562275345795,1901.461034554889,1901.5275648678958,100,0,1
2012.10.29,01:43:26,1901.5726656121942,1901.6005825771806,1901.5028779809845,1901.5264947542164,100,0,1
2012.10.30,01:43:26,1901.576822946029,1901.6310374270133,1901.5521356520997,1901.6199326146605,100,0,1
2012.10.31,01:43:26,1901.5354369857077,1901.5790336872503,1901.5030803909162,1901.573420987352,100,0,1
2012.11.01,01:43:26,1901.6129466454713,1901.6610163480038,1901.5949280761704,1901.6180095198483,100,0,1
2012.11.02,01:43:26,1901.6249514572824,1901.6310431291433,1901.6009972777367,1901.6184505227152,100,0,1
2012.11.03,01:43:26,1901.6927188890313,1901.7098135451465,1901.6088265821866,1901.689048272356,100,0,1
2012.11.04,01:43:26,1901.7335599300181,1901.8003168307107,1901.6984385214882,1901.7679400068926,100,0,1
2012.11.05,01:43:26,1901.7572633855955,1901.8247192113188,1901.7024718154996,1901.776627370156,100,0,1
2012.11.06,01:43:26,1901.7324309380544,1901.7659506296718,1901.6763772367908,1901.70090773158,100,0,1
2012.11.07,01:43:26,1901.7201484364782,1901.7573653015775,1901.6972763833953,1901.7561060719609,100,0,1
2012.11.08,01:43:26,1901.6400258130416,1901.709974370403,1901.58220232587,1901.673595967324,100,0,1
2012.11.09,01:43:26,1901.5945379938144,1901.6517417854857,1901.5216951339573,1901.5460563377844,100,0,1
2012.11.10,01:43:26,1901.6104300573124,1901.6180414625785,1901.5881339089667,1901.5956874072822,100,0,1
2012.11.11,01:43:26,1901.583998684843,1901.6569181978748,1901.5792044372797,1901.6164084810002,100,0,1
2012.11.12,01:43:26,1901.6146315798708,1901.6573806493745,1901.5472657853506,1901.5589556893583,100,0,1
2012.11.13,01:43:26,1901.523765966458,1901.5872383581202,1901.4732973449059,1901.5454583118794,100,0,1
2012.11.14,01:43:26,1901.5292287781456,1901.5855222782018,1901.4964753184254,1901.5647574331656,100,0,1
2012.11.15,01:43:26,1901.5115514587253,1901.5347164244843,1901.4279346501903,1901.5290208173237,100,0,1
2012.11.16,01:43:26,1901.453475493985,1901.5034617266801,1901.3941686800672,1901.4345061602958,100,0,1
2012.11.17,01:43:26,1901.5172489056263,1901.576846159845,1901.456704900591,1901.4725458440055,100,0,1
2012.11.18,01:43:26,1901.4848813896556,1901.5187475872328,1901.4425353178322,1901.4958273786867,100,0,1
2012.11.19,01:43:26,1901.5417719916386,1901.5989156084838,1901.498313257433,1901.5962936303265,100,0,1
2012.11.20,01:43:26,1901.5680446433478,1901.6068808547807,1901.5087617508877,1901.5459250902168,100,0,1
2012.11.21,01:43:26,1901.555107755887,1901.6176131709838,1901.4550416217191,1901.5412711476029,100,0,1
2012.11.22,01:43:26,1901.6107729303365,1901.6892777805085,1901.5421176412412,1901.6652059181577,100,0,1
2012.11.23,01:43:26,1901.6238453927213,1901.6494438877392,1901.592019265512,1901.6120375775345,100,0,1
2012.11.24,01:43:26,1901.6431990229755,1901.6890969769252,1901.5908373146772,1901.6371280788585,100,0,1
2012.11.25,01:43:26,1901.7150867409741,1901.7641912790568,1901.6674580509818,1901.7066269484992,100,0,1
2012.11.26,01:43:26,1901.7622119220175,1901.7656437451587,1901.7296077828453,1901.7337823968173,100,0,1
2012.11.27,01:43:26,1901.77745647736,1901.8704274553918,1901.7433022383632,1901.8391711994527,100,0,1
2012.11.28,01:43:26,1901.810149680268,1901.8781633318795,1901.755340857753,1901.8554618894543,100,0,1
2012.11.29,01:43:26,1901.8075346950304,1901.8581535146955,1901.7559233283816,1901.805333876316,100,0,1
2012.11.30,01:43:26,1901.857026929016,1901.9167470214268,1901.8028981728696,1901.90106046022,100,0,1
2012.12.01,01:43:26,1901.8121478219973,1901.8723174395518,1901.7480951762586,1901.8096401526793,100,0,1
2012.12.02,01:43:26,1901.824159526424,1901.8728049647702,1901.7835402580683,1901.8704071724203,100,0,1
2012.12.03,01:43:26,1901.7986626023524,1901.856495210799,1901.7460557255922,1901.8081924113935,100,0,1
2012.12.04,01:43:26,1901.7958841341658,1901.8744054587414,1901.742829564553,1901.7515977392645,100,0,1
2012.12.05,01:43:26,1901.7235976296504,1901.7655840306084,1901.6748965468646,1901.7205213771022,100,0,1
2012.12.06,01:43:26,1901.6838442370554,1901.7054827108655,1901.6590151144671,1901.700525404871,100,0,1
2012.12.07,01:43:26,1901.684127825964,1901.7081048241473,1901.6430065064703,1901.6449426954641,100,0,1
2012.12.08,01:43:26,1901.7360461291419,1901.7818938982168,1901.640199928721,1901.707053750322,100,0,1
2012.12.09,01:43:26,1901.7320148763602,1901.8212887691782,1901.7017308965414,1901.7535568471678,100,0,1
2012.12.10,01:43:26,1901.5968123243351,1901.662791011938,1901.5340835204822,1901.6067120637354,100,0,1
2012.12.11,01:43:26,1901.6708976491789,1901.7037444614075,1901.647040167302,1901.651661012062,100,0,1
2012.12.12,01:43:26,1901.7177463290218,1901.83888436505,1901.6832425302339,1901.817351218146,100,0,1
2012.12.13,01:43:26,1901.7167925591225,1901.7612906544516,1901.6750922323224,1901.7084401060583,100,0,1
2012.12.14,01:43:26,1901.7057239028334,1901.7771306385348,1901.6702994816858,1901.7265967527364,100,0,1
2012.12.15,01:43:26,1901.7556197486892,1901.7954589712347,1901.7325406524772,1901.7727237706015,100,0,1
2012.12.16,01:43:26,1901.7885345765178,1901.8796576771556,1901.735424082774,1901.8792532078462,100,0,1
2012.12.17,01:43:26,1901.8513068184207,1901.9391229561918,1901.81073327807,1901.933806465367,100,0,1
2012.12.18,01:43:26,1901.8236652384812,1901.8883801736647,1901.7772854751122,1901.8170548199278,100,0,1
2012.12.19,01:43:26,1901.8873304212125,1901.9246918180413,1901.861086082108,1901.8723227439268,100,0,1
2012.12.20,01:43:26,1901.890394207736,1901.9042190927617,1901.8682782335793,1901.8918059136586,100,0,1
2012.12.21,01:43:26,1901.8421879190334,1901.892225741398,1901.7818920004302,1901.8476344827673,100,0,1
2012.12.22,01:43:26,1901.777208959245,1901.8284746776455,1901.7082958256376,1901.7868513782132,100,0,1
2012.12.23,01:43:26,1901.7188638214195,1901.7775316501402,1901.671831707523,1901.7102260608353,100,0,1
2012.12.24,01:43:26,1901.675686443643,1901.701050184416,1901.6574922280167,1901.6842995765392,100,0,1
2012.12.25,01:43:26,1901.691258560261,1901.707202257817,1901.6458336078535,1901.6948705272089,100,0,1
2012.12.26,01:43:26,1901.644545969176,1901.734267609291,1901.6407275688298,1901.6521620376377,100,0,1
2012.12.27,01:43:26,1901.7120795583758,1901.7781100118914,1901.6601003835276,1901.7578104442184,100,0,1
2012.12.28,01:43:26,1901.7975995286254,1901.8527141257014,1901.7557756145345,1901.7564834052987,100,0,1
2012.12.29,01:43:26,1901.8528761567939,1901.8609748913439,1901.8299594717057,1901.8410438911358,100,0,1
2012.12.30,01:43:26,1901.825697600943,1901.8336817078014,1901.7693988474089,1901.7789174172653,100,0,1
2012.12.31,01:43:26,1901.7403944053299,1901.7899336749801,1901.6925788129065,1901.7810686781354,100,0,1
2013.01.01,01:43:26,1901.758111509274,1901.7908936309348,1901.707956265676,1901.7510435515574,100,0,1
2013.01.02,01:43:26,1901.7123042319404,1901.7388694126396,1901.6776334233466,1901.7343556860576,100,0,1
2013.01.03,01:43:26,1901.5741189080102,1901.6375299877816,1901.5564378618008,1901.5572220649128,100,0,1
2013.01.04,01:43:26,1901.636474896786,1901.668531208376,1901.5707157333793,1901.6093354218951,100,0,1
2013.01.05,01:43:26,1901.535582772906,1901.607475620788,1901.4897539980482,1901.5362173266917,100,0,1
2013.01.06,01:43:26,1901.5591039880878,1901.626316591996,1901.475371480099,1901.4845366757443,100,0,1
2013.01.07,01:43:26,1901.5438874624774,1901.596400404776,1901.4755179957688,1901.5948699674757,100,0,1
2013.01.08,01:43:26,1901.515301859407,1901.5849672061736,1901.47981969319,1901.5368515501573,100,0,1
2013.01.09,01:43:26,1901.5954618131602,1901.6471917219335,1901.576457036045,1901.6003945355408,100,0,1
2013.01.10,01:43:26,1901.4897644472667,1901.498294585276,1901.437227712807,1901.4386541327544,100,0,1
2013.01.11,01:43:26,1901.4297740228737,1901.4963509126765,1901.36436898178,1901.4506213001923,100,0,1
2013.01.12,01:43:26,1901.424966103584,1901.4454280185162,1901.3776048776547,1901.3860406826143,100,0,1
2013.01.13,01:43:26,1901.4149759475617,1901.4587644210806,1901.3974579473906,1901.4242301422173,100,0,1
2013.01.14,01:43:26,1901.4754153126532,1901.5082149896816,1901.4257980723958,1901.4629797339928,100,0,1
2013.01.15,01:43:26,1901.478509205113,1901.5300551375758,1901.4613625912816,1901.4916950861245,100,0,1
2013.01.16,01:43:26,1901.487479965545,1901.5333232099852,1901.4542487907768,1901.483768975698,100,0,1
2013.01.17,01:43:26,1901.4656830002798,1901.5527308772848,1901.4032939231938,1901.4290792866611,100,0,1
2013.01.18,01:43:26,1901.3801962489606,1901.4132076940473,1901.3307463857996,1901.3514420517415,100,0,1
2013.01.19,01:43:26,1901.4221560901633,1901.454884645262,1901.3560953794793,1901.4429877860684,100,0,1
2013.01.20,01:43:26,1901.4187559679704,1901.4719856527993,1901.3654137882156,1901.3805528481064,100,0,1
2013.01.21,01:43:26,1901.4403545827806,1901.5030386645965,1901.4088920989714,1901.4123650709698,100,0,1
2013.01.22,01:43:26,1901.3081967130386,1901.3467686228737,1901.2599269991344,1901.3215630648465,100,0,1
2013.01.23,01:43:26,1901.2968496729939,1901.351540033343,1901.2638141610284,1901.3181487542408,100,0,1
2013.01.24,01:43:26,1901.348172379723,1901.3815572784883,1901.251096920908,1901.265237682432,100,0,1
2013.01.25,01:43:26,1901.3459309005862,1901.421106126813,1901.3085783184652,1901.3733418054144,100,0,1
2013.01.26,01:43:26,1901.3593400773848,1901.4326185606815,1901.3007195926407,1901.3498664735719,100,0,1
2013.01.27,01:43:26,1901.2279652009165,1901.3083210890381,1901.199105306279,1901.2618931948537,100,0,1
2013.01.28,01:43:26,1901.2850448907955,1901.3320418550466,1901.2367563690757,1901.3299784418623,100,0,1
2013.01.29,01:43:26,1901.2435586868758,1901.3182476314566,1901.2160369972846,1901.2882832618618,100,0,1
2013.01.30,01:43:26,1901.076861114163,1901.1263903978993,1901.0505485399979,1901.1009603760958,100,0,1
2013.01.31,01:43:26,1901.0599714971904,1901.1282216138661,1900.9952380871466,1901.0494258965405,100,0,1
2013.02.01,01:43:26,1901.0470584576299,1901.06705386921,1900.979807742835,1901.0635355657664,100,0,1
2013.02.02,01:43:26,1901.0070567186644,1901.0697704937959,1901.0026734312767,1901.0614000917524,100,0,1
2013.02.03,01:43:26,1901.051681756547,1901.1116415778224,1900.9967116590838,1901.1113117127552,100,0,1
2013.02.04,01:43:26,1900.9737050270014,1901.0279137928785,1900.8985208491508,1900.9625394223922,100,0,1
2013.02.05,01:43:26,1901.051924609845,1901.105279288,1900.974253789192,1901.0182716994127,100,0,1
2013.02.06,01:43:26,1901.0569998240856,1901.117528796179,1900.9919829316898,1901.0459205983311,100,0,1
2013.02.07,01:43:26,1900.962035782382,1901.0223659893675,1900.8935672101377,1901.0112720950553,100,0,1
2013.02.08,01:43:26,1901.0256876853593,1901.0633586510016,1900.9879408194981,1900.9945797579503,100,0,1
2013.02.09,01:43:26,1900.9804885504136,1901.0287764144196,1900.9651120000965,1901.006789497066,100,0,1
2013.02.10,01:43:26,1900.9612402686985,1900.9652189444919,1900.912051023058,1900.9165887791069,100,0,1
2013.02.11,01:43:26,1901.0277898499114,1901.0818684423677,1900.950941322916,1901.005949991501,100,0,1
2013.02.12,01:43:26,1900.9630060399195,1901.0284062780395,1900.909842472789,1901.013813357842,100,0,1
2013.02.13,01:43:26,1900.9951349638834,1901.0372778427989,1900.946711534814,1901.0063186877865,100,0,1
2013.02.14,01:43:26,1901.0329128132564,1901.0803346326998,1900.9640983064605,1901.014589645769,100,0,1
2013.02.15,01:43:26,1900.9182235157161,1900.9745411310676,1900.895214184127,1900.9458779041884,100,0,1
2013.02.16,01:43:26,1900.9137506317666,1900.9893282783464,1900.8733568672317,1900.9458143195593,100,0,1
2013.02.17,01:43:26,1900.9303497402777,1900.9742828281524,1900.8799488654486,1900.973984409983,100,0,1
2013.02.18,01:43:26,1900.9148397342212,1900.9837102108893,1900.8796208362191,1900.9011031289222,100,0,1
2013.02.19,01:43:26,1900.8931909860657,1900.9130644123263,1900.8118686019236,1900.8776393982064,100,0,1
2013.02.20,01:43:26,1900.8278406712245,1900.8660461296747,1900.7678168431644,1900.7911764342389,100,0,1
2013.02.21,01:43:26,1900.8020641000417,1900.87025334603,1900.7312484342106,1900.7606179020092,100,0,1
2013.02.22,01:43:26,1900.7532070263253,1900.787563516151,1900.7300901143353,1900.7788518734003,100,0,1
2013.02.23,01:43:26,1900.7133135828776,1900.7681050104577,1900.6617275456144,1900.7324441507133,100,0,1
2013.02.24,01:43:26,1900.6988228653722,1900.742637101767,1900.6723723425885,1900.7313488405384,100,0,1
2013.02.25,01:43:26,1900.7269659593874,1900.772780339865,1900.696136818158,1900.7202252594302,100,0,1
2013.02.26,01:43:26,1900.7336976211616,1900.7659329701444,1900.6588337747758,1900.6856560617944,100,0,1
2013.02.27,01:43:26,1900.833042048268,1900.8787845446775,1900.7835504206669,1900.808889852956,100,0,1
2013.02.28,01:43:26,1900.7814519089088,1900.8224264148485,1900.7165315532552,1900.7657521012202,100,0,1
2013.03.01,01:43:26,1900.7648313481473,1900.8185605010035,1900.7143890983612,1900.7174769834264,100,0,1
2013.03.02,01:43:26,1900.727909284284,1900.765320989145,1900.6692839960333,1900.7472908493041,100,0,1
2013.03.03,01:43:26,1900.7806569008062,1900.8449296880858,1900.7223655621847,1900.7957427443298,100,0,1
2013.03.04,01:43:26,1900.7148918327675,1900.80867660845,1900.6709208853815,1900.7763855572796,100,0,1
2013.03.05,01:43:26,1900.6950911844945,1900.7480304318008,1900.6217162455137,1900.6739287576036,100,0,1
2013.03.06,01:43:26,1900.6551956407047,1900.6917239202703,1900.605558354822,1900.6209665000176,100,0,1
2013.03.07,01:43:26,1900.648765794518,1900.6715888960055,1900.6265809472236,1900.6641403695894,100,0,1
2013.03.08,01:43:26,1900.6181849843824,1900.6214024180604,1900.5564615183673,1900.59960254148,100,0,1
2013.03.09,01:43:26,1900.5944990387316,1900.6242911410939,1900.5260794081107,1900.5434692025383,100,0,1
2013.03.10,01:43:26,1900.6117526036742,1900.6675230875808,1900.5410983583592,1900.6046279341208,100,0,1
2013.03.11,01:43:26,1900.5763147181726,1900.6780427992271,1900.5111340458539,1900.6619050568952,100,0,1
2013.03.12,01:43:26,1900.5886524210548,1900.6451031222484,1900.5167489592402,1900.5548214027158,100,0,1
2013.03.13,01:43:26,1900.5895913441168,1900.6693424769283,1900.5201688408558,1900.5730439814768,100,0,1
2013.03.14,01:43:26,1900.643983511874,1900.6620824383274,1900.5975067564584,1900.6095498232676,100,0,1
2013.03.15,01:43:26,1900.7341647758694,1900.834211888788,1900.7058998453924,1900.722728185519,100,0,1
2013.03.16,01:43:26,1900.7205035183,1900.7362676644448,1900.6771012061283,1900.6779790195244,100,0,1
2013.03.17,01:43:26,1900.7396519783733,1900.7898924988608,1900.689518748021,1900.7527215858638,100,0,1
2013.03.18,01:43:26,1900.7727809368955,1900.8066345878904,1900.7046076424856,1900.777953030421,100,0,1
2013.03.19,01:43:26,1900.7793301485622,1900.8215078677283,1900.7471642992973,1900.7719474081955,100,0,1
2013.03.20,01:43:26,1900.82077968372,1900.8898766604807,1900.7421385015377,1900.784223629354,100,0,1
2013.03.21,01:43:26,1900.8746744232392,1900.91367771698,1900.8610763679753,1900.8686622709342,100,0,1
2013.03.22,01:43:26,1900.933545813352,1900.962396956489,1900.8624726393186,1900.8722578573054,100,0,1
2013.03.23,01:43:26,1900.8645412436204,1900.9119484781113,1900.8196532907975,1900.8584227396607,100,0,1
2013.03.24,01:43:26,1900.9445857156443,1900.9641715579892,1900.9109648154397,1900.9405800801987,100,0,1
2013.03.25,01:43:26,1900.98318539188,1901.0487336094602,1900.9327169983865,1901.0186061082725,100,0,1
2013.03.26,01:43:26,1901.025539169873,1901.0789100796276,1901.0010470280185,1901.0438018931386,100,0,1
2013.03.27,01:43:26,1900.939763658809,1901.004809839847,1900.9166559948403,1900.988029914321,100,0,1
2013.03.28,01:43:26,1901.0056419560108,1901.0505745609098,1900.9352596889091,1901.0455876452297,100,0,1
2013.03.29,01:43:26,1901.0279640667181,1901.0625335571306,1900.9682626493275,1901.0108669271062,100,0,1
2013.03.30,01:43:26,1900.9942024716886,1901.0387961087267,1900.9396915894122,1900.9440204692523,100,0,1
2013.03.31,01:43:26,1901.0695501980376,1901.1296766886765,1901.0182869422636,1901.0468148339678,100,0,1
2013.04.01,01:43:26,1901.0065396608672,1901.0272359528578,1900.9411276480946,1901.0158627270503,100,0,1
2013.04.02,01:43:26,1901.0591501391184,1901.0972324239413,1901.0053821279807,1901.0476942918344,100,0,1
2013.04.03,01:43:26,1900.949881248544,1900.960071610589,1900.8920452383552,1900.95274361719,100,0,1
2013.04.04,01:43:26,1901.053236328147,1901.1013485004792,1900.9861825096011,1901.0792357822538,100,0,1
2013.04.05,01:43:26,1901.0121610649687,1901.0914950462684,1900.9278918044233,1900.9660456223119,100,0,1
2013.04.06,01:43:26,1901.0618548242992,1901.1082315828385,1901.0076622935878,1901.0561045807658,100,0,1
2013.04.07,01:43:26,1901.091642870782,1901.14903899103,1901.0603493340898,1901.0853004725332,100,0,1
2013.04.08,01:43:26,1901.0692100369429,1901.0794986926655,1901.0246971692454,1901.0720591122317,100,0,1
2013.04.09,01:43:26,1901.1219872721397,1901.2143914761473,1901.0516686213607,1901.180386797409,100,0,1
2013.04.10,01:43:26,1901.1408977951767,1901.215236748241,1901.0885471132824,1901.1371512964513,100,0,1
2013.04.11,01:43:26,1901.0674622242045,1901.1269843889158,1901.034902036229,1901.0831393248516,100,0,1
2013.04.12,01:43:26,1901.1368006187615,1901.2010611564524,1901.0971624220756,1901.1908002779317,100,0,1
2013.04.13,01:43:26,1901.0852614308772,1901.156275282975,1901.0392867461785,1901.077992082688,100,0,1
2013.04.14,01:43:26,1901.1454257710507,1901.1776485585806,1901.045139177463,1901.170095158212,100,0,1
2013.04.15,01:43:26,1901.0641333929655,1901.098837402256,1901.034936648447,1901.0769160690031,100,0,1
2013.04.16,01:43:26,1901.0768089287794,1901.1215110136354,1901.0434390706525,1901.1110952822994,100,0,1
2013.04.17,01:43:26,1901.0979713681318,1901.1474954557598,1901.0814687013662,1901.1295260140548,100,0,1
2013.04.18,01:43:26,1901.1468137754894,1901.1838861615427,1901.0720109317895,1901.1265220254445,100,0,1
2013.04.19,01:43:26,1901.1448600960039,1901.219692881642,1901.0772411068835,1901.2136460781464,100,0,1
2013.04.20,01:43:26,1901.160372642363,1901.2106945011558,1901.0793404271865,1901.1212850442662,100,0,1
2013.04.21,01:43:26,1901.2180619698272,1901.2617190494818,1901.179492634097,1901.2451262467498,100,0,1
2013.04.22,01:43:26,1901.1791004101394,1901.2447373163848,1901.1370352920444,1901.1761897716794,100,0,1
2013.04.23,01:43:26,1901.24965298052,1901.2858315109042,1901.2089247002052,1901.2635703668745,100,0,1
2013.04.24,01:43:26,1901.1458222110084,1901.1996738029684,1901.0928022285193,1901.167425223449,100,0,1
2013.04.25,01:43:26,1901.1362488697891,1901.1685460255549,1901.0924558985091,1901.1634936868131,100,0,1
2013.04.26,01:43:26,1901.0656493350316,1901.1036536681277,1901.011869405231,1901.0140932857832,100,0,1
2013.04.27,01:43:26,1901.0566716861672,1901.1207417515095,1901.0334046042458,1901.0919442501033,100,0,1
2013.04.28,01:43:26,1901.0274936303695,1901.1000952104864,1900.9792730506485,1901.0964658634641,100,0,1
2013.04.29,01:43:26,1901.0822290664,1901.1491237062958,1901.0205417932546,1901.0969896906408,100,0,1
2013.04.30,01:43:26,1901.0081255886626,1901.0557096134542,1900.9515701601174,1900.9845005533316,100,0,1
2013.05.01,01:43:26,1901.0184695245628,1901.0576799171358,1900.9970550867993,1901.0192375843,100,0,1
2013.05.02,01:43:26,1900.9083253364042,1900.9232097748713,1900.8504082473394,1900.8655802773458,100,0,1
2013.05.03,01:43:26,1900.9350575030132,1901.018807221803,1900.870652273426,1901.0145260938423,100,0,1
2013.05.04,01:43:26,1900.8634401390211,1900.939651097412,1900.7809494931157,1900.9164299893744,100,0,1
2013.05.05,01:43:26,1900.8444078837767,1900.8499939391488,1900.7750198623487,1900.794470254981,100,0,1
2013.05.06,01:43:26,1900.8737322789857,1900.896856398043,1900.8234669987025,1900.8920410823703,100,0,1
2013.05.07,01:43:26,1900.8704095387711,1900.8827881014106,1900.8286336492824,1900.8298238198201,100,0,1
2013.05.08,01:43:26,1900.9026871970655,1900.9613634747682,1900.8847933544698,1900.8920629304384,100,0,1
2013.05.09,01:43:26,1900.9878010502987,1901.0260617364488,1900.9465857087819,1901.0209221489274,100,0,1
2013.05.10,01:43:26,1900.9717895931058,1901.0402559001657,1900.8986409811764,1900.9411706079077,100,0,1
2013.05.11,01:43:26,1900.9058020237162,1900.960416214077,1900.8381400889236,1900.880552276341,100,0,1
2013.05.12,01:43:26,1900.8779925123013,1900.9353674873448,1900.8651052963712,1900.882821638991,100,0,1
2013.05.13,01:43:26,1900.8774725999874,1900.9419203863488,1900.8154244861282,1900.9339141805312,100,0,1
2013.05.14,01:43:26,1900.8819545638403,1900.916635322861,1900.861983987571,1900.9064318188096,100,0,1
2013.05.15,01:43:26,1900.9686624478704,1901.0332269227517,1900.8785139154759,1901.0090428911499,100,0,1
2013.05.16,01:43:26,1900.9535252638716,1900.9859525625097,1900.88161167683,1900.9139507887048,100,0,1
2013.05.17,01:43:26,1900.940231516779,1900.9927233194253,1900.900805114075,1900.9262062054245,100,0,1
2013.05.18,01:43:26,1900.8995142779813,1900.9536239246963,1900.8437972585134,1900.932505255927,100,0,1
2013.05.19,01:43:26,1900.902416209854,1900.962417624067,1900.8884374855757,1900.9488048498645,100,0,1
2013.05.20,01:43:26,1900.91091597316,1900.9783749213775,1900.84083352884,1900.9104403051917,100,0,1
2013.05.21,01:43:26,1900.9374318761106,1901.005888653162,1900.8727389623677,1900.957915042327,100,0,1
2013.05.22,01:43:26,1901.048851953189,1901.078417068063,1900.9899995475585,1900.994940524953,100,0,1
2013.05.23,01:43:26,1901.0714579170183,1901.12321599095,1901.0083725027039,1901.1170463144592,100,0,1
2013.05.24,01:43:26,1901.1171377013786,1901.1486950990509,1901.0734991916293,1901.142118398764,100,0,1
2013.05.25,01:43:26,1901.1248551236697,1901.1992002517627,1901.097952865529,1901.1939337067681,100,0,1
2013.05.26,01:43:26,1901.141621964471,1901.1719480098493,1901.0705485300928,1901.1426442964553,100,0,1
2013.05.27,01:43:26,1901.1006474151059,1901.1170126431186,1901.0727374900146,1901.115713513659,100,0,1
2013.05.28,01:43:26,1901.1397192904417,1901.1763974469857,1901.112071912769,1901.1269891744234,100,0,1
2013.05.29,01:43:26,1901.2296983268536,1901.2559278050337,1901.2003683470364,1901.2556278798177,100,0,1
2013.05.30,01:43:26,1901.2050769387224,1901.2541392829448,1901.154165717721,1901.2478449820005,100,0,1
2013.05.31,01:43:26,1901.2385474053162,1901.3253517950352,1901.1594625272571,1901.194944215457,100,0,1
2013.06.01,01:43:26,1901.312558167297,1901.3714127213561,1901.2504411602754,1901.2631412454614,100,0,1
2013.06.02,01:43:26,1901.3869436910159,1901.431557087013,1901.3372457200956,1901.3844298444121,100,0,1
2013.06.03,01:43:26,1901.3732681042302,1901.415921855816,1901.3055018126051,1901.3987633698227,100,0,1
2013.06.04,01:43:26,1901.4229521553389,1901.4561418548253,1901.3666726639497,1901.3802723821675,100,0,1
2013.06.05,01:43:26,1901.4250377817912,1901.4528929785668,1901.3345917818806,1901.3670998544615,100,0,1
2013.06.06,01:43:26,1901.4998460605557,1901.5592775343166,1901.4454775750366,1901.4698607568184,100,0,1
2013.06.07,01:43:26,1901.440996442958,1901.5066356344917,1901.3730359804829,1901.4892738121669,100,0,1
2013.06.08,01:43:26,1901.4661997634796,1901.5249932021102,1901.439261674965,1901.46771221818,100,0,1
2013.06.09,01:43:26,1901.3529957277533,1901.4045683880406,1901.3168213237034,1901.397128210545,100,0,1
2013.06.10,01:43:26,1901.3735580166774,1901.427635429244,1901.3264929079749,1901.4017818836053,100,0,1
2013.06.11,01:43:26,1901.346434193644,1901.392089396342,1901.2804820238116,1901.3359685324,100,0,1
2013.06.12,01:43:26,1901.380727676947,1901.436283241528,1901.356406231323,1901.382687306081,100,0,1
2013.06.13,01:43:26,1901.3773111982991,1901.4316681081957,1901.338914584215,1901.408451489686,100,0,1
2013.06.14,01:43:26,1901.367490516984,1901.4161181087907,1901.2871620275478,1901.3735266195745,100,0,1
2013.06.15,01:43:26,1901.3650821078165,1901.3931222614265,1901.3061494861558,1901.323086719365,100,0,1
2013.06.16,01:43:26,1901.3147309177668,1901.380365142357,1901.252879148856,1901.357118739532,100,0,1
2013.06.17,01:43:26,1901.247826085538,1901.2932522403057,1901.208682749824,1901.225861903062,100,0,1
2013.06.18,01:43:26,1901.3307629537558,1901.3607062654658,1901.288343829872,1901.332074827167,100,0,1
2013.06.19,01:43:26,1901.3638870984094,1901.4379379648567,1901.3368684010854,1901.3618494603306,100,0,1
2013.06.20,01:43:26,1901.3720636321889,1901.405499796086,1901.3169133996364,1901.3911349040588,100,0,1
2013.06.21,01:43:26,1901.3410517285572,1901.4004314494966,1901.2821825469648,1901.3495019464376,100,0,1
2013.06.22,01:43:26,1901.3678387173718,1901.3935688890188,1901.2992458927904,1901.3097092442545,100,0,1
2013.06.23,01:43:26,1901.3980815619873,1901.3995641257288,1901.3627170135585,1901.3955723307088,100,0,1
2013.06.24,01:43:26,1901.4287897259403,1901.4936605818214,1901.4014607147471,1901.4577084164657,100,0,1
2013.06.25,01:43:26,1901.4141420103244,1901.4763338230484,1901.3920834262062,1901.4140855550652,100,0,1
2013.06.26,01:43:26,1901.5120027912058,1901.5749309956593,1901.4494238068683,1901.5149315000147,100,0,1
2013.06.27,01:43:26,1901.55777048971,1901.6258205533932,1901.4923735329087,1901.5501101479147,100,0,1
2013.06.28,01:43:26,1901.6264971432904,1901.667955964486,1901.5697658948393,1901.649498046941,100,0,1
2013.06.29,01:43:26,1901.6185065803752,1901.6573274148707,1901.57548462477,1901.6111433223923,100,0,1
2013.06.30,01:43:26,1901.6082297367843,1901.664373445949,1901.5649329265534,1901.6081346220928,100,0,1
2013.07.01,01:43:26,1901.5381858580852,1901.5758431123168,1901.4856238894524,1901.5722767286911,100,0,1
2013.07.02,01:43:26,1901.570902339166,1901.6010398320154,1901.5248964675527,1901.5841433399132,100,0,1
2013.07.03,01:43:26,1901.6094554519243,1901.6510683295394,1901.5549611383838,1901.623178343543,100,0,1
2013.07.04,01:43:26,1901.5593308663808,1901.6056986671936,1901.4859197475068,1901.5630462987779,100,0,1
2013.07.05,01:43:26,1901.5201289747438,1901.5614427915145,1901.476129342131,1901.557304715487,100,0,1
2013.07.06,01:43:26,1901.5267790985288,1901.5761368465699,1901.4771806799224,1901.5212366345925,100,0,1
2013.07.07,01:43:26,1901.4282761908455,1901.4803925129174,1901.362581739683,1901.4200529046695,100,0,1
2013.07.08,01:43:26,1901.3915167091266,1901.433269607083,1901.329233828738,1901.3338634605866,100,0,1
2013.07.09,01:43:26,1901.4860742022468,1901.5129877081608,1901.4367637245584,1901.5106388495262,100,0,1
2013.07.10,01:43:26,1901.4359599530758,1901.4784944576377,1901.4132771478712,1901.4493541195118,100,0,1
2013.07.11,01:43:26,1901.5040092424438,1901.579431986444,1901.429535806698,1901.575240966638,100,0,1
2013.07.12,01:43:26,1901.5395946039737,1901.601086601089,1901.490501895252,1901.5069215196286,100,0,1
2013.07.13,01:43:26,1901.5267093414386,1901.5635757828761,1901.4618649603585,1901.4753372742236,100,0,1
2013.07.14,01:43:26,1901.4187874084378,1901.4888006204726,1901.3734487408485,1901.470502656469,100,0,1
2013.07.15,01:43:26,1901.374959922933,1901.4090400911932,1901.2854922820575,1901.313053817762,100,0,1
2013.07.16,01:43:26,1901.4129996167576,1901.435798273142,1901.3868951095253,1901.429759624162,100,0,1
2013.07.17,01:43:26,1901.375273892976,1901.429731501712,1901.297118547051,1901.3594707039576,100,0,1
2013.07.18,01:43:26,1901.4792464527893,1901.5330344386293,1901.4123930230835,1901.456074085664,100,0,1
2013.07.19,01:43:26,1901.4556337333424,1901.5085890108658,1901.4147083205878,1901.4535739615947,100,0,1
2013.07.20,01:43:26,1901.4533150624272,1901.482386458459,1901.3950308120184,1901.4441148414192,100,0,1
2013.07.21,01:43:26,1901.4096176257788,1901.4706331370437,1901.356331285246,1901.4121401564005,100,0,1
2013.07.22,01:43:26,1901.37429736934,1901.429984284482,1901.2893919281703,1901.380872083499,100,0,1
2013.07.23,01:43:26,1901.348196519642,1901.3817426910923,1901.2776990180512,1901.2994737720603,100,0,1
2013.07.24,01:43:26,1901.3558150917931,1901.3909756423552,1901.2992837945926,1901.3491934831163,100,0,1
2013.07.25,01:43:26,1901.3214671067615,1901.330996443676,1901.2656030912774,1901.3266945378916,100,0,1
2013.07.26,01:43:26,1901.3139581867183,1901.338373004221,1901.2568030822426,1901.3028980274798,100,0,1
2013.07.27,01:43:26,1901.3138711973602,1901.3964825660203,1901.237189294508,1901.2669003776323,100,0,1
2013.07.28,01:43:26,1901.3235599269917,1901.3679769657563,1901.2996875383099,1901.336736517798,100,0,1
2013.07.29,01:43:26,1901.372041365364,1901.4111555163772,1901.2951044199929,1901.327489745922,100,0,1
2013.07.30,01:43:26,1901.4524588264521,1901.5422151251887,1901.4340022283363,1901.4436302170056,100,0,1
2013.07.31,01:43:26,1901.472986844577,1901.5423241966955,1901.408138650322,1901.4229022129539,100,0,1
2013.08.01,01:43:26,1901.5366756417698,1901.577547209673,1901.475594139852,1901.5598634360065,100,0,1
2013.08.02,01:43:26,1901.5274725784273,1901.5515313552164,1901.5087273859212,1901.523712007842,100,0,1
2013.08.03,01:43:26,1901.6022694406636,1901.6819061446095,1901.5487459346248,1901.6815148331605,100,0,1
2013.08.04,01:43:26,1901.4854596366436,1901.5142676551181,1901.4119912643953,1901.4248250538076,100,0,1
2013.08.05,01:43:26,1901.4500289605776,1901.4970865348484,1901.3730584547752,1901.4948020596375,100,0,1
2013.08.06,01:43:26,1901.4959084750312,1901.5622927056959,1901.481693872678,1901.5376866150905,100,0,1
2013.08.07,01:43:26,1901.4930741517014,1901.53951711122,1901.4445091987552,1901.480485515794,100,0,1
2013.08.08,01:43:26,1901.4717876221405,1901.5108571109186,1901.4419533565886,1901.4915922248836,100,0,1
2013.08.09,01:43:26,1901.510103174761,1901.510235110638,1901.4407537589366,1901.4505177493634,100,0,1
2013.08.10,01:43:26,1901.525532101292,1901.5773169850077,1901.4757096830656,1901.568232595295,100,0,1
2013.08.11,01:43:26,1901.5401898124055,1901.5850987941437,1901.4967004130285,1901.5590961877597,100,0,1
2013.08.12,01:43:26,1901.4830815333312,1901.5128403938347,1901.441182835732,1901.4948660322955,100,0,1
2013.08.13,01:43:26,1901.436534894001,1901.4844556408518,1901.3561929484022,1901.4839150033151,100,0,1
2013.08.14,01:43:26,1901.5109383304982,1901.5573102589772,1901.461074202861,1901.4730676055924,100,0,1
2013.08.15,01:43:26,1901.586994776332,1901.618014525198,1901.556066156431,1901.579844511138,100,0,1
2013.08.16,01:43:26,1901.4930515559583,1901.5303854346282,1901.4662600112067,1901.4807123222236,100,0,1
2013.08.17,01:43:26,1901.507827501967,1901.5541208303805,1901.4611704426352,1901.464382865392,100,0,1
2013.08.18,01:43:26,1901.5105815823486,1901.5480839616312,1901.4739863336342,1901.5285037787096,100,0,1
2013.08.19,01:43:26,1901.4285455333534,1901.4753067378342,1901.4059148228914,1901.460612788916,100,0,1
2013.08.20,01:43:26,1901.513070425647,1901.5647374033167,1901.4162189278127,1901.4386788398276,100,0,1
2013.08.21,01:43:26,1901.5616026165437,1901.636891836018,1901.5149345572827,1901.585727167877,100,0,1
2013.08.22,01:43:26,1901.5646594903296,1901.6073995503666,1901.5374824641829,1901.5860041310164,100,0,1
2013.08.23,01:43:26,1901.6187510391683,1901.671163914639,1901.5640118563206,1901.6565143618477,100,0,1
2013.08.24,01:43:26,1901.5841825282441,1901.6168468158837,1901.5356589101543,1901.6049364591486,100,0,1
2013.08.25,01:43:26,1901.5849014881483,1901.6067116558559,1901.484526622835,1901.6008131867197,100,0,1
2013.08.26,01:43:26,1901.6703809782457,1901.707315913213,1901.6349956601734,1901.699185701593,100,0,1
2013.08.27,01:43:26,1901.7523670514431,1901.8271057290947,1901.6940392545293,1901.721870851223,100,0,1
2013.08.28,01:43:26,1901.764134582462,1901.80545442635,1901.7368146993872,1901.7462961590254,100,0,1
2013.08.29,01:43:26,1901.8229786353065,1901.8307031823306,1901.7975910965497,1901.8208908717043,100,0,1
2013.08.30,01:43:26,1901.8026824362203,1901.844683876777,1901.7362892465278,1901.8373924057578,100,0,1
2013.08.31,01:43:26,1901.772531011774,1901.8119258909048,1901.719065751149,1901.7805132957324,100,0,1
2013.09.01,01:43:26,1901.7890978541018,1901.8084933840523,1901.733531185562,1901.7621962377323,100,0,1
2013.09.02,01:43:26,1901.7667240080286,1901.8438398808325,1901.6810474527451,1901.6960030964578,100,0,1
2013.09.03,01:43:26,1901.7006394768136,1901.744184495174,1901.6621351590627,1901.6906178434567,100,0,1
2013.09.04,01:43:26,1901.648742717913,1901.720424195666,1901.606780461377,1901.6612343708982,100,0,1
2013.09.05,01:43:26,1901.7079436955667,1901.73645062366,1901.6812891960492,1901.7346873606778,100,0,1
2013.09.06,01:43:26,1901.5973122728362,1901.6456457468194,1901.5122299620027,1901.5142816214561,100,0,1
2013.09.07,01:43:26,1901.5475884403465,1901.5978283712811,1901.5114024657066,1901.5217549146955,100,0,1
2013.09.08,01:43:26,1901.558530131151,1901.5933940077905,1901.5581085090585,1901.5692720913682,100,0,1
2013.09.09,01:43:26,1901.5660954358605,1901.648821145805,1901.522957455821,1901.5726212529823,100,0,1
2013.09.10,01:43:26,1901.5638077731483,1901.5942720566263,1901.5336722242585,1901.5542995720245,100,0,1
2013.09.11,01:43:26,1901.6319488107738,1901.6725288650155,1901.558270786887,1901.5748769230358,100,0,1
2013.09.12,01:43:26,1901.5899858342364,1901.6402064094557,1901.5425084123008,1901.5511017412505,100,0,1
2013.09.13,01:43:26,1901.6257101784092,1901.6551533715176,1901.5615347794792,1901.6166788873436,100,0,1
2013.09.14,01:43:26,1901.587801600223,1901.6142781239341,1901.5365423502135,1901.5661180822133,100,0,1
2013.09.15,01:43:26,1901.5065190076307,1901.54468318137,1901.402726125602,1901.4461784256628,100,0,1
2013.09.16,01:43:26,1901.5192716437004,1901.5477939481275,1901.4723228835337,1901.5298781498868,100,0,1
2013.09.17,01:43:26,1901.5204698974774,1901.5619667972428,1901.4426405381068,1901.543891627252,100,0,1
2013.09.18,01:43:26,1901.5152514684523,1901.588279833514,1901.4846347409266,1901.5660770318088,100,0,1
2013.09.19,01:43:26,1901.4483153552128,1901.4681826826632,1901.3863495932603,1901.388815141393,100,0,1
2013.09.20,01:43:26,1901.5265223988345,1901.6108772073587,1901.4704117705842,1901.495335920775,100,0,1
2013.09.21,01:43:26,1901.4769635731286,1901.5334171048569,1901.400379422748,1901.4388183454155,100,0,1
2013.09.22,01:43:26,1901.4198573264828,1901.4657094241284,1901.4018045389255,1901.4564601632565,100,0,1
2013.09.23,01:43:26,1901.3271173243381,1901.4162960423637,1901.291171059533,1901.3066419726797,100,0,1
2013.09.24,01:43:26,1901.3154574755104,1901.363652381608,1901.2859017511435,1901.3392726326151,100,0,1
2013.09.25,01:43:26,1901.286706325891,1901.338553635351,1901.253698699818,1901.322838812465,100,0,1
2013.09.26,01:43:26,1901.2439023773104,1901.3040305439977,1901.1938103188702,1901.2071944882678,100,0,1
2013.09.27,01:43:26,1901.273066119341,1901.3015048030836,1901.1908762665898,1901.2552459303568,100,0,1
2013.09.28,01:43:26,1901.3314206235266,1901.387306643307,1901.3124638679803,1901.3637900001206,100,0,1
2013.09.29,01:43:26,1901.4064432313826,1901.462545228943,1901.3311011783744,1901.386594222158,100,0,1
2013.09.30,01:43:26,1901.3643373771436,1901.380881586802,1901.3218544068584,1901.339856988117,100,0,1
2013.10.01,01:43:26,1901.3783829695735,1901.4283004326978,1901.3503930974769,1901.3936015093384,100,0,1
2013.10.02,01:43:26,1901.3278496541702,1901.3677620840037,1901.264988120824,1901.3156376273232,100,0,1
2013.10.03,01:43:26,1901.348275802074,1901.4155611014082,1901.3103270644767,1901.3895029177108,100,0,1
2013.10.04,01:43:26,1901.3445885613157,1901.410754412931,1901.2972358131108,1901.3268086919363,100,0,1
2013.10.05,01:43:26,1901.3450373206047,1901.3834680553268,1901.3156214464946,1901.3662093882226,100,0,1
2013.10.06,01:43:26,1901.3177739120213,1901.3883458147534,1901.2772694974676,1901.3627033871376,100,0,1
2013.10.07,01:43:26,1901.2709804744266,1901.335911600844,1901.2287928848998,1901.2363166244752,100,0,1
2013.10.08,01:43:26,1901.2412729285247,1901.303692704579,1901.1847159294616,1901.2948240524765,100,0,1
2013.10.09,01:43:26,1901.1788874761596,1901.2389234233233,1901.0962700590349,1901.2342189004999,100,0,1
2013.10.10,01:43:26,1901.2116674025906,1901.276609448668,1901.1221095906346,1901.1873405603692,100,0,1
2013.10.11,01:43:26,1901.2361537703707,1901.2911094030649,1901.1786471307541,1901.2344740090393,100,0,1
2013.10.12,01:43:26,1901.237996417593,1901.2820015160048,1901.1789918996164,1901.181518879228,100,0,1
2013.10.13,01:43:26,1901.2193577240214,1901.2486554770446,1901.2010586261272,1901.2098405529096,100,0,1
2013.10.14,01:43:26,1901.1530149282166,1901.2267254228545,1901.1165147440227,1901.220531185169,100,0,1
2013.10.15,01:43:26,1901.1629989452742,1901.1842084399927,1901.132220833944,1901.142198211658,100,0,1
2013.10.16,01:43:26,1901.230232720473,1901.2714552545565,1901.1544392042754,1901.2381205613146,100,0,1
2013.10.17,01:43:26,1901.1994685633158,1901.256716989861,1901.1628909788442,1901.181281333895,100,0,1
2013.10.18,01:43:26,1901.1888402301033,1901.25623626669,1901.1554819238822,1901.194078783203,100,0,1
2013.10.19,01:43:26,1901.1747878452907,1901.2167067796363,1901.1142564677104,1901.175294661971,100,0,1
2013.10.20,01:43:26,1901.1901542393764,1901.2486106542424,1901.1359546161705,1901.18482597713,100,0,1
2013.10.21,01:43:26,1901.1105847522397,1901.1606640014102,1901.0655911400813,1901.1038819415214,100,0,1
2013.10.22,01:43:26,1901.0376187615213,1901.084510328776,1900.9935817286714,1901.0507256733276,100,0,1
2013.10.23,01:43:26,1901.0600096327378,1901.1404055302257,1901.0064340489107,1901.0925519584466,100,0,1
2013.10.24,01:43:26,1901.0537944890782,1901.1182459649328,1900.977168327347,1901.0122882906073,100,0,1
2013.10.25,01:43:26,1900.983149911948,1901.0335572245851,1900.9010753185487,1900.9540749819255,100,0,1
2013.10.26,01:43:26,1900.9998413329683,1901.0607183845846,1900.9440618000208,1900.9946853402982,100,0,1
2013.10.27,01:43:26,1901.024490427324,1901.0773331225128,1900.9882564811999,1901.0690532269289,100,0,1
2013.10.28,01:43:26,1901.007181029896,1901.064869822482,1900.9441838560224,1901.0360428353276,100,0,1
2013.10.29,01:43:26,1900.998998490255,1901.0757278313545,1900.9392263047976,1901.0577603111797,100,0,1
2013.10.30,01:43:26,1900.9727506911402,1901.0079724585992,1900.9293479675098,1900.9803520489959,100,0,1
2013.10.31,01:43:26,1900.8648710021462,1900.8725855857142,1900.7907366749205,1900.8349991285006,100,0,1
2013.11.01,01:43:26,1900.827495068075,1900.860374021132,1900.7716338527414,1900.8308097624079,100,0,1
2013.11.02,01:43:26,1900.790616260264,1900.795138432355,1900.7365206515033,1900.7939607124094,100,0,1
2013.11.03,01:43:26,1900.775627717002,1900.8310773381847,1900.7175116998033,1900.736446275404,100,0,1
2013.11.04,01:43:26,1900.780502930195,1900.820073642166,1900.724629976716,1900.7935541012728,100,0,1
2013.11.05,01:43:26,1900.7560732505503,1900.8004110947666,1900.7340304697661,1900.7402467440395,100,0,1
2013.11.06,01:43:26,1900.692980997866,1900.7357817315105,1900.6025689673438,1900.7159375383233,100,0,1
2013.11.07,01:43:26,1900.6652952225495,1900.6964298162186,1900.5941321216396,1900.6845920688754,100,0,1
2013.11.08,01:43:26,1900.635186133347,1900.686106154618,1900.5959926067674,1900.638154092422,100,0,1
2013.11.09,01:43:26,1900.6197711675675,1900.698957849921,1900.5597984595865,1900.6924304159413,100,0,1
2013.11.10,01:43:26,1900.5891071026024,1900.6363867676953,1900.5493956458508,1900.5805231925372,100,0,1
2013.11.11,01:43:26,1900.5897950801836,1900.6389476730485,1900.5248481062868,1900.592870811613,100,0,1
2013.11.12,01:43:26,1900.5460300132984,1900.6167171337856,1900.4854965419718,1900.5806615070421,100,0,1
2013.11.13,01:43:26,1900.5194381980948,1900.5662360224044,1900.4735189731778,1900.4775585998527,100,0,1
2013.11.14,01:43:26,1900.5296037042392,1900.585922798971,1900.4629776558877,1900.5274328124522,100,0,1
2013.11.15,01:43:26,1900.4897742206729,1900.5451623806932,1900.4217791726999,1900.4463172911585,100,0,1
2013.11.16,01:43:26,1900.4857409633853,1900.5511969759016,1900.4313690358651,1900.4560933457258,100,0,1
2013.11.17,01:43:26,1900.4523151383894,1900.5073544187137,1900.4197019754893,1900.4827373558887,100,0,1
2013.11.18,01:43:26,1900.4530696971228,1900.490136252884,1900.4374145741465,1900.4591112750227,100,0,1
2013.11.19,01:43:26,1900.5417393751281,1900.5837787668363,1900.491255644612,1900.5107620449874,100,0,1
2013.11.20,01:43:26,1900.5619873465903,1900.6424604357976,1900.5156358326024,1900.548074068098,100,0,1
2013.11.21,01:43:26,1900.476085657218,1900.5478657684798,1900.4454222154184,1900.5472012781208,100,0,1
2013.11.22,01:43:26,1900.4673712820415,1900.5426054833163,1900.41494347745,1900.453044156318,100,0,1
2013.11.23,01:43:26,1900.4964802406043,1900.6040126546498,1900.4547106986481,1900.4592927338913,100,0,1
2013.11.24,01:43:26,1900.6033587812624,1900.667131095109,1900.5761234381355,1900.6279959525075,100,0,1
2013.11.25,01:43:26,1900.5351326204723,1900.5982691024928,1900.4838878980045,1900.5616886341481,100,0,1
2013.11.26,01:43:26,1900.556102189911,1900.6160162782207,1900.5002468337136,1900.5481720032474,100,0,1
2013.11.27,01:43:26,1900.5522237141615,1900.6243085137387,1900.4699047234396,1900.4861203712624,100,0,1
2013.11.28,01:43:26,1900.531345314222,1900.562666486948,1900.4825898452036,1900.4845071471418,100,0,1
2013.11.29,01:43:26,1900.5828721985433,1900.6284171497864,1900.523373965286,1900.5812644221855,100,0,1
2013.11.30,01:43:26,1900.565712734352,1900.5969877781708,1900.4830364799707,1900.5347470230608,100,0,1
2013.12.01,01:43:26,1900.6202798095624,1900.651493122289,1900.5484789985928,1900.6305516203647,100,0,1
2013.12.02,01:43:26,1900.6440819536083,1900.713973651477,1900.5779560353121,1900.7042786020033,100,0,1
2013.12.03,01:43:26,1900.6896421357358,1900.7105990519537,1900.640290962282,1900.6670640455027,100,0,1
2013.12.04,01:43:26,1900.753797718017,1900.803129540862,1900.6786502753423,1900.8024270777014,100,0,1
2013.12.05,01:43:26,1900.8209949118977,1900.8838980062965,1900.7795712449429,1900.7823797999092,100,0,1
2013.12.06,01:43:26,1900.8672020444292,1900.9240753931504,1900.820446050439,1900.8518621026308,100,0,1
2013.12.07,01:43:26,1900.8043317952784,1900.8565025092685,1900.7229287575437,1900.7298175095502,100,0,1
2013.12.08,01:43:26,1900.8559097325488,1900.9065268150184,1900.8180841847695,1900.8801010866,100,0,1
2013.12.09,01:43:26,1900.8627170914683,1900.8996798709368,1900.8042917657644,1900.8580265665198,100,0,1
2013.12.10,01:43:26,1900.8889120564108,1900.9587892797128,1900.8251909017433,1900.926707290483,100,0,1
2013.12.11,01:43:26,1900.8587983067048,1900.9149823900796,1900.7930181755694,1900.840171878198,100,0,1
2013.12.12,01:43:26,1900.8394979032118,1900.905688136477,1900.8235106784596,1900.8768277584036,100,0,1
2013.12.13,01:43:26,1900.8056517212897,1900.8526353370305,1900.7423764566488,1900.8494399724782,100,0,1
2013.12.14,01:43:26,1900.7573523845276,1900.8147326970873,1900.7020573477741,1900.8049709173138,100,0,1
2013.12.15,01:43:26,1900.7939196750135,1900.8609961536388,1900.7817971005445,1900.7875108105602,100,0,1
2013.12.16,01:43:26,1900.8094253513511,1900.8585488827948,1900.7490063667237,1900.8144704874821,100,0,1
2013.12.17,01:43:26,1900.8273932714583,1900.8857140517714,1900.7970852651833,1900.8244031196166,100,0,1
2013.12.18,01:43:26,1900.9005950442822,1900.963635924629,1900.857311226047,1900.8913503168376,100,0,1
2013.12.19,01:43:26,1900.843538168391,1900.8976863705245,1900.791628788623,1900.8956406730665,100,0,1
2013.12.20,01:43:26,1900.8728228154928,1900.8977680462938,1900.8434716815239,1900.8591713222397,100,0,1
2013.12.21,01:43:26,1900.8411691162414,1900.9136018471863,1900.7968627626547,1900.8953486064324,100,0,1
2013.12.22,01:43:26,1900.8350173358083,1900.8976355614395,1900.797444224827,1900.822614989333,100,0,1
2013.12.23,01:43:26,1900.7520641138424,1900.76750936884,1900.7273305642593,1900.7431269109286,100,0,1
2013.12.24,01:43:26,1900.740786741553,1900.826366898804,1900.7134049660071,1900.7157102708838,100,0,1
2013.12.25,01:43:26,1900.6527092061988,1900.740270773573,1900.6076885299572,1900.6925345060483,100,0,1
2013.12.26,01:43:26,1900.737086267231,1900.8092608865827,1900.7047022885806,1900.795120562368,100,0,1
2013.12.27,01:43:26,1900.7526116102238,1900.8122897255641,1900.6650281834955,1900.6743466680318,100,0,1
2013.12.28,01:43:26,1900.7022107385742,1900.7768559578772,1900.6350563741069,1900.697488374243,100,0,1
2013.12.29,01:43:26,1900.7151316908048,1900.7797035850363,1900.6857049615421,1900.7228310333494,100,0,1
2013.12.30,01:43:26,1900.6670841445007,1900.7315110687248,1900.6454114609899,1900.6987777461732,100,0,1
2013.12.31,01:43:26,1900.6552168512496,1900.696684327303,1900.583925156282,1900.682722348042,100,0,1
2014.01.01,01:43:26,1900.6682141648153,1900.7462350233793,1900.6195809545163,1900.716172546514,100,0,1
2014.01.02,01:43:26,1900.7277034402546,1900.7622365180341,1900.7159994527217,1900.7360112050426,100,0,1
2014.01.03,01:43:26,1900.8409607979906,1900.8987156805554,1900.789879002796,1900.8387455211,100,0,1
2014.01.04,01:43:26,1900.7906406379811,1900.8650286018183,1900.7648905573203,1900.7764296590979,100,0,1
2014.01.05,01:43:26,1900.7247692754609,1900.7680580228962,1900.68987870215,1900.7006702202964,100,0,1
2014.01.06,01:43:26,1900.6668570713703,1900.7355931947284,1900.6393591085423,1900.7067912106945,100,0,1
2014.01.07,01:43:26,1900.5988888666916,1900.6707733028115,1900.5806901029134,1900.6380349971555,100,0,1
2014.01.08,01:43:26,1900.5396748831715,1900.5754551172495,1900.4611158537275,1900.466132361236,100,0,1
2014.01.09,01:43:26,1900.5555683686619,1900.5837999320147,1900.497880032355,1900.5378795697222,100,0,1
2014.01.10,01:43:26,1900.5832254631712,1900.627651430508,1900.5244733468335,1900.5988110135306,100,0,1
2014.01.11,01:43:26,1900.4718479086093,1900.5000475955667,1900.4291732429806,1900.4798172014296,100,0,1
2014.01.12,01:43:26,1900.562204427988,1900.6296318970055,1900.4995179170708,1900.5305632685086,100,0,1
2014.01.13,01:43:26,1900.501890627313,1900.5261518271184,1900.4420042890015,1900.4925190767906,100,0,1
2014.01.14,01:43:26,1900.5010603389692,1900.557564460599,1900.4760230803872,1900.533991361938,100,0,1
2014.01.15,01:43:26,1900.5578225851636,1900.5975868241349,1900.5376293819422,1900.589778727328,100,0,1
2014.01.16,01:43:26,1900.5564731022027,1900.6037720122072,1900.495957701038,1900.5688242225046,100,0,1
2014.01.17,01:43:26,1900.5298390837208,1900.6025911584595,1900.4946867618958,1900.5009660767357,100,0,1
2014.01.18,01:43:26,1900.5153979082195,1900.5784885153698,1900.423165868404,1900.57105321089,100,0,1
2014.01.19,01:43:26,1900.5350314038023,1900.5738468012923,1900.5000096837814,1900.5623692504387,100,0,1
2014.01.20,01:43:26,1900.6111538576004,1900.673663507116,1900.5869585986618,1900.6001095973545,100,0,1
2014.01.21,01:43:26,1900.5559953513603,1900.636797824608,1900.4844586162224,1900.496223152112,100,0,1
2014.01.22,01:43:26,1900.554655840926,1900.6224650594681,1900.499977239924,1900.528459615802,100,0,1
2014.01.23,01:43:26,1900.568250501436,1900.5995536725197,1900.5209745116906,1900.5625449385498,100,0,1
2014.01.24,01:43:26,1900.5755230971442,1900.6138218270748,1900.489976881903,1900.6016148000065,100,0,1
2014.01.25,01:43:26,1900.5404379098793,1900.5739333427255,1900.4912385489715,1900.5455598597575,100,0,1
2014.01.26,01:43:26,1900.5558909026117,1900.6024959189292,1900.4989333760877,1900.5259173086358,100,0,1
2014.01.27,01:43:26,1900.5876339351025,1900.6503575753711,1900.548731917681,1900.595090689018,100,0,1
2014.01.28,01:43:26,1900.5669566568854,1900.6555870751738,1900.5242505753909,1900.571511660305,100,0,1
2014.01.29,01:43:26,1900.6057268307627,1900.6546608986735,1900.5648978693648,1900.6142426467718,100,0,1
2014.01.30,01:43:26,1900.504972799704,1900.5661207857224,1900.439920776866,1900.5657922051314,100,0,1
2014.01.31,01:43:26,1900.4100400574227,1900.4693558103354,1900.3559753026952,1900.371369794945,100,0,1
2014.02.01,01:43:26,1900.4742406227222,1900.527643446023,1900.4368720043108,1900.5111104976218,100,0,1
2014.02.02,01:43:26,1900.4700355806613,1900.4864369843672,1900.3813113720068,1900.39467277445,100,0,1
2014.02.03,01:43:26,1900.395166309766,1900.4062910378527,1900.36027644058,1900.3852662915099,100,0,1
2014.02.04,01:43:26,1900.3190857217157,1900.369440108774,1900.2432339559714,1900.2699064613448,100,0,1
2014.02.05,01:43:26,1900.3396123114057,1900.3820547018781,1900.318862476554,1900.3212929769677,100,0,1
2014.02.06,01:43:26,1900.2784824362075,1900.3025924978124,1900.2281455491634,1900.23097596982,100,0,1
2014.02.07,01:43:26,1900.2638433691372,1900.3517977048707,1900.1805760676166,1900.3330299638064,100,0,1
2014.02.08,01:43:26,1900.315806017339,1900.409525290447,1900.2582286774516,1900.3632103557675,100,0,1
2014.02.09,01:43:26,1900.3089218084383,1900.366887746846,1900.2716774402274,1900.3127510145844,100,0,1
2014.02.10,01:43:26,1900.3563393150107,1900.3930393402738,1900.291604057612,1900.3285727073178,100,0,1
2014.02.11,01:43:26,1900.259445770444,1900.3076948121682,1900.2360487390683,1900.2857092794036,100,0,1
2014.02.12,01:43:26,1900.2777346910093,1900.3317749885714,1900.2406046631977,1900.3271453643813,100,0,1
2014.02.13,01:43:26,1900.2991403794638,1900.3730090271288,1900.2483297502934,1900.3068789707133,100,0,1
2014.02.14,01:43:26,1900.3049119771988,1900.3308420754781,1900.229783050513,1900.2805444249104,100,0,1
2014.02.15,01:43:26,1900.372331915167,1900.377196298404,1900.275863039446,1900.360097933169,100,0,1
2014.02.16,01:43:26,1900.2965878561656,1900.3220506799746,1900.219859948361,1900.2626268470165,100,0,1
2014.02.17,01:43:26,1900.3412244686942,1900.3721669891395,1900.2523511174393,1900.3599352661324,100,0,1
2014.02.18,01:43:26,1900.3127349137524,1900.379221454598,1900.2257067546955,1900.3371782853515,100,0,1
2014.02.19,01:43:26,1900.373363556936,1900.44246394697,1900.3141569260226,1900.4388057792587,100,0,1
2014.02.20,01:43:26,1900.3882477122404,1900.453901646128,1900.3402102772527,1900.4178015400428,100,0,1
2014.02.21,01:43:26,1900.3774517142685,1900.408919750997,1900.3728571468166,1900.3843120137915,100,0,1
2014.02.22,01:43:26,1900.3799032506124,1900.4365681867876,1900.3037008204785,1900.3935648454592,100,0,1
2014.02.23,01:43:26,1900.3775227992692,1900.4277873291337,1900.328312137704,1900.3424355772063,100,0,1
2014.02.24,01:43:26,1900.3585852904753,1900.4453020256417,1900.3079168260729,1900.3846405595225,100,0,1
2014.02.25,01:43:26,1900.3384342576344,1900.3691135091108,1900.2323550550054,1900.342725871011,100,0,1
2014.02.26,01:43:26,1900.4065288757292,1900.4777593579554,1900.3511194549312,1900.4188528403445,100,0,1
2014.02.27,01:43:26,1900.3688294968376,1900.4230073436222,1900.3080817187933,1900.31006265121,100,0,1
2014.02.28,01:43:26,1900.3598677822963,1900.3776164109302,1900.2959790766643,1900.315899542691,100,0,1
2014.03.01,01:43:26,1900.326533454725,1900.393660962638,1900.2676707669186,1900.371558388791,100,0,1
2014.03.02,01:43:26,1900.3415528986554,1900.3786212791795,1900.2860163955881,1900.3780625164761,100,0,1
2014.03.03,01:43:26,1900.2471726590718,1900.2789599044254,1900.1893091520492,1900.2519779104082,100,0,1
2014.03.04,01:43:26,1900.2837791582006,1900.3254247862326,1900.2315789104791,1900.3163487505842,100,0,1
2014.03.05,01:43:26,1900.2764328741116,1900.3508982170679,1900.2490527405666,1900.2540180131045,100,0,1
2014.03.06,01:43:26,1900.2041876136122,1900.2626052571443,1900.197543125947,1900.2586858847183,100,0,1
2014.03.07,01:43:26,1900.2035257144594,1900.2688144762394,1900.171839743887,1900.2003587583595,100,0,1
2014.03.08,01:43:26,1900.1590846180925,1900.2191092184482,1900.0766489161826,1900.2112581758956,100,0,1
2014.03.09,01:43:26,1900.2810316942791,1900.3560401189852,1900.223817509319,1900.319412292387,100,0,1
2014.03.10,01:43:26,1900.2981382354906,1900.3633080977518,1900.2296222557034,1900.2579631738504,100,0,1
2014.03.11,01:43:26,1900.3327604735457,1900.3637502386337,1900.2682757860912,1900.2891736723293,100,0,1
2014.03.12,01:43:26,1900.2764315683048,1900.3330282884754,1900.234264220816,1900.279660784066,100,0,1
2014.03.13,01:43:26,1900.262514967512,1900.2957040084575,1900.2186133611417,1900.2639110629184,100,0,1
2014.03.14,01:43:26,1900.1729513290275,1900.2222244052325,1900.1024966387686,1900.1875709767512,100,0,1
2014.03.15,01:43:26,1900.1601291659188,1900.2045883449905,1900.1004154808588,1900.102384186254,100,0,1
2014.03.16,01:43:26,1900.091789549364,1900.1306466251224,1900.01405676965,1900.0398075863488,100,0,1
2014.03.17,01:43:26,1900.0676806069714,1900.0770031146446,1900.0280508425349,1900.0384931716153,100,0,1
2014.03.18,01:43:26,1900.0338914559638,1900.1139214756897,1899.9803388267146,1900.0713155014137,100,0,1
2014.03.19,01:43:26,1900.052904705861,1900.057303182298,1899.9990740121782,1900.0072706029864,100,0,1
2014.03.20,01:43:26,1900.028888289524,1900.064395490101,1899.9521878672756,1899.9732941359064,100,0,1
2014.03.21,01:43:26,1899.995796323286,1900.0692727260691,1899.9554955968872,1900.0424324994192,100,0,1
2014.03.22,01:43:26,1900.0213767086532,1900.0700928596148,1899.9428712759848,1900.0085359372763,100,0,1
2014.03.23,01:43:26,1899.9673802398092,1900.0157529023643,1899.9269825853005,1899.9649903134618,100,0,1
2014.03.24,01:43:26,1899.9566260454944,1899.9681159595561,1899.8905747349866,1899.9672162215506,100,0,1
2014.03.25,01:43:26,1900.013994401323,1900.076735770898,1899.9843276481881,1900.0106748041105,100,0,1
2014.03.26,01:43:26,1899.9993362356443,1900.0804622373946,1899.9352033997554,1900.0167405377326,100,0,1
2014.03.27,01:43:26,1900.026905787451,1900.0988292374066,1899.945837927762,1899.9893814687512,100,0,1
2014.03.28,01:43:26,1900.0277295527687,1900.081148066165,1899.9854926071134,1900.0429086673905,100,0,1
2014.03.29,01:43:26,1900.1061940537575,1900.1502574520698,1900.095394558695,1900.1089999659857,100,0,1
2014.03.30,01:43:26,1900.1014629335687,1900.1550435424533,1900.0578522497847,1900.1078466006993,100,0,1
2014.03.31,01:43:26,1900.1351628783032,1900.1984430615544,1900.0784536593708,1900.1761678981427,100,0,1
2014.04.01,01:43:26,1900.0950924683373,1900.111021360182,1900.0239587803862,1900.033520036403,100,0,1
2014.04.02,01:43:26,1900.0470261756927,1900.1075779480925,1899.9784691392128,1900.0925574883422,100,0,1
2014.04.03,01:43:26,1900.0211676662793,1900.063154449842,1899.9617853182754,1899.9761593068183,100,0,1
2014.04.04,01:43:26,1899.9871479245876,1900.0635478499225,1899.9511057010398,1900.046497475858,100,0,1
2014.04.05,01:43:26,1900.0208110929686,1900.0576564230012,1899.9522820724944,1899.9528856382374,100,0,1
2014.04.06,01:43:26,1900.0314816486666,1900.094059113175,1899.9614072725678,1900.0439924320024,100,0,1
2014.04.07,01:43:26,1900.0147228670523,1900.094160756289,1899.9799738044753,1900.0662734308942,100,0,1
2014.04.08,01:43:26,1900.055654303781,1900.1230700826723,1899.9909214721604,1900.040148598064,100,0,1
2014.04.09,01:43:26,1900.0812243231248,1900.1181413312277,1899.9958647332535,1900.078017377944,100,0,1
2014.04.10,01:43:26,1900.1054297791495,1900.1545119452207,1900.052994232212,1900.1351166954973,100,0,1
2014.04.11,01:43:26,1900.0966698105171,1900.1414852863468,1900.058263546604,1900.086418787461,100,0,1
2014.04.12,01:43:26,1900.1315215583797,1900.187081636861,1900.0865095199495,1900.1542742506658,100,0,1
2014.04.13,01:43:26,1900.1536018024058,1900.1869106534525,1900.1177025798827,1900.120491916006,100,0,1
2014.04.14,01:43:26,1900.1818398412368,1900.2244524517994,1900.1373098694944,1900.1680991058815,100,0,1
2014.04.15,01:43:26,1900.3108707334188,1900.371907759774,1900.2516432950438,1900.27105485927,100,0,1
2014.04.16,01:43:26,1900.2915786969445,1900.3131491211132,1900.2474795056398,1900.294251564881,100,0,1
2014.04.17,01:43:26,1900.4067588445325,1900.4605057030035,1900.3380910858848,1900.3622298315083,100,0,1
2014.04.18,01:43:26,1900.4033077826005,1900.4728926360228,1900.3679203573586,1900.4006935060024,100,0,1
2014.04.19,01:43:26,1900.3953870202295,1900.4695305172709,1900.3315047894462,1900.4572223369184,100,0,1
2014.04.20,01:43:26,1900.4187916778228,1900.4624281804915,1900.3223258203043,1900.427586197113,100,0,1
2014.04.21,01:43:26,1900.3706289370814,1900.3810799963067,1900.3117407050336,1900.3680492515232,100,0,1
2014.04.22,01:43:26,1900.2851168356037,1900.3353651968994,1900.2306070450495,1900.3271402045768,100,0,1
2014.04.23,01:43:26,1900.2850159196,1900.3082779022611,1900.2539004136452,1900.2586086615152,100,0,1
2014.04.24,01:43:26,1900.2312978438495,1900.3076464371131,1900.172431616294,1900.2313635569365,100,0,1
2014.04.25,01:43:26,1900.3364957578221,1900.3848827886488,1900.2819907672017,1900.324959021892,100,0,1
2014.04.26,01:43:26,1900.4328640105666,1900.4997362039314,1900.365478420283,1900.4890196874999,100,0,1
2014.04.27,01:43:26,1900.4769292431777,1900.4801998986084,1900.4366082565082,1900.4460692991127,100,0,1
2014.04.28,01:43:26,1900.4753262150164,1900.5304667269202,1900.4046979560853,1900.527347235377,100,0,1
2014.04.29,01:43:26,1900.4332096418732,1900.4743714425827,1900.3904913077483,1900.4235072157924,100,0,1
2014.04.30,01:43:26,1900.5135552685463,1900.5604387213198,1900.4583333071027,1900.4652183933429,100,0,1
2014.05.01,01:43:26,1900.56224702932,1900.6495462153343,1900.497859355508,1900.534902212283,100,0,1
2014.05.02,01:43:26,1900.596925399916,1900.665956345943,1900.4980789929177,1900.5423955584256,100,0,1
2014.05.03,01:43:26,1900.5727177948572,1900.6120424579094,1900.5315726205258,1900.5602690293438,100,0,1
2014.05.04,01:43:26,1900.6139546886461,1900.63124950958,1900.5557195983401,1900.621788458408,100,0,1
2014.05.05,01:43:26,1900.6193486414368,1900.6767551552095,1900.511583462102,1900.5522616484036,100,0,1
2014.05.06,01:43:26,1900.6956087123606,1900.732277823997,1900.6713604649876,1900.6822913412113,100,0,1
2014.05.07,01:43:26,1900.6630701328068,1900.7600250608166,1900.6189755421724,1900.7416480191544,100,0,1
2014.05.08,01:43:26,1900.6743816147068,1900.7087431962689,1900.6324986333755,1900.6343080482961,100,0,1
2014.05.09,01:43:26,1900.6528949476499,1900.738092845096,1900.5945308435262,1900.690627378069,100,0,1
2014.05.10,01:43:26,1900.6168664981042,1900.6710368729127,1900.555353541609,1900.6528377556401,100,0,1
2014.05.11,01:43:26,1900.715440472098,1900.7783751477625,1900.6593672067256,1900.7119755060103,100,0,1
2014.05.12,01:43:26,1900.7653997403938,1900.7987518803627,1900.7271889457816,1900.7844950400588,100,0,1
2014.05.13,01:43:26,1900.7930385078157,1900.8307476640816,1900.7344566222769,1900.7571103453413,100,0,1
2014.05.14,01:43:26,1900.7399313741048,1900.7915020645378,1900.721992857508,1900.7428139749054,100,0,1
2014.05.15,01:43:26,1900.776232074724,1900.849396594154,1900.7443905080502,1900.8423778527645,100,0,1
2014.05.16,01:43:26,1900.822670575673,1900.8637490168926,1900.7985568962333,1900.8065151077901,100,0,1
2014.05.17,01:43:26,1900.8957259147642,1900.9483012527396,1900.8528905682408,1900.8644907385672,100,0,1
2014.05.18,01:43:26,1900.8549000436763,1900.8735846401792,1900.7949872597746,1900.8415957978384,100,0,1
2014.05.19,01:43:26,1900.7611208570431,1900.7992902582762,1900.7068352803942,1900.768975734105,100,0,1
2014.05.20,01:43:26,1900.7691054168477,1900.8104233052134,1900.6998074250478,1900.7046211219551,100,0,1
2014.05.21,01:43:26,1900.7499061466476,1900.7852428889435,1900.7134714417384,1900.7412391705666,100,0,1
2014.05.22,01:43:26,1900.8135543933463,1900.865763789033,1900.7457302207376,1900.7465724445028,100,0,1
2014.05.23,01:43:26,1900.8072952152327,1900.8494848945911,1900.7671566839435,1900.8221050049708,100,0,1
2014.05.24,01:43:26,1900.724015731096,1900.7696486395355,1900.6814349040137,1900.6931561925335,100,0,1
2014.05.25,01:43:26,1900.6868702548472,1900.7444119645852,1900.6284149023875,1900.6918715449872,100,0,1
2014.05.26,01:43:26,1900.7949779408107,1900.8379542799612,1900.7629969531074,1900.814312940268,100,0,1
2014.05.27,01:43:26,1900.8377225101415,1900.875028734864,1900.7660098794656,1900.7975947877153,100,0,1
2014.05.28,01:43:26,1900.8224983727291,1900.8430071875384,1900.778890327109,1900.8041943230096,100,0,1
2014.05.29,01:43:26,1900.775139396693,1900.822470861975,1900.7200831679386,1900.8058406604373,100,0,1
2014.05.30,01:43:26,1900.7438047876685,1900.7949719686487,1900.7002601878717,1900.7892710962726,100,0,1
2014.05.31,01:43:26,1900.7761262499107,1900.8507203298225,1900.7255714663904,1900.8463407948725,100,0,1
2014.06.01,01:43:26,1900.791323415564,1900.820689804186,1900.7482436644968,1900.8096796045315,100,0,1
2014.06.02,01:43:26,1900.7851833937361,1900.8529746139548,1900.71854707728,1900.827307141171,100,0,1
2014.06.03,01:43:26,1900.812612664066,1900.8308830076667,1900.7266523987505,1900.8269262699491,100,0,1
2014.06.04,01:43:26,1900.787859181164,1900.858045021883,1900.7309722167288,1900.7667466952798,100,0,1
2014.06.05,01:43:26,1900.8321969194576,1900.8804806444248,1900.766063107967,1900.7810203682827,100,0,1
2014.06.06,01:43:26,1900.8835554035456,1900.9639971866102,1900.8206777850357,1900.919828598663,100,0,1
2014.06.07,01:43:26,1900.997414441355,1901.050487904681,1900.9562127676209,1901.0038126048485,100,0,1
2014.06.08,01:43:26,1901.099548486978,1901.1155741811785,1901.055696533621,1901.094629082142,100,0,1
2014.06.09,01:43:26,1901.0737849041514,1901.1409361750016,1901.0115209645032,1901.1406007876399,100,0,1
2014.06.10,01:43:26,1901.1356980279336,1901.2053260568505,1901.1034311211176,1901.189284314785,100,0,1
2014.06.11,01:43:26,1901.1599025881133,1901.189297362395,1901.1472382588206,1901.171241200243,100,0,1
2014.06.12,01:43:26,1901.1783380179731,1901.2547767661308,1901.1737054425862,1901.1799349245196,100,0,1
2014.06.13,01:43:26,1901.1553618344785,1901.202119577328,1901.0918947906487,1901.1128765804738,100,0,1
2014.06.14,01:43:26,1901.1578788651555,1901.2288177546513,1901.1308523766866,1901.1429795982617,100,0,1
2014.06.15,01:43:26,1901.2169496108143,1901.2412902868743,1901.1652516839856,1901.205660535041,100,0,1
2014.06.16,01:43:26,1901.177879635084,1901.2683292912357,1901.1162584447118,1901.1848837395962,100,0,1
2014.06.17,01:43:26,1901.159384119102,1901.2568132714339,1901.139123337505,1901.20002305541,100,0,1
2014.06.18,01:43:26,1901.1844519591637,1901.219516325984,1901.1300888141054,1901.1828531961476,100,0,1
2014.06.19,01:43:26,1901.1323179878373,1901.184989581996,1901.0696031222853,1901.0823334834258,100,0,1
2014.06.20,01:43:26,1901.0947743246077,1901.1131005027416,1901.0259065151893,1901.092487290146,100,0,1
2014.06.21,01:43:26,1901.110561110871,1901.1566844205765,1901.0563842222316,1901.0575858592388,100,0,1
2014.06.22,01:43:26,1901.1458189898647,1901.197400650157,1901.1018047530756,1901.1516380323737,100,0,1
2014.06.23,01:43:26,1901.197908486768,1901.2404931417068,1901.1324407371778,1901.1902758633146,100,0,1
2014.06.24,01:43:26,1901.204384783734,1901.2300380567735,1901.1714198286802,1901.1963363206464,100,0,1
2014.06.25,01:43:26,1901.1646703477104,1901.2277389380367,1901.146684888154,1901.179680665154,100,0,1
2014.06.26,01:43:26,1901.0957802963708,1901.1346981533766,1901.0397594368496,1901.1279298816507,100,0,1
2014.06.27,01:43:26,1901.070106378128,1901.1199863580835,1901.0337175642856,1901.042415664762,100,0,1
2014.06.28,01:43:26,1901.136757110271,1901.1824975389632,1901.10469146419,1901.1291619855106,100,0,1
2014.06.29,01:43:26,1901.209458126234,1901.2910261020954,1901.128621143868,1901.2664644079896,100,0,1
2014.06.30,01:43:26,1901.1743289695783,1901.2022342837474,1901.1420160834482,1901.165573286171,100,0,1
2014.07.01,01:43:26,1901.189703818959,1901.2507860755156,1901.1155270205666,1901.1782217563032,100,0,1
2014.07.02,01:43:26,1901.1991719509897,1901.2477946894214,1901.1496379973808,1901.2187276285395,100,0,1
2014.07.03,01:43:26,1901.2016101844222,1901.2445719461377,1901.1258399384628,1901.2349740978357,100,0,1
2014.07.04,01:43:26,1901.315885170741,1901.3697048768704,1901.2344101527842,1901.3374071133258,100,0,1
2014.07.05,01:43:26,1901.2981928265717,1901.373879457237,1901.2748171528476,1901.3250349139585,100,0,1
2014.07.06,01:43:26,1901.2686222838374,1901.318914067768,1901.2083057944922,1901.2532219455738,100,0,1
2014.07.07,01:43:26,1901.2542859382331,1901.3375193000008,1901.1944982180837,1901.2966929283634,100,0,1
2014.07.08,01:43:26,1901.2565670118322,1901.2954597361675,1901.1951863049242,1901.2391068673912,100,0,1
2014.07.09,01:43:26,1901.2093283060724,1901.252705966749,1901.135837241866,1901.1789876971573,100,0,1
2014.07.10,01:43:26,1901.129396475375,1901.1778475587475,1901.0555758928294,1901.073111285104,100,0,1
2014.07.11,01:43:26,1901.280033550689,1901.3580914252864,1901.2447192087304,1901.2894568795396,100,0,1
2014.07.12,01:43:26,1901.260161929039,1901.3243477597869,1901.2129728862917,1901.2818947559351,100,0,1
2014.07.13,01:43:26,1901.2488008847715,1901.2948476869967,1901.21164139639,1901.2478201362787,100,0,1
2014.07.14,01:43:26,1901.2457759017666,1901.324318107349,1901.1829408502037,1901.2389110445968,100,0,1
2014.07.15,01:43:26,1901.2192349054683,1901.2783790763053,1901.1355726865986,1901.241624564267,100,0,1
2014.07.16,01:43:26,1901.1484852733608,1901.2420633071517,1901.074032285157,1901.16859465004,100,0,1
2014.07.17,01:43:26,1901.0875317184402,1901.1353778951186,1900.9871065515506,1901.0423473111737,100,0,1
2014.07.18,01:43:26,1901.109994482029,1901.1364656289522,1901.063158062595,1901.1315073006142,100,0,1
2014.07.19,01:43:26,1901.2122671900086,1901.2790476865282,1901.1566283227069,1901.1590167331813,100,0,1
2014.07.20,01:43:26,1901.3366999808043,1901.4132675014725,1901.2880305611598,1901.2942834918024,100,0,1
2014.07.21,01:43:26,1901.2712062584962,1901.3342112708383,1901.2051739933777,1901.3070288470558,100,0,1
2014.07.22,01:43:26,1901.256814667971,1901.2570720845888,1901.2001866266235,1901.2103992803343,100,0,1
2014.07.23,01:43:26,1901.3120017761591,1901.3304147672732,1901.251141064284,1901.2779983401306,100,0,1
2014.07.24,01:43:26,1901.3522196295344,1901.4131262797932,1901.3219320504343,1901.3971038618636,100,0,1
2014.07.25,01:43:26,1901.3157503490202,1901.317405285668,1901.238320314609,1901.2502499379743,100,0,1
2014.07.26,01:43:26,1901.362078886295,1901.400941062851,1901.3094344630365,1901.3609462128502,100,0,1
2014.07.27,01:43:26,1901.2478606450363,1901.2876919599134,1901.1973282344927,1901.199491126801,100,0,1
2014.07.28,01:43:26,1901.1713158309337,1901.233816068957,1901.1481480882776,1901.1740256128717,100,0,1
2014.07.29,01:43:26,1901.2400012623543,1901.3138061384568,1901.1855783662431,1901.2095849891132,100,0,1
2014.07.30,01:43:26,1901.2069211317005,1901.2671035464045,1901.1453525327242,1901.197633431417,100,0,1
2014.07.31,01:43:26,1901.1997074676956,1901.2691149231964,1901.172615126097,1901.2096835095324,100,0,1
2014.08.01,01:43:26,1901.1544489847226,1901.2357461646006,1901.1087147622045,1901.111934796107,100,0,1
2014.08.02,01:43:26,1901.1759229304696,1901.2243560389256,1901.1330401861742,1901.1789656949338,100,0,1
2014.08.03,01:43:26,1901.1442015899872,1901.2124036736368,1901.1197157227643,1901.1773989450303,100,0,1
2014.08.04,01:43:26,1901.1385541949344,1901.1905491436821,1901.0680541766176,1901.117293858491,100,0,1
2014.08.05,01:43:26,1901.134061230184,1901.173833967716,1901.0905692524689,1901.1201233615313,100,0,1
2014.08.06,01:43:26,1901.0928004889358,1901.1644838471757,1900.9966694727427,1901.004162611514,100,0,1
2014.08.07,01:43:26,1901.0756463148089,1901.1226761600437,1901.0369163500052,1901.0734207168425,100,0,1
2014.08.08,01:43:26,1901.085415656855,1901.1264191030248,1901.0285226708609,1901.0840568643823,100,0,1
2014.08.09,01:43:26,1901.1618999646012,1901.2253633127918,1901.1143084521163,1901.223221730399,100,0,1
2014.08.10,01:43:26,1901.2793218699212,1901.3329488501581,1901.2221888353674,1901.2684819920382,100,0,1
2014.08.11,01:43:26,1901.2998566567267,1901.328083407591,1901.252966004141,1901.2747568063064,100,0,1
2014.08.12,01:43:26,1901.2301610528039,1901.2916462295293,1901.1650802737133,1901.2457853430888,100,0,1
2014.08.13,01:43:26,1901.245005533879,1901.323018563802,1901.2322364734189,1901.245962576876,100,0,1
2014.08.14,01:43:26,1901.2721810133783,1901.3157406055175,1901.2088729120774,1901.2138085158642,100,0,1
2014.08.15,01:43:26,1901.2418282844035,1901.3303445196525,1901.1443605401819,1901.1525986754598,100,0,1
2014.08.16,01:43:26,1901.1208145584185,1901.19217538706,1901.0880808804068,1901.1533665792606,100,0,1
2014.08.17,01:43:26,1901.0911023290057,1901.1150936800113,1901.0453074069942,1901.0864128268363,100,0,1
2014.08.18,01:43:26,1901.2023301845131,1901.2650032080367,1901.1549489200715,1901.19061172929,100,0,1
2014.08.19,01:43:26,1901.165322651232,1901.2162336148406,1901.1510674066715,1901.165734976359,100,0,1
2014.08.20,01:43:26,1901.1268957663242,1901.187530555132,1901.0590085672593,1901.176561647404,100,0,1
2014.08.21,01:43:26,1901.1170291936078,1901.1594532195904,1901.0662366546342,1901.1099504662966,100,0,1
2014.08.22,01:43:26,1901.010781710098,1901.0699085385509,1900.947887240825,1900.9781692049582,100,0,1
2014.08.23,01:43:26,1901.0220979849664,1901.0385075950742,1901.0013836236694,1901.0163141456326,100,0,1
2014.08.24,01:43:26,1901.041037706382,1901.107956797354,1900.994638057851,1901.020773080577,100,0,1
2014.08.25,01:43:26,1901.1239497653612,1901.149764062071,1901.069123663101,1901.1019968794117,100,0,1
2014.08.26,01:43:26,1901.1143831472268,1901.180102878881,1901.0679972853914,1901.1233328988667,100,0,1
2014.08.27,01:43:26,1901.1711533657522,1901.182299472484,1901.132027456158,1901.1638899184254,100,0,1
2014.08.28,01:43:26,1901.12952111208,1901.16657184508,1901.0598798285655,1901.0680722299194,100,0,1
2014.08.29,01:43:26,1901.2090479127805,1901.277451352939,1901.1404592278323,1901.250844258105,100,0,1
2014.08.30,01:43:26,1901.188748147773,1901.2094433665075,1901.1566242549466,1901.189725066205,100,0,1
2014.08.31,01:43:26,1901.2577892496638,1901.3068324831986,1901.178975022514,1901.2441014584795,100,0,1
2014.09.01,01:43:26,1901.2179224737943,1901.2654035542193,1901.1715957607487,1901.178578974736,100,0,1
2014.09.02,01:43:26,1901.254419016631,1901.3086286514786,1901.1942344263193,1901.1999508962047,100,0,1
2014.09.03,01:43:26,1901.1585841812425,1901.2258854706904,1901.1342415279569,1901.2087699164765,100,0,1
2014.09.04,01:43:26,1901.1183710454457,1901.1333664755612,1901.0526903874522,1901.081206208422,100,0,1
2014.09.05,01:43:26,1901.1806651899558,1901.2371568613764,1901.1099953199928,1901.236015618614,100,0,1
2014.09.06,01:43:26,1901.1686210184573,1901.2129389184463,1901.1437158166207,1901.196962402062,100,0,1
2014.09.07,01:43:26,1901.2235258553087,1901.2640919087153,1901.1536909298002,1901.189006005644,100,0,1
2014.09.08,01:43:26,1901.1484079476238,1901.206478895159,1901.106719523677,1901.1690835369063,100,0,1
2014.09.09,01:43:26,1901.1386904810845,1901.1841965461854,1901.0650552501231,1901.073371895427,100,0,1
2014.09.10,01:43:26,1901.106527133441,1901.1611727626391,1901.054181427533,1901.1048650243292,100,0,1
2014.09.11,01:43:26,1901.145758644234,1901.2073586513432,1901.1255755100012,1901.1739829009214,100,0,1
2014.09.12,01:43:26,1901.0756590353633,1901.1076398893788,1900.998791157514,1901.0621573385042,100,0,1
2014.09.13,01:43:26,1901.0861373413343,1901.1612017079049,1901.0322697435506,1901.0954090213233,100,0,1
2014.09.14,01:43:26,1901.1164839058424,1901.1869449337576,1901.078471986837,1901.1864712261472,100,0,1
2014.09.15,01:43:26,1901.0965187887634,1901.1455045178266,1901.0536726439855,1901.070363907414,100,0,1
2014.09.16,01:43:26,1901.155413428756,1901.2033694382285,1901.1302494593415,1901.1605063723034,100,0,1
2014.09.17,01:43:26,1901.1986031067054,1901.214101685443,1901.1765946915302,1901.2087264896948,100,0,1
2014.09.18,01:43:26,1901.1496657289638,1901.2004397189808,1901.111397349307,1901.1136566946413,100,0,1
2014.09.19,01:43:26,1901.0809532772018,1901.176396845307,1901.0360275493808,1901.0504041894033,100,0,1
2014.09.20,01:43:26,1901.148290731151,1901.1789397551258,1901.10062297284,1901.1783389625098,100,0,1
2014.09.21,01:43:26,1901.1434897684737,1901.1957326112122,1901.0841364985451,1901.161859704654,100,0,1
2014.09.22,01:43:26,1901.2379402948254,1901.3372750841797,1901.182900982322,1901.2025781404775,100,0,1
2014.09.23,01:43:26,1901.2361546755528,1901.2639133540283,1901.2010237620354,1901.207564136468,100,0,1
2014.09.24,01:43:26,1901.1902820707992,1901.2148425389535,1901.129893672472,1901.1499982151495,100,0,1
2014.09.25,01:43:26,1901.1932534548173,1901.2443798021732,1901.1568720447196,1901.220642380806,100,0,1
2014.09.26,01:43:26,1901.1777072225284,1901.228273962345,1901.1544284902868,1901.2052812790894,100,0,1
2014.09.27,01:43:26,1901.1944427656201,1901.250149373132,1901.1780038805014,1901.2423779780568,100,0,1
2014.09.28,01:43:26,1901.1635703482025,1901.216587216317,1901.108038384942,1901.171523016175,100,0,1
2014.09.29,01:43:26,1901.077898883866,1901.1325253386963,1901.0232573513786,1901.1095732662388,100,0,1
2014.09.30,01:43:26,1901.1511403511092,1901.2119829719866,1901.0781553810625,1901.156743367679,100,0,1
2014.10.01,01:43:26,1901.111782389619,1901.1526061203783,1901.0606355189768,1901.1020305897812,100,0,1
2014.10.02,01:43:26,1901.1322987946126,1901.1703765977013,1901.069952686071,1901.0751828555603,100,0,1
2014.10.03,01:43:26,1901.1879607442636,1901.2248943858524,1901.1539209482703,1901.1599439472132,100,0,1
2014.10.04,01:43:26,1901.1782260738976,1901.2158600041046,1901.1338581076059,1901.1609876104815,100,0,1
2014.10.05,01:43:26,1901.2138906034324,1901.2587157323185,1901.1825730079806,1901.2530760560612,100,0,1
2014.10.06,01:43:26,1901.2461737902618,1901.2829390743968,1901.1835441883536,1901.2603959900252,100,0,1
2014.10.07,01:43:26,1901.2718404303835,1901.3405003026257,1901.235432597088,1901.2723178590052,100,0,1
2014.10.08,01:43:26,1901.3203302558793,1901.362223840843,1901.262244110106,1901.2882573123682,100,0,1
2014.10.09,01:43:26,1901.264786380183,1901.2904958795407,1901.2200342454078,1901.2262979120908,100,0,1
2014.10.10,01:43:26,1901.3507787922488,1901.4008391478492,1901.3168385297686,1901.3651217271554,100,0,1
2014.10.11,01:43:26,1901.3297195636724,1901.3932939922638,1901.275988750797,1901.2765916676003,100,0,1
2014.10.12,01:43:26,1901.2607322369133,1901.2874565281402,1901.187250816699,1901.1889267158565,100,0,1
2014.10.13,01:43:26,1901.2190807046236,1901.2541107394436,1901.157234523541,1901.184593902919,100,0,1
2014.10.14,01:43:26,1901.2066169859595,1901.2500289491072,1901.1592598563059,1901.1882159801312,100,0,1
2014.10.15,01:43:26,1901.241132333334,1901.28652537918,1901.1839403032525,1901.2844829436146,100,0,1
2014.10.16,01:43:26,1901.2147921911942,1901.2242203765,1901.170983389246,1901.191026382576,100,0,1
2014.10.17,01:43:26,1901.1877356532775,1901.241655902721,1901.1598141627267,1901.174466707822,100,0,1
2014.10.18,01:43:26,1901.163862473111,1901.209763384161,1901.1171522095874,1901.1311104653255,100,0,1
2014.10.19,01:43:26,1901.1910503194326,1901.22778895661,1901.1311156350798,1901.1571468118477,100,0,1
2014.10.20,01:43:26,1901.1140882054747,1901.1297529081235,1901.0585899113687,1901.1032413680703,100,0,1
2014.10.21,01:43:26,1900.971783735835,1901.0244217028542,1900.9215749348684,1900.9505959915286,100,0,1
2014.10.22,01:43:26,1901.0058063492002,1901.080577493453,1900.9452999128973,1901.0544246394606,100,0,1
2014.10.23,01:43:26,1901.027326678871,1901.1207721886442,1900.970645576663,1900.991360798573,100,0,1
2014.10.24,01:43:26,1901.0979215887394,1901.1584788913606,1901.082271347566,1901.1453006629818,100,0,1
2014.10.25,01:43:26,1901.1476171791323,1901.2202194135632,1901.0730035097658,1901.1459826998098,100,0,1
2014.10.26,01:43:26,1901.0960865546172,1901.1479907203964,1901.0529234560508,1901.0531693132862,100,0,1
2014.10.27,01:43:26,1901.1729995672774,1901.2187335039198,1901.118490884215,1901.1633669718317,100,0,1
2014.10.28,01:43:26,1901.201365133209,1901.252231451217,1901.1685626143046,1901.1776714299426,100,0,1
2014.10.29,01:43:26,1901.2049479377547,1901.2517197531733,1901.1666453079026,1901.232658077306,100,0,1
2014.10.30,01:43:26,1901.203475288339,1901.2572620463593,1901.1503725937587,1901.218035185621,100,0,1
2014.10.31,01:43:26,1901.2494243603444,1901.288326268287,1901.1673293194176,1901.2374464908287,100,0,1
2014.11.01,01:43:26,1901.1921880441816,1901.2709148307288,1901.1374885618072,1901.1527691671045,100,0,1
2014.11.02,01:43:26,1901.1504661838753,1901.2033771788879,1901.1167973663687,1901.1754438537523,100,0,1
2014.11.03,01:43:26,1901.1642853914714,1901.2505771248614,1901.1397094576716,1901.140650409915,100,0,1
2014.11.04,01:43:26,1901.218534956546,1901.2502548684288,1901.1844726923177,1901.2483668037505,100,0,1
2014.11.05,01:43:26,1901.247291585874,1901.2570469791683,1901.1851912095754,1901.2307258107435,100,0,1
2014.11.06,01:43:26,1901.2480237543589,1901.280463931612,1901.1656031300893,1901.2242375829026,100,0,1
2014.11.07,01:43:26,1901.3196497154331,1901.344814874176,1901.2863026888897,1901.3058240137873,100,0,1
2014.11.08,01:43:26,1901.3887208762915,1901.4081279207342,1901.3698554699747,1901.408091633923,100,0,1
2014.11.09,01:43:26,1901.271911126386,1901.3264862858605,1901.1950655658668,1901.308942926556,100,0,1
2014.11.10,01:43:26,1901.2716330782728,1901.3529107891059,1901.2455758039926,1901.326050650643,100,0,1
2014.11.11,01:43:26,1901.2831141719287,1901.3341917684072,1901.241706050065,1901.2557077678146,100,0,1
2014.11.12,01:43:26,1901.2942509394168,1901.380859232559,1901.2573199532937,1901.2868707099842,100,0,1
2014.11.13,01:43:26,1901.31444605321,1901.355805296668,1901.2773663311839,1901.2783776826857,100,0,1
2014.11.14,01:43:26,1901.3585588222568,1901.4121794695716,1901.3279452844322,1901.3992468531724,100,0,1
2014.11.15,01:43:26,1901.3416265682004,1901.4012790103613,1901.3092089596887,1901.3602542813915,100,0,1
2014.11.16,01:43:26,1901.2285503884104,1901.2654768199213,1901.1587177690064,1901.1972271167833,100,0,1
2014.11.17,01:43:26,1901.1144306936087,1901.1997067118239,1901.1050327258038,1901.1884549160545,100,0,1
2014.11.18,01:43:26,1901.169712344201,1901.2337295795717,1901.1305833318404,1901.2138226565596,100,0,1
2014.11.19,01:43:26,1901.0831084630163,1901.0856415655305,1901.0005216993645,1901.0250723316192,100,0,1
2014.11.20,01:43:26,1901.1079048272236,1901.1649722696159,1901.0679421975806,1901.1271661094038,100,0,1
2014.11.21,01:43:26,1900.9714703044867,1901.030610710168,1900.9158864715741,1900.9484988825118,100,0,1
2014.11.22,01:43:26,1900.976624548456,1901.033345796546,1900.9149383689933,1900.9169579583845,100,0,1
2014.11.23,01:43:26,1900.9290232669107,1901.0191678862434,1900.8948641233847,1900.896631995499,100,0,1
2014.11.24,01:43:26,1900.9411250421745,1900.9990801102986,1900.8915929201053,1900.984484786478,100,0,1
2014.11.25,01:43:26,1900.8512679399535,1900.9126656554345,1900.8325744991594,1900.8488225594697,100,0,1
2014.11.26,01:43:26,1900.843491350057,1900.8802588881854,1900.764013685588,1900.793593429612,100,0,1
2014.11.27,01:43:26,1900.733133919615,1900.7578827197533,1900.6770554770312,1900.7328567464242,100,0,1
2014.11.28,01:43:26,1900.775454783872,1900.816432669622,1900.7270612500888,1900.813057515724,100,0,1
2014.11.29,01:43:26,1900.7556950122112,1900.8118106855582,1900.7119437423962,1900.8005873901693,100,0,1
2014.11.30,01:43:26,1900.8214963652697,1900.889014996373,1900.751312059937,1900.843142703065,100,0,1
2014.12.01,01:43:26,1900.7828165248438,1900.8337629158689,1900.7294065971603,1900.7425235286069,100,0,1
2014.12.02,01:43:26,1900.7615730273376,1900.8208425832536,1900.7057532919825,1900.7949343138262,100,0,1
2014.12.03,01:43:26,1900.7481740969579,1900.7890406028591,1900.7153638931757,1900.748778931397,100,0,1
2014.12.04,01:43:26,1900.7734049044186,1900.7834519905953,1900.7341142480395,1900.7688091041139,100,0,1
2014.12.05,01:43:26,1900.7567188681562,1900.8013465863637,1900.697546218361,1900.7457385158546,100,0,1
2014.12.06,01:43:26,1900.803392658448,1900.8721203240852,1900.7467698879946,1900.8718856314622,100,0,1
2014.12.07,01:43:26,1900.6935053320317,1900.7323175332517,1900.656417847116,1900.668558687194,100,0,1
2014.12.08,01:43:26,1900.682902947843,1900.7235262144982,1900.604373999094,1900.6488576808497,100,0,1
2014.12.09,01:43:26,1900.6529279385725,1900.7182265103943,1900.595278266267,1900.6515557565629,100,0,1
2014.12.10,01:43:26,1900.511045190873,1900.5482683537887,1900.459069144983,1900.5354425962262,100,0,1
2014.12.11,01:43:26,1900.5288485559063,1900.5644002421018,1900.489483308503,1900.551269662841,100,0,1
2014.12.12,01:43:26,1900.5306688310936,1900.6079449825654,1900.4591169651962,1900.495017903403,100,0,1
2014.12.13,01:43:26,1900.473966499577,1900.4993156344574,1900.4379061419988,1900.4940283260028,100,0,1
2014.12.14,01:43:26,1900.4532354053654,1900.50827848739,1900.4279118183824,1900.4994342744428,100,0,1
2014.12.15,01:43:26,1900.319681575343,1900.3916440968649,1900.251881692411,1900.2942211443867,100,0,1
2014.12.16,01:43:26,1900.4266412446432,1900.4719737638404,1900.379177634353,1900.4617907494917,100,0,1
2014.12.17,01:43:26,1900.4430719707636,1900.474831877841,1900.3831665657992,1900.4435803408196,100,0,1
2014.12.18,01:43:26,1900.413636802914,1900.4602891018146,1900.3573126322385,1900.4270692859454,100,0,1
2014.12.19,01:43:26,1900.3628701695193,1900.3913125949387,1900.3057125332857,1900.380742179228,100,0,1
2014.12.20,01:43:26,1900.4371629812988,1900.5044746042001,1900.4136145882485,1900.4970908453881,100,0,1
2014.12.21,01:43:26,1900.3609770155956,1900.4401622276707,1900.3095198443425,1900.3407278669858,100,0,1
2014.12.22,01:43:26,1900.280524754055,1900.3349844279137,1900.2355115609207,1900.3095623093575,100,0,1
2014.12.23,01:43:26,1900.3443353601035,1900.3986348540216,1900.276760164843,1900.306005433849,100,0,1
2014.12.24,01:43:26,1900.3735260781175,1900.4098213443829,1900.3335608026246,1900.3856607706289,100,0,1
2014.12.25,01:43:26,1900.3873329953442,1900.4039185711492,1900.3504451240997,1900.374390520581,100,0,1
2014.12.26,01:43:26,1900.3002717318773,1900.3714103396665,1900.2527659135005,1900.3544429602687,100,0,1
2014.12.27,01:43:26,1900.317549101161,1900.3858392734778,1900.2770407497121,1900.330026263979,100,0,1
2014.12.28,01:43:26,1900.3585638094598,1900.4281175524704,1900.3126205254564,1900.427259728388,100,0,1
2014.12.29,01:43:26,1900.4544873210957,1900.5273207395867,1900.4078264091895,1900.5211644918054,100,0,1
2014.12.30,01:43:26,1900.4633386333355,1900.5310826020307,1900.421348864695,1900.4506765556364,100,0,1
2014.12.31,01:43:26,1900.4903256771781,1900.5225662236533,1900.442646323026,1900.4723610357037,100,0,1
2015.01.01,01:43:26,1900.4815522467156,1900.53602337684,1900.4456051167233,1900.4760302788704,100,0,1
2015.01.02,01:43:26,1900.557704358247,1900.6147014181913,1900.5338854973918,1900.5918561266142,100,0,1
2015.01.03,01:43:26,1900.6087995898063,1900.6764985215036,1900.6040086183796,1900.65635319084,100,0,1
2015.01.04,01:43:26,1900.5776090659876,1900.633663896244,1900.5297345106287,1900.571871792648,100,0,1
2015.01.05,01:43:26,1900.6171394158557,1900.6591334513944,1900.5649234260734,1900.5907894368859,100,0,1
2015.01.06,01:43:26,1900.6039585291635,1900.6556231428378,1900.5294941919683,1900.6170684721408,100,0,1
2015.01.07,01:43:26,1900.759151899695,1900.8017929995171,1900.6967518640668,1900.7318962455624,100,0,1
2015.01.08,01:43:26,1900.856570974688,1900.8944345576722,1900.7797712098834,1900.8349559806118,100,0,1
2015.01.09,01:43:26,1900.9267126297045,1900.977914187335,1900.8641967762235,1900.9326613759717,100,0,1
2015.01.10,01:43:26,1900.964982496038,1901.0143529613215,1900.9517963169997,1900.999810854742,100,0,1
2015.01.11,01:43:26,1900.9537706301633,1901.0125668260512,1900.9230002707277,1900.9736368731303,100,0,1
2015.01.12,01:43:26,1900.9816107378056,1901.0126798637257,1900.9549530150703,1900.9754532646245,100,0,1
2015.01.13,01:43:26,1901.0466360524408,1901.095966157394,1901.001351128266,1901.0557346580927,100,0,1
2015.01.14,01:43:26,1900.9828206610277,1901.049452607956,1900.8845635057596,1900.9814214604016,100,0,1
2015.01.15,01:43:26,1900.992926220999,1901.0579375937502,1900.9576463663204,1900.9767407239572,100,0,1
2015.01.16,01:43:26,1900.9929422615164,1901.0248772869832,1900.9471333535623,1901.0095101575994,100,0,1
2015.01.17,01:43:26,1901.0352852439444,1901.0844515814588,1900.9987449664266,1901.008150308713,100,0,1
2015.01.18,01:43:26,1901.002969784771,1901.017457943747,1900.9508740506035,1901.00239538237,100,0,1
2015.01.19,01:43:26,1901.014917980062,1901.058707381368,1900.991220081179,1901.0212892077398,100,0,1
2015.01.20,01:43:26,1900.9974548954865,1901.009351991472,1900.922441909976,1900.9882396030625,100,0,1
2015.01.21,01:43:26,1901.055185280394,1901.1119897729532,1900.971650683514,1901.0685417207062,100,0,1
2015.01.22,01:43:26,1901.2224537589866,1901.2808386841637,1901.1460998945174,1901.2292040602872,100,0,1
2015.01.23,01:43:26,1901.225495891311,1901.2948170948005,1901.1965507882358,1901.2081318470719,100,0,1
2015.01.24,01:43:26,1901.3451827229057,1901.394155602786,1901.2746459070006,1901.3809085711725,100,0,1
2015.01.25,01:43:26,1901.300050913422,1901.3333639561254,1901.2285967586395,1901.2876973781724,100,0,1
2015.01.26,01:43:26,1901.3185131760454,1901.3538747671428,1901.2505115220667,1901.2866444778936,100,0,1
2015.01.27,01:43:26,1901.3184128329424,1901.3672805022338,1901.249631886577,1901.2823823871374,100,0,1
2015.01.28,01:43:26,1901.3538100473122,1901.4018873425596,1901.3163762610363,1901.3236795790986,100,0,1
2015.01.29,01:43:26,1901.3809564440478,1901.3916928903145,1901.3490342678722,1901.3570611314785,100,0,1
2015.01.30,01:43:26,1901.4216529494968,1901.5001294043186,1901.399322331823,1901.4334177681037,100,0,1
2015.01.31,01:43:26,1901.4370328686834,1901.4890870954207,1901.376463390615,1901.4356069872233,100,0,1
2015.02.01,01:43:26,1901.422571624774,1901.445648212669,1901.3587979835452,1901.3856267373967,100,0,1
2015.02.02,01:43:26,1901.3308402075425,1901.3690478386104,1901.2794702496021,1901.2809073595472,100,0,1
2015.02.03,01:43:26,1901.2839551027107,1901.331797562533,1901.2310911294435,1901.2378965608793,100,0,1
2015.02.04,01:43:26,1901.2637833395834,1901.2952079546867,1901.1850259817943,1901.2907951800828,100,0,1
2015.02.05,01:43:26,1901.3300378433366,1901.3669617932937,1901.297326619626,1901.3062810324413,100,0,1
2015.02.06,01:43:26,1901.3197647716188,1901.3562427202212,1901.2758808304047,1901.317181730503,100,0,1
2015.02.07,01:43:26,1901.2971051772322,1901.3308597265163,1901.269961191578,1901.2971248928914,100,0,1
2015.02.08,01:43:26,1901.3070305726856,1901.327162021423,1901.2402243663785,1901.3098603481544,100,0,1
2015.02.09,01:43:26,1901.4072239521881,1901.4386046805628,1901.3730332828352,1901.4330262015942,100,0,1
2015.02.10,01:43:26,1901.3903477088963,1901.4528205381364,1901.3394767386503,1901.4361276311213,100,0,1
2015.02.11,01:43:26,1901.447652887269,1901.5304785154574,1901.406342253931,1901.4609590361197,100,0,1
2015.02.12,01:43:26,1901.407862014091,1901.432382315552,1901.3482133728824,1901.3624354438925,100,0,1
2015.02.13,01:43:26,1901.4280602403364,1901.483466109576,1901.3874642218661,1901.4327075310052,100,0,1
2015.02.14,01:43:26,1901.3689309546744,1901.4398339855645,1901.2899488008916,1901.366250793153,100,0,1
2015.02.15,01:43:26,1901.3953529499433,1901.4523515778592,1901.3384470326557,1901.4152749611771,100,0,1
2015.02.16,01:43:26,1901.2863793289362,1901.339255730445,1901.2088989389629,1901.2853075795322,100,0,1
2015.02.17,01:43:26,1901.3980433474903,1901.444325733949,1901.3486268232054,1901.441914564674,100,0,1
2015.02.18,01:43:26,1901.343303993994,1901.4147206877428,1901.3007652626081,1901.3585038929882,100,0,1
2015.02.19,01:43:26,1901.3877123490165,1901.4435293877298,1901.3562773035576,1901.3925070334112,100,0,1
2015.02.20,01:43:26,1901.365199635934,1901.409857369503,1901.3119831860029,1901.368138673225,100,0,1
2015.02.21,01:43:26,1901.4490825997536,1901.4836526035429,1901.439411845453,1901.4429704102167,100,0,1
2015.02.22,01:43:26,1901.3790188645414,1901.4234950080292,1901.3483552478804,1901.3772002145304,100,0,1
2015.02.23,01:43:26,1901.514829278359,1901.5959874946732,1901.4973533195744,1901.5701262947268,100,0,1
2015.02.24,01:43:26,1901.4491454616523,1901.5034069323067,1901.3853183679173,1901.4681292135117,100,0,1
2015.02.25,01:43:26,1901.379430671017,1901.4545172755259,1901.3555759128233,1901.4334126262947,100,0,1
2015.02.26,01:43:26,1901.3825427766294,1901.4067672942983,1901.3373384893978,1901.3933620167315,100,0,1
2015.02.27,01:43:26,1901.3047178960192,1901.3675007538407,1901.238892266291,1901.3099819221222,100,0,1
2015.02.28,01:43:26,1901.3254782657239,1901.4081285396173,1901.282842406495,1901.330196184701,100,0,1
2015.03.01,01:43:26,1901.370862511906,1901.4202498100565,1901.2883834320048,1901.3250759777961,100,0,1
2015.03.02,01:43:26,1901.3382986298395,1901.3844326222497,1901.2877964757931,1901.3826386847534,100,0,1
2015.03.03,01:43:26,1901.3824381561626,1901.4631753602798,1901.355325774687,1901.4630336219745,100,0,1
2015.03.04,01:43:26,1901.3435642468592,1901.3738559753679,1901.2719957273816,1901.3035107496246,100,0,1
2015.03.05,01:43:26,1901.2752350992448,1901.3336120635645,1901.2492033843478,1901.3296313374842,100,0,1
2015.03.06,01:43:26,1901.2807822008244,1901.358094694357,1901.224052931015,1901.2865743374537,100,0,1
2015.03.07,01:43:26,1901.2925029492992,1901.326337447962,1901.2291570809234,1901.318272304947,100,0,1
2015.03.08,01:43:26,1901.2294193492914,1901.2676459808176,1901.1775194272846,1901.1988727230548,100,0,1
2015.03.09,01:43:26,1901.2736085398885,1901.3482682996307,1901.2316322515635,1901.251117638442,100,0,1
2015.03.10,01:43:26,1901.3236509934127,1901.4022445406356,1901.2505768792842,1901.3377351450893,100,0,1
2015.03.11,01:43:26,1901.272198119126,1901.2785155178456,1901.2198890415566,1901.2526522752964,100,0,1
2015.03.12,01:43:26,1901.2711373233724,1901.3366607787304,1901.1711701011754,1901.278928786608,100,0,1
2015.03.13,01:43:26,1901.3514147294973,1901.3854241825854,1901.2919039633477,1901.3365196791256,100,0,1
2015.03.14,01:43:26,1901.3489300355463,1901.4145259448094,1901.3202917383064,1901.4039997825798,100,0,1
2015.03.15,01:43:26,1901.3116947705134,1901.346559665286,1901.2863519850962,1901.3329566184168,100,0,1
2015.03.16,01:43:26,1901.2718218234327,1901.3385051818111,1901.2310340449799,1901.3265570389206,100,0,1
2015.03.17,01:43:26,1901.2575589804712,1901.311932814483,1901.2405932766721,1901.289996301042,100,0,1
2015.03.18,01:43:26,1901.2649319613936,1901.3294857849621,1901.2417450608307,1901.2976757076506,100,0,1
2015.03.19,01:43:26,1901.2442297147893,1901.3108870050385,1901.188729452355,1901.189623564565,100,0,1
2015.03.20,01:43:26,1901.2477445075506,1901.3004520431255,1901.1994546797464,1901.2604768706453,100,0,1
2015.03.21,01:43:26,1901.1882688880885,1901.2235838297847,1901.1292226323137,1901.2087596064698,100,0,1
2015.03.22,01:43:26,1901.2447063825439,1901.276329346713,1901.172602711583,1901.2716508218175,100,0,1
2015.03.23,01:43:26,1901.227044129494,1901.2506636387068,1901.1992840738033,1901.2438415538695,100,0,1
2015.03.24,01:43:26,1901.3593086440433,1901.408068603582,1901.3152877994125,1901.3641514271144,100,0,1
2015.03.25,01:43:26,1901.3673340418713,1901.4218490739045,1901.3093751128363,1901.4022012952562,100,0,1
2015.03.26,01:43:26,1901.3862649630255,1901.448691844153,1901.3291584867657,1901.357745408783,100,0,1
2015.03.27,01:43:26,1901.4193552164106,1901.4370274403143,1901.3900896514883,1901.4198949716722,100,0,1
2015.03.28,01:43:26,1901.403885303967,1901.4184133921729,1901.3743905010042,1901.4123712377907,100,0,1
2015.03.29,01:43:26,1901.3726513780648,1901.435839873858,1901.3373252730823,1901.3979623806913,100,0,1
2015.03.30,01:43:26,1901.3084188982182,1901.3750787910067,1901.2421565990098,1901.3063784623853,100,0,1
2015.03.31,01:43:26,1901.402982206865,1901.4622999818193,1901.3678157165123,1901.406848807344,100,0,1
2015.04.01,01:43:26,1901.3883787990458,1901.431653351348,1901.3618239847528,1901.4203171709048,100,0,1
2015.04.02,01:43:26,1901.400524689366,1901.4417170896056,1901.3802661055754,1901.4005050779724,100,0,1
2015.04.03,01:43:26,1901.461393101846,1901.5245926116263,1901.4060668470097,1901.441959987842,100,0,1
2015.04.04,01:43:26,1901.4885881348284,1901.517595415159,1901.4271210717968,1901.509299572512,100,0,1
2015.04.05,01:43:26,1901.4495840720026,1901.510051988766,1901.4360172429338,1901.4610859159195,100,0,1
2015.04.06,01:43:26,1901.4244527800965,1901.4954223376617,1901.3639592625018,1901.4371726547977,100,0,1
2015.04.07,01:43:26,1901.432917007347,1901.4525098658314,1901.3938100701916,1901.4357258703042,100,0,1
2015.04.08,01:43:26,1901.4866805610288,1901.5405160838193,1901.4183615812549,1901.4673256155886,100,0,1
2015.04.09,01:43:26,1901.5083389105869,1901.5740020586732,1901.4547764325446,1901.5109691403325,100,0,1
2015.04.10,01:43:26,1901.5859450229734,1901.6643510740369,1901.5632827632305,1901.657130317132,100,0,1
2015.04.11,01:43:26,1901.5097035337947,1901.5454915201424,1901.4709987599947,1901.4910298204218,100,0,1
2015.04.12,01:43:26,1901.596686965731,1901.6491136989448,1901.5582890671608,1901.5679512244176,100,0,1
2015.04.13,01:43:26,1901.5897322443518,1901.6776479917316,1901.5061634689876,1901.5786211150712,100,0,1
2015.04.14,01:43:26,1901.5596025931316,1901.6545669361312,1901.5166245912715,1901.5313452985633,100,0,1
2015.04.15,01:43:26,1901.60743010106,1901.6390603109303,1901.5530540143711,1901.6145520889656,100,0,1
2015.04.16,01:43:26,1901.545936885166,1901.621500567625,1901.5320223859453,1901.5928772658642,100,0,1
2015.04.17,01:43:26,1901.6333442394707,1901.6817643649972,1901.5987065318147,1901.6665130934286,100,0,1
2015.04.18,01:43:26,1901.5352620323977,1901.5962209561287,1901.5046499137652,1901.5689687245997,100,0,1
2015.04.19,01:43:26,1901.5434802831646,1901.5642535696772,1901.5038482477846,1901.514799617426,100,0,1
2015.04.20,01:43:26,1901.5681747108679,1901.6374981563729,1901.5166979062499,1901.5987589605577,100,0,1
2015.04.21,01:43:26,1901.5461091376792,1901.591805589205,1901.5001931509244,1901.5362915104702,100,0,1
2015.04.22,01:43:26,1901.649412867135,1901.6942376024592,1901.579741956953,1901.661344948868,100,0,1
2015.04.23,01:43:26,1901.6038289497053,1901.6932363719557,1901.5779461772204,1901.5809688526763,100,0,1
2015.04.24,01:43:26,1901.564880560649,1901.655029676799,1901.4916817712187,1901.5526800356522,100,0,1
2015.04.25,01:43:26,1901.5477748608776,1901.6082220877731,1901.5081820025543,1901.515577724086,100,0,1
2015.04.26,01:43:26,1901.4488585895774,1901.4758153433622,1901.4289325685816,1901.439648878374,100,0,1
2015.04.27,01:43:26,1901.4832226194828,1901.5319675978292,1901.4119384046976,1901.4330991896666,100,0,1
2015.04.28,01:43:26,1901.4873552536048,1901.521607973259,1901.3975456826413,1901.4934324177802,100,0,1
2015.04.29,01:43:26,1901.4507837850415,1901.4840536567472,1901.4227468783151,1901.4751469015691,100,0,1
2015.04.30,01:43:26,1901.4213829301764,1901.4681295894436,1901.3673436452311,1901.3981003369183,100,0,1
2015.05.01,01:43:26,1901.3736141888342,1901.4052290726931,1901.3159250047574,1901.3529858425293,100,0,1
2015.05.02,01:43:26,1901.352425250123,1901.3795676685388,1901.3053050087744,1901.3425443383057,100,0,1
2015.05.03,01:43:26,1901.3280848632987,1901.3978742459774,1901.2787728124908,1901.2809444139098,100,0,1
2015.05.04,01:43:26,1901.3378844029105,1901.3959881166793,1901.3072546793815,1901.3320892475483,100,0,1
2015.05.05,01:43:26,1901.2739691403813,1901.3156469361434,1901.2209992371972,1901.2982470699435,100,0,1
2015.05.06,01:43:26,1901.2506078474032,1901.3174464904673,1901.18651129032,1901.2498673410566,100,0,1
2015.05.07,01:43:26,1901.2981390634106,1901.3229091041983,1901.2385454472262,1901.3205704976076,100,0,1
2015.05.08,01:43:26,1901.2711635163514,1901.3427024385069,1901.2271920659653,1901.2427135725388,100,0,1
2015.05.09,01:43:26,1901.3014260143825,1901.3561362887285,1901.2748384142067,1901.3269709384751,100,0,1
2015.05.10,01:43:26,1901.2279563983536,1901.2663053705244,1901.1781091790235,1901.2139117424679,100,0,1
2015.05.11,01:43:26,1901.2823345478673,1901.3168447134958,1901.2639660310128,1901.2751111917346,100,0,1
2015.05.12,01:43:26,1901.1847446485497,1901.2367329511658,1901.146402538095,1901.2208516292214,100,0,1
2015.05.13,01:43:26,1901.2271728498422,1901.305393615827,1901.1979701449372,1901.2664991742188,100,0,1
2015.05.14,01:43:26,1901.2135650027083,1901.2678149298658,1901.1846286018163,1901.2029189289522,100,0,1
2015.05.15,01:43:26,1901.1850403695066,1901.2512838418877,1901.1749754011907,1901.1978829394313,100,0,1
2015.05.16,01:43:26,1901.147798780287,1901.1989164356564,1901.058792481309,1901.0827879580258,100,0,1
2015.05.17,01:43:26,1901.09204562403,1901.1296709231135,1901.0485866050988,1901.1064204771503,100,0,1
2015.05.18,01:43:26,1901.005274166093,1901.0758355500218,1900.9727763531662,1901.0113911466867,100,0,1
2015.05.19,01:43:26,1900.9759949206434,1900.9979525081214,1900.9025117583697,1900.9556100828866,100,0,1
2015.05.20,01:43:26,1900.936455648862,1900.9956356939524,1900.8440343966568,1900.8667766112465,100,0,1
2015.05.21,01:43:26,1900.9152433280963,1900.9427881749264,1900.8469772406702,1900.9403352387048,100,0,1
2015.05.22,01:43:26,1900.966778650487,1901.0298966865794,1900.9136076885718,1900.964233957623,100,0,1
2015.05.23,01:43:26,1900.8298895066928,1900.9173995082326,1900.799166434646,1900.8056334369194,100,0,1
2015.05.24,01:43:26,1900.8576220761418,1900.8904858407298,1900.7867058616687,1900.8847707823127,100,0,1
2015.05.25,01:43:26,1900.8643501498582,1900.9225129595698,1900.8094770468915,1900.8134520583528,100,0,1
2015.05.26,01:43:26,1900.9534164988465,1901.0160571766012,1900.865740859108,1900.9832552144553,100,0,1
2015.05.27,01:43:26,1900.983496330775,1901.0816733670983,1900.9552468206039,1901.0188237824752,100,0,1
2015.05.28,01:43:26,1901.010906128546,1901.0631941870013,1900.9973374884767,1901.0391913667431,100,0,1
2015.05.29,01:43:26,1901.0067127623304,1901.031022088365,1900.9756706153642,1901.0300176799717,100,0,1
2015.05.30,01:43:26,1900.9736782169762,1901.04741634729,1900.9139005830195,1900.9908436689552,100,0,1
2015.05.31,01:43:26,1901.0080787586671,1901.0438542394934,1900.9507771987755,1901.0405529288796,100,0,1
2015.06.01,01:43:26,1900.9859278914116,1901.0098075856222,1900.9486082493484,1900.9700606463914,100,0,1
2015.06.02,01:43:26,1900.9081696319693,1900.9654223966654,1900.8640299471053,1900.9523694458749,100,0,1
2015.06.03,01:43:26,1900.8646466474743,1900.9592258249957,1900.807045114772,1900.8351846593598,100,0,1
2015.06.04,01:43:26,1900.9326878099314,1901.0046626978105,1900.889507435485,1900.996051392611,100,0,1
2015.06.05,01:43:26,1901.0006742966134,1901.0545690797512,1900.9182182348768,1901.018704251726,100,0,1
2015.06.06,01:43:26,1901.0662700989608,1901.1198493369777,1901.0335944490485,1901.0709988487451,100,0,1
2015.06.07,01:43:26,1900.9685480410683,1901.0016955286899,1900.9273910134964,1900.9442327488161,100,0,1
2015.06.08,01:43:26,1901.001666508088,1901.026001985916,1901.0006633778085,1901.0185370888398,100,0,1
2015.06.09,01:43:26,1900.937496831448,1900.9861355497524,1900.9274652655822,1900.951251300719,100,0,1
2015.06.10,01:43:26,1900.859651318052,1900.9103844254946,1900.8332616683924,1900.8899610138064,100,0,1
2015.06.11,01:43:26,1900.9082529396628,1900.9437975803423,1900.8361375483846,1900.8883942439554,100,0,1
2015.06.12,01:43:26,1900.8662431402765,1900.954629191291,1900.8316087869034,1900.9414240435772,100,0,1
2015.06.13,01:43:26,1900.8436199268551,1900.9131011033833,1900.7920363656192,1900.80581696909,100,0,1
2015.06.14,01:43:26,1900.838084193423,1900.9158795213061,1900.834858608872,1900.8650608028106,100,0,1
2015.06.15,01:43:26,1900.78265782132,1900.8612249255984,1900.716006600999,1900.7354840206997,100,0,1
2015.06.16,01:43:26,1900.841759895199,1900.882284320103,1900.7891963294103,1900.8513997238279,100,0,1
2015.06.17,01:43:26,1900.8638389124435,1900.9206285700266,1900.8041125880457,1900.8884010254872,100,0,1
2015.06.18,01:43:26,1900.90335601753,1900.9725205845652,1900.8406843833964,1900.8770182435917,100,0,1
2015.06.19,01:43:26,1900.8034489121696,1900.8489369954448,1900.7478496650895,1900.7758729075906,100,0,1
2015.06.20,01:43:26,1900.8405298209673,1900.9141781225205,1900.7858249659982,1900.876529661887,100,0,1
2015.06.21,01:43:26,1900.841699991469,1900.906318534571,1900.8153648293198,1900.898791374116,100,0,1
2015.06.22,01:43:26,1900.8349468020074,1900.8647247729643,1900.7709730713943,1900.8500031986134,100,0,1
2015.06.23,01:43:26,1900.8510398494702,1900.884140149887,1900.8269086655673,1900.8745968102628,100,0,1
2015.06.24,01:43:26,1900.872353048346,1900.9502748227794,1900.8313426627726,1900.852328133321,100,0,1
2015.06.25,01:43:26,1900.925100381087,1900.9975343915044,1900.890573004781,1900.8946434116715,100,0,1
2015.06.26,01:43:26,1900.825831896679,1900.9149144803353,1900.7890042065908,1900.8660022353858,100,0,1
2015.06.27,01:43:26,1900.853474812721,1900.8777082781646,1900.8347797908027,1900.8611637437698,100,0,1
2015.06.28,01:43:26,1900.7907572228844,1900.8363172894803,1900.7442181432016,1900.7500113814647,100,0,1
2015.06.29,01:43:26,1900.7334055528888,1900.787450783122,1900.6776439837906,1900.7076138507446,100,0,1
2015.06.30,01:43:26,1900.7547480496382,1900.8356632535117,1900.6970645806723,1900.774181344328,100,0,1
2015.07.01,01:43:26,1900.7485199621567,1900.8019651135262,1900.7000177507948,1900.7849331794798,100,0,1
2015.07.02,01:43:26,1900.7944358985437,1900.869708708404,1900.7179976883647,1900.793849375968,100,0,1
2015.07.03,01:43:26,1900.8307138648213,1900.8785416788753,1900.7658249189694,1900.8032487006583,100,0,1
2015.07.04,01:43:26,1900.8956180197238,1900.944473658808,1900.8207753917802,1900.876041258874,100,0,1
2015.07.05,01:43:26,1900.871122769294,1900.9472786254933,1900.8037886407542,1900.8473425456848,100,0,1
2015.07.06,01:43:26,1900.8386857625394,1900.867044898474,1900.8020974625654,1900.8416661522563,100,0,1
2015.07.07,01:43:26,1900.8903092591554,1900.92330731552,1900.8653279606597,1900.9155750088632,100,0,1
2015.07.08,01:43:26,1900.9078339732923,1900.975653504743,1900.856510153463,1900.8698606545465,100,0,1
2015.07.09,01:43:26,1900.9290743764702,1900.9598274873936,1900.8889309563924,1900.9292829724236,100,0,1
2015.07.10,01:43:26,1900.8992094629928,1900.9627285394167,1900.8374543513892,1900.9400828494893,100,0,1
2015.07.11,01:43:26,1900.8521242101942,1900.8743563481069,1900.831118473259,1900.8431466734307,100,0,1
2015.07.12,01:43:26,1900.9128675676586,1900.9660762543074,1900.8427264721527,1900.9596318825188,100,0,1
2015.07.13,01:43:26,1900.8780722376657,1900.935973533145,1900.8358492141838,1900.8883827098825,100,0,1
2015.07.14,01:43:26,1900.83807312974,1900.8545884161372,1900.7787668932294,1900.8061287806033,100,0,1
2015.07.15,01:43:26,1900.865783362403,1900.8797178613615,1900.8404446703435,1900.8529003830283,100,0,1
2015.07.16,01:43:26,1900.8794463728095,1900.9338252191997,1900.8103767531918,1900.8938007485697,100,0,1
2015.07.17,01:43:26,1900.9112656551085,1900.9480657744616,1900.8941273783068,1900.9264130826223,100,0,1
2015.07.18,01:43:26,1900.9503196913715,1901.007814038384,1900.9151687305482,1900.9293811825994,100,0,1
2015.07.19,01:43:26,1900.9844243145797,1901.0442178136907,1900.960647420093,1900.9859998202687,100,0,1
2015.07.20,01:43:26,1900.9106258422164,1900.9309990883212,1900.873936644979,1900.92117130299,100,0,1
2015.07.21,01:43:26,1900.8685676206296,1900.91444996576,1900.8518867417815,1900.900118964069,100,0,1
2015.07.22,01:43:26,1900.8428960719398,1900.8696057876477,1900.8092000921988,1900.8112548321155,100,0,1
2015.07.23,01:43:26,1900.9545876555428,1900.999297571241,1900.884287818406,1900.9152737025083,100,0,1
2015.07.24,01:43:26,1900.9153144248269,1900.9545659345245,1900.8824822391039,1900.952714138356,100,0,1
2015.07.25,01:43:26,1900.89936084334,1900.9335656073595,1900.832452531795,1900.8521836788818,100,0,1
2015.07.26,01:43:26,1900.9921877225536,1901.0277350738618,1900.9200193256863,1901.021763848822,100,0,1
2015.07.27,01:43:26,1900.9487891700724,1900.9623524032068,1900.8649135628016,1900.8894617738495,100,0,1
2015.07.28,01:43:26,1900.816646934095,1900.8924313391112,1900.7697030521658,1900.8763127013654,100,0,1
2015.07.29,01:43:26,1900.824117444435,1900.854276660763,1900.769775793236,1900.7993757977456,100,0,1
2015.07.30,01:43:26,1900.8322457293357,1900.8742710796828,1900.7682767008025,1900.8537435464793,100,0,1
2015.07.31,01:43:26,1900.9442445867148,1900.9725225018658,1900.9041604855133,1900.955070865533,100,0,1
2015.08.01,01:43:26,1900.8644920084087,1900.899371629591,1900.7906539415371,1900.8051886580427,100,0,1
2015.08.02,01:43:26,1900.804997016402,1900.9061075372026,1900.7560628485276,1900.8240104657912,100,0,1
2015.08.03,01:43:26,1900.8199285251844,1900.871280041906,1900.7603683061398,1900.8545605042493,100,0,1
2015.08.04,01:43:26,1900.8169571596302,1900.8877095974015,1900.7658353042937,1900.8663409595065,100,0,1
2015.08.05,01:43:26,1900.7728638486403,1900.7956166873046,1900.7562134096631,1900.7941700640854,100,0,1
2015.08.06,01:43:26,1900.7112336115713,1900.743740115264,1900.671425298562,1900.6827198015976,100,0,1
2015.08.07,01:43:26,1900.800717467033,1900.823714496385,1900.7538657790299,1900.7756407031757,100,0,1
2015.08.08,01:43:26,1900.8290547365443,1900.9115621227484,1900.7534636215803,1900.7671099963864,100,0,1
2015.08.09,01:43:26,1900.8413935073158,1900.911727700571,1900.7955479179209,1900.8316237636452,100,0,1
2015.08.10,01:43:26,1900.8237908574793,1900.8249930306122,1900.7836463192366,1900.811842290853,100,0,1
2015.08.11,01:43:26,1900.8494829029394,1900.9032113780822,1900.8130352898836,1900.8280912844293,100,0,1
2015.08.12,01:43:26,1900.827668809009,1900.8503512535358,1900.7943446798406,1900.8456381902429,100,0,1
2015.08.13,01:43:26,1900.7826872104424,1900.830873847131,1900.732452803919,1900.7421922877572,100,0,1
2015.08.14,01:43:26,1900.6950748631418,1900.714208294664,1900.6152857345803,1900.670045626092,100,0,1
2015.08.15,01:43:26,1900.8100260362635,1900.8402225894472,1900.7717406148797,1900.8114455737739,100,0,1
2015.08.16,01:43:26,1900.7636870465808,1900.7805382830481,1900.7237159904084,1900.7746643462012,100,0,1
2015.08.17,01:43:26,1900.8474618814407,1900.9018141469573,1900.810120646134,1900.865507309155,100,0,1
2015.08.18,01:43:26,1900.8359571013934,1900.8887466665205,1900.774524450355,1900.8522244697867,100,0,1
2015.08.19,01:43:26,1900.8911067034585,1900.9261853061744,1900.840995442991,1900.925195615111,100,0,1
2015.08.20,01:43:26,1900.9075821074778,1900.975924925874,1900.8364863184092,1900.9481439570752,100,0,1
2015.08.21,01:43:26,1901.037960005211,1901.0862720860446,1900.9732511845646,1900.9865689492244,100,0,1
2015.08.22,01:43:26,1900.977834054178,1901.0412560624006,1900.9033811202046,1901.0271384999157,100,0,1
2015.08.23,01:43:26,1901.039869936835,1901.0795754203893,1900.9843696223409,1901.022196839106,100,0,1
2015.08.24,01:43:26,1901.0835107026035,1901.1257572262705,1901.0407828460604,1901.0864785552087,100,0,1
2015.08.25,01:43:26,1901.0219632104029,1901.1070621321664,1900.9458721390456,1901.0322387911556,100,0,1
2015.08.26,01:43:26,1901.0092996999301,1901.1003239914648,1900.9679521103892,1901.0084463617077,100,0,1
2015.08.27,01:43:26,1901.0365164292587,1901.086221759481,1900.971455545042,1901.0387592552254,100,0,1
2015.08.28,01:43:26,1901.0294200099838,1901.1142131745437,1900.9908300733175,1900.9922644035667,100,0,1
2015.08.29,01:43:26,1901.1346937680296,1901.2353274707402,1901.09861718467,1901.2216873193584,100,0,1
2015.08.30,01:43:26,1901.2121438700196,1901.2680250188835,1901.1229652756915,1901.2562168511502,100,0,1
2015.08.31,01:43:26,1901.2212544844301,1901.2752231513928,1901.2207298927433,1901.225187454931,100,0,1
2015.09.01,01:43:26,1901.1665353938185,1901.2639443316446,1901.1123256674152,1901.2361322773336,100,0,1
2015.09.02,01:43:26,1901.2125638661407,1901.262598661594,1901.1733007800933,1901.195281090487,100,0,1
2015.09.03,01:43:26,1901.2243329894648,1901.2536544121585,1901.172954044605,1901.1903148340966,100,0,1
2015.09.04,01:43:26,1901.2045216651925,1901.255902770112,1901.1597313197176,1901.25325863161,100,0,1
2015.09.05,01:43:26,1901.1944418996745,1901.2503252192364,1901.1874569354543,1901.191988817222,100,0,1
2015.09.06,01:43:26,1901.29245855609,1901.3664669843931,1901.2402262833175,1901.2793244317338,100,0,1
2015.09.07,01:43:26,1901.2738835496862,1901.3451458287852,1901.2350496064203,1901.3345629797655,100,0,1
2015.09.08,01:43:26,1901.2457876449876,1901.3081919169992,1901.1898949675763,1901.2837710655683,100,0,1
2015.09.09,01:43:26,1901.230352011461,1901.2850976824648,1901.2005457901096,1901.2358639067952,100,0,1
2015.09.10,01:43:26,1901.2309171162053,1901.2622770172723,1901.19877795637,1901.201130342309,100,0,1
2015.09.11,01:43:26,1901.1715831069603,1901.2105792414457,1901.1045625749396,1901.2082259118183,100,0,1
2015.09.12,01:43:26,1901.1156061118024,1901.16186870771,1901.054591038027,1901.1548359641656,100,0,1
2015.09.13,01:43:26,1901.113329160099,1901.1567162868546,1901.0269264003707,1901.09100700889,100,0,1
2015.09.14,01:43:26,1901.0222144479558,1901.061472161807,1900.958104493959,1901.0583951230997,100,0,1
2015.09.15,01:43:26,1900.9966466017333,1901.0718342708365,1900.9678936088096,1901.0382074631455,100,0,1
2015.09.16,01:43:26,1900.9871446946158,1901.0433977851485,1900.9161476412526,1900.9731546518726,100,0,1
2015.09.17,01:43:26,1900.9752586147936,1901.0345549683884,1900.9651964429431,1900.999656856772,100,0,1
2015.09.18,01:43:26,1900.9153819514377,1900.9806470068695,1900.8768485566334,1900.94465178038,100,0,1
2015.09.19,01:43:26,1900.9895172902995,1901.0638233693512,1900.9254720914214,1900.9671822285222,100,0,1
2015.09.20,01:43:26,1900.944321387399,1900.975404020586,1900.8858719248115,1900.9668617738632,100,0,1
2015.09.21,01:43:26,1900.8926049292597,1900.9560487073768,1900.8342233027563,1900.8497712852968,100,0,1
2015.09.22,01:43:26,1900.8708249727583,1900.9255226143964,1900.7973410477368,1900.8968846575103,100,0,1
2015.09.23,01:43:26,1900.9001292050368,1900.9507105139494,1900.815052923204,1900.8338449430653,100,0,1
2015.09.24,01:43:26,1900.9027472400949,1900.9633243532626,1900.885399373702,1900.908538791372,100,0,1
2015.09.25,01:43:26,1900.9467495248025,1900.974011158001,1900.9082217043244,1900.9320158466198,100,0,1
2015.09.26,01:43:26,1900.9785639098252,1901.0383916323178,1900.9302373149108,1901.0292758744426,100,0,1
2015.09.27,01:43:26,1900.9519133769447,1901.0030750155597,1900.8974078204726,1900.963471481467,100,0,1
2015.09.28,01:43:26,1900.9081719909077,1900.9498356069155,1900.8434397936262,1900.9450999445912,100,0,1
2015.09.29,01:43:26,1900.972576640663,1901.0374384938045,1900.9169724064363,1900.9761975866718,100,0,1
2015.09.30,01:43:26,1900.9690918769004,1901.0025148694995,1900.9122851930294,1900.9771366221476,100,0,1
2015.10.01,01:43:26,1900.9891208995234,1901.0381947166572,1900.9219884478805,1901.006493211857,100,0,1
2015.10.02,01:43:26,1901.02475541129,1901.066556006923,1900.9521669747114,1901.003639086351,100,0,1
2015.10.03,01:43:26,1901.0084705328986,1901.0804283729058,1900.945016188233,1900.9525249040619,100,0,1
2015.10.04,01:43:26,1901.0494526293646,1901.1109080679998,1900.9815074517942,1900.9837593488419,100,0,1
2015.10.05,01:43:26,1901.0192367184181,1901.076246871744,1900.9594862409883,1901.0744865345919,100,0,1
2015.10.06,01:43:26,1901.03798924113,1901.0980109912455,1900.9750359271097,1901.081639526825,100,0,1
2015.10.07,01:43:26,1901.055483285406,1901.0662021926023,1900.9828775794317,1901.025835512237,100,0,1
2015.10.08,01:43:26,1900.9931475592075,1901.023020929456,1900.9399416298795,1900.9420102656518,100,0,1
2015.10.09,01:43:26,1901.120033783793,1901.13823151614,1901.0896584344798,1901.0981339560012,100,0,1
2015.10.10,01:43:26,1901.1574491259532,1901.1995864910386,1901.112907141428,1901.1559810938065,100,0,1
2015.10.11,01:43:26,1901.1073267138295,1901.182778012683,1901.0544522759697,1901.1333902764932,100,0,1
2015.10.12,01:43:26,1901.1371824377172,1901.1890720037163,1901.091652960266,1901.1043230017212,100,0,1
2015.10.13,01:43:26,1901.134144928867,1901.195951257252,1901.085858827093,1901.1329960447506,100,0,1
2015.10.14,01:43:26,1901.128726389172,1901.1553436373965,1901.0795474084298,1901.0872986248426,100,0,1
2015.10.15,01:43:26,1901.1244657674035,1901.1623129282623,1901.092609106834,1901.1210345694847,100,0,1
2015.10.16,01:43:26,1901.1014044265976,1901.1606939142375,1901.0923953606862,1901.127485246725,100,0,1
2015.10.17,01:43:26,1901.1387675102526,1901.163032700406,1901.0685880955575,1901.1358268445192,100,0,1
2015.10.18,01:43:26,1901.1082595667945,1901.1483297959253,1901.0636103469246,1901.146772328963,100,0,1
2015.10.19,01:43:26,1901.1358590819673,1901.1984417188721,1901.0890800536483,1901.115505488949,100,0,1
2015.10.20,01:43:26,1901.1028921588531,1901.1433953929893,1901.0373370814827,1901.1416777027682,100,0,1
2015.10.21,01:43:26,1901.125167801627,1901.1678379570078,1901.0932329305394,1901.146589111849,100,0,1
2015.10.22,01:43:26,1901.0726080622683,1901.1450688301009,1901.0077109302117,1901.0201055555515,100,0,1
2015.10.23,01:43:26,1901.1263812567597,1901.1912759532004,1901.042126156224,1901.0879323463987,100,0,1
2015.10.24,01:43:26,1901.216898436431,1901.3046373220618,1901.140991670722,1901.2239175927166,100,0,1
2015.10.25,01:43:26,1901.241210840707,1901.2987302740096,1901.2244991418381,1901.2291388675833,100,0,1
2015.10.26,01:43:26,1901.178820854149,1901.2180180865178,1901.1060034743314,1901.169698130113,100,0,1
2015.10.27,01:43:26,1901.1688313344978,1901.2006190054003,1901.1266417851223,1901.1467958375097,100,0,1
2015.10.28,01:43:26,1901.1757590175243,1901.2357951797858,1901.1262269654733,1901.1766623608396,100,0,1
2015.10.29,01:43:26,1901.1978727082158,1901.263534785967,1901.1543403162361,1901.2584607193344,100,0,1
2015.10.30,01:43:26,1901.1738886956844,1901.2334682862656,1901.1275801721945,1901.1815643761806,100,0,1
2015.10.31,01:43:26,1901.2179741873565,1901.311122655827,1901.1553570247102,1901.2343035777608,100,0,1
2015.11.01,01:43:26,1901.2061087453296,1901.28805558683,1901.1531272144694,1901.1559062948538,100,0,1
2015.11.02,01:43:26,1901.1923965472238,1901.2407308020868,1901.163403012024,1901.2172217729262,100,0,1
2015.11.03,01:43:26,1901.1963805729831,1901.2587743247173,1901.1515919850094,1901.1759306658594,100,0,1
2015.11.04,01:43:26,1901.2073651997164,1901.2426281988874,1901.1851600334844,1901.2071132958217,100,0,1
2015.11.05,01:43:26,1901.1865743850178,1901.2259355414774,1901.1103379243782,1901.1520968462762,100,0,1
2015.11.06,01:43:26,1901.2572750342792,1901.3292807040255,1901.2042412013811,1901.2560773551002,100,0,1
2015.11.07,01:43:26,1901.2490981963763,1901.2720575449075,1901.2111982790439,1901.25956049703,100,0,1
2015.11.08,01:43:26,1901.2416703288277,1901.2845703050023,1901.1870898388615,1901.2525457464637,100,0,1
2015.11.09,01:43:26,1901.3194050653285,1901.3707657953832,1901.2828252528507,1901.3007012440385,100,0,1
2015.11.10,01:43:26,1901.3574416602464,1901.3901868259181,1901.273118433842,1901.276680298134,100,0,1
2015.11.11,01:43:26,1901.4123459484542,1901.4617034315133,1901.3707969584698,1901.4210672687982,100,0,1
2015.11.12,01:43:26,1901.4100615007712,1901.450066453322,1901.3784403249936,1901.3870228551632,100,0,1
2015.11.13,01:43:26,1901.4680815163524,1901.5072301927178,1901.4184870585884,1901.4703720254745,100,0,1
2015.11.14,01:43:26,1901.5511327073648,1901.5849100306086,1901.4927770793831,1901.5291222475537,100,0,1
2015.11.15,01:43:26,1901.5206079068737,1901.5643238635269,1901.4782609397676,1901.5233162760053,100,0,1
2015.11.16,01:43:26,1901.4915581196299,1901.5226738158296,1901.4714478331657,1901.511865452598,100,0,1
2015.11.17,01:43:26,1901.3763862076742,1901.414606367428,1901.3398738812632,1901.3510206982276,100,0,1
2015.11.18,01:43:26,1901.3365170778732,1901.3796265981896,1901.2431077272606,1901.3212594035965,100,0,1
2015.11.19,01:43:26,1901.2986015454494,1901.327490551232,1901.268260092192,1901.2946833111703,100,0,1
2015.11.20,01:43:26,1901.3053550485965,1901.362758459206,1901.2706959223544,1901.3150174520126,100,0,1
2015.11.21,01:43:26,1901.2627542062862,1901.2777678770046,1901.240106810655,1901.267106070686,100,0,1
2015.11.22,01:43:26,1901.2818061294395,1901.3225990522471,1901.2735164288413,1901.299402250966,100,0,1
2015.11.23,01:43:26,1901.2208673618995,1901.2953677361875,1901.1925382717563,1901.2128518935585,100,0,1
2015.11.24,01:43:26,1901.159063428314,1901.1736202141244,1901.1018021085326,1901.1283474973347,100,0,1
2015.11.25,01:43:26,1901.085045154989,1901.1221637025635,1901.0372263874228,1901.0588663650942,100,0,1
2015.11.26,01:43:26,1901.0558329114242,1901.118655846773,1900.9860187341358,1901.0231809043496,100,0,1
2015.11.27,01:43:26,1901.0781358489492,1901.108885887523,1901.0264992004584,1901.0574993675784,100,0,1
2015.11.28,01:43:26,1901.1108363194828,1901.1661381451697,1901.0066125904473,1901.1448643601382,100,0,1
2015.11.29,01:43:26,1901.1787418599931,1901.1979867761806,1901.12817713562,1901.1821302725261,100,0,1
2015.11.30,01:43:26,1901.1696791182655,1901.234128085358,1901.1314138257158,1901.1564656708556,100,0,1
2015.12.01,01:43:26,1901.1573490020703,1901.2139978901725,1901.0995525338537,1901.1369290820628,100,0,1
2015.12.02,01:43:26,1901.0785027909187,1901.1522165525137,1901.0174114875254,1901.0259728104031,100,0,1
2015.12.03,01:43:26,1901.080735751598,1901.1517401917304,1901.0485761266186,1901.122135614906,100,0,1
2015.12.04,01:43:26,1901.1570689746445,1901.157420895446,1901.1176962013046,1901.1554762537507,100,0,1
2015.12.05,01:43:26,1901.1923025978153,1901.229216728901,1901.1276899298891,1901.1912775802439,100,0,1
2015.12.06,01:43:26,1901.1348299870428,1901.1915355454341,1901.122668832914,1901.132228716652,100,0,1
2015.12.07,01:43:26,1901.1644372728147,1901.1901093235304,1901.0939128176033,1901.1185525739954,100,0,1
2015.12.08,01:43:26,1901.1539237616753,1901.224180985287,1901.1320104273705,1901.219429881768,100,0,1
2015.12.09,01:43:26,1901.083312147867,1901.1352708297077,1901.0480793246707,1901.0534548902522,100,0,1
2015.12.10,01:43:26,1901.0828721526564,1901.1431359583296,1901.0371963648734,1901.1429293885935,100,0,1
2015.12.11,01:43:26,1901.0323482462165,1901.0716101097564,1900.996304401366,1901.0576703520521,100,0,1
2015.12.12,01:43:26,1901.0638017986726,1901.0911099268426,1900.9893667495924,1901.02385735387,100,0,1
2015.12.13,01:43:26,1901.044602590427,1901.0817656736929,1900.9646194392105,1901.065908997824,100,0,1
2015.12.14,01:43:26,1901.0618459272587,1901.0911307490092,1900.9749027087857,1901.0266264502711,100,0,1
2015.12.15,01:43:26,1901.0231270420727,1901.035843393202,1900.9710765240582,1900.9908822242678,100,0,1
2015.12.16,01:43:26,1901.021636535387,1901.0559974375522,1900.9651983696651,1900.97746758798,100,0,1
2015.12.17,01:43:26,1901.0736368206565,1901.121990948118,1901.0156711775232,1901.0813672138024,100,0,1
2015.12.18,01:43:26,1901.0713971479229,1901.0717531278472,1901.020959867594,1901.0654144153516,100,0,1
2015.12.19,01:43:26,1901.1000386909302,1901.1372451246207,1901.0621605033775,1901.089607292319,100,0,1
2015.12.20,01:43:26,1901.1161279108483,1901.1721184668188,1901.0351692865215,1901.155110025774,100,0,1
2015.12.21,01:43:26,1901.1690006404738,1901.2496111353514,1901.1110411610412,1901.19710078434,100,0,1
2015.12.22,01:43:26,1901.2386871100796,1901.3020465470852,1901.2267594845525,1901.259366474092,100,0,1
2015.12.23,01:43:26,1901.2447158959103,1901.3220649978975,1901.1756573790103,1901.2851125344123,100,0,1
2015.12.24,01:43:26,1901.2354346830703,1901.2731534069248,1901.1680273941552,1901.1896248552716,100,0,1
2015.12.25,01:43:26,1901.2109973892923,1901.2953752815956,1901.1657602786736,1901.2654945120466,100,0,1
2015.12.26,01:43:26,1901.1534359100906,1901.172204105259,1901.112692332924,1901.1155132931754,100,0,1
2015.12.27,01:43:26,1901.208070681656,1901.2174354148851,1901.1394110498522,1901.1736205365598,100,0,1
2015.12.28,01:43:26,1901.152275309819,1901.1947073647957,1901.0570542360745,1901.0735732684514,100,0,1
2015.12.29,01:43:26,1901.1784086607017,1901.202092400094,1901.1364017499916,1901.1977002126062,100,0,1
2015.12.30,01:43:26,1901.1916080010335,1901.219884335356,1901.1450567010795,1901.168312964062,100,0,1
2015.12.31,01:43:26,1901.1657439349322,1901.234848657321,1901.1114131098386,1901.153088448343,100,0,1
2016.01.01,01:43:26,1901.2169285260181,1901.291638603913,1901.1376445855808,1901.1718125016228,100,0,1
2016.01.02,01:43:26,1901.226382659023,1901.325819448614,1901.182256696016,1901.2637615832975,100,0,1
2016.01.03,01:43:26,1901.218834543876,1901.267705877993,1901.1515393553484,1901.209645803967,100,0,1
2016.01.04,01:43:26,1901.2543782287053,1901.3158492688642,1901.1890659834337,1901.2807854280943,100,0,1
2016.01.05,01:43:26,1901.2793110462248,1901.317531825049,1901.236860592695,1901.2681465926996,100,0,1
2016.01.06,01:43:26,1901.2960142547622,1901.4006188102928,1901.2678528623956,1901.3538818151765,100,0,1
2016.01.07,01:43:26,1901.3298749888315,1901.3704055866458,1901.2710061675798,1901.290425743071,100,0,1
2016.01.08,01:43:26,1901.2609991875618,1901.3135937540042,1901.2309760715534,1901.267382204214,100,0,1
2016.01.09,01:43:26,1901.151479216041,1901.197707920049,1901.099597183089,1901.1974581039694,100,0,1
2016.01.10,01:43:26,1901.1466925112486,1901.25735051226,1901.0718127385812,1901.077436163224,100,0,1
2016.01.11,01:43:26,1901.2745317387514,1901.3323525466567,1901.2421333671361,1901.294933334849,100,0,1
2016.01.12,01:43:26,1901.2755777343011,1901.3126767460783,1901.2506739503983,1901.285608997402,100,0,1
2016.01.13,01:43:26,1901.20687825042,1901.267544479726,1901.193890127935,1901.2430067287214,100,0,1
2016.01.14,01:43:26,1901.250305876069,1901.3041745038063,1901.2052328472025,1901.2617385036508,100,0,1
2016.01.15,01:43:26,1901.2401863585305,1901.3053784710796,1901.2282761613483,1901.2626442533467,100,0,1
2016.01.16,01:43:26,1901.192042638834,1901.238085133687,1901.1371066901506,1901.2048509180602,100,0,1
2016.01.17,01:43:26,1901.2113369301326,1901.2741567139026,1901.168689261164,1901.232596413545,100,0,1
2016.01.18,01:43:26,1901.1923521782903,1901.194866548284,1901.1187315500865,1901.1897558462592,100,0,1
2016.01.19,01:43:26,1901.2307433962271,1901.2726015554913,1901.1946978657995,1901.2303036165167,100,0,1
2016.01.20,01:43:26,1901.2196766702407,1901.3151618004383,1901.153776372944,1901.3120317052287,100,0,1
2016.01.21,01:43:26,1901.1096535928693,1901.2316628852818,1901.0475864263406,1901.1781794059152,100,0,1
2016.01.22,01:43:26,1901.171570991014,1901.2297761895418,1901.0969697127134,1901.105695202814,100,0,1
2016.01.23,01:43:26,1901.1873614421072,1901.2414547252338,1901.1324671314087,1901.1724779759227,100,0,1
2016.01.24,01:43:26,1901.2451687201751,1901.2703909338604,1901.1911233610392,1901.1999041684444,100,0,1
2016.01.25,01:43:26,1901.3227200728304,1901.3810162235063,1901.255768871963,1901.3227345023993,100,0,1
2016.01.26,01:43:26,1901.31198132986,1901.3249011456326,1901.2505214618827,1901.3034012406915,100,0,1
2016.01.27,01:43:26,1901.2319049109742,1901.254323209959,1901.166443821586,1901.1847647836873,100,0,1
2016.01.28,01:43:26,1901.198825782737,1901.2474454507217,1901.160140458082,1901.1642991840204,100,0,1
2016.01.29,01:43:26,1901.281016848409,1901.3097717656144,1901.235879752641,1901.2510832539708,100,0,1
2016.01.30,01:43:26,1901.193012796373,1901.2471107806593,1901.1656931067935,1901.213132728735,100,0,1
2016.01.31,01:43:26,1901.1631894089073,1901.2428466245767,1901.0979455463373,1901.1030293440099,100,0,1
2016.02.01,01:43:26,1901.1839772980684,1901.2220352519198,1901.1293118045926,1901.184324416709,100,0,1
2016.02.02,01:43:26,1901.2107701120121,1901.2865911070746,1901.1813573987185,1901.2567560279263,100,0,1
2016.02.03,01:43:26,1901.1533220945564,1901.2047490664718,1901.125945745426,1901.1538486160384,100,0,1
2016.02.04,01:43:26,1901.200035806211,1901.2591990556512,1901.1395834950738,1901.1713646586295,100,0,1
2016.02.05,01:43:26,1901.1049475379798,1901.1316505656612,1901.0888157940744,1901.1146347312185,100,0,1
2016.02.06,01:43:26,1901.0350849958536,1901.0558109843514,1900.9909780635624,1901.0227554944142,100,0,1
2016.02.07,01:43:26,1901.0608040909099,1901.1317046609408,1901.018917490983,1901.0489029835123,100,0,1
2016.02.08,01:43:26,1901.0705799399066,1901.114680395133,1901.013642857358,1901.0689456834293,100,0,1
2016.02.09,01:43:26,1901.0101521088743,1901.0473818737705,1900.9461669547431,1900.9691747517973,100,0,1
2016.02.10,01:43:26,1901.0590943016125,1901.1202146096284,1901.0194153415196,1901.0384802816168,100,0,1
2016.02.11,01:43:26,1901.0861579945902,1901.157230962922,1901.047801343071,1901.0912305711897,100,0,1
2016.02.12,01:43:26,1901.1286709599585,1901.1647856828547,1901.0913760367705,1901.1312734153325,100,0,1
2016.02.13,01:43:26,1901.1616516861845,1901.2063268009442,1901.1212739187686,1901.1649421140303,100,0,1
2016.02.14,01:43:26,1901.1512499069443,1901.197512599819,1901.0872320826732,1901.1339710263314,100,0,1
2016.02.15,01:43:26,1901.1371119065243,1901.180866639357,1901.08689525343,1901.0998597316946,100,0,1
2016.02.16,01:43:26,1901.0892804006135,1901.131220461628,1901.0135415944346,1901.1179392511763,100,0,1
2016.02.17,01:43:26,1901.1893151651097,1901.2117883971189,1901.1343755122016,1901.1805871023523,100,0,1
2016.02.18,01:43:26,1901.2111281406642,1901.260600563435,1901.1771567272979,1901.2174699883976,100,0,1
2016.02.19,01:43:26,1901.185392054828,1901.2447706938435,1901.1709478093535,1901.2113287144196,100,0,1
2016.02.20,01:43:26,1901.1360370020907,1901.1982027991933,1901.0687524300467,1901.069693771149,100,0,1
2016.02.21,01:43:26,1901.1382704185928,1901.1854185419659,1901.0959692635286,1901.096071617273,100,0,1
2016.02.22,01:43:26,1901.0454721281499,1901.0990788224422,1900.9698530855505,1901.025547137074,100,0,1
2016.02.23,01:43:26,1901.028422105827,1901.060325989271,1900.9577653237855,1901.0529736062974,100,0,1
2016.02.24,01:43:26,1900.9727320949864,1901.0279483638813,1900.921098002772,1900.9589152870922,100,0,1
2016.02.25,01:43:26,1901.0270636539858,1901.0937719009844,1900.9663811952337,1900.98289660512,100,0,1
2016.02.26,01:43:26,1901.019104022796,1901.0761679423917,1900.9442351668956,1901.0642920130294,100,0,1
2016.02.27,01:43:26,1900.9334150554855,1901.0241057364042,1900.8863883510464,1900.9357107962558,100,0,1
2016.02.28,01:43:26,1901.0028255119257,1901.0293433083643,1900.9541547644494,1901.021241316641,100,0,1
2016.02.29,01:43:26,1900.9831475881322,1901.0534306810453,1900.9455105694026,1900.9947152717916,100,0,1
2016.03.01,01:43:26,1900.9370466027324,1900.995153115343,1900.893483353236,1900.971788264268,100,0,1
2016.03.02,01:43:26,1900.948939712791,1901.0031624917492,1900.88790103131,1900.9112516151536,100,0,1
2016.03.03,01:43:26,1901.0459851932872,1901.090312583688,1900.9618201386609,1901.0533875578324,100,0,1
2016.03.04,01:43:26,1900.9900367397988,1901.0541417332909,1900.9376907162314,1901.0534256179046,100,0,1
2016.03.05,01:43:26,1900.9897872658921,1901.0425251329866,1900.9442732438831,1900.9459216650046,100,0,1
2016.03.06,01:43:26,1901.0535297154863,1901.0766746229042,1901.0103661647688,1901.014036658102,100,0,1
2016.03.07,01:43:26,1901.2067495066424,1901.259308971466,1901.1372108221408,1901.2399771046846,100,0,1
2016.03.08,01:43:26,1901.1807820300503,1901.2588861474032,1901.1310474967343,1901.230751689755,100,0,1
2016.03.09,01:43:26,1901.1013763177432,1901.1565795405224,1901.0634464067527,1901.1307200105728,100,0,1
2016.03.10,01:43:26,1901.1197390003445,1901.166657169045,1901.0804466108102,1901.0850691125083,100,0,1
2016.03.11,01:43:26,1901.1448047608199,1901.2143452016644,1901.1012771003138,1901.1217248839212,100,0,1
2016.03.12,01:43:26,1901.186942945875,1901.2131575570484,1901.1207167791777,1901.2115041968798,100,0,1
2016.03.13,01:43:26,1901.1578842167767,1901.2348658563317,1901.1014180018215,1901.1187342260705,100,0,1
2016.03.14,01:43:26,1901.1075421799871,1901.1764218480087,1901.0981957220795,1901.1496827911433,100,0,1
2016.03.15,01:43:26,1901.0415903340672,1901.1061955167424,1900.9885641521557,1900.9914611684576,100,0,1
2016.03.16,01:43:26,1901.1078647881473,1901.1519899050027,1901.0713805557866,1901.1387485493317,100,0,1
2016.03.17,01:43:26,1901.1542966710088,1901.2095634198893,1901.1036907791827,1901.1336154399762,100,0,1
2016.03.18,01:43:26,1901.1040512717248,1901.1453362347202,1901.0674583018742,1901.1434153232678,100,0,1
2016.03.19,01:43:26,1901.0418528163839,1901.096246785977,1900.9829526568085,1901.004629807563,100,0,1
2016.03.20,01:43:26,1901.038068473941,1901.0843970917888,1900.9761799742218,1901.059199229773,100,0,1
2016.03.21,01:43:26,1900.9730604435629,1901.0334181115782,1900.8944531079255,1900.9459292537842,100,0,1
2016.03.22,01:43:26,1900.8822308819101,1900.936692233732,1900.8394613829792,1900.906891368453,100,0,1
2016.03.23,01:43:26,1900.8852787922942,1900.9222137846516,1900.8260786308022,1900.878122090154,100,0,1
2016.03.24,01:43:26,1900.8953073590478,1900.9775699784561,1900.7990025660752,1900.8443256880935,100,0,1
2016.03.25,01:43:26,1900.8280543448045,1900.8696465765117,1900.7726496750784,1900.8398351256694,100,0,1
2016.03.26,01:43:26,1900.7843751942994,1900.8736705330282,1900.7583451670075,1900.7589208826453,100,0,1
2016.03.27,01:43:26,1900.7946438875863,1900.8827216611926,1900.7292990523608,1900.8433401998975,100,0,1
2016.03.28,01:43:26,1900.8734437935982,1900.9344991528565,1900.7930306919889,1900.856630409734,100,0,1
2016.03.29,01:43:26,1900.876878984702,1900.9404727580263,1900.849568378747,1900.895582426535,100,0,1
2016.03.30,01:43:26,1900.8489468260686,1900.9155000844653,1900.81493737319,1900.8800593022227,100,0,1
2016.03.31,01:43:26,1900.8103766068125,1900.8482180832405,1900.7454892698158,1900.7498122438767,100,0,1
2016.04.01,01:43:26,1900.870000380692,1900.9236732012853,1900.7955198579632,1900.8625404954173,100,0,1
2016.04.02,01:43:26,1900.8937850756092,1900.940135035706,1900.851273564474,1900.8796881500573,100,0,1
2016.04.03,01:43:26,1900.8030350343338,1900.863786907393,1900.7322903017393,1900.7835488416447,100,0,1
2016.04.04,01:43:26,1900.806634810976,1900.82344788649,1900.7244748745127,1900.8010017361025,100,0,1
2016.04.05,01:43:26,1900.7351836028338,1900.7443895939653,1900.6782083802832,1900.7170077792766,100,0,1
2016.04.06,01:43:26,1900.759014593786,1900.8075714386684,1900.7102488227706,1900.7326049276141,100,0,1
2016.04.07,01:43:26,1900.7860560299716,1900.835677802537,1900.7680616275297,1900.8199156000817,100,0,1
2016.04.08,01:43:26,1900.743695757868,1900.7755592734168,1900.701584241861,1900.7685168176624,100,0,1
2016.04.09,01:43:26,1900.7804682337771,1900.8396672114418,1900.7312640433813,1900.8016687533402,100,0,1
2016.04.10,01:43:26,1900.849219545191,1900.9047626377355,1900.8027648511809,1900.8707921537944,100,0,1
2016.04.11,01:43:26,1900.8261862080412,1900.86630498045,1900.7758516803576,1900.8284486393197,100,0,1
2016.04.12,01:43:26,1900.83710657732,1900.849129733209,1900.7629153638404,1900.7807341633704,100,0,1
2016.04.13,01:43:26,1900.809196049834,1900.858458432324,1900.7798235635503,1900.796731206065,100,0,1
2016.04.14,01:43:26,1900.7199178296341,1900.7560920001317,1900.688046765546,1900.696275011496,100,0,1
2016.04.15,01:43:26,1900.7241290724494,1900.764472249722,1900.658887014965,1900.7012140018899,100,0,1
2016.04.16,01:43:26,1900.6805776419824,1900.708796560306,1900.6539598173079,1900.6591400836187,100,0,1
2016.04.17,01:43:26,1900.7277342825953,1900.7806765252114,1900.6887418647827,1900.7555999987926,100,0,1
2016.04.18,01:43:26,1900.694970161865,1900.7433449714215,1900.6445638870089,1900.7343311272116,100,0,1
2016.04.19,01:43:26,1900.7404111567125,1900.8083990379532,1900.7005553496772,1900.715278442024,100,0,1
2016.04.20,01:43:26,1900.633412161417,1900.675804856206,1900.5963029775717,1900.6381845339404,100,0,1
2016.04.21,01:43:26,1900.6386939863974,1900.6866820175035,1900.5691875159562,1900.6138573050905,100,0,1
2016.04.22,01:43:26,1900.6557003199791,1900.7416738462093,1900.6094382626875,1900.6601200046955,100,0,1
2016.04.23,01:43:26,1900.6162039976539,1900.639142152024,1900.5574332676294,1900.6070913891856,100,0,1
2016.04.24,01:43:26,1900.6216678604274,1900.6590546511563,1900.5281907977446,1900.5469097209468,100,0,1
2016.04.25,01:43:26,1900.6362175405652,1900.6482235080687,1900.564637789294,1900.572708384555,100,0,1
2016.04.26,01:43:26,1900.667527039723,1900.7495183047802,1900.6598321249164,1900.7011702600437,100,0,1
2016.04.27,01:43:26,1900.6015745329546,1900.6467593368184,1900.5719476899067,1900.5860208189001,100,0,1
2016.04.28,01:43:26,1900.6735394266898,1900.7244955429114,1900.5899806477287,1900.6645339591785,100,0,1
2016.04.29,01:43:26,1900.68160106367,1900.7448936235912,1900.6039555194009,1900.6512020000853,100,0,1
2016.04.30,01:43:26,1900.681255069003,1900.715077719679,1900.6424214980889,1900.6661495620526,100,0,1
2016.05.01,01:43:26,1900.696860304203,1900.7604463778566,1900.6575898960366,1900.7271360355985,100,0,1
2016.05.02,01:43:26,1900.7170047936613,1900.7594900905751,1900.6584685145701,1900.712333590603,100,0,1
2016.05.03,01:43:26,1900.6794607884058,1900.7285709350303,1900.659733509203,1900.6897445772308,100,0,1
2016.05.04,01:43:26,1900.707380595659,1900.732049203139,1900.6807569155342,1900.6823757894529,100,0,1
2016.05.05,01:43:26,1900.6307819008796,1900.6594936203405,1900.5866835429715,1900.6049514544625,100,0,1
2016.05.06,01:43:26,1900.5517441855557,1900.5965911035275,1900.5090038223661,1900.5125189187909,100,0,1
2016.05.07,01:43:26,1900.567035135063,1900.611943838478,1900.5216798541912,1900.5678349600648,100,0,1
2016.05.08,01:43:26,1900.4880072989145,1900.5307988508262,1900.4207174998778,1900.4584155930083,100,0,1
2016.05.09,01:43:26,1900.462830031335,1900.4883709788153,1900.4369641178246,1900.479709357422,100,0,1
2016.05.10,01:43:26,1900.5035527577825,1900.5710072804345,1900.468010242532,1900.5388807816528,100,0,1
2016.05.11,01:43:26,1900.5405170452034,1900.5653221984328,1900.472974797026,1900.4884545264065,100,0,1
2016.05.12,01:43:26,1900.5879034716634,1900.6412376722203,1900.5445658056399,1900.6299812430457,100,0,1
2016.05.13,01:43:26,1900.5344748502894,1900.5764298156225,1900.477519277116,1900.5612894285127,100,0,1
2016.05.14,01:43:26,1900.514868192674,1900.5744393233472,1900.4526386218129,1900.4847611113673,100,0,1
2016.05.15,01:43:26,1900.550586208969,1900.618910164482,1900.4935742554476,1900.536866087796,100,0,1
2016.05.16,01:43:26,1900.521902429571,1900.59522628929,1900.4881317190518,1900.557609019971,100,0,1
2016.05.17,01:43:26,1900.5792374550101,1900.6598000539013,1900.5198074856564,1900.5349011116755,100,0,1
2016.05.18,01:43:26,1900.5299918118383,1900.5612132535055,1900.4569372418946,1900.5339382833768,100,0,1
2016.05.19,01:43:26,1900.5429360879325,1900.6063855694758,1900.495585226283,1900.589676995014,100,0,1
2016.05.20,01:43:26,1900.5486943304816,1900.5946994518124,1900.4890594645913,1900.5037644196104,100,0,1
2016.05.21,01:43:26,1900.5975016651112,1900.6505994813924,1900.5438110764176,1900.629869902352,100,0,1
2016.05.22,01:43:26,1900.5810472228657,1900.6238272956712,1900.5491401038187,1900.5540860507115,100,0,1
2016.05.23,01:43:26,1900.6540868110308,1900.7203847840078,1900.5797881859128,1900.642768586257,100,0,1
2016.05.24,01:43:26,1900.623534604762,1900.6724103360912,1900.5537595060207,1900.6194374746617,100,0,1
2016.05.25,01:43:26,1900.5898032616478,1900.632226092697,1900.521217123,1900.5455090907371,100,0,1
2016.05.26,01:43:26,1900.5770053663116,1900.6238480206853,1900.4930141208113,1900.5584036984862,100,0,1
2016.05.27,01:43:26,1900.5729436924967,1900.647900915337,1900.5013658516912,1900.5111213799025,100,0,1
2016.05.28,01:43:26,1900.587887606156,1900.6322707454217,1900.5514845298687,1900.5832910397896,100,0,1
2016.05.29,01:43:26,1900.5693994492397,1900.6025715693263,1900.5661628250496,1900.5722413966973,100,0,1
2016.05.30,01:43:26,1900.5894403740838,1900.6288815522066,1900.5276155615065,1900.5627275228685,100,0,1
2016.05.31,01:43:26,1900.5249201877843,1900.5793450442366,1900.4738071608592,1900.5059799325877,100,0,1
2016.06.01,01:43:26,1900.4991996449537,1900.5459660786298,1900.4559984862997,1900.47493166548,100,0,1
2016.06.02,01:43:26,1900.5204848587737,1900.570159968836,1900.495240239788,1900.5311514883053,100,0,1
2016.06.03,01:43:26,1900.4894999966737,1900.54600286928,1900.4587558218473,1900.474206986025,100,0,1
2016.06.04,01:43:26,1900.5014764059918,1900.5513397323793,1900.4592428033686,1900.5387338643513,100,0,1
2016.06.05,01:43:26,1900.5177415510032,1900.5592909641307,1900.4315078082618,1900.4491712094778,100,0,1
2016.06.06,01:43:26,1900.5646462342781,1900.626888471136,1900.497258316934,1900.5434052771968,100,0,1
2016.06.07,01:43:26,1900.5963537579407,1900.6384121649844,1900.5340805720193,1900.5563719739678,100,0,1
2016.06.08,01:43:26,1900.5306564600867,1900.585181692893,1900.4684410533591,1900.549725453034,100,0,1
2016.06.09,01:43:26,1900.57162757879,1900.6392288322234,1900.4888064504182,1900.5914567534799,100,0,1
2016.06.10,01:43:26,1900.6114955802848,1900.681721638166,1900.542877249702,1900.587223586653,100,0,1
2016.06.11,01:43:26,1900.594914073842,1900.6649426739511,1900.56807825424,1900.5935257049669,100,0,1
2016.06.12,01:43:26,1900.5692929083825,1900.5974809163883,1900.525994227205,1900.5949986004073,100,0,1
2016.06.13,01:43:26,1900.6483246423793,1900.7170012686747,1900.6214859892953,1900.6427837819392,100,0,1
2016.06.14,01:43:26,1900.693170041757,1900.7223983888061,1900.6504931061688,1900.71239850475,100,0,1
2016.06.15,01:43:26,1900.659668795294,1900.6968955885889,1900.6284117825821,1900.6777718432434,100,0,1
2016.06.16,01:43:26,1900.5331404156336,1900.5562635454626,1900.4473749764354,1900.5007901001861,100,0,1
2016.06.17,01:43:26,1900.4954391373835,1900.5329219430237,1900.4415406526136,1900.4599613842001,100,0,1
2016.06.18,01:43:26,1900.5881831704555,1900.66922385121,1900.504159561765,1900.5189392435848,100,0,1
2016.06.19,01:43:26,1900.4752252455207,1900.5557069546076,1900.4195992034386,1900.4583013523113,100,0,1
2016.06.20,01:43:26,1900.4465176609247,1900.509611850253,1900.4191872421106,1900.4635232395688,100,0,1
2016.06.21,01:43:26,1900.4925292911569,1900.5224133959382,1900.47728199771,1900.5010050534468,100,0,1
2016.06.22,01:43:26,1900.4611865237878,1900.5089525265478,1900.4294088409572,1900.506749560714,100,0,1
2016.06.23,01:43:26,1900.4748600022122,1900.538754629297,1900.4705295483875,1900.480905011749,100,0,1
2016.06.24,01:43:26,1900.4813404473177,1900.4883578042013,1900.4465532903016,1900.45165035041,100,0,1
2016.06.25,01:43:26,1900.44283888566,1900.4816227375236,1900.4261257739784,1900.4587261835727,100,0,1
2016.06.26,01:43:26,1900.404605127755,1900.4711709224111,1900.3046246795648,1900.3833717724406,100,0,1
2016.06.27,01:43:26,1900.3918285555571,1900.4473913950517,1900.3572714813963,1900.4294739906125,100,0,1
2016.06.28,01:43:26,1900.3698082279573,1900.3775838546658,1900.316225381679,1900.3716717341142,100,0,1
2016.06.29,01:43:26,1900.3156765603371,1900.3634739382119,1900.2878920734279,1900.2950263721327,100,0,1
2016.06.30,01:43:26,1900.3793240620744,1900.4314540357702,1900.3420873603243,1900.3948325211543,100,0,1
2016.07.01,01:43:26,1900.367859105842,1900.3968973146498,1900.3105923538817,1900.358850349696,100,0,1
2016.07.02,01:43:26,1900.4474422732824,1900.514645786048,1900.3836218261547,1900.4807445849854,100,0,1
2016.07.03,01:43:26,1900.3840395251273,1900.4262920785532,1900.3180695944757,1900.3763078354693,100,0,1
2016.07.04,01:43:26,1900.3830659304047,1900.4575831391062,1900.3799340565474,1900.4296005918386,100,0,1
2016.07.05,01:43:26,1900.3375178299668,1900.3858833194734,1900.3190123718819,1900.3690969360407,100,0,1
2016.07.06,01:43:26,1900.3624411884966,1900.3779056982094,1900.3120941835882,1900.3464888272051,100,0,1
2016.07.07,01:43:26,1900.4561856013624,1900.487581249307,1900.41172574109,1900.4615715047544,100,0,1
2016.07.08,01:43:26,1900.4640239512848,1900.532849264339,1900.4249851720465,1900.4633191960534,100,0,1
2016.07.09,01:43:26,1900.4568998600216,1900.496038296236,1900.4079899270976,1900.472389144424,100,0,1
2016.07.10,01:43:26,1900.4498610441249,1900.4781919891416,1900.3613992276948,1900.415622091184,100,0,1
2016.07.11,01:43:26,1900.3870575432577,1900.4578631253273,1900.3225387580294,1900.435294763953,100,0,1
2016.07.12,01:43:26,1900.4085624595036,1900.4775528205662,1900.3586315830844,1900.4372366067914,100,0,1
2016.07.13,01:43:26,1900.3829111264254,1900.4103614235767,1900.3336881495459,1900.341827567937,100,0,1
2016.07.14,01:43:26,1900.4165745031498,1900.4922439026852,1900.3524268549709,1900.4384105249512,100,0,1
2016.07.15,01:43:26,1900.402454435866,1900.4772131800635,1900.3389996610513,1900.3478994986283,100,0,1
2016.07.16,01:43:26,1900.487133209094,1900.5224250152814,1900.4409707478444,1900.5156940482464,100,0,1
2016.07.17,01:43:26,1900.5101767570088,1900.5368176334123,1900.4798984279712,1900.5059942398454,100,0,1
2016.07.18,01:43:26,1900.5146891294253,1900.5912729235424,1900.4834312562994,1900.5192219823766,100,0,1
2016.07.19,01:43:26,1900.559481788815,1900.627569990686,1900.5323952526821,1900.6200384113954,100,0,1
2016.07.20,01:43:26,1900.5457843637319,1900.5748215021936,1900.4969767682355,1900.5492057297286,100,0,1
2016.07.21,01:43:26,1900.5179636904957,1900.5815186458658,1900.4754857048317,1900.5572669718144,100,0,1
2016.07.22,01:43:26,1900.5363210574565,1900.5432840435797,1900.4722309718413,1900.4815048301107,100,0,1
2016.07.23,01:43:26,1900.5303220513674,1900.584381406709,1900.4935770339832,1900.5101425858452,100,0,1
2016.07.24,01:43:26,1900.483666306782,1900.5204184681818,1900.4441979182748,1900.5166207173722,100,0,1
2016.07.25,01:43:26,1900.4995032431552,1900.5361529624627,1900.4401861082515,1900.4909855350468,100,0,1
2016.07.26,01:43:26,1900.5480022483105,1900.6108520819905,1900.5374539813192,1900.579048608945,100,0,1
2016.07.27,01:43:26,1900.5363753921788,1900.5714472092507,1900.4863575269271,1900.4982727482518,100,0,1
2016.07.28,01:43:26,1900.4807066724825,1900.5660140092423,1900.414911828893,1900.4414707465003,100,0,1
2016.07.29,01:43:26,1900.45319870351,1900.4979102821683,1900.41964158439,1900.4617301378557,100,0,1
2016.07.30,01:43:26,1900.4382311911704,1900.49261400471,1900.4058677284086,1900.4652994935393,100,0,1
2016.07.31,01:43:26,1900.5241806416852,1900.53955594288,1900.4797297261716,1900.536329129487,100,0,1
2016.08.01,01:43:26,1900.5597583316098,1900.6136299164073,1900.5299447525842,1900.5833090482608,100,0,1
2016.08.02,01:43:26,1900.515028110148,1900.5655672517446,1900.476840832624,1900.5299503410624,100,0,1
2016.08.03,01:43:26,1900.5487227256053,1900.6258499106757,1900.5208086914263,1900.5399619083182,100,0,1
2016.08.04,01:43:26,1900.5082185672702,1900.567935695977,1900.4495386715482,1900.5274013154565,100,0,1
2016.08.05,01:43:26,1900.5161870472073,1900.5786190940078,1900.4911347234665,1900.5371043025257,100,0,1
2016.08.06,01:43:26,1900.5477794445712,1900.5856332618316,1900.477132138666,1900.5146038452788,100,0,1
2016.08.07,01:43:26,1900.4893541694976,1900.5410690485282,1900.4420711009975,1900.4786177248704,100,0,1
2016.08.08,01:43:26,1900.4800034092627,1900.4983351958936,1900.4505132091979,1900.456791969963,100,0,1
2016.08.09,01:43:26,1900.4743680249856,1900.5213648015117,1900.3934386316084,1900.4267374119506,100,0,1
2016.08.10,01:43:26,1900.429857670747,1900.4739264861357,1900.377507941924,1900.4411661951174,100,0,1
2016.08.11,01:43:26,1900.4587409198248,1900.5215933406553,1900.4111595951329,1900.4848852951714,100,0,1
2016.08.12,01:43:26,1900.4946004480548,1900.5526125542808,1900.4148654579067,1900.4959326571754,100,0,1
2016.08.13,01:43:26,1900.4243485567824,1900.4999408025812,1900.3375213577783,1900.398786912546,100,0,1
2016.08.14,01:43:26,1900.4364875999713,1900.5108550088773,1900.3923589100266,1900.4686522119587,100,0,1
2016.08.15,01:43:26,1900.3984911486975,1900.462225163794,1900.311239437121,1900.412428309779,100,0,1
2016.08.16,01:43:26,1900.402357311594,1900.4440942783638,1900.359351621467,1900.4292682516705,100,0,1
2016.08.17,01:43:26,1900.4332967434323,1900.4763788086916,1900.364701522168,1900.452504019389,100,0,1
2016.08.18,01:43:26,1900.4809476768264,1900.5241943597337,1900.4342868397725,1900.435764795711,100,0,1
2016.08.19,01:43:26,1900.5081952561695,1900.54985206063,1900.457313423161,1900.4879315333487,100,0,1
2016.08.20,01:43:26,1900.4664255969883,1900.52174933365,1900.4166571793944,1900.4863545373346,100,0,1
2016.08.21,01:43:26,1900.3427563634336,1900.3864118608417,1900.2868463262969,1900.3329615900282,100,0,1
2016.08.22,01:43:26,1900.3477667302518,1900.417483136923,1900.2596965103344,1900.3409871673211,100,0,1
2016.08.23,01:43:26,1900.3532682198495,1900.4064178507685,1900.3090108839185,1900.3179971701986,100,0,1
2016.08.24,01:43:26,1900.4295343731212,1900.4750055279303,1900.3400699198003,1900.427517935254,100,0,1
2016.08.25,01:43:26,1900.4127927913341,1900.4647085704003,1900.3615823617356,1900.41017499033,100,0,1
2016.08.26,01:43:26,1900.4795187706823,1900.5789380695737,1900.4290922923408,1900.5351400502354,100,0,1
2016.08.27,01:43:26,1900.4259041338487,1900.5057083047282,1900.3816957286926,1900.4773602170574,100,0,1
2016.08.28,01:43:26,1900.5000476013483,1900.5408348375036,1900.4809599481582,1900.535476562752,100,0,1
2016.08.29,01:43:26,1900.4647667077309,1900.509223118187,1900.4011884399079,1900.448745321535,100,0,1
2016.08.30,01:43:26,1900.5211654776067,1900.5893787016066,1900.44728606099,1900.5831696037003,100,0,1
2016.08.31,01:43:26,1900.6317998509805,1900.6740335620677,1900.5538286126882,1900.5539754709707,100,0,1
2016.09.01,01:43:26,1900.6037074436895,1900.649493092922,1900.5265082213557,1900.570826359126,100,0,1
2016.09.02,01:43:26,1900.6595400577264,1900.6930176709614,1900.6235744878657,1900.6457709437627,100,0,1
2016.09.03,01:43:26,1900.625012562652,1900.6577281316224,1900.5696592403776,1900.5836774079257,100,0,1
2016.09.04,01:43:26,1900.6981135472724,1900.7769641304355,1900.6380944883142,1900.7621841023733,100,0,1
2016.09.05,01:43:26,1900.6520978003966,1900.6811038627707,1900.6216298229199,1900.6317321954652,100,0,1
2016.09.06,01:43:26,1900.6484404946102,1900.7056607479647,1900.5898169493353,1900.6929258994244,100,0,1
2016.09.07,01:43:26,1900.5848565090828,1900.6303055376677,1900.5242984372208,1900.573447649596,100,0,1
2016.09.08,01:43:26,1900.6139639586154,1900.6835372980843,1900.5558995700644,1900.559561748652,100,0,1
2016.09.09,01:43:26,1900.551745209666,1900.6191735927089,1900.4891067293872,1900.5201363439617,100,0,1
2016.09.10,01:43:26,1900.524527438019,1900.5935998814127,1900.4288040452425,1900.4556512199952,100,0,1
2016.09.11,01:43:26,1900.4573278724504,1900.5155195033467,1900.4129028960226,1900.4856038834905,100,0,1
2016.09.12,01:43:26,1900.5364107764508,1900.579759755552,1900.5032609440927,1900.5381358417906,100,0,1
2016.09.13,01:43:26,1900.5245859925112,1900.5560991544544,1900.470185113877,1900.4886961867874,100,0,1
2016.09.14,01:43:26,1900.5485952546464,1900.6069880640591,1900.488186514395,1900.5158877855743,100,0,1
2016.09.15,01:43:26,1900.592734622231,1900.64073385902,1900.5557130514046,1900.582589040933,100,0,1
2016.09.16,01:43:26,1900.6062956335422,1900.6331751387374,1900.5934683579828,1900.60735149775,100,0,1
2016.09.17,01:43:26,1900.6098222662833,1900.6501402241495,1900.532025384874,1900.6105137850845,100,0,1
2016.09.18,01:43:26,1900.6120091789974,1900.6813408096452,1900.5739232883386,1900.5828202858158,100,0,1
2016.09.19,01:43:26,1900.5606445991639,1900.5674823953732,1900.5099978824303,1900.559075632247,100,0,1
2016.09.20,01:43:26,1900.5719774748693,1900.6207184582645,1900.5188358693188,1900.5919526341409,100,0,1
2016.09.21,01:43:26,1900.543708162214,1900.584945683641,1900.472725036461,1900.5414862661266,100,0,1
2016.09.22,01:43:26,1900.5239590013664,1900.5933658842855,1900.4914362895213,1900.5200014181808,100,0,1
2016.09.23,01:43:26,1900.5110893963433,1900.5405031353873,1900.4464516471382,1900.4759974556773,100,0,1
2016.09.24,01:43:26,1900.6468240342006,1900.672749869494,1900.5988755202295,1900.6652514943241,100,0,1
2016.09.25,01:43:26,1900.684567522781,1900.7452699852965,1900.6122148664347,1900.7191552113886,100,0,1
2016.09.26,01:43:26,1900.7108398056544,1900.7427878220526,1900.6347022345808,1900.7085083020825,100,0,1
2016.09.27,01:43:26,1900.6367799710006,1900.6622943929722,1900.577739075912,1900.6390836096773,100,0,1
2016.09.28,01:43:26,1900.7247005267911,1900.7887800435149,1900.6263616266372,1900.7750549834059,100,0,1
2016.09.29,01:43:26,1900.775374276962,1900.8255422410884,1900.7105926578556,1900.800988199098,100,0,1
2016.09.30,01:43:26,1900.789284434376,1900.8544925683937,1900.7233963733236,1900.827316416454,100,0,1
2016.10.01,01:43:26,1900.891021110222,1900.9436041731838,1900.8825988778794,1900.9133501651474,100,0,1
2016.10.02,01:43:26,1900.800990327584,1900.86247871751,1900.7619094496054,1900.7683384053853,100,0,1
2016.10.03,01:43:26,1900.7518516517569,1900.7850606835686,1900.7113234097342,1900.778318172852,100,0,1
2016.10.04,01:43:26,1900.7962065615302,1900.8277877677772,1900.7886997239461,1900.789404082136,100,0,1
2016.10.05,01:43:26,1900.7274034346833,1900.7977506114203,1900.683355575531,1900.7600717833875,100,0,1
2016.10.06,01:43:26,1900.7524495286045,1900.7954851853342,1900.7028620344522,1900.783804140354,100,0,1
2016.10.07,01:43:26,1900.7092414231722,1900.743115992798,1900.6559441127704,1900.705396263151,100,0,1
2016.10.08,01:43:26,1900.7243927857962,1900.777426517526,1900.697688120789,1900.7431858161822,100,0,1
2016.10.09,01:43:26,1900.7119209301268,1900.7183338470563,1900.682097986897,1900.694138517457,100,0,1
2016.10.10,01:43:26,1900.693077065636,1900.7315244364502,1900.65719217778,1900.690416664779,100,0,1
2016.10.11,01:43:26,1900.7075831018383,1900.7482403605916,1900.6607683478594,1900.6951841581204,100,0,1
2016.10.12,01:43:26,1900.6832435271258,1900.7131924894693,1900.6209144579318,1900.6861759297485,100,0,1
2016.10.13,01:43:26,1900.6999559220935,1900.737026928789,1900.6497480167704,1900.7305009099941,100,0,1
2016.10.14,01:43:26,1900.739986857716,1900.7808305741194,1900.666468957584,1900.7154212310559,100,0,1
2016.10.15,01:43:26,1900.769263911263,1900.7926823491923,1900.7680296610824,1900.7723084039503,100,0,1
2016.10.16,01:43:26,1900.7093215589573,1900.7458445056996,1900.6692474680706,1900.7148741589376,100,0,1
2016.10.17,01:43:26,1900.7612634072384,1900.83530128378,1900.714732773903,1900.7788094062448,100,0,1
2016.10.18,01:43:26,1900.6905830915932,1900.7342122970363,1900.6297121396813,1900.701428513173,100,0,1
2016.10.19,01:43:26,1900.752889755737,1900.8270769632857,1900.717881988106,1900.7982166463078,100,0,1
2016.10.20,01:43:26,1900.695087822247,1900.7411061684522,1900.6563145396826,1900.731671827524,100,0,1
2016.10.21,01:43:26,1900.6450269400596,1900.6911725319128,1900.5714117366701,1900.647050116392,100,0,1
2016.10.22,01:43:26,1900.649445023485,1900.6903733340632,1900.5997886022774,1900.6525219946118,100,0,1
2016.10.23,01:43:26,1900.5489266377322,1900.6041591017365,1900.472611399894,1900.5514674575597,100,0,1
2016.10.24,01:43:26,1900.578024509142,1900.634770499823,1900.5134598444151,1900.5337616565741,100,0,1
2016.10.25,01:43:26,1900.5638559000154,1900.622518461839,1900.4932033470495,1900.5367037676824,100,0,1
2016.10.26,01:43:26,1900.6276794712765,1900.6394719180284,1900.5560566630375,1900.625839149557,100,0,1
2016.10.27,01:43:26,1900.5363007062779,1900.5858136352083,1900.5084021146063,1900.529976161315,100,0,1
2016.10.28,01:43:26,1900.697243219795,1900.7500456432522,1900.6292014581206,1900.7293713158974,100,0,1
2016.10.29,01:43:26,1900.7385925946523,1900.7971142209967,1900.6872466389677,1900.768789380417,100,0,1
2016.10.30,01:43:26,1900.7768826258612,1900.7982464598904,1900.7129842769918,1900.7862169398393,100,0,1
2016.10.31,01:43:26,1900.7232238516362,1900.7674525413488,1900.674682102876,1900.6824723606162,100,0,1
2016.11.01,01:43:26,1900.7895578582295,1900.86767886483,1900.7549685630543,1900.8015554686256,100,0,1
2016.11.02,01:43:26,1900.8286693437783,1900.8731350653186,1900.8034130848775,1900.8603757722308,100,0,1
2016.11.03,01:43:26,1900.7841185543225,1900.8629432575908,1900.7426403502354,1900.8111778994148,100,0,1
2016.11.04,01:43:26,1900.7895172802428,1900.840633042052,1900.7295187411535,1900.7326347177664,100,0,1
2016.11.05,01:43:26,1900.7414948828161,1900.783964620744,1900.6684752676256,1900.7197992888152,100,0,1
2016.11.06,01:43:26,1900.7804551375393,1900.8298321907314,1900.7402395443587,1900.7975595973878,100,0,1
2016.11.07,01:43:26,1900.7294564405745,1900.786176705557,1900.6801806809735,1900.7464953211243,100,0,1
2016.11.08,01:43:26,1900.786049003611,1900.848992439552,1900.7468297231535,1900.839520544313,100,0,1
2016.11.09,01:43:26,1900.7215066002823,1900.7666431901835,1900.6354269230715,1900.67930881281,100,0,1
2016.11.10,01:43:26,1900.6813986186778,1900.731109188507,1900.6013933174106,1900.7028760831292,100,0,1
2016.11.11,01:43:26,1900.66856001732,1900.6852681162022,1900.6676066794466,1900.6752595250396,100,0,1
2016.11.12,01:43:26,1900.6222584037473,1900.6519439386695,1900.5756020181998,1900.62791892037,100,0,1
2016.11.13,01:43:26,1900.637634619242,1900.718711083744,1900.567916849601,1900.663751556077,100,0,1
2016.11.14,01:43:26,1900.7018588057956,1900.7483741083631,1900.660779824917,1900.6913306009815,100,0,1
2016.11.15,01:43:26,1900.696852091127,1900.7421670691065,1900.665383201509,1900.7344617688004,100,0,1
2016.11.16,01:43:26,1900.6846959589475,1900.7523047426037,1900.6089473701577,1900.685225053373,100,0,1
2016.11.17,01:43:26,1900.6768900719358,1900.7399344396308,1900.6332323354197,1900.6525360067187,100,0,1
2016.11.18,01:43:26,1900.7098294539276,1900.7467210661264,1900.6761407180522,1900.74363627524,100,0,1
2016.11.19,01:43:26,1900.5883161858474,1900.6468072048442,1900.5381990091396,1900.6374011385449,100,0,1
2016.11.20,01:43:26,1900.7202312053953,1900.823065146821,1900.6852535928335,1900.7735558212335,100,0,1
2016.11.21,01:43:26,1900.723798885275,1900.757287628297,1900.6742341299823,1900.698370631648,100,0,1
2016.11.22,01:43:26,1900.721230008698,1900.751583065075,1900.6662977047713,1900.7442761484572,100,0,1
2016.11.23,01:43:26,1900.687139331743,1900.7480982455893,1900.6494148448894,1900.698223361728,100,0,1
2016.11.24,01:43:26,1900.5920193898055,1900.62748290168,1900.5396299726938,1900.5626751947648,100,0,1
2016.11.25,01:43:26,1900.5655622796562,1900.5986520468305,1900.5218095684618,1900.5440607510561,100,0,1
2016.11.26,01:43:26,1900.6353532406645,1900.6746401408463,1900.5765720972997,1900.6026620757948,100,0,1
2016.11.27,01:43:26,1900.5104917199583,1900.542377139595,1900.4453212926876,1900.4458027090893,100,0,1
2016.11.28,01:43:26,1900.5181264914172,1900.5621474697052,1900.458014812603,1900.4642420108742,100,0,1
2016.11.29,01:43:26,1900.5896618918714,1900.6088899418328,1900.5432094253235,1900.604398426449,100,0,1
2016.11.30,01:43:26,1900.6274911992427,1900.6626820063555,1900.5677230466943,1900.568051141542,100,0,1
2016.12.01,01:43:26,1900.6577676859665,1900.7178359519692,1900.6163767349535,1900.676717517845,100,0,1
2016.12.02,01:43:26,1900.7465554419516,1900.7800810475476,1900.7033697664351,1900.7526881427164,100,0,1
2016.12.03,01:43:26,1900.7566839266015,1900.8159973342167,1900.7066231680058,1900.762845745147,100,0,1
2016.12.04,01:43:26,1900.8919112248643,1900.96837200697,1900.8480912335933,1900.9222666750989,100,0,1
2016.12.05,01:43:26,1900.8758102287015,1900.896509636774,1900.825641420089,1900.8758805237708,100,0,1
2016.12.06,01:43:26,1900.8884692296895,1900.9383887998029,1900.8203209705202,1900.9292766056822,100,0,1
2016.12.07,01:43:26,1900.9486631531631,1901.0093764250971,1900.8799659548822,1900.9994622944776,100,0,1
2016.12.08,01:43:26,1900.9019794015019,1900.9678846274107,1900.831214433179,1900.9670341373942,100,0,1
2016.12.09,01:43:26,1900.9199144484462,1900.972391666123,1900.8577614167282,1900.9372626616835,100,0,1
2016.12.10,01:43:26,1900.9911722490701,1901.0542992539022,1900.968327001158,1901.035852627785,100,0,1
2016.12.11,01:43:26,1900.9645311964282,1900.9889323339662,1900.8902494623287,1900.9806479043468,100,0,1
2016.12.12,01:43:26,1901.018953713833,1901.1192906330737,1900.9696836832902,1900.9912443133533,100,0,1
2016.12.13,01:43:26,1900.9891097752782,1901.031260808517,1900.933964966842,1900.9820827311253,100,0,1
2016.12.14,01:43:26,1900.9754259917427,1901.033874094367,1900.9416322066477,1900.9838820082477,100,0,1
2016.12.15,01:43:26,1901.0490218799762,1901.088856719877,1901.003120277372,1901.0708653828515,100,0,1
2016.12.16,01:43:26,1900.9386475543033,1900.9693915219373,1900.8805113951917,1900.9359161579155,100,0,1
2016.12.17,01:43:26,1900.9827089496087,1901.031942969229,1900.9179087238435,1901.0034668943506,100,0,1
2016.12.18,01:43:26,1900.9484308317067,1900.9703964571816,1900.9078222649573,1900.9606073758405,100,0,1
2016.12.19,01:43:26,1900.9135925806268,1900.975259448699,1900.8692940326393,1900.9601188688487,100,0,1
2016.12.20,01:43:26,1901.0078257241353,1901.0647241094782,1900.989903997323,1901.0632651243045,100,0,1
2016.12.21,01:43:26,1901.0738595012347,1901.1204632175857,1901.0220322207504,1901.0494733737135,100,0,1
2016.12.22,01:43:26,1901.1271059066823,1901.2234450553606,1901.060397173187,1901.135572670054,100,0,1
2016.12.23,01:43:26,1901.1027028885712,1901.1548206610175,1901.0879137342813,1901.1431827586398,100,0,1
2016.12.24,01:43:26,1901.1850468834937,1901.223438299469,1901.1462509572589,1901.2126679271196,100,0,1
2016.12.25,01:43:26,1901.1140754234864,1901.1583020309424,1901.0304652306688,1901.0842896179881,100,0,1
2016.12.26,01:43:26,1901.1703703437706,1901.2617217088268,1901.1468805801035,1901.182552384972,100,0,1
2016.12.27,01:43:26,1901.139720398455,1901.2026137275461,1901.069972786347,1901.112279118027,100,0,1
2016.12.28,01:43:26,1901.0591691207203,1901.106622303996,1901.024570947297,1901.033863884212,100,0,1
2016.12.29,01:43:26,1901.0988180818874,1901.156594855817,1901.0085168974597,1901.0168268655923,100,0,1
2016.12.30,01:43:26,1901.0648371706643,1901.0787384356386,1901.0328573412176,1901.0514608241706,100,0,1
2016.12.31,01:43:26,1901.0782425942316,1901.0845914760807,1901.0275767603407,1901.053807690038,100,0,1
2017.01.01,01:43:26,1901.1348292569714,1901.1981792468043,1901.11047931776,1901.1420773672235,100,0,1
2017.01.02,01:43:26,1901.2308435661137,1901.3146889012055,1901.1717202553575,1901.3030475906262,100,0,1
2017.01.03,01:43:26,1901.2043001252443,1901.3076664542602,1901.1487732764363,1901.281762359834,100,0,1
2017.01.04,01:43:26,1901.2327323195937,1901.2890846832931,1901.1788299453203,1901.1978314674188,100,0,1
2017.01.05,01:43:26,1901.3289690008185,1901.4141374085148,1901.2736402107382,1901.350037880795,100,0,1
2017.01.06,01:43:26,1901.316089690518,1901.3780718216772,1901.2747165321277,1901.3563611955906,100,0,1
2017.01.07,01:43:26,1901.3326361823958,1901.3696265162382,1901.2964556679924,1901.3468258881048,100,0,1
2017.01.08,01:43:26,1901.3725941872872,1901.38990135339,1901.3209541536519,1901.3307488725013,100,0,1
2017.01.09,01:43:26,1901.3952629329656,1901.408992645131,1901.3330945589619,1901.3871223162023,100,0,1
2017.01.10,01:43:26,1901.3434147287667,1901.379788185461,1901.2961150424896,1901.3356563477346,100,0,1
2017.01.11,01:43:26,1901.2932381239332,1901.3492625646693,1901.243765477399,1901.341000077787,100,0,1
2017.01.12,01:43:26,1901.2098439664624,1901.2854789266519,1901.1121117702985,1901.2708574924004,100,0,1
2017.01.13,01:43:26,1901.135313189837,1901.1857052126413,1901.0461494093886,1901.1282848345763,100,0,1
2017.01.14,01:43:26,1901.2232700902252,1901.263664955627,1901.1704058524701,1901.1970519103206,100,0,1
2017.01.15,01:43:26,1901.1856197467323,1901.208408267512,1901.1098545019022,1901.1182280332268,100,0,1
2017.01.16,01:43:26,1901.1602969846647,1901.2122691782583,1901.094881125485,1901.2034862452288,100,0,1
2017.01.17,01:43:26,1901.1411521762227,1901.1620582601706,1901.1012223192847,1901.1534949244585,100,0,1
2017.01.18,01:43:26,1901.1332818814747,1901.1735313879951,1901.1076807231047,1901.122933378372,100,0,1
2017.01.19,01:43:26,1901.1386520962665,1901.199592639799,1901.0897336834494,1901.129786881144,100,0,1
2017.01.20,01:43:26,1901.0905631756425,1901.1646251945049,1901.020438787895,1901.1559891048257,100,0,1
2017.01.21,01:43:26,1901.1157152099306,1901.1551250692748,1901.0479609490897,1901.0916527947772,100,0,1
2017.01.22,01:43:26,1901.1547882963143,1901.2200594073386,1901.1162520899295,1901.134449474253,100,0,1
2017.01.23,01:43:26,1901.1323635566957,1901.1832968680992,1901.0866621613175,1901.126879708049,100,0,1
2017.01.24,01:43:26,1901.1485057526877,1901.2182414467309,1901.0708031988424,1901.2108994794867,100,0,1
2017.01.25,01:43:26,1901.1809539777007,1901.240555043223,1901.1146519514152,1901.1844843708332,100,0,1
2017.01.26,01:43:26,1901.0129831570666,1901.0242238121043,1900.9554836162313,1900.999080344068,100,0,1
2017.01.27,01:43:26,1900.9489145433556,1901.000367999469,1900.9230478368215,1900.958120277067,100,0,1
2017.01.28,01:43:26,1900.941222035998,1900.953634965646,1900.883410264395,1900.8970345677278,100,0,1
2017.01.29,01:43:26,1900.9339800617065,1900.9605631175284,1900.8920059192546,1900.900974106802,100,0,1
2017.01.30,01:43:26,1901.0102079220744,1901.0711824829712,1900.956302687582,1900.9664864175143,100,0,1
2017.01.31,01:43:26,1901.0080897767948,1901.0497516782166,1900.9662763836425,1900.9804542692505,100,0,1
2017.02.01,01:43:26,1900.8887293612377,1900.965431470311,1900.8478310875964,1900.8977860900145,100,0,1
2017.02.02,01:43:26,1900.9119059358002,1900.9539792981952,1900.858691710401,1900.8660061954133,100,0,1
2017.02.03,01:43:26,1900.8425754790023,1900.8718281600668,1900.7886349647304,1900.802039662744,100,0,1
2017.02.04,01:43:26,1900.815909469236,1900.8681268243863,1900.775769384994,1900.864689340563,100,0,1
2017.02.05,01:43:26,1900.8228467083939,1900.8745178972035,1900.774028700139,1900.7909578933761,100,0,1
2017.02.06,01:43:26,1900.8169845751431,1900.861317850589,1900.7351000663018,1900.7936583524222,100,0,1
2017.02.07,01:43:26,1900.855436456717,1900.8922451786038,1900.8093354536873,1900.8800037293865,100,0,1
2017.02.08,01:43:26,1900.7998898046894,1900.8629898557838,1900.7154437515462,1900.77561056756,100,0,1
2017.02.09,01:43:26,1900.8612179826382,1900.9284726303206,1900.8033794787955,1900.8460724421016,100,0,1
2017.02.10,01:43:26,1900.8899278648025,1900.9376651665743,1900.8030063666738,1900.931905176582,100,0,1
2017.02.11,01:43:26,1900.9316202401346,1900.9813902292526,1900.8794016869463,1900.8813333689907,100,0,1
2017.02.12,01:43:26,1900.9240991519148,1901.0015658749605,1900.875299004084,1900.9369432586923,100,0,1
2017.02.13,01:43:26,1900.895882894719,1900.9319107182982,1900.8393611031715,1900.8539126961687,100,0,1
2017.02.14,01:43:26,1900.9137341696564,1900.9602046563596,1900.8710902615785,1900.892166520638,100,0,1
2017.02.15,01:43:26,1900.9159972492764,1900.9548823116695,1900.8750131474922,1900.9303676146963,100,0,1
2017.02.16,01:43:26,1900.979198248179,1901.0460917269343,1900.9198183022363,1901.0456408461785,100,0,1
2017.02.17,01:43:26,1900.9115229796037,1900.969555511205,1900.8400217475414,1900.8902140111913,100,0,1
2017.02.18,01:43:26,1900.9292827187999,1900.9706480291866,1900.910068140072,1900.9157478561804,100,0,1
2017.02.19,01:43:26,1900.8657082514364,1900.897675777467,1900.7769349971213,1900.8244952193575,100,0,1
2017.02.20,01:43:26,1900.9604822617812,1901.0008361590549,1900.913339608479,1900.9953348484155,100,0,1
2017.02.21,01:43:26,1900.9346139634963,1900.9996736668675,1900.862632266274,1900.8865434278696,100,0,1
2017.02.22,01:43:26,1900.9745911720643,1901.0213049290837,1900.9646734096343,1900.9820881893152,100,0,1
2017.02.23,01:43:26,1901.0194980100907,1901.0684483881826,1900.9875464682132,1901.025908531818,100,0,1
2017.02.24,01:43:26,1901.0293100089116,1901.0835367670059,1900.986007265651,1901.0827371399591,100,0,1
2017.02.25,01:43:26,1900.9039980903017,1900.9421606682863,1900.848779860072,1900.853799952651,100,0,1
2017.02.26,01:43:26,1900.9856614321957,1901.0268049793833,1900.9142829145947,1900.95768372087,100,0,1
2017.02.27,01:43:26,1901.1143535579547,1901.164132788927,1901.0573034021254,1901.0902012686026,100,0,1
2017.02.28,01:43:26,1901.1510978725223,1901.2247710582674,1901.1030470620049,1901.103161590825,100,0,1
2017.03.01,01:43:26,1901.1226026636389,1901.1524173194207,1901.0821310475005,1901.1344895599243,100,0,1
2017.03.02,01:43:26,1901.0840717227977,1901.1265935422236,1900.9856267413184,1901.0760430906846,100,0,1
2017.03.03,01:43:26,1901.0177882483138,1901.0455422976097,1900.9775748036268,1901.0117944122549,100,0,1
2017.03.04,01:43:26,1900.9535117459072,1901.0445339986304,1900.8682666539382,1901.0327045584627,100,0,1
2017.03.05,01:43:26,1900.9181330712588,1900.9626978390916,1900.8922814300595,1900.9613165352705,100,0,1
2017.03.06,01:43:26,1900.94497699245,1901.014671484809,1900.8734317656576,1900.9063734121805,100,0,1
2017.03.07,01:43:26,1900.9187415845008,1900.9533355124995,1900.8489443058288,1900.9045472676917,100,0,1
2017.03.08,01:43:26,1901.0173668962552,1901.0878733151906,1900.9607175444175,1901.068484265654,100,0,1
2017.03.09,01:43:26,1900.9424975059078,1901.0142743865224,1900.9286517988953,1900.9816889491074,100,0,1
2017.03.10,01:43:26,1900.9842576481592,1901.0154450771113,1900.9220619296093,1900.9802179368733,100,0,1
2017.03.11,01:43:26,1900.9306460751036,1901.0123243503986,1900.8591510552214,1900.9990257499971,100,0,1
2017.03.12,01:43:26,1900.9605723306174,1901.0454462975435,1900.8761381082645,1900.9950436115937,100,0,1
2017.03.13,01:43:26,1900.9865323410606,1901.0336057607724,1900.940882428818,1900.946421331384,100,0,1
2017.03.14,01:43:26,1901.0335530024688,1901.090433827946,1901.0160541365565,1901.0310746106368,100,0,1
2017.03.15,01:43:26,1901.0504419702556,1901.087283857485,1900.9952383201203,1901.0352425589233,100,0,1
2017.03.16,01:43:26,1900.974795996546,1901.0225394968068,1900.9200152877936,1900.9783416252421,100,0,1
2017.03.17,01:43:26,1900.983318196312,1901.0349916568052,1900.917422365788,1900.9339173621356,100,0,1
2017.03.18,01:43:26,1901.009627301972,1901.0611001134748,1900.8950247509117,1900.9397405772404,100,0,1
2017.03.19,01:43:26,1900.946436704848,1901.0058649249906,1900.915546238687,1900.9719955172989,100,0,1
2017.03.20,01:43:26,1900.9577302166415,1900.9777479388492,1900.8976846725047,1900.9237257399645,100,0,1
2017.03.21,01:43:26,1901.0617903169916,1901.1077892696005,1900.9875106023933,1901.097651108837,100,0,1
2017.03.22,01:43:26,1901.0153301985163,1901.054002061743,1900.984489648284,1900.9970301089215,100,0,1
2017.03.23,01:43:26,1901.024768077295,1901.0922031849166,1900.9610488800206,1900.9637934156067,100,0,1
2017.03.24,01:43:26,1901.0570335676903,1901.0887533223843,1900.9905772160414,1901.0684090154796,100,0,1
2017.03.25,01:43:26,1901.1729485273386,1901.2335472511697,1901.099309128102,1901.2327857757214,100,0,1
2017.03.26,01:43:26,1901.156170174668,1901.2077497753528,1901.1463053649109,1901.177359934759,100,0,1
2017.03.27,01:43:26,1901.179771496956,1901.2133835840316,1901.1474834546475,1901.1481349461142,100,0,1
2017.03.28,01:43:26,1901.1218124575626,1901.1657187484423,1901.0688547153675,1901.16436443302,100,0,1
2017.03.29,01:43:26,1900.9619888703432,1901.0064011245372,1900.9395570048312,1900.9668116360306,100,0,1
2017.03.30,01:43:26,1900.9669322958605,1901.0184087247408,1900.9414543740497,1901.0099482072321,100,0,1
2017.03.31,01:43:26,1900.9515497746288,1901.030695880036,1900.8892923326757,1900.9625943155502,100,0,1
2017.04.01,01:43:26,1900.9382192626153,1900.9615686670736,1900.8947597515225,1900.9316756852834,100,0,1
2017.04.02,01:43:26,1901.1163311074476,1901.1351013558015,1901.0855078047496,1901.0885141956094,100,0,1
2017.04.03,01:43:26,1901.0890102491487,1901.1819060933062,1901.0497540709296,1901.1577553519478,100,0,1
2017.04.04,01:43:26,1901.1194036751406,1901.1677282957276,1901.0245419660278,1901.1043237368463,100,0,1
2017.04.05,01:43:26,1901.1681756069759,1901.2592278947843,1901.1128672888408,1901.1514305236126,100,0,1
2017.04.06,01:43:26,1901.1766598897996,1901.2144663357094,1901.1327479984577,1901.2049861140142,100,0,1
2017.04.07,01:43:26,1901.2154792694141,1901.2583301166528,1901.1875620224603,1901.2184796059505,100,0,1
2017.04.08,01:43:26,1901.1811769701362,1901.21690836113,1901.1185472471473,1901.1947479812623,100,0,1
2017.04.09,01:43:26,1901.221576022202,1901.2820898103607,1901.1851706080438,1901.2660691153278,100,0,1
2017.04.10,01:43:26,1901.2214161232857,1901.3011120854494,1901.1585051901284,1901.1615983700547,100,0,1
2017.04.11,01:43:26,1901.1630893744884,1901.230903665019,1901.1458176169472,1901.1520901590434,100,0,1
2017.04.12,01:43:26,1901.2085289401398,1901.2177337441956,1901.1474477867312,1901.1757087707854,100,0,1
2017.04.13,01:43:26,1901.1744344388828,1901.2391105397674,1901.10080508985,1901.2214259611346,100,0,1
2017.04.14,01:43:26,1901.2142152688284,1901.2817495854129,1901.1482659684596,1901.2343069839028,100,0,1
2017.04.15,01:43:26,1901.1975541473753,1901.2239994907648,1901.1677942137062,1901.1800429652678,100,0,1
2017.04.16,01:43:26,1901.2038371855758,1901.2436405943488,1901.146097439759,1901.203737538793,100,0,1
2017.04.17,01:43:26,1901.2164886736814,1901.265034005357,1901.1760489220303,1901.2532761656662,100,0,1
2017.04.18,01:43:26,1901.2779792968106,1901.331831175675,1901.1835261422486,1901.2723594663169,100,0,1
2017.04.19,01:43:26,1901.2023489702733,1901.2350420027472,1901.1609993366817,1901.2335674685553,100,0,1
2017.04.20,01:43:26,1901.1449105425957,1901.2042271044263,1901.1219289192522,1901.1928261104972,100,0,1
2017.04.21,01:43:26,1901.1339165849224,1901.1597311207547,1901.0902765915073,1901.1130324097019,100,0,1
2017.04.22,01:43:26,1901.044614734383,1901.06458922658,1900.9876179878788,1900.9979890141503,100,0,1
2017.04.23,01:43:26,1900.9924276645904,1901.0132211960358,1900.9684896371045,1901.0018679856876,100,0,1
2017.04.24,01:43:26,1901.0101661207257,1901.066737329199,1900.9587079507546,1901.0510325161686,100,0,1
2017.04.25,01:43:26,1900.9606784740186,1901.0205998693339,1900.9300226570265,1901.0180958267733,100,0,1
2017.04.26,01:43:26,1900.999589787549,1901.0447373894556,1900.9403887337555,1901.0017924213962,100,0,1
2017.04.27,01:43:26,1900.9433474792747,1901.0286714653564,1900.8615007224068,1900.9945745748207,100,0,1
2017.04.28,01:43:26,1901.004637560752,1901.0630818952964,1900.964612581133,1900.9850008944982,100,0,1
2017.04.29,01:43:26,1901.0535155359942,1901.132331774292,1901.0195367667243,1901.125223450938,100,0,1
2017.04.30,01:43:26,1900.979206466803,1901.026651430211,1900.9318468457789,1901.023829583535,100,0,1
2017.05.01,01:43:26,1900.911665287275,1900.9601278327684,1900.8719511120426,1900.9585415219028,100,0,1
2017.05.02,01:43:26,1900.896777161995,1900.9385092515972,1900.824586950134,1900.8838605146034,100,0,1
2017.05.03,01:43:26,1900.8880565189816,1900.9512851553634,1900.8868400695078,1900.9354354840207,100,0,1
2017.05.04,01:43:26,1900.9709210529447,1901.0190974083932,1900.9411624162121,1901.0020481841202,100,0,1
2017.05.05,01:43:26,1900.9620086161879,1901.0130917048214,1900.920918792535,1900.9427064281356,100,0,1
2017.05.06,01:43:26,1900.904503134255,1900.9434527313722,1900.8464061355394,1900.869676842087,100,0,1
2017.05.07,01:43:26,1900.8980365687942,1900.952097206321,1900.8538360240982,1900.8981735479233,100,0,1
2017.05.08,01:43:26,1900.9108297407645,1900.9412442927658,1900.8812026956841,1900.889216337554,100,0,1
2017.05.09,01:43:26,1900.8397615213566,1900.8768624245085,1900.8299029100244,1900.8396049115822,100,0,1
2017.05.10,01:43:26,1900.8552710003905,1900.9335160809392,1900.8171860425505,1900.8896814718464,100,0,1
2017.05.11,01:43:26,1900.9681855255021,1900.99003276578,1900.9551403488388,1900.9730108890049,100,0,1
2017.05.12,01:43:26,1900.926036161604,1900.9511853969836,1900.845931705669,1900.8940420089987,100,0,1
2017.05.13,01:43:26,1900.896276122319,1900.9286388442977,1900.8652312375657,1900.913373664556,100,0,1
2017.05.14,01:43:26,1900.9662828324376,1900.9997525961664,1900.8904106550742,1900.979931063816,100,0,1
2017.05.15,01:43:26,1900.9417835555175,1900.9821291825172,1900.8883403692048,1900.9780867916331,100,0,1
2017.05.16,01:43:26,1900.8700402741313,1900.9432792042287,1900.7694810227435,1900.8031899359678,100,0,1
2017.05.17,01:43:26,1900.9243558544258,1900.9881289460145,1900.8961459558077,1900.983562978255,100,0,1
2017.05.18,01:43:26,1900.9424454178286,1900.9904861741243,1900.8897472425012,1900.9231848612333,100,0,1
2017.05.19,01:43:26,1900.9254680144618,1900.965844673522,1900.9118193232114,1900.9561156407826,100,0,1
2017.05.20,01:43:26,1900.9254074447454,1900.9440807410285,1900.8719843853216,1900.94339348472,100,0,1
2017.05.21,01:43:26,1900.971055728829,1901.0400611808595,1900.9070949923619,1900.9226759057058,100,0,1
2017.05.22,01:43:26,1901.0320724188923,1901.0336303897789,1900.9823643316565,1900.9924378980356,100,0,1
2017.05.23,01:43:26,1901.041700100824,1901.1017389670292,1900.9827576713344,1901.013764249119,100,0,1
2017.05.24,01:43:26,1901.0951449557472,1901.1654282907862,1901.0435860253438,1901.1634368687191,100,0,1
2017.05.25,01:43:26,1901.1073203749947,1901.194818272244,1901.031741019913,1901.0888200633733,100,0,1
2017.05.26,01:43:26,1901.0217506481904,1901.0651605835324,1900.991652234358,1901.0175572779387,100,0,1
2017.05.27,01:43:26,1900.9953736756052,1901.0447668940076,1900.9518848419661,1900.9928308014837,100,0,1
2017.05.28,01:43:26,1900.9793593125441,1901.0194776566175,1900.9339854250716,1900.9954519293954,100,0,1
2017.05.29,01:43:26,1901.0659915374915,1901.1175200854004,1901.0255587913323,1901.1006624500906,100,0,1
2017.05.30,01:43:26,1901.036456620765,1901.0735112882141,1901.0071015724045,1901.0546520632279,100,0,1
2017.05.31,01:43:26,1901.0443651065552,1901.080830702234,1900.9983943963525,1901.0018255452098,100,0,1
2017.06.01,01:43:26,1901.1007431423886,1901.1065740782574,1901.0353810208237,1901.0405079191787,100,0,1
2017.06.02,01:43:26,1901.0858650670325,1901.1246250084512,1901.0325666255721,1901.0851027722306,100,0,1
2017.06.03,01:43:26,1901.0773891933845,1901.1283951717546,1901.004108159732,1901.0902399877034,100,0,1
2017.06.04,01:43:26,1901.0693685720373,1901.0807331857386,1901.024773392469,1901.0501257302317,100,0,1
2017.06.05,01:43:26,1901.050404351293,1901.1072203086583,1901.0159978563902,1901.0627642368079,100,0,1
2017.06.06,01:43:26,1901.2291416026535,1901.267354576104,1901.1658051657841,1901.2597475142213,100,0,1
2017.06.07,01:43:26,1901.2408350212766,1901.2965305933492,1901.202916177004,1901.244859986508,100,0,1
2017.06.08,01:43:26,1901.260356912105,1901.3203963375365,1901.1882294713675,1901.2610799334523,100,0,1
2017.06.09,01:43:26,1901.2254813798631,1901.288220369378,1901.179735738429,1901.2195897495915,100,0,1
2017.06.10,01:43:26,1901.1804224532123,1901.2130692617925,1901.1257567960324,1901.1371676963372,100,0,1
2017.06.11,01:43:26,1901.1714717383347,1901.2046577153944,1901.0566768618396,1901.1938723652156,100,0,1
2017.06.12,01:43:26,1901.1718081562833,1901.2337582664693,1901.1074200952437,1901.1536230796742,100,0,1
2017.06.13,01:43:26,1901.1840646825092,1901.2384430455302,1901.131884635081,1901.1842149643267,100,0,1
2017.06.14,01:43:26,1901.0591508954378,1901.122427012079,1901.0065981295954,1901.0998431679416,100,0,1
2017.06.15,01:43:26,1901.0132303503149,1901.052838940414,1900.9844144912138,1901.0314960041421,100,0,1
2017.06.16,01:43:26,1900.9893759367822,1901.0255425169846,1900.942429139113,1900.9702138256723,100,0,1
2017.06.17,01:43:26,1900.998205132436,1901.038261014508,1900.9876862932774,1901.030247438149,100,0,1
2017.06.18,01:43:26,1900.9974854668374,1901.015884678831,1900.9602647945806,1900.9782658017039,100,0,1
2017.06.19,01:43:26,1901.0309480445258,1901.0608132715947,1900.9600953159306,1901.006220308793,100,0,1
2017.06.20,01:43:26,1901.0847971309358,1901.1433591895552,1901.011643633638,1901.0438405584612,100,0,1
2017.06.21,01:43:26,1901.0476438185804,1901.1235620273033,1901.0113447560382,1901.0371282842586,100,0,1
2017.06.22,01:43:26,1901.1045458752294,1901.1636329819305,1900.99394985535,1901.0225181398373,100,0,1
2017.06.23,01:43:26,1901.0764251051255,1901.1340110488795,1901.0174920169802,1901.0895167051096,100,0,1
2017.06.24,01:43:26,1901.0314875457534,1901.083431942466,1900.978532514406,1901.0118830714152,100,0,1
2017.06.25,01:43:26,1900.9893447280876,1901.0459415529363,1900.9366968995573,1900.9800600029425,100,0,1
2017.06.26,01:43:26,1900.9444360546433,1900.9801933933672,1900.897214468673,1900.9677849768182,100,0,1
2017.06.27,01:43:26,1900.960665617726,1901.003280048573,1900.915448732532,1900.9624804836617,100,0,1
2017.06.28,01:43:26,1900.9019267326432,1900.9210706323142,1900.8879198221262,1900.9027886713086,100,0,1
2017.06.29,01:43:26,1900.96644115273,1900.975040724982,1900.9182432681482,1900.9221668940922,100,0,1
2017.06.30,01:43:26,1901.0349609859072,1901.0570879543511,1900.9773951367172,1901.04209030028,100,0,1
2017.07.01,01:43:26,1901.0141743377228,1901.0760565009612,1900.985800701603,1901.0182573214427,100,0,1
2017.07.02,01:43:26,1900.9188045726876,1900.9913366029612,1900.868748693382,1900.946908952148,100,0,1
2017.07.03,01:43:26,1900.9137082994243,1900.9852432042464,1900.8613209503906,1900.9717452008954,100,0,1
2017.07.04,01:43:26,1900.9155947448692,1900.9424541372366,1900.8585777598219,1900.8681384761896,100,0,1
2017.07.05,01:43:26,1900.8896380248598,1900.949147864438,1900.8537846750812,1900.887505905433,100,0,1
2017.07.06,01:43:26,1900.9836648104547,1901.0368426554085,1900.9095731957912,1901.0277958316126,100,0,1
2017.07.07,01:43:26,1900.9378755600296,1900.96901716091,1900.8868166975494,1900.9618724267157,100,0,1
2017.07.08,01:43:26,1900.8819289426428,1900.9090964058473,1900.8045970353428,1900.8401146107094,100,0,1
2017.07.09,01:43:26,1900.9361863854642,1901.0101024578696,1900.9120253981835,1900.9192624807513,100,0,1
2017.07.10,01:43:26,1900.8686342888236,1900.9538708128068,1900.8076924618747,1900.8131210389433,100,0,1
2017.07.11,01:43:26,1900.8491288418213,1900.8888183246731,1900.845284816514,1900.8691841143195,100,0,1
2017.07.12,01:43:26,1900.8180339322666,1900.878689074913,1900.7509858991234,1900.7546544712354,100,0,1
2017.07.13,01:43:26,1900.7824977611813,1900.8108788184313,1900.734786820135,1900.7701355766183,100,0,1
2017.07.14,01:43:26,1900.7288998461763,1900.7753486082347,1900.7051130641237,1900.732735610633,100,0,1
2017.07.15,01:43:26,1900.7921332225662,1900.8729224501444,1900.7027300134557,1900.8368432334114,100,0,1
2017.07.16,01:43:26,1900.8596071442591,1900.908899243993,1900.8186695861573,1900.8994669690733,100,0,1
2017.07.17,01:43:26,1900.8311439332203,1900.8575076328464,1900.7924594004146,1900.8509113506725,100,0,1
2017.07.18,01:43:26,1900.7624777033425,1900.7667086962317,1900.715880628345,1900.7586720976085,100,0,1
2017.07.19,01:43:26,1900.8013524459948,1900.8868919231209,1900.7630038378059,1900.8212142367117,100,0,1
2017.07.20,01:43:26,1900.7351329474557,1900.7859235618507,1900.7351055557258,1900.7757312575507,100,0,1
2017.07.21,01:43:26,1900.682015233356,1900.7393545363614,1900.610998029376,1900.7302080390095,100,0,1
2017.07.22,01:43:26,1900.6504157079262,1900.7107172808371,1900.6070445697217,1900.6883044725805,100,0,1
2017.07.23,01:43:26,1900.6489332526385,1900.7067953735486,1900.6332421957018,1900.6831880028653,100,0,1
2017.07.24,01:43:26,1900.652963624617,1900.7256387286377,1900.5755128186652,1900.6367573248385,100,0,1
2017.07.25,01:43:26,1900.6338302966142,1900.686296278327,1900.5906488800686,1900.6313129210655,100,0,1
2017.07.26,01:43:26,1900.6486965777767,1900.6948923939688,1900.598113700999,1900.693432230311,100,0,1
2017.07.27,01:43:26,1900.5886683544359,1900.6064508891254,1900.4972401597047,1900.5606670106984,100,0,1
2017.07.28,01:43:26,1900.587200819935,1900.6254621011421,1900.5480525069925,1900.6215859666108,100,0,1
2017.07.29,01:43:26,1900.5754851013264,1900.6179847750936,1900.5301700243776,1900.549484328433,100,0,1
2017.07.30,01:43:26,1900.6889005728733,1900.7676548530496,1900.605733492198,1900.7670422719084,100,0,1
2017.07.31,01:43:26,1900.5522886613178,1900.610412663035,1900.4775606978521,1900.519346322735,100,0,1
2017.08.01,01:43:26,1900.5417228967503,1900.6254340896912,1900.4967885922176,1900.5003298892643,100,0,1
2017.08.02,01:43:26,1900.5074640433054,1900.582143542422,1900.4848793120434,1900.565757803552,100,0,1
2017.08.03,01:43:26,1900.5778843261899,1900.6169926952884,1900.5136017348482,1900.5153878601227,100,0,1
2017.08.04,01:43:26,1900.5590814779735,1900.626692888406,1900.5288915135752,1900.5513254871037,100,0,1
2017.08.05,01:43:26,1900.554947763225,1900.5727352199585,1900.4938466970532,1900.5711760309046,100,0,1
2017.08.06,01:43:26,1900.5450370856277,1900.6211153812244,1900.4754533150056,1900.4773137978902,100,0,1
2017.08.07,01:43:26,1900.5377562210717,1900.5912074403814,1900.4882382949102,1900.5774129652489,100,0,1
2017.08.08,01:43:26,1900.5579996227425,1900.5997761587016,1900.5051240750042,1900.5520464728672,100,0,1
2017.08.09,01:43:26,1900.5518255844697,1900.5911517987133,1900.4832551371617,1900.504157793923,100,0,1
2017.08.10,01:43:26,1900.5540642520195,1900.6137536357655,1900.4652586117115,1900.6130317213656,100,0,1
2017.08.11,01:43:26,1900.522511484791,1900.5412435800097,1900.44515397397,1900.4589885011087,100,0,1
2017.08.12,01:43:26,1900.5647317769635,1900.6132508592307,1900.509680070395,1900.5753447372538,100,0,1
2017.08.13,01:43:26,1900.58470326669,1900.6467692970482,1900.5025797912451,1900.538465099467,100,0,1
2017.08.14,01:43:26,1900.576136275621,1900.6500300097334,1900.5265209593833,1900.5410082296812,100,0,1
2017.08.15,01:43:26,1900.6500920405438,1900.738496810105,1900.5853081571122,1900.672629561284,100,0,1
2017.08.16,01:43:26,1900.6680649897676,1900.7226386903753,1900.644443215584,1900.7012127666326,100,0,1
2017.08.17,01:43:26,1900.6858325007906,1900.7403286414497,1900.6530319838955,1900.6687164634172,100,0,1
2017.08.18,01:43:26,1900.7736700068808,1900.8361219776461,1900.7392714838593,1900.783993831159,100,0,1
2017.08.19,01:43:26,1900.727706997859,1900.7671304976752,1900.690504065905,1900.6958057325435,100,0,1
2017.08.20,01:43:26,1900.7283206290394,1900.7657502753857,1900.688997986251,1900.7327331555775,100,0,1
2017.08.21,01:43:26,1900.735984285588,1900.7597637533122,1900.7126218964988,1900.7139134511679,100,0,1
2017.08.22,01:43:26,1900.7247870236681,1900.79744023581,1900.6795494319008,1900.7398827998882,100,0,1
2017.08.23,01:43:26,1900.7687157553698,1900.7961087150932,1900.7218556125376,1900.7946003168452,100,0,1
2017.08.24,01:43:26,1900.729521659392,1900.7775508079847,1900.7061297250095,1900.7314032470656,100,0,1
2017.08.25,01:43:26,1900.7089065308592,1900.7516456437559,1900.675890640823,1900.729124755523,100,0,1
2017.08.26,01:43:26,1900.7067188164563,1900.7157330535872,1900.6563191189673,1900.69713103904,100,0,1
2017.08.27,01:43:26,1900.7478309027022,1900.8144086779791,1900.703672564235,1900.7441787498326,100,0,1
2017.08.28,01:43:26,1900.7348538060198,1900.7938138680822,1900.6734961829673,1900.7810483930655,100,0,1
2017.08.29,01:43:26,1900.7158533133688,1900.7396427088172,1900.659163209252,1900.6977648559575,100,0,1
2017.08.30,01:43:26,1900.7047900255116,1900.744418970799,1900.655459512566,1900.7158493946686,100,0,1
2017.08.31,01:43:26,1900.6018352024225,1900.654357380275,1900.5524464453563,1900.5879104499534,100,0,1
2017.09.01,01:43:26,1900.5544146490297,1900.601004837825,1900.5073002431232,1900.5333256374456,100,0,1
2017.09.02,01:43:26,1900.572140044468,1900.6187531264738,1900.4909371186475,1900.603137351922,100,0,1
2017.09.03,01:43:26,1900.6407178469876,1900.6748752653064,1900.5994667049226,1900.6097622620368,100,0,1
2017.09.04,01:43:26,1900.6077817617029,1900.6966904563144,1900.5382854145405,1900.682677458591,100,0,1
2017.09.05,01:43:26,1900.7070164867894,1900.7655222620199,1900.6470595033286,1900.7404412543376,100,0,1
2017.09.06,01:43:26,1900.722179125139,1900.7695006930783,1900.6604447177053,1900.6605768395386,100,0,1
2017.09.07,01:43:26,1900.7606048775915,1900.7961613950113,1900.7265899788547,1900.76081771117,100,0,1
2017.09.08,01:43:26,1900.7950989547217,1900.8191666607734,1900.7577641379899,1900.8101622100548,100,0,1
2017.09.09,01:43:26,1900.8743701740934,1900.91518317635,1900.8182023922714,1900.8556799339347,100,0,1
2017.09.10,01:43:26,1900.7250070958412,1900.7666658673045,1900.6816677785457,1900.7068902350475,100,0,1
2017.09.11,01:43:26,1900.6419956355346,1900.6903235155576,1900.5844360915864,1900.6725639758417,100,0,1
2017.09.12,01:43:26,1900.5588713977577,1900.6200889516333,1900.5256699598078,1900.560905604325,100,0,1
2017.09.13,01:43:26,1900.584206073599,1900.6227188381456,1900.5292995875166,1900.598686987083,100,0,1
2017.09.14,01:43:26,1900.6092494041934,1900.6833559144184,1900.542176431273,1900.6336424745368,100,0,1
2017.09.15,01:43:26,1900.4993781645178,1900.5563333701748,1900.455274774314,1900.550594786848,100,0,1
2017.09.16,01:43:26,1900.4632378187714,1900.5312008934523,1900.4234355877202,1900.4969899665336,100,0,1
2017.09.17,01:43:26,1900.4169762654908,1900.477550423289,1900.3446581873254,1900.3448664738185,100,0,1
2017.09.18,01:43:26,1900.478666140813,1900.5065423123265,1900.44613946665,1900.4687346824485,100,0,1
2017.09.19,01:43:26,1900.4275590588682,1900.4781003930107,1900.388321249861,1900.4313187929424,100,0,1
2017.09.20,01:43:26,1900.3553670009173,1900.427859095985,1900.3100203213019,1900.4086500970184,100,0,1
2017.09.21,01:43:26,1900.3606626476858,1900.4153490072608,1900.3060111483421,1900.3763683663574,100,0,1
2017.09.22,01:43:26,1900.3872854191445,1900.4247293894668,1900.3368732594222,1900.3639535726795,100,0,1
2017.09.23,01:43:26,1900.4059978338378,1900.430283670804,1900.3551463769174,1900.3765285986701,100,0,1
2017.09.24,01:43:26,1900.4350519251755,1900.4590456963133,1900.3382192358863,1900.4579359628563,100,0,1
2017.09.25,01:43:26,1900.4616440351374,1900.5403664720436,1900.431651569387,1900.4755773880402,100,0,1
2017.09.26,01:43:26,1900.4817408700521,1900.5322813109626,1900.4338900569767,1900.5114812808592,100,0,1
2017.09.27,01:43:26,1900.5087829841098,1900.5535993455205,1900.464451191443,1900.5471730676527,100,0,1
2017.09.28,01:43:26,1900.4989472306058,1900.552294813487,1900.4217152613276,1900.439870538307,100,0,1
2017.09.29,01:43:26,1900.437532462727,1900.4739414679877,1900.3813005260631,1900.4148882673417,100,0,1
2017.09.30,01:43:26,1900.3389035446012,1900.4046849831561,1900.3284730545333,1900.348902545779,100,0,1
2017.10.01,01:43:26,1900.2620217541446,1900.296006426654,1900.1802950814567,1900.2263670804844,100,0,1
2017.10.02,01:43:26,1900.1980739019907,1900.2445383662423,1900.1841410807972,1900.2181170022418,100,0,1
2017.10.03,01:43:26,1900.1786138612827,1900.2274258371474,1900.1107177118663,1900.1346024749132,100,0,1
2017.10.04,01:43:26,1900.2150521181413,1900.297944303838,1900.165448905169,1900.2937014075137,100,0,1
2017.10.05,01:43:26,1900.211863683477,1900.275274759017,1900.1735272096355,1900.2750033380908,100,0,1
2017.10.06,01:43:26,1900.1342376120094,1900.2138920126008,1900.1006550171494,1900.1161848518846,100,0,1
2017.10.07,01:43:26,1900.1981707474586,1900.2705567817425,1900.1548031106006,1900.2563239033423,100,0,1
2017.10.08,01:43:26,1900.1517356052218,1900.2282082539414,1900.128035599334,1900.145617676844,100,0,1
2017.10.09,01:43:26,1900.2292398868494,1900.2774326093936,1900.169148700126,1900.174180232081,100,0,1
2017.10.10,01:43:26,1900.2507350126718,1900.281362135039,1900.2048680004389,1900.2763802480194,100,0,1
2017.10.11,01:43:26,1900.1693889021276,1900.2077005997269,1900.1277880146156,1900.1820231565368,100,0,1
2017.10.12,01:43:26,1900.1475259829692,1900.162426555798,1900.1028620336342,1900.1358034766376,100,0,1
2017.10.13,01:43:26,1900.164923248439,1900.2139961447922,1900.0989945257677,1900.1939718821502,100,0,1
2017.10.14,01:43:26,1900.1834379126951,1900.250185008438,1900.153669781107,1900.2129804358487,100,0,1
2017.10.15,01:43:26,1900.1490438549242,1900.2097919494981,1900.140131802538,1900.1818679659514,100,0,1
2017.10.16,01:43:26,1900.083589494248,1900.1002314233033,1900.06093697214,1900.0656721158578,100,0,1
2017.10.17,01:43:26,1900.2235645481235,1900.263434158182,1900.189647393964,1900.2552879312866,100,0,1
2017.10.18,01:43:26,1900.1892981390886,1900.1986375979502,1900.0809781310377,1900.0932049637627,100,0,1
2017.10.19,01:43:26,1900.2103353316531,1900.2695412948804,1900.1770691201223,1900.225252429784,100,0,1
2017.10.20,01:43:26,1900.1594324408322,1900.2220284886303,1900.0969132837,1900.1695782782879,100,0,1
2017.10.21,01:43:26,1900.083235495413,1900.1388639318852,1899.9999773760546,1900.1193534314032,100,0,1
2017.10.22,01:43:26,1900.115386482021,1900.1817242073967,1900.092201192023,1900.154232700571,100,0,1
2017.10.23,01:43:26,1900.0911829503827,1900.105353569854,1900.03252943711,1900.072371703404,100,0,1
2017.10.24,01:43:26,1900.2381023412822,1900.3154814631398,1900.2051576508784,1900.2961993339368,100,0,1
2017.10.25,01:43:26,1900.3049288615045,1900.375980318787,1900.2544248694883,1900.2617293944884,100,0,1
2017.10.26,01:43:26,1900.3257150963263,1900.351739415471,1900.2616093611853,1900.2910988091016,100,0,1
2017.10.27,01:43:26,1900.3336456454538,1900.3803686556791,1900.2890981062753,1900.3240690741968,100,0,1
2017.10.28,01:43:26,1900.3962756764893,1900.4605581299083,1900.3395200692223,1900.369872749574,100,0,1
2017.10.29,01:43:26,1900.4314922699152,1900.4767524606316,1900.3907413252298,1900.4042672689134,100,0,1
2017.10.30,01:43:26,1900.3852269072554,1900.441353812906,1900.3541794109258,1900.4252075393244,100,0,1
2017.10.31,01:43:26,1900.4442123670249,1900.4694598535048,1900.4152040005656,1900.4655991253178,100,0,1
2017.11.01,01:43:26,1900.4762206779355,1900.5354702523482,1900.3811805563807,1900.425542271075,100,0,1
2017.11.02,01:43:26,1900.3895557612843,1900.4383337346264,1900.3345714348252,1900.366757285548,100,0,1
2017.11.03,01:43:26,1900.3935871605752,1900.4252221913355,1900.3363079199805,1900.399258289161,100,0,1
2017.11.04,01:43:26,1900.3447917473763,1900.3668594601818,1900.2780668495989,1900.3183780888671,100,0,1
2017.11.05,01:43:26,1900.3450752562908,1900.3689253136642,1900.273853497381,1900.34732104844,100,0,1
2017.11.06,01:43:26,1900.4549274692693,1900.498425307036,1900.3930038217527,1900.4471031975033,100,0,1
2017.11.07,01:43:26,1900.4812281333236,1900.5305670533155,1900.4393748406324,1900.5066934943857,100,0,1
2017.11.08,01:43:26,1900.508385185599,1900.5301470191619,1900.4748890435421,1900.511799224294,100,0,1
2017.11.09,01:43:26,1900.495391088413,1900.5479609076815,1900.4306707799383,1900.487658447739,100,0,1
2017.11.10,01:43:26,1900.4935814650212,1900.5566193424852,1900.4334269722428,1900.4923040287974,100,0,1
2017.11.11,01:43:26,1900.5508751481973,1900.6108659791935,1900.467742968098,1900.5391773314805,100,0,1
2017.11.12,01:43:26,1900.5373553453398,1900.6038149307726,1900.48054052657,1900.5423682630012,100,0,1
2017.11.13,01:43:26,1900.6368121813625,1900.7046120673626,1900.6057499209537,1900.6395144841724,100,0,1
2017.11.14,01:43:26,1900.6711274310555,1900.7151587499459,1900.62851815608,1900.6757530536352,100,0,1
2017.11.15,01:43:26,1900.7270690358434,1900.7908624776492,1900.6323127764058,1900.7862564234933,100,0,1
2017.11.16,01:43:26,1900.7309805567686,1900.8021053865564,1900.6700446743012,1900.7187130541986,100,0,1
2017.11.17,01:43:26,1900.6980782695016,1900.7536169493785,1900.637142601182,1900.6919006305516,100,0,1
2017.11.18,01:43:26,1900.5882540175776,1900.613266147394,1900.501025427752,1900.5632370792216,100,0,1
2017.11.19,01:43:26,1900.5523525566516,1900.6048774884166,1900.4941964900188,1900.5843623103578,100,0,1
2017.11.20,01:43:26,1900.5376259521304,1900.5895038801152,1900.4893685062257,1900.536735754797,100,0,1
2017.11.21,01:43:26,1900.5789226851634,1900.6350579785747,1900.529907828122,1900.58882057097,100,0,1
2017.11.22,01:43:26,1900.5208645577284,1900.5218102864444,1900.5143087565727,1900.519288180427,100,0,1
2017.11.23,01:43:26,1900.4539087922142,1900.4954558112843,1900.3999447192964,1900.4815512432042,100,0,1
2017.11.24,01:43:26,1900.432747701629,1900.4890726459955,1900.39407123025,1900.3991548331246,100,0,1
2017.11.25,01:43:26,1900.484198672474,1900.5760292260006,1900.4723701525945,1900.5605614366261,100,0,1
2017.11.26,01:43:26,1900.4075882100526,1900.451252249639,1900.3612169533797,1900.4137979121183,100,0,1
2017.11.27,01:43:26,1900.4819662118973,1900.5275829452373,1900.4310706189588,1900.4484650168656,100,0,1
2017.11.28,01:43:26,1900.425566506074,1900.5139435245437,1900.3645454999921,1900.5115733298128,100,0,1
2017.11.29,01:43:26,1900.4435901686254,1900.4791418801904,1900.4124574091777,1900.4305678095534,100,0,1
2017.11.30,01:43:26,1900.4863552047543,1900.5397719127197,1900.4196448575378,1900.4702758131416,100,0,1
2017.12.01,01:43:26,1900.4993085784815,1900.535135214799,1900.43531422727,1900.491425080959,100,0,1
2017.12.02,01:43:26,1900.4742572799432,1900.5447070310074,1900.386620757927,1900.4439676252343,100,0,1
2017.12.03,01:43:26,1900.4950108485757,1900.5692883351944,1900.4628127950934,1900.472532049421,100,0,1
2017.12.04,01:43:26,1900.4580480374073,1900.505860738743,1900.4055236972683,1900.4795654996942,100,0,1
2017.12.05,01:43:26,1900.5201202600629,1900.5779308509568,1900.4645043220637,1900.5032325518137,100,0,1
2017.12.06,01:43:26,1900.518707539323,1900.6004240411244,1900.5002848310362,1900.5672888830113,100,0,1
2017.12.07,01:43:26,1900.6046223336623,1900.6504082167442,1900.557998739944,1900.623101988505,100,0,1
2017.12.08,01:43:26,1900.5594556437034,1900.6123956048036,1900.530358284363,1900.5617425026255,100,0,1
2017.12.09,01:43:26,1900.513858847124,1900.6108036781113,1900.4544331383372,1900.528714926973,100,0,1
2017.12.10,01:43:26,1900.4462987528607,1900.495381357924,1900.397125341623,1900.4169437146822,100,0,1
2017.12.11,01:43:26,1900.533601742073,1900.5958405307651,1900.5063807205258,1900.5877235923556,100,0,1
2017.12.12,01:43:26,1900.4738835251446,1900.563639091796,1900.409162729903,1900.468104402637,100,0,1
2017.12.13,01:43:26,1900.4749802876454,1900.5161962769005,1900.366267846155,1900.4165925532839,100,0,1
2017.12.14,01:43:26,1900.4607339709498,1900.502434205411,1900.4272857541691,1900.4995555002452,100,0,1
2017.12.15,01:43:26,1900.4343291048447,1900.5179045247157,1900.3819351365428,1900.433250517749,100,0,1
2017.12.16,01:43:26,1900.3859303017243,1900.4472139674824,1900.3092811896897,1900.3981424936208,100,0,1
2017.12.17,01:43:26,1900.4638888073678,1900.5285778597397,1900.400059660177,1900.453748752842,100,0,1
2017.12.18,01:43:26,1900.4170087330194,1900.4459268033029,1900.3559667751324,1900.3599356683874,100,0,1
2017.12.19,01:43:26,1900.4429855259343,1900.5210031749646,1900.368828489415,1900.4352783771062,100,0,1
2017.12.20,01:43:26,1900.3723640526348,1900.408717309348,1900.3069687868997,1900.348623478554,100,0,1
2017.12.21,01:43:26,1900.386145677646,1900.4406141040906,1900.3222274999453,1900.3424403309414,100,0,1
2017.12.22,01:43:26,1900.3413519460244,1900.3687932931211,1900.2933212394744,1900.2998627434104,100,0,1
2017.12.23,01:43:26,1900.3401124008012,1900.362758929782,1900.3152998759726,1900.3625449676495,100,0,1
2017.12.24,01:43:26,1900.3262492002991,1900.4072518640037,1900.2534191756124,1900.3229861453513,100,0,1
2017.12.25,01:43:26,1900.2848229299384,1900.341029476591,1900.2614477449913,1900.305461218653,100,0,1
2017.12.26,01:43:26,1900.3073342451448,1900.360646641997,1900.2596461457513,1900.3170646838385,100,0,1
2017.12.27,01:43:26,1900.3028471463247,1900.347825035296,1900.2190592418303,1900.3445292618783,100,0,1
2017.12.28,01:43:26,1900.3725906083423,1900.4030665998066,1900.3299992321624,1900.3846354752784,100,0,1
2017.12.29,01:43:26,1900.3810342445465,1900.4420361701784,1900.3627059460807,1900.419250708511,100,0,1
2017.12.30,01:43:26,1900.3460279978367,1900.407021079414,1900.2947871329006,1900.3623450738037,100,0,1
2017.12.31,01:43:26,1900.3403655396853,1900.3793986585915,1900.2967925876053,1900.301067770112,100,0,1
2018.01.01,01:43:26,1900.381833997723,1900.4564972685857,1900.3163331217274,1900.4044719228898,100,0,1
2018.01.02,01:43:26,1900.3200559468232,1900.362805601404,1900.2889421553095,1900.2982970041965,100,0,1
2018.01.03,01:43:26,1900.3697642402287,1900.3866780845608,1900.3237115980107,1900.3783963503754,100,0,1
2018.01.04,01:43:26,1900.2857886918173,1900.34048813378,1900.2310246495224,1900.2763667673505,100,0,1
2018.01.05,01:43:26,1900.2599391581434,1900.3309516193847,1900.2006436435001,1900.2578047322627,100,0,1
2018.01.06,01:43:26,1900.1980806206386,1900.227778553141,1900.168113868927,1900.211275768609,100,0,1
2018.01.07,01:43:26,1900.2275441682575,1900.2866393850625,1900.176651384971,1900.2075619514474,100,0,1
2018.01.08,01:43:26,1900.196718221005,1900.2528615873468,1900.1507585597408,1900.1843160250653,100,0,1
2018.01.09,01:43:26,1900.179036673159,1900.190006531352,1900.1564512781217,1900.1737940997132,100,0,1
2018.01.10,01:43:26,1900.2142474071482,1900.2572790842917,1900.1668316734888,1900.1860079576352,100,0,1
2018.01.11,01:43:26,1900.2696800727622,1900.2894930932107,1900.2507764702204,1900.2781036877934,100,0,1
2018.01.12,01:43:26,1900.1807690700043,1900.260307036205,1900.138484144165,1900.2586722243107,100,0,1
2018.01.13,01:43:26,1900.1674575115499,1900.1986542940333,1900.1448323225036,1900.1822471114156,100,0,1
2018.01.14,01:43:26,1900.1457810789968,1900.2047031620023,1900.0866600958327,1900.0871504628692,100,0,1
2018.01.15,01:43:26,1900.0902036716745,1900.12032852424,1900.0279595050902,1900.0342592993698,100,0,1
2018.01.16,01:43:26,1900.1128738758423,1900.1520428439376,1900.0475650732596,1900.0489422826633,100,0,1
2018.01.17,01:43:26,1900.1731007036237,1900.2203544646854,1900.143860128595,1900.1479346941308,100,0,1
2018.01.18,01:43:26,1900.1558528022092,1900.2061928081462,1900.0832729907254,1900.1418021908412,100,0,1
2018.01.19,01:43:26,1900.157967352282,1900.2117243549865,1900.1313071048469,1900.1655460421134,100,0,1
2018.01.20,01:43:26,1900.141998089075,1900.1869723458349,1900.1189093269718,1900.180839942715,100,0,1
2018.01.21,01:43:26,1900.1292689615025,1900.185256878784,1900.0938333014856,1900.1817044670513,100,0,1
2018.01.22,01:43:26,1900.2616088050831,1900.3234632798203,1900.206679284813,1900.2330456406248,100,0,1
2018.01.23,01:43:26,1900.3012632832267,1900.3340221965677,1900.2379419678193,1900.258175104673,100,0,1
2018.01.24,01:43:26,1900.3484257120385,1900.4184329532252,1900.2810099687847,1900.356597892803,100,0,1
2018.01.25,01:43:26,1900.3470750825325,1900.377267563429,1900.294621408308,1900.3098074826094,100,0,1
2018.01.26,01:43:26,1900.408231640875,1900.455699091557,1900.3953898926663,1900.400896850183,100,0,1
2018.01.27,01:43:26,1900.3906705349948,1900.4489876939422,1900.333541703689,1900.4424619289152,100,0,1
2018.01.28,01:43:26,1900.3374778508341,1900.3568647337033,1900.2659016566001,1900.280771555001,100,0,1
2018.01.29,01:43:26,1900.2807844236952,1900.3426542564453,1900.225584239466,1900.298349284527,100,0,1
2018.01.30,01:43:26,1900.3218264284665,1900.3734572766175,1900.281875082432,1900.3244629447388,100,0,1
2018.01.31,01:43:26,1900.3087021367996,1900.3700220179044,1900.2644362604935,1900.3335427212517,100,0,1
2018.02.01,01:43:26,1900.3295114595003,1900.4131438467325,1900.2868331689126,1900.2959986665567,100,0,1
2018.02.02,01:43:26,1900.3666552051977,1900.4182503573318,1900.3095879616503,1900.3338005230873,100,0,1
2018.02.03,01:43:26,1900.4165368733848,1900.4895279728553,1900.403590323794,1900.4242208004894,100,0,1
2018.02.04,01:43:26,1900.4039823389785,1900.4769606754598,1900.3690000641684,1900.4183628167314,100,0,1
2018.02.05,01:43:26,1900.3364178696945,1900.3866517523334,1900.2674730950687,1900.290430487491,100,0,1
2018.02.06,01:43:26,1900.299167378659,1900.3631475730945,1900.2128345521774,1900.3265975463876,100,0,1
2018.02.07,01:43:26,1900.248424944551,1900.3133191080847,1900.181847077619,1900.2282423825682,100,0,1
2018.02.08,01:43:26,1900.2141538085255,1900.2455770796714,1900.1913009058944,1900.2170926345707,100,0,1
2018.02.09,01:43:26,1900.2458095205657,1900.2760396046892,1900.2138148221584,1900.2573293429002,100,0,1
2018.02.10,01:43:26,1900.1490998395159,1900.2053635226875,1900.1084356981535,1900.149069918014,100,0,1
2018.02.11,01:43:26,1900.1436608903894,1900.2112013911944,1900.095716653089,1900.1001988141247,100,0,1
2018.02.12,01:43:26,1900.1069872093224,1900.1373481745086,1900.0971296180385,1900.0990694546194,100,0,1
2018.02.13,01:43:26,1900.1982456133974,1900.271806068334,1900.1443413439508,1900.262102220869,100,0,1
2018.02.14,01:43:26,1900.1119290132274,1900.158738435869,1900.0704384632852,1900.0958252617352,100,0,1
2018.02.15,01:43:26,1900.0507238555479,1900.116309054367,1899.9907872818553,1900.0793791887115,100,0,1
2018.02.16,01:43:26,1900.0301040220215,1900.0619735883934,1899.9772817637904,1900.0039310223585,100,0,1
2018.02.17,01:43:26,1899.9509076971274,1899.9991076864524,1899.9182110057918,1899.9257949530058,100,0,1
2018.02.18,01:43:26,1899.885057682919,1899.9410156072906,1899.831772035395,1899.859899465777,100,0,1
2018.02.19,01:43:26,1900.0025378341309,1900.0644626217781,1899.9660456906345,1899.9907051643852,100,0,1
2018.02.20,01:43:26,1899.9784438002848,1900.0510139868961,1899.9162586635991,1899.944193421281,100,0,1
2018.02.21,01:43:26,1900.033659679082,1900.0542698405977,1900.0187633826438,1900.0294792876593,100,0,1
2018.02.22,01:43:26,1900.0632427470591,1900.1208199011212,1900.0521006347963,1900.080383961051,100,0,1
2018.02.23,01:43:26,1900.043181729715,1900.0717474067385,1900.0065604743806,1900.0213732599855,100,0,1
2018.02.24,01:43:26,1900.0409791879158,1900.0847201151962,1899.9770476318931,1900.0733471934257,100,0,1
2018.02.25,01:43:26,1900.0500500295993,1900.1177723406577,1900.0116925813759,1900.0123981611994,100,0,1
2018.02.26,01:43:26,1900.0006024247098,1900.0832646895255,1899.9607097065289,1900.0138698402907,100,0,1
2018.02.27,01:43:26,1900.0058240713176,1900.0734860257655,1899.988946786598,1900.021070385154,100,0,1
2018.02.28,01:43:26,1900.0170112783949,1900.095979575585,1900.0033810734021,1900.0168236976567,100,0,1
2018.03.01,01:43:26,1899.9652607518087,1900.0178878423233,1899.9354932394986,1899.9420416325245,100,0,1
2018.03.02,01:43:26,1899.9384199995325,1899.9415321944452,1899.8826208337612,1899.9024292620618,100,0,1
2018.03.03,01:43:26,1899.8829966974827,1899.936200719206,1899.8325331268716,1899.8984695210706,100,0,1
2018.03.04,01:43:26,1899.881570625793,1899.9249535459303,1899.8524687032684,1899.878853315077,100,0,1
2018.03.05,01:43:26,1899.8764362385928,1899.89140263872,1899.8430053140692,1899.843913860334,100,0,1
2018.03.06,01:43:26,1899.821045533945,1899.9072024511447,1899.75078225875,1899.8380170128592,100,0,1
2018.03.07,01:43:26,1899.8008873591261,1899.8674143498006,1899.7205035700783,1899.7787471712165,100,0,1
2018.03.08,01:43:26,1899.7676842831318,1899.8247236484494,1899.7409204466692,1899.7666841486312,100,0,1
2018.03.09,01:43:26,1899.8809576126885,1899.9388931533,1899.8300560323446,1899.9252840049776,100,0,1
2018.03.10,01:43:26,1899.9038823014985,1899.919911643588,1899.8287313170079,1899.8885044177143,100,0,1
2018.03.11,01:43:26,1899.8743571918365,1899.9035989706415,1899.8209127009434,1899.86958901592,100,0,1
2018.03.12,01:43:26,1899.8664680734205,1899.9087159203757,1899.7935518625852,1899.8562851610998,100,0,1
2018.03.13,01:43:26,1899.7852652520485,1899.8488578417825,1899.7387253224686,1899.7848382982513,100,0,1
2018.03.14,01:43:26,1899.6308071089193,1899.683135434402,1899.5955331717942,1899.609481336468,100,0,1
2018.03.15,01:43:26,1899.6376293256506,1899.663569872148,1899.6235590298033,1899.6592734030842,100,0,1
2018.03.16,01:43:26,1899.6204968740255,1899.6636470473254,1899.583928719715,1899.6308841815705,100,0,1
2018.03.17,01:43:26,1899.6705195337959,1899.7224988201574,1899.6182714605811,1899.719277858149,100,0,1
2018.03.18,01:43:26,1899.6240843456562,1899.6651957632666,1899.5457256965528,1899.5839955474803,100,0,1
2018.03.19,01:43:26,1899.6317100584497,1899.6707833479074,1899.594595364901,1899.6387081460505,100,0,1
2018.03.20,01:43:26,1899.5463819811876,1899.6139464455532,1899.5181662708587,1899.5523172302453,100,0,1
2018.03.21,01:43:26,1899.536739595357,1899.5841159748636,1899.5161932090552,1899.5641877459925,100,0,1
2018.03.22,01:43:26,1899.5283027505916,1899.5705373274463,1899.4983227314397,1899.499199674763,100,0,1
2018.03.23,01:43:26,1899.6021575842492,1899.6794844356534,1899.5440405273105,1899.5934021122775,100,0,1
2018.03.24,01:43:26,1899.657910884531,1899.7065898172586,1899.590273460767,1899.622204401947,100,0,1
2018.03.25,01:43:26,1899.6617076606701,1899.699376368839,1899.6181321555512,1899.6853860376134,100,0,1
2018.03.26,01:43:26,1899.64872967311,1899.6999458170592,1899.64007953889,1899.6970991605926,100,0,1
2018.03.27,01:43:26,1899.696883119728,1899.7385922958351,1899.6521503535005,1899.6799547902124,100,0,1
2018.03.28,01:43:26,1899.5558979907016,1899.632270393416,1899.4829939605063,1899.5692298981448,100,0,1
2018.03.29,01:43:26,1899.5561842780905,1899.6089535098552,1899.5193237052736,1899.534220139574,100,0,1
2018.03.30,01:43:26,1899.5238082641222,1899.5786547172772,1899.5123237403966,1899.5323595288091,100,0,1
2018.03.31,01:43:26,1899.39704318087,1899.4652209763658,1899.3162703710752,1899.326731362742,100,0,1
2018.04.01,01:43:26,1899.3738228783204,1899.4112672133017,1899.3309419784828,1899.3394709060321,100,0,1
2018.04.02,01:43:26,1899.4216683828702,1899.5062452378972,1899.41536357328,1899.4288064860925,100,0,1
2018.04.03,01:43:26,1899.5060774092385,1899.5656617883355,1899.4875246454756,1899.5081077972216,100,0,1
2018.04.04,01:43:26,1899.5032090394527,1899.5191379857179,1899.4888275048265,1899.4994359699085,100,0,1
2018.04.05,01:43:26,1899.4654613554176,1899.5401419536558,1899.4512919306303,1899.4954375770933,100,0,1
2018.04.06,01:43:26,1899.458755124422,1899.5304558952505,1899.3813656535167,1899.4583010117458,100,0,1
2018.04.07,01:43:26,1899.4061065975884,1899.4529020425468,1899.3482094991095,1899.4357456334342,100,0,1
2018.04.08,01:43:26,1899.394709949148,1899.43170443925,1899.3795123337297,1899.3988883482396,100,0,1
2018.04.09,01:43:26,1899.4530435488111,1899.4974900112027,1899.4202400868585,1899.4225096750538,100,0,1
2018.04.10,01:43:26,1899.5031997456524,1899.554269931389,1899.4775090888013,1899.5143789566562,100,0,1
2018.04.11,01:43:26,1899.5090650338125,1899.53546314736,1899.4683192142854,1899.5100419746102,100,0,1
2018.04.12,01:43:26,1899.516260251529,1899.5724701645222,1899.4603823476355,1899.5408566504923,100,0,1
2018.04.13,01:43:26,1899.5603499373744,1899.5671917920617,1899.5347455683118,1899.5638583613447,100,0,1
2018.04.14,01:43:26,1899.5796125060942,1899.597858328052,1899.5332159531529,1899.5608642821228,100,0,1
2018.04.15,01:43:26,1899.7293390305977,1899.7548021602433,1899.693355305754,1899.693881033448,100,0,1
2018.04.16,01:43:26,1899.7653900854098,1899.7921623602342,1899.6884426565882,1899.751375329453,100,0,1
2018.04.17,01:43:26,1899.6403393975643,1899.6703134149036,1899.5843739793443,1899.6325073727887,100,0,1
2018.04.18,01:43:26,1899.6922294378708,1899.7610728662185,1899.6707929766778,1899.7582191640277,100,0,1
2018.04.19,01:43:26,1899.6489648278305,1899.6925822831013,1899.5964298249162,1899.6004903558485,100,0,1
2018.04.20,01:43:26,1899.6870516535878,1899.7534046363955,1899.6360071671463,1899.7134556132557,100,0,1
2018.04.21,01:43:26,1899.659463346138,1899.7340814937188,1899.5679249908471,1899.6537987319505,100,0,1
2018.04.22,01:43:26,1899.6897507838344,1899.7516342453782,1899.6212609099307,1899.684270907058,100,0,1
2018.04.23,01:43:26,1899.6702427227403,1899.7457027894134,1899.5991554757582,1899.7248996644362,100,0,1
2018.04.24,01:43:26,1899.6522500760248,1899.6977434267408,1899.5958196246106,1899.6246833677476,100,0,1
2018.04.25,01:43:26,1899.6629227491521,1899.7093003439743,1899.6107533701659,1899.6847465133067,100,0,1
2018.04.26,01:43:26,1899.5800595189119,1899.6647558395534,1899.5143700097117,1899.5606207462347,100,0,1
2018.04.27,01:43:26,1899.5494946011827,1899.6321140918692,1899.4758813018311,1899.5500629342887,100,0,1
2018.04.28,01:43:26,1899.6110239133714,1899.6542694169102,1899.5680077974487,1899.6295143766722,100,0,1
2018.04.29,01:43:26,1899.594067267554,1899.6640372569937,1899.5923938524677,1899.6080950236258,100,0,1
2018.04.30,01:43:26,1899.7199246033051,1899.7707937029813,1899.6634609229925,1899.7592279882635,100,0,1
2018.05.01,01:43:26,1899.642751296362,1899.6976913578587,1899.6056135004671,1899.6145385691143,100,0,1
2018.05.02,01:43:26,1899.5482895733853,1899.5962706475184,1899.4806149733301,1899.5129965795772,100,0,1
2018.05.03,01:43:26,1899.595936342088,1899.6399711797976,1899.5431972207653,1899.6349067037875,100,0,1
2018.05.04,01:43:26,1899.6190590175934,1899.6683968484442,1899.569605484757,1899.5705778213637,100,0,1
2018.05.05,01:43:26,1899.6588665133934,1899.720182042138,1899.583028730005,1899.5889228878218,100,0,1
2018.05.06,01:43:26,1899.6872382039933,1899.7553692728652,1899.6456869530784,1899.684131536591,100,0,1
2018.05.07,01:43:26,1899.643755765998,1899.6838183508605,1899.6075851400992,1899.6388155646557,100,0,1
2018.05.08,01:43:26,1899.6799646276706,1899.7423029402055,1899.6446680860333,1899.7229298759196,100,0,1
2018.05.09,01:43:26,1899.5995360237428,1899.6129473237092,1899.554484617704,1899.5648640275956,100,0,1
2018.05.10,01:43:26,1899.5428533363447,1899.5845995713826,1899.477740394975,1899.5391982325432,100,0,1
2018.05.11,01:43:26,1899.4869830896967,1899.504127137049,1899.4408093386096,1899.484968777137,100,0,1
2018.05.12,01:43:26,1899.3839658347124,1899.422239689303,1899.361927733118,1899.3640866853723,100,0,1
2018.05.13,01:43:26,1899.3590787793928,1899.4122398271224,1899.3339208509146,1899.388263176499,100,0,1
2018.05.14,01:43:26,1899.2969217010962,1899.3580861611642,1899.2451641162484,1899.3495972990477,100,0,1
2018.05.15,01:43:26,1899.2371763450976,1899.3110351928883,1899.15699477841,1899.2763664624906,100,0,1
2018.05.16,01:43:26,1899.2481277590334,1899.3193097037038,1899.1709795926538,1899.3006873755076,100,0,1
2018.05.17,01:43:26,1899.3419225994758,1899.4169017634374,1899.28204210258,1899.3918418828366,100,0,1
2018.05.18,01:43:26,1899.367552046551,1899.447074679136,1899.326295872241,1899.3654022201367,100,0,1
2018.05.19,01:43:26,1899.320237838213,1899.369566064549,1899.2618804324206,1899.3398639357947,100,0,1
2018.05.20,01:43:26,1899.285513974317,1899.3473257039861,1899.2474732606133,1899.3008665802208,100,0,1
2018.05.21,01:43:26,1899.1920777043547,1899.2157769508783,1899.1186390341359,1899.150190013634,100,0,1
2018.05.22,01:43:26,1899.2350666318114,1899.2651462150081,1899.1893164522937,1899.2179592085067,100,0,1
2018.05.23,01:43:26,1899.2410532367408,1899.2458879051371,1899.19951455173,1899.208988266023,100,0,1
2018.05.24,01:43:26,1899.2174260096763,1899.2896244077006,1899.1616019771257,1899.232508674142,100,0,1
2018.05.25,01:43:26,1899.2772312561717,1899.2833172763549,1899.2144090493744,1899.2494316349312,100,0,1
2018.05.26,01:43:26,1899.3100910464814,1899.3791327698702,1899.2756435070378,1899.3360660955252,100,0,1
2018.05.27,01:43:26,1899.303876625395,1899.330925603703,1899.2084664702636,1899.2604993743823,100,0,1
2018.05.28,01:43:26,1899.2928332418442,1899.295402682266,1899.2433135064027,1899.2620894763538,100,0,1
2018.05.29,01:43:26,1899.3132256156698,1899.369498354666,1899.2605506711068,1899.292111333951,100,0,1
2018.05.30,01:43:26,1899.2478517667105,1899.283348658642,1899.2401177547547,1899.2743880722364,100,0,1
2018.05.31,01:43:26,1899.1891237323116,1899.2233749262657,1899.1588916969956,1899.1926258192113,100,0,1
2018.06.01,01:43:26,1899.1360408408007,1899.1709397532268,1899.121547199453,1899.1518495877726,100,0,1
2018.06.02,01:43:26,1899.1735802694757,1899.2600214816478,1899.1065036839443,1899.1175716008736,100,0,1
2018.06.03,01:43:26,1899.1304186650475,1899.172660336902,1899.040069249075,1899.0704922134867,100,0,1
2018.06.04,01:43:26,1899.1653801010295,1899.2133285962082,1899.15209553278,1899.2120639076409,100,0,1
2018.06.05,01:43:26,1899.2522374540895,1899.2964663389703,1899.1924518150229,1899.2076391372755,100,0,1
2018.06.06,01:43:26,1899.1163047968485,1899.1525292552067,1899.0621231547107,1899.1173000889291,100,0,1
2018.06.07,01:43:26,1899.1264028832747,1899.1681706532086,1899.0794847270392,1899.1250756525073,100,0,1
2018.06.08,01:43:26,1899.1937477602178,1899.252799914356,1899.108064064204,1899.1166730375958,100,0,1
2018.06.09,01:43:26,1899.1142029765251,1899.162571478487,1899.0202164702296,1899.1035118297123,100,0,1
2018.06.10,01:43:26,1899.079210324097,1899.1429516122485,1899.0198451260885,1899.0701304988056,100,0,1
2018.06.11,01:43:26,1899.1503747183392,1899.2299170185208,1899.1010873006308,1899.1652338787383,100,0,1
2018.06.12,01:43:26,1899.1038111478174,1899.1092558456617,1899.0554324335942,1899.104523899794,100,0,1
2018.06.13,01:43:26,1899.0136756288919,1899.0602379637498,1898.9573037652324,1899.0182813314784,100,0,1
2018.06.14,01:43:26,1898.9072655012471,1898.9471124985569,1898.8303808484895,1898.8540103946752,100,0,1
2018.06.15,01:43:26,1898.9937884741055,1899.08024581423,1898.9390872209224,1899.048507474691,100,0,1
2018.06.16,01:43:26,1898.93280968929,1899.006617094435,1898.9033360161786,1898.9919898712856,100,0,1
2018.06.17,01:43:26,1898.8707998586756,1898.924031939486,1898.8343118545167,1898.8776105457046,100,0,1
2018.06.18,01:43:26,1898.8632903275393,1898.910043226538,1898.8057722543997,1898.8228036265314,100,0,1
2018.06.19,01:43:26,1898.809201223268,1898.8424626326207,1898.780587814534,1898.8265161114512,100,0,1
2018.06.20,01:43:26,1898.8633483205351,1898.9171228004207,1898.7821757155027,1898.9118127243357,100,0,1
2018.06.21,01:43:26,1898.874272344823,1898.8958651885312,1898.8548315507433,1898.8801407340818,100,0,1
2018.06.22,01:43:26,1898.816865683412,1898.886049566424,1898.759649303083,1898.801006164697,100,0,1
2018.06.23,01:43:26,1898.8217605746588,1898.8459550575549,1898.779163280579,1898.8065458908202,100,0,1
2018.06.24,01:43:26,1898.8542891868615,1898.886293767783,1898.8414682717148,1898.868370748816,100,0,1
2018.06.25,01:43:26,1898.8556611151123,1898.9108551574968,1898.8286830015381,1898.8815580275118,100,0,1
2018.06.26,01:43:26,1898.7908523882513,1898.8450442050744,1898.723003248403,1898.8065245589073,100,0,1
2018.06.27,01:43:26,1898.8256856194962,1898.8571980135766,1898.807020868969,1898.8088869796277,100,0,1
2018.06.28,01:43:26,1898.8748348848926,1898.9951921820511,1898.8741827451092,1898.9109481417916,100,0,1
2018.06.29,01:43:26,1898.957346665611,1899.0087167441845,1898.8987523763997,1898.9679012039817,100,0,1
2018.06.30,01:43:26,1899.0351024932622,1899.1123617933317,1899.000574190661,1899.0019732753015,100,0,1
2018.07.01,01:43:26,1899.0511508097982,1899.090707079923,1899.0059540491598,1899.0122931138292,100,0,1
2018.07.02,01:43:26,1899.0956706960935,1899.1241917483408,1899.040761959922,1899.0468101344236,100,0,1
2018.07.03,01:43:26,1899.1594339730163,1899.168196936852,1899.0864525697555,1899.0864682526283,100,0,1
2018.07.04,01:43:26,1899.204790272051,1899.20570342261,1899.1446455570388,1899.1964116586896,100,0,1
2018.07.05,01:43:26,1899.273415224978,1899.313638786422,1899.215004539865,1899.268616747855,100,0,1
2018.07.06,01:43:26,1899.286508498464,1899.3229269923893,1899.2326004656027,1899.2630833211606,100,0,1
2018.07.07,01:43:26,1899.3311141577872,1899.3491590017777,1899.2616573315697,1899.3287712536967,100,0,1
2018.07.08,01:43:26,1899.3459167256856,1899.3898326589872,1899.3143147183341,1899.3876783408757,100,0,1
2018.07.09,01:43:26,1899.3542433685327,1899.3929397691631,1899.2803769400623,1899.330709571524,100,0,1
2018.07.10,01:43:26,1899.2891863228401,1899.3382334421192,1899.268589229798,1899.3118178648128,100,0,1
2018.07.11,01:43:26,1899.293945639019,1899.3530827686614,1899.2275579744107,1899.311638959849,100,0,1
2018.07.12,01:43:26,1899.3600174644143,1899.4141286291583,1899.3318393544955,1899.3551518536644,100,0,1
2018.07.13,01:43:26,1899.3901632504947,1899.4341018986595,1899.3174608631714,1899.3370449683598,100,0,1
2018.07.14,01:43:26,1899.4401680051783,1899.515892947549,1899.4179934831516,1899.4477851554338,100,0,1
2018.07.15,01:43:26,1899.4587561296767,1899.5634115930475,1899.410607111084,1899.4887023883234,100,0,1
2018.07.16,01:43:26,1899.4403560184803,1899.5099779291625,1899.3795972213304,1899.4946194535169,100,0,1
2018.07.17,01:43:26,1899.5022929337413,1899.5378972204503,1899.4717386076447,1899.4877708898323,100,0,1
2018.07.18,01:43:26,1899.4559163476354,1899.4960826283634,1899.4215408722614,1899.4366441326436,100,0,1
2018.07.19,01:43:26,1899.4367917325046,1899.4820223139493,1899.3721315521432,1899.448850351144,100,0,1
2018.07.20,01:43:26,1899.4492917955608,1899.507164097992,1899.3922886017417,1899.4417454107042,100,0,1
2018.07.21,01:43:26,1899.3501290820263,1899.3737607202052,1899.3234906483256,1899.3274475193612,100,0,1
2018.07.22,01:43:26,1899.3274302068016,1899.368896888763,1899.2878438978948,1899.3646736420685,100,0,1
2018.07.23,01:43:26,1899.3269119398765,1899.4049813202475,1899.3036378149363,1899.3357435406162,100,0,1
2018.07.24,01:43:26,1899.2361547223175,1899.29211986454,1899.1804639165075,1899.2807734319324,100,0,1
2018.07.25,01:43:26,1899.1700902890586,1899.229358376591,1899.1182003968224,1899.2229752383578,100,0,1
2018.07.26,01:43:26,1899.1997865426983,1899.2196038910242,1899.170271209803,1899.1930758917638,100,0,1
2018.07.27,01:43:26,1899.1415755098342,1899.204404970657,1899.0866684494063,1899.1226710972405,100,0,1
2018.07.28,01:43:26,1899.0881213918112,1899.1537761990949,1899.0381689095748,1899.0613050908814,100,0,1
2018.07.29,01:43:26,1898.997386292549,1899.08253771512,1898.9320782394866,1899.0274481891033,100,0,1
2018.07.30,01:43:26,1898.9270884748012,1898.9707970991844,1898.8894418480654,1898.902637489867,100,0,1
2018.07.31,01:43:26,1898.9716541124774,1899.0484731309284,1898.9003218436872,1898.983302538903,100,0,1
2018.08.01,01:43:26,1899.051176458127,1899.0602602552024,1899.027550326305,1899.0304770982702,100,0,1
2018.08.02,01:43:26,1899.0946850406192,1899.1494645859505,1898.9882404080772,1899.131846400264,100,0,1
2018.08.03,01:43:26,1899.1963618436814,1899.2637157944846,1899.1546888351559,1899.217098438843,100,0,1
2018.08.04,01:43:26,1899.1935073977174,1899.2461045322782,1899.177117303685,1899.2379304297174,100,0,1
2018.08.05,01:43:26,1899.1468629931994,1899.2227413348812,1899.0976417891793,1899.138416912273,100,0,1
2018.08.06,01:43:26,1899.1993858081494,1899.272345266624,1899.1428300850603,1899.2310674409202,100,0,1
2018.08.07,01:43:26,1899.1524311738287,1899.2331996997634,1899.1113693159434,1899.1780619809304,100,0,1
2018.08.08,01:43:26,1899.22287357455,1899.2813865232165,1899.173289241603,1899.175968143306,100,0,1
2018.08.09,01:43:26,1899.2400883353143,1899.268197354681,1899.1808525874258,1899.1895479413467,100,0,1
2018.08.10,01:43:26,1899.2846645509383,1899.3532687601814,1899.2148140114398,1899.346263417996,100,0,1
2018.08.11,01:43:26,1899.3886190832895,1899.4223212401591,1899.3699176236482,1899.38617991353,100,0,1
2018.08.12,01:43:26,1899.4274091289728,1899.488822612166,1899.3862939513513,1899.454144587629,100,0,1
2018.08.13,01:43:26,1899.4026070286318,1899.4612126289949,1899.3330385295237,1899.4271250650586,100,0,1
2018.08.14,01:43:26,1899.3708691455333,1899.4236582642884,1899.3286162171764,1899.4045080169756,100,0,1
2018.08.15,01:43:26,1899.3032525361475,1899.3541596343239,1899.2761628216228,1899.2940594914844,100,0,1
2018.08.16,01:43:26,1899.2368015892418,1899.2699233858236,1899.1578353949592,1899.1622262407618,100,0,1
2018.08.17,01:43:26,1899.1997681907985,1899.2527584047466,1899.1503607971754,1899.1879298900312,100,0,1
2018.08.18,01:43:26,1899.2239175879033,1899.2584816572662,1899.1369332808094,1899.2293628102962,100,0,1
2018.08.19,01:43:26,1899.1768717478617,1899.22683772189,1899.0897734113482,1899.1567248325912,100,0,1
2018.08.20,01:43:26,1899.132788106764,1899.1682488692263,1899.072230856833,1899.1227678411858,100,0,1
2018.08.21,01:43:26,1899.2039798446167,1899.2747969557936,1899.1595454874725,1899.198253407445,100,0,1
2018.08.22,01:43:26,1899.2553606701085,1899.3037893191415,1899.2252989843103,1899.2333316286304,100,0,1
2018.08.23,01:43:26,1899.2119324216796,1899.2657311740732,1899.1284356770393,1899.1803027123706,100,0,1
2018.08.24,01:43:26,1899.235241136951,1899.2611443872581,1899.167262875047,1899.2510931591928,100,0,1
2018.08.25,01:43:26,1899.3177379945944,1899.3734615815501,1899.2746463964597,1899.2913236665954,100,0,1
2018.08.26,01:43:26,1899.3472322370465,1899.39856232487,1899.3030651561494,1899.3579103374238,100,0,1
2018.08.27,01:43:26,1899.3984209458388,1899.441553682869,1899.3404405590145,1899.427832155731,100,0,1
2018.08.28,01:43:26,1899.4308335986673,1899.4716569884451,1899.3652443626174,1899.4645699776781,100,0,1
2018.08.29,01:43:26,1899.5143484224427,1899.6030969695319,1899.4760009146066,1899.5803514046304,100,0,1
2018.08.30,01:43:26,1899.5120371611383,1899.5386944938973,1899.4867697217103,1899.5349800954298,100,0,1
2018.08.31,01:43:26,1899.4651634634079,1899.4958878264229,1899.425598765127,1899.4614617730758,100,0,1
2018.09.01,01:43:26,1899.5909424111128,1899.6632738020257,1899.5500633583827,1899.6170987013916,100,0,1
2018.09.02,01:43:26,1899.6473697629408,1899.6651897812865,1899.587814925994,1899.6587460812618,100,0,1
2018.09.03,01:43:26,1899.6635340262892,1899.6809863726176,1899.6007724325284,1899.634259612279,100,0,1
2018.09.04,01:43:26,1899.6611812728247,1899.718376004238,1899.618221693026,1899.6316913578485,100,0,1
2018.09.05,01:43:26,1899.7317845396549,1899.8104314424597,1899.6919852017863,1899.7724074801329,100,0,1
2018.09.06,01:43:26,1899.7434830297343,1899.8282020084362,1899.6899084189272,1899.7694044310842,100,0,1
2018.09.07,01:43:26,1899.7680963103578,1899.8336746442103,1899.709922881955,1899.7529900206953,100,0,1
2018.09.08,01:43:26,1899.73935014635,1899.7923185558213,1899.6737860025598,1899.6971637181005,100,0,1
2018.09.09,01:43:26,1899.711042821651,1899.7449840730033,1899.6475419446956,1899.7121331822632,100,0,1
2018.09.10,01:43:26,1899.6669196665755,1899.7102042271185,1899.6039451444622,1899.61210697468,100,0,1
2018.09.11,01:43:26,1899.5579977116304,1899.641547826643,1899.4680375353662,1899.4984955776613,100,0,1
2018.09.12,01:43:26,1899.5073854316727,1899.5694800254066,1899.486764606877,1899.5411541473402,100,0,1
2018.09.13,01:43:26,1899.6037169689416,1899.6173608204301,1899.5850464021262,1899.5896074721086,100,0,1
2018.09.14,01:43:26,1899.6497688104355,1899.703809604636,1899.6061366197853,1899.6971805868918,100,0,1
2018.09.15,01:43:26,1899.5862218738953,1899.6240055744095,1899.5346089846005,1899.6184846566894,100,0,1
2018.09.16,01:43:26,1899.6256633250646,1899.6729654357155,1899.6101270270126,1899.6518643306565,100,0,1
2018.09.17,01:43:26,1899.6376134875538,1899.6788609323025,1899.6057730471034,1899.629472973056,100,0,1
2018.09.18,01:43:26,1899.7075144982282,1899.7446779213037,1899.6752413305437,1899.6807695191399,100,0,1
2018.09.19,01:43:26,1899.6825942098149,1899.7407812993908,1899.6340628460446,1899.733332086788,100,0,1
2018.09.20,01:43:26,1899.6938006492987,1899.7706270940498,1899.6141495224679,1899.7105252256501,100,0,1
2018.09.21,01:43:26,1899.7818426786416,1899.8630876756058,1899.7373455162806,1899.8571353574537,100,0,1
2018.09.22,01:43:26,1899.7761205023767,1899.816526062359,1899.690952669612,1899.8071739099262,100,0,1
2018.09.23,01:43:26,1899.7571112321982,1899.8012726246598,1899.7482896698186,1899.769458749591,100,0,1
2018.09.24,01:43:26,1899.7146006592434,1899.7834807938882,1899.6660450428158,1899.747788544613,100,0,1
2018.09.25,01:43:26,1899.720329220519,1899.7231546201263,1899.6622669463193,1899.7072558106959,100,0,1
2018.09.26,01:43:26,1899.7011030926271,1899.7184256389467,1899.6639348557767,1899.7131368296568,100,0,1
2018.09.27,01:43:26,1899.653432001023,1899.7200757118646,1899.5829771178453,1899.7029942888926,100,0,1
2018.09.28,01:43:26,1899.6194686332344,1899.659586658647,1899.5553445704604,1899.5750366032332,100,0,1
2018.09.29,01:43:26,1899.6226351834755,1899.667496025786,1899.574925061161,1899.605998681672,100,0,1
2018.09.30,01:43:26,1899.685212395376,1899.715797074774,1899.6329097756236,1899.6468727155261,100,0,1
2018.10.01,01:43:26,1899.6952443998516,1899.748711981976,1899.6359469249444,1899.6668706623693,100,0,1
2018.10.02,01:43:26,1899.6844374052807,1899.774678569316,1899.661033557733,1899.680814588171,100,0,1
2018.10.03,01:43:26,1899.6601563613037,1899.7296813673142,1899.6023134706072,1899.7227073352299,100,0,1
2018.10.04,01:43:26,1899.7694686383393,1899.8116511729595,1899.7153579432054,1899.8035902157994,100,0,1
2018.10.05,01:43:26,1899.714319816117,1899.7840125447453,1899.6394800666478,1899.7278104409354,100,0,1
2018.10.06,01:43:26,1899.7426418620512,1899.7802279218304,1899.7095832466455,1899.763997536401,100,0,1
2018.10.07,01:43:26,1899.7205354658506,1899.7712334417652,1899.6800641808481,1899.728810670817,100,0,1
2018.10.08,01:43:26,1899.7721459139102,1899.8344003591908,1899.717798953327,1899.7248573716427,100,0,1
2018.10.09,01:43:26,1899.7863372891698,1899.844704577308,1899.7201102781944,1899.76437605211,100,0,1
2018.10.10,01:43:26,1899.7648486068829,1899.8136320518645,1899.7230695812618,1899.7509410052398,100,0,1
2018.10.11,01:43:26,1899.7385698185108,1899.7893718293224,1899.6500428354243,1899.7309411970532,100,0,1
2018.10.12,01:43:26,1899.7223237199998,1899.767987206148,1899.677905979601,1899.7382988077854,100,0,1
2018.10.13,01:43:26,1899.7596549213824,1899.8093492782411,1899.726342657815,1899.7623876504053,100,0,1
2018.10.14,01:43:26,1899.723116352899,1899.7464685700309,1899.6503861967833,1899.650594727495,100,0,1
2018.10.15,01:43:26,1899.7331459927182,1899.7860175043143,1899.6983656406962,1899.7615144000079,100,0,1
2018.10.16,01:43:26,1899.7053247021051,1899.740513064551,1899.643344144903,1899.6880885778357,100,0,1
2018.10.17,01:43:26,1899.6257244586716,1899.7202175304292,1899.5904015500646,1899.7066037062466,100,0,1
2018.10.18,01:43:26,1899.523332804029,1899.5723400191441,1899.4603500578949,1899.4830471775886,100,0,1
2018.10.19,01:43:26,1899.6005040452276,1899.6502337976362,1899.5583236733187,1899.5779883219448,100,0,1
2018.10.20,01:43:26,1899.6515770289461,1899.7141179373305,1899.5738776891963,1899.639008092411,100,0,1
2018.10.21,01:43:26,1899.6378432384586,1899.695446276705,1899.5872038260209,1899.6074153948662,100,0,1
2018.10.22,01:43:26,1899.6107080173308,1899.6221539163992,1899.5331876104385,1899.55180758068,100,0,1
2018.10.23,01:43:26,1899.7302961668724,1899.7971953783212,1899.7212223117258,1899.7762054821128,100,0,1
2018.10.24,01:43:26,1899.722577578547,1899.7591913640904,1899.6514389592776,1899.665564466456,100,0,1
2018.10.25,01:43:26,1899.6516308630823,1899.6936342843874,1899.61001153879,1899.6813368148896,100,0,1
2018.10.26,01:43:26,1899.635161994576,1899.6748170263702,1899.5948773389516,1899.6582827538598,100,0,1
2018.10.27,01:43:26,1899.6190749593886,1899.705510964991,1899.5328387631757,1899.6151317571484,100,0,1
2018.10.28,01:43:26,1899.5246120868399,1899.563374622473,1899.4691430001308,1899.5371640276169,100,0,1
2018.10.29,01:43:26,1899.4776761221422,1899.489772894473,1899.4211599402595,1899.4820535221236,100,0,1
2018.10.30,01:43:26,1899.443213753427,1899.4894248399326,1899.3887810320819,1899.453157493937,100,0,1
2018.10.31,01:43:26,1899.4322754214693,1899.4617020288722,1899.3658838940867,1899.3773667384655,100,0,1
2018.11.01,01:43:26,1899.4484824551203,1899.5094867281557,1899.4041734395278,1899.430934982734,100,0,1
2018.11.02,01:43:26,1899.3820579660505,1899.41829115513,1899.3125267631572,1899.3403866639144,100,0,1
2018.11.03,01:43:26,1899.3861336282444,1899.3982005408282,1899.3480891338895,1899.3536432329026,100,0,1
2018.11.04,01:43:26,1899.4156839101183,1899.4613260618817,1899.376006958838,1899.423271569819,100,0,1
2018.11.05,01:43:26,1899.4602156203428,1899.4901825685092,1899.3977567983068,1899.4252378320718,100,0,1
2018.11.06,01:43:26,1899.4017185915645,1899.452482157374,1899.3347476219103,1899.362367683124,100,0,1
2018.11.07,01:43:26,1899.4246845317505,1899.4617386066336,1899.3318987207688,1899.3333746286444,100,0,1
2018.11.08,01:43:26,1899.4516178646033,1899.5159605884849,1899.3845596169494,1899.4248869446074,100,0,1
2018.11.09,01:43:26,1899.401799528199,1899.4454063518783,1899.3180906307803,1899.4264291695072,100,0,1
2018.11.10,01:43:26,1899.3894544022937,1899.449455651367,1899.3593480359827,1899.3616525316886,100,0,1
2018.11.11,01:43:26,1899.385456165526,1899.4455679509213,1899.3113892628658,1899.3267810251343,100,0,1
2018.11.12,01:43:26,1899.3960654784373,1899.4335558118798,1899.3628427616811,1899.4227330956905,100,0,1
2018.11.13,01:43:26,1899.384200412563,1899.446035579857,1899.351816524647,1899.408876861124,100,0,1
2018.11.14,01:43:26,1899.3497648346722,1899.4153227165773,1899.3097389679103,1899.3707425686837,100,0,1
2018.11.15,01:43:26,1899.3123666174167,1899.3719928415785,1899.2087440887437,1899.35132288818,100,0,1
2018.11.16,01:43:26,1899.318238890515,1899.3592702408334,1899.272967526149,1899.3528949320546,100,0,1
2018.11.17,01:43:26,1899.3162125672948,1899.3907243109827,1899.288918498342,1899.3231947970055,100,0,1
2018.11.18,01:43:26,1899.2994254725252,1899.368447310664,1899.2812407632314,1899.3094242139316,100,0,1
2018.11.19,01:43:26,1899.3704080788466,1899.4197928448777,1899.3108943233083,1899.3508763866857,100,0,1
2018.11.20,01:43:26,1899.3971066063177,1899.4202609802269,1899.346946752449,1899.4152331089792,100,0,1
2018.11.21,01:43:26,1899.3494701924308,1899.408350456351,1899.2862666215588,1899.3013072718409,100,0,1
2018.11.22,01:43:26,1899.2664351394244,1899.3447644932603,1899.213729527707,1899.2852402991434,100,0,1
2018.11.23,01:43:26,1899.23397544408,1899.2747353535515,1899.1808240926875,1899.2065086089815,100,0,1
2018.11.24,01:43:26,1899.2341353026857,1899.2728760520636,1899.170752993594,1899.18370015448,100,0,1
2018.11.25,01:43:26,1899.2620346823321,1899.3088092683251,1899.1983145617512,1899.2549942467592,100,0,1
2018.11.26,01:43:26,1899.189897857556,1899.2574449851672,1899.1552201987322,1899.1706774655588,100,0,1
2018.11.27,01:43:26,1899.1876515850902,1899.2545828028803,1899.1399327139243,1899.2412339657883,100,0,1
2018.11.28,01:43:26,1899.320917190623,1899.343681057837,1899.2747100985507,1899.2750477800705,100,0,1
2018.11.29,01:43:26,1899.3301478248047,1899.3829222145112,1899.2793744507765,1899.366832197437,100,0,1
2018.11.30,01:43:26,1899.3678069425835,1899.4108379561212,1899.360627260003,1899.3754089777624,100,0,1
2018.12.01,01:43:26,1899.391467443069,1899.4229396257913,1899.3158122551383,1899.3257078322918,100,0,1
2018.12.02,01:43:26,1899.360927381231,1899.3895876102283,1899.3003586882069,1899.315064897136,100,0,1
2018.12.03,01:43:26,1899.3201735420635,1899.3456707774303,1899.2802313353964,1899.2848635966727,100,0,1
2018.12.04,01:43:26,1899.3067840590281,1899.3624824546011,1899.270737466112,1899.3146881443074,100,0,1
2018.12.05,01:43:26,1899.3432290248863,1899.4120139090237,1899.2590710242912,1899.3529004958946,100,0,1
2018.12.06,01:43:26,1899.3396740487535,1899.38800070438,1899.2915995556061,1899.3150009523779,100,0,1
2018.12.07,01:43:26,1899.3751904748851,1899.4404489062451,1899.3152487816353,1899.3392178125087,100,0,1
2018.12.08,01:43:26,1899.3103469258228,1899.343900019059,1899.2236708908238,1899.2321489063806,100,0,1
2018.12.09,01:43:26,1899.3527125241121,1899.4059972580842,1899.2746202713133,1899.3965029122362,100,0,1
2018.12.10,01:43:26,1899.3823166935847,1899.4136158027056,1899.3228046101608,1899.3854389080468,100,0,1
2018.12.11,01:43:26,1899.4401277931509,1899.5110083669088,1899.354959747167,1899.4434623242432,100,0,1
2018.12.12,01:43:26,1899.3763844866191,1899.4247587426,1899.3453614810817,1899.40028757954,100,0,1
2018.12.13,01:43:26,1899.351373930081,1899.4444864670156,1899.297298009218,1899.4208232752633,100,0,1
2018.12.14,01:43:26,1899.3629113141292,1899.4294656527134,1899.3016124195233,1899.3443176132746,100,0,1
2018.12.15,01:43:26,1899.2796684764407,1899.3612804333764,1899.236005383268,1899.321634463358,100,0,1
2018.12.16,01:43:26,1899.3710984833237,1899.4194885519967,1899.2985225953996,1899.3592914950348,100,0,1
2018.12.17,01:43:26,1899.4471732807224,1899.520382233461,1899.3907910409298,1899.437849381356,100,0,1
2018.12.18,01:43:26,1899.4592737039288,1899.5018571097064,1899.3921898065703,1899.4632869899299,100,0,1
2018.12.19,01:43:26,1899.4301902364443,1899.468167766457,1899.4097647738124,1899.4452093910058,100,0,1
2018.12.20,01:43:26,1899.4345203682217,1899.4914951189642,1899.3640691959388,1899.3666314740951,100,0,1
2018.12.21,01:43:26,1899.4230174566926,1899.4620468696937,1899.3884654735714,1899.4378677602076,100,0,1
2018.12.22,01:43:26,1899.3766448739625,1899.4103694408295,1899.3505789983517,1899.3787981342953,100,0,1
2018.12.23,01:43:26,1899.3809907846746,1899.4273542022208,1899.3310216092898,1899.3534234319725,100,0,1
2018.12.24,01:43:26,1899.3594909653655,1899.419630599299,1899.3247189198999,1899.37555084116,100,0,1
2018.12.25,01:43:26,1899.3317418163365,1899.3613978478227,1899.2721366672215,1899.3496914332713,100,0,1
2018.12.26,01:43:26,1899.38384436674,1899.458168266959,1899.3552493828063,1899.4525354651528,100,0,1
2018.12.27,01:43:26,1899.4105524404004,1899.4938369596796,1899.3489805550923,1899.4535425861843,100,0,1
2018.12.28,01:43:26,1899.3678489627137,1899.4300023564797,1899.3318730017386,1899.3693343326788,100,0,1
2018.12.29,01:43:26,1899.311052402046,1899.3711468007245,1899.2453092231851,1899.2471238926973,100,0,1
2018.12.30,01:43:26,1899.299394216303,1899.3533209310963,1899.2243147407596,1899.3440472000298,100,0,1
2018.12.31,01:43:26,1899.287158085818,1899.2928544363172,1899.2535486243207,1899.259602123756,100,0,1
2019.01.01,01:43:26,1899.3022042376954,1899.3407769488779,1899.249478400248,1899.3309505997543,100,0,1
2019.01.02,01:43:26,1899.2272996975246,1899.2770350071196,1899.2086253589332,1899.2144143072867,100,0,1
2019.01.03,01:43:26,1899.202582278627,1899.2624857868532,1899.166986571944,1899.1793959723161,100,0,1
2019.01.04,01:43:26,1899.293008350233,1899.3499877765905,1899.2164135579696,1899.2795084919735,100,0,1
2019.01.05,01:43:26,1899.3777602452708,1899.4160463657504,1899.3015958427409,1899.3690834477293,100,0,1
2019.01.06,01:43:26,1899.474414496009,1899.5254469734998,1899.4458327827995,1899.5228431188693,100,0,1
2019.01.07,01:43:26,1899.4820221631926,1899.5437193042599,1899.446940735233,1899.4514903521717,100,0,1
2019.01.08,01:43:26,1899.4565489423212,1899.4899340265777,1899.388449617577,1899.4163045721625,100,0,1
2019.01.09,01:43:26,1899.3955618920172,1899.4752053402,1899.3431182727554,1899.372870432306,100,0,1
2019.01.10,01:43:26,1899.4540336666782,1899.4809477480826,1899.3898378385497,1899.4069908122135,100,0,1
2019.01.11,01:43:26,1899.4264739108037,1899.460425685189,1899.3844362767431,1899.4462530754301,100,0,1
2019.01.12,01:43:26,1899.4073977372705,1899.4620673526763,1899.3305769417984,1899.4043678897972,100,0,1
2019.01.13,01:43:26,1899.3273066239828,1899.3946965843063,1899.2933984363126,1899.3390409924068,100,0,1
2019.01.14,01:43:26,1899.4350444620256,1899.501129826365,1899.3733243469628,1899.4289198832819,100,0,1
2019.01.15,01:43:26,1899.377812211718,1899.4507693287017,1899.3409015505495,1899.4196832580933,100,0,1
2019.01.16,01:43:26,1899.3411733235293,1899.3906833015117,1899.2804029888434,1899.351651318459,100,0,1
2019.01.17,01:43:26,1899.2551892803533,1899.3245362481487,1899.2052714508877,1899.2793331500693,100,0,1
2019.01.18,01:43:26,1899.2964937569486,1899.3605492623988,1899.226671379735,1899.284615840659,100,0,1
2019.01.19,01:43:26,1899.200072639108,1899.25005508474,1899.1520458322104,1899.2033876456142,100,0,1
2019.01.20,01:43:26,1899.1344770338894,1899.2139106118066,1899.0836824511612,1899.1431606655478,100,0,1
2019.01.21,01:43:26,1899.0879522573134,1899.1404069852772,1899.0483874057713,1899.138710513264,100,0,1
2019.01.22,01:43:26,1899.118863773862,1899.1322591199646,1899.0668174092805,1899.098228526828,100,0,1
2019.01.23,01:43:26,1899.1034884293622,1899.1463573530914,1899.0419652460732,1899.1332365513408,100,0,1
2019.01.24,01:43:26,1899.1771768794122,1899.2483090379335,1899.137537611628,1899.1929956696474,100,0,1
2019.01.25,01:43:26,1899.1784298501916,1899.2435663677181,1899.1163880340148,1899.1621825923182,100,0,1
2019.01.26,01:43:26,1899.127546100783,1899.1758605120065,1899.0589196988155,1899.128140117631,100,0,1
2019.01.27,01:43:26,1899.1588659677648,1899.2296073060525,1899.0994445216731,1899.1322113322706,100,0,1
2019.01.28,01:43:26,1899.2041159950977,1899.2570158441201,1899.1102258753683,1899.2201432880295,100,0,1
2019.01.29,01:43:26,1899.3070779061602,1899.3690748904235,1899.2534295227467,1899.2868263177586,100,0,1
2019.01.30,01:43:26,1899.2928786776558,1899.3562595366004,1899.2577594694617,1899.3223633986465,100,0,1
2019.01.31,01:43:26,1899.2930842623941,1899.3525165502317,1899.251710540946,1899.292223141801,100,0,1
2019.02.01,01:43:26,1899.3178487826065,1899.3794700458602,1899.2707322231136,1899.3511232428625,100,0,1
2019.02.02,01:43:26,1899.3621389048621,1899.3831859866452,1899.322237699414,1899.333014815725,100,0,1
2019.02.03,01:43:26,1899.32392098482,1899.370509857821,1899.2315273919867,1899.289983876808,100,0,1
2019.02.04,01:43:26,1899.3541673539407,1899.3887618263218,1899.2913688029928,1899.3022809963038,100,0,1
2019.02.05,01:43:26,1899.2934412507773,1899.3146974229253,1899.2496127601796,1899.2618898322676,100,0,1
2019.02.06,01:43:26,1899.2900784353126,1899.3122629655566,1899.2049151291396,1899.2507763928368,100,0,1
2019.02.07,01:43:26,1899.3178105913205,1899.3344890318153,1899.2479452206946,1899.3032528475521,100,0,1
2019.02.08,01:43:26,1899.4003022700147,1899.4627066842902,1899.37667559695,1899.3816550999284,100,0,1
2019.02.09,01:43:26,1899.4464659416553,1899.5106427273731,1899.3762730405513,1899.49616192351,100,0,1
2019.02.10,01:43:26,1899.4152549160603,1899.447334939159,1899.3787530336872,1899.3939781420265,100,0,1
2019.02.11,01:43:26,1899.3887118604882,1899.4513072525642,1899.344166626177,1899.3617130373893,100,0,1
2019.02.12,01:43:26,1899.3970311339558,1899.4303456154782,1899.351628740162,1899.3913345916617,100,0,1
2019.02.13,01:43:26,1899.342965506224,1899.4190131810299,1899.3106424365014,1899.41751900969,100,0,1
2019.02.14,01:43:26,1899.2693549026367,1899.3186601264172,1899.2054293692968,1899.3110652861567,100,0,1
2019.02.15,01:43:26,1899.282283307801,1899.3213429501068,1899.2208966600615,1899.2937643935973,100,0,1
2019.02.16,01:43:26,1899.2487764081802,1899.301028969417,1899.2051788798544,1899.2459269334593,100,0,1
2019.02.17,01:43:26,1899.241851521628,1899.2733841942377,1899.2007765280366,1899.21630863197,100,0,1
2019.02.18,01:43:26,1899.3147641666574,1899.3355667587998,1899.2817800664595,1899.322108566943,100,0,1
2019.02.19,01:43:26,1899.232205281928,1899.3055193467367,1899.174638621775,1899.298175281398,100,0,1
2019.02.20,01:43:26,1899.2391583464548,1899.2991840222853,1899.1559187033417,1899.1911285717463,100,0,1
2019.02.21,01:43:26,1899.2790494811468,1899.3313900998317,1899.223807390938,1899.2385061438247,100,0,1
2019.02.22,01:43:26,1899.2718490934562,1899.3225284220591,1899.2088405806956,1899.3055618841397,100,0,1
2019.02.23,01:43:26,1899.2628978176292,1899.3153711056334,1899.2115077900023,1899.220262527844,100,0,1
2019.02.24,01:43:26,1899.21685653864,1899.2703363723947,1899.1585575396248,1899.1764467901382,100,0,1
2019.02.25,01:43:26,1899.291629813547,1899.3922070471672,1899.2197193654338,1899.2820058898715,100,0,1
2019.02.26,01:43:26,1899.4016743434445,1899.475488495065,1899.370669143193,1899.4473267782548,100,0,1
2019.02.27,01:43:26,1899.3841777989383,1899.4217729517277,1899.2811579072627,1899.3884603434865,100,0,1
2019.02.28,01:43:26,1899.4509986555001,1899.5133080582282,1899.394640737256,1899.5100343154643,100,0,1
2019.03.01,01:43:26,1899.5045488248763,1899.529278170391,1899.4619168387942,1899.504275803882,100,0,1
2019.03.02,01:43:26,1899.5170923793858,1899.582075519287,1899.4663084587828,1899.5514991050418,100,0,1
2019.03.03,01:43:26,1899.4757025314298,1899.576665126119,1899.424796259358,1899.4830742306917,100,0,1
2019.03.04,01:43:26,1899.508290939681,1899.5543160637842,1899.4518099340728,1899.5021754894872,100,0,1
2019.03.05,01:43:26,1899.4771205933175,1899.5409341293064,1899.414942581992,1899.4173934053704,100,0,1
2019.03.06,01:43:26,1899.5088376365945,1899.5723319896035,1899.4696444504398,1899.5060550473027,100,0,1
2019.03.07,01:43:26,1899.4929452249783,1899.5529431173995,1899.4331325609082,1899.488667968232,100,0,1
2019.03.08,01:43:26,1899.4364167653303,1899.4793691184182,1899.3693245479005,1899.473277598983,100,0,1
2019.03.09,01:43:26,1899.4096245553312,1899.4455491149408,1899.4028316409074,1899.4327233199615,100,0,1
2019.03.10,01:43:26,1899.4899342775623,1899.5133126366632,1899.3859220588715,1899.4847289258423,100,0,1
2019.03.11,01:43:26,1899.4628968354339,1899.5243886531903,1899.408592504708,1899.4685624358074,100,0,1
2019.03.12,01:43:26,1899.5250390873869,1899.5724801836877,1899.5117084786286,1899.5499856053816,100,0,1
2019.03.13,01:43:26,1899.5539544233004,1899.5797512309111,1899.5376841182558,1899.5477515456407,100,0,1
2019.03.14,01:43:26,1899.6344634601708,1899.7094686147716,1899.5736613141084,1899.5976844583133,100,0,1
2019.03.15,01:43:26,1899.6239710229206,1899.6793407003136,1899.590459248346,1899.6188848904724,100,0,1
2019.03.16,01:43:26,1899.655091828467,1899.6969711922925,1899.619152082413,1899.6604725158058,100,0,1
2019.03.17,01:43:26,1899.7106877407155,1899.7525123114829,1899.6497267284249,1899.656430312107,100,0,1
2019.03.18,01:43:26,1899.6531833751342,1899.6771892515283,1899.5929848601893,1899.5943728873142,100,0,1
2019.03.19,01:43:26,1899.750215788041,1899.7996376156227,1899.6892432674952,1899.7224880637493,100,0,1
2019.03.20,01:43:26,1899.7803322440893,1899.824709249583,1899.7230761656624,1899.8071291224933,100,0,1
2019.03.21,01:43:26,1899.8091776549559,1899.849905798381,1899.771951119156,1899.8199473474942,100,0,1
2019.03.22,01:43:26,1899.7549676097128,1899.8042974209545,1899.6911411110573,1899.7064714143928,100,0,1
2019.03.23,01:43:26,1899.7996164530457,1899.8411996031527,1899.7732806945178,1899.827379644471,100,0,1
2019.03.24,01:43:26,1899.7806742143525,1899.8059293589909,1899.7588381927546,1899.7914441756163,100,0,1
2019.03.25,01:43:26,1899.6954517295542,1899.758776364306,1899.600269932832,1899.6453876994483,100,0,1
2019.03.26,01:43:26,1899.7831565829565,1899.8044704750475,1899.7532198896213,1899.7664895581497,100,0,1
2019.03.27,01:43:26,1899.718972522334,1899.8071493423781,1899.701060558041,1899.7261427445353,100,0,1
2019.03.28,01:43:26,1899.6077848669222,1899.6592891361277,1899.5840867377126,1899.6373030076486,100,0,1
2019.03.29,01:43:26,1899.6170998686787,1899.6685629458098,1899.594456538683,1899.6368370434918,100,0,1
2019.03.30,01:43:26,1899.5637046269442,1899.6201679262574,1899.5240000596432,1899.5878129560083,100,0,1
2019.03.31,01:43:26,1899.5334451384163,1899.6095910934082,1899.4905984944135,1899.5766200835158,100,0,1
2019.04.01,01:43:26,1899.5197978823746,1899.5721300175696,1899.4753196895504,1899.5646456819454,100,0,1
2019.04.02,01:43:26,1899.5267259515729,1899.5733106104879,1899.461442838951,1899.5150575371292,100,0,1
2019.04.03,01:43:26,1899.5330812878337,1899.6124267103385,1899.4618871288137,1899.5472472600984,100,0,1
2019.04.04,01:43:26,1899.5500851988704,1899.5944731253244,1899.4897554189272,1899.5606475403197,100,0,1
2019.04.05,01:43:26,1899.5449931995634,1899.605707787192,1899.5080761422855,1899.571580436572,100,0,1
2019.04.06,01:43:26,1899.4658010605142,1899.5569533282091,1899.42914200128,1899.460003358867,100,0,1
2019.04.07,01:43:26,1899.4866594498312,1899.516327715701,1899.4642964181987,1899.503142036134,100,0,1
2019.04.08,01:43:26,1899.498626657717,1899.5455104729826,1899.4264310096032,1899.535787134767,100,0,1
2019.04.09,01:43:26,1899.3956473772919,1899.443113991809,1899.320272376424,1899.3228832418672,100,0,1
2019.04.10,01:43:26,1899.431832074442,1899.4525426701805,1899.4219846625717,1899.4510046730877,100,0,1
2019.04.11,01:43:26,1899.4101519848225,1899.4860490407725,1899.3459906752103,1899.3737336586637,100,0,1
2019.04.12,01:43:26,1899.4106133431235,1899.4635653328228,1899.3272064022608,1899.4337068888053,100,0,1
2019.04.13,01:43:26,1899.3867813669124,1899.4415622929725,1899.365902741801,1899.426461366638,100,0,1
2019.04.14,01:43:26,1899.2381422986757,1899.300345757288,1899.1994271123183,1899.2303649048365,100,0,1
2019.04.15,01:43:26,1899.2120916969648,1899.272392124338,1899.2028031546145,1899.2183054085976,100,0,1
2019.04.16,01:43:26,1899.2714371633565,1899.3270067993392,1899.2208166807677,1899.2929637750674,100,0,1
2019.04.17,01:43:26,1899.1837595751776,1899.2335313868477,1899.1149753848247,1899.1948309773911,100,0,1
2019.04.18,01:43:26,1899.177892000808,1899.2212739451381,1899.0912391609243,1899.2137279513734,100,0,1
2019.04.19,01:43:26,1899.2261186585351,1899.2589437654974,1899.162960497691,1899.2243519192432,100,0,1
2019.04.20,01:43:26,1899.257446538123,1899.2874942531623,1899.20659371553,1899.248335959039,100,0,1
2019.04.21,01:43:26,1899.1714839678505,1899.226410013307,1899.128044218884,1899.190198218773,100,0,1
2019.04.22,01:43:26,1899.107886372384,1899.15385679197,1899.018393436267,1899.1049172849396,100,0,1
2019.04.23,01:43:26,1899.0019863220368,1899.0631549624077,1898.9246980745565,1899.0086422360414,100,0,1
2019.04.24,01:43:26,1898.9993954931153,1899.0186416014737,1898.926722780969,1898.9272098349159,100,0,1
2019.04.25,01:43:26,1899.0362610127684,1899.0716218313694,1898.979647007342,1899.013877662532,100,0,1
2019.04.26,01:43:26,1899.0192451154699,1899.058768676925,1898.9901639388586,1898.998756308045,100,0,1
2019.04.27,01:43:26,1899.0277168461726,1899.054540594627,1898.9935773539908,1899.0328621086396,100,0,1
2019.04.28,01:43:26,1899.1356274818056,1899.1708433851866,1899.1171594148848,1899.1641153350533,100,0,1
2019.04.29,01:43:26,1899.1806909040718,1899.219252192774,1899.1291414603818,1899.1310663701297,100,0,1
2019.04.30,01:43:26,1899.2443452861983,1899.3030582297877,1899.1771204174477,1899.2570469749696,100,0,1
2019.05.01,01:43:26,1899.3021649133127,1899.3759376499017,1899.2166379807657,1899.23413024974,100,0,1
2019.05.02,01:43:26,1899.2046210059775,1899.2277658545784,1899.1477738853855,1899.1634753635371,100,0,1
2019.05.03,01:43:26,1899.2271473435023,1899.2927018651137,1899.1764279854717,1899.259347595084,100,0,1
2019.05.04,01:43:26,1899.2705085863863,1899.3363976960397,1899.234489154932,1899.2994112040406,100,0,1
2019.05.05,01:43:26,1899.2170137824123,1899.2673147160792,1899.1627925600892,1899.2128328606263,100,0,1
2019.05.06,01:43:26,1899.2977380567488,1899.352181343019,1899.2848266412043,1899.3317322791115,100,0,1
2019.05.07,01:43:26,1899.3453033594928,1899.36260472797,1899.2752320611376,1899.3583662289273,100,0,1
2019.05.08,01:43:26,1899.3967986214398,1899.4337695512347,1899.3336037016813,1899.3626590891495,100,0,1
2019.05.09,01:43:26,1899.3448082003138,1899.346501053914,1899.2959897661685,1899.3411891219603,100,0,1
2019.05.10,01:43:26,1899.3399215487445,1899.3803239801557,1899.276716396762,1899.2799063236512,100,0,1
2019.05.11,01:43:26,1899.3468262442293,1899.4069960830288,1899.2615386922926,1899.359654958473,100,0,1
2019.05.12,01:43:26,1899.3645629568248,1899.4357502073074,1899.3001576534075,1899.3690471687876,100,0,1
2019.05.13,01:43:26,1899.351940789213,1899.424374645806,1899.3145129870124,1899.4030123361988,100,0,1
2019.05.14,01:43:26,1899.3267682640806,1899.3809858869115,1899.2922938899292,1899.3504869065255,100,0,1
2019.05.15,01:43:26,1899.3507543616688,1899.4224373742243,1899.2996046441963,1899.325138553688,100,0,1
2019.05.16,01:43:26,1899.3667607789864,1899.3965669760305,1899.330969501314,1899.3726016099768,100,0,1
2019.05.17,01:43:26,1899.385964532112,1899.4571329581474,1899.3001646351845,1899.3588889706402,100,0,1
2019.05.18,01:43:26,1899.4448780065477,1899.4941807834239,1899.3717476491404,1899.4544675791822,100,0,1
2019.05.19,01:43:26,1899.4668880861411,1899.4959038803386,1899.4241393363036,1899.4285565377684,100,0,1
2019.05.20,01:43:26,1899.4854226974494,1899.504942105153,1899.4208944266366,1899.4360078079587,100,0,1
2019.05.21,01:43:26,1899.4869803617491,1899.5165033457092,1899.4729270379069,1899.4934573856035,100,0,1
2019.05.22,01:43:26,1899.4228363544598,1899.4610353840467,1899.3532342190417,1899.3565983983412,100,0,1
2019.05.23,01:43:26,1899.4280417990326,1899.4723989667505,1899.3890671987028,1899.428668087854,100,0,1
2019.05.24,01:43:26,1899.366235526765,1899.4203886829443,1899.3234686813778,1899.3928108247578,100,0,1
2019.05.25,01:43:26,1899.3966415226557,1899.4610852827495,1899.3241444228556,1899.3252199809447,100,0,1
2019.05.26,01:43:26,1899.4342207089883,1899.514583760093,1899.3722923301596,1899.3908657072543,100,0,1
2019.05.27,01:43:26,1899.4682553578518,1899.5206640624679,1899.4192780588996,1899.4981780277465,100,0,1
2019.05.28,01:43:26,1899.4432660748134,1899.4917315797443,1899.3658275071957,1899.4916222168868,100,0,1
2019.05.29,01:43:26,1899.3964321829749,1899.4548602530417,1899.31891453787,1899.416547939659,100,0,1
2019.05.30,01:43:26,1899.3895754224711,1899.4386310930493,1899.3486434472031,1899.4126839190876,100,0,1
2019.05.31,01:43:26,1899.4005820251655,1899.459191103974,1899.347674725807,1899.4306293376487,100,0,1
2019.06.01,01:43:26,1899.3559043200944,1899.4149929964515,1899.3089420140466,1899.3555954629735,100,0,1
2019.06.02,01:43:26,1899.4031657027722,1899.4501055748303,1899.3413978630153,1899.355063205689,100,0,1
2019.06.03,01:43:26,1899.4150582313484,1899.4807684845803,1899.3933306334468,1899.430671226831,100,0,1
2019.06.04,01:43:26,1899.3725303062245,1899.422573772945,1899.3224158992361,1899.3809989225374,100,0,1
2019.06.05,01:43:26,1899.3735476533063,1899.4260282243094,1899.2866997677802,1899.302502936954,100,0,1
2019.06.06,01:43:26,1899.3773240049343,1899.4189159921236,1899.3163886908299,1899.3344934767163,100,0,1
2019.06.07,01:43:26,1899.3874647402092,1899.4182991600346,1899.310847246979,1899.3127180823626,100,0,1
2019.06.08,01:43:26,1899.4036519872714,1899.4409135264614,1899.3682334486537,1899.3854410944937,100,0,1
2019.06.09,01:43:26,1899.3586880406006,1899.4063125340156,1899.316653454201,1899.320657093644,100,0,1
2019.06.10,01:43:26,1899.3795764277756,1899.405186631034,1899.3389128968136,1899.3633087118053,100,0,1
2019.06.11,01:43:26,1899.4167572362906,1899.4598097607636,1899.3718623159323,1899.4377010252306,100,0,1
2019.06.12,01:43:26,1899.5177548153824,1899.5671870947467,1899.4408302390061,1899.542489576362,100,0,1
2019.06.13,01:43:26,1899.5474340733865,1899.5510013369976,1899.4918134968345,1899.4954742091888,100,0,1
2019.06.14,01:43:26,1899.5348251142943,1899.5771262173957,1899.4558393459322,1899.5025407486398,100,0,1
2019.06.15,01:43:26,1899.4778322182385,1899.5694284413544,1899.4054294936684,1899.5204637591671,100,0,1
2019.06.16,01:43:26,1899.508439816404,1899.610571732349,1899.46228074677,1899.5976891052114,100,0,1
2019.06.17,01:43:26,1899.5092547663698,1899.545011715062,1899.443324361882,1899.5377902673301,100,0,1
2019.06.18,01:43:26,1899.5221715788812,1899.5642204888632,1899.4668522400668,1899.504488823364,100,0,1
2019.06.19,01:43:26,1899.5666864467544,1899.6248900613007,1899.5040080952172,1899.5131410682127,100,0,1
2019.06.20,01:43:26,1899.596639889559,1899.6917372930013,1899.5156337432581,1899.6584156783454,100,0,1
2019.06.21,01:43:26,1899.6150062162917,1899.688430123892,1899.5520430112945,1899.6400370681074,100,0,1
2019.06.22,01:43:26,1899.5698632083063,1899.615245198536,1899.5321007965192,1899.6013441748482,100,0,1
2019.06.23,01:43:26,1899.5332561474127,1899.6139079993375,1899.456052109369,1899.5083556610693,100,0,1
2019.06.24,01:43:26,1899.5615759336874,1899.6193145750826,1899.5203814488154,1899.5873630081135,100,0,1
2019.06.25,01:43:26,1899.489255979173,1899.4970503363713,1899.4330103692437,1899.4777857488286,100,0,1
2019.06.26,01:43:26,1899.4995623294235,1899.5666499982872,1899.418270699188,1899.5642060390405,100,0,1
2019.06.27,01:43:26,1899.493142682532,1899.5319542972343,1899.4165751018736,1899.4529192484165,100,0,1
2019.06.28,01:43:26,1899.4634400189623,1899.519015855779,1899.4406738648574,1899.4672577801873,100,0,1
2019.06.29,01:43:26,1899.382159182643,1899.4224637009536,1899.3548644311957,1899.3562984266548,100,0,1
2019.06.30,01:43:26,1899.335836277908,1899.4135496750164,1899.2560604057483,1899.3910725511953,100,0,1
2019.07.01,01:43:26,1899.2907235665966,1899.380236104653,1899.2612465054165,1899.298900503732,100,0,1
2019.07.02,01:43:26,1899.2588680353965,1899.3186775506595,1899.2393191889255,1899.2539481526348,100,0,1
2019.07.03,01:43:26,1899.2351405663303,1899.3313656462317,1899.183344086636,1899.2440193316422,100,0,1
2019.07.04,01:43:26,1899.2307733532725,1899.3012903047909,1899.149043343788,1899.2225563880343,100,0,1
2019.07.05,01:43:26,1899.229031039824,1899.2975447153244,1899.1675355764005,1899.2724054719288,100,0,1
2019.07.06,01:43:26,1899.2249179661412,1899.2759287118126,1899.1850164471052,1899.2640534860775,100,0,1
2019.07.07,01:43:26,1899.288165262984,1899.3432161389364,1899.2356222303242,1899.3428153184475,100,0,1
2019.07.08,01:43:26,1899.3088558535408,1899.3841756969643,1899.2611647297135,1899.3766967276613,100,0,1
2019.07.09,01:43:26,1899.29647404335,1899.3768797387047,1899.245219624652,1899.3717839388546,100,0,1
2019.07.10,01:43:26,1899.2866867075395,1899.3505527301013,1899.2097076601024,1899.301417481962,100,0,1
2019.07.11,01:43:26,1899.3429206759047,1899.4243653584406,1899.3101036281162,1899.353937584452,100,0,1
2019.07.12,01:43:26,1899.27393140187,1899.292858153255,1899.2416989332316,1899.2516684243185,100,0,1
2019.07.13,01:43:26,1899.2230639816305,1899.2717881933172,1899.1729306722088,1899.2169249496392,100,0,1
2019.07.14,01:43:26,1899.2459876175612,1899.3360173417327,1899.2357097882475,1899.2460184282234,100,0,1
2019.07.15,01:43:26,1899.2488460439286,1899.2854615591655,1899.2333863781857,1899.2498492562474,100,0,1
2019.07.16,01:43:26,1899.2813535900034,1899.3033983246737,1899.2147294748345,1899.228897263839,100,0,1
2019.07.17,01:43:26,1899.2785856255887,1899.3190986366126,1899.2423277545493,1899.2756096442238,100,0,1
2019.07.18,01:43:26,1899.193069657689,1899.280594810358,1899.1469792487462,1899.2632480983218,100,0,1
2019.07.19,01:43:26,1899.1817150946815,1899.2508284741841,1899.1371065254712,1899.1926721951202,100,0,1
2019.07.20,01:43:26,1899.1839254265146,1899.234121589208,1899.135730959897,1899.170799949699,100,0,1
2019.07.21,01:43:26,1899.1963446721595,1899.280154815897,1899.1260817417212,1899.179521466456,100,0,1
2019.07.22,01:43:26,1899.1987241744816,1899.242032505407,1899.163723758442,1899.1830940319678,100,0,1
2019.07.23,01:43:26,1899.2628426460838,1899.3387814620648,1899.2051887348157,1899.2169155063461,100,0,1
2019.07.24,01:43:26,1899.189885018673,1899.2120882901613,1899.16492248083,1899.1697190589045,100,0,1
2019.07.25,01:43:26,1899.1861517077518,1899.2426187568578,1899.1201998921763,1899.1685221893968,100,0,1
2019.07.26,01:43:26,1899.146538959749,1899.1939407180082,1899.0982765105014,1899.1402747630225,100,0,1
2019.07.27,01:43:26,1899.1789957621663,1899.2721507861024,1899.1158695731635,1899.1733246965364,100,0,1
2019.07.28,01:43:26,1899.1033241655543,1899.1450005037275,1899.02959007682,1899.0822122548586,100,0,1
2019.07.29,01:43:26,1899.1378826928044,1899.1866683887151,1899.0785782295357,1899.1076727373002,100,0,1
2019.07.30,01:43:26,1899.1761391488587,1899.2331350980596,1899.1475774929368,1899.2318301638925,100,0,1
2019.07.31,01:43:26,1899.2174639233497,1899.2705169064868,1899.1531256362914,1899.2495444516005,100,0,1
2019.08.01,01:43:26,1899.2595206352314,1899.301772495689,1899.1908625330286,1899.2561838316726,100,0,1
2019.08.02,01:43:26,1899.1975426884078,1899.2703229842768,1899.1413316051633,1899.26485347144,100,0,1
2019.08.03,01:43:26,1899.1655519201981,1899.2199037536318,1899.129553489969,1899.162596054545,100,0,1
2019.08.04,01:43:26,1899.176771280595,1899.2136999052418,1899.0909392707674,1899.1294895278156,100,0,1
2019.08.05,01:43:26,1899.166791259419,1899.2116965710613,1899.1085778489294,1899.1352672725059,100,0,1
2019.08.06,01:43:26,1899.1462882226413,1899.2223636387148,1899.0758308779039,1899.175042659907,100,0,1
2019.08.07,01:43:26,1899.124726385161,1899.1566898031506,1899.0798955973203,1899.1215900869352,100,0,1
2019.08.08,01:43:26,1899.1139814953035,1899.1685697791972,1899.076367285099,1899.08911566609,100,0,1
2019.08.09,01:43:26,1899.0329562703057,1899.05150645011,1899.0148359493328,1899.0444777842133,100,0,1
2019.08.10,01:43:26,1899.056731280193,1899.1135759326285,1898.9796368640882,1898.9820436890354,100,0,1
2019.08.11,01:43:26,1899.0028933857232,1899.052827243237,1898.9954760204723,1899.0346322339863,100,0,1
2019.08.12,01:43:26,1898.9995516849879,1899.0382472845006,1898.9384250597977,1899.0033635541745,100,0,1
2019.08.13,01:43:26,1898.9878808545657,1899.0298819573793,1898.9355270879666,1898.942962314741,100,0,1
2019.08.14,01:43:26,1898.98929796783,1899.0491765173601,1898.9105529976146,1898.9516864956558,100,0,1
2019.08.15,01:43:26,1899.0327456624143,1899.0942801945969,1898.9975088822225,1899.0053308700312,100,0,1
2019.08.16,01:43:26,1899.083110369548,1899.1639354643962,1898.9972191431616,1899.0648399446534,100,0,1
2019.08.17,01:43:26,1899.0639720600482,1899.1069339920475,1898.9947285025564,1899.029806388076,100,0,1
2019.08.18,01:43:26,1898.9856620681612,1899.0490502710795,1898.9090130546647,1899.0147558685617,100,0,1
2019.08.19,01:43:26,1898.931119552996,1899.0018602008493,1898.8926272718777,1898.9907892171036,100,0,1
2019.08.20,01:43:26,1898.9320490079922,1898.973023644864,1898.9117313386553,1898.9429137536906,100,0,1
2019.08.21,01:43:26,1898.972673377738,1899.07874601454,1898.9112601961297,1898.9726000680796,100,0,1
2019.08.22,01:43:26,1898.9913805782594,1899.057223852968,1898.936020577283,1898.9826116974643,100,0,1
2019.08.23,01:43:26,1898.9314629285939,1898.9736320775455,1898.8907105339156,1898.9445425644828,100,0,1
2019.08.24,01:43:26,1898.9818943246526,1898.9831015792654,1898.9116808742706,1898.9231368870887,100,0,1
2019.08.25,01:43:26,1898.958653499302,1899.0165318039706,1898.8816388453233,1898.9495654479135,100,0,1
2019.08.26,01:43:26,1899.0156656234396,1899.0459283452824,1898.971467962722,1899.0066411752616,100,0,1
2019.08.27,01:43:26,1898.9182749467839,1899.0101668105212,1898.881934201469,1898.9802045315237,100,0,1
2019.08.28,01:43:26,1898.8861176624293,1898.9590620068147,1898.865481587768,1898.9476359474575,100,0,1
2019.08.29,01:43:26,1898.8929907203676,1898.9468436675447,1898.791347216498,1898.8176284865012,100,0,1
2019.08.30,01:43:26,1898.867796949434,1898.8820460210786,1898.8344242766402,1898.8764693819496,100,0,1
2019.08.31,01:43:26,1898.9136665378737,1898.9470452713294,1898.8650861809654,1898.8897542379666,100,0,1
2019.09.01,01:43:26,1898.8054458350075,1898.8560855299877,1898.7749040909703,1898.7773561337144,100,0,1
2019.09.02,01:43:26,1898.7784493124502,1898.7987854520798,1898.7408449031443,1898.7937566156038,100,0,1
2019.09.03,01:43:26,1898.7339662900142,1898.789694265208,1898.6842475290946,1898.713548169615,100,0,1
2019.09.04,01:43:26,1898.802323420329,1898.8591151456433,1898.7699889365842,1898.8468178661708,100,0,1
2019.09.05,01:43:26,1898.7766391518987,1898.8412541052453,1898.758223972855,1898.7879411514552,100,0,1
2019.09.06,01:43:26,1898.6983541124132,1898.7592422903783,1898.6149372750363,1898.6989841407851,100,0,1
2019.09.07,01:43:26,1898.6482557510467,1898.7113157948108,1898.5916351896453,1898.6873801699733,100,0,1
2019.09.08,01:43:26,1898.6564165868929,1898.739376260908,1898.5995499867358,1898.7246914424009,100,0,1
2019.09.09,01:43:26,1898.6841967578007,1898.7390079855902,1898.6296377286883,1898.6668488640712,100,0,1
2019.09.10,01:43:26,1898.743761922628,1898.7678362875781,1898.6745379469214,1898.7266019027506,100,0,1
2019.09.11,01:43:26,1898.7053222488253,1898.763179661244,1898.6600457810712,1898.7070902879677,100,0,1
2019.09.12,01:43:26,1898.6842914628103,1898.710042201268,1898.6407202277237,1898.683139314145,100,0,1
2019.09.13,01:43:26,1898.6944613186015,1898.7100593077962,1898.6285544820505,1898.6875265808958,100,0,1
2019.09.14,01:43:26,1898.703066154942,1898.7702117806623,1898.6615997928873,1898.7641373558145,100,0,1
2019.09.15,01:43:26,1898.711442185146,1898.7851314635532,1898.6745996400232,1898.7047363146373,100,0,1
2019.09.16,01:43:26,1898.771016006209,1898.8380994375975,1898.7396185157488,1898.7550908759629,100,0,1
2019.09.17,01:43:26,1898.7115283202409,1898.7551204439776,1898.6653125509035,1898.6699495781031,100,0,1
2019.09.18,01:43:26,1898.7448706653056,1898.7943382086557,1898.6995507220895,1898.791749641428,100,0,1
2019.09.19,01:43:26,1898.7001167510846,1898.7371345790634,1898.6574842211066,1898.6701132040707,100,0,1
2019.09.20,01:43:26,1898.6390581309897,1898.6936998133015,1898.583160206892,1898.6543395095057,100,0,1
2019.09.21,01:43:26,1898.549478629028,1898.6191749965747,1898.5250080754536,1898.589787278062,100,0,1
2019.09.22,01:43:26,1898.4662663688569,1898.532331242447,1898.4410647977395,1898.5190983891039,100,0,1
2019.09.23,01:43:26,1898.4063995110864,1898.484083567881,1898.3866511373044,1898.424102937832,100,0,1
2019.09.24,01:43:26,1898.3864716687006,1898.4401752241827,1898.3345399140603,1898.3605309955044,100,0,1
2019.09.25,01:43:26,1898.3403894597157,1898.3695827953852,1898.3293577112966,1898.3558970461343,100,0,1
2019.09.26,01:43:26,1898.3008582595285,1898.3759423958147,1898.260375583704,1898.314286197858,100,0,1
2019.09.27,01:43:26,1898.266885082484,1898.3004257931914,1898.2128402332162,1898.299921634166,100,0,1
2019.09.28,01:43:26,1898.233835003381,1898.2498335389444,1898.184110676413,1898.2203161599618,100,0,1
2019.09.29,01:43:26,1898.254745008099,1898.3134205431647,1898.1856654501971,1898.216952722776,100,0,1
2019.09.30,01:43:26,1898.2312121868488,1898.2746034592317,1898.16870180616,1898.22926739643,100,0,1
2019.10.01,01:43:26,1898.1897400723287,1898.2501354327298,1898.1405061271003,1898.226462425731,100,0,1
2019.10.02,01:43:26,1898.3000609078194,1898.362641134186,1898.238328029933,1898.3548777682652,100,0,1
2019.10.03,01:43:26,1898.3032933619343,1898.338456270225,1898.2322259184525,1898.3351928996128,100,0,1
2019.10.04,01:43:26,1898.285560546766,1898.3210675251,1898.2331075572972,1898.2600553611298,100,0,1
2019.10.05,01:43:26,1898.2064327467322,1898.2338833552374,1898.1774186988646,1898.1936494662446,100,0,1
2019.10.06,01:43:26,1898.2223416652257,1898.283293295845,1898.164992125694,1898.1822085863225,100,0,1
2019.10.07,01:43:26,1898.198796088243,1898.2034055970382,1898.1785430254479,1898.1809810423001,100,0,1
2019.10.08,01:43:26,1898.2873902023741,1898.3311777833253,1898.219601957926,1898.2886567464507,100,0,1
2019.10.09,01:43:26,1898.1958763845314,1898.2416351235656,1898.16149215779,1898.1902365343396,100,0,1
2019.10.10,01:43:26,1898.081379101121,1898.1380592580392,1898.0401073440942,1898.0454364746383,100,0,1
2019.10.11,01:43:26,1898.1645667172468,1898.2583628859907,1898.1148515511095,1898.1236001283403,100,0,1
2019.10.12,01:43:26,1898.1757328553879,1898.245597990997,1898.0849085559184,1898.1739339333822,100,0,1
2019.10.13,01:43:26,1898.2384090576343,1898.2745440207336,1898.1851732007574,1898.237399887304,100,0,1
2019.10.14,01:43:26,1898.3273908723895,1898.4015812641123,1898.238454919831,1898.39416747052,100,0,1
2019.10.15,01:43:26,1898.2378051148366,1898.306054647898,1898.2052024930974,1898.261938954952,100,0,1
2019.10.16,01:43:26,1898.2449038493328,1898.2727330157404,1898.1855483672962,1898.2043735711225,100,0,1
2019.10.17,01:43:26,1898.1739328840183,1898.235479377512,1898.1057173622537,1898.1429901639829,100,0,1
2019.10.18,01:43:26,1898.2078176209366,1898.239568977376,1898.1961114596975,1898.2023076643407,100,0,1
2019.10.19,01:43:26,1898.1677480714336,1898.226221465281,1898.1278008882953,1898.203210121732,100,0,1
2019.10.20,01:43:26,1898.2184838385183,1898.2725978393526,1898.149967528536,1898.175638011758,100,0,1
2019.10.21,01:43:26,1898.2214665084011,1898.256548528284,1898.2014748142624,1898.251734630076,100,0,1
2019.10.22,01:43:26,1898.1297467681973,1898.1698452498338,1898.0893078242375,1898.1214447793684,100,0,1
2019.10.23,01:43:26,1898.1011541273717,1898.1575492670597,1898.0412077597396,1898.0465965921812,100,0,1
2019.10.24,01:43:26,1898.080914365692,1898.1313870750168,1898.0185074109258,1898.090840922016,100,0,1
2019.10.25,01:43:26,1897.934488258374,1897.9913903776437,1897.8637817134813,1897.895305306606,100,0,1
2019.10.26,01:43:26,1897.9118135456056,1897.976320727434,1897.86258450683,1897.9456402808396,100,0,1
2019.10.27,01:43:26,1897.8724179275487,1897.8980272320327,1897.8499785871484,1897.8710403684056,100,0,1
2019.10.28,01:43:26,1897.7970391443357,1897.8626009734357,1897.7802195615125,1897.8066832168065,100,0,1
2019.10.29,01:43:26,1897.795031579961,1897.857469075091,1897.7117629342558,1897.8519752361547,100,0,1
2019.10.30,01:43:26,1897.715757325209,1897.8046010822425,1897.6547059220952,1897.785719619259,100,0,1
2019.10.31,01:43:26,1897.6279841974704,1897.699083314156,1897.5789873144613,1897.5848809275783,100,0,1
2019.11.01,01:43:26,1897.691970703355,1897.7340794414592,1897.6337546500695,1897.6362741531677,100,0,1
2019.11.02,01:43:26,1897.7503265853775,1897.7782667452198,1897.7009959748912,1897.776244627689,100,0,1
2019.11.03,01:43:26,1897.8452463520398,1897.9345202781756,1897.7657579427625,1897.928706276432,100,0,1
2019.11.04,01:43:26,1897.8143977407667,1897.8754405449938,1897.7547726078808,1897.8071408830845,100,0,1
2019.11.05,01:43:26,1897.872766818144,1897.908377724828,1897.8234881878338,1897.896057393488,100,0,1
2019.11.06,01:43:26,1897.8684309432906,1897.934657327845,1897.8240227779618,1897.8995874640066,100,0,1
2019.11.07,01:43:26,1897.8693674355031,1897.9205386147241,1897.8096569939623,1897.9178410932627,100,0,1
2019.11.08,01:43:26,1897.9315717861782,1897.9861866726108,1897.9082358315657,1897.92311229136,100,0,1
2019.11.09,01:43:26,1897.855405584664,1897.8843820328907,1897.810606167655,1897.884156042255,100,0,1
2019.11.10,01:43:26,1897.876041013152,1897.9166295883194,1897.8366670740272,1897.9140546412696,100,0,1
2019.11.11,01:43:26,1897.8172459843556,1897.8708817341162,1897.739100686972,1897.8691730181474,100,0,1
2019.11.12,01:43:26,1897.7242783582938,1897.7631390329886,1897.6785234285915,1897.6857068322245,100,0,1
2019.11.13,01:43:26,1897.6871230329912,1897.7449492253006,1897.6372733352455,1897.7012688721452,100,0,1
2019.11.14,01:43:26,1897.7513651886477,1897.7999757762364,1897.7348189530685,1897.7930771872645,100,0,1
2019.11.15,01:43:26,1897.6922452999268,1897.708286022278,1897.6593927435079,1897.7014818401235,100,0,1
2019.11.16,01:43:26,1897.686616521522,1897.770925772153,1897.648620643934,1897.6663411611835,100,0,1
2019.11.17,01:43:26,1897.7645734217554,1897.8260976118693,1897.712427537672,1897.7868354291377,100,0,1
2019.11.18,01:43:26,1897.7385558668066,1897.791268022238,1897.6850519344137,1897.7407057419541,100,0,1
2019.11.19,01:43:26,1897.6915955893917,1897.7399377178324,1897.6822220078234,1897.728288989515,100,0,1
2019.11.20,01:43:26,1897.742123432572,1897.7634563155646,1897.7415424638639,1897.750832614801,100,0,1
2019.11.21,01:43:26,1897.6923390818513,1897.752600158538,1897.6229237318046,1897.6894127028388,100,0,1
2019.11.22,01:43:26,1897.6835012240813,1897.7276136326857,1897.6338665318635,1897.704438339421,100,0,1
2019.11.23,01:43:26,1897.6648391471153,1897.6997914472333,1897.606977790628,1897.6171682074284,100,0,1
2019.11.24,01:43:26,1897.58556670899,1897.6527626536604,1897.5290429260301,1897.641956971083,100,0,1
2019.11.25,01:43:26,1897.6286307994,1897.689854394102,1897.5533215401674,1897.6518110296788,100,0,1
2019.11.26,01:43:26,1897.6549201161167,1897.677048843517,1897.6132907622205,1897.6161437670285,100,0,1
2019.11.27,01:43:26,1897.7312922753958,1897.7764759394129,1897.6757561363509,1897.7718347559376,100,0,1
2019.11.28,01:43:26,1897.7631486187918,1897.7918799860392,1897.7131206798335,1897.7248290600676,100,0,1
2019.11.29,01:43:26,1897.7754690099778,1897.7997897311325,1897.7053057755936,1897.764271239897,100,0,1
2019.11.30,01:43:26,1897.8385890072625,1897.8954793303099,1897.7615295877774,1897.796667811237,100,0,1
2019.12.01,01:43:26,1897.8297338075272,1897.902376336084,1897.7834879929244,1897.824071969432,100,0,1
2019.12.02,01:43:26,1897.8084098321278,1897.8403234694288,1897.7511126884813,1897.805926933621,100,0,1
2019.12.03,01:43:26,1897.9032766722564,1897.9380346369435,1897.8352937481925,1897.9233507939914,100,0,1
2019.12.04,01:43:26,1897.8701535728787,1897.8818822689614,1897.8095957951773,1897.8169118704584,100,0,1
2019.12.05,01:43:26,1897.8949637126073,1897.9531043222105,1897.8535550522936,1897.9334595228515,100,0,1
2019.12.06,01:43:26,1897.855820788756,1897.9198516167457,1897.8439751236533,1897.900642231353,100,0,1
2019.12.07,01:43:26,1897.8952130960633,1897.9735575125123,1897.8375062040686,1897.8866013059667,100,0,1
2019.12.08,01:43:26,1897.9065147268439,1897.931510431428,1897.849130914605,1897.8993061250312,100,0,1
2019.12.09,01:43:26,1897.956273093674,1898.006565313529,1897.9127377091475,1897.941953962884,100,0,1
2019.12.10,01:43:26,1897.9825066571382,1898.01998202534,1897.9418997460439,1897.9540899101935,100,0,1
2019.12.11,01:43:26,1898.0739714808726,1898.1239296639073,1898.021994397529,1898.1035238366703,100,0,1
2019.12.12,01:43:26,1898.0499248873145,1898.0902861397547,1898.013772893451,1898.0382512190945,100,0,1
2019.12.13,01:43:26,1898.0931334112206,1898.1604196217195,1898.044200015432,1898.1110907151856,100,0,1
2019.12.14,01:43:26,1898.094763882945,1898.1448477868273,1898.0661392904374,1898.0850067991187,100,0,1
2019.12.15,01:43:26,1898.0715696164066,1898.1517550901563,1897.991559929199,1898.001127996209,100,0,1
2019.12.16,01:43:26,1898.0086625936651,1898.0297159261443,1897.9319435905272,1897.957821520187,100,0,1
2019.12.17,01:43:26,1897.9620767748972,1898.0150881523823,1897.9180310536883,1898.0115275426097,100,0,1
2019.12.18,01:43:26,1897.9868690591543,1898.033868773654,1897.918285485647,1898.029235120428,100,0,1
2019.12.19,01:43:26,1897.938971929212,1898.0060696140129,1897.8821884722424,1897.9823716709848,100,0,1
2019.12.20,01:43:26,1898.008557635772,1898.0233716095333,1897.966871146837,1898.0169101591441,100,0,1
2019.12.21,01:43:26,1898.0605098161377,1898.1114374995557,1897.9977263246174,1898.03391822406,100,0,1
2019.12.22,01:43:26,1898.077406820959,1898.1239418201396,1898.0155110254625,1898.1001129506628,100,0,1
2019.12.23,01:43:26,1898.199657710756,1898.2686481591672,1898.1567110194987,1898.196643509959,100,0,1
2019.12.24,01:43:26,1898.2026229380735,1898.2119323371346,1898.1334907357705,1898.1741813561464,100,0,1
2019.12.25,01:43:26,1898.234650397071,1898.265012267083,1898.1895535437861,1898.2503963005945,100,0,1
2019.12.26,01:43:26,1898.2791675128235,1898.2885459554152,1898.2527757609337,1898.2582389763247,100,0,1
2019.12.27,01:43:26,1898.258226741031,1898.3085150664406,1898.1743461075641,1898.1887964446105,100,0,1
2019.12.28,01:43:26,1898.2892919044875,1898.3056779415233,1898.2722184374488,1898.2741079523742,100,0,1
2019.12.29,01:43:26,1898.2560101939923,1898.3250322485953,1898.1832114790504,1898.3153702423463,100,0,1
2019.12.30,01:43:26,1898.2243041720187,1898.2566325015346,1898.1704562232867,1898.1823441258846,100,0,1
2019.12.31,01:43:26,1898.229284898821,1898.2654337546687,1898.1853681484656,1898.231271216665,100,0,1
2020.01.01,01:43:26,1898.3222110346928,1898.3961143216518,1898.2766565318605,1898.336246027183,100,0,1
2020.01.02,01:43:26,1898.3319359636037,1898.400420249591,1898.2620944554149,1898.3551244267555,100,0,1
2020.01.03,01:43:26,1898.39528804855,1898.47745173671,1898.3460912894282,1898.4631478412743,100,0,1
2020.01.04,01:43:26,1898.3933402467105,1898.4682811214805,1898.3656175234653,1898.393487296387,100,0,1
2020.01.05,01:43:26,1898.3257117104854,1898.346844473657,1898.2819055022205,1898.3123615506095,100,0,1
2020.01.06,01:43:26,1898.2843763101698,1898.3447868745359,1898.2359331493867,1898.2727843339371,100,0,1
2020.01.07,01:43:26,1898.272935753913,1898.3504051131,1898.1764154193113,1898.347326177326,100,0,1
2020.01.08,01:43:26,1898.3774335781764,1898.4404399613973,1898.318942356785,1898.3419268976052,100,0,1
2020.01.09,01:43:26,1898.3239444020517,1898.3248505805132,1898.2870377373106,1898.3122808315247,100,0,1
2020.01.10,01:43:26,1898.31055123741,1898.3604243338784,1898.2890151527831,1898.310693251137,100,0,1
2020.01.11,01:43:26,1898.3222616902035,1898.3936247400536,1898.2810380736873,1898.3140641209652,100,0,1
2020.01.12,01:43:26,1898.3258419580304,1898.4011506984357,1898.280857289913,1898.3041104370639,100,0,1
2020.01.13,01:43:26,1898.3597127821752,1898.4085928310624,1898.30734901818,1898.3227952369718,100,0,1
2020.01.14,01:43:26,1898.3798559108534,1898.4446622844987,1898.3441442407009,1898.356846441329,100,0,1
2020.01.15,01:43:26,1898.3785778047006,1898.4435931017802,1898.338582949136,1898.3539210437655,100,0,1
2020.01.16,01:43:26,1898.4981127999754,1898.5568045838186,1898.4547111803174,1898.4693599037873,100,0,1
2020.01.17,01:43:26,1898.3857313319465,1898.422281843006,1898.3317201402692,1898.3979793166352,100,0,1
2020.01.18,01:43:26,1898.3968685809145,1898.4679464505798,1898.3456153546852,1898.350046390359,100,0,1
2020.01.19,01:43:26,1898.4220410230178,1898.4701850996319,1898.3299708195527,1898.4440440097658,100,0,1
2020.01.20,01:43:26,1898.3768386248505,1898.4176958199378,1898.3185209920698,1898.406364617192,100,0,1
2020.01.21,01:43:26,1898.3291521677586,1898.3989674654138,1898.2799826875555,1898.324520276941,100,0,1
2020.01.22,01:43:26,1898.3677049150494,1898.4150382816358,1898.3207043402724,1898.322612528911,100,0,1
2020.01.23,01:43:26,1898.406183558298,1898.4758018351024,1898.333073274817,1898.348959282226,100,0,1
2020.01.24,01:43:26,1898.3752322853336,1898.4217233410138,1898.2814466069528,1898.416818391207,100,0,1
2020.01.25,01:43:26,1898.4774464356879,1898.5221800615575,1898.4222909237042,1898.521717647484,100,0,1
2020.01.26,01:43:26,1898.4469156205535,1898.4639751223947,1898.3871784033051,1898.3948324503817,100,0,1
2020.01.27,01:43:26,1898.4200813152938,1898.4562198826848,1898.4001481241394,1898.4276542471825,100,0,1
2020.01.28,01:43:26,1898.5422182543466,1898.553105720087,1898.4578477360524,1898.4953678159811,100,0,1
2020.01.29,01:43:26,1898.6245452279554,1898.6530657537983,1898.5807557069086,1898.587074485419,100,0,1
2020.01.30,01:43:26,1898.6334990350401,1898.7142158615568,1898.5777358387395,1898.596405040098,100,0,1
2020.01.31,01:43:26,1898.5824879047493,1898.6164731510557,1898.548738692256,1898.5778182978713,100,0,1
2020.02.01,01:43:26,1898.6539987139518,1898.7243119740947,1898.6045356427178,1898.6422053519427,100,0,1
2020.02.02,01:43:26,1898.5903056984214,1898.630866365209,1898.4894236756995,1898.4920455023357,100,0,1
2020.02.03,01:43:26,1898.5527929081413,1898.613402271354,1898.5148958094087,1898.5314709111403,100,0,1
2020.02.04,01:43:26,1898.5982007400164,1898.6995988705771,1898.5564209511138,1898.5909957476867,100,0,1
2020.02.05,01:43:26,1898.5341737026597,1898.5728352417636,1898.491657026964,1898.5023736247028,100,0,1
2020.02.06,01:43:26,1898.4765838953233,1898.5410722206746,1898.4021316452533,1898.5171256467675,100,0,1
2020.02.07,01:43:26,1898.5393691507925,1898.6368747646607,1898.4579834769092,1898.614464073033,100,0,1
2020.02.08,01:43:26,1898.6413248721367,1898.6798500774764,1898.6262683934772,1898.6449613449086,100,0,1
2020.02.09,01:43:26,1898.5405055495735,1898.606980302932,1898.4644031625155,1898.5742959771385,100,0,1
2020.02.10,01:43:26,1898.4708513855396,1898.5342200310752,1898.4148933372871,1898.4425398263807,100,0,1
2020.02.11,01:43:26,1898.4722802683523,1898.5101898167393,1898.4256629156853,1898.4557786365012,100,0,1
2020.02.12,01:43:26,1898.4142936241888,1898.4460138120344,1898.3403642045319,1898.3886698822976,100,0,1
2020.02.13,01:43:26,1898.5037253327143,1898.5499094419174,1898.4444981412814,1898.504521706742,100,0,1
2020.02.14,01:43:26,1898.567479226863,1898.5750755682413,1898.5292508412113,1898.5480590119278,100,0,1
2020.02.15,01:43:26,1898.5836072155162,1898.6402370789015,1898.5700207409207,1898.6014596743678,100,0,1
2020.02.16,01:43:26,1898.5520606650296,1898.6021506762752,1898.4970353844424,1898.592289511706,100,0,1
2020.02.17,01:43:26,1898.5734737714415,1898.6096186161458,1898.50462133443,1898.5293364411623,100,0,1
2020.02.18,01:43:26,1898.5819776541769,1898.594063728751,1898.5350685811081,1898.5632084873557,100,0,1
2020.02.19,01:43:26,1898.5808339181533,1898.6302052684832,1898.4918822966265,1898.5231111255782,100,0,1
2020.02.20,01:43:26,1898.5986682865416,1898.6768750753715,1898.5245530506672,1898.5915002281051,100,0,1
2020.02.21,01:43:26,1898.597706750534,1898.6635827736973,1898.515599249803,1898.6490553634983,100,0,1
2020.02.22,01:43:26,1898.5340439327442,1898.5661507967147,1898.4892041715846,1898.5539311918067,100,0,1
2020.02.23,01:43:26,1898.5532238197607,1898.584282950615,1898.5313758980465,1898.5713007550091,100,0,1
2020.02.24,01:43:26,1898.639590781259,1898.683145696628,1898.5957159687962,1898.6569729995097,100,0,1
2020.02.25,01:43:26,1898.6031975115525,1898.6712999942224,1898.5223318385258,1898.5784825906603,100,0,1
2020.02.26,01:43:26,1898.6414195924276,1898.727256549402,1898.572787772436,1898.7025792994614,100,0,1
2020.02.27,01:43:26,1898.5516476447658,1898.6253938323864,1898.4912185727976,1898.5354271484978,100,0,1
2020.02.28,01:43:26,1898.6074558812545,1898.6787368392283,1898.5699443605567,1898.5828262749174,100,0,1
2020.02.29,01:43:26,1898.503376194758,1898.5167852908576,1898.4306805554133,1898.4318245961856,100,0,1
2020.03.01,01:43:26,1898.5096156109055,1898.5363623046894,1898.458897198562,1898.5269875739134,100,0,1
2020.03.02,01:43:26,1898.54341471426,1898.5515701540635,1898.490375107208,1898.5013510231374,100,0,1
2020.03.03,01:43:26,1898.447776685911,1898.453203600709,1898.3817572572304,1898.4123320480273,100,0,1
2020.03.04,01:43:26,1898.4119803451206,1898.4596862843123,1898.3716944546034,1898.3972822828857,100,0,1
2020.03.05,01:43:26,1898.4188896566068,1898.4209733873063,1898.364825405887,1898.4089547977464,100,0,1
2020.03.06,01:43:26,1898.5414289673258,1898.5737621173405,1898.4993321099769,1898.5100012054916,100,0,1
2020.03.07,01:43:26,1898.5139540213497,1898.5543697818828,1898.4320803643159,1898.4819314655963,100,0,1
2020.03.08,01:43:26,1898.470469768833,1898.5403311500313,1898.3975676209961,1898.3999000836486,100,0,1
2020.03.09,01:43:26,1898.5238087562652,1898.5844184010334,1898.4549924430562,1898.569943142517,100,0,1
2020.03.10,01:43:26,1898.4705477048747,1898.5105329468718,1898.4079526510964,1898.4682872311823,100,0,1
2020.03.11,01:43:26,1898.4312701293368,1898.4894296855239,1898.4166777045173,1898.4874580593464,100,0,1
2020.03.12,01:43:26,1898.4886734168026,1898.5659699027333,1898.3968144952935,1898.405949258582,100,0,1
2020.03.13,01:43:26,1898.5430369625462,1898.5894210265706,1898.512342441337,1898.5291924588041,100,0,1
2020.03.14,01:43:26,1898.5891623334521,1898.6493445560957,1898.560202398698,1898.6034140564595,100,0,1
2020.03.15,01:43:26,1898.549779577433,1898.594434298244,1898.4777807443038,1898.589083273504,100,0,1
2020.03.16,01:43:26,1898.5757319679897,1898.634849967957,1898.5540441194366,1898.5588925318423,100,0,1
2020.03.17,01:43:26,1898.6368673838458,1898.6873026284538,1898.5883312249487,1898.6485396911683,100,0,1
2020.03.18,01:43:26,1898.6293618711948,1898.6864648127817,1898.5728283325398,1898.5857922609844,100,0,1
2020.03.19,01:43:26,1898.5805624487773,1898.6209443989403,1898.5427141721975,1898.6148675596316,100,0,1
2020.03.20,01:43:26,1898.6481265945638,1898.6920746322164,1898.6290468450907,1898.675419206534,100,0,1
2020.03.21,01:43:26,1898.670363349796,1898.7371521757918,1898.6075582331675,1898.6916091037324,100,0,1
2020.03.22,01:43:26,1898.6148009379253,1898.6554500727195,1898.5728639754038,1898.6278721969288,100,0,1
2020.03.23,01:43:26,1898.5209666167766,1898.6162509283504,1898.492195272447,1898.5877381651142,100,0,1
2020.03.24,01:43:26,1898.4675770940523,1898.5395097481435,1898.3944370517593,1898.5294000706283,100,0,1
2020.03.25,01:43:26,1898.3768814045477,1898.4404822485383,1898.3411303236705,1898.380193844456,100,0,1
2020.03.26,01:43:26,1898.5031109528752,1898.5486044323234,1898.4684010057856,1898.535843678374,100,0,1
2020.03.27,01:43:26,1898.5253137716343,1898.6240549952413,1898.4405682319968,1898.5159423455812,100,0,1
2020.03.28,01:43:26,1898.4644551193862,1898.48529941934,1898.4030898489216,1898.4322677466798,100,0,1
2020.03.29,01:43:26,1898.5366416211355,1898.5882300615663,1898.4639206965912,1898.4995716116089,100,0,1
2020.03.30,01:43:26,1898.5190002954607,1898.5809612948788,1898.4934840293245,1898.5253885703266,100,0,1
2020.03.31,01:43:26,1898.5369790892876,1898.6063108726346,1898.4560910111354,1898.5821699526193,100,0,1
2020.04.01,01:43:26,1898.5709101245995,1898.6554987541044,1898.5140098398024,1898.5367011971257,100,0,1
2020.04.02,01:43:26,1898.7169373718204,1898.7637639698778,1898.683676349985,1898.7085610377897,100,0,1
2020.04.03,01:43:26,1898.7270776243688,1898.7615647684202,1898.67256993543,1898.7087481322749,100,0,1
2020.04.04,01:43:26,1898.8362283016747,1898.8850899694598,1898.7946116809758,1898.8176512994469,100,0,1
2020.04.05,01:43:26,1898.8962929271847,1898.939334595131,1898.8237826747982,1898.891651929269,100,0,1
2020.04.06,01:43:26,1898.813247123415,1898.8491422790976,1898.7690546341285,1898.7938946259858,100,0,1
2020.04.07,01:43:26,1898.7865258573918,1898.853066758515,1898.7077767818612,1898.8169408171689,100,0,1
2020.04.08,01:43:26,1898.7385210664731,1898.7522631924385,1898.6903197376314,1898.7259731205565,100,0,1
2020.04.09,01:43:26,1898.841637286082,1898.8978098959158,1898.7693207548352,1898.8701735238255,100,0,1
2020.04.10,01:43:26,1898.874078783019,1898.945921818361,1898.8467989546714,1898.8813961701198,100,0,1
2020.04.11,01:43:26,1898.7848937463075,1898.8363646301402,1898.7278489842865,1898.7329248508315,100,0,1
2020.04.12,01:43:26,1898.8472979641354,1898.8656366531602,1898.7860438909252,1898.8350087859747,100,0,1
2020.04.13,01:43:26,1898.8197633654897,1898.8545041328628,1898.7829428470557,1898.8266672191392,100,0,1
2020.04.14,01:43:26,1898.8926053902228,1898.984434922292,1898.8724931615677,1898.9580328226577,100,0,1
2020.04.15,01:43:26,1898.8506611286593,1898.925799952092,1898.7792396461232,1898.8949859670918,100,0,1
2020.04.16,01:43:26,1898.8220310466697,1898.8470807637705,1898.7784690337264,1898.7921487726028,100,0,1
2020.04.17,01:43:26,1898.8168727658583,1898.8930467641674,1898.7918787629508,1898.8568047483222,100,0,1
2020.04.18,01:43:26,1898.8354619553343,1898.9022222009576,1898.8110275064125,1898.870901138088,100,0,1
2020.04.19,01:43:26,1898.682933613618,1898.753002289297,1898.6182042009982,1898.685610321537,100,0,1
2020.04.20,01:43:26,1898.7144533020896,1898.7451330880067,1898.640749683548,1898.6601136078789,100,0,1
2020.04.21,01:43:26,1898.695947244419,1898.7335110065023,1898.6436625894705,1898.6804387937082,100,0,1
2020.04.22,01:43:26,1898.7163369313107,1898.7401336494643,1898.6439479603544,1898.673180261919,100,0,1
2020.04.23,01:43:26,1898.698508432562,1898.7660270491967,1898.6825015677618,1898.7005176368036,100,0,1
2020.04.24,01:43:26,1898.6443496873007,1898.7084912439634,1898.5856201057022,1898.7047307931673,100,0,1
2020.04.25,01:43:26,1898.7003355338595,1898.7426467978362,1898.6814276086945,1898.7182528357037,100,0,1
2020.04.26,01:43:26,1898.7846656913941,1898.8551738401572,1898.7106797937147,1898.8273637497418,100,0,1
2020.04.27,01:43:26,1898.7993216350792,1898.845955842967,1898.747104131246,1898.7779167086564,100,0,1
2020.04.28,01:43:26,1898.783594444532,1898.8344688421525,1898.721400834833,1898.8172955701891,100,0,1
2020.04.29,01:43:26,1898.7772030770425,1898.8272708693771,1898.7342990443312,1898.7446589541764,100,0,1
2020.04.30,01:43:26,1898.7470429023472,1898.7942701503125,1898.7263523055908,1898.729925808206,100,0,1
2020.05.01,01:43:26,1898.6869602413647,1898.7111256081557,1898.632293297462,1898.641897619537,100,0,1
2020.05.02,01:43:26,1898.6380936937041,1898.6811788477999,1898.5814196284282,1898.6106170487374,100,0,1
2020.05.03,01:43:26,1898.537300604379,1898.5754776007452,1898.4760771806673,1898.4886866313905,100,0,1
2020.05.04,01:43:26,1898.5606244811017,1898.6189131498386,1898.5110094849558,1898.5249538320786,100,0,1
2020.05.05,01:43:26,1898.5800798500463,1898.6476332143584,1898.5113858886416,1898.5946924720147,100,0,1
2020.05.06,01:43:26,1898.546726803437,1898.5963037837084,1898.5220452078283,1898.5398284162172,100,0,1
2020.05.07,01:43:26,1898.5748312578105,1898.6156022644036,1898.5243156728268,1898.5432964720771,100,0,1
2020.05.08,01:43:26,1898.5826667423266,1898.6233596089617,1898.5689962821912,1898.6131203019333,100,0,1
2020.05.09,01:43:26,1898.5631448465037,1898.6069509876459,1898.4686864653677,1898.5737604366102,100,0,1
2020.05.10,01:43:26,1898.5283113298908,1898.6042544473537,1898.4903968068636,1898.5181320280726,100,0,1
2020.05.11,01:43:26,1898.5022692616053,1898.5126497915153,1898.4436178894146,1898.4616829007923,100,0,1
2020.05.12,01:43:26,1898.469134928994,1898.5023243621974,1898.433280833236,1898.481062075299,100,0,1
2020.05.13,01:43:26,1898.5543676370871,1898.6307398437164,1898.4916060004512,1898.565905413098,100,0,1
2020.05.14,01:43:26,1898.5079232575204,1898.540543202258,1898.4576046618963,1898.514549459333,100,0,1
2020.05.15,01:43:26,1898.4766397128235,1898.4784446793224,1898.3941534867545,1898.408471054698,100,0,1
2020.05.16,01:43:26,1898.5084946983777,1898.5744107749972,1898.470418129669,1898.5226860504417,100,0,1
2020.05.17,01:43:26,1898.5060693954601,1898.5557040583237,1898.4754012742364,1898.4838254065073,100,0,1
2020.05.18,01:43:26,1898.4888411311265,1898.5204649256161,1898.4417993427153,1898.4684695748233,100,0,1
2020.05.19,01:43:26,1898.4517542923588,1898.4994119297523,1898.385192241336,1898.4598428188817,100,0,1
2020.05.20,01:43:26,1898.463156667761,1898.512532772804,1898.4142306072276,1898.4807134440728,100,0,1
2020.05.21,01:43:26,1898.419308945605,1898.4920886257069,1898.3660859359627,1898.4171057193084,100,0,1
2020.05.22,01:43:26,1898.4934607994448,1898.5562219303006,1898.4460335830488,1898.4562703198478,100,0,1
2020.05.23,01:43:26,1898.4886155981992,1898.5568047656504,1898.3985812111275,1898.4777673660374,100,0,1
2020.05.24,01:43:26,1898.4211393333458,1898.474994302829,1898.3516641950341,1898.4467009671814,100,0,1
2020.05.25,01:43:26,1898.5104165487637,1898.5893028092223,1898.4453337227003,1898.5302725567997,100,0,1
2020.05.26,01:43:26,1898.5559825818937,1898.6058498743155,1898.493573209763,1898.5754811678214,100,0,1
2020.05.27,01:43:26,1898.5010925091008,1898.5670350181383,1898.4505693409196,1898.5418178219013,100,0,1
2020.05.28,01:43:26,1898.452590051387,1898.4727723262395,1898.4123374232365,1898.4500965730556,100,0,1
2020.05.29,01:43:26,1898.3057727115513,1898.3201762419942,1898.2669443147813,1898.2690767274662,100,0,1
2020.05.30,01:43:26,1898.3577355503446,1898.4006668832633,1898.3267576618973,1898.382506495891,100,0,1
2020.05.31,01:43:26,1898.3699665261722,1898.4393704737179,1898.3361736874044,1898.3695837854611,100,0,1
2020.06.01,01:43:26,1898.3651516107675,1898.420813813962,1898.2558563088262,1898.4094313044998,100,0,1
2020.06.02,01:43:26,1898.3621911049138,1898.3929608533774,1898.3046268476428,1898.3359813734633,100,0,1
2020.06.03,01:43:26,1898.419662812923,1898.495441887245,1898.3650129144557,1898.4655153287663,100,0,1
2020.06.04,01:43:26,1898.3642663636285,1898.4296695752892,1898.341516959751,1898.393092354864,100,0,1
2020.06.05,01:43:26,1898.4175702570597,1898.452096760914,1898.395081918141,1898.421742649097,100,0,1
2020.06.06,01:43:26,1898.2700108382853,1898.302275623841,1898.2302362530686,1898.297834079551,100,0,1
2020.06.07,01:43:26,1898.2991941895066,1898.3432233477142,1898.2419283301288,1898.304118609911,100,0,1
2020.06.08,01:43:26,1898.3245011722365,1898.371883908547,1898.250393241084,1898.2506657230037,100,0,1
2020.06.09,01:43:26,1898.352494570862,1898.3988601932401,1898.2659876867215,1898.3110604496178,100,0,1
2020.06.10,01:43:26,1898.3408400581109,1898.4159729901323,1898.275031604939,1898.3762897346298,100,0,1
2020.06.11,01:43:26,1898.2869706554811,1898.319138659199,1898.228668146466,1898.2590191380496,100,0,1
2020.06.12,01:43:26,1898.2936974679608,1898.3618047184373,1898.2393325302278,1898.2693335332374,100,0,1
2020.06.13,01:43:26,1898.313949058437,1898.3825064506657,1898.261794132465,1898.2941922600664,100,0,1
2020.06.14,01:43:26,1898.168414574215,1898.2038867281046,1898.105578070107,1898.1332046484965,100,0,1
2020.06.15,01:43:26,1898.2429041680568,1898.2808856788552,1898.1976881965315,1898.2644982820698,100,0,1
2020.06.16,01:43:26,1898.2177720915793,1898.3051788875616,1898.2016514835577,1898.2561108915409,100,0,1
2020.06.17,01:43:26,1898.2464318717673,1898.2911872004888,1898.176118519987,1898.214530577753,100,0,1
2020.06.18,01:43:26,1898.1848211244235,1898.2466144809478,1898.1107424736358,1898.1989526158784,100,0,1
2020.06.19,01:43:26,1898.2004709667222,1898.2681951077661,1898.1460790548658,1898.2191701633453,100,0,1
2020.06.20,01:43:26,1898.2369717858771,1898.2813894829037,1898.1782069635995,1898.2586307265444,100,0,1
2020.06.21,01:43:26,1898.3172138375771,1898.3405110058197,1898.2549523100156,1898.325664652804,100,0,1
2020.06.22,01:43:26,1898.3681257814735,1898.391435674361,1898.3242339619476,1898.3642442397029,100,0,1
2020.06.23,01:43:26,1898.3507478770155,1898.4393025761449,1898.296762696405,1898.3350716051707,100,0,1
2020.06.24,01:43:26,1898.3629616218627,1898.4093204968353,1898.325968034741,1898.4047682322027,100,0,1
2020.06.25,01:43:26,1898.3826148255657,1898.4465079487743,1898.3426620085102,1898.3492431947907,100,0,1
2020.06.26,01:43:26,1898.4043601433452,1898.4506591552918,1898.3131350924755,1898.3989498325852,100,0,1
2020.06.27,01:43:26,1898.4580385981808,1898.512836468901,1898.3974263372647,1898.4503670023855,100,0,1
2020.06.28,01:43:26,1898.4308442538422,1898.5010290671107,1898.3961048126841,1898.4153040725535,100,0,1
2020.06.29,01:43:26,1898.4531633346605,1898.5115429080815,1898.3957564444213,1898.4101990641268,100,0,1
2020.06.30,01:43:26,1898.384814108363,1898.4188715071784,1898.3307253963408,1898.3387043121572,100,0,1
2020.07.01,01:43:26,1898.3844562851796,1898.4406077797312,1898.3263920793013,1898.361464409128,100,0,1
2020.07.02,01:43:26,1898.378909053261,1898.4294177529093,1898.3206880528571,1898.3701996510456,100,0,1
2020.07.03,01:43:26,1898.308657719845,1898.3555077926937,1898.2298702836008,1898.280766057799,100,0,1
2020.07.04,01:43:26,1898.2538168646993,1898.2929368154514,1898.23563373131,1898.2879738555255,100,0,1
2020.07.05,01:43:26,1898.2389251933525,1898.2493591397765,1898.215742007868,1898.2316382501622,100,0,1
2020.07.06,01:43:26,1898.2884339265117,1898.3646126983724,1898.2019614629437,1898.2074355922234,100,0,1
2020.07.07,01:43:26,1898.2163386725329,1898.2706781829506,1898.1307722913666,1898.171511838304,100,0,1
2020.07.08,01:43:26,1898.2298347754204,1898.2860605950634,1898.1502288133863,1898.1671890624912,100,0,1
2020.07.09,01:43:26,1898.14205935814,1898.208547997936,1898.0969281228222,1898.1509516530268,100,0,1
2020.07.10,01:43:26,1898.1663882058688,1898.2315702880987,1898.1410974606745,1898.2078850183782,100,0,1
2020.07.11,01:43:26,1898.1852853237274,1898.2162621878335,1898.1168791169705,1898.1214287635032,100,0,1
2020.07.12,01:43:26,1898.1192389848607,1898.1635029020276,1898.077686480937,1898.1297830346316,100,0,1
2020.07.13,01:43:26,1898.1878199143314,1898.2108839182677,1898.1098726885743,1898.1710585620697,100,0,1
2020.07.14,01:43:26,1898.245484253637,1898.2560155668095,1898.2191487407306,1898.2464649621545,100,0,1
2020.07.15,01:43:26,1898.239574523945,1898.3037927301596,1898.1581458941926,1898.2687350619246,100,0,1
2020.07.16,01:43:26,1898.1549692483954,1898.198073503188,1898.116278674904,1898.1820718066635,100,0,1
2020.07.17,01:43:26,1898.1415429605995,1898.168442987932,1898.1088950056726,1898.1435488680404,100,0,1
2020.07.18,01:43:26,1898.1033978908947,1898.123204223979,1898.0529909366599,1898.0809565823922,100,0,1
2020.07.19,01:43:26,1898.0722572037241,1898.1134329498227,1898.0392609792762,1898.0816426080662,100,0,1
2020.07.20,01:43:26,1898.0803726149886,1898.120593514399,1898.0407670926932,1898.045930276965,100,0,1
2020.07.21,01:43:26,1898.0902555011128,1898.1518141344245,1897.9990535124955,1898.0455177870865,100,0,1
2020.07.22,01:43:26,1898.0701874236472,1898.146676823634,1897.9954618365625,1898.1197873758697,100,0,1
2020.07.23,01:43:26,1898.0606596484758,1898.1229753649216,1897.9870304123442,1898.0865103985643,100,0,1
2020.07.24,01:43:26,1898.0166189050944,1898.0488689874264,1897.9734480437266,1898.046436484133,100,0,1
2020.07.25,01:43:26,1898.1241099663591,1898.1812291798258,1898.0710078656969,1898.165521909188,100,0,1
2020.07.26,01:43:26,1898.2170132254191,1898.2655653950537,1898.1854334852728,1898.1863445298636,100,0,1
2020.07.27,01:43:26,1898.2544058416202,1898.2580823070211,1898.206119563303,1898.2330876153953,100,0,1
2020.07.28,01:43:26,1898.2527906570697,1898.3493921552354,1898.1785256039702,1898.3295747363125,100,0,1
2020.07.29,01:43:26,1898.3145904278426,1898.3386424455643,1898.2568573220492,1898.328447899711,100,0,1
2020.07.30,01:43:26,1898.2270398359458,1898.300954618283,1898.1608034055905,1898.243778109804,100,0,1
2020.07.31,01:43:26,1898.2269244307722,1898.2560039589862,1898.1892184515261,1898.2266069447396,100,0,1
2020.08.01,01:43:26,1898.293214170559,1898.3750338773975,1898.22072275233,1898.2795646394356,100,0,1
2020.08.02,01:43:26,1898.2903577708187,1898.3574804426078,1898.2153907927418,1898.279827548474,100,0,1
2020.08.03,01:43:26,1898.3632231231966,1898.4204658193237,1898.339392068887,1898.4150057508932,100,0,1
2020.08.04,01:43:26,1898.5414973279705,1898.591883537487,1898.4936473071264,1898.5790271257038,100,0,1
2020.08.05,01:43:26,1898.5953251812332,1898.6385130216613,1898.5584126321442,1898.600676011302,100,0,1
2020.08.06,01:43:26,1898.6236310948696,1898.6700960791566,1898.6027353550073,1898.6267068175102,100,0,1
2020.08.07,01:43:26,1898.615338568496,1898.642956696718,1898.5718494221114,1898.5915145686881,100,0,1
2020.08.08,01:43:26,1898.639878348011,1898.6620956734541,1898.6017671392704,1898.614585533739,100,0,1
2020.08.09,01:43:26,1898.6575628753196,1898.737848122516,1898.602145188981,1898.6031313096998,100,0,1
2020.08.10,01:43:26,1898.6894106822258,1898.7375986558206,1898.6412214388574,1898.7044662398837,100,0,1
2020.08.11,01:43:26,1898.7041643537802,1898.7534859988955,1898.642066935953,1898.7078831473384,100,0,1
2020.08.12,01:43:26,1898.6798023218487,1898.732022339426,1898.5924505224757,1898.6290166368835,100,0,1
2020.08.13,01:43:26,1898.6140274537643,1898.6627679610178,1898.58374606511,1898.6538488424358,100,0,1
2020.08.14,01:43:26,1898.5668677911835,1898.6331435987338,1898.5394616166066,1898.5956226978255,100,0,1
2020.08.15,01:43:26,1898.5518335630888,1898.5950443581573,1898.5216693350083,1898.5879623095796,100,0,1
2020.08.16,01:43:26,1898.4599498316597,1898.4954930542474,1898.4308960348635,1898.4746962894003,100,0,1
2020.08.17,01:43:26,1898.3868661050221,1898.4369600444202,1898.3319487710935,1898.3815837013099,100,0,1
2020.08.18,01:43:26,1898.4901061482478,1898.5183704728279,1898.4183318365062,1898.4260733556619,100,0,1
2020.08.19,01:43:26,1898.4946930285266,1898.5367135506156,1898.440563477367,1898.5029116308458,100,0,1
2020.08.20,01:43:26,1898.4401884543747,1898.541037744449,1898.42201464001,1898.5316835482622,100,0,1
2020.08.21,01:43:26,1898.294255809509,1898.3101936055766,1898.2249540652851,1898.2413442612599,100,0,1
2020.08.22,01:43:26,1898.2000064773204,1898.2668555798982,1898.175698731597,1898.1851709701157,100,0,1
2020.08.23,01:43:26,1898.2298002814211,1898.2668204810543,1898.1985188021108,1898.253432012392,100,0,1
2020.08.24,01:43:26,1898.1633471242294,1898.2351026253264,1898.0746896856183,1898.2240110998664,100,0,1
2020.08.25,01:43:26,1898.26025935818,1898.312257122583,1898.2130469027634,1898.221869053355,100,0,1
2020.08.26,01:43:26,1898.1947258015362,1898.258978834863,1898.181730741398,1898.1820782408984,100,0,1
2020.08.27,01:43:26,1898.2296666540626,1898.2647988164942,1898.1883865778086,1898.1951865102044,100,0,1
2020.08.28,01:43:26,1898.2281705946345,1898.2918183086135,1898.178760700247,1898.2607655524916,100,0,1
2020.08.29,01:43:26,1898.1680024386292,1898.205727937228,1898.1449933704055,1898.202732722513,100,0,1
2020.08.30,01:43:26,1898.1571667030269,1898.22406790888,1898.1005089049168,1898.1977818803814,100,0,1
2020.08.31,01:43:26,1898.1728831022165,1898.2310685678958,1898.1268699730545,1898.156008537499,100,0,1
2020.09.01,01:43:26,1898.2124303519852,1898.2718927643632,1898.1738496540513,1898.2185348614653,100,0,1
2020.09.02,01:43:26,1898.2289190405918,1898.230222101542,1898.1875208367192,1898.2002773651848,100,0,1
2020.09.03,01:43:26,1898.206007087526,1898.2421299894115,1898.1518882406917,1898.2303069639413,100,0,1
2020.09.04,01:43:26,1898.282886666417,1898.3097867344377,1898.211386737081,1898.2265542988885,100,0,1
2020.09.05,01:43:26,1898.2418293979326,1898.319454294329,1898.1776799246904,1898.2021924179533,100,0,1
2020.09.06,01:43:26,1898.2474016227209,1898.3072470177628,1898.1957441486127,1898.301675346333,100,0,1
2020.09.07,01:43:26,1898.1803035283665,1898.2165193574779,1898.1397732206844,1898.164848513492,100,0,1
2020.09.08,01:43:26,1898.2277479343009,1898.2757798582268,1898.1607108192118,1898.2618550152051,100,0,1
2020.09.09,01:43:26,1898.21514870426,1898.239692585967,1898.1557170021808,1898.203654210162,100,0,1
2020.09.10,01:43:26,1898.2693607784238,1898.2967833647842,1898.1894891465915,1898.2902689012258,100,0,1
2020.09.11,01:43:26,1898.3001433923143,1898.3867207556123,1898.2655188864105,1898.3211086302504,100,0,1
2020.09.12,01:43:26,1898.3125198459288,1898.3749271749675,1898.2348191202448,1898.2458110969017,100,0,1
2020.09.13,01:43:26,1898.1904354569674,1898.269920565003,1898.1318588458237,1898.2278510326748,100,0,1
2020.09.14,01:43:26,1898.2241218421711,1898.2798678697002,1898.1708353578897,1898.215235588447,100,0,1
2020.09.15,01:43:26,1898.0784169153549,1898.1535586689715,1898.0062365120696,1898.0394844199095,100,0,1
2020.09.16,01:43:26,1898.158273857749,1898.2274234972901,1898.0906965201439,1898.1310432174555,100,0,1
2020.09.17,01:43:26,1898.1548542642681,1898.229561393037,1898.1096651582066,1898.1247536625167,100,0,1
2020.09.18,01:43:26,1898.193851074313,1898.255679149626,1898.146765335488,1898.156967137967,100,0,1
2020.09.19,01:43:26,1898.1727138763013,1898.2222186897534,1898.1109626180553,1898.200192253788,100,0,1
2020.09.20,01:43:26,1898.1605969765171,1898.1820162330412,1898.1064839816947,1898.1382163837513,100,0,1
2020.09.21,01:43:26,1898.2054576021906,1898.2844163263499,1898.1357889269516,1898.2195284896743,100,0,1
2020.09.22,01:43:26,1898.0937562637866,1898.1584968981426,1898.047717051309,1898.1054081896093,100,0,1
2020.09.23,01:43:26,1898.1232811298275,1898.1539107240494,1898.0585219405489,1898.090353509625,100,0,1
2020.09.24,01:43:26,1898.1188621046763,1898.1715372469282,1898.1103586319657,1898.1412283460552,100,0,1
2020.09.25,01:43:26,1898.0832780312985,1898.0904052137287,1898.0363479855491,1898.042621247372,100,0,1
2020.09.26,01:43:26,1898.0669436346534,1898.1012216027639,1897.9917496947833,1898.0985958799554,100,0,1
2020.09.27,01:43:26,1897.9808770561685,1898.0608984368196,1897.9254296526447,1898.01199679016,100,0,1
2020.09.28,01:43:26,1897.9541320742062,1898.0193806275386,1897.910302000975,1897.969480981146,100,0,1
2020.09.29,01:43:26,1897.8594435975301,1897.88215919205,1897.8429664408295,1897.8497012457156,100,0,1
2020.09.30,01:43:26,1897.8750193118583,1897.9037239032002,1897.839091290079,1897.854287350216,100,0,1
2020.10.01,01:43:26,1897.9332136897804,1897.9845872590583,1897.8608442256439,1897.9750470730223,100,0,1
2020.10.02,01:43:26,1897.9860624403323,1898.0081186813115,1897.909552161599,1897.9735061053984,100,0,1
2020.10.03,01:43:26,1897.9576327130865,1898.007252073822,1897.882147028472,1898.0016702434589,100,0,1
2020.10.04,01:43:26,1898.0251000498338,1898.0936453644517,1898.01883179206,1898.0850157117422,100,0,1
2020.10.05,01:43:26,1898.0603421175726,1898.1060150469098,1898.0312470304648,1898.0509046504899,100,0,1
2020.10.06,01:43:26,1898.0272700905323,1898.0583488661719,1897.9618295200576,1898.0195078639201,100,0,1
2020.10.07,01:43:26,1898.0652155027094,1898.1086063324044,1898.0269804415227,1898.0398352513598,100,0,1
2020.10.08,01:43:26,1898.0942749782173,1898.1270251566,1898.0889850956148,1898.1162268159267,100,0,1
2020.10.09,01:43:26,1898.117265047219,1898.1577783161881,1898.0832323995305,1898.140043213941,100,0,1
2020.10.10,01:43:26,1898.095485648569,1898.1532439353412,1898.0552638190436,1898.0731305872607,100,0,1
2020.10.11,01:43:26,1898.0784526118257,1898.1121648047188,1898.050285960605,1898.0835875509938,100,0,1
2020.10.12,01:43:26,1898.1059515168763,1898.1599341940869,1898.0072269922964,1898.0077600890693,100,0,1
2020.10.13,01:43:26,1898.1803116809087,1898.2478657247739,1898.1059806800251,1898.179797280994,100,0,1
2020.10.14,01:43:26,1898.0815283252205,1898.1296056626509,1898.02035219034,1898.0903381450123,100,0,1
2020.10.15,01:43:26,1898.1051708106402,1898.1778442937175,1898.0319036032759,1898.0892036127461,100,0,1
2020.10.16,01:43:26,1898.0114138544507,1898.0648235416609,1897.9769522082154,1898.0566943838821,100,0,1
2020.10.17,01:43:26,1898.0249477362697,1898.077070330331,1897.967882326775,1897.9851148971238,100,0,1
2020.10.18,01:43:26,1898.0488019009429,1898.102040433121,1898.021402627759,1898.0384849684087,100,0,1
2020.10.19,01:43:26,1897.944535341701,1897.971968569956,1897.8838597619933,1897.915931016829,100,0,1
2020.10.20,01:43:26,1897.835360582861,1897.9174936413726,1897.7851265454299,1897.8148885500584,100,0,1
2020.10.21,01:43:26,1897.8759616174618,1897.9187370840684,1897.8074082697865,1897.8417737843,100,0,1
2020.10.22,01:43:26,1898.0112071958179,1898.0601770003632,1897.9183429391674,1898.052499674098,100,0,1
2020.10.23,01:43:26,1898.0099517775097,1898.0854126644992,1897.9828663680964,1898.040796829069,100,0,1
2020.10.24,01:43:26,1898.078323525852,1898.1596427070178,1898.0232930949628,1898.0660585903047,100,0,1
2020.10.25,01:43:26,1898.0863069727404,1898.1512352642656,1898.040364650867,1898.0895191785878,100,0,1
2020.10.26,01:43:26,1898.158731015648,1898.203058773572,1898.1405879082029,1898.1409304026313,100,0,1
2020.10.27,01:43:26,1898.1477419606083,1898.2146873974357,1898.1107262388168,1898.188335346216,100,0,1
2020.10.28,01:43:26,1898.1154015564134,1898.2125241078431,1898.089714643313,1898.1193501987882,100,0,1
2020.10.29,01:43:26,1898.0775537918234,1898.124095574101,1898.0190536813898,1898.060372794208,100,0,1
2020.10.30,01:43:26,1898.0736570528832,1898.1154581092267,1898.0278715023123,1898.0702234140829,100,0,1
2020.10.31,01:43:26,1898.0956567970563,1898.1312758131144,1898.0206664347172,1898.0776736700336,100,0,1
2020.11.01,01:43:26,1897.9898870268769,1898.0007092933686,1897.968858474413,1897.993348127002,100,0,1
2020.11.02,01:43:26,1898.0201158690722,1898.083910170037,1897.9787890416728,1898.0095553712029,100,0,1
2020.11.03,01:43:26,1897.9808202080117,1898.0280718621468,1897.9220892577637,1897.9342150648117,100,0,1
2020.11.04,01:43:26,1898.0360329534099,1898.0663188191327,1897.9736064355345,1898.0243517668634,100,0,1
2020.11.05,01:43:26,1897.9968103245255,1898.0345554398434,1897.9532206138438,1897.9969541874927,100,0,1
2020.11.06,01:43:26,1897.9542337821904,1898.0240667341855,1897.9223008116635,1897.9458776583233,100,0,1
2020.11.07,01:43:26,1897.9876992063778,1898.05684569808,1897.91124588076,1898.0388840176513,100,0,1
2020.11.08,01:43:26,1898.0315828111663,1898.0916636053596,1897.987890737454,1897.9937191136576,100,0,1
2020.11.09,01:43:26,1897.9596460658015,1898.0297938451615,1897.9309570210314,1898.0084793398821,100,0,1
2020.11.10,01:43:26,1898.0378809542194,1898.1244971223352,1897.991523688186,1898.0088537762335,100,0,1
2020.11.11,01:43:26,1898.1425930670748,1898.2079689001096,1898.1298846279944,1898.2004185832134,100,0,1
2020.11.12,01:43:26,1898.1316260129101,1898.2050022295102,1898.0671820793682,1898.1235394309035,100,0,1
2020.11.13,01:43:26,1898.0670137342902,1898.1392768930205,1898.019919102996,1898.054923976531,100,0,1
2020.11.14,01:43:26,1898.1768589651101,1898.289963290756,1898.142568872035,1898.1581643837276,100,0,1
2020.11.15,01:43:26,1898.2446386510467,1898.2818420655115,1898.1709176528375,1898.2363557909725,100,0,1
2020.11.16,01:43:26,1898.2613590892252,1898.318933162688,1898.1865860800715,1898.236098119395,100,0,1
2020.11.17,01:43:26,1898.2672262751373,1898.311819502625,1898.2274596840043,1898.2342507253427,100,0,1
2020.11.18,01:43:26,1898.2303652203775,1898.2930008107892,1898.166175759557,1898.2789189831835,100,0,1
2020.11.19,01:43:26,1898.2012449243998,1898.2528453583145,1898.1552647223602,1898.2479468687009,100,0,1
2020.11.20,01:43:26,1898.1800488928625,1898.2132445542393,1898.1237720454444,1898.198193654453,100,0,1
2020.11.21,01:43:26,1898.1770508645538,1898.2238439587716,1898.1121512605578,1898.1935590018559,100,0,1
2020.11.22,01:43:26,1898.254097233535,1898.3064686901157,1898.2183637329897,1898.2283368145297,100,0,1
2020.11.23,01:43:26,1898.1719006436545,1898.2062242623465,1898.128049130209,1898.145299928498,100,0,1
2020.11.24,01:43:26,1898.2225621869434,1898.2653237738023,1898.1972459127912,1898.2424992429603,100,0,1
2020.11.25,01:43:26,1898.256110753142,1898.2656840633247,1898.1879899593632,1898.2375975709024,100,0,1
2020.11.26,01:43:26,1898.2096653652814,1898.2895926807607,1898.1815278109589,1898.2694052686006,100,0,1
2020.11.27,01:43:26,1898.2094205318378,1898.2723146598557,1898.1720866981595,1898.1872982589261,100,0,1
2020.11.28,01:43:26,1898.2118539150495,1898.2777271345344,1898.1829088202755,1898.277086384537,100,0,1
2020.11.29,01:43:26,1898.2367540727014,1898.2902303553296,1898.1944522492863,1898.2226947349054,100,0,1
2020.11.30,01:43:26,1898.2504297882756,1898.2740565197037,1898.2149673262577,1898.2192756228283,100,0,1
2020.12.01,01:43:26,1898.22830823821,1898.267367619029,1898.159161351941,1898.1738089389887,100,0,1
2020.12.02,01:43:26,1898.3029352316382,1898.3430849132665,1898.259633704649,1898.275179733163,100,0,1
2020.12.03,01:43:26,1898.3365118503086,1898.4192829767155,1898.2879241576898,1898.3857865573038,100,0,1
2020.12.04,01:43:26,1898.2497529238922,1898.3087378097978,1898.1970315592391,1898.2049552813137,100,0,1
2020.12.05,01:43:26,1898.2474700293722,1898.3236040564304,1898.1602761226266,1898.2739900662668,100,0,1
2020.12.06,01:43:26,1898.2286041330606,1898.2760466402267,1898.1496408042874,1898.236105353277,100,0,1
2020.12.07,01:43:26,1898.2085319204634,1898.2579717991046,1898.1246756254661,1898.177437315709,100,0,1
2020.12.08,01:43:26,1898.1299596105073,1898.1373747835817,1898.0716970207307,1898.0981229282013,100,0,1
2020.12.09,01:43:26,1898.0925066922553,1898.1673478693922,1897.9914900822098,1898.101789698732,100,0,1
2020.12.10,01:43:26,1898.0365236133823,1898.090589909811,1897.9716869188605,1898.0400888552529,100,0,1
2020.12.11,01:43:26,1898.0033495894102,1898.0732003417966,1897.9391956628183,1898.000188842386,100,0,1
2020.12.12,01:43:26,1898.0668127041263,1898.1353093704104,1898.0305802771695,1898.0356745813697,100,0,1
2020.12.13,01:43:26,1898.0667575437747,1898.097928646292,1898.0348399237798,1898.0723416806984,100,0,1
2020.12.14,01:43:26,1898.1670701192954,1898.2061243908888,1898.1095448414662,1898.1415963079444,100,0,1
2020.12.15,01:43:26,1898.1775586350982,1898.2259395089093,1898.1487775905555,1898.177401367541,100,0,1
2020.12.16,01:43:26,1898.250632160025,1898.2849553886429,1898.2249338374095,1898.2748638321239,100,0,1
2020.12.17,01:43:26,1898.2637630825748,1898.2995630647933,1898.2082334148874,1898.217356200925,100,0,1
2020.12.18,01:43:26,1898.2126484884038,1898.2267783283278,1898.1983550401299,1898.2257408756818,100,0,1
2020.12.19,01:43:26,1898.131341290558,1898.1844368400489,1898.0759073479135,1898.1759896515507,100,0,1
2020.12.20,01:43:26,1898.1447906191095,1898.1834489262085,1898.1226961148823,1898.155294110444,100,0,1
2020.12.21,01:43:26,1898.155828327064,1898.2048625588968,1898.1172530664433,1898.187311388143,100,0,1
2020.12.22,01:43:26,1898.1276143965024,1898.1426726313377,1898.069091046518,1898.1289250894247,100,0,1
2020.12.23,01:43:26,1898.133775206737,1898.182067258154,1898.0678937424998,1898.1223300492309,100,0,1
2020.12.24,01:43:26,1898.0909902791216,1898.1524726068799,1898.0568484229013,1898.0723801738543,100,0,1
2020.12.25,01:43:26,1898.0780857796651,1898.153162247247,1898.0402966868103,1898.045418498343,100,0,1
2020.12.26,01:43:26,1898.0389364646865,1898.0899315402653,1897.9776566316555,1898.0277904842899,100,0,1
2020.12.27,01:43:26,1897.9839626768444,1898.0281572785784,1897.9262280789565,1898.0170901750835,100,0,1
2020.12.28,01:43:26,1897.8684189070443,1897.88105993538,1897.8152666184992,1897.817370720917,100,0,1
2020.12.29,01:43:26,1897.8334470128727,1897.9033983425609,1897.7808950733279,1897.7809909540733,100,0,1
2020.12.30,01:43:26,1897.845176413125,1897.8738849367237,1897.8153068453566,1897.8410676754856,100,0,1
2020.12.31,01:43:26,1897.8534968598947,1897.9004091243598,1897.8436448325303,1897.8801350609656,100,0,1
2021.01.01,01:43:26,1897.8937241019014,1897.9421172030225,1897.8446818265274,1897.9185861580447,100,0,1
2021.01.02,01:43:26,1897.8406970555761,1897.8880997235403,1897.7727152151815,1897.828839576736,100,0,1
2021.01.03,01:43:26,1897.926763472125,1897.9503339172759,1897.8299471008354,1897.8431274345744,100,0,1
2021.01.04,01:43:26,1897.8737806176775,1897.9384263814984,1897.8317402898442,1897.9350883937275,100,0,1
2021.01.05,01:43:26,1897.844218533618,1897.9082332794994,1897.7821838099003,1897.8257243108706,100,0,1
2021.01.06,01:43:26,1897.8736484817312,1897.9326065749035,1897.818715199259,1897.923706753991,100,0,1
2021.01.07,01:43:26,1897.7652005140599,1897.8505817956143,1897.7055783899505,1897.7651126956548,100,0,1
2021.01.08,01:43:26,1897.7389806020453,1897.7939028438989,1897.7021813436136,1897.7912441336398,100,0,1
2021.01.09,01:43:26,1897.713121761733,1897.7654795879248,1897.6716450430467,1897.7118875546944,100,0,1
2021.01.10,01:43:26,1897.7069449048508,1897.7495796897795,1897.6577905901124,1897.7408897139446,100,0,1
2021.01.11,01:43:26,1897.6635914436629,1897.7471370263963,1897.6246499536664,1897.654316038913,100,0,1
2021.01.12,01:43:26,1897.6770152288993,1897.712477893208,1897.62404897996,1897.670866308275,100,0,1
2021.01.13,01:43:26,1897.6674904924866,1897.7148365192859,1897.6151246007832,1897.6735611619806,100,0,1
2021.01.14,01:43:26,1897.6178283074983,1897.6397333422697,1897.5451714215483,1897.5717698521992,100,0,1
2021.01.15,01:43:26,1897.524351252017,1897.570928695559,1897.4336088373425,1897.4362014784688,100,0,1
2021.01.16,01:43:26,1897.4907288071563,1897.5289319278197,1897.4492696635275,1897.4567274532003,100,0,1
2021.01.17,01:43:26,1897.473368894861,1897.535859466643,1897.4232785743966,1897.4596000326103,100,0,1
2021.01.18,01:43:26,1897.457427452226,1897.5241123340284,1897.4059752264407,1897.5023206162036,100,0,1
2021.01.19,01:43:26,1897.4906737570018,1897.5434581227846,1897.438214662335,1897.4420065587876,100,0,1
2021.01.20,01:43:26,1897.4879076180027,1897.5374496614625,1897.4309777278254,1897.4937035593227,100,0,1
2021.01.21,01:43:26,1897.5392760951888,1897.607865454326,1897.4690186681223,1897.5189140536907,100,0,1
2021.01.22,01:43:26,1897.5389990551557,1897.6008871527818,1897.470457552864,1897.597276840159,100,0,1
2021.01.23,01:43:26,1897.5265114100655,1897.5721913357313,1897.4457897316872,1897.4496726838456,100,0,1
2021.01.24,01:43:26,1897.5474497209966,1897.6042065298805,1897.5066120653898,1897.514449470113,100,0,1
2021.01.25,01:43:26,1897.5483887459698,1897.5578616071573,1897.4807978294411,1897.5238802873325,100,0,1
2021.01.26,01:43:26,1897.4298741663604,1897.4875360883755,1897.373373724057,1897.4254017121868,100,0,1
2021.01.27,01:43:26,1897.4750748834224,1897.5103604972467,1897.430132429775,1897.4759703573338,100,0,1
2021.01.28,01:43:26,1897.4391736429081,1897.4693521465167,1897.3918694468323,1897.4579030692832,100,0,1
2021.01.29,01:43:26,1897.48343461126,1897.509448619761,1897.444703340572,1897.4662956556126,100,0,1
2021.01.30,01:43:26,1897.4529963673717,1897.4928810907477,1897.3880758545383,1897.4196818809576,100,0,1
2021.01.31,01:43:26,1897.4916244760932,1897.5206499258832,1897.4309781646402,1897.4393358383932,100,0,1
2021.02.01,01:43:26,1897.422579038936,1897.4850302405684,1897.3874085095313,1897.445271564376,100,0,1
2021.02.02,01:43:26,1897.5255328984979,1897.6168089248463,1897.479605123608,1897.595440126069,100,0,1
2021.02.03,01:43:26,1897.5467499234248,1897.6203431510562,1897.5091718719964,1897.5359587418313,100,0,1
2021.02.04,01:43:26,1897.5689079820038,1897.6379590422243,1897.5235865727007,1897.583177219587,100,0,1
2021.02.05,01:43:26,1897.5267580620396,1897.5402343306575,1897.4596305559844,1897.4897861798913,100,0,1
2021.02.06,01:43:26,1897.485303867238,1897.5437991778897,1897.4513050996445,1897.4854760883131,100,0,1
2021.02.07,01:43:26,1897.4940897258757,1897.5486404538851,1897.4466404443413,1897.4718798270483,100,0,1
2021.02.08,01:43:26,1897.4679650624944,1897.5273576820016,1897.4098397338942,1897.5183995916168,100,0,1
2021.02.09,01:43:26,1897.4284914613584,1897.4694804893088,1897.3798464384186,1897.393498908415,100,0,1
2021.02.10,01:43:26,1897.4271933207021,1897.4490244452127,1897.3906073808034,1897.4106569018115,100,0,1
2021.02.11,01:43:26,1897.4406886186032,1897.4734813514822,1897.3841818859912,1897.4587211385958,100,0,1
2021.02.12,01:43:26,1897.4546998948808,1897.5323479355795,1897.3918181877577,1897.5029834300249,100,0,1
2021.02.13,01:43:26,1897.349525117597,1897.430809484239,1897.286843665159,1897.3626222592368,100,0,1
2021.02.14,01:43:26,1897.2388729558645,1897.322715187076,1897.19091789639,1897.232500984264,100,0,1
2021.02.15,01:43:26,1897.1122726146,1897.1741142923117,1897.0875706458687,1897.1541043677526,100,0,1
2021.02.16,01:43:26,1897.1718138323,1897.250035868629,1897.12574255991,1897.1654582020528,100,0,1
2021.02.17,01:43:26,1897.2505339714235,1897.2995370254796,1897.2040375086547,1897.2939767978494,100,0,1
2021.02.18,01:43:26,1897.277649197854,1897.3016091802674,1897.2416010979077,1897.2532594830589,100,0,1
2021.02.19,01:43:26,1897.3203880008218,1897.3518370345462,1897.2741623944805,1897.3215103596365,100,0,1
2021.02.20,01:43:26,1897.2766617683753,1897.3217373673392,1897.2390920870669,1897.2919148285644,100,0,1
2021.02.21,01:43:26,1897.2741062318642,1897.316990350982,1897.2116641723603,1897.3067316392821,100,0,1
2021.02.22,01:43:26,1897.2599141922956,1897.338613225683,1897.212862642535,1897.271586552554,100,0,1
2021.02.23,01:43:26,1897.3736809521704,1897.4171192718359,1897.3491332611943,1897.3845426025428,100,0,1
2021.02.24,01:43:26,1897.4113756241047,1897.435300406991,1897.3440761474683,1897.4294401889256,100,0,1
2021.02.25,01:43:26,1897.2945664411761,1897.331071457598,1897.2360982098023,1897.2636292059487,100,0,1
2021.02.26,01:43:26,1897.2376140319109,1897.2702799530475,1897.2111911370957,1897.2284014974593,100,0,1
2021.02.27,01:43:26,1897.2762186629773,1897.3527633945062,1897.235997607636,1897.330312636146,100,0,1
2021.02.28,01:43:26,1897.2896579594715,1897.3269641728243,1897.2508604317325,1897.2944122689898,100,0,1
2021.03.01,01:43:26,1897.1938991666943,1897.251595187433,1897.118920061689,1897.1278682024938,100,0,1
2021.03.02,01:43:26,1897.1367789969797,1897.1933608204965,1897.0625721296055,1897.1107047842984,100,0,1
2021.03.03,01:43:26,1897.2087145502733,1897.242691963447,1897.0936258668723,1897.107164632244,100,0,1
2021.03.04,01:43:26,1897.1995728374015,1897.2735304610621,1897.1524107163152,1897.2291274490751,100,0,1
2021.03.05,01:43:26,1897.3089613424488,1897.3631429808315,1897.2613020695753,1897.3306414642352,100,0,1
2021.03.06,01:43:26,1897.2652325289332,1897.3405325672718,1897.1996190093662,1897.3156659959334,100,0,1
2021.03.07,01:43:26,1897.2808404437187,1897.3333920523733,1897.2147113043245,1897.2511471284724,100,0,1
2021.03.08,01:43:26,1897.3206270970497,1897.3693698981115,1897.2644140131854,1897.34839483601,100,0,1
2021.03.09,01:43:26,1897.362794091897,1897.4035917819742,1897.3139277217808,1897.3560447623697,100,0,1
2021.03.10,01:43:26,1897.4180548041065,1897.4563423937961,1897.3919765629942,1897.4546899982704,100,0,1
2021.03.11,01:43:26,1897.379396689907,1897.4185491145117,1897.329618034725,1897.3521539981257,100,0,1
2021.03.12,01:43:26,1897.4141088581782,1897.4701052491719,1897.3912614488563,1897.4647520011843,100,0,1
2021.03.13,01:43:26,1897.4540086715922,1897.508447740547,1897.4238334646996,1897.4745366660566,100,0,1
2021.03.14,01:43:26,1897.5436313718117,1897.5800320046485,1897.491307958666,1897.5487699756839,100,0,1
2021.03.15,01:43:26,1897.5077609084892,1897.5656248597334,1897.4690703758904,1897.5272939804188,100,0,1
2021.03.16,01:43:26,1897.5607921681635,1897.5889620415383,1897.5077220790815,1897.524430807034,100,0,1
2021.03.17,01:43:26,1897.553713726914,1897.6012663383528,1897.483166449487,1897.5247855856203,100,0,1
2021.03.18,01:43:26,1897.502094052413,1897.5633770907996,1897.4456532191946,1897.5599811641405,100,0,1
2021.03.19,01:43:26,1897.5067082144703,1897.5365983570186,1897.4379966301192,1897.5036993204103,100,0,1
2021.03.20,01:43:26,1897.5391560401517,1897.6133034797665,1897.46455270192,1897.5714368691217,100,0,1
2021.03.21,01:43:26,1897.4804863269583,1897.5292519226684,1897.4284657193791,1897.4591946486617,100,0,1
2021.03.22,01:43:26,1897.5745129488826,1897.613543008647,1897.4943827264485,1897.524574166161,100,0,1
2021.03.23,01:43:26,1897.6569790659196,1897.7137497726615,1897.5942445766934,1897.6963243556074,100,0,1
2021.03.24,01:43:26,1897.6093108490609,1897.6317623567766,1897.5410611530344,1897.5764628298089,100,0,1
2021.03.25,01:43:26,1897.6316381749132,1897.7261379458073,1897.5766711739998,1897.6808480066538,100,0,1
2021.03.26,01:43:26,1897.6550607247125,1897.6767059767992,1897.6122737544572,1897.615283988139,100,0,1
2021.03.27,01:43:26,1897.6889247443212,1897.7028449160227,1897.656822258624,1897.6844804355746,100,0,1
2021.03.28,01:43:26,1897.747584023089,1897.8120598504054,1897.7019071989107,1897.7679213774627,100,0,1
2021.03.29,01:43:26,1897.7968048184123,1897.8194188527907,1897.7363102369634,1897.7934552320748,100,0,1
2021.03.30,01:43:26,1897.8042479841758,1897.843905080082,1897.746899923006,1897.8348274034695,100,0,1
2021.03.31,01:43:26,1897.849754598289,1897.8913800095606,1897.7844921033284,1897.8242710399113,100,0,1
2021.04.01,01:43:26,1897.9202252678097,1898.0027055022015,1897.834199919853,1897.930515943938,100,0,1
2021.04.02,01:43:26,1897.9470340359526,1897.983328101719,1897.8789965626654,1897.9493012848834,100,0,1
2021.04.03,01:43:26,1898.019118441527,1898.0844189492766,1897.9617788384032,1898.0274590931956,100,0,1
2021.04.04,01:43:26,1898.0908193323762,1898.1543388564166,1898.0211588778825,1898.0889153599337,100,0,1
2021.04.05,01:43:26,1898.0137962733832,1898.0485772285372,1897.9468545764687,1898.0123816656235,100,0,1
2021.04.06,01:43:26,1898.003722591277,1898.0602510440735,1897.9323750562055,1898.0432483774757,100,0,1
2021.04.07,01:43:26,1897.9770553541643,1898.0097622509738,1897.943560986827,1897.9998052237115,100,0,1
2021.04.08,01:43:26,1897.912729879256,1897.9824923263711,1897.899045540585,1897.9402663264023,100,0,1
2021.04.09,01:43:26,1897.82578307117,1897.8949706264507,1897.7656833598028,1897.8279989971736,100,0,1
2021.04.10,01:43:26,1897.7394262323028,1897.7957470348501,1897.7045445098972,1897.7460114633568,100,0,1
2021.04.11,01:43:26,1897.696219767093,1897.7315003304154,1897.6860199317452,1897.6894805322695,100,0,1
2021.04.12,01:43:26,1897.755704113813,1897.8334744661665,1897.7065943415723,1897.81301338706,100,0,1
2021.04.13,01:43:26,1897.760054980811,1897.8176307000394,1897.718514968175,1897.742757042657,100,0,1
2021.04.14,01:43:26,1897.7419726307635,1897.7720561820292,1897.6753266570609,1897.7066771263146,100,0,1
2021.04.15,01:43:26,1897.7026479746387,1897.744455742147,1897.6659209849838,1897.7193550464656,100,0,1
2021.04.16,01:43:26,1897.7276204085192,1897.7949643510374,1897.6905244351105,1897.7827114728325,100,0,1
2021.04.17,01:43:26,1897.7767221102552,1897.8588655670073,1897.7745390173798,1897.836817783039,100,0,1
2021.04.18,01:43:26,1897.804836398361,1897.8578272640825,1897.7459094711437,1897.780663323532,100,0,1
2021.04.19,01:43:26,1897.7704446573416,1897.8330880993776,1897.7690545716468,1897.7950611751376,100,0,1
2021.04.20,01:43:26,1897.7487294446044,1897.7917267122914,1897.6909476346164,1897.776066482159,100,0,1
2021.04.21,01:43:26,1897.6800192268868,1897.77660004601,1897.6468007789597,1897.6780780142892,100,0,1
2021.04.22,01:43:26,1897.6117044823409,1897.6790111124778,1897.5477363316868,1897.6491287597757,100,0,1
2021.04.23,01:43:26,1897.716220354181,1897.7489691174462,1897.6969523840348,1897.7135184232623,100,0,1
2021.04.24,01:43:26,1897.7005784726746,1897.7603412778997,1897.6565026925352,1897.6999318856338,100,0,1
2021.04.25,01:43:26,1897.6477076068466,1897.6825304263116,1897.574694635794,1897.5824028216546,100,0,1
2021.04.26,01:43:26,1897.6416220376334,1897.665728410927,1897.6084414641196,1897.623768648647,100,0,1
2021.04.27,01:43:26,1897.624682204751,1897.6742817249094,1897.539910545497,1897.6272935042455,100,0,1
2021.04.28,01:43:26,1897.7110440122933,1897.7568953457098,1897.624577152451,1897.7360064669133,100,0,1
2021.04.29,01:43:26,1897.7312937297309,1897.7977419265344,1897.6367774722867,1897.7522684645467,100,0,1
2021.04.30,01:43:26,1897.742040629925,1897.7924227117098,1897.6969243550895,1897.7469190967174,100,0,1
2021.05.01,01:43:26,1897.6853332601245,1897.7700472440597,1897.642603911388,1897.6837338523403,100,0,1
2021.05.02,01:43:26,1897.7608324550586,1897.8334062361414,1897.692111366065,1897.7665444738889,100,0,1
2021.05.03,01:43:26,1897.80883071728,1897.8611339498907,1897.7113414071562,1897.859001736381,100,0,1
2021.05.04,01:43:26,1897.756402348514,1897.8162197835227,1897.6946582519633,1897.814778075396,100,0,1
2021.05.05,01:43:26,1897.7405862447129,1897.8125126732282,1897.6805071161511,1897.7954465398864,100,0,1
2021.05.06,01:43:26,1897.7255593092602,1897.7799881155838,1897.6825112473591,1897.7626349824834,100,0,1
2021.05.07,01:43:26,1897.734822466986,1897.8249423922093,1897.719719761762,1897.7379413092056,100,0,1
2021.05.08,01:43:26,1897.7742218509436,1897.815792448199,1897.7090444680018,1897.7918942408633,100,0,1
2021.05.09,01:43:26,1897.8276532658977,1897.8800140652631,1897.754244867033,1897.8248627712824,100,0,1
2021.05.10,01:43:26,1897.8702616345195,1897.8874314168527,1897.7983746514528,1897.8537794816268,100,0,1
2021.05.11,01:43:26,1897.956106763261,1898.0158000667118,1897.9043969830852,1898.0020418770791,100,0,1
2021.05.12,01:43:26,1897.9668325387136,1898.0629789417674,1897.902871275872,1898.0297945736756,100,0,1
2021.05.13,01:43:26,1897.8992487916912,1897.9696543448752,1897.8058556439548,1897.949755471262,100,0,1
2021.05.14,01:43:26,1897.8709249139615,1897.967638844716,1897.8120893916698,1897.9641511528564,100,0,1
2021.05.15,01:43:26,1897.8923770893728,1897.9271192660844,1897.8687921436983,1897.8716336157595,100,0,1
2021.05.16,01:43:26,1897.8481881390837,1897.9346391256745,1897.7557394737105,1897.7622999345756,100,0,1
2021.05.17,01:43:26,1897.8517425631906,1897.8833564924619,1897.8105141458896,1897.8318132195166,100,0,1
2021.05.18,01:43:26,1897.8299398737793,1897.898350235323,1897.7719024836676,1897.7823356946653,100,0,1
2021.05.19,01:43:26,1897.8143936154256,1897.874003519996,1897.7656744472874,1897.7888772579993,100,0,1
2021.05.20,01:43:26,1897.8673658830264,1897.9049978623752,1897.8201736280823,1897.8966753577927,100,0,1
2021.05.21,01:43:26,1897.9637887952356,1898.0234930409556,1897.9325435304079,1897.967278573915,100,0,1
2021.05.22,01:43:26,1897.8895010495535,1897.9319653158354,1897.8587557360931,1897.8730714644475,100,0,1
2021.05.23,01:43:26,1897.823204504689,1897.878714547568,1897.7672763848175,1897.8730150620402,100,0,1
2021.05.24,01:43:26,1897.9061649226169,1897.9191484814705,1897.8616345256307,1897.909788661412,100,0,1
2021.05.25,01:43:26,1897.918095131691,1897.993661799025,1897.8845344856013,1897.8922539846683,100,0,1
2021.05.26,01:43:26,1897.9697618888586,1898.0347201440798,1897.922869207906,1897.9845174156678,100,0,1
2021.05.27,01:43:26,1898.0554063455063,1898.1221117928512,1898.0106010607742,1898.1166137365212,100,0,1
2021.05.28,01:43:26,1898.139523701371,1898.202380681561,1898.1096037762181,1898.1946464086311,100,0,1
2021.05.29,01:43:26,1898.0440275645822,1898.066144905758,1897.977878255022,1898.030576353139,100,0,1
2021.05.30,01:43:26,1898.1039751171108,1898.167758975245,1898.0514944579331,1898.156694419519,100,0,1
2021.05.31,01:43:26,1898.0762374632004,1898.1084725292208,1898.032098107107,1898.0509330062678,100,0,1
2021.06.01,01:43:26,1898.0453973998483,1898.074591827312,1897.9887143495548,1898.058338671212,100,0,1
2021.06.02,01:43:26,1898.1603159927395,1898.2257003862628,1898.1201389584344,1898.1647221827723,100,0,1
2021.06.03,01:43:26,1898.2278917922208,1898.251278424726,1898.1990340468885,1898.243976731851,100,0,1
2021.06.04,01:43:26,1898.3046905960618,1898.3754792627274,1898.266187398085,1898.2770728953085,100,0,1
2021.06.05,01:43:26,1898.3166752159327,1898.3509116555617,1898.2832027231866,1898.3017837333716,100,0,1
2021.06.06,01:43:26,1898.2670334321003,1898.3032886540411,1898.1978391579155,1898.2989144535816,100,0,1
2021.06.07,01:43:26,1898.220048855919,1898.297967817519,1898.162661857633,1898.1971095994516,100,0,1
2021.06.08,01:43:26,1898.2041814716713,1898.2479496749936,1898.131345051116,1898.1439948791017,100,0,1
2021.06.09,01:43:26,1898.175670569466,1898.2063466847412,1898.130574391113,1898.1878255353624,100,0,1
2021.06.10,01:43:26,1898.1751469579694,1898.2516664654202,1898.1510932394397,1898.1999724460036,100,0,1
2021.06.11,01:43:26,1898.1580604278274,1898.1805499215445,1898.0989116347198,1898.1436080334133,100,0,1
2021.06.12,01:43:26,1898.1773449424718,1898.2265056901467,1898.156039514237,1898.1616390360953,100,0,1
2021.06.13,01:43:26,1898.1596471959176,1898.2184917724608,1898.0928048301953,1898.1409222813247,100,0,1
2021.06.14,01:43:26,1898.1764960232529,1898.2418421660725,1898.0852497806845,1898.2299263778586,100,0,1
2021.06.15,01:43:26,1898.1972663933686,1898.2554895179505,1898.193889291843,1898.228279769427,100,0,1
2021.06.16,01:43:26,1898.1064901641926,1898.1638971054765,1898.0353841803037,1898.157623511214,100,0,1
2021.06.17,01:43:26,1898.0900271360586,1898.1350318843986,1898.037275149224,1898.1238218125893,100,0,1
2021.06.18,01:43:26,1898.1129563118625,1898.2068520147789,1898.083746153088,1898.1826907972375,100,0,1
2021.06.19,01:43:26,1898.0584716635444,1898.128378224646,1898.0155803277519,1898.056441384634,100,0,1
2021.06.20,01:43:26,1898.0459209692806,1898.1042273160365,1897.9944177443786,1898.0599756811782,100,0,1
2021.06.21,01:43:26,1898.0971094679257,1898.169339367533,1898.0629690710366,1898.1361795726245,100,0,1
2021.06.22,01:43:26,1898.067608327724,1898.140513173189,1898.0238638903895,1898.1099182775613,100,0,1
2021.06.23,01:43:26,1898.1311106934247,1898.1963182088205,1898.076073879413,1898.1066474833028,100,0,1
2021.06.24,01:43:26,1898.0539846725949,1898.1087913646488,1897.973864512887,1898.0679162061228,100,0,1
2021.06.25,01:43:26,1898.143445466774,1898.1855081321783,1898.0735908547003,1898.109040525628,100,0,1
2021.06.26,01:43:26,1898.2672433543,1898.315529726295,1898.2509327752884,1898.3133065869445,100,0,1
2021.06.27,01:43:26,1898.343139126597,1898.4101356100111,1898.291734864023,1898.383572472512,100,0,1
2021.06.28,01:43:26,1898.3727798413993,1898.3956803138599,1898.295198265698,1898.3211448636923,100,0,1
2021.06.29,01:43:26,1898.3545388369919,1898.3932799697068,1898.3183566725347,1898.344768985441,100,0,1
2021.06.30,01:43:26,1898.3339369986006,1898.4222764078897,1898.2820880234617,1898.3989732621208,100,0,1
2021.07.01,01:43:26,1898.4704204478228,1898.5334420923407,1898.4027491038219,1898.52141156236,100,0,1
2021.07.02,01:43:26,1898.4904208572598,1898.5477440406223,1898.45549912467,1898.4767818925843,100,0,1
2021.07.03,01:43:26,1898.441274374857,1898.504460192884,1898.411690237879,1898.4320486512584,100,0,1
2021.07.04,01:43:26,1898.3598543163207,1898.3917353892562,1898.2811398120775,1898.2819978157959,100,0,1
2021.07.05,01:43:26,1898.314264196478,1898.3545058703191,1898.267303989366,1898.3341841209433,100,0,1
2021.07.06,01:43:26,1898.399983543453,1898.4556800311846,1898.3659691393523,1898.4018442626013,100,0,1
2021.07.07,01:43:26,1898.4446252017806,1898.4852700211022,1898.400364108699,1898.4791324790197,100,0,1
2021.07.08,01:43:26,1898.4698978799279,1898.5241694556041,1898.4252636582762,1898.5014671481188,100,0,1
2021.07.09,01:43:26,1898.4905893422776,1898.5567964346667,1898.4159533922766,1898.4464247851386,100,0,1
2021.07.10,01:43:26,1898.3572686146365,1898.4146929937103,1898.290640285331,1898.3189274904992,100,0,1
2021.07.11,01:43:26,1898.3521510842538,1898.4124775770126,1898.3017426501463,1898.3983328721135,100,0,1
2021.07.12,01:43:26,1898.328352246943,1898.384017913835,1898.2283766342714,1898.3385551395536,100,0,1
2021.07.13,01:43:26,1898.3363283394942,1898.3840292289915,1898.3181588877897,1898.3762530642348,100,0,1
2021.07.14,01:43:26,1898.3582417196676,1898.407922774115,1898.3172047710216,1898.361301971702,100,0,1
2021.07.15,01:43:26,1898.3313783774008,1898.3688371607852,1898.27226227352,1898.3521000203743,100,0,1
2021.07.16,01:43:26,1898.3244350159061,1898.378478299471,1898.249119484777,1898.2957234175199,100,0,1
2021.07.17,01:43:26,1898.340620756726,1898.4179099643736,1898.286130634716,1898.3516468664095,100,0,1
2021.07.18,01:43:26,1898.450147006884,1898.4884248548246,1898.4025436314546,1898.4708577140368,100,0,1
2021.07.19,01:43:26,1898.4648980124712,1898.51838542014,1898.4403254530446,1898.4681895394192,100,0,1
2021.07.20,01:43:26,1898.4372116815466,1898.4485911379552,1898.3751038878731,1898.4150156059293,100,0,1
2021.07.21,01:43:26,1898.4368780240295,1898.4885684301896,1898.3908017251051,1898.4357123430418,100,0,1
2021.07.22,01:43:26,1898.5023748339902,1898.5674543469786,1898.4709881467743,1898.4951199587529,100,0,1
2021.07.23,01:43:26,1898.574617987532,1898.5965539419349,1898.54132238454,1898.560797537166,100,0,1
2021.07.24,01:43:26,1898.5860284180667,1898.6242632894969,1898.5431750289636,1898.5848783347742,100,0,1
2021.07.25,01:43:26,1898.542314820497,1898.6012972414214,1898.489675168929,1898.5501309603744,100,0,1
2021.07.26,01:43:26,1898.5471192822067,1898.5857432282003,1898.476363754355,1898.5604717760507,100,0,1
2021.07.27,01:43:26,1898.5388106809448,1898.595490194234,1898.506883461418,1898.5718950325395,100,0,1
2021.07.28,01:43:26,1898.5917674517511,1898.627821558244,1898.5405788573491,1898.5763357499347,100,0,1
2021.07.29,01:43:26,1898.657484264671,1898.720850686859,1898.6022176543133,1898.6732222119028,100,0,1
2021.07.30,01:43:26,1898.6566055130206,1898.7314592397531,1898.625761810783,1898.7284469864464,100,0,1
2021.07.31,01:43:26,1898.706517865379,1898.8002526454911,1898.65900800059,1898.675818634095,100,0,1
2021.08.01,01:43:26,1898.7406265374589,1898.8254282915243,1898.6994488049522,1898.7222173483387,100,0,1
2021.08.02,01:43:26,1898.6939148943604,1898.7436436457076,1898.6318038579902,1898.6402400252748,100,0,1
2021.08.03,01:43:26,1898.6752003437382,1898.733173394876,1898.6335438181434,1898.6788893965195,100,0,1
2021.08.04,01:43:26,1898.756925211862,1898.7813246317853,1898.6918713836321,1898.700528419438,100,0,1
2021.08.05,01:43:26,1898.703497949336,1898.740640219181,1898.6552233987045,1898.688941648485,100,0,1
2021.08.06,01:43:26,1898.764117853966,1898.8244699375196,1898.728438523474,1898.7599172839898,100,0,1
2021.08.07,01:43:26,1898.7706368149443,1898.8069850132595,1898.7486136119526,1898.7952276511917,100,0,1
2021.08.08,01:43:26,1898.7649742631095,1898.8388983993968,1898.7044427245808,1898.7551128199657,100,0,1
2021.08.09,01:43:26,1898.6134196218156,1898.651422435898,1898.581285839924,1898.589482036795,100,0,1
2021.08.10,01:43:26,1898.5930393937483,1898.6354600380164,1898.5280969022242,1898.6080945297606,100,0,1
2021.08.11,01:43:26,1898.6504759261861,1898.706495419714,1898.5659169848402,1898.6001621560108,100,0,1
2021.08.12,01:43:26,1898.632993097324,1898.671117151192,1898.602956236476,1898.648243385273,100,0,1
2021.08.13,01:43:26,1898.6495183162765,1898.6933985805006,1898.6175065899386,1898.6489028101007,100,0,1
2021.08.14,01:43:26,1898.7307162177988,1898.8212047905185,1898.6795149163572,1898.7729917282916,100,0,1
2021.08.15,01:43:26,1898.6619492492298,1898.723755937972,1898.6541783686046,1898.7176884473815,100,0,1
2021.08.16,01:43:26,1898.5651676655255,1898.6287142293754,1898.5357943674426,1898.5559922775867,100,0,1
2021.08.17,01:43:26,1898.5309692337848,1898.5908969669356,1898.4686449462317,1898.53941355957,100,0,1
2021.08.18,01:43:26,1898.595719365972,1898.633898427249,1898.5424713242805,1898.6017791872152,100,0,1
2021.08.19,01:43:26,1898.590018678814,1898.60127225915,1898.5684219813236,1898.5707896099807,100,0,1
2021.08.20,01:43:26,1898.5169158984775,1898.572744687082,1898.4793101918815,1898.4806352225273,100,0,1
2021.08.21,01:43:26,1898.415194733993,1898.4644631474391,1898.3842371547473,1898.4239054245,100,0,1
2021.08.22,01:43:26,1898.4545897966982,1898.516139794723,1898.4257586823376,1898.4282002289478,100,0,1
2021.08.23,01:43:26,1898.4495239970352,1898.5212236869804,1898.4229146470414,1898.4303258647058,100,0,1
2021.08.24,01:43:26,1898.3610277066161,1898.4494458105114,1898.30215343988,1898.445848908565,100,0,1
2021.08.25,01:43:26,1898.2892358834288,1898.3386382098327,1898.2386421346027,1898.3256970091375,100,0,1
2021.08.26,01:43:26,1898.3948094346276,1898.4650101169514,1898.3258811042056,1898.4307630447547,100,0,1
2021.08.27,01:43:26,1898.4019295404626,1898.4248630710633,1898.343501370207,1898.417537319219,100,0,1
2021.08.28,01:43:26,1898.3647373147544,1898.3879031286021,1898.3093974487379,1898.350742743146,100,0,1
2021.08.29,01:43:26,1898.4515804072469,1898.4866707665915,1898.3834952344475,1898.3970455519043,100,0,1
2021.08.30,01:43:26,1898.4004514955195,1898.4816587115183,1898.381483639533,1898.4531417033563,100,0,1
2021.08.31,01:43:26,1898.2687515488694,1898.309066469419,1898.2212696956055,1898.240102727385,100,0,1
2021.09.01,01:43:26,1898.3462977174481,1898.3931788628904,1898.2971241491719,1898.302037432931,100,0,1
2021.09.02,01:43:26,1898.4374810696174,1898.4898958540011,1898.4014861776438,1898.4056594236806,100,0,1
2021.09.03,01:43:26,1898.4323047015848,1898.4740476598913,1898.3447190066584,1898.3965547482921,100,0,1
2021.09.04,01:43:26,1898.3947743018878,1898.45054317887,1898.3460546264714,1898.3679873929834,100,0,1
2021.09.05,01:43:26,1898.3696133994902,1898.4081809591648,1898.2924917669122,1898.3801804472469,100,0,1
2021.09.06,01:43:26,1898.3410657794188,1898.4044115009865,1898.2727344679793,1898.4010186727107,100,0,1
2021.09.07,01:43:26,1898.3365904937343,1898.388358134985,1898.2673631595233,1898.3222246070154,100,0,1
2021.09.08,01:43:26,1898.3454463058697,1898.3676653712148,1898.2968472889643,1898.310090491125,100,0,1
2021.09.09,01:43:26,1898.4019447181777,1898.4371460664022,1898.3733056569247,1898.4146999861393,100,0,1
2021.09.10,01:43:26,1898.4726351788263,1898.5154152489533,1898.41088578066,1898.4366918699636,100,0,1
2021.09.11,01:43:26,1898.4269346892656,1898.442835117065,1898.3984209613793,1898.4131899853282,100,0,1
2021.09.12,01:43:26,1898.4812001691894,1898.5883762518713,1898.4366341286668,1898.4523164354778,100,0,1
2021.09.13,01:43:26,1898.498416770383,1898.5326734782393,1898.4669140232647,1898.5228805438303,100,0,1
2021.09.14,01:43:26,1898.519159078156,1898.5793773016699,1898.4454663768397,1898.480595139842,100,0,1
2021.09.15,01:43:26,1898.5710597312993,1898.6120114275025,1898.5096978942559,1898.6084322481827,100,0,1
2021.09.16,01:43:26,1898.667165141769,1898.7091879564348,1898.626835684574,1898.646359374939,100,0,1
2021.09.17,01:43:26,1898.6536430690987,1898.7024615254513,1898.5912517888628,1898.6167706197455,100,0,1
2021.09.18,01:43:26,1898.6265672773545,1898.6877632036967,1898.5861194556198,1898.650318358324,100,0,1
2021.09.19,01:43:26,1898.6487374602953,1898.6812182605433,1898.5958750595155,1898.6109331694854,100,0,1
2021.09.20,01:43:26,1898.6640245408248,1898.7102011804204,1898.6071254541796,1898.7019526231345,100,0,1
2021.09.21,01:43:26,1898.712806901583,1898.7567889164447,1898.663043123838,1898.736894200674,100,0,1
2021.09.22,01:43:26,1898.8282331670025,1898.8774394049244,1898.7889800224784,1898.8510906963393,100,0,1
2021.09.23,01:43:26,1898.7647173619575,1898.8345167623925,1898.703532117282,1898.7070423790465,100,0,1
2021.09.24,01:43:26,1898.7734443229033,1898.8501891427186,1898.697679533467,1898.7936513229363,100,0,1
2021.09.25,01:43:26,1898.7942463312856,1898.8411698581954,1898.737254611777,1898.8191739902545,100,0,1
2021.09.26,01:43:26,1898.8030813585058,1898.842754335609,1898.7491175460154,1898.810991756515,100,0,1
2021.09.27,01:43:26,1898.8411917231474,1898.9026691174627,1898.8212928476025,1898.8589272368588,100,0,1
2021.09.28,01:43:26,1898.8338267110369,1898.865276367331,1898.7582456223515,1898.7864884403386,100,0,1
2021.09.29,01:43:26,1898.7707611195854,1898.814172446844,1898.7337643484584,1898.813405697004,100,0,1
2021.09.30,01:43:26,1898.9372799387058,1898.9672892373464,1898.8643290235143,1898.8706241057373,100,0,1
2021.10.01,01:43:26,1898.889008946623,1898.9432265898358,1898.8442604053462,1898.9156568159585,100,0,1
2021.10.02,01:43:26,1898.9179013009593,1899.002708497674,1898.828416897461,1898.8673171054752,100,0,1
2021.10.03,01:43:26,1898.9615576710803,1898.9925063911242,1898.9331577962048,1898.937847992706,100,0,1
2021.10.04,01:43:26,1898.9612969704756,1899.0131341891988,1898.930605560531,1898.997709121426,100,0,1
2021.10.05,01:43:26,1898.938797235786,1899.008448903921,1898.8533664162417,1898.872147352652,100,0,1
2021.10.06,01:43:26,1899.0036392056584,1899.0501919944593,1898.9175315398647,1899.0034789129154,100,0,1
2021.10.07,01:43:26,1898.9217378217181,1898.9933279095014,1898.8982698026289,1898.905051766766,100,0,1
2021.10.08,01:43:26,1899.0618516288964,1899.1095256972587,1898.9975324283528,1899.0149826680824,100,0,1
2021.10.09,01:43:26,1899.0947801965892,1899.1264731378594,1899.028328355003,1899.1022941764595,100,0,1
2021.10.10,01:43:26,1899.0992452310052,1899.1333770421268,1899.0257214711714,1899.0709153014868,100,0,1
2021.10.11,01:43:26,1899.0767805779615,1899.115130305153,1899.0607161890907,1899.1027727950432,100,0,1
2021.10.12,01:43:26,1899.0424286190478,1899.112541304429,1898.9982683507994,1899.0396053559768,100,0,1
2021.10.13,01:43:26,1898.9934570932278,1899.0728218757786,1898.9358484154354,1898.937067191603,100,0,1
2021.10.14,01:43:26,1899.0706611236412,1899.1372818209873,1899.0317407566888,1899.1339982438874,100,0,1
2021.10.15,01:43:26,1899.102495413116,1899.1875000924704,1899.031155280995,1899.14175551842,100,0,1
2021.10.16,01:43:26,1899.0851254579413,1899.1295472539557,1899.0373331726137,1899.05412333729,100,0,1
2021.10.17,01:43:26,1899.0982261828733,1899.1661954435183,1899.0473163998215,1899.07322184827,100,0,1
2021.10.18,01:43:26,1898.9788027469506,1899.0170607795033,1898.9327970179047,1898.9869508993775,100,0,1
2021.10.19,01:43:26,1898.9748316715109,1899.0136847775482,1898.947532757862,1898.9685108984766,100,0,1
2021.10.20,01:43:26,1898.9363154097941,1898.9726354198597,1898.9094734103633,1898.9531371099072,100,0,1
2021.10.21,01:43:26,1898.9297173700377,1898.98288827306,1898.9025238329248,1898.9394206992013,100,0,1
2021.10.22,01:43:26,1898.8693118144877,1898.9377216879839,1898.80606897506,1898.855969046383,100,0,1
2021.10.23,01:43:26,1898.781795725279,1898.8610121837885,1898.7179793381745,1898.7839017353906,100,0,1
2021.10.24,01:43:26,1898.819680631442,1898.8894919145046,1898.7705865362543,1898.8284146499605,100,0,1
2021.10.25,01:43:26,1898.7972022948304,1898.8596128892982,1898.7520988667704,1898.778938828378,100,0,1
2021.10.26,01:43:26,1898.8721730732234,1898.9295070261635,1898.856295816627,1898.856429014908,100,0,1
2021.10.27,01:43:26,1898.8892062561763,1898.9372966672263,1898.8201627919561,1898.9341012321277,100,0,1
2021.10.28,01:43:26,1898.815017219887,1898.8648595452767,1898.7498249590608,1898.7585414276164,100,0,1
2021.10.29,01:43:26,1898.83088830649,1898.8654799327444,1898.7901885892134,1898.8471193930059,100,0,1
2021.10.30,01:43:26,1898.881718121446,1898.9310893858083,1898.8356585914794,1898.92796722648,100,0,1
2021.10.31,01:43:26,1898.8337089883407,1898.8803525014616,1898.7931710448272,1898.8184605438792,100,0,1
2021.11.01,01:43:26,1898.8324775125811,1898.8780902783833,1898.7636389077852,1898.8464135593827,100,0,1
2021.11.02,01:43:26,1898.7942191994782,1898.8628497258344,1898.7374865685724,1898.8116940881805,100,0,1
2021.11.03,01:43:26,1898.726506200119,1898.792293728146,1898.6824844425707,1898.6885802504676,100,0,1
2021.11.04,01:43:26,1898.627404693557,1898.6922296882644,1898.588989030334,1898.6424922269798,100,0,1
2021.11.05,01:43:26,1898.5325132475687,1898.560002173501,1898.503125986928,1898.523749890398,100,0,1
2021.11.06,01:43:26,1898.5799050786877,1898.6480136307225,1898.5392377592727,1898.614723775407,100,0,1
2021.11.07,01:43:26,1898.5176985749486,1898.5776651964006,1898.4526987487206,1898.5560709598612,100,0,1
2021.11.08,01:43:26,1898.5339091039484,1898.5979735341537,1898.5000485329265,1898.5096650753026,100,0,1
2021.11.09,01:43:26,1898.610686669671,1898.6549044011967,1898.5385601128937,1898.6359842575148,100,0,1
2021.11.10,01:43:26,1898.5430457607818,1898.6087261305524,1898.4931907240637,1898.5450829515676,100,0,1
2021.11.11,01:43:26,1898.5524244358626,1898.608336819452,1898.4993935003545,1898.5626667642405,100,0,1
2021.11.12,01:43:26,1898.577651298478,1898.6543621475687,1898.5041930277548,1898.6183530406431,100,0,1
2021.11.13,01:43:26,1898.6421560781002,1898.7374291129365,1898.5836134020587,1898.6134212015386,100,0,1
2021.11.14,01:43:26,1898.586914922459,1898.654416503085,1898.5015734868698,1898.559133818896,100,0,1
2021.11.15,01:43:26,1898.5952698636531,1898.6749288556243,1898.5193604144636,1898.5543720554303,100,0,1
2021.11.16,01:43:26,1898.599117421149,1898.628905495775,1898.5795948714988,1898.579656138536,100,0,1
2021.11.17,01:43:26,1898.5733994980876,1898.6042793524507,1898.5693679004928,1898.5812773665207,100,0,1
2021.11.18,01:43:26,1898.5824820836397,1898.6037563489892,1898.5668342281122,1898.5793529885175,100,0,1
2021.11.19,01:43:26,1898.5933225596302,1898.6607895467507,1898.5307375925568,1898.631937619957,100,0,1
2021.11.20,01:43:26,1898.5728808466845,1898.6232220798634,1898.5320586860855,1898.5843587463444,100,0,1
2021.11.21,01:43:26,1898.6461672082512,1898.6994702060742,1898.6089139395165,1898.6130689010772,100,0,1
2021.11.22,01:43:26,1898.6402982044176,1898.6980260002156,1898.6081460755627,1898.6559312341135,100,0,1
2021.11.23,01:43:26,1898.543183664557,1898.5675550708258,1898.4956602648751,1898.5287748460134,100,0,1
2021.11.24,01:43:26,1898.4402166874136,1898.475234904857,1898.3475193701888,1898.4416824739594,100,0,1
2021.11.25,01:43:26,1898.520349324888,1898.5533084332183,1898.4328529434895,1898.434779747099,100,0,1
2021.11.26,01:43:26,1898.4457113862486,1898.4755832520314,1898.3849574664407,1898.4639582243674,100,0,1
2021.11.27,01:43:26,1898.38593072715,1898.4238333578082,1898.3438196017946,1898.4159603675803,100,0,1
2021.11.28,01:43:26,1898.315594504912,1898.3179480344622,1898.283249791952,1898.2931608066633,100,0,1
2021.11.29,01:43:26,1898.394286164055,1898.4494973265887,1898.37051290478,1898.4256143818056,100,0,1
2021.11.30,01:43:26,1898.3948361750572,1898.4677790440928,1898.3358080584485,1898.417193339083,100,0,1
2021.12.01,01:43:26,1898.2760677672643,1898.340501401671,1898.228279597004,1898.3183393937554,100,0,1
2021.12.02,01:43:26,1898.2470190609006,1898.2912098865165,1898.1915782907104,1898.2460489845348,100,0,1
2021.12.03,01:43:26,1898.1580658035832,1898.1942422067414,1898.1191378793226,1898.1742940171323,100,0,1
2021.12.04,01:43:26,1898.1289297688118,1898.1504844534363,1898.1144677233785,1898.1170418272027,100,0,1
2021.12.05,01:43:26,1898.2080702151038,1898.287868358796,1898.1434278024099,1898.2612437636553,100,0,1
2021.12.06,01:43:26,1898.2445300960214,1898.2810159969627,1898.1968436166937,1898.2442801328168,100,0,1
2021.12.07,01:43:26,1898.2486220743358,1898.3429683789818,1898.1980527717635,1898.2244757475517,100,0,1
2021.12.08,01:43:26,1898.1525843430659,1898.2157910024187,1898.0979332912548,1898.212685807271,100,0,1
2021.12.09,01:43:26,1898.2626167932224,1898.286231400751,1898.2033499067743,1898.2683229436389,100,0,1
2021.12.10,01:43:26,1898.2841517656052,1898.3223916669804,1898.2599828394766,1898.287598165214,100,0,1
2021.12.11,01:43:26,1898.209320493878,1898.289473126154,1898.1529980737864,1898.1741194198341,100,0,1
2021.12.12,01:43:26,1898.255051251296,1898.3108012366315,1898.1708350888016,1898.184481858158,100,0,1
2021.12.13,01:43:26,1898.2020779703637,1898.2413894262595,1898.1596630439506,1898.22630868153,100,0,1
2021.12.14,01:43:26,1898.1721635636923,1898.2386542931013,1898.1496691769005,1898.180835956628,100,0,1
2021.12.15,01:43:26,1898.2291793500756,1898.3208857338225,1898.190966517907,1898.2239687252359,100,0,1
2021.12.16,01:43:26,1898.2388502924557,1898.3034858674218,1898.184180535048,1898.2432812134036,100,0,1
2021.12.17,01:43:26,1898.1704847017,1898.1896917087022,1898.1580209030553,1898.15816801053,100,0,1
2021.12.18,01:43:26,1898.138971130658,1898.183352180702,1898.0863046408665,1898.103148584715,100,0,1
2021.12.19,01:43:26,1898.1862505565175,1898.2650849136571,1898.16169911981,1898.1866368598169,100,0,1
2021.12.20,01:43:26,1898.2308561477741,1898.2721265065084,1898.1863090968177,1898.2143960709072,100,0,1
2021.12.21,01:43:26,1898.1800952608976,1898.25705346147,1898.1143744935512,1898.1704985663218,100,0,1
2021.12.22,01:43:26,1898.1529648703222,1898.2118223722616,1898.099521655542,1898.1768564405625,100,0,1
2021.12.23,01:43:26,1898.1374183004807,1898.2032290631216,1898.0939469332652,1898.1061860541101,100,0,1
2021.12.24,01:43:26,1898.1492852143142,1898.2181109936978,1898.1107205791889,1898.1566902738903,100,0,1
2021.12.25,01:43:26,1898.1662402511115,1898.229915209314,1898.1395812258213,1898.183365983672,100,0,1
2021.12.26,01:43:26,1898.1832902079145,1898.253174982091,1898.1056869242602,1898.2248715458181,100,0,1
2021.12.27,01:43:26,1898.1740493050243,1898.2193725961322,1898.1234384163588,1898.1329516851133,100,0,1
2021.12.28,01:43:26,1898.1904458789604,1898.2650731488122,1898.160150898065,1898.2425736766018,100,0,1
2021.12.29,01:43:26,1898.1948111135052,1898.2734127285942,1898.1350477010237,1898.2531634043942,100,0,1
2021.12.30,01:43:26,1898.1265255963524,1898.1635005586693,1898.0749184222689,1898.1236279938787,100,0,1
2021.12.31,01:43:26,1898.097274648361,1898.1257205433624,1898.043017163546,1898.1018204004406,100,0,1
2022.01.01,01:43:26,1898.1144352079189,1898.1872764883817,1898.0741325484144,1898.1730051199527,100,0,1
2022.01.02,01:43:26,1898.0897310346961,1898.098872718753,1898.0699378562156,1898.0904724124046,100,0,1
2022.01.03,01:43:26,1898.0222346259054,1898.0788479587154,1898.0163535289837,1898.0202054786603,100,0,1
2022.01.04,01:43:26,1898.0028024692358,1898.0706840695657,1897.9656481344914,1897.9961143485928,100,0,1
2022.01.05,01:43:26,1898.05610938856,1898.11670823364,1897.9754265885977,1898.0684598828952,100,0,1
2022.01.06,01:43:26,1898.0013457403606,1898.03567721023,1897.9435797270446,1897.951515640285,100,0,1
2022.01.07,01:43:26,1898.0608435432218,1898.1321121029173,1898.0009942616352,1898.1095412894322,100,0,1
2022.01.08,01:43:26,1898.1170062426527,1898.1612907506915,1898.0758503478896,1898.1480106872011,100,0,1
2022.01.09,01:43:26,1898.0283309470792,1898.0871798980816,1897.989045237309,1898.038603747004,100,0,1
2022.01.10,01:43:26,1898.056727641768,1898.1169819522995,1897.9580866911801,1897.99497408897,100,0,1
2022.01.11,01:43:26,1898.0031996338082,1898.0492495511671,1897.9309673647588,1897.9531531673902,100,0,1
2022.01.12,01:43:26,1897.9958694907452,1898.0607021369965,1897.9516647161165,1898.0374888600054,100,0,1
2022.01.13,01:43:26,1898.0068040274687,1898.089394547738,1897.9460203809347,1898.0093527072543,100,0,1
2022.01.14,01:43:26,1897.972389704599,1898.0351126762503,1897.9240677989376,1898.0205385705306,100,0,1
2022.01.15,01:43:26,1897.9548749503301,1897.9890635881063,1897.9067062493898,1897.9681011155092,100,0,1
2022.01.16,01:43:26,1897.9516360994926,1897.9829649799688,1897.9062506122489,1897.9443151521905,100,0,1
2022.01.17,01:43:26,1898.019536590498,1898.0735035920343,1897.9870851214844,1898.0716974396403,100,0,1
2022.01.18,01:43:26,1898.014631881702,1898.0548056043224,1897.9530248674862,1898.026317641834,100,0,1
2022.01.19,01:43:26,1897.987559830687,1898.0620676958179,1897.941721195198,1898.0517257260415,100,0,1
2022.01.20,01:43:26,1897.9909330374928,1898.0123018509325,1897.9653881100796,1897.999713615782,100,0,1
2022.01.21,01:43:26,1897.9831152645336,1898.0336499781843,1897.9236257891064,1897.966470480074,100,0,1
2022.01.22,01:43:26,1898.0411356428272,1898.080261333071,1897.9912481089723,1898.048507365518,100,0,1
2022.01.23,01:43:26,1897.9799444457353,1897.9977454405027,1897.9501255844211,1897.9670465573397,100,0,1
2022.01.24,01:43:26,1897.998265325962,1898.0443841115493,1897.9605206082636,1898.0151852808574,100,0,1
2022.01.25,01:43:26,1897.9871831851372,1898.0542012658518,1897.9471183807177,1898.0343888770656,100,0,1
2022.01.26,01:43:26,1897.90937853443,1897.978478392482,1897.874130246812,1897.9624562057709,100,0,1
2022.01.27,01:43:26,1897.9305122306523,1898.011027516203,1897.9256695451284,1897.9260940708666,100,0,1
2022.01.28,01:43:26,1897.9238976170318,1897.9426314992859,1897.8736187587472,1897.8976286471668,100,0,1
2022.01.29,01:43:26,1897.888692481959,1897.94302783362,1897.8507870565395,1897.9117942403668,100,0,1
2022.01.30,01:43:26,1898.0039956380053,1898.0778409200057,1897.9770475158912,1898.0763061332652,100,0,1
2022.01.31,01:43:26,1898.0210208634458,1898.0702828840429,1897.989935499917,1898.0584498586218,100,0,1
2022.02.01,01:43:26,1898.1250246677585,1898.15615056553,1898.0762569342553,1898.153406235411,100,0,1
2022.02.02,01:43:26,1898.12827441192,1898.1744937859137,1898.0558871443673,1898.0950881224464,100,0,1
2022.02.03,01:43:26,1898.083732111535,1898.1331618725233,1898.03263586391,1898.1015375078703,100,0,1
2022.02.04,01:43:26,1898.0110171754545,1898.0780677070122,1897.9553816557834,1898.015927221116,100,0,1
2022.02.05,01:43:26,1898.0151074125492,1898.0821312666487,1897.9942345471009,1898.0805645537198,100,0,1
2022.02.06,01:43:26,1898.0317829604207,1898.0768917626253,1897.9402674256053,1897.998396607169,100,0,1
2022.02.07,01:43:26,1898.0369165925244,1898.0499952587024,1897.9515946908843,1897.99797453394,100,0,1
2022.02.08,01:43:26,1897.9887185322134,1897.9931880609768,1897.9440905464203,1897.9441936003109,100,0,1
2022.02.09,01:43:26,1898.0845211536293,1898.134867917785,1898.040762975555,1898.1258524984237,100,0,1
2022.02.10,01:43:26,1898.1709840603519,1898.2216033937452,1898.0940414103661,1898.1060311277056,100,0,1
2022.02.11,01:43:26,1898.2272387498306,1898.2525326880145,1898.1572313344168,1898.184854386678,100,0,1
2022.02.12,01:43:26,1898.1545808009298,1898.2214953883185,1898.0613669511981,1898.081928799734,100,0,1
2022.02.13,01:43:26,1898.0932026894654,1898.1789103227093,1898.031673705173,1898.1558922556862,100,0,1
2022.02.14,01:43:26,1898.144584631008,1898.197404681859,1898.097398946647,1898.1175077569899,100,0,1
2022.02.15,01:43:26,1898.1544579069814,1898.218912221154,1898.1180318233905,1898.1889580157751,100,0,1
2022.02.16,01:43:26,1898.1112093757677,1898.144794857769,1898.0712930259333,1898.1321443300687,100,0,1
2022.02.17,01:43:26,1898.1146924383575,1898.171096195373,1898.057055235948,1898.1460358747381,100,0,1
2022.02.18,01:43:26,1898.0713756293449,1898.1151968539327,1897.9917212052965,1898.0643120398624,100,0,1
2022.02.19,01:43:26,1898.0033996510028,1898.10314037741,1897.9387512881574,1898.082815330299,100,0,1
2022.02.20,01:43:26,1898.0801417867597,1898.1527302707511,1898.044235753653,1898.096055104832,100,0,1
2022.02.21,01:43:26,1898.05562867376,1898.0756143653878,1898.013122461799,1898.0487382708855,100,0,1
2022.02.22,01:43:26,1898.0515756682798,1898.100387611204,1897.9908452434267,1898.0047233342032,100,0,1
2022.02.23,01:43:26,1898.0728440262462,1898.1063308893633,1898.0460189799446,1898.0498219252331,100,0,1
2022.02.24,01:43:26,1897.9920481417014,1898.0548669789887,1897.937876840478,1897.980606002439,100,0,1
2022.02.25,01:43:26,1898.0027551112987,1898.0613170125832,1897.9766377132084,1898.0151230446465,100,0,1
2022.02.26,01:43:26,1897.9989769191252,1898.0577329469977,1897.9420087147414,1897.9752790565753,100,0,1
2022.02.27,01:43:26,1897.9838258995858,1898.0125242012855,1897.9713661053265,1898.0119959366755,100,0,1
2022.02.28,01:43:26,1898.0405506654722,1898.1057604637656,1898.0023850580249,1898.0578946208946,100,0,1
2022.03.01,01:43:26,1898.1033803671826,1898.1457946747207,1898.0755554327347,1898.0848418697044,100,0,1
2022.03.02,01:43:26,1898.1272416291743,1898.153510572907,1898.0981155874883,1898.1332129984726,100,0,1
2022.03.03,01:43:26,1898.1992924804604,1898.2375149957304,1898.1272049352046,1898.237401550705,100,0,1
2022.03.04,01:43:26,1898.1544082533246,1898.2318441332843,1898.1269434269745,1898.1570858750938,100,0,1
2022.03.05,01:43:26,1898.1387880296822,1898.1810375556809,1898.083429018206,1898.105552113518,100,0,1
2022.03.06,01:43:26,1898.0628531743507,1898.1285721280483,1898.0234474048282,1898.0266848471674,100,0,1
2022.03.07,01:43:26,1898.1029689157117,1898.1310930137074,1898.0479470986402,1898.0608957338852,100,0,1
2022.03.08,01:43:26,1898.106972854216,1898.1335678231014,1898.0371869676992,1898.0620420457624,100,0,1
2022.03.09,01:43:26,1898.0775112423528,1898.1179501821448,1898.0178094337862,1898.0617880928883,100,0,1
2022.03.10,01:43:26,1898.0949202293461,1898.139058101227,1898.0182670697586,1898.0941098850633,100,0,1
2022.03.11,01:43:26,1898.1018942893045,1898.1429796229677,1898.0731537069903,1898.0984167583083,100,0,1
2022.03.12,01:43:26,1898.0672820164716,1898.0955430701777,1898.031927156496,1898.0375020421843,100,0,1
2022.03.13,01:43:26,1898.0862017741579,1898.1544351934645,1898.0348844768855,1898.1226388931268,100,0,1
2022.03.14,01:43:26,1898.0872976602943,1898.157492600603,1898.0399681861618,1898.1011615100651,100,0,1
2022.03.15,01:43:26,1898.1353877717659,1898.189594969171,1898.0934875310552,1898.1268862858142,100,0,1
2022.03.16,01:43:26,1898.1423800459204,1898.191649638861,1898.1078822510551,1898.1825909260372,100,0,1
2022.03.17,01:43:26,1898.1095897776368,1898.149945992863,1898.0596143301862,1898.0674641416379,100,0,1
2022.03.18,01:43:26,1898.0329903308766,1898.07102009369,1897.963644580555,1898.0314213454824,100,0,1
2022.03.19,01:43:26,1898.0720268601135,1898.1366654064877,1897.9882499217956,1898.1175873987158,100,0,1
2022.03.20,01:43:26,1898.0911820795584,1898.1271053532005,1898.0529570740478,1898.0781529085314,100,0,1
2022.03.21,01:43:26,1898.0791473823672,1898.1573284402634,1898.0569430421476,1898.1256101975755,100,0,1
2022.03.22,01:43:26,1898.0756727608082,1898.1284066966114,1898.0263567672673,1898.098337472519,100,0,1
2022.03.23,01:43:26,1898.0413504102655,1898.1270855449143,1897.975852597577,1897.9944678162315,100,0,1
2022.03.24,01:43:26,1897.9785613750882,1898.0378906215833,1897.9301366918587,1897.9815323394712,100,0,1
2022.03.25,01:43:26,1897.9376124378325,1897.9974156508028,1897.9079104781054,1897.9927392408408,100,0,1
2022.03.26,01:43:26,1897.8964936421137,1897.9472217189511,1897.8378188713266,1897.9074890278962,100,0,1
2022.03.27,01:43:26,1897.9150571978666,1897.956530651792,1897.8995886588862,1897.9418435101018,100,0,1
2022.03.28,01:43:26,1897.9046603486593,1897.9397647716605,1897.8393707318528,1897.850816628716,100,0,1
2022.03.29,01:43:26,1897.889071111321,1897.9372787344594,1897.8056530892168,1897.8140938216486,100,0,1
2022.03.30,01:43:26,1897.9207355630874,1897.9833327186896,1897.8775642149476,1897.8852935880752,100,0,1
2022.03.31,01:43:26,1897.931602613784,1897.9922967937632,1897.9165391804934,1897.9269767394608,100,0,1
2022.04.01,01:43:26,1897.9278531639864,1897.942066588939,1897.8909660471716,1897.9157718519368,100,0,1
2022.04.02,01:43:26,1898.0521130793932,1898.109407373748,1897.9928498924455,1898.0185119789317,100,0,1
2022.04.03,01:43:26,1897.9762264976782,1898.0503340157084,1897.9221146070593,1897.9476274524222,100,0,1
2022.04.04,01:43:26,1897.9681074479086,1898.0187605871427,1897.9136819793011,1897.944804733777,100,0,1
2022.04.05,01:43:26,1897.910284749785,1897.9643658864386,1897.8454114689723,1897.9385631489652,100,0,1
2022.04.06,01:43:26,1897.948116433647,1897.972861428496,1897.8945218691626,1897.9725432385783,100,0,1
2022.04.07,01:43:26,1897.9109806496879,1897.987690125385,1897.8939096921872,1897.9736892809744,100,0,1
2022.04.08,01:43:26,1897.9843642811627,1898.0057733354329,1897.9503112387351,1897.991752594091,100,0,1
2022.04.09,01:43:26,1898.0546859410458,1898.0672640328266,1897.9948953776427,1898.0344587012548,100,0,1
2022.04.10,01:43:26,1898.0282150169694,1898.1237321365545,1897.965995799807,1898.0845797283941,100,0,1
2022.04.11,01:43:26,1898.0726565563407,1898.1119603811244,1898.0421070789837,1898.1105847493225,100,0,1
2022.04.12,01:43:26,1898.0662490713962,1898.135630907426,1897.9664638515283,1898.0193179337125,100,0,1
2022.04.13,01:43:26,1898.1336118634467,1898.1906753794406,1898.075848706435,1898.1536624103521,100,0,1
2022.04.14,01:43:26,1898.1090183134615,1898.1814575532137,1898.0814358978384,1898.1049407652852,100,0,1
2022.04.15,01:43:26,1898.1030810740397,1898.1289641827098,1898.0736939398716,1898.1008869367472,100,0,1
2022.04.16,01:43:26,1898.1546199296672,1898.2410636636841,1898.1316294040034,1898.153903674016,100,0,1
2022.04.17,01:43:26,1898.1107725920078,1898.1406068048955,1898.0481711134075,1898.0893756219905,100,0,1
2022.04.18,01:43:26,1898.134330361304,1898.1764169529388,1898.0862773264764,1898.098225561301,100,0,1
2022.04.19,01:43:26,1898.1072385618952,1898.1608291589257,1898.0716167685107,1898.0955675447078,100,0,1
2022.04.20,01:43:26,1898.162217095224,1898.2247798246676,1898.1000236270665,1898.130278276657,100,0,1
2022.04.21,01:43:26,1898.011540969709,1898.0532172468809,1897.955372651094,1898.003932988336,100,0,1
2022.04.22,01:43:26,1897.996738772906,1898.044905377594,1897.9155025869306,1897.9664860781456,100,0,1
2022.04.23,01:43:26,1897.8281191548458,1897.8584779521516,1897.788391032011,1897.8396624536083,100,0,1
2022.04.24,01:43:26,1897.8194265914879,1897.8690996783828,1897.7618975965584,1897.7753342033466,100,0,1
2022.04.25,01:43:26,1897.7749304999354,1897.8384393386095,1897.75535482481,1897.7939966285146,100,0,1
2022.04.26,01:43:26,1897.8151934080163,1897.8411071998466,1897.756684504575,1897.8084122846753,100,0,1
2022.04.27,01:43:26,1897.802146513373,1897.855495292536,1897.771082713541,1897.8274538705691,100,0,1
2022.04.28,01:43:26,1897.646648243231,1897.688345544752,1897.6021439518454,1897.6457927259148,100,0,1
2022.04.29,01:43:26,1897.5469144457622,1897.5996218135087,1897.5090848687898,1897.579033220901,100,0,1
2022.04.30,01:43:26,1897.5304419556433,1897.595770842582,1897.4886268554128,1897.5730681305365,100,0,1
2022.05.01,01:43:26,1897.6008966187837,1897.639963925929,1897.5798368225217,1897.6223062695858,100,0,1
2022.05.02,01:43:26,1897.6614003770908,1897.7146926443927,1897.6234373462619,1897.6521753511088,100,0,1
2022.05.03,01:43:26,1897.6885361358109,1897.7411041011026,1897.642486278777,1897.6944802513315,100,0,1
2022.05.04,01:43:26,1897.6355054784583,1897.6768751772695,1897.563833951836,1897.660454487074,100,0,1
2022.05.05,01:43:26,1897.6948943095001,1897.7788104873314,1897.6476055394032,1897.7364470882562,100,0,1
2022.05.06,01:43:26,1897.6851022948215,1897.7328656682084,1897.6077193866358,1897.6112165971654,100,0,1
2022.05.07,01:43:26,1897.7931591051386,1897.8681357684761,1897.7751184989754,1897.8170311266335,100,0,1
2022.05.08,01:43:26,1897.776171736224,1897.787257947006,1897.7131417253581,1897.740182573931,100,0,1
2022.05.09,01:43:26,1897.8081205850053,1897.8497892708253,1897.7491091310249,1897.8079067363078,100,0,1
2022.05.10,01:43:26,1897.8486072952783,1897.9031298056457,1897.7693219138544,1897.8026599070827,100,0,1
2022.05.11,01:43:26,1897.8118413387347,1897.8181647027832,1897.806654819489,1897.8106800671005,100,0,1
2022.05.12,01:43:26,1897.7811368615876,1897.8450818645683,1897.7226864394552,1897.8053118222397,100,0,1
2022.05.13,01:43:26,1897.8247965308456,1897.875173387906,1897.7369588218558,1897.7907888751554,100,0,1
2022.05.14,01:43:26,1897.8098422132123,1897.8686290755077,1897.7790778685628,1897.8238537350126,100,0,1
2022.05.15,01:43:26,1897.848137029532,1897.9239900641107,1897.8297255704888,1897.8851667300078,100,0,1
2022.05.16,01:43:26,1897.9487297686135,1898.0028562025489,1897.8957940135153,1897.9665859303225,100,0,1
2022.05.17,01:43:26,1897.9613926099316,1897.993345465687,1897.9280967338627,1897.9738870730741,100,0,1
2022.05.18,01:43:26,1897.9115624878573,1897.9454539012306,1897.874815699031,1897.90612290107,100,0,1
2022.05.19,01:43:26,1897.8982091731857,1897.9808518734394,1897.8712987199615,1897.9343729952182,100,0,1
2022.05.20,01:43:26,1897.944640243662,1898.0015738954676,1897.9013638651152,1897.9968002518262,100,0,1
2022.05.21,01:43:26,1898.0021892298676,1898.0544019739123,1897.961506222411,1897.9655751358202,100,0,1
2022.05.22,01:43:26,1898.0252327656535,1898.043451593433,1897.9618611670242,1898.0149869766692,100,0,1
2022.05.23,01:43:26,1897.9499099474156,1897.9943226350244,1897.8754919266082,1897.9761400573702,100,0,1
2022.05.24,01:43:26,1897.983855255758,1898.0134350744784,1897.9418063975145,1897.9956572470164,100,0,1
2022.05.25,01:43:26,1898.00716516809,1898.0749239923448,1897.9533059234725,1898.0031820193167,100,0,1
2022.05.26,01:43:26,1897.9665404448529,1897.994164611518,1897.9516609851025,1897.9723666539016,100,0,1
2022.05.27,01:43:26,1897.9809036377872,1898.0470943640435,1897.9430574479443,1898.0054485364954,100,0,1
2022.05.28,01:43:26,1898.1827582927294,1898.2399337593447,1898.1343414334851,1898.1733653860313,100,0,1
2022.05.29,01:43:26,1898.178596237134,1898.2326563636545,1898.1335806321667,1898.2239804667965,100,0,1
2022.05.30,01:43:26,1898.1794339176631,1898.2492220028498,1898.1279282686185,1898.1562712133702,100,0,1
2022.05.31,01:43:26,1898.2605524840535,1898.335995305932,1898.1921168265708,1898.2436275879368,100,0,1
2022.06.01,01:43:26,1898.254014234005,1898.3080166806608,1898.2066366069103,1898.2678545513113,100,0,1
2022.06.02,01:43:26,1898.2112053274723,1898.2880098649966,1898.1605774495627,1898.1667053670853,100,0,1
2022.06.03,01:43:26,1898.2256412082484,1898.2615074841922,1898.1767907278854,1898.179201149579,100,0,1
2022.06.04,01:43:26,1898.2967019019688,1898.3391625964027,1898.286510024972,1898.3224859361424,100,0,1
2022.06.05,01:43:26,1898.2664509909184,1898.2973994941028,1898.2093649768804,1898.2316219584714,100,0,1
2022.06.06,01:43:26,1898.2189773500584,1898.2729350204406,1898.195224868774,1898.2607608610597,100,0,1
2022.06.07,01:43:26,1898.1981645315734,1898.2154670825457,1898.1449669643562,1898.2086729389794,100,0,1
2022.06.08,01:43:26,1898.126739549674,1898.1567642215252,1898.074801474037,1898.1315011430238,100,0,1
2022.06.09,01:43:26,1897.9995129746621,1898.0389206593181,1897.9482016540765,1898.0194807391952,100,0,1
2022.06.10,01:43:26,1897.9659740808,1897.9928929899463,1897.8953793154596,1897.9036108901025,100,0,1
2022.06.11,01:43:26,1897.8810423328514,1897.9617479917147,1897.8203684265031,1897.9419224566025,100,0,1
2022.06.12,01:43:26,1897.7673937248196,1897.8374496801562,1897.711458822418,1897.7586701296616,100,0,1
2022.06.13,01:43:26,1897.769737489004,1897.8268471689996,1897.7168283049236,1897.7273774486066,100,0,1
2022.06.14,01:43:26,1897.7604455948226,1897.858733835686,1897.7169340011008,1897.7735838097315,100,0,1
2022.06.15,01:43:26,1897.8607989782981,1897.923708133619,1897.7897012021012,1897.8122697097208,100,0,1
2022.06.16,01:43:26,1897.9381308436493,1897.98432600906,1897.8954469620944,1897.945397092306,100,0,1
2022.06.17,01:43:26,1898.0632010346774,1898.1238152117385,1898.0098988936682,1898.0358460214538,100,0,1
2022.06.18,01:43:26,1898.0779890865545,1898.1317887632674,1898.017391007272,1898.118087547633,100,0,1
2022.06.19,01:43:26,1898.0691117398096,1898.1174731075243,1897.9824971289045,1898.104088664417,100,0,1
2022.06.20,01:43:26,1898.0298061947944,1898.0942382199491,1898.0022771355234,1898.0258091462904,100,0,1
2022.06.21,01:43:26,1898.0617198609807,1898.1416224640293,1898.0426214805989,1898.0573210553637,100,0,1
2022.06.22,01:43:26,1898.0352480098393,1898.049944537523,1898.007359967438,1898.0373187564337,100,0,1
2022.06.23,01:43:26,1898.0570534387123,1898.1194422737392,1898.0164586648032,1898.0394648686374,100,0,1
2022.06.24,01:43:26,1898.105462902423,1898.1498666194786,1898.0871556495802,1898.1199444651565,100,0,1
2022.06.25,01:43:26,1898.073402672598,1898.0743081388143,1898.0516263208292,1898.0620526864236,100,0,1
2022.06.26,01:43:26,1898.0931930058373,1898.1572487188348,1898.0615109895618,1898.1296300549404,100,0,1
2022.06.27,01:43:26,1898.1263698230607,1898.1804723113705,1898.0856734715667,1898.0998349674555,100,0,1
2022.06.28,01:43:26,1898.134744872909,1898.1940016399305,1898.0812169230912,1898.1481759545893,100,0,1
2022.06.29,01:43:26,1898.101035644151,1898.1353527544095,1898.0759030590061,1898.0946742739113,100,0,1
2022.06.30,01:43:26,1898.1579319881503,1898.1848970651104,1898.1221716390926,1898.1449653767336,100,0,1
2022.07.01,01:43:26,1898.1400593892886,1898.2045797016926,1898.090674156027,1898.1738152675287,100,0,1
2022.07.02,01:43:26,1898.0877220158125,1898.1595805860948,1898.0874005917883,1898.100943474782,100,0,1
2022.07.03,01:43:26,1898.068157593116,1898.085606482931,1898.0650310779017,1898.0743909742653,100,0,1
2022.07.04,01:43:26,1898.1306991903596,1898.1681844040095,1898.0846631763484,1898.1412372188902,100,0,1
2022.07.05,01:43:26,1898.2044223810171,1898.2395520717057,1898.1397158894558,1898.1731198990524,100,0,1
2022.07.06,01:43:26,1898.2920884125626,1898.308729719635,1898.2364955430648,1898.2869070597328,100,0,1
2022.07.07,01:43:26,1898.2562858581603,1898.279590116446,1898.1834854579272,1898.2218039966313,100,0,1
2022.07.08,01:43:26,1898.279724083085,1898.3311441174521,1898.2631032259733,1898.3176726000436,100,0,1
2022.07.09,01:43:26,1898.3116607613113,1898.367127381506,1898.251035111329,1898.3586009050152,100,0,1
2022.07.10,01:43:26,1898.2978242432412,1898.362645549318,1898.2277185342746,1898.2778994616963,100,0,1
2022.07.11,01:43:26,1898.33772520795,1898.3929011114828,1898.2491487529653,1898.282449103768,100,0,1
2022.07.12,01:43:26,1898.3532925650106,1898.4190316798802,1898.314776610576,1898.414042497434,100,0,1
2022.07.13,01:43:26,1898.2761631635935,1898.3375441893002,1898.232877464772,1898.2939909693416,100,0,1
2022.07.14,01:43:26,1898.3279953156186,1898.389377472943,1898.2389307485123,1898.3667994969169,100,0,1
2022.07.15,01:43:26,1898.3243029194061,1898.3778372904299,1898.2552169326304,1898.3662685412057,100,0,1
2022.07.16,01:43:26,1898.3644499374095,1898.4500158307405,1898.331475438278,1898.4438506313988,100,0,1
2022.07.17,01:43:26,1898.3835686062766,1898.4104700669861,1898.3533409704892,1898.386815574128,100,0,1
2022.07.18,01:43:26,1898.379390784422,1898.429869669041,1898.3469120614675,1898.4127446264608,100,0,1
2022.07.19,01:43:26,1898.3720920997473,1898.4299171844339,1898.3175507379162,1898.346429449915,100,0,1
2022.07.20,01:43:26,1898.4048080545779,1898.4730374655578,1898.3449997820671,1898.4297545014601,100,0,1
2022.07.21,01:43:26,1898.3231948596929,1898.3652891510442,1898.260199834287,1898.2910690544445,100,0,1
2022.07.22,01:43:26,1898.4061354423613,1898.4400158668016,1898.3498327890627,1898.3871115484565,100,0,1
2022.07.23,01:43:26,1898.4037103278417,1898.469458443689,1898.3415668930845,1898.4665782789007,100,0,1
2022.07.24,01:43:26,1898.3402163019834,1898.389492075003,1898.2762922412346,1898.308813594596,100,0,1
2022.07.25,01:43:26,1898.285177122821,1898.3390990174573,1898.215598657384,1898.3202762078386,100,0,1
2022.07.26,01:43:26,1898.2232948891935,1898.2385498710396,1898.1578759969211,1898.1690300546768,100,0,1
2022.07.27,01:43:26,1898.24580934061,1898.3128119251446,1898.1666692089523,1898.1696352445178,100,0,1
2022.07.28,01:43:26,1898.2734848459675,1898.368118163366,1898.2238364615353,1898.3677166610812,100,0,1
2022.07.29,01:43:26,1898.2976377231437,1898.3439078342246,1898.2366107369194,1898.2804675409338,100,0,1
2022.07.30,01:43:26,1898.3487320353724,1898.4299120415578,1898.3118115894326,1898.3203705830708,100,0,1
2022.07.31,01:43:26,1898.2912605109561,1898.347084362872,1898.2427021573744,1898.244546887937,100,0,1
2022.08.01,01:43:26,1898.327414821215,1898.3422103392784,1898.2669454018285,1898.3204491135664,100,0,1
2022.08.02,01:43:26,1898.3084915631873,1898.3443074016088,1898.2394916186365,1898.2881011142617,100,0,1
2022.08.03,01:43:26,1898.3903100477278,1898.4681934201508,1898.3643425632067,1898.4374032118287,100,0,1
2022.08.04,01:43:26,1898.3314715182698,1898.3935173586076,1898.2930784974903,1898.3309197177,100,0,1
2022.08.05,01:43:26,1898.3848211875386,1898.4187878714044,1898.3390536867832,1898.3739752113017,100,0,1
2022.08.06,01:43:26,1898.4584436162588,1898.533421569274,1898.3862070643763,1898.5009689610195,100,0,1
2022.08.07,01:43:26,1898.4960896078924,1898.5100276662918,1898.4131821931987,1898.5091868684701,100,0,1
2022.08.08,01:43:26,1898.4648271914552,1898.5115391623317,1898.4186987809853,1898.4565164837172,100,0,1
2022.08.09,01:43:26,1898.4720597214377,1898.5275367854217,1898.4002011222055,1898.501311574391,100,0,1
2022.08.10,01:43:26,1898.4662005535681,1898.517772245528,1898.4207525138465,1898.4997180496337,100,0,1
2022.08.11,01:43:26,1898.517169077725,1898.5690072011823,1898.4769045641644,1898.5330369550172,100,0,1
2022.08.12,01:43:26,1898.4810095916125,1898.4939371686394,1898.4069302388837,1898.4725517329673,100,0,1
2022.08.13,01:43:26,1898.4602860463353,1898.5181571429089,1898.4181603898908,1898.4549604273611,100,0,1
2022.08.14,01:43:26,1898.5105586381515,1898.5442639255637,1898.4672282941083,1898.5063331013623,100,0,1
2022.08.15,01:43:26,1898.4712846675277,1898.4925193849078,1898.4296608617665,1898.4740843691527,100,0,1
2022.08.16,01:43:26,1898.438912335494,1898.5008265950598,1898.3925972363313,1898.401935438454,100,0,1
2022.08.17,01:43:26,1898.4605561569642,1898.5084046795048,1898.4292628546282,1898.4378938446869,100,0,1
2022.08.18,01:43:26,1898.4989465809576,1898.5410763669033,1898.4209268758013,1898.4726011100277,100,0,1
2022.08.19,01:43:26,1898.4951467253593,1898.5237137323106,1898.4366551098988,1898.4841504817512,100,0,1
2022.08.20,01:43:26,1898.4748702798333,1898.5459664332886,1898.4588756760274,1898.5023939121706,100,0,1
2022.08.21,01:43:26,1898.454456660479,1898.4886789553968,1898.409799776865,1898.4207609029047,100,0,1
2022.08.22,01:43:26,1898.4178558648644,1898.454485199134,1898.3533896159247,1898.4277510749666,100,0,1
2022.08.23,01:43:26,1898.4472894795579,1898.5035150197123,1898.4046765548476,1898.4079631480856,100,0,1
2022.08.24,01:43:26,1898.5183701383633,1898.5701032967697,1898.4365641792372,1898.5416412205195,100,0,1
2022.08.25,01:43:26,1898.5798745400382,1898.6600198377348,1898.5599039041867,1898.624870726825,100,0,1
2022.08.26,01:43:26,1898.5670354458937,1898.6242099963763,1898.5546173934508,1898.588172423757,100,0,1
2022.08.27,01:43:26,1898.5214702716535,1898.5409886506188,1898.4570692204231,1898.524308983741,100,0,1
2022.08.28,01:43:26,1898.4613689388295,1898.5419095296018,1898.4509136913243,1898.4518776824923,100,0,1
2022.08.29,01:43:26,1898.4599410477874,1898.4907979810853,1898.4143324618199,1898.4861905923085,100,0,1
2022.08.30,01:43:26,1898.4268735720043,1898.4793103454117,1898.4088916521093,1898.4545901107551,100,0,1
2022.08.31,01:43:26,1898.4616165862974,1898.511247039831,1898.422767676217,1898.4719399496548,100,0,1
2022.09.01,01:43:26,1898.4278221643367,1898.4607030299233,1898.39108026388,1898.4312941086268,100,0,1
2022.09.02,01:43:26,1898.4242101503787,1898.4640553284412,1898.3742440275932,1898.397861705946,100,0,1
2022.09.03,01:43:26,1898.5221333576312,1898.538769852326,1898.4784603192834,1898.48379806094,100,0,1
2022.09.04,01:43:26,1898.5326735662977,1898.5896638390013,1898.4816615377067,1898.5522180417952,100,0,1
2022.09.05,01:43:26,1898.521435622736,1898.5578119316365,1898.4775492064457,1898.5549800163458,100,0,1
2022.09.06,01:43:26,1898.577625450146,1898.6465336784734,1898.5107074475027,1898.5240757013355,100,0,1
2022.09.07,01:43:26,1898.636159468999,1898.6802081792405,1898.5861940670773,1898.5866352960622,100,0,1
2022.09.08,01:43:26,1898.6806640034947,1898.761841772146,1898.6405408483934,1898.6637674506487,100,0,1
2022.09.09,01:43:26,1898.6220552124387,1898.6523594082414,1898.5739515829043,1898.6487335282502,100,0,1
2022.09.10,01:43:26,1898.6415361945528,1898.6856613838609,1898.595729912702,1898.6750214904287,100,0,1
2022.09.11,01:43:26,1898.6450565159287,1898.6809454446745,1898.5936653379601,1898.6617601552518,100,0,1
2022.09.12,01:43:26,1898.6461870129338,1898.7167213796113,1898.5998889236942,1898.6526172884332,100,0,1
2022.09.13,01:43:26,1898.674174072302,1898.7145058852743,1898.5991416266168,1898.7144900056344,100,0,1
2022.09.14,01:43:26,1898.661224265488,1898.7182269534192,1898.652869937016,1898.6841151506637,100,0,1
2022.09.15,01:43:26,1898.6721634538674,1898.7198502749382,1898.6345327278643,1898.6648961967396,100,0,1
2022.09.16,01:43:26,1898.628296060055,1898.719602818758,1898.5802654355998,1898.6910594894898,100,0,1
2022.09.17,01:43:26,1898.667646980501,1898.688969809394,1898.6670295390093,1898.6715629472612,100,0,1
2022.09.18,01:43:26,1898.6466512709655,1898.7117618722334,1898.6253185382866,1898.629408773087,100,0,1
2022.09.19,01:43:26,1898.660961422378,1898.7156548125731,1898.607866696665,1898.617322947031,100,0,1
2022.09.20,01:43:26,1898.616191906922,1898.6315883389289,1898.5851131480078,1898.6008546625555,100,0,1
2022.09.21,01:43:26,1898.6282038544996,1898.6577446285326,1898.560041752697,1898.561343261982,100,0,1
2022.09.22,01:43:26,1898.5764743341904,1898.6411720112853,1898.5657264276153,1898.5687795274873,100,0,1
2022.09.23,01:43:26,1898.6043166689497,1898.6234354683297,1898.5591647369135,1898.607314788711,100,0,1
2022.09.24,01:43:26,1898.5111055662267,1898.5516435748516,1898.4336997624753,1898.5054953630488,100,0,1
2022.09.25,01:43:26,1898.493300902565,1898.564969087914,1898.4376295282125,1898.4866906302761,100,0,1
2022.09.26,01:43:26,1898.5276256873146,1898.5884007644008,1898.4716404598923,1898.576073821373,100,0,1
2022.09.27,01:43:26,1898.525608507417,1898.5489581352717,1898.481768778116,1898.5090523619635,100,0,1
2022.09.28,01:43:26,1898.589505912711,1898.6669788590655,1898.539712421325,1898.5634595558308,100,0,1
2022.09.29,01:43:26,1898.5442315787352,1898.5730407722244,1898.498274967174,1898.50380813917,100,0,1
2022.09.30,01:43:26,1898.5083991190966,1898.5410419565408,1898.4281944385802,1898.5222883407164,100,0,1
2022.10.01,01:43:26,1898.4407822872636,1898.4871810612196,1898.4244556441918,1898.4539230401786,100,0,1
2022.10.02,01:43:26,1898.5105687260054,1898.5347309882193,1898.4979460347122,1898.5296682170529,100,0,1
2022.10.03,01:43:26,1898.5164738980675,1898.5570108980025,1898.439573038363,1898.4554595440925,100,0,1
2022.10.04,01:43:26,1898.5171099141514,1898.5789099908438,1898.4544966963624,1898.5250153694737,100,0,1
2022.10.05,01:43:26,1898.5356958681007,1898.5665551534025,1898.4760502073862,1898.4948119079438,100,0,1
2022.10.06,01:43:26,1898.545056119131,1898.5513905860978,1898.498531598729,1898.5187226689025,100,0,1
2022.10.07,01:43:26,1898.4215397237442,1898.4665568689336,1898.3826562821648,1898.4107558402586,100,0,1
2022.10.08,01:43:26,1898.436325122058,1898.5176271359128,1898.3594459751257,1898.5124618148072,100,0,1
2022.10.09,01:43:26,1898.3238769672876,1898.421071439304,1898.2810330289599,1898.3610182471616,100,0,1
2022.10.10,01:43:26,1898.2740695101534,1898.3244898813896,1898.224841292983,1898.2278574979687,100,0,1
2022.10.11,01:43:26,1898.2338350325135,1898.2911618227297,1898.2314931129663,1898.266045622483,100,0,1
2022.10.12,01:43:26,1898.2065627649426,1898.2657041106174,1898.128751541063,1898.229711998357,100,0,1
2022.10.13,01:43:26,1898.1548487092227,1898.2445804154465,1898.143642587843,1898.198482810096,100,0,1
2022.10.14,01:43:26,1898.221538118665,1898.293971905036,1898.217451020797,1898.2498468705865,100,0,1
2022.10.15,01:43:26,1898.0909030434123,1898.1052308218264,1898.045426341076,1898.0755904355087,100,0,1
2022.10.16,01:43:26,1898.0659680685108,1898.1096664759602,1897.9860472175806,1898.029064569957,100,0,1
2022.10.17,01:43:26,1898.0174220577535,1898.0747204962186,1897.9545872652195,1897.9757327470584,100,0,1
2022.10.18,01:43:26,1898.0050772199,1898.0712496451686,1897.9284749862484,1897.9501425615156,100,0,1
2022.10.19,01:43:26,1897.9684897227933,1898.049945446688,1897.8874345539932,1897.940979004637,100,0,1
2022.10.20,01:43:26,1898.0176687611836,1898.0467643311695,1897.9555641020181,1898.038577469158,100,0,1
2022.10.21,01:43:26,1898.0182036313954,1898.129307418514,1897.9626302023112,1898.0636162028661,100,0,1
2022.10.22,01:43:26,1897.9445120880373,1898.0017748833168,1897.9010962947366,1897.9500091673442,100,0,1
2022.10.23,01:43:26,1897.8958253506628,1897.9798898992312,1897.8561236812789,1897.8846995952692,100,0,1
2022.10.24,01:43:26,1897.8746804336406,1897.9426110949953,1897.804487269767,1897.9062920254908,100,0,1
2022.10.25,01:43:26,1897.9104970163366,1897.9277636052736,1897.879599031585,1897.9000169205256,100,0,1
2022.10.26,01:43:26,1897.9196077964775,1897.9628614769977,1897.8517785132644,1897.9191588145052,100,0,1
2022.10.27,01:43:26,1897.941038249286,1897.9848961032594,1897.8763123160243,1897.9728678635693,100,0,1
2022.10.28,01:43:26,1897.939042650232,1897.966575513339,1897.9082070251156,1897.9329105824527,100,0,1
2022.10.29,01:43:26,1897.9196074758959,1897.957156583674,1897.9028676534078,1897.9504426734145,100,0,1
2022.10.30,01:43:26,1897.9633861977045,1898.009870101563,1897.9037503674438,1897.9702180945849,100,0,1
2022.10.31,01:43:26,1898.0068869387915,1898.0536263880251,1897.9780986288179,1898.0105240968028,100,0,1
2022.11.01,01:43:26,1897.960849982048,1898.0161878038864,1897.8708766151415,1897.986353905385,100,0,1
2022.11.02,01:43:26,1897.9853280535233,1898.0784072153604,1897.9070088885346,1897.9232220906351,100,0,1
2022.11.03,01:43:26,1898.0585974864214,1898.1363126856575,1897.99506333438,1898.0726069191528,100,0,1
2022.11.04,01:43:26,1898.0829708532299,1898.1150503456272,1897.9950788776302,1898.0495310058673,100,0,1
2022.11.05,01:43:26,1898.1165031000712,1898.1854576935136,1898.069944363535,1898.0794911474954,100,0,1
2022.11.06,01:43:26,1898.089852929364,1898.120620247701,1898.0185035441314,1898.1172141812272,100,0,1
2022.11.07,01:43:26,1898.150147247664,1898.1618720493457,1898.0930038561844,1898.157671282822,100,0,1
2022.11.08,01:43:26,1898.0854396080751,1898.1282533480826,1898.0239635894973,1898.102559283507,100,0,1
2022.11.09,01:43:26,1898.138608200466,1898.1863748665894,1898.114768335531,1898.1796789710445,100,0,1
2022.11.10,01:43:26,1898.1836357260552,1898.229184564543,1898.1251407040404,1898.1967009893847,100,0,1
2022.11.11,01:43:26,1898.196339297249,1898.2487927471798,1898.1741937750478,1898.215098145409,100,0,1
2022.11.12,01:43:26,1898.1675611763953,1898.215055741841,1898.094835502083,1898.1718284678884,100,0,1
2022.11.13,01:43:26,1898.214722125987,1898.2610309342706,1898.1656593494968,1898.2605433727203,100,0,1
2022.11.14,01:43:26,1898.2619344560933,1898.3067209522835,1898.233818651731,1898.296841240195,100,0,1
2022.11.15,01:43:26,1898.2297490496958,1898.2730928100555,1898.1747920072607,1898.2369138416307,100,0,1
2022.11.16,01:43:26,1898.1725402446268,1898.2278615620262,1898.1310245747218,1898.2148652003052,100,0,1
2022.11.17,01:43:26,1898.2045766705392,1898.2415590047137,1898.1746811248645,1898.2149257624365,100,0,1
2022.11.18,01:43:26,1898.1621678834233,1898.2164080543716,1898.1528754388455,1898.1832774476998,100,0,1
2022.11.19,01:43:26,1898.1306892460261,1898.1891234423795,1898.0915613846266,1898.142114495435,100,0,1
2022.11.20,01:43:26,1898.1277527518284,1898.1914584940798,1898.070722461901,1898.1244040515305,100,0,1
2022.11.21,01:43:26,1898.129594941505,1898.1748761858983,1898.0700945387835,1898.1354315767405,100,0,1
2022.11.22,01:43:26,1898.0574021512139,1898.1049715787003,1898.0200402940702,1898.1018588591933,100,0,1
2022.11.23,01:43:26,1898.1271642676782,1898.1556177996276,1898.0783721679074,1898.0801886423772,100,0,1
2022.11.24,01:43:26,1898.1063326180322,1898.1378917736754,1898.0478518103002,1898.1062513937777,100,0,1
2022.11.25,01:43:26,1898.0523972715569,1898.083117298762,1897.9923888214687,1898.0451421412895,100,0,1
2022.11.26,01:43:26,1898.0248080424658,1898.0940511921815,1897.9593158308442,1897.9744807373665,100,0,1
2022.11.27,01:43:26,1897.9261414959687,1897.9885741568944,1897.8967230627118,1897.935322516197,100,0,1
2022.11.28,01:43:26,1897.8912388027766,1897.9433580361226,1897.836021093049,1897.8582449968915,100,0,1
2022.11.29,01:43:26,1897.9801334974861,1898.0667942398168,1897.9308500990842,1898.0419698133087,100,0,1
2022.11.30,01:43:26,1898.0043099237391,1898.0529878471266,1897.9700694645983,1897.9806633958603,100,0,1
2022.12.01,01:43:26,1897.9574897140815,1898.0054269131167,1897.8877617105707,1897.9655786823398,100,0,1
2022.12.02,01:43:26,1898.088435976759,1898.1311174992402,1898.0564704217238,1898.0967038729636,100,0,1
2022.12.03,01:43:26,1898.0272439972227,1898.0556951279218,1897.9374692571355,1898.0045334843694,100,0,1
2022.12.04,01:43:26,1898.00725618995,1898.0386850203436,1897.9564361878738,1898.0099667035752,100,0,1
2022.12.05,01:43:26,1897.9598629363877,1898.0389032167789,1897.9463415015618,1898.0357241157594,100,0,1
2022.12.06,01:43:26,1897.9053721724845,1897.9814910887526,1897.880567606185,1897.8982328494833,100,0,1
2022.12.07,01:43:26,1897.8049608316442,1897.8865241861247,1897.7311445118366,1897.8188509930135,100,0,1
2022.12.08,01:43:26,1897.756789991845,1897.827879588545,1897.6835600343295,1897.7103894797172,100,0,1
2022.12.09,01:43:26,1897.7423868942908,1897.7597061182864,1897.6877989920413,1897.735546017212,100,0,1
2022.12.10,01:43:26,1897.727856194499,1897.7520923337408,1897.6526350709294,1897.731678810759,100,0,1
2022.12.11,01:43:26,1897.7457093298399,1897.7884741250853,1897.7108705269825,1897.7155917295213,100,0,1
2022.12.12,01:43:26,1897.7273432876405,1897.7626167758935,1897.6935022513571,1897.7005289587744,100,0,1
2022.12.13,01:43:26,1897.753543376737,1897.8108423225176,1897.7291842789675,1897.7559791154495,100,0,1
2022.12.14,01:43:26,1897.7461334142358,1897.8020842918709,1897.6925897620836,1897.7097152910812,100,0,1
2022.12.15,01:43:26,1897.7661991204425,1897.800998540874,1897.6790325367779,1897.7605738570967,100,0,1
2022.12.16,01:43:26,1897.8129306025478,1897.8520697634424,1897.7678098051074,1897.8161157923796,100,0,1
2022.12.17,01:43:26,1897.799541220964,1897.8610076350576,1897.7428643047201,1897.8317312321676,100,0,1
2022.12.18,01:43:26,1897.7997681908046,1897.8738296133993,1897.726162263888,1897.870725281812,100,0,1
2022.12.19,01:43:26,1897.7768107737745,1897.837907460363,1897.7305912115298,1897.7729776878725,100,0,1
2022.12.20,01:43:26,1897.7372035196684,1897.8133274811844,1897.7082609195027,1897.7893653988056,100,0,1
2022.12.21,01:43:26,1897.7407706886768,1897.7843502670887,1897.7103768901452,1897.7303467809713,100,0,1
2022.12.22,01:43:26,1897.7395242864147,1897.7956049719185,1897.700774405335,1897.7174043236892,100,0,1
2022.12.23,01:43:26,1897.8374571159154,1897.8959257983097,1897.7782135053478,1897.853688373482,100,0,1
2022.12.24,01:43:26,1897.7480427843627,1897.79172782709,1897.6732914978634,1897.6958643159887,100,0,1
2022.12.25,01:43:26,1897.6649746612668,1897.6686849587138,1897.6322430486086,1897.6665013107065,100,0,1
2022.12.26,01:43:26,1897.6209301181154,1897.6622385400462,1897.514637897157,1897.6168095464348,100,0,1
2022.12.27,01:43:26,1897.5964482142856,1897.630725603857,1897.5749513334429,1897.577568341754,100,0,1
2022.12.28,01:43:26,1897.498802675174,1897.5220741364585,1897.456196266939,1897.4724874592603,100,0,1
2022.12.29,01:43:26,1897.5280474827234,1897.559172960366,1897.4906248940767,1897.5228564389947,100,0,1
2022.12.30,01:43:26,1897.5956312459123,1897.6253829936866,1897.5602912510274,1897.5930151476941,100,0,1
2022.12.31,01:43:26,1897.6146647671394,1897.673140607562,1897.5763247937261,1897.6545045747866,100,0,1
2023.01.01,01:43:26,1897.6217495605483,1897.6265332389137,1897.565145445444,1897.594536236697,100,0,1
2023.01.02,01:43:26,1897.6437674546394,1897.7165937821503,1897.6024243539052,1897.7127842689717,100,0,1
2023.01.03,01:43:26,1897.6233961461915,1897.635902490408,1897.5696014241287,1897.5767534891195,100,0,1
2023.01.04,01:43:26,1897.566779437614,1897.6190461552524,1897.5102846606096,1897.5648823846043,100,0,1
2023.01.05,01:43:26,1897.617920739877,1897.6289135454547,1897.5792498508506,1897.6006758726023,100,0,1
2023.01.06,01:43:26,1897.644488228404,1897.6844243171274,1897.6014233972196,1897.6429966711432,100,0,1
2023.01.07,01:43:26,1897.5748840612132,1897.6627282114273,1897.510371859919,1897.5314732264314,100,0,1
2023.01.08,01:43:26,1897.6049186993996,1897.6353584153449,1897.559607722503,1897.6316728708177,100,0,1
2023.01.09,01:43:26,1897.5938430903448,1897.618179754509,1897.538839258821,1897.5629364066494,100,0,1
2023.01.10,01:43:26,1897.6172093208709,1897.6419699273963,1897.5513208892492,1897.5542147493065,100,0,1
2023.01.11,01:43:26,1897.6043771775555,1897.670921550449,1897.554387686309,1897.6125804878238,100,0,1
2023.01.12,01:43:26,1897.6187051105617,1897.658136243218,1897.5337411249775,1897.6316710589745,100,0,1
2023.01.13,01:43:26,1897.6396269428133,1897.706412752655,1897.60705497215,1897.616769235764,100,0,1
2023.01.14,01:43:26,1897.6000847945804,1897.6006588983691,1897.536475480729,1897.580501051632,100,0,1
2023.01.15,01:43:26,1897.5621087889358,1897.6214428705719,1897.531268970275,1897.5822108547995,100,0,1
2023.01.16,01:43:26,1897.5439714718545,1897.6206250879204,1897.4908888572866,1897.507275008992,100,0,1
2023.01.17,01:43:26,1897.5456622991048,1897.621590884495,1897.4756019048132,1897.5200630276681,100,0,1
2023.01.18,01:43:26,1897.5935476711284,1897.6476100425357,1897.5830939604039,1897.620665274898,100,0,1
2023.01.19,01:43:26,1897.558825471901,1897.597608041818,1897.496451908873,1897.511489995849,100,0,1
2023.01.20,01:43:26,1897.6280295285264,1897.6720211466904,1897.6049252528942,1897.646560342933,100,0,1
2023.01.21,01:43:26,1897.5430443790287,1897.6064758781213,1897.471414450147,1897.4797465157706,100,0,1
2023.01.22,01:43:26,1897.570286391663,1897.626310047774,1897.5216161501419,1897.5634251613565,100,0,1
2023.01.23,01:43:26,1897.554445184213,1897.6096346010586,1897.5384859205626,1897.5813228927113,100,0,1
2023.01.24,01:43:26,1897.5196514662105,1897.5378510944577,1897.4774526086067,1897.518507903428,100,0,1
2023.01.25,01:43:26,1897.4484272366954,1897.4958750905278,1897.3878039954377,1897.4040566017911,100,0,1
2023.01.26,01:43:26,1897.3552428665841,1897.42937970781,1897.3054369616088,1897.3528294126354,100,0,1
2023.01.27,01:43:26,1897.3421665828917,1897.3864491874178,1897.2949763868007,1897.3320818681516,100,0,1
2023.01.28,01:43:26,1897.3932439282353,1897.4751648951672,1897.3396257403924,1897.4340845140998,100,0,1
2023.01.29,01:43:26,1897.3630922950529,1897.3950146015807,1897.3210161388342,1897.3753407140764,100,0,1
2023.01.30,01:43:26,1897.3599976136381,1897.390591504765,1897.2444858151748,1897.2965782773172,100,0,1
2023.01.31,01:43:26,1897.3737444272874,1897.42718235625,1897.2839678732578,1897.3413033814002,100,0,1
2023.02.01,01:43:26,1897.3439623312456,1897.387886293456,1897.3154858139244,1897.3639733256882,100,0,1
2023.02.02,01:43:26,1897.3775083420421,1897.4805975579927,1897.3335615463384,1897.4388029077452,100,0,1
2023.02.03,01:43:26,1897.4354040442204,1897.5046773160796,1897.386883113697,1897.4285938419787,100,0,1
2023.02.04,01:43:26,1897.4402987915446,1897.4444228268342,1897.3779350703878,1897.4004727337915,100,0,1
2023.02.05,01:43:26,1897.4298767354662,1897.4624908909595,1897.3952554885436,1897.4583129915993,100,0,1
2023.02.06,01:43:26,1897.5498042051722,1897.6118238456083,1897.4996649986272,1897.5750487305977,100,0,1
2023.02.07,01:43:26,1897.6741114301933,1897.678177723509,1897.6091838668804,1897.6453778824425,100,0,1
2023.02.08,01:43:26,1897.6475455448413,1897.7096491951227,1897.5815278054197,1897.638901779184,100,0,1
2023.02.09,01:43:26,1897.6664303184687,1897.7211927025521,1897.6394118329881,1897.7041274456117,100,0,1
2023.02.10,01:43:26,1897.6533941349078,1897.7069393603545,1897.6261629949515,1897.6538286732607,100,0,1
2023.02.11,01:43:26,1897.7586584445608,1897.8268575146762,1897.6962238862545,1897.8133040115874,100,0,1
2023.02.12,01:43:26,1897.753381919047,1897.8002698013227,1897.689048584929,1897.7712692424543,100,0,1
2023.02.13,01:43:26,1897.8168327293245,1897.8935856384628,1897.777323394901,1897.872065946624,100,0,1
2023.02.14,01:43:26,1897.8318942186029,1897.8707851120846,1897.762343728856,1897.7807160181867,100,0,1
2023.02.15,01:43:26,1897.8288423249915,1897.8410931226579,1897.758857513411,1897.791040083344,100,0,1
2023.02.16,01:43:26,1897.8177624531709,1897.8783580499617,1897.7598246451196,1897.83057215256,100,0,1
2023.02.17,01:43:26,1897.8270412431928,1897.8833959777469,1897.7803413057477,1897.7888128698671,100,0,1
2023.02.18,01:43:26,1897.8643759766544,1897.8857316826914,1897.8223599611263,1897.8532605218504,100,0,1
2023.02.19,01:43:26,1897.8727649644886,1897.918200960766,1897.8445744114233,1897.8648926671058,100,0,1
2023.02.20,01:43:26,1897.823352007552,1897.8620636212775,1897.7578088343525,1897.7780863140258,100,0,1
2023.02.21,01:43:26,1897.8770175137925,1897.9281068873534,1897.828817447607,1897.8313447387206,100,0,1
2023.02.22,01:43:26,1897.7853708643556,1897.8309744399621,1897.7266456866287,1897.740467448679,100,0,1
2023.02.23,01:43:26,1897.834438636286,1897.8661188052195,1897.7887586584775,1897.805077142695,100,0,1
2023.02.24,01:43:26,1897.8986041500893,1897.9550543741548,1897.858014364617,1897.8667298001892,100,0,1
2023.02.25,01:43:26,1897.918090720705,1897.9685003674786,1897.8724839212082,1897.898548388426,100,0,1
2023.02.26,01:43:26,1897.9288951908934,1898.0051341588503,1897.8380462077387,1897.92287065144,100,0,1
2023.02.27,01:43:26,1897.9423841802313,1897.991943065952,1897.9112835994713,1897.9760590175842,100,0,1
2023.02.28,01:43:26,1897.9203817684813,1897.9387289361553,1897.873799532624,1897.927286816546,100,0,1
2023.03.01,01:43:26,1897.9845576014845,1898.0351787946252,1897.950250785046,1897.957957509481,100,0,1
2023.03.02,01:43:26,1897.9554994474258,1897.9663273409876,1897.940343137499,1897.9633599234671,100,0,1
2023.03.03,01:43:26,1898.0333569709687,1898.0739155397512,1897.9809137746709,1898.0019226191268,100,0,1
2023.03.04,01:43:26,1897.9922259017153,1898.0382778639043,1897.9510417364447,1898.021182161148,100,0,1
2023.03.05,01:43:26,1898.003211520153,1898.0425744459205,1897.9737624416814,1897.9825007097481,100,0,1
2023.03.06,01:43:26,1897.9434206821725,1898.027537434013,1897.8730536409412,1897.902144449626,100,0,1
2023.03.07,01:43:26,1897.999882941376,1898.0213820877034,1897.9582455583122,1897.9646608829703,100,0,1
2023.03.08,01:43:26,1898.115994881507,1898.1465159843315,1898.0320319517034,1898.0325728794046,100,0,1
2023.03.09,01:43:26,1898.0992118418558,1898.16247037393,1898.0672171432714,1898.1316835391626,100,0,1
2023.03.10,01:43:26,1898.1417366733442,1898.2045132681435,1898.0890278714164,1898.0940408772085,100,0,1
2023.03.11,01:43:26,1898.1885208215929,1898.265618280164,1898.1487131243264,1898.2068124761583,100,0,1
2023.03.12,01:43:26,1898.2650416120825,1898.3117616746551,1898.202529915787,1898.2920689303585,100,0,1
2023.03.13,01:43:26,1898.2566317167662,1898.3191572774344,1898.2254142077845,1898.3045064351022,100,0,1
2023.03.14,01:43:26,1898.2996866106575,1898.3591074169985,1898.2822088201551,1898.3576380112686,100,0,1
2023.03.15,01:43:26,1898.2403076008286,1898.3087024936358,1898.1875799353602,1898.3029195450304,100,0,1
2023.03.16,01:43:26,1898.200686525921,1898.2661869394028,1898.179687440103,1898.2457505226403,100,0,1
2023.03.17,01:43:26,1898.2413657482016,1898.2913090606603,1898.201181880785,1898.2474356792945,100,0,1
2023.03.18,01:43:26,1898.2119025731195,1898.2988381161372,1898.1288164789194,1898.2723978164156,100,0,1
2023.03.19,01:43:26,1898.2301209449945,1898.2858710390433,1898.188502723887,1898.213357415132,100,0,1
2023.03.20,01:43:26,1898.2182739001155,1898.2722444021172,1898.1848275244106,1898.2131157284862,100,0,1
2023.03.21,01:43:26,1898.2230154808165,1898.2698039791728,1898.1929899759696,1898.2126901136412,100,0,1
2023.03.22,01:43:26,1898.2588521383173,1898.2720440860862,1898.2089650012465,1898.2598951660057,100,0,1
2023.03.23,01:43:26,1898.261350626334,1898.2808696233217,1898.189804788432,1898.2762799707803,100,0,1
2023.03.24,01:43:26,1898.2584817680095,1898.3201168983828,1898.2388647604575,1898.3064043330917,100,0,1
2023.03.25,01:43:26,1898.2361481296314,1898.2485870555531,1898.192733832454,1898.2108999141594,100,0,1
2023.03.26,01:43:26,1898.1992496140326,1898.2498236778808,1898.1327954143346,1898.1910858750302,100,0,1
2023.03.27,01:43:26,1898.1746316167944,1898.1950933057958,1898.0925906624177,1898.0980237657154,100,0,1
2023.03.28,01:43:26,1898.1422740221064,1898.2021848601285,1898.1045063724475,1898.1418494692164,100,0,1
2023.03.29,01:43:26,1898.1029949082526,1898.1749022784863,1898.0213765352753,1898.046178240851,100,0,1
2023.03.30,01:43:26,1898.1559673651088,1898.2228862734564,1898.0934590013965,1898.1472392915405,100,0,1
2023.03.31,01:43:26,1898.1691271268603,1898.2450682008043,1898.088687880213,1898.1637031300038,100,0,1
2023.04.01,01:43:26,1898.2128331605563,1898.2625592887434,1898.1741836166277,1898.2299022936045,100,0,1
2023.04.02,01:43:26,1898.2242536186016,1898.280354635008,1898.1860410918653,1898.2730734343695,100,0,1
2023.04.03,01:43:26,1898.2364533732512,1898.2737461899167,1898.2083135925423,1898.270667186425,100,0,1
2023.04.04,01:43:26,1898.189025856691,1898.2617746820365,1898.1175246722835,1898.2457535176252,100,0,1
2023.04.05,01:43:26,1898.1718036290415,1898.2179751947692,1898.112431945071,1898.1308250857899,100,0,1
2023.04.06,01:43:26,1898.1546520074319,1898.243415027345,1898.096188509536,1898.128004564228,100,0,1
2023.04.07,01:43:26,1898.1924042575263,1898.2949387746341,1898.137191631174,1898.2614472195023,100,0,1
2023.04.08,01:43:26,1898.1241866468947,1898.1717662543228,1898.0556969065583,1898.1576478192064,100,0,1
2023.04.09,01:43:26,1898.21548531792,1898.2600528955425,1898.1929521696395,1898.2076347703155,100,0,1
2023.04.10,01:43:26,1898.1899367007154,1898.2381916852523,1898.1708495842192,1898.1940033208607,100,0,1
2023.04.11,01:43:26,1898.1354529601178,1898.2022377019525,1898.083895611485,1898.1168737204923,100,0,1
2023.04.12,01:43:26,1898.161054283681,1898.2419770939641,1898.1417797969664,1898.1956413422242,100,0,1
2023.04.13,01:43:26,1898.1183306141675,1898.1808722191251,1898.0628743634509,1898.074191787522,100,0,1
2023.04.14,01:43:26,1898.1736491313243,1898.2508490919608,1898.1289039385422,1898.1411916933089,100,0,1
2023.04.15,01:43:26,1898.1721109336972,1898.2348625624363,1898.0918543295775,1898.1714098219375,100,0,1
2023.04.16,01:43:26,1898.1567230420599,1898.1937577120154,1898.1101589659993,1898.1341423932056,100,0,1
2023.04.17,01:43:26,1898.168598113215,1898.2634912187625,1898.1249160682148,1898.1645200863945,100,0,1
2023.04.18,01:43:26,1898.2163012801252,1898.3084807066753,1898.1749359668352,1898.2083850587817,100,0,1
2023.04.19,01:43:26,1898.2173901234587,1898.2748927233963,1898.164297547191,1898.26407484951,100,0,1
2023.04.20,01:43:26,1898.2492354468054,1898.3061929731125,1898.1968246671001,1898.2926316047256,100,0,1
2023.04.21,01:43:26,1898.161656733523,1898.178348616229,1898.1243845729857,1898.1346980872206,100,0,1
2023.04.22,01:43:26,1898.0580945532063,1898.1105040268958,1898.0272723233343,1898.0634527046288,100,0,1
2023.04.23,01:43:26,1898.049890272794,1898.081622952018,1898.024188338376,1898.0713172569947,100,0,1
2023.04.24,01:43:26,1898.066921880152,1898.1062553463123,1898.005034878121,1898.065103987337,100,0,1
2023.04.25,01:43:26,1898.114609094498,1898.1615845781946,1898.0742777348414,1898.1161740818152,100,0,1
2023.04.26,01:43:26,1898.146211221484,1898.1873009593078,1898.1320223481998,1898.1461223343958,100,0,1
2023.04.27,01:43:26,1898.1345598280245,1898.1780284926056,1898.0578073149832,1898.1379376250036,100,0,1
2023.04.28,01:43:26,1898.1994608109349,1898.2627544765205,1898.1393046955761,1898.1988618044588,100,0,1
2023.04.29,01:43:26,1898.1940424943912,1898.2365292606028,1898.1126683867053,1898.1477379401128,100,0,1
2023.04.30,01:43:26,1898.1845407948126,1898.2479445527597,1898.1225641672124,1898.1850708962934,100,0,1
2023.05.01,01:43:26,1898.1929116455808,1898.2528075707692,1898.147417095245,1898.2447738852577,100,0,1
2023.05.02,01:43:26,1898.2482045710192,1898.2547700586927,1898.168806386507,1898.2149635358337,100,0,1
2023.05.03,01:43:26,1898.2460980764884,1898.3057830658945,1898.2124951372236,1898.2593446712915,100,0,1
2023.05.04,01:43:26,1898.2830810339462,1898.3702453717835,1898.2164492313893,1898.2985465765396,100,0,1
2023.05.05,01:43:26,1898.3229985541989,1898.3921888409466,1898.26021058309,1898.3481910386279,100,0,1
2023.05.06,01:43:26,1898.276863857578,1898.346214123533,1898.2099316273288,1898.304598623014,100,0,1
2023.05.07,01:43:26,1898.296981655312,1898.3374002219768,1898.2542003140977,1898.3327777400411,100,0,1
2023.05.08,01:43:26,1898.2855779060055,1898.3178766093565,1898.2378520742755,1898.2488242952666,100,0,1
2023.05.09,01:43:26,1898.2674948203617,1898.332420263834,1898.216479566034,1898.2458408590173,100,0,1
2023.05.10,01:43:26,1898.2074834599086,1898.218537111839,1898.1772474276556,1898.202746345057,100,0,1
2023.05.11,01:43:26,1898.245435834228,1898.267551943716,1898.155424269998,1898.2186027424195,100,0,1
2023.05.12,01:43:26,1898.215490446656,1898.2922370097667,1898.1766212533466,1898.181799351655,100,0,1
2023.05.13,01:43:26,1898.1810428921901,1898.2200989193161,1898.1362107534082,1898.1655429762716,100,0,1
2023.05.14,01:43:26,1898.1773497362483,1898.23200160906,1898.0828943459699,1898.1129833147982,100,0,1
2023.05.15,01:43:26,1898.1895606436751,1898.2077727160583,1898.1339092619294,1898.171903441345,100,0,1
2023.05.16,01:43:26,1898.201573589117,1898.2430834807208,1898.1557187982294,1898.166637309076,100,0,1
2023.05.17,01:43:26,1898.1905059905887,1898.227375326976,1898.1645545381687,1898.2204370898419,100,0,1
2023.05.18,01:43:26,1898.2337082112372,1898.2937655773326,1898.1851571964676,1898.2433259408374,100,0,1
2023.05.19,01:43:26,1898.273031499907,1898.3341469217683,1898.2263105220131,1898.2948677941706,100,0,1
2023.05.20,01:43:26,1898.2451190227962,1898.2630229247495,1898.1686727379981,1898.1842233094465,100,0,1
2023.05.21,01:43:26,1898.2615390480817,1898.3166292158671,1898.1893360693168,1898.2483506102626,100,0,1
2023.05.22,01:43:26,1898.2537919169895,1898.3183089844001,1898.1499949093673,1898.3038299605623,100,0,1
2023.05.23,01:43:26,1898.3018001938976,1898.363828447151,1898.2502530029356,1898.275498084531,100,0,1
2023.05.24,01:43:26,1898.2904518134717,1898.3544766048508,1898.2531600864927,1898.2688927776837,100,0,1
2023.05.25,01:43:26,1898.2841016810014,1898.3737460664574,1898.2252385552215,1898.302133181065,100,0,1
2023.05.26,01:43:26,1898.3110094868966,1898.3817045770904,1898.2618253647854,1898.3096138279134,100,0,1
2023.05.27,01:43:26,1898.3275363019616,1898.3925372090935,1898.241648779601,1898.3230990106451,100,0,1
2023.05.28,01:43:26,1898.2630099206401,1898.3144556918405,1898.2154390532066,1898.2990744839663,100,0,1
2023.05.29,01:43:26,1898.2348565388086,1898.2832922149387,1898.1629473387693,1898.178048850756,100,0,1
2023.05.30,01:43:26,1898.3442278138673,1898.4002519757382,1898.2850864043633,1898.3857441283287,100,0,1
2023.05.31,01:43:26,1898.2850804295665,1898.341224260777,1898.233394620686,1898.2628598648982,100,0,1
2023.06.01,01:43:26,1898.2820928898386,1898.3586643841363,1898.2642526981913,1898.3319467329159,100,0,1
2023.06.02,01:43:26,1898.3236727818141,1898.4153978464524,1898.2796752413362,1898.3490745742247,100,0,1
2023.06.03,01:43:26,1898.2925568467615,1898.3179623541143,1898.232596903914,1898.3132599030969,100,0,1
2023.06.04,01:43:26,1898.385924012367,1898.4243968357632,1898.358496333272,1898.4064399347756,100,0,1
2023.06.05,01:43:26,1898.3779953219018,1898.4435798872676,1898.3523932312905,1898.3918056653526,100,0,1
2023.06.06,01:43:26,1898.4709543902218,1898.5434034630575,1898.4258952143941,1898.4354453964258,100,0,1
2023.06.07,01:43:26,1898.539150421837,1898.5854240422796,1898.4918237735503,1898.5373118221062,100,0,1
2023.06.08,01:43:26,1898.5009306178779,1898.552962494814,1898.4254511484933,1898.450098722072,100,0,1
2023.06.09,01:43:26,1898.5076224163224,1898.5374811051986,1898.4312558436945,1898.5149509909943,100,0,1
2023.06.10,01:43:26,1898.516297113391,1898.5281911431464,1898.4593311751146,1898.4933737674094,100,0,1
2023.06.11,01:43:26,1898.5980724796389,1898.651817593096,1898.571300438835,1898.6265468286156,100,0,1
2023.06.12,01:43:26,1898.6321551667622,1898.6913423561293,1898.5663834628815,1898.5748554063046,100,0,1
2023.06.13,01:43:26,1898.5914817156083,1898.6378330025361,1898.5452917204352,1898.5844350981095,100,0,1
2023.06.14,01:43:26,1898.708024696521,1898.76172417994,1898.699720706361,1898.741194031269,100,0,1
2023.06.15,01:43:26,1898.6298343655749,1898.666406066224,1898.535322947782,1898.6217319388052,100,0,1
2023.06.16,01:43:26,1898.5984039555315,1898.644015863318,1898.5484389712258,1898.6302615217105,100,0,1
2023.06.17,01:43:26,1898.6373619302512,1898.6776320971578,1898.6173522070717,1898.6181943585218,100,0,1
2023.06.18,01:43:26,1898.622664395343,1898.6686643747435,1898.5658032544886,1898.6525262931855,100,0,1
2023.06.19,01:43:26,1898.6572397816913,1898.669423241726,1898.6157150650029,1898.635880233114,100,0,1
2023.06.20,01:43:26,1898.6709661944528,1898.7156488097794,1898.6414260724362,1898.6568425218038,100,0,1
2023.06.21,01:43:26,1898.6830076205715,1898.7744528266373,1898.623538293371,1898.6521574741425,100,0,1
2023.06.22,01:43:26,1898.6847822195414,1898.7255143532466,1898.6204328324236,1898.6843550723436,100,0,1
2023.06.23,01:43:26,1898.5884013820692,1898.645631655629,1898.5291914764123,1898.5308695863512,100,0,1
2023.06.24,01:43:26,1898.6104503362749,1898.673775542863,1898.595524845354,1898.6270410757525,100,0,1
2023.06.25,01:43:26,1898.6666294427419,1898.7196469830103,1898.6476787525553,1898.6482185357395,100,0,1
2023.06.26,01:43:26,1898.6878719752287,1898.7243569665632,1898.6423342169173,1898.6913063426682,100,0,1
2023.06.27,01:43:26,1898.7799269109332,1898.873197437592,1898.7294742638494,1898.839275185989,100,0,1
2023.06.28,01:43:26,1898.8328291646908,1898.8719360743426,1898.796311709318,1898.860446876939,100,0,1
2023.06.29,01:43:26,1898.921820577354,1898.9642972917156,1898.8710653551607,1898.9183348321837,100,0,1
2023.06.30,01:43:26,1898.8835200782937,1898.9468415217355,1898.8263509596873,1898.9245202933012,100,0,1
2023.07.01,01:43:26,1898.855287660559,1898.9218415527093,1898.8444440850244,1898.8866125089942,100,0,1
2023.07.02,01:43:26,1898.7309817179735,1898.761665872982,1898.6650094522204,1898.7413231208416,100,0,1
2023.07.03,01:43:26,1898.7431106020858,1898.761703477336,1898.708450574703,1898.7211337703186,100,0,1
2023.07.04,01:43:26,1898.756133636867,1898.8161598551478,1898.7234472840269,1898.7941240196715,100,0,1
2023.07.05,01:43:26,1898.6487379854261,1898.6918718363381,1898.592577516787,1898.6421146963312,100,0,1
2023.07.06,01:43:26,1898.5608090470178,1898.5896504842676,1898.4938140951983,1898.5616275773355,100,0,1
2023.07.07,01:43:26,1898.4221128037386,1898.4969549834998,1898.3884021237657,1898.4921566985238,100,0,1
2023.07.08,01:43:26,1898.4133947455605,1898.4929938047026,1898.332149401521,1898.410393792376,100,0,1
2023.07.09,01:43:26,1898.4197196298999,1898.4268346486174,1898.364630206259,1898.426481348796,100,0,1
2023.07.10,01:43:26,1898.5282846540538,1898.5774106016456,1898.454468028214,1898.4723690820545,100,0,1
2023.07.11,01:43:26,1898.541143372038,1898.6041087572519,1898.5018709850935,1898.5083666474397,100,0,1
2023.07.12,01:43:26,1898.5494014625729,1898.62319558493,1898.462328600942,1898.529270832055,100,0,1
2023.07.13,01:43:26,1898.56901353388,1898.6083445707861,1898.5396824851528,1898.5863841030387,100,0,1
2023.07.14,01:43:26,1898.6173172866886,1898.640513094751,1898.5765677292297,1898.5886344267706,100,0,1
2023.07.15,01:43:26,1898.6762254279809,1898.731973129894,1898.608776102228,1898.6346595839616,100,0,1
2023.07.16,01:43:26,1898.7449457172977,1898.7735188117676,1898.677339100821,1898.7699346721388,100,0,1
2023.07.17,01:43:26,1898.6408447650067,1898.6934661832884,1898.5720240959038,1898.6878166863673,100,0,1
2023.07.18,01:43:26,1898.714093578593,1898.7141126485383,1898.6437151839625,1898.6778497469688,100,0,1
2023.07.19,01:43:26,1898.7754189002587,1898.79471492862,1898.7026715805946,1898.7373922401066,100,0,1
2023.07.20,01:43:26,1898.8024165874692,1898.8812121250066,1898.743409344148,1898.7448710210672,100,0,1
2023.07.21,01:43:26,1898.7328754970033,1898.814786470641,1898.6780432370772,1898.7327123939087,100,0,1
2023.07.22,01:43:26,1898.8632321797324,1898.9176754549578,1898.8384551011814,1898.8903607403274,100,0,1
2023.07.23,01:43:26,1898.7917232378954,1898.8257467853057,1898.7374027279293,1898.7651435198925,100,0,1
2023.07.24,01:43:26,1898.825265711082,1898.877725841128,1898.7994120168257,1898.8351450561493,100,0,1
2023.07.25,01:43:26,1898.7489281224516,1898.7877871535036,1898.7065087933936,1898.765394877077,100,0,1
2023.07.26,01:43:26,1898.752120338733,1898.8031921034328,1898.6918227868161,1898.7906762024113,100,0,1
2023.07.27,01:43:26,1898.6801638202305,1898.7521076863763,1898.6387698320852,1898.650243597424,100,0,1
2023.07.28,01:43:26,1898.7730975338552,1898.7817312131383,1898.721048706129,1898.7552842842329,100,0,1
2023.07.29,01:43:26,1898.786138322101,1898.825986831735,1898.7457078022903,1898.806115558037,100,0,1
2023.07.30,01:43:26,1898.788620752313,1898.845429401863,1898.7594928981468,1898.7794052285756,100,0,1
2023.07.31,01:43:26,1898.939868197282,1899.0080555839031,1898.9224489716144,1898.9719786538399,100,0,1
2023.08.01,01:43:26,1898.9456445803783,1899.0053588881242,1898.9003426549928,1898.9766782400688,100,0,1
2023.08.02,01:43:26,1898.8948556147318,1898.9245295449919,1898.8377630453565,1898.8926331830257,100,0,1
2023.08.03,01:43:26,1898.8603777457172,1898.926639769059,1898.7909217128988,1898.9259952954262,100,0,1
2023.08.04,01:43:26,1898.8131426738028,1898.8432575524944,1898.769678741169,1898.802319916401,100,0,1
2023.08.05,01:43:26,1898.761113740694,1898.808380996507,1898.7477622212314,1898.7809537081343,100,0,1
2023.08.06,01:43:26,1898.756252233787,1898.7949544260437,1898.7097223788053,1898.7683999367741,100,0,1
2023.08.07,01:43:26,1898.7344783086521,1898.7956992367506,1898.687468064919,1898.7783666502069,100,0,1
2023.08.08,01:43:26,1898.758814453961,1898.7963476020245,1898.7023296158745,1898.7756206680212,100,0,1
2023.08.09,01:43:26,1898.7200950389479,1898.7484225270443,1898.677364091394,1898.745680703275,100,0,1
2023.08.10,01:43:26,1898.8119859593312,1898.8355530420538,1898.7038190463834,1898.737954521545,100,0,1
2023.08.11,01:43:26,1898.7733266033183,1898.8257212507178,1898.6977678080166,1898.8071039877361,100,0,1
2023.08.12,01:43:26,1898.8205018099554,1898.8668174292297,1898.7362853702032,1898.8077271963161,100,0,1
2023.08.13,01:43:26,1898.8406547305885,1898.899314174426,1898.783860581689,1898.7855577029538,100,0,1
2023.08.14,01:43:26,1898.8878357842864,1898.9720712593453,1898.8397503578997,1898.9285007639667,100,0,1
2023.08.15,01:43:26,1898.8967494162114,1898.9546492975933,1898.813574156344,1898.9243068473675,100,0,1
2023.08.16,01:43:26,1898.9378367254426,1899.019579794192,1898.8355766242844,1898.983700904457,100,0,1
2023.08.17,01:43:26,1899.0044141225142,1899.0325042138636,1898.9617696652833,1899.0284915614961,100,0,1
2023.08.18,01:43:26,1898.9741138464574,1899.043400658455,1898.944997706724,1898.9922896589533,100,0,1
2023.08.19,01:43:26,1898.8904385958863,1898.9395535647652,1898.8656506594116,1898.8984635222957,100,0,1
2023.08.20,01:43:26,1898.892980912876,1898.92514564793,1898.822214547476,1898.898303501735,100,0,1
2023.08.21,01:43:26,1898.918569628361,1898.9372535801745,1898.8776233742794,1898.8922114557088,100,0,1
2023.08.22,01:43:26,1898.8936123490403,1898.9696035418058,1898.8546012986174,1898.9601015111032,100,0,1
2023.08.23,01:43:26,1898.870918346066,1898.9202891544264,1898.7678719314413,1898.8140995834267,100,0,1
2023.08.24,01:43:26,1898.8484666622264,1898.88615686693,1898.7975560980594,1898.8485499441604,100,0,1
2023.08.25,01:43:26,1898.845250392315,1898.8820249649148,1898.7827918559988,1898.80476861807,100,0,1
2023.08.26,01:43:26,1898.8920739731643,1898.9368017126828,1898.8057863739673,1898.883592795543,100,0,1
2023.08.27,01:43:26,1899.009146564028,1899.0550834458265,1898.9517156361535,1898.957276518958,100,0,1
2023.08.28,01:43:26,1899.0348878885898,1899.0740766767792,1898.9697899640307,1899.0475570162123,100,0,1
2023.08.29,01:43:26,1899.008110091352,1899.0611542716445,1898.9676763781636,1899.0307541827178,100,0,1
2023.08.30,01:43:26,1898.934787256079,1898.969465493255,1898.873628252231,1898.8829554662693,100,0,1
2023.08.31,01:43:26,1898.9868086938852,1899.0304614653107,1898.9201376481801,1899.0288200321359,100,0,1
2023.09.01,01:43:26,1899.0890157596355,1899.1490086942974,1899.0344562053374,1899.1396668356804,100,0,1
2023.09.02,01:43:26,1899.1113300029344,1899.179195042357,1899.057577427479,1899.1449342406063,100,0,1
2023.09.03,01:43:26,1899.0819899188753,1899.147718364513,1899.0280784568201,1899.108653558767,100,0,1
2023.09.04,01:43:26,1899.0140646961734,1899.054699063324,1898.9421109406562,1899.050311775003,100,0,1
2023.09.05,01:43:26,1899.0284171784183,1899.0655429874728,1898.9745415555146,1899.019150333475,100,0,1
2023.09.06,01:43:26,1898.941736249167,1898.9930184784482,1898.8868865049242,1898.9686774038248,100,0,1
2023.09.07,01:43:26,1898.9716187967015,1898.9949395578549,1898.9122771957632,1898.9830788188583,100,0,1
2023.09.08,01:43:26,1898.9804064371995,1899.034047595251,1898.9148737924816,1898.956590900164,100,0,1
2023.09.09,01:43:26,1899.0255624172137,1899.080059895746,1898.9875397151402,1899.007574522252,100,0,1
2023.09.10,01:43:26,1898.9942830438722,1899.0412059525233,1898.9421278107368,1899.036097166796,100,0,1
2023.09.11,01:43:26,1898.978770557948,1899.00069662794,1898.9536126222447,1898.973985909119,100,0,1
2023.09.12,01:43:26,1898.9577306325002,1899.0216076584943,1898.9267842172324,1898.9441297531764,100,0,1
2023.09.13,01:43:26,1898.9351513782701,1898.9799587330908,1898.8589988260535,1898.894941626463,100,0,1
2023.09.14,01:43:26,1898.8764109596082,1898.9142618082783,1898.811099477284,1898.9094181841554,100,0,1
2023.09.15,01:43:26,1898.8868952103135,1898.9457095250386,1898.7993804252378,1898.8292722523593,100,0,1
2023.09.16,01:43:26,1898.9277170294574,1899.0169371078778,1898.850070207034,1898.8687790729718,100,0,1
2023.09.17,01:43:26,1898.9523632570108,1899.0171515620898,1898.8729404276623,1899.0162249219895,100,0,1
2023.09.18,01:43:26,1898.9811103740085,1899.0320700360767,1898.9346210572019,1898.9703632179553,100,0,1
2023.09.19,01:43:26,1898.9933085973441,1899.0816531799226,1898.9800932354367,1899.04225973231,100,0,1
2023.09.20,01:43:26,1899.0337430752513,1899.0681211099811,1898.97458022533,1898.995162695182,100,0,1
2023.09.21,01:43:26,1899.0113568075128,1899.0554231996446,1898.9545854961375,1898.9634734699405,100,0,1
2023.09.22,01:43:26,1899.004524518691,1899.0519282010712,1898.9256438957138,1898.9968776419823,100,0,1
2023.09.23,01:43:26,1898.9880527645573,1899.032378454073,1898.9534020482986,1899.0016676869798,100,0,1
2023.09.24,01:43:26,1898.92700168336,1899.00173753513,1898.8867318846212,1898.9377323448373,100,0,1
2023.09.25,01:43:26,1898.9236764508935,1898.9693797055954,1898.9099625406134,1898.9115264199927,100,0,1
2023.09.26,01:43:26,1898.9689075980787,1899.0068282306552,1898.9117756845253,1898.939942443288,100,0,1
2023.09.27,01:43:26,1898.9836482577052,1899.0050628582767,1898.9376355946097,1898.9499006036594,100,0,1
2023.09.28,01:43:26,1898.9750937566012,1899.0015118097635,1898.90428389884,1898.9282959214067,100,0,1
2023.09.29,01:43:26,1898.9838207379673,1899.0363661343647,1898.9356204433582,1899.0161803325905,100,0,1
2023.09.30,01:43:26,1898.9436079363077,1898.9802670069228,1898.895464489626,1898.908495460121,100,0,1
2023.10.01,01:43:26,1898.9365745909133,1898.976676409087,1898.912256541926,1898.9306144576005,100,0,1
2023.10.02,01:43:26,1898.9748759164384,1899.016627504898,1898.9544028346927,1898.9686929637148,100,0,1
2023.10.03,01:43:26,1898.9120789796448,1898.977300564236,1898.8557188999112,1898.8766850262941,100,0,1
2023.10.04,01:43:26,1898.8938194757222,1898.9638292561308,1898.8468493820583,1898.8917803320473,100,0,1
2023.10.05,01:43:26,1898.928039787248,1898.9724212244819,1898.876278295301,1898.8934147261762,100,0,1
2023.10.06,01:43:26,1898.8953429851556,1898.9457622183863,1898.852993214529,1898.934913623029,100,0,1
2023.10.07,01:43:26,1898.9289665679232,1898.987617881959,1898.8935576883787,1898.965928500668,100,0,1
2023.10.08,01:43:26,1899.0438091756228,1899.0955560384848,1898.9871260049201,1898.9944986113792,100,0,1
2023.10.09,01:43:26,1899.0056539240165,1899.034328922378,1898.9591084182787,1898.9950176310374,100,0,1
2023.10.10,01:43:26,1898.9428453173277,1898.97850490955,1898.9040728638197,1898.933712536539,100,0,1
2023.10.11,01:43:26,1898.9107747557803,1898.941752927171,1898.9027036204327,1898.928021936788,100,0,1
2023.10.12,01:43:26,1898.8879909437494,1898.9225348572263,1898.8318606317775,1898.8411090913307,100,0,1
2023.10.13,01:43:26,1898.8456438110568,1898.9081127053248,1898.8063682982192,1898.8319604596927,100,0,1
2023.10.14,01:43:26,1898.777820374011,1898.8236222331022,1898.727513350169,1898.7709767650952,100,0,1
2023.10.15,01:43:26,1898.6313907465078,1898.68337822751,1898.5598408048695,1898.5964005593914,100,0,1
2023.10.16,01:43:26,1898.5939431198697,1898.6127715793975,1898.5585772091047,1898.5839654535928,100,0,1
2023.10.17,01:43:26,1898.64489926743,1898.7369783369006,1898.6050455011364,1898.6732500823298,100,0,1
2023.10.18,01:43:26,1898.6082446056614,1898.7001232631183,1898.5800432034514,1898.5852400772494,100,0,1
2023.10.19,01:43:26,1898.6148107352808,1898.6510197473162,1898.5955893120572,1898.625080661979,100,0,1
2023.10.20,01:43:26,1898.5828358422941,1898.6246852455,1898.5042610136202,1898.571628636712,100,0,1
2023.10.21,01:43:26,1898.6254177169503,1898.7110602621185,1898.5822414482743,1898.7078341107738,100,0,1
2023.10.22,01:43:26,1898.6855285586055,1898.7613561397332,1898.6490100683225,1898.7214412279093,100,0,1
2023.10.23,01:43:26,1898.6610078871552,1898.7068061545415,1898.6338515281368,1898.6521603151639,100,0,1
2023.10.24,01:43:26,1898.6629597203519,1898.7289683014328,1898.5969697956355,1898.7024491448817,100,0,1
2023.10.25,01:43:26,1898.6616242953971,1898.741149731842,1898.6280056030507,1898.6865329340462,100,0,1
2023.10.26,01:43:26,1898.6647704695283,1898.7311965278557,1898.6256189397868,1898.7025386409282,100,0,1
2023.10.27,01:43:26,1898.6620156333724,1898.6726648868432,1898.6035416618338,1898.6354795466445,100,0,1
2023.10.28,01:43:26,1898.5898229480986,1898.6197731665436,1898.5507693077973,1898.5560156428614,100,0,1
2023.10.29,01:43:26,1898.4887530951466,1898.5362737436596,1898.434327326381,1898.4426515682967,100,0,1
2023.10.30,01:43:26,1898.4007518165436,1898.4341324889713,1898.3610017945234,1898.4133389273313,100,0,1
2023.10.31,01:43:26,1898.410865887628,1898.4359648132543,1898.347559245097,1898.3650332998934,100,0,1
2023.11.01,01:43:26,1898.3504700267365,1898.4150105550386,1898.2747134087674,1898.3427721651901,100,0,1
2023.11.02,01:43:26,1898.3442700908001,1898.4102565842536,1898.3008416387354,1898.3794598583409,100,0,1
2023.11.03,01:43:26,1898.2960414061135,1898.35978087922,1898.2598312616828,1898.2998057534844,100,0,1
2023.11.04,01:43:26,1898.2664510034303,1898.3030416190527,1898.2542172862486,1898.2626843024018,100,0,1
2023.11.05,01:43:26,1898.256263426282,1898.2921506170753,1898.1848191489066,1898.2139089298898,100,0,1
2023.11.06,01:43:26,1898.215533345266,1898.2254059963473,1898.1643051448145,1898.1897812605105,100,0,1
2023.11.07,01:43:26,1898.1079674227665,1898.1866063666175,1898.0571029544062,1898.0636470331983,100,0,1
2023.11.08,01:43:26,1898.1022865516672,1898.1604854738775,1898.0420323958597,1898.150560477654,100,0,1
2023.11.09,01:43:26,1898.1466519106398,1898.23908039651,1898.0655309366912,1898.209967964999,100,0,1
2023.11.10,01:43:26,1898.1781522397305,1898.2274583210008,1898.1335174915307,1898.1887661977705,100,0,1
2023.11.11,01:43:26,1898.2095587839663,1898.2489889181973,1898.1677376517287,1898.186857121077,100,0,1
2023.11.12,01:43:26,1898.219861541042,1898.2774673946324,1898.1681048126932,1898.235550841535,100,0,1
2023.11.13,01:43:26,1898.267595928158,1898.342691991716,1898.2096626201603,1898.2333143478966,100,0,1
2023.11.14,01:43:26,1898.176798065284,1898.1887809084303,1898.154925233838,1898.1706120089993,100,0,1
2023.11.15,01:43:26,1898.1972670891346,1898.2349253842715,1898.162767762625,1898.179614737749,100,0,1
2023.11.16,01:43:26,1898.2103274564804,1898.2265537286708,1898.1589786658767,1898.1800976302509,100,0,1
2023.11.17,01:43:26,1898.081247304196,1898.1182289416508,1898.0466210520322,1898.0814935518883,100,0,1
2023.11.18,01:43:26,1898.061539665285,1898.131709032979,1898.0381951363788,1898.041672112634,100,0,1
2023.11.19,01:43:26,1898.053676711814,1898.1046732123239,1898.0128152240522,1898.1040640337355,100,0,1
2023.11.20,01:43:26,1898.0095078314648,1898.037489141666,1897.9659570915367,1898.031372596858,100,0,1
2023.11.21,01:43:26,1897.9808410982757,1898.018028789072,1897.9522054734011,1897.9997143121236,100,0,1
2023.11.22,01:43:26,1897.9812802894937,1898.032668930006,1897.9498201721008,1897.973145580623,100,0,1
2023.11.23,01:43:26,1897.9380868761477,1897.9803309225906,1897.8598723711198,1897.9628367074652,100,0,1
2023.11.24,01:43:26,1897.9794783824332,1898.058901183663,1897.9500283447912,1898.0100092932562,100,0,1
2023.11.25,01:43:26,1897.9980454263984,1898.0433689254328,1897.9076662092991,1897.9914158697752,100,0,1
2023.11.26,01:43:26,1897.9978558735781,1898.0495150378297,1897.9468559907389,1897.9833400437265,100,0,1
2023.11.27,01:43:26,1898.0312893897963,1898.045245451885,1897.9935921051863,1898.0288868100133,100,0,1
2023.11.28,01:43:26,1898.03361064031,1898.0534782744721,1897.9898427339733,1897.9956453238183,100,0,1
2023.11.29,01:43:26,1898.1807065579935,1898.24369084505,1898.1431635478473,1898.192985990225,100,0,1
2023.11.30,01:43:26,1898.2186588725701,1898.2831329577355,1898.1983911141294,1898.2164154490588,100,0,1
2023.12.01,01:43:26,1898.2228267123485,1898.2669882808407,1898.1633882864924,1898.2406673627975,100,0,1
2023.12.02,01:43:26,1898.1848222100057,1898.2259963698423,1898.1403856922634,1898.164252556578,100,0,1
2023.12.03,01:43:26,1898.1963349410476,1898.205840521854,1898.1599108932833,1898.163456924824,100,0,1
2023.12.04,01:43:26,1898.218875689339,1898.2759708752603,1898.161768283818,1898.1703327881357,100,0,1
2023.12.05,01:43:26,1898.2517613148343,1898.3120746535178,1898.1713550315385,1898.2710590591778,100,0,1
2023.12.06,01:43:26,1898.2641283512414,1898.3469396567825,1898.1891943260657,1898.2643768508945,100,0,1
2023.12.07,01:43:26,1898.1974073614554,1898.2597284135334,1898.1249841151064,1898.176073446653,100,0,1
2023.12.08,01:43:26,1898.2974217188212,1898.3939321655653,1898.256195183405,1898.3223954551663,100,0,1
2023.12.09,01:43:26,1898.3071369289512,1898.3230189608976,1898.2677062413252,1898.2731124810614,100,0,1
2023.12.10,01:43:26,1898.3157418122807,1898.35428391002,1898.2483228107058,1898.3257593532696,100,0,1
2023.12.11,01:43:26,1898.3875330455153,1898.418727787871,1898.3258921953873,1898.4054020845351,100,0,1
2023.12.12,01:43:26,1898.3864690172265,1898.4200422426168,1898.3641339827561,1898.420010865476,100,0,1
2023.12.13,01:43:26,1898.4521811418647,1898.4903108660005,1898.3982311530217,1898.4486370654718,100,0,1
2023.12.14,01:43:26,1898.4788928875691,1898.5511203649232,1898.4351466780643,1898.4681127796066,100,0,1
2023.12.15,01:43:26,1898.4481077266123,1898.5035840018804,1898.3924465033806,1898.5001378424943,100,0,1
2023.12.16,01:43:26,1898.4520590829989,1898.4949330436332,1898.4052524318165,1898.413156025099,100,0,1
2023.12.17,01:43:26,1898.3876025864708,1898.4327072068654,1898.3466051517341,1898.3874095267083,100,0,1
2023.12.18,01:43:26,1898.2879112206201,1898.331380404686,1898.2286164063776,1898.311664132009,100,0,1
2023.12.19,01:43:26,1898.293629123437,1898.3404654715173,1898.2318781028546,1898.338191381354,100,0,1
2023.12.20,01:43:26,1898.3472075559932,1898.4154607167534,1898.2679188231452,1898.4006038735092,100,0,1
2023.12.21,01:43:26,1898.3103064130325,1898.3657897909777,1898.2883715052722,1898.3476371329778,100,0,1
2023.12.22,01:43:26,1898.2884131890355,1898.3713749021072,1898.2341809846164,1898.301341787446,100,0,1
2023.12.23,01:43:26,1898.28607883961,1898.3228875052837,1898.2746959521396,1898.2870992389253,100,0,1
2023.12.24,01:43:26,1898.2843376194637,1898.3482106929348,1898.216120697353,1898.3413624369753,100,0,1
2023.12.25,01:43:26,1898.2350705254466,1898.302857463056,1898.2149693496629,1898.226203761093,100,0,1
2023.12.26,01:43:26,1898.1663144200443,1898.2115918433124,1898.135711342783,1898.1365921972229,100,0,1
2023.12.27,01:43:26,1898.245934915179,1898.2962103530278,1898.1855259017893,1898.2669924779607,100,0,1
2023.12.28,01:43:26,1898.2552717832605,1898.2896093707889,1898.2293422793693,1898.2306573110693,100,0,1
2023.12.29,01:43:26,1898.2222798553323,1898.284897785934,1898.1840840605605,1898.1866418692232,100,0,1
2023.12.30,01:43:26,1898.231910525831,1898.277645891136,1898.1692930420563,1898.2373479551036,100,0,1
2023.12.31,01:43:26,1898.2556453951786,1898.3219452436022,1898.1993540963206,1898.2204850947446,100,0,1
2024.01.01,01:43:26,1898.2712148480637,1898.3312638500495,1898.2655845589675,1898.32117419526,100,0,1
2024.01.02,01:43:26,1898.2591294389601,1898.2803448566772,1898.2141269932238,1898.2275597339556,100,0,1
2024.01.03,01:43:26,1898.300360296379,1898.3718859510575,1898.2725821868962,1898.348692812419,100,0,1
2024.01.04,01:43:26,1898.2375664257404,1898.281718842408,1898.209709507698,1898.2307388069394,100,0,1
2024.01.05,01:43:26,1898.2835204995338,1898.3352768576995,1898.2033607387282,1898.2339246313124,100,0,1
2024.01.06,01:43:26,1898.2705225488564,1898.282727228515,1898.2242043255958,1898.2697462470228,100,0,1
2024.01.07,01:43:26,1898.2831604126507,1898.3371835979458,1898.2342070254645,1898.3326031456895,100,0,1
2024.01.08,01:43:26,1898.300580931925,1898.3428007437278,1898.2367874289757,1898.2934228865274,100,0,1
2024.01.09,01:43:26,1898.312089131236,1898.367193352135,1898.3039342035431,1898.3155644900687,100,0,1
2024.01.10,01:43:26,1898.4151140346546,1898.4725215301091,1898.3505038177284,1898.4086105381539,100,0,1
2024.01.11,01:43:26,1898.3489441606785,1898.3888940460288,1898.255414107524,1898.2905809156034,100,0,1
2024.01.12,01:43:26,1898.3149912909337,1898.3579678015037,1898.251107143617,1898.2587571617823,100,0,1
2024.01.13,01:43:26,1898.3809521874214,1898.4414314783942,1898.3220288098444,1898.430000462055,100,0,1
2024.01.14,01:43:26,1898.3555815461941,1898.4234872739246,1898.2979328835986,1898.3183763553295,100,0,1
2024.01.15,01:43:26,1898.4691027740994,1898.5443647008105,1898.4348188189822,1898.5132507810492,100,0,1
2024.01.16,01:43:26,1898.4102644369004,1898.4874098158848,1898.35670181103,1898.4781266021798,100,0,1
2024.01.17,01:43:26,1898.3643674263237,1898.4161421281424,1898.3137751826616,1898.3769473310724,100,0,1
2024.01.18,01:43:26,1898.374399238241,1898.432315587024,1898.3158112196934,1898.371540255464,100,0,1
2024.01.19,01:43:26,1898.4770485664712,1898.5149835761579,1898.409096596196,1898.4621037202257,100,0,1
2024.01.20,01:43:26,1898.4801662190423,1898.518546024258,1898.4382429951677,1898.4760708909935,100,0,1
2024.01.21,01:43:26,1898.4556551393534,1898.50864410363,1898.3930475760549,1898.4223329787153,100,0,1
2024.01.22,01:43:26,1898.508780302141,1898.5407861147298,1898.4156816473565,1898.4644475270081,100,0,1
2024.01.23,01:43:26,1898.4470760452723,1898.5239086084164,1898.3687624366942,1898.5061356307397,100,0,1
2024.01.24,01:43:26,1898.4558765735044,1898.4920689233606,1898.387602774831,1898.4101284000863,100,0,1
2024.01.25,01:43:26,1898.4510779801665,1898.4705225921805,1898.4053061427692,1898.4592635544598,100,0,1
2024.01.26,01:43:26,1898.3874032042384,1898.421573756704,1898.3150008733264,1898.3578510918153,100,0,1
2024.01.27,01:43:26,1898.2827439588336,1898.3401003871782,1898.2452533132064,1898.3063088696688,100,0,1
2024.01.28,01:43:26,1898.3298604485562,1898.3936386712821,1898.29655610554,1898.3499524275678,100,0,1
2024.01.29,01:43:26,1898.2892329344488,1898.3242308873455,1898.2385781532275,1898.2705137945422,100,0,1
2024.01.30,01:43:26,1898.2424468189483,1898.2675982427868,1898.1752954247072,1898.2550033748976,100,0,1
2024.01.31,01:43:26,1898.2205346623152,1898.276293647099,1898.1586251528238,1898.1760506661424,100,0,1
2024.02.01,01:43:26,1898.191674402645,1898.2200560070448,1898.1513853321876,1898.1904396833647,100,0,1
2024.02.02,01:43:26,1898.1557001306815,1898.2114877661318,1898.1096873524025,1898.201373898429,100,0,1
2024.02.03,01:43:26,1898.1615008913188,1898.2375092280654,1898.1026256803482,1898.1090035212603,100,0,1
2024.02.04,01:43:26,1898.1653547436104,1898.2296683674558,1898.0848113109614,1898.1855252162943,100,0,1
2024.02.05,01:43:26,1898.1801527766415,1898.2355253494095,1898.1186158830235,1898.2231242352536,100,0,1
2024.02.06,01:43:26,1898.1932634445643,1898.2589416336152,1898.1766521402562,1898.2116613447279,100,0,1
2024.02.07,01:43:26,1898.2187047969824,1898.2771335630084,1898.1723925078095,1898.24060229164,100,0,1
2024.02.08,01:43:26,1898.2159289845226,1898.2746592937963,1898.1773785558646,1898.2677375777755,100,0,1
2024.02.09,01:43:26,1898.2537955190385,1898.2849322314555,1898.2034101294898,1898.2826680953829,100,0,1
2024.02.10,01:43:26,1898.2272829235148,1898.2584670161775,1898.1818359750678,1898.188804146795,100,0,1
2024.02.11,01:43:26,1898.268397502852,1898.3107860829311,1898.2196501908775,1898.2402633602703,100,0,1
2024.02.12,01:43:26,1898.2383312806776,1898.2935633189559,1898.1662517747172,1898.2035438949663,100,0,1
2024.02.13,01:43:26,1898.198255257168,1898.2544372550713,1898.190308413943,1898.200756794918,100,0,1
2024.02.14,01:43:26,1898.2587377572354,1898.2989108361141,1898.1630889867995,1898.2130791599716,100,0,1
2024.02.15,01:43:26,1898.264630024812,1898.321055214569,1898.2379864321922,1898.3002938174059,100,0,1
2024.02.16,01:43:26,1898.278415385068,1898.326052786765,1898.2215813210419,1898.3096882426148,100,0,1
2024.02.17,01:43:26,1898.1978389612489,1898.2736112402335,1898.133733801611,1898.2665571655448,100,0,1
2024.02.18,01:43:26,1898.078870664531,1898.1241300813633,1898.0330687409707,1898.1122422769754,100,0,1
2024.02.19,01:43:26,1898.0295577815773,1898.0636378445697,1897.949799671017,1897.9602636371744,100,0,1
2024.02.20,01:43:26,1898.0139576851398,1898.0575061455702,1897.9763710222867,1898.0241535967255,100,0,1
2024.02.21,01:43:26,1897.990719577329,1898.0669870494887,1897.9466892147136,1898.0453927111441,100,0,1
2024.02.22,01:43:26,1898.0458164460383,1898.084586641554,1897.9796077222034,1898.0394007083285,100,0,1
2024.02.23,01:43:26,1898.033488208739,1898.102912834344,1898.0242436693422,1898.026217235948,100,0,1
2024.02.24,01:43:26,1898.033115209316,1898.1027250838015,1897.9839979746198,1897.988717118257,100,0,1
2024.02.25,01:43:26,1898.0509785538895,1898.1034048390118,1898.001421941696,1898.0323789934478,100,0,1
2024.02.26,01:43:26,1898.0845155500103,1898.134614601544,1898.0478656059195,1898.0673336408638,100,0,1
2024.02.27,01:43:26,1898.0758058858069,1898.132389082008,1898.0134788417881,1898.0617757301525,100,0,1
2024.02.28,01:43:26,1898.1068645715764,1898.1533312127053,1898.0306542571184,1898.095532662137,100,0,1
2024.02.29,01:43:26,1898.1166156178572,1898.1524790658602,1898.0644439860796,1898.1200133727757,100,0,1
2024.03.01,01:43:26,1898.2037453456362,1898.2282013555202,1898.1394182206343,1898.2170529104835,100,0,1
2024.03.02,01:43:26,1898.1204671255073,1898.1822973498415,1898.1051795433898,1898.1579170948444,100,0,1
2024.03.03,01:43:26,1898.1124253939138,1898.149140158684,1898.0596248750826,1898.113810001142,100,0,1
2024.03.04,01:43:26,1898.1538944727145,1898.1982812705937,1898.0750240260654,1898.1027974664955,100,0,1
2024.03.05,01:43:26,1898.0917660992188,1898.1740141961482,1898.0531681907469,1898.101155687974,100,0,1
2024.03.06,01:43:26,1898.0669516927392,1898.085260095758,1898.0534570304828,1898.0758175540418,100,0,1
2024.03.07,01:43:26,1898.0345900330387,1898.1020776923417,1898.0039756643982,1898.0964085223932,100,0,1
2024.03.08,01:43:26,1898.0059010940897,1898.0697504541154,1897.9910783004293,1898.0020045274446,100,0,1
2024.03.09,01:43:26,1898.104936362437,1898.1479175616391,1898.0535400181711,1898.1222491140848,100,0,1
2024.03.10,01:43:26,1898.1315601740741,1898.1658692465282,1898.0698067840065,1898.1608649658995,100,0,1
2024.03.11,01:43:26,1898.1219905707544,1898.2173308828972,1898.067423432147,1898.1476041173298,100,0,1
2024.03.12,01:43:26,1898.0796030132021,1898.137705133062,1898.0606565479889,1898.1159019378567,100,0,1
2024.03.13,01:43:26,1898.0871802772683,1898.1398866579211,1898.0316463699633,1898.0998255996974,100,0,1
2024.03.14,01:43:26,1898.0590341476025,1898.1344939057938,1898.0067462088966,1898.0922805547716,100,0,1
2024.03.15,01:43:26,1898.0100277239453,1898.06092726021,1897.9470426711673,1897.9794288094613,100,0,1
2024.03.16,01:43:26,1898.060566793462,1898.1068799787142,1898.0305813718164,1898.0964528639695,100,0,1
2024.03.17,01:43:26,1898.0658796217629,1898.1409394173088,1898.0595015000097,1898.1300407276153,100,0,1
2024.03.18,01:43:26,1897.9593621281695,1898.0148628834654,1897.9391529046945,1897.9528307422493,100,0,1
2024.03.19,01:43:26,1897.97880237417,1898.0503161636848,1897.9234480577663,1897.9889730375016,100,0,1
2024.03.20,01:43:26,1897.9395888568356,1897.9882097734226,1897.8621907347253,1897.9127898351223,100,0,1
2024.03.21,01:43:26,1897.993936204387,1898.0468863225024,1897.9073030942957,1898.0291877104482,100,0,1
2024.03.22,01:43:26,1898.038728350338,1898.0768458542873,1897.972943796732,1897.9901082156446,100,0,1
2024.03.23,01:43:26,1898.0571825194177,1898.0929913162056,1897.9757282608844,1898.0724537574,100,0,1
2024.03.24,01:43:26,1898.0994389918928,1898.1607913142366,1898.0167864265306,1898.1106512259823,100,0,1
2024.03.25,01:43:26,1898.150620780496,1898.1752226508652,1898.0808299392336,1898.1325408610394,100,0,1
2024.03.26,01:43:26,1898.1281755101315,1898.1449308097174,1898.0888835287137,1898.0922865864297,100,0,1
2024.03.27,01:43:26,1898.1229330908816,1898.178846385518,1898.0487627356918,1898.0496171058537,100,0,1
2024.03.28,01:43:26,1898.09419150022,1898.138297049541,1898.0319890058954,1898.1349411191034,100,0,1
2024.03.29,01:43:26,1898.0103886239076,1898.0920321470242,1897.9554244922786,1898.006004227692,100,0,1
2024.03.30,01:43:26,1898.0053883547525,1898.0416259587093,1897.9615369696733,1897.9784174443566,100,0,1
2024.03.31,01:43:26,1897.9596309180572,1897.967853736546,1897.932363571276,1897.9589691004305,100,0,1
2024.04.01,01:43:26,1897.9883791663892,1898.0424959724107,1897.9664876657719,1897.9774927625476,100,0,1
2024.04.02,01:43:26,1897.985652360453,1898.0189141818396,1897.907508411715,1897.9901716034128,100,0,1
2024.04.03,01:43:26,1897.9046036612774,1897.9599065679645,1897.8664237233481,1897.9496163692497,100,0,1
2024.04.04,01:43:26,1897.941271157463,1898.0053669497806,1897.8557700796314,1898.0053007016604,100,0,1
2024.04.05,01:43:26,1897.9257820954297,1897.9444771271724,1897.868180335896,1897.8864735210227,100,0,1
2024.04.06,01:43:26,1897.914056008334,1898.0171940008172,1897.8724997593959,1898.0076984011482,100,0,1
2024.04.07,01:43:26,1897.9109182176453,1898.0049810384396,1897.8690931511385,1897.9530608908317,100,0,1
2024.04.08,01:43:26,1897.8979901105383,1897.9799076742174,1897.8065227640896,1897.8926094872284,100,0,1
2024.04.09,01:43:26,1897.75012022592,1897.7822603909005,1897.6963840416286,1897.710806900028,100,0,1
2024.04.10,01:43:26,1897.8040608780634,1897.8621916276063,1897.745596781421,1897.7590382140409,100,0,1
2024.04.11,01:43:26,1897.8415610819939,1897.8437133121768,1897.8224872127535,1897.823646942798,100,0,1
2024.04.12,01:43:26,1897.7876786095642,1897.8347901461912,1897.7680452727093,1897.7736794259465,100,0,1
2024.04.13,01:43:26,1897.722969175312,1897.754407995879,1897.6254372599647,1897.7073648264327,100,0,1
2024.04.14,01:43:26,1897.7473240375396,1897.7786750393086,1897.6756012819035,1897.7086910535488,100,0,1
2024.04.15,01:43:26,1897.817054204388,1897.8808850157832,1897.8129130952527,1897.8368147984022,100,0,1
2024.04.16,01:43:26,1897.8540605222342,1897.896077924503,1897.8076243251987,1897.872545228744,100,0,1
2024.04.17,01:43:26,1897.865949976477,1897.924675502905,1897.8037098997743,1897.8832007513772,100,0,1
2024.04.18,01:43:26,1897.8618047633843,1897.9344056361688,1897.812840091487,1897.866722164055,100,0,1
2024.04.19,01:43:26,1897.781279155549,1897.8082703579964,1897.7222372125507,1897.795763479093,100,0,1
2024.04.20,01:43:26,1897.8271243401705,1897.8979026763077,1897.7169831687386,1897.8535893379583,100,0,1
2024.04.21,01:43:26,1897.7904902455439,1897.8392523842926,1897.7762560342928,1897.839240426394,100,0,1
2024.04.22,01:43:26,1897.7824766210244,1897.8181727597996,1897.7152235788544,1897.776852818793,100,0,1
2024.04.23,01:43:26,1897.819664800609,1897.8345026051693,1897.7608605809748,1897.8104057931766,100,0,1
2024.04.24,01:43:26,1897.7260980275641,1897.7586674084607,1897.6921251381063,1897.6982124457709,100,0,1
2024.04.25,01:43:26,1897.753016055755,1897.8123884569338,1897.6670632032583,1897.7409145571735,100,0,1
2024.04.26,01:43:26,1897.780422570097,1897.8262557737417,1897.7133472716337,1897.8058162739892,100,0,1
2024.04.27,01:43:26,1897.8771406775707,1897.9197298007416,1897.8172218483367,1897.8578243997342,100,0,1
2024.04.28,01:43:26,1897.9174608323158,1897.9429610937848,1897.8770662224247,1897.8873711541041,100,0,1
2024.04.29,01:43:26,1897.9685111139947,1897.9895408044088,1897.940333988519,1897.9607189760025,100,0,1
2024.04.30,01:43:26,1897.9706719243618,1898.0206892438532,1897.9502130170376,1898.0048690421324,100,0,1
2024.05.01,01:43:26,1897.9297257333483,1897.979319753066,1897.878370861902,1897.8921756916889,100,0,1
2024.05.02,01:43:26,1897.9266461230877,1897.9993051354118,1897.880638194774,1897.8806447548416,100,0,1
2024.05.03,01:43:26,1897.9262858869058,1897.976215216394,1897.8742496489488,1897.8815337585722,100,0,1
2024.05.04,01:43:26,1897.9291689551399,1897.9890992622984,1897.8836111954683,1897.9745826429112,100,0,1
2024.05.05,01:43:26,1897.9433083586518,1897.9877004331079,1897.87790881228,1897.8974709136112,100,0,1
2024.05.06,01:43:26,1897.955378832459,1897.9873890343108,1897.9351460967644,1897.9399300922094,100,0,1
2024.05.07,01:43:26,1897.9537448133299,1897.963447087061,1897.9059956634746,1897.9432873754238,100,0,1
2024.05.08,01:43:26,1897.962978809653,1898.0278206549137,1897.8778002001634,1897.9601178746423,100,0,1
2024.05.09,01:43:26,1897.9717993252984,1898.047118706208,1897.9050985615825,1897.9343714793376,100,0,1
2024.05.10,01:43:26,1897.9569295666695,1898.0122401962826,1897.9113623603994,1897.9739419803489,100,0,1
2024.05.11,01:43:26,1897.9185850965998,1897.9796672805987,1897.8691450095635,1897.9028543302093,100,0,1
2024.05.12,01:43:26,1898.004831432309,1898.061998498116,1897.950958980308,1897.9928362942844,100,0,1
2024.05.13,01:43:26,1898.049805695999,1898.0869232934433,1898.0125841747977,1898.0297930564302,100,0,1
2024.05.14,01:43:26,1898.0374745635322,1898.1036618171438,1897.978941265785,1898.0610153945875,100,0,1
2024.05.15,01:43:26,1898.0125425268643,1898.0588653193845,1897.9768125579394,1897.9964416238913,100,0,1
2024.05.16,01:43:26,1898.0616771347684,1898.1072252780662,1898.014018700476,1898.0573850879205,100,0,1
2024.05.17,01:43:26,1898.0351806786039,1898.08849880885,1898.0007780251244,1898.0290023524024,100,0,1
2024.05.18,01:43:26,1897.9887002571188,1898.0392887862329,1897.933970760628,1898.0219931441068,100,0,1
2024.05.19,01:43:26,1897.9668658508435,1897.974051285456,1897.9238265946378,1897.9633744516216,100,0,1
2024.05.20,01:43:26,1897.9564330354142,1898.0285605393003,1897.9032388698606,1897.9860685680217,100,0,1
2024.05.21,01:43:26,1898.0183099541812,1898.065454603351,1897.9628933113647,1897.9923062492935,100,0,1
2024.05.22,01:43:26,1898.01282343412,1898.049311673562,1897.9408079583254,1897.9731006431384,100,0,1
2024.05.23,01:43:26,1898.0351958891124,1898.11504991667,1897.9669033517098,1898.0587040880716,100,0,1
2024.05.24,01:43:26,1898.1358098132093,1898.1937505793483,1898.0953874232332,1898.171385637661,100,0,1
2024.05.25,01:43:26,1898.1158369372515,1898.2082577554916,1898.0775955043896,1898.146199828202,100,0,1
2024.05.26,01:43:26,1898.1925088414623,1898.2290180309626,1898.1439483482302,1898.1752214531048,100,0,1
2024.05.27,01:43:26,1898.1656509643055,1898.2480199239922,1898.1246870234224,1898.1791581148668,100,0,1
2024.05.28,01:43:26,1898.2070806419108,1898.2811032016498,1898.1479851191941,1898.2047385828878,100,0,1
2024.05.29,01:43:26,1898.1126625986467,1898.1640433426762,1898.0173512860204,1898.0343904609392,100,0,1
2024.05.30,01:43:26,1898.0888746783519,1898.1540418639663,1898.0125425191923,1898.116215039186,100,0,1
2024.05.31,01:43:26,1897.9653975800031,1898.0119776530953,1897.9258106693774,1897.9856627324457,100,0,1
2024.06.01,01:43:26,1897.9413010234184,1897.9991217169006,1897.8844944276389,1897.9369891128451,100,0,1
2024.06.02,01:43:26,1897.92240173311,1897.9443571492798,1897.8850891026252,1897.9367149474156,100,0,1
2024.06.03,01:43:26,1897.9544699486526,1897.9854445087155,1897.907071600669,1897.9408878740205,100,0,1
2024.06.04,01:43:26,1898.0414981626711,1898.109744569697,1897.9800522901348,1898.0177086849371,100,0,1
2024.06.05,01:43:26,1898.1608769617835,1898.2024852280663,1898.1228559857786,1898.196447115898,100,0,1
2024.06.06,01:43:26,1898.2004757980212,1898.2492174032552,1898.1260780401146,1898.1791942717464,100,0,1
2024.06.07,01:43:26,1898.347795052084,1898.4127371041802,1898.2950594555577,1898.316801615058,100,0,1
2024.06.08,01:43:26,1898.3559605272544,1898.4378875954453,1898.2659922539003,1898.425707771188,100,0,1
2024.06.09,01:43:26,1898.3704125853283,1898.4531442832729,1898.3378657577375,1898.3720264753833,100,0,1
2024.06.10,01:43:26,1898.3207399663133,1898.3686836851282,1898.2490627536877,1898.3458500076156,100,0,1
2024.06.11,01:43:26,1898.2777346468295,1898.2895885571631,1898.2288131221294,1898.2697055383896,100,0,1
2024.06.12,01:43:26,1898.289720563575,1898.3511924517686,1898.2364186840698,1898.248717743955,100,0,1
2024.06.13,01:43:26,1898.2522661643056,1898.311583493229,1898.2087671905279,1898.3065467226554,100,0,1
2024.06.14,01:43:26,1898.2754023796515,1898.3557165297993,1898.227853234954,1898.338930054766,100,0,1
2024.06.15,01:43:26,1898.2729900261331,1898.3468260507445,1898.2262637600843,1898.261878488263,100,0,1
2024.06.16,01:43:26,1898.362280353256,1898.3998866753027,1898.324426590781,1898.3708698457654,100,0,1
2024.06.17,01:43:26,1898.4311209699117,1898.453586693881,1898.3573076038426,1898.3621695275444,100,0,1
2024.06.18,01:43:26,1898.3440789278136,1898.3969824921642,1898.2804390947158,1898.3295504487944,100,0,1
2024.06.19,01:43:26,1898.3649141441308,1898.423375098997,1898.2631880495235,1898.2955503955088,100,0,1
2024.06.20,01:43:26,1898.2983399848074,1898.3468188115937,1898.2651346373907,1898.30743926891,100,0,1
2024.06.21,01:43:26,1898.208153396151,1898.2652280477967,1898.1668725273937,1898.2442938942622,100,0,1
2024.06.22,01:43:26,1898.236470649356,1898.3119907109433,1898.2005071124033,1898.2995939069892,100,0,1
2024.06.23,01:43:26,1898.2518305575418,1898.335637493586,1898.2193875927662,1898.2289273612532,100,0,1
2024.06.24,01:43:26,1898.2767047203558,1898.3540842622306,1898.2151748791782,1898.312874291139,100,0,1
2024.06.25,01:43:26,1898.3515486390863,1898.3989056225623,1898.3384465278766,1898.3754591081624,100,0,1
2024.06.26,01:43:26,1898.2788953827587,1898.360714327289,1898.224971468864,1898.313350957224,100,0,1
2024.06.27,01:43:26,1898.2367952174297,1898.302125186207,1898.1809129925905,1898.2383481649156,100,0,1
2024.06.28,01:43:26,1898.1702141516719,1898.2376669283062,1898.0889273018256,1898.2353156142317,100,0,1
2024.06.29,01:43:26,1898.230067545862,1898.239227892824,1898.1535931774395,1898.2384517023631,100,0,1
2024.06.30,01:43:26,1898.2452216659544,1898.2928543711987,1898.1841459249022,1898.191582521346,100,0,1
2024.07.01,01:43:26,1898.2955666780429,1898.343473995099,1898.2770192589276,1898.2851525067492,100,0,1
2024.07.02,01:43:26,1898.3623238371463,1898.4308435893406,1898.3339215313497,1898.3677513624823,100,0,1
2024.07.03,01:43:26,1898.3854835284103,1898.4379404189408,1898.3416740523455,1898.391544381903,100,0,1
2024.07.04,01:43:26,1898.35098809701,1898.404923188171,1898.2942922509749,1898.3808544627684,100,0,1
2024.07.05,01:43:26,1898.3072853267063,1898.3748260558418,1898.2205845681797,1898.2792932885932,100,0,1
2024.07.06,01:43:26,1898.34223950914,1898.3649776911914,1898.275304911845,1898.3115431145031,100,0,1
2024.07.07,01:43:26,1898.3808988479645,1898.4337699258651,1898.312415491248,1898.4151697478708,100,0,1
2024.07.08,01:43:26,1898.359378643935,1898.4329073884403,1898.30271378832,1898.4001464177356,100,0,1
2024.07.09,01:43:26,1898.3678076022375,1898.4263518699938,1898.3194319857907,1898.349561350599,100,0,1
2024.07.10,01:43:26,1898.4755390052674,1898.4954118201026,1898.3946957440664,1898.4444032762026,100,0,1
2024.07.11,01:43:26,1898.4213638125896,1898.4950961779173,1898.379545231737,1898.4311148164904,100,0,1
2024.07.12,01:43:26,1898.357254372754,1898.414247677949,1898.3247901680445,1898.366202241403,100,0,1
2024.07.13,01:43:26,1898.2528219966628,1898.3055291331093,1898.2091482085975,1898.2400290760518,100,0,1
2024.07.14,01:43:26,1898.2302321501923,1898.261137932421,1898.1894458808597,1898.208532360371,100,0,1
2024.07.15,01:43:26,1898.1657296935277,1898.2306514828422,1898.1329443560753,1898.1684114427817,100,0,1
2024.07.16,01:43:26,1898.149796267666,1898.1536014934284,1898.1092580249335,1898.1115366644892,100,0,1
2024.07.17,01:43:26,1898.075648540877,1898.1072488796492,1898.0285520899695,1898.098951996346,100,0,1
2024.07.18,01:43:26,1898.057616606068,1898.0892292361198,1898.0121847502205,1898.0696338690695,100,0,1
2024.07.19,01:43:26,1898.0526749452015,1898.0755718094026,1898.0217045807392,1898.053803648902,100,0,1
2024.07.20,01:43:26,1898.0628567073534,1898.1406516554728,1898.0499882491713,1898.1336658291464,100,0,1
2024.07.21,01:43:26,1898.0862316537184,1898.1557655765446,1898.0274622105385,1898.0501955779698,100,0,1
2024.07.22,01:43:26,1898.0840780308279,1898.1402586133654,1898.0134245314894,1898.1383326368568,100,0,1
2024.07.23,01:43:26,1898.178489644459,1898.2556988984657,1898.1266115345145,1898.1947295303999,100,0,1
2024.07.24,01:43:26,1898.226986811427,1898.2701728725121,1898.1544564891008,1898.1889917150006,100,0,1
2024.07.25,01:43:26,1898.217049754242,1898.2760556197748,1898.172999641851,1898.2172154542095,100,0,1
2024.07.26,01:43:26,1898.1249670075972,1898.1795714716088,1898.0468283213338,1898.0692875489588,100,0,1
2024.07.27,01:43:26,1898.1261745980348,1898.207706018746,1898.083710598718,1898.1609035374443,100,0,1
2024.07.28,01:43:26,1898.0899137933652,1898.1224840499176,1898.0377767959808,1898.0702239504467,100,0,1
2024.07.29,01:43:26,1898.1719116772836,1898.2185935316186,1898.0993377670227,1898.1627626837774,100,0,1
2024.07.30,01:43:26,1898.2184976570736,1898.2859497939687,1898.1725938019217,1898.1754629097522,100,0,1
2024.07.31,01:43:26,1898.164045191565,1898.2014625390661,1898.1542348842725,1898.1829163852158,100,0,1
2024.08.01,01:43:26,1898.1610608584576,1898.212116575024,1898.1203006665862,1898.170982294661,100,0,1
2024.08.02,01:43:26,1898.0990165475018,1898.1868713537633,1898.074357008733,1898.1789025244561,100,0,1
2024.08.03,01:43:26,1898.1076291948687,1898.195533606124,1898.0726910490016,1898.1535024636294,100,0,1
2024.08.04,01:43:26,1898.0765594375564,1898.0775928767287,1898.011154351184,1898.0202499022678,100,0,1
2024.08.05,01:43:26,1898.0398369373493,1898.1063519958,1897.9675933219658,1898.0115677454992,100,0,1
2024.08.06,01:43:26,1897.9835073442823,1898.0517901799585,1897.9535477715742,1898.0173901151854,100,0,1
2024.08.07,01:43:26,1898.0279932126184,1898.0883164178106,1897.9957509485112,1898.0271885630848,100,0,1
2024.08.08,01:43:26,1898.0330090960106,1898.1174475860319,1898.0089005697407,1898.108112453448,100,0,1
2024.08.09,01:43:26,1898.104252383128,1898.1359032044957,1898.0376362642353,1898.1259019476536,100,0,1
2024.08.10,01:43:26,1898.1288611729112,1898.151383888881,1898.0868575071233,1898.1427865344174,100,0,1
2024.08.11,01:43:26,1898.1337465674353,1898.1830969005564,1898.1048777518054,1898.13085253761,100,0,1
2024.08.12,01:43:26,1898.1167238352257,1898.1742298351562,1898.0716444485079,1898.1602489474678,100,0,1
2024.08.13,01:43:26,1898.1587425137202,1898.198766829897,1898.0868044177203,1898.1776958145574,100,0,1
2024.08.14,01:43:26,1898.1088500906042,1898.1338459725528,1898.02748095979,1898.034875708349,100,0,1
2024.08.15,01:43:26,1898.1342965178515,1898.1882054394298,1898.0939137502846,1898.1016248824642,100,0,1
2024.08.16,01:43:26,1898.1876549586261,1898.2412466933981,1898.1397510098213,1898.1495074951156,100,0,1
2024.08.17,01:43:26,1898.1475276492752,1898.197499074946,1898.0856115665952,1898.1850372595206,100,0,1
2024.08.18,01:43:26,1898.1604095873902,1898.1864525841984,1898.1089288716382,1898.1583026211679,100,0,1
2024.08.19,01:43:26,1898.1325919640556,1898.191601302393,1898.0679693730367,1898.1439840212959,100,0,1
2024.08.20,01:43:26,1898.1067324549413,1898.165410676921,1898.0731780233793,1898.1389800046175,100,0,1
2024.08.21,01:43:26,1898.0076232500528,1898.0647262888544,1897.9375404521716,1897.9878350702734,100,0,1
2024.08.22,01:43:26,1898.0178877299816,1898.0758104333324,1897.9907820060373,1897.997899630394,100,0,1
2024.08.23,01:43:26,1898.0381804807846,1898.0753544271045,1898.028196942315,1898.045562650614,100,0,1
2024.08.24,01:43:26,1898.033777868598,1898.123456308582,1897.9468313097818,1898.075261477765,100,0,1
2024.08.25,01:43:26,1898.0270484156147,1898.0989848769732,1898.0044591270055,1898.0136604846487,100,0,1
2024.08.26,01:43:26,1897.9651882025014,1898.0109306354584,1897.9076571603323,1897.9876704491505,100,0,1
2024.08.27,01:43:26,1897.9262958274046,1898.0002513246081,1897.85490206601,1897.981195132888,100,0,1
2024.08.28,01:43:26,1897.8173701516605,1897.8699834590827,1897.803104340681,1897.855173131468,100,0,1
2024.08.29,01:43:26,1897.858988784785,1897.9030078276937,1897.835400985979,1897.8424113307124,100,0,1
2024.08.30,01:43:26,1897.8079064757746,1897.8274985859437,1897.737494888776,1897.7582185503704,100,0,1
2024.08.31,01:43:26,1897.864930963601,1897.87582144135,1897.847122997052,1897.8536947975833,100,0,1
2024.09.01,01:43:26,1897.8565336328134,1897.9263988827286,1897.7971110320495,1897.9133214490769,100,0,1
2024.09.02,01:43:26,1897.8696933102087,1897.9436525433798,1897.8209617508896,1897.910292126428,100,0,1
2024.09.03,01:43:26,1897.8725189570168,1897.9531955357388,1897.8390481235986,1897.890438045824,100,0,1
2024.09.04,01:43:26,1897.8734855852454,1897.906133672348,1897.8239665851434,1897.8734012007537,100,0,1
2024.09.05,01:43:26,1897.8351505002504,1897.89875924328,1897.8033164665098,1897.8762272133933,100,0,1
2024.09.06,01:43:26,1897.899667557756,1897.934341078059,1897.838751552503,1897.931746200839,100,0,1
2024.09.07,01:43:26,1897.8676653608136,1897.9229637460749,1897.8017081327562,1897.8603630738874,100,0,1
2024.09.08,01:43:26,1897.9078763077578,1897.9736099304291,1897.887307405545,1897.9388517488514,100,0,1
2024.09.09,01:43:26,1897.8251644883253,1897.8826395750723,1897.7723376427982,1897.785162444649,100,0,1
2024.09.10,01:43:26,1897.8031444858673,1897.8573807256346,1897.769850891353,1897.8559923034418,100,0,1
2024.09.11,01:43:26,1897.8343244159012,1897.8349814097617,1897.7821267554418,1897.803349449044,100,0,1
2024.09.12,01:43:26,1897.7596208765149,1897.827975445876,1897.6947544176412,1897.8262199849657,100,0,1
2024.09.13,01:43:26,1897.7818611416676,1897.8268643020742,1897.7165722391148,1897.7664493919272,100,0,1
2024.09.14,01:43:26,1897.757619055696,1897.815900028844,1897.7088680678912,1897.7989179465965,100,0,1
2024.09.15,01:43:26,1897.7263101525975,1897.7576394997864,1897.6764034316648,1897.7240152698798,100,0,1
2024.09.16,01:43:26,1897.6887961020389,1897.7363841186666,1897.665507414438,1897.7205155109973,100,0,1
2024.09.17,01:43:26,1897.6135279517364,1897.6618530736162,1897.5718365560774,1897.5884010317318,100,0,1
2024.09.18,01:43:26,1897.571201382982,1897.6383075939939,1897.5298597679002,1897.5510402421114,100,0,1
2024.09.19,01:43:26,1897.5465607271503,1897.6036256969676,1897.4905528019863,1897.5619513562172,100,0,1
2024.09.20,01:43:26,1897.5470888329116,1897.57601284947,1897.4746911357608,1897.558745777725,100,0,1
2024.09.21,01:43:26,1897.6034179132664,1897.6503873686004,1897.5475963507927,1897.6136576097688,100,0,1
2024.09.22,01:43:26,1897.5797318172479,1897.6548965549778,1897.507522082792,1897.534429144719,100,0,1
2024.09.23,01:43:26,1897.5789939335825,1897.5996166884859,1897.544474169366,1897.5950513008106,100,0,1
2024.09.24,01:43:26,1897.550611572465,1897.5846764572448,1897.5260002091868,1897.5431245829561,100,0,1
2024.09.25,01:43:26,1897.4608549173167,1897.5225340668821,1897.4126530412536,1897.4841924550547,100,0,1
2024.09.26,01:43:26,1897.5080210047042,1897.5457569771904,1897.4858506187848,1897.5007617326423,100,0,1
2024.09.27,01:43:26,1897.4823930919574,1897.5206242809375,1897.4113373114017,1897.4940159864966,100,0,1
2024.09.28,01:43:26,1897.5145972444448,1897.5577564201076,1897.4440141565724,1897.5143911368873,100,0,1
2024.09.29,01:43:26,1897.5485735719515,1897.6003192853207,1897.4997041418924,1897.5910609649209,100,0,1
2024.09.30,01:43:26,1897.474525890005,1897.5189915285011,1897.4361901787022,1897.4455061461717,100,0,1
2024.10.01,01:43:26,1897.5016889710535,1897.558361502067,1897.4210870400557,1897.5364210919547,100,0,1
2024.10.02,01:43:26,1897.437079043306,1897.488478634692,1897.4203528407343,1897.469546361972,100,0,1
2024.10.03,01:43:26,1897.4125014115161,1897.4662724165712,1897.3477492273325,1897.360270061342,100,0,1
2024.10.04,01:43:26,1897.3759900451169,1897.4129315816442,1897.3261010349265,1897.3383221495453,100,0,1
2024.10.05,01:43:26,1897.4359720390303,1897.4711280436773,1897.4151042848512,1897.4291401961634,100,0,1
2024.10.06,01:43:26,1897.4941984616582,1897.580543297925,1897.486670775682,1897.5395476634155,100,0,1
2024.10.07,01:43:26,1897.5115257898842,1897.537294614894,1897.4710653056616,1897.5258246666556,100,0,1
2024.10.08,01:43:26,1897.56188047012,1897.6174801042696,1897.538538692939,1897.5832705893706,100,0,1
2024.10.09,01:43:26,1897.6392033272896,1897.6960171323478,1897.5744460581047,1897.5888362631908,100,0,1
2024.10.10,01:43:26,1897.5996988671282,1897.6280507375825,1897.5313626212824,1897.5475680663392,100,0,1
2024.10.11,01:43:26,1897.6435331812415,1897.6761602225683,1897.5971704052347,1897.6032399704914,100,0,1
2024.10.12,01:43:26,1897.6251590026368,1897.6543478102003,1897.5990288088856,1897.6403665238715,100,0,1
2024.10.13,01:43:26,1897.6658043728844,1897.7004853062292,1897.637517131875,1897.6482035324834,100,0,1
2024.10.14,01:43:26,1897.6765131539253,1897.7434476053977,1897.62698308073,1897.7051143494907,100,0,1
2024.10.15,01:43:26,1897.6465037754879,1897.6634381885974,1897.6007468779906,1897.6476257197974,100,0,1
2024.10.16,01:43:26,1897.6567731372286,1897.7016627857638,1897.5537708271931,1897.6833136374696,100,0,1
2024.10.17,01:43:26,1897.6242927970386,1897.7028454530937,1897.563353588814,1897.5687232137152,100,0,1
2024.10.18,01:43:26,1897.643509489146,1897.6855923391038,1897.5981328872783,1897.6123850439576,100,0,1
2024.10.19,01:43:26,1897.573318461092,1897.5962611389907,1897.5550056479738,1897.5630210393178,100,0,1
2024.10.20,01:43:26,1897.6077645482576,1897.6441688982593,1897.5832753965838,1897.6232575692038,100,0,1
2024.10.21,01:43:26,1897.576096395783,1897.5845130984235,1897.5039470466006,1897.5272510149946,100,0,1
2024.10.22,01:43:26,1897.591385030601,1897.640561775002,1897.542276442009,1897.5994441986768,100,0,1
2024.10.23,01:43:26,1897.5690908196095,1897.613084747279,1897.49620832358,1897.5581234723295,100,0,1
2024.10.24,01:43:26,1897.550775666217,1897.5547226990777,1897.498737107454,1897.5357242991695,100,0,1
2024.10.25,01:43:26,1897.595230244196,1897.6888763788345,1897.5636597455175,1897.6476564299307,100,0,1
2024.10.26,01:43:26,1897.506880350576,1897.5408352387126,1897.4635159360378,1897.4986916609025,100,0,1
2024.10.27,01:43:26,1897.5280896859217,1897.615703022523,1897.4846813693116,1897.5380144378973,100,0,1
2024.10.28,01:43:26,1897.5331189751357,1897.5482618370459,1897.4817768915148,1897.5233002251678,100,0,1
2024.10.29,01:43:26,1897.5469321358034,1897.5932276522008,1897.5040837469687,1897.5503310086954,100,0,1
2024.10.30,01:43:26,1897.5223123483554,1897.597360912852,1897.459895087975,1897.5939506517363,100,0,1
2024.10.31,01:43:26,1897.471202967817,1897.5269894361497,1897.3997758736803,1897.5048169618767,100,0,1
2024.11.01,01:43:26,1897.4272721660361,1897.4808058526448,1897.3826256124855,1897.435286200036,100,0,1
2024.11.02,01:43:26,1897.3611699972414,1897.40008695059,1897.3136363186998,1897.3925028652268,100,0,1
2024.11.03,01:43:26,1897.3580890121548,1897.4196101506604,1897.2943701498089,1897.3235576731918,100,0,1
2024.11.04,01:43:26,1897.3715698371243,1897.4183523843021,1897.3527259229843,1897.371787715548,100,0,1
2024.11.05,01:43:26,1897.4332262807154,1897.4884511587286,1897.34868289203,1897.3603652635527,100,0,1
2024.11.06,01:43:26,1897.407821596086,1897.4514346524666,1897.3395684708073,1897.39969494468,100,0,1
2024.11.07,01:43:26,1897.2977400352522,1897.3720760234328,1897.2260590189273,1897.361536259795,100,0,1
2024.11.08,01:43:26,1897.2302473877287,1897.2754630861878,1897.1834551591105,1897.23355504614,100,0,1
2024.11.09,01:43:26,1897.2968389844016,1897.3161023099508,1897.2528817538005,1897.311494859649,100,0,1
2024.11.10,01:43:26,1897.3566691172734,1897.3968766821288,1897.3092730829576,1897.3175689175466,100,0,1
2024.11.11,01:43:26,1897.3078365653025,1897.3532998907353,1897.2586669433708,1897.2732205496286,100,0,1
2024.11.12,01:43:26,1897.2861196184185,1897.3594764281038,1897.2164585642295,1897.2309470531322,100,0,1
2024.11.13,01:43:26,1897.252107928073,1897.2755850434505,1897.2189844413645,1897.2449881528078,100,0,1
2024.11.14,01:43:26,1897.2830215354934,1897.353652099157,1897.246045194894,1897.3527424831732,100,0,1
2024.11.15,01:43:26,1897.2236734206472,1897.280188384415,1897.1738311772813,1897.1766276324431,100,0,1
2024.11.16,01:43:26,1897.2203798029702,1897.2755948809981,1897.1674922635805,1897.1756553064854,100,0,1
2024.11.17,01:43:26,1897.1991216297447,1897.247716370973,1897.146614271303,1897.1851748880756,100,0,1
2024.11.18,01:43:26,1897.2252943430904,1897.2880413739176,1897.1522664671638,1897.179944029008,100,0,1
2024.11.19,01:43:26,1897.1451625045809,1897.1891563347385,1897.0683054258207,1897.1634148733995,100,0,1
2024.11.20,01:43:26,1897.0072904347746,1897.0762132486898,1896.937942878886,1897.0093656749714,100,0,1
2024.11.21,01:43:26,1896.9124647241117,1896.9249505106534,1896.8527422099753,1896.9229156235403,100,0,1
2024.11.22,01:43:26,1896.960335530614,1897.0218308438866,1896.8998049983463,1897.011571737883,100,0,1
2024.11.23,01:43:26,1896.9119296149122,1896.9671830044128,1896.8295738169547,1896.9283480616484,100,0,1
2024.11.24,01:43:26,1896.824714829296,1896.840128876478,1896.7984143407334,1896.8390440717606,100,0,1
2024.11.25,01:43:26,1896.8768674529713,1896.968176325026,1896.8244199244427,1896.8664910396067,100,0,1
2024.11.26,01:43:26,1896.8099105641359,1896.8356816119967,1896.7514640561055,1896.767246104804,100,0,1
2024.11.27,01:43:26,1896.811819347849,1896.8570486869967,1896.800419060594,1896.8014973002464,100,0,1
2024.11.28,01:43:26,1896.7967391856807,1896.8642380487795,1896.7635718395393,1896.8553574942707,100,0,1
2024.11.29,01:43:26,1896.6330781424795,1896.728295372471,1896.5896079783176,1896.6604271198669,100,0,1
2024.11.30,01:43:26,1896.6066628606404,1896.6511885280456,1896.5554214430683,1896.5915433789883,100,0,1
2024.12.01,01:43:26,1896.5861585523278,1896.6404662701566,1896.5241689390307,1896.5841107189774,100,0,1
2024.12.02,01:43:26,1896.6023216873928,1896.6517582025995,1896.5368682977435,1896.609040238757,100,0,1
2024.12.03,01:43:26,1896.5701946090346,1896.606952605463,1896.5235875691546,1896.559773345816,100,0,1
2024.12.04,01:43:26,1896.5467947303414,1896.5995410433675,1896.484452757928,1896.5037568806001,100,0,1
2024.12.05,01:43:26,1896.518009097082,1896.5623467924092,1896.4712040173283,1896.5564107888638,100,0,1
2024.12.06,01:43:26,1896.5738705657677,1896.6223335036486,1896.5057345158734,1896.5421743873176,100,0,1
2024.12.07,01:43:26,1896.6652763002794,1896.701559011339,1896.5936629464393,1896.6993902526735,100,0,1
2024.12.08,01:43:26,1896.6786821706037,1896.7158772252517,1896.6480633328047,1896.7146056829365,100,0,1
2024.12.09,01:43:26,1896.7483189652303,1896.7985068272155,1896.7152066446972,1896.7446878380827,100,0,1
2024.12.10,01:43:26,1896.729202709902,1896.7957170121724,1896.6932217631331,1896.7717361875716,100,0,1
2024.12.11,01:43:26,1896.7873470395705,1896.7964400790142,1896.714688648552,1896.7198381156122,100,0,1
2024.12.12,01:43:26,1896.7217531174488,1896.7440387799832,1896.6598720621826,1896.6806514841446,100,0,1
2024.12.13,01:43:26,1896.7339488932976,1896.8044810253475,1896.6927182338484,1896.7783932172567,100,0,1
2024.12.14,01:43:26,1896.7059967566577,1896.7488038880479,1896.6680839815301,1896.7345647654556,100,0,1
2024.12.15,01:43:26,1896.7003703603996,1896.7554453980188,1896.6732418376291,1896.7079626597215,100,0,1
2024.12.16,01:43:26,1896.6230009223802,1896.6871066223725,1896.5668382642182,1896.6378917671345,100,0,1
2024.12.17,01:43:26,1896.732807276223,1896.7948762681456,1896.6368090986264,1896.659611675302,100,0,1
2024.12.18,01:43:26,1896.7705048064333,1896.8476656832959,1896.6859056287842,1896.7700905500126,100,0,1
2024.12.19,01:43:26,1896.8020303461644,1896.8668331320284,1896.738800040407,1896.7692428288549,100,0,1
2024.12.20,01:43:26,1896.9241434467617,1896.9469185159762,1896.8888639938539,1896.9280846439835,100,0,1
2024.12.21,01:43:26,1896.8838451487409,1896.915746629548,1896.8345710855435,1896.8818948118183,100,0,1
2024.12.22,01:43:26,1896.8529085788282,1896.9069534958405,1896.7678663955044,1896.8139036529917,100,0,1
2024.12.23,01:43:26,1896.8577587618395,1896.9335573160497,1896.8163023503962,1896.916007275911,100,0,1
2024.12.24,01:43:26,1896.7960568662966,1896.8519630523674,1896.7690263478414,1896.8161395093584,100,0,1
2024.12.25,01:43:26,1896.6980057575945,1896.7374078237026,1896.6275920034082,1896.729999757758,100,0,1
2024.12.26,01:43:26,1896.588717186677,1896.6339465714198,1896.539169090088,1896.5894140900286,100,0,1
2024.12.27,01:43:26,1896.6058432355642,1896.6521796226825,1896.522632454252,1896.614942111233,100,0,1
2024.12.28,01:43:26,1896.570118815978,1896.5775302915195,1896.4938989454372,1896.5115880701344,100,0,1
2024.12.29,01:43:26,1896.5744108966635,1896.6070879672716,1896.5114210775253,1896.5282021964795,100,0,1
2024.12.30,01:43:26,1896.442764088869,1896.4769224850627,1896.3807142034366,1896.4250131770063,100,0,1
2024.12.31,01:43:26,1896.484801224524,1896.5308241307368,1896.4560966110175,1896.4672080379642,100,0,1
2025.01.01,01:43:26,1896.409581533937,1896.47895042254,1896.3348993143945,1896.3857682942967,100,0,1
2025.01.02,01:43:26,1896.3636104706861,1896.4204420623626,1896.3430594983515,1896.3437360467715,100,0,1
2025.01.03,01:43:26,1896.2937012473787,1896.3123779164648,1896.232958292425,1896.2507000124476,100,0,1
2025.01.04,01:43:26,1896.2411209336879,1896.3355308054247,1896.1840385184764,1896.2897223280293,100,0,1
2025.01.05,01:43:26,1896.212660448835,1896.2533333929946,1896.1746833254185,1896.2422072502031,100,0,1
2025.01.06,01:43:26,1896.2793277763983,1896.3348827589916,1896.2289568666738,1896.3150270762878,100,0,1
2025.01.07,01:43:26,1896.2454896147678,1896.3102917800722,1896.1872968359316,1896.1983835231117,100,0,1
2025.01.08,01:43:26,1896.301684747184,1896.3597056136716,1896.256137946025,1896.32015469445,100,0,1
2025.01.09,01:43:26,1896.2316070259742,1896.3051192086855,1896.176060221592,1896.1792348438553,100,0,1
2025.01.10,01:43:26,1896.2682368608678,1896.3263057833515,1896.2338396446248,1896.3065186288675,100,0,1
2025.01.11,01:43:26,1896.328588799875,1896.369048773673,1896.256667470474,1896.2693343446415,100,0,1
2025.01.12,01:43:26,1896.3347617633963,1896.3571543713792,1896.3081785749107,1896.35003666768,100,0,1
2025.01.13,01:43:26,1896.2919909457473,1896.3532758209833,1896.2355416243608,1896.2419116970566,100,0,1
2025.01.14,01:43:26,1896.2458863424094,1896.2924586433783,1896.1898626266816,1896.2245549336476,100,0,1
2025.01.15,01:43:26,1896.343292359924,1896.3787451447622,1896.3217066396985,1896.3450092257738,100,0,1
2025.01.16,01:43:26,1896.296942287943,1896.3368066151559,1896.2433084892637,1896.2874457217297,100,0,1
2025.01.17,01:43:26,1896.2651402481943,1896.3474061412983,1896.2271758209245,1896.2956140454896,100,0,1
2025.01.18,01:43:26,1896.17386262889,1896.218436685081,1896.102323650721,1896.1313901292049,100,0,1
2025.01.19,01:43:26,1896.2376439379555,1896.2842635151483,1896.1865972550715,1896.275913092337,100,0,1
2025.01.20,01:43:26,1896.2369450949052,1896.320947732519,1896.1849047892442,1896.2038444192888,100,0,1
2025.01.21,01:43:26,1896.3246690056535,1896.3422005680388,1896.2563780352655,1896.32838266512,100,0,1
2025.01.22,01:43:26,1896.237734549623,1896.2908508150163,1896.1490995173854,1896.2577282779318,100,0,1
2025.01.23,01:43:26,1896.2624797911533,1896.2872073275778,1896.1896859018282,1896.191390730614,100,0,1
2025.01.24,01:43:26,1896.3150699460275,1896.3788624963656,1896.2798094875,1896.3652683670068,100,0,1
2025.01.25,01:43:26,1896.2924002184184,1896.3390407157926,1896.235710765371,1896.330874569137,100,0,1
2025.01.26,01:43:26,1896.2764733077722,1896.3480272729134,1896.2402011541496,1896.3407599187599,100,0,1
2025.01.27,01:43:26,1896.3041996289876,1896.3691452462624,1896.2346726098515,1896.3603037773166,100,0,1
2025.01.28,01:43:26,1896.3138584904414,1896.3573411360549,1896.2556746617884,1896.273673167959,100,0,1
2025.01.29,01:43:26,1896.1808422290637,1896.2126600837369,1896.150890298322,1896.1994652304763,100,0,1
2025.01.30,01:43:26,1896.1111148368623,1896.1583352820367,1896.0092824110122,1896.1304997342959,100,0,1
2025.01.31,01:43:26,1896.2352875349916,1896.2516058232054,1896.1907297686842,1896.2259890578669,100,0,1
2025.02.01,01:43:26,1896.1998221652743,1896.256968271505,1896.154602032585,1896.176651633379,100,0,1
2025.02.02,01:43:26,1896.2899423407255,1896.3504680254405,1896.2525231579164,1896.2798370344772,100,0,1
2025.02.03,01:43:26,1896.2922454694467,1896.3591186602455,1896.2705053955597,1896.273109989722,100,0,1
2025.02.04,01:43:26,1896.3305843503952,1896.3503215460219,1896.3058344336018,1896.3354681181181,100,0,1
2025.02.05,01:43:26,1896.3377853279085,1896.3719129849612,1896.3292435752358,1896.3535111346255,100,0,1
2025.02.06,01:43:26,1896.332733063101,1896.384704888602,1896.2982969996347,1896.3534193968233,100,0,1
2025.02.07,01:43:26,1896.3991767087211,1896.4440381706333,1896.3558525292456,1896.4141250478046,100,0,1
2025.02.08,01:43:26,1896.4898088161137,1896.5534796652312,1896.4359974966708,1896.4662449805023,100,0,1
2025.02.09,01:43:26,1896.494608068661,1896.5722212004887,1896.4640176385778,1896.535152967778,100,0,1
2025.02.10,01:43:26,1896.5013476152735,1896.5273818012142,1896.462936816058,1896.5104945668193,100,0,1
2025.02.11,01:43:26,1896.532580309925,1896.5694468438503,1896.4828033249403,1896.5121049238885,100,0,1
2025.02.12,01:43:26,1896.561544079144,1896.6191285707557,1896.5193104772657,1896.523061094112,100,0,1
2025.02.13,01:43:26,1896.547163237564,1896.5935703797415,1896.5222977462429,1896.5874220688445,100,0,1
2025.02.14,01:43:26,1896.6091501972921,1896.6162029522898,1896.5408229683223,1896.5994277721695,100,0,1
2025.02.15,01:43:26,1896.6316689962423,1896.6692061609347,1896.5890058090577,1896.6655834466774,100,0,1
2025.02.16,01:43:26,1896.6102320037453,1896.6562036048524,1896.5644694983685,1896.5798135195564,100,0,1
2025.02.17,01:43:26,1896.6311543814368,1896.6960189991528,1896.5949376180738,1896.60508265181,100,0,1
2025.02.18,01:43:26,1896.6304360273289,1896.7223031003264,1896.564390154214,1896.5671367560685,100,0,1
2025.02.19,01:43:26,1896.6111523328375,1896.6596460991966,1896.5490587978811,1896.6256439426506,100,0,1
2025.02.20,01:43:26,1896.598830176445,1896.6574120109608,1896.5501075911886,1896.6410235397113,100,0,1
2025.02.21,01:43:26,1896.6503602442929,1896.6884582906498,1896.5997368317742,1896.631967719717,100,0,1
2025.02.22,01:43:26,1896.654458929741,1896.7020959756326,1896.6075790315595,1896.6097737074206,100,0,1
2025.02.23,01:43:26,1896.5830044901686,1896.630564128913,1896.540232938491,1896.6036814449135,100,0,1
2025.02.24,01:43:26,1896.551004112304,1896.5808749327596,1896.505911178056,1896.5771083327766,100,0,1
2025.02.25,01:43:26,1896.5486820532217,1896.6071978815173,1896.5191624576812,1896.54612065052,100,0,1
2025.02.26,01:43:26,1896.4840298399654,1896.575115458339,1896.4110151747218,1896.5525563232925,100,0,1
2025.02.27,01:43:26,1896.428900535523,1896.497697347677,1896.375688037982,1896.4119640409588,100,0,1
2025.02.28,01:43:26,1896.520780167452,1896.5779576527104,1896.4502415770376,1896.4773606671802,100,0,1
2025.03.01,01:43:26,1896.490412604239,1896.5116017058967,1896.415425173324,1896.4412657622368,100,0,1
2025.03.02,01:43:26,1896.5046415144502,1896.5050383806886,1896.4058358077225,1896.4450193058801,100,0,1
2025.03.03,01:43:26,1896.5472022363892,1896.6101766675813,1896.4993785359018,1896.546866716598,100,0,1
2025.03.04,01:43:26,1896.5004492736941,1896.5267688102308,1896.473428941106,1896.5209684250262,100,0,1
2025.03.05,01:43:26,1896.5255610505412,1896.5735864558967,1896.492276442119,1896.5647245645073,100,0,1
2025.03.06,01:43:26,1896.5080644827194,1896.5668640003087,1896.4735327741469,1896.5102675581063,100,0,1
2025.03.07,01:43:26,1896.5995393117873,1896.6353785713861,1896.5666784205555,1896.6341727457282,100,0,1
2025.03.08,01:43:26,1896.6869059094367,1896.7583511100092,1896.646308846001,1896.715816658572,100,0,1
2025.03.09,01:43:26,1896.6992405525264,1896.759540582712,1896.6321618825161,1896.7109450279802,100,0,1
2025.03.10,01:43:26,1896.7186929850525,1896.778411116276,1896.6556055795897,1896.6907354222262,100,0,1
2025.03.11,01:43:26,1896.7253127580086,1896.766000760979,1896.6900837573946,1896.6971803255715,100,0,1
2025.03.12,01:43:26,1896.6835969732767,1896.7686951700225,1896.6089479019652,1896.6505260625324,100,0,1
2025.03.13,01:43:26,1896.7488585771869,1896.7995192283363,1896.6916670541136,1896.7691268147596,100,0,1
2025.03.14,01:43:26,1896.8231491568883,1896.891365215936,1896.7557141936923,1896.853822235444,100,0,1
2025.03.15,01:43:26,1896.818210019625,1896.8488185580998,1896.7837543716776,1896.8218206653464,100,0,1
2025.03.16,01:43:26,1896.8344724162644,1896.8351305554434,1896.792637503703,1896.802540581353,100,0,1
2025.03.17,01:43:26,1896.8304788685095,1896.883034164471,1896.776296741049,1896.8814743347382,100,0,1
2025.03.18,01:43:26,1896.797155017806,1896.8677260428876,1896.7396684558355,1896.7404572523496,100,0,1
2025.03.19,01:43:26,1896.7929174735523,1896.8734270569948,1896.7136961495146,1896.8688518691729,100,0,1
2025.03.20,01:43:26,1896.8298905128906,1896.9098233166033,1896.7585511565999,1896.8954779507098,100,0,1
2025.03.21,01:43:26,1896.8153390603934,1896.8556220159398,1896.7548135751606,1896.8396386663137,100,0,1
2025.03.22,01:43:26,1896.859538015061,1896.8691131701598,1896.7892303972048,1896.8041262278578,100,0,1
2025.03.23,01:43:26,1896.916849539779,1896.9367345396051,1896.8485165097613,1896.8593295241697,100,0,1
2025.03.24,01:43:26,1896.8992886370868,1896.944295924139,1896.8369115767114,1896.9067168055683,100,0,1
2025.03.25,01:43:26,1896.9045834691908,1896.9434377745015,1896.8656088697705,1896.8834111844965,100,0,1
2025.03.26,01:43:26,1896.973133597692,1896.9816354271393,1896.911083734991,1896.9501589929848,100,0,1
2025.03.27,01:43:26,1896.9002500817796,1896.9496674256516,1896.8797457453231,1896.9024378697889,100,0,1
2025.03.28,01:43:26,1896.8652803490268,1896.927553921959,1896.8156044912917,1896.8656044635395,100,0,1
2025.03.29,01:43:26,1896.8578775456178,1896.9062434480009,1896.804580292295,1896.8542252238308,100,0,1
2025.03.30,01:43:26,1896.8439563344166,1896.9101622779613,1896.8024635819813,1896.8192749703803,100,0,1
2025.03.31,01:43:26,1896.8072374027897,1896.852550134532,1896.7599198712876,1896.825932720986,100,0,1
2025.04.01,01:43:26,1896.7592644873075,1896.8172686309263,1896.6697258357146,1896.715853841801,100,0,1
2025.04.02,01:43:26,1896.7783119414967,1896.8421432165317,1896.7511277259878,1896.8304723631882,100,0,1
2025.04.03,01:43:26,1896.8004149559797,1896.8353539274615,1896.756045144798,1896.8234745798425,100,0,1
2025.04.04,01:43:26,1896.9075502575188,1896.954157480296,1896.891669761017,1896.894918510766,100,0,1
2025.04.05,01:43:26,1896.8772277543146,1896.926050031546,1896.8155657855605,1896.823556929313,100,0,1
2025.04.06,01:43:26,1896.8911294596512,1896.9450611384354,1896.8803210539847,1896.8894392824466,100,0,1
2025.04.07,01:43:26,1896.8902097548414,1896.9253886199629,1896.8502622886367,1896.9074539251187,100,0,1
2025.04.08,01:43:26,1896.8813011444993,1896.9290231902135,1896.8083152107608,1896.910906544323,100,0,1
2025.04.09,01:43:26,1896.8018484587483,1896.8926990417203,1896.7566159446255,1896.8736116544228,100,0,1
2025.04.10,01:43:26,1896.8310134447975,1896.87467886644,1896.7993893752978,1896.8653025079047,100,0,1
2025.04.11,01:43:26,1896.8573784763855,1896.9113099863318,1896.831362554876,1896.868056023233,100,0,1
2025.04.12,01:43:26,1896.8777935407588,1896.9616720428476,1896.8064894400347,1896.9213245134763,100,0,1
2025.04.13,01:43:26,1896.9718780809185,1897.0288368534043,1896.9372995867143,1896.9937828722864,100,0,1
2025.04.14,01:43:26,1896.8750766074138,1896.9605988643896,1896.8264398433612,1896.9353567021599,100,0,1
2025.04.15,01:43:26,1896.8575074841287,1896.8934743215937,1896.8126932455446,1896.8582810780683,100,0,1
2025.04.16,01:43:26,1896.8211751932524,1896.883241619343,1896.7612348541372,1896.8705110465737,100,0,1
2025.04.17,01:43:26,1896.8497742417171,1896.932229588191,1896.797392223689,1896.8658113189533,100,0,1
2025.04.18,01:43:26,1896.8780854454312,1896.9316430848407,1896.8587604423617,1896.8883775416236,100,0,1
2025.04.19,01:43:26,1896.8492494891943,1896.914772951119,1896.8063871441182,1896.868290439701,100,0,1
2025.04.20,01:43:26,1896.8238582374527,1896.8531255738972,1896.7803693824915,1896.8025581392037,100,0,1
2025.04.21,01:43:26,1896.8214322161373,1896.8506992598168,1896.752588421894,1896.7732233882316,100,0,1
2025.04.22,01:43:26,1896.8196446332308,1896.8963521432363,1896.7604620259729,1896.7887291901968,100,0,1
2025.04.23,01:43:26,1896.9320081166318,1896.9766092105965,1896.8913554436992,1896.8972859023595,100,0,1
2025.04.24,01:43:26,1896.9491152308622,1896.9985508957782,1896.908889985493,1896.930133599606,100,0,1
2025.04.25,01:43:26,1896.8908595388218,1896.923672034547,1896.8391708045451,1896.8804184085195,100,0,1
2025.04.26,01:43:26,1896.9055881081551,1896.9572089669518,1896.8375484470575,1896.867042409462,100,0,1
2025.04.27,01:43:26,1896.8771945615538,1896.9242164926052,1896.8057379893794,1896.9178369474773,100,0,1
2025.04.28,01:43:26,1896.8792791915907,1896.9463673918774,1896.8255620506034,1896.862919531082,100,0,1
2025.04.29,01:43:26,1896.8038979698465,1896.8386438445687,1896.762200816334,1896.8384073145455,100,0,1
2025.04.30,01:43:26,1896.8534216406194,1896.859654919283,1896.8484430566998,1896.858314938396,100,0,1
2025.05.01,01:43:26,1896.8177900662015,1896.8381187804991,1896.7518354973695,1896.7757639223078,100,0,1
2025.05.02,01:43:26,1896.8374066366466,1896.8678892408216,1896.8001117631827,1896.8335466440174,100,0,1
2025.05.03,01:43:26,1896.7581318587286,1896.8174285627365,1896.7059947132868,1896.7572137955044,100,0,1
2025.05.04,01:43:26,1896.777535399151,1896.818893646182,1896.7562225456115,1896.7923556072333,100,0,1
2025.05.05,01:43:26,1896.7969898254375,1896.8663394988325,1896.7242032744336,1896.7411741190374,100,0,1
2025.05.06,01:43:26,1896.705785727236,1896.7680955042713,1896.679115697703,1896.7217985282423,100,0,1
2025.05.07,01:43:26,1896.7129917063169,1896.7818646555613,1896.6632383693056,1896.6792276620502,100,0,1
2025.05.08,01:43:26,1896.5933281089451,1896.6360721526096,1896.536201786158,1896.5837989046536,100,0,1
2025.05.09,01:43:26,1896.679665377842,1896.7043267004174,1896.6608576105607,1896.6640802883915,100,0,1
2025.05.10,01:43:26,1896.6341540507694,1896.6890214547484,1896.5454846243222,1896.6264405910947,100,0,1
2025.05.11,01:43:26,1896.62847982244,1896.6988961557647,1896.5533944256063,1896.6027350939548,100,0,1
2025.05.12,01:43:26,1896.6008654090213,1896.6673367075523,1896.5755067865173,1896.6521718242516,100,0,1
2025.05.13,01:43:26,1896.6042925918239,1896.643547395525,1896.5705905592783,1896.5874296884767,100,0,1
2025.05.14,01:43:26,1896.5824731014354,1896.6158588912715,1896.5313474829002,1896.5650292240373,100,0,1
2025.05.15,01:43:26,1896.678531053021,1896.7323938036488,1896.6340850785532,1896.6530521173365,100,0,1
2025.05.16,01:43:26,1896.612442754286,1896.6376760596002,1896.5756395112453,1896.604187865501,100,0,1
2025.05.17,01:43:26,1896.5131984003353,1896.5643203224686,1896.4943027342067,1896.5137143835238,100,0,1
2025.05.18,01:43:26,1896.5523499987507,1896.5824054156803,1896.5027367199116,1896.5470690065088,100,0,1
2025.05.19,01:43:26,1896.5748677416914,1896.6232859756954,1896.5157218771335,1896.5849879348082,100,0,1
2025.05.20,01:43:26,1896.6037079293726,1896.6434440837354,1896.5474949640652,1896.612869686392,100,0,1
2025.05.21,01:43:26,1896.590879377214,1896.6649280199947,1896.498690063134,1896.6207151495446,100,0,1
2025.05.22,01:43:26,1896.621824930526,1896.6873660249676,1896.5805081489677,1896.6184693072632,100,0,1
2025.05.23,01:43:26,1896.6568618014198,1896.715633345512,1896.6474732024171,1896.6734034847275,100,0,1
2025.05.24,01:43:26,1896.6101658681328,1896.6228837542549,1896.5454233919338,1896.5758770809828,100,0,1
2025.05.25,01:43:26,1896.5628603876671,1896.6171310077823,1896.497082134163,1896.5903485566353,100,0,1
2025.05.26,01:43:26,1896.5319202901924,1896.5517953689528,1896.4747732676376,1896.4831714944562,100,0,1
2025.05.27,01:43:26,1896.6101592737239,1896.6897724378007,1896.5654231955443,1896.6422154978122,100,0,1
2025.05.28,01:43:26,1896.6384429125296,1896.7340014263702,1896.5929344285494,1896.6891536348064,100,0,1
2025.05.29,01:43:26,1896.6820867689896,1896.7398507671917,1896.6093164298616,1896.6289469894039,100,0,1
2025.05.30,01:43:26,1896.7574012599694,1896.7924977550297,1896.69604167287,1896.7245748120583,100,0,1
2025.05.31,01:43:26,1896.7623839259547,1896.8188776009533,1896.7075665957493,1896.7677882518128,100,0,1
2025.06.01,01:43:26,1896.8421201263425,1896.9049253995813,1896.8088403421502,1896.8785203319303,100,0,1
2025.06.02,01:43:26,1896.8593070945838,1896.9194894937655,1896.810004540478,1896.9179260567446,100,0,1
2025.06.03,01:43:26,1896.7784371690097,1896.8723357099575,1896.7384623085109,1896.7608276839997,100,0,1
2025.06.04,01:43:26,1896.7347331205888,1896.7856686482164,1896.6783634071655,1896.7836283615534,100,0,1
2025.06.05,01:43:26,1896.7346137980846,1896.8113159453792,1896.6840305116787,1896.789298028236,100,0,1
2025.06.06,01:43:26,1896.660201352372,1896.715374445708,1896.6556944732038,1896.661398900631,100,0,1
2025.06.07,01:43:26,1896.6921008312324,1896.7582608574387,1896.6376219011415,1896.7578190170577,100,0,1
2025.06.08,01:43:26,1896.67851485819,1896.740283690907,1896.6587939986282,1896.6724810673077,100,0,1
2025.06.09,01:43:26,1896.696590546054,1896.7499225720326,1896.647338352409,1896.7023757744607,100,0,1
2025.06.10,01:43:26,1896.583417673882,1896.60960328146,1896.5232064625081,1896.572598950909,100,0,1
2025.06.11,01:43:26,1896.575876129135,1896.6115486252872,1896.5747121540587,1896.609651336404,100,0,1
2025.06.12,01:43:26,1896.5787862676289,1896.6410907017041,1896.555510039239,1896.6331016887432,100,0,1
2025.06.13,01:43:26,1896.6339048614386,1896.705705183169,1896.5827454334426,1896.6493708818643,100,0,1
2025.06.14,01:43:26,1896.7014067320606,1896.7427914264745,1896.6654283446544,1896.7125696239145,100,0,1
2025.06.15,01:43:26,1896.7625852546741,1896.823351987865,1896.6855971787309,1896.7782540016944,100,0,1
2025.06.16,01:43:26,1896.8329843078216,1896.8945213715278,1896.7595803399934,1896.802701864338,100,0,1
2025.06.17,01:43:26,1896.9428495156951,1896.9970649623092,1896.8983086727026,1896.9392839933284,100,0,1
2025.06.18,01:43:26,1896.8823048118566,1896.9236954087053,1896.802913122884,1896.8735674875782,100,0,1
2025.06.19,01:43:26,1896.886802092313,1896.932978058393,1896.841090972493,1896.9121562181124,100,0,1
2025.06.20,01:43:26,1896.9249900692093,1896.9637319748254,1896.889516221171,1896.9566267062696,100,0,1
2025.06.21,01:43:26,1896.9817914401362,1897.024547913701,1896.895655759365,1896.9344213443044,100,0,1
2025.06.22,01:43:26,1896.955489680085,1897.036445823604,1896.9381924674528,1896.964373159618,100,0,1
2025.06.23,01:43:26,1896.9709117397238,1897.0089596014711,1896.9393235652358,1896.9931590658261,100,0,1
2025.06.24,01:43:26,1896.9999166644648,1897.038588674148,1896.9860040313151,1896.9900852421224,100,0,1
2025.06.25,01:43:26,1896.9673112370097,1896.995338598006,1896.9072108919377,1896.9417511290765,100,0,1
2025.06.26,01:43:26,1896.974135680649,1897.012690432835,1896.941191904515,1896.9901820604784,100,0,1
2025.06.27,01:43:26,1896.9767285677606,1896.9919371271535,1896.9178540259206,1896.9891718033941,100,0,1
2025.06.28,01:43:26,1896.9141312977467,1896.9719029371815,1896.868835909878,1896.96369467288,100,0,1
2025.06.29,01:43:26,1896.883758624837,1896.9365512277082,1896.8280942576046,1896.9089469587284,100,0,1
2025.06.30,01:43:26,1896.9138076853499,1896.9227670240027,1896.8682523643188,1896.8934107791667,100,0,1
2025.07.01,01:43:26,1896.9277288609146,1896.9987482152628,1896.8547674100637,1896.9600277137642,100,0,1
2025.07.02,01:43:26,1896.9733298797319,1897.001302272808,1896.9198238418396,1896.983042397393,100,0,1
2025.07.03,01:43:26,1897.0515176832193,1897.0875697858735,1896.9945958614628,1897.03605164535,100,0,1
2025.07.04,01:43:26,1897.1255761411803,1897.1396219139897,1897.032776686457,1897.108694964376,100,0,1
2025.07.05,01:43:26,1897.1949391139153,1897.2550735525708,1897.111938948319,1897.1121051458053,100,0,1
2025.07.06,01:43:26,1897.1414560175629,1897.164336545232,1897.1098877425486,1897.1129620881345,100,0,1
2025.07.07,01:43:26,1897.1418703008492,1897.2120021394157,1897.072506214688,1897.115755809865,100,0,1
2025.07.08,01:43:26,1897.0326380320594,1897.0697658810498,1897.0041967278498,1897.012249384302,100,0,1
2025.07.09,01:43:26,1897.081468033846,1897.1421031946443,1897.0267796085645,1897.0488020990024,100,0,1
2025.07.10,01:43:26,1897.0881159713222,1897.1786080337106,1897.038610287882,1897.1297342881057,100,0,1
2025.07.11,01:43:26,1897.123885854662,1897.200629206493,1897.1174274114685,1897.1969526686003,100,0,1
2025.07.12,01:43:26,1897.0551796903937,1897.1294715377362,1897.0181729296146,1897.1269374751434,100,0,1
2025.07.13,01:43:26,1897.0441326850118,1897.1081706668408,1897.0064135435741,1897.1051019642887,100,0,1
2025.07.14,01:43:26,1897.0984413482595,1897.1823796641493,1897.0562538858092,1897.110198740659,100,0,1
2025.07.15,01:43:26,1897.0160341501944,1897.069485274341,1896.980272905943,1897.05572230966,100,0,1
2025.07.16,01:43:26,1896.9777391901332,1897.0228876001397,1896.9244934536928,1897.0038942568697,100,0,1
2025.07.17,01:43:26,1896.954054239038,1897.0234176364354,1896.90763306124,1896.9329158647656,100,0,1
2025.07.18,01:43:26,1896.969622687642,1896.999094190135,1896.915233044665,1896.965329641372,100,0,1
2025.07.19,01:43:26,1896.9492567375753,1897.0031595444736,1896.8964401051528,1896.9834060204598,100,0,1
2025.07.20,01:43:26,1896.9722871788472,1897.0209647971221,1896.9379406814346,1897.0078832135541,100,0,1
2025.07.21,01:43:26,1896.931961561821,1896.9737345937478,1896.8677272980758,1896.9642784359253,100,0,1
2025.07.22,01:43:26,1896.880850460562,1896.9093024086897,1896.8592626384902,1896.8711025066689,100,0,1
2025.07.23,01:43:26,1896.8646380437426,1896.9223250887978,1896.8288136635322,1896.8597499784262,100,0,1
2025.07.24,01:43:26,1896.901267238148,1896.9810761208166,1896.858806961402,1896.9053197470614,100,0,1
2025.07.25,01:43:26,1896.8048379589263,1896.8567879525563,1896.741589866615,1896.81100970456,100,0,1
2025.07.26,01:43:26,1896.8373180714684,1896.905027077488,1896.8097599570792,1896.8554443123542,100,0,1
2025.07.27,01:43:26,1896.816784222828,1896.858093170005,1896.7629691956677,1896.8441553386929,100,0,1
2025.07.28,01:43:26,1896.8660738442218,1896.882640173591,1896.832056530379,1896.870203340828,100,0,1
2025.07.29,01:43:26,1896.9281140831456,1896.972121938901,1896.9174462660621,1896.9281078452238,100,0,1
2025.07.30,01:43:26,1896.920605381287,1896.993766211332,1896.8859946011128,1896.9464369970863,100,0,1
2025.07.31,01:43:26,1897.0346525094392,1897.0519079251483,1896.9898669188947,1897.0461359630901,100,0,1
2025.08.01,01:43:26,1897.0108415043537,1897.0847885602532,1896.9511075615949,1897.0317278512964,100,0,1
2025.08.02,01:43:26,1897.009867345429,1897.0530482499407,1896.9572332106166,1896.9923847797031,100,0,1
2025.08.03,01:43:26,1896.954406072459,1896.9748486188046,1896.8952733801843,1896.941780334709,100,0,1
2025.08.04,01:43:26,1896.8801152731658,1896.9494695254284,1896.7877702789606,1896.9093408350016,100,0,1
2025.08.05,01:43:26,1896.8708541796525,1896.9406451035295,1896.8239148960974,1896.8590761045689,100,0,1
2025.08.06,01:43:26,1896.8942591363914,1896.953483296033,1896.861253799085,1896.8817114090102,100,0,1
2025.08.07,01:43:26,1896.9128757836863,1896.9736061238714,1896.8503117504124,1896.9389991211397,100,0,1
2025.08.08,01:43:26,1896.9290113396585,1896.9539944820513,1896.8669023379584,1896.8986959783726,100,0,1
2025.08.09,01:43:26,1896.9333172736208,1896.9720403838373,1896.856403474631,1896.9688126765377,100,0,1
2025.08.10,01:43:26,1896.843781292448,1896.8478123692678,1896.771352713916,1896.8436163830263,100,0,1
2025.08.11,01:43:26,1896.932131406178,1896.992265650692,1896.8666949515334,1896.9425443175737,100,0,1
2025.08.12,01:43:26,1896.939235903766,1897.0112248499388,1896.8537835213529,1897.0030817987006,100,0,1
2025.08.13,01:43:26,1896.8134252789587,1896.8814567842614,1896.7727359530952,1896.8078393000226,100,0,1
2025.08.14,01:43:26,1896.7598214742604,1896.8474412746784,1896.685370313475,1896.7092848697512,100,0,1
2025.08.15,01:43:26,1896.7279672592256,1896.7647927669043,1896.678839796054,1896.706334238882,100,0,1
2025.08.16,01:43:26,1896.650392267936,1896.6935409446412,1896.5750376005512,1896.643658837661,100,0,1
2025.08.17,01:43:26,1896.6951640500986,1896.7370515433004,1896.6359824189522,1896.713586970902,100,0,1
2025.08.18,01:43:26,1896.7422890379596,1896.8173671420575,1896.7018523312083,1896.7764299007524,100,0,1
2025.08.19,01:43:26,1896.7901917143522,1896.8125360856045,1896.7202564083582,1896.7825508004116,100,0,1
2025.08.20,01:43:26,1896.7888636822022,1896.8144391467465,1896.7447186109835,1896.7776661129838,100,0,1
2025.08.21,01:43:26,1896.7734894694354,1896.8615177910447,1896.7031421958839,1896.8295357160403,100,0,1
2025.08.22,01:43:26,1896.8918598696173,1896.9319747272898,1896.8549585309156,1896.8663604439096,100,0,1
2025.08.23,01:43:26,1896.8983069446856,1896.9338181481362,1896.8126809271891,1896.868815206103,100,0,1
2025.08.24,01:43:26,1896.8667457491442,1896.9149315575585,1896.8158503576353,1896.9143204913812,100,0,1
2025.08.25,01:43:26,1896.8993768481494,1896.9917066767084,1896.8011978788065,1896.9852906580475,100,0,1
2025.08.26,01:43:26,1896.9440813566423,1896.9747896753618,1896.8652257984422,1896.9196571071764,100,0,1
2025.08.27,01:43:26,1896.9135849228164,1896.942373619595,1896.8641801435185,1896.9304276387472,100,0,1
2025.08.28,01:43:26,1896.93162871817,1896.9850752726304,1896.8536891186868,1896.943604764575,100,0,1
2025.08.29,01:43:26,1896.9701994575364,1897.0517653174004,1896.9052983890365,1896.931899569041,100,0,1
2025.08.30,01:43:26,1896.9416265379864,1897.0065725025245,1896.888067122759,1897.0028189045024,100,0,1
2025.08.31,01:43:26,1896.9383235357348,1897.0260102296652,1896.9028966818141,1896.9773874502823,100,0,1
2025.09.01,01:43:26,1897.0075994511606,1897.0750786416695,1896.9512263118816,1897.0721957866035,100,0,1
2025.09.02,01:43:26,1896.9840971753208,1897.0168481707383,1896.9357231394392,1896.9451063755573,100,0,1
2025.09.03,01:43:26,1897.02267737203,1897.0641469459295,1896.947437462659,1897.0247379410757,100,0,1
2025.09.04,01:43:26,1897.0458324023116,1897.0999206358806,1896.9779708381698,1897.0133258036221,100,0,1
2025.09.05,01:43:26,1897.1190013094417,1897.1425394781124,1897.0703451024713,1897.109440161164,100,0,1
2025.09.06,01:43:26,1897.1984326837069,1897.261226128648,1897.1356259115082,1897.2329115221228,100,0,1
2025.09.07,01:43:26,1897.218730255145,1897.2732888484607,1897.1654518278488,1897.2554101921596,100,0,1
2025.09.08,01:43:26,1897.086786691414,1897.1339925464656,1897.048931681091,1897.118815665767,100,0,1
2025.09.09,01:43:26,1897.0437772190294,1897.0653700366117,1896.9935824089716,1897.0405507589583,100,0,1
2025.09.10,01:43:26,1897.0811728766164,1897.1218277208204,1897.0390858249632,1897.0929296853944,100,0,1
2025.09.11,01:43:26,1897.0284775070654,1897.1059946178584,1897.0055007813112,1897.0055399963867,100,0,1
2025.09.12,01:43:26,1897.1112138645217,1897.1938865582817,1897.0704321992923,1897.1656856339641,100,0,1
2025.09.13,01:43:26,1897.1978301657612,1897.2538495346553,1897.1700327059068,1897.1730280622812,100,0,1
2025.09.14,01:43:26,1897.0929095239223,1897.1370308816558,1897.039940718068,1897.0450474918127,100,0,1
2025.09.15,01:43:26,1897.0818110388266,1897.0956719224953,1897.0080909165265,1897.0225331593947,100,0,1
2025.09.16,01:43:26,1897.0551129347405,1897.08634085575,1897.0254457415344,1897.02998103213,100,0,1
2025.09.17,01:43:26,1897.064043419044,1897.1295819534746,1897.0251717986257,1897.0388491262065,100,0,1
2025.09.18,01:43:26,1896.9904924949155,1897.0140158833576,1896.9403786785983,1896.9484523009226,100,0,1
2025.09.19,01:43:26,1896.9147058143133,1896.955333144348,1896.8733604701795,1896.9309986311318,100,0,1
2025.09.20,01:43:26,1896.927974831432,1896.9747323326133,1896.9081942497653,1896.9618115429016,100,0,1
2025.09.21,01:43:26,1897.020834001312,1897.086205454501,1896.9884376887953,1897.0620822437743,100,0,1
2025.09.22,01:43:26,1897.0313369010073,1897.0645804669632,1896.970210680021,1897.0492750617475,100,0,1
2025.09.23,01:43:26,1897.0233017924595,1897.0841279996291,1896.999715658074,1897.012885786235,100,0,1
2025.09.24,01:43:26,1897.0039202122684,1897.0272486703393,1896.9711865403533,1896.9893987842588,100,0,1
2025.09.25,01:43:26,1897.0805615093623,1897.1309617182071,1897.002382213072,1897.0451062876211,100,0,1
